n,d_first,d_last,d_mean,d_centroid,tour_len,hop,Rg2,E_excursion,E_tour,E_hover,M,Emax,K,seed,uniform_w
13,185.14879995759392,121.75443024662259,292.6838847832712,218.33267135982072,1418.8512690123462,118.23760575102885,45719.101185467094,2301.7742265316238,10641.384517592596,416.87760104347024,50,100000,3,4474730,1
15,493.6890990026389,152.4944418427394,404.9667459360951,316.04330593594096,1434.6999969008193,102.47857120720138,74960.7322707247,4846.376556340337,10760.249976756146,397.31293231615075,50,100000,3,4474730,1
19,274.7349173874197,156.76310920803283,356.61665581136083,316.03228151249493,1729.038916092986,96.05771756072144,41731.983361327504,3236.235199465894,12967.791870697396,564.7054629665452,50,100000,3,4474730,1
19,587.3787227433144,107.88394399518006,345.00267675528124,239.90991048141234,1735.594781893895,96.42193232743861,74491.90824840835,5214.4700005387085,13016.960864204213,465.2243463709417,50,100000,3,9944578,1
14,376.77545738431616,172.5437409334057,399.78363434923045,335.0343507776635,1182.260325151478,90.94310193472907,58080.30025605209,4119.893987382914,8866.952438636084,426.73879286108536,50,100000,3,9944578,1
15,211.01134558364893,178.28375377544987,353.08106653769676,273.72777514807007,1548.7503523496293,110.62502516783067,65258.6022171974,2919.713245193241,11615.62764262222,401.0882591347643,50,100000,3,9944578,1
15,449.8042890400323,155.49351903369484,335.47030916926843,262.67897860473624,1705.5202964133143,121.82287831523674,54379.36565144766,4539.733560552953,12791.402223099858,409.12153853923394,50,100000,3,9925823,1
11,631.1542508982312,194.15735081237236,358.749174499711,259.04372765771325,1546.178785919714,154.61787859197142,80140.03083168181,6189.837012829526,11596.340894397856,237.6959067774504,50,100000,3,9925823,1
16,499.6374648441456,168.10777912304764,355.72341307657814,145.09142874138752,1758.2169578413166,117.21446385608778,115547.63714414826,5008.08932975395,13186.627183809875,544.9473571546522,50,100000,3,9925823,1
13,396.35804276918094,67.78415834045411,407.0890018838103,365.03350497414425,1373.1860564024291,114.4321713668691,62835.86210870499,3481.066508322263,10298.895423018219,364.5507394118012,50,100000,3,3820097,1
16,544.0113542309882,80.38001333038373,304.866689986003,256.7028714677052,1559.7860706655606,103.9857380443707,50721.33226019452,4682.93525671029,11698.395529991705,417.3353963256569,50,100000,3,3820097,1
13,483.8935970769919,101.20365172999608,353.4934819133184,200.6825884004436,1576.229801680067,131.35248347333894,97751.3598848482,4388.22936605241,11821.723512600503,381.3545843702666,50,100000,3,3820097,1
14,640.978558427567,68.08890671666794,376.3873607313021,354.1612343839922,1391.1079480550736,107.00830369654412,34857.080391382995,5318.005988581762,10433.309610413053,383.0253297914179,50,100000,3,9535879,1
10,552.4027285318269,133.70431831584054,362.9551211332662,279.0624564209143,1192.88628663789,132.54292073754334,75747.31361427253,5145.8028513575055,8946.647149784174,314.78072889594495,50,100000,3,9535879,1
16,612.2964060742055,144.21180827286344,363.63287031444344,315.24698402566116,1187.9636421908572,79.19757614605714,53826.25289387811,5673.811607603017,8909.727316431428,477.3669973540979,50,100000,3,9535879,1
12,448.2547652858508,73.42751706538117,296.56320012331855,268.82776988431146,1418.6367972129817,128.9669815648165,37865.29400218831,3912.6171176342395,10639.775979097363,295.12686825586013,50,100000,3,8271480,1
13,643.7331655318559,78.18233191857247,418.8322840334692,406.3407022558158,1074.2905629654383,89.52421358045319,38389.29417563434,5414.366230878212,8057.179222240788,414.15660263871246,50,100000,3,8271480,1
17,399.75750793389335,87.59077363878522,301.29177048052173,227.91687106896006,1825.9242501900078,114.12026563687549,47452.46418383239,3655.1121117950893,13694.431876425058,450.97132672974584,50,100000,3,8271480,1
15,569.6356332770564,90.41342549758544,412.67122482296367,328.8478898107993,1842.598300842871,131.61416434591936,80031.90992347932,4950.367940809813,13819.487256321532,482.35012277547565,50,100000,3,6394530,1
13,346.51492479508426,94.30083071389777,305.1651395946727,171.34269219256353,1765.389157976898,147.1157631647415,82276.48393849499,3306.118166317365,13240.418684826736,379.4387864797911,50,100000,3,6394530,1
18,534.4105026430018,116.42997160506894,331.03222967617705,277.25911704890115,1721.5781516487618,101.26930303816246,43256.788881716115,4881.30355686053,12911.836137365714,522.0955103864299,50,100000,3,6394530,1
14,389.57999624100347,93.44020521751663,421.79140880306255,365.8541454247449,1748.5372453195707,134.50286502458238,61908.94284812176,3622.6515109389006,13114.02933989678,351.6250186928103,50,100000,3,8372552,1
13,477.1533161802659,95.57982979947124,422.0903879354694,351.79010321012225,1788.033033486625,149.00275279055208,80576.04521560378,4295.498594848029,13410.247751149687,355.37423897129287,50,100000,3,8372552,1
16,280.8106450989128,131.7353038112792,364.68885532921394,322.8511322216149,1807.8917193624504,120.52611462416336,46262.86896937498,3094.09461682644,13559.187895218378,415.8070470219526,50,100000,3,8372552,1
17,608.8139935423845,71.09015932647836,381.78954141798044,340.81803642818056,1976.7049185450574,123.54405740906608,66359.82638797315,5099.281146516471,14825.28688908793,335.2397205944114,50,100000,3,7662622,1
16,316.6386934998007,177.86546642557798,433.93399796191574,357.99278132553036,1827.3195456485348,121.82130304323566,82930.99962885854,3708.78119944034,13704.896592364012,493.69586548891107,50,100000,3,7662622,1
10,342.43325486700735,216.03450209733057,428.3921849942188,318.8043965342508,1830.07081434409,203.3412015937878,94237.65733742676,4188.508177232535,13725.531107580675,310.39994283475795,50,100000,3,7662622,1
14,387.1125230800068,78.53264480063629,376.59559272157907,257.52676790440006,1795.7971401507489,138.13824155005761,94224.49713373907,3492.3387591048227,13468.478551130616,359.9007852540635,50,100000,3,9758090,1
17,383.72127866743637,132.82393647143743,330.0131754677032,76.41942109698515,1772.9811434084534,110.81132146302834,113203.65902886353,3874.0891135415536,13297.3585755634,600.2155256527695,50,100000,3,9758090,1
14,578.1698888936018,145.1777361591754,411.5898188315399,306.5221723148989,1499.1145601777216,115.31650462905552,88830.36947870065,5425.107187895829,11243.359201332913,375.91347132058644,50,100000,3,9758090,1
16,589.2227435594652,42.07030744660153,350.4651753954529,294.8232988143389,1652.041478552543,110.13609857016952,58091.0946311427,4734.697882545501,12390.311089144072,476.95406048943846,50,100000,3,3862201,1
14,271.9601357029048,49.535964741009046,337.57068272871595,252.8901286940227,1837.1042800733533,141.3157138517964,67874.94330622582,2411.2207533293536,13778.28210055015,401.3946851534371,50,100000,3,3862201,1
13,531.6518859888175,65.31229115882662,376.2202774111575,318.90718722117794,1646.7372113787274,137.22810094822728,71672.35464884843,4477.231328607331,12350.529085340455,264.74256205060857,50,100000,3,3862201,1
15,393.1743931088044,112.25548798912229,385.6434549687008,324.1243528502552,1789.0765609248886,127.79118292320632,65499.905629854744,3790.72410823445,13418.074206936664,437.0638267351997,50,100000,3,772250,1
10,493.55423261104187,119.73801162330825,394.1242588520688,267.87271228024525,1813.3782626043776,201.48647362270862,109262.39081741292,4599.6918317576265,13600.336969532833,296.2167092449773,50,100000,3,772250,1
23,370.7459444060427,118.49350034994451,316.9279168298608,250.6842255853104,1631.8118862083522,74.1732675549251,46588.90919518724,3669.295835669904,12238.589146562641,698.477271871293,50,100000,3,772250,1
8,673.5549902060845,121.75443024662259,350.8679430683219,315.06896896134606,1273.9086940461227,181.98695629230323,45823.26883981458,5964.820653395303,9554.31520534592,212.168912550425,50,100000,4,4474730,1
15,493.6890990026389,152.4944418427394,404.9667459360951,316.04330593594096,1434.6999969008193,102.47857120720138,74960.7322707247,4846.376556340337,10760.249976756146,397.31293231615075,50,100000,4,4474730,1
12,322.0643555757218,156.76310920803283,345.1095161787937,316.8780106336454,1154.4800383808595,104.95273076189632,33086.82388185236,3591.20598587816,8658.600287856447,363.37359053896853,50,100000,4,4474730,1
14,648.1678268316606,179.34654506109607,353.8622886388592,346.27923021137343,955.8626196314601,73.52789381780462,24068.463983686204,6206.357789195675,7168.969647235951,471.3881361026089,50,100000,4,4474730,1
18,462.38093174941343,107.88394399518006,331.5373408670572,238.26443972596692,1391.3989084445177,81.84699461438339,63447.33623901427,4276.986568084451,10435.491813333883,429.69819638072175,50,100000,4,9944578,1
14,376.77545738431616,172.5437409334057,399.78363434923045,335.0343507776635,1182.260325151478,90.94310193472907,58080.30025605209,4119.893987382914,8866.952438636084,426.73879286108536,50,100000,4,9944578,1
10,587.3787227433144,178.28375377544987,378.9081105036215,320.41811043162215,1515.4398309289215,168.38220343654683,61928.91039939011,5742.468573890732,11365.798731966912,293.24436277072493,50,100000,4,9944578,1
8,493.1125742226843,211.01134558364893,376.7514758007477,343.65430878043304,1326.7671461867756,189.53816374096795,35250.98684677974,5280.929398547499,9950.753596400817,176.001075297844,50,100000,4,9944578,1
14,468.8614542363497,194.15735081237236,395.53411931560834,245.1910907530394,1799.7677469373643,138.4436728413357,104169.39080992178,4972.6410378654155,13498.258102030233,305.4133399943239,50,100000,4,9925823,1
10,499.95593140619786,156.67658528882106,473.80899836262176,442.26538769260253,1032.9521748649556,114.77246387388396,53191.26613792216,4924.743875212642,7747.1413114871675,268.5490769189284,50,100000,4,9925823,1
14,374.04770906570695,168.10777912304764,346.01286425479736,332.04503402875014,1296.1228691596818,99.70175916612938,19857.427103039303,4066.166161415659,9720.921518697614,525.5098407939172,50,100000,4,9925823,1
11,286.8901728291016,155.49351903369484,298.6725926513564,276.8899829431472,1174.238297125226,117.42382971252259,20956.351245850776,3317.877688970973,8806.787228439194,273.72045141278466,50,100000,4,9925823,1
11,626.9257667452777,67.78415834045411,381.2933267651243,354.12196263808664,1117.1907575651253,111.71907575651252,48877.26150554207,5210.324438142989,8378.93068173844,364.25805189826605,50,100000,4,3820097,1
10,568.2490131521661,80.38001333038373,362.73412941630414,244.41004235608082,1809.714845096707,201.07942723296745,106958.1797667824,4864.717698619123,13572.861338225302,184.77596292873028,50,100000,4,3820097,1
13,400.3309092508545,101.20365172999608,339.2074320899045,295.55740934778765,1442.4027873093594,120.20023227577995,39888.69952502634,3761.509207356379,10818.020904820196,434.3337392690813,50,100000,4,3820097,1
12,584.7428631912446,154.69714300549947,368.731754455507,358.6545410905407,1029.2390937151324,93.5671903377393,29241.44321301558,5545.8000464755805,7719.293202863493,289.07796991514635,50,100000,4,3820097,1
14,532.6362725268469,68.08890671666794,368.6486260241078,304.80995066249966,1794.0592494001296,138.00455764616382,58295.86048371564,4505.4388443263615,13455.444370500973,347.74321276003445,50,100000,4,9535879,1
10,552.4027285318269,133.70431831584054,362.9551211332662,279.0624564209143,1192.88628663789,132.54292073754334,75747.31361427253,5145.8028513575055,8946.647149784174,314.78072889594495,50,100000,4,9535879,1
11,482.15376781343224,144.21180827286344,432.0098833555616,396.57318387293947,1609.1547817153862,160.9154781715386,49684.257409103026,4697.7418206472175,12068.660862865396,262.22120629456646,50,100000,4,9535879,1
15,640.978558427567,164.3256976217847,408.8150098527355,364.13363242889454,1220.4311629717442,87.17365449798173,54606.67523097165,6039.781920370137,9153.233722288081,472.51003781757737,50,100000,4,9535879,1
10,495.5645692664311,207.3797166328998,327.60326168828817,180.22540073334824,1203.7320995963403,133.74801106626003,87041.12190687105,5272.0821442449815,9027.990746972551,259.7069163959805,50,100000,4,8271480,1
13,487.10802537015724,168.61086857166467,441.510340433409,427.6420108570786,1522.9395847143667,126.91163205953056,30856.24284797967,4917.8917045636645,11422.04688535775,408.16676090206096,50,100000,4,8271480,1
13,434.6620464935528,73.42751706538117,304.6710905853069,275.6370484658834,1384.9410596813543,115.4117549734462,31145.05652968746,3810.6717266920045,10387.057947610157,334.9904402452779,50,100000,4,8271480,1
13,399.75750793389335,78.18233191857247,339.95336839904934,267.1964606324729,1212.396402772757,101.03303356439642,70717.7040558667,3584.5487988934938,9092.973020795678,289.98206145027063,50,100000,4,8271480,1
12,418.4968447042349,90.41342549758544,293.4091126777545,214.29008935392346,1796.170564932005,163.2882331756368,51302.92740470476,3816.8270265136525,13471.279236990036,404.8874951120502,50,100000,4,6394530,1
10,534.4105026430018,219.80313905065498,367.3906951876699,207.02394433505268,1495.1353976623054,166.1261552958117,101875.93876647601,5656.6023127024255,11213.51548246729,261.61653980182524,50,100000,4,6394530,1
14,560.6886603336391,171.9344203483549,341.5707221703368,205.76148692679223,1606.5708904876603,123.58237619135849,84924.02446059523,5494.6731051149545,12049.281678657453,398.1405486428808,50,100000,4,6394530,1
9,500.2142085368703,94.30083071389777,387.9173727614344,301.3962756866897,1231.5302999750106,153.94128749687633,99221.536600876,4458.8627943807605,9236.47724981258,226.49594430939354,50,100000,4,6394530,1
12,317.99780436260244,93.44020521751663,394.93044344943587,346.28063635463445,1548.8235056057538,140.80213687325033,57470.37820974849,3085.785071850893,11616.176292043154,298.1195715235899,50,100000,4,8372552,1
12,477.7570354575174,95.57982979947124,443.8763802924088,418.91793704958945,1474.0466632551615,134.0042421141056,44879.01705423892,4300.026489427415,11055.349974413712,377.65869903286466,50,100000,4,8372552,1
14,183.60918731452415,131.7353038112792,380.7852136383229,348.0677753593947,1499.8410423645428,115.3723878741956,42514.83936001636,2365.0836834435254,11248.80781773407,359.7624377202758,50,100000,4,8372552,1
12,178.52631148246334,280.8106450989128,394.37916190246045,366.73686777396546,1530.3932741201425,139.12666128364933,31393.718336922087,3445.027174360321,11477.949555901068,231.6837318184534,50,100000,4,8372552,1
15,387.4433945802122,76.70019772757253,431.19522780052733,383.29511209513237,1608.8796617963246,114.91997584259461,63053.42220136083,3481.0769423083857,12066.597463472435,316.5082540235473,50,100000,4,7662622,1
11,576.2955061991509,63.96320652600642,403.07616643733365,331.8057157075216,1824.4364784588802,182.44364784588802,79205.26341650994,4801.940345438679,13683.273588441602,315.7505897843016,50,100000,4,7662622,1
12,613.3632890748002,71.09015932647836,478.4142830258138,380.871107021911,1651.5417549152094,150.1401595377463,110946.86806704075,5133.400863009589,12386.563161864071,382.31272693655364,50,100000,4,7662622,1
11,342.43325486700735,177.86546642557798,349.97421233342374,280.72241581217685,1420.7914535286852,142.07914535286852,55743.358794297295,3902.24040969439,10655.93590146514,336.6173041037674,50,100000,4,7662622,1
9,337.39777183461723,78.53264480063629,345.10824369010885,321.23001883699686,1263.0733771811151,157.8841721476394,41666.9685126274,3119.4781247644014,9473.050328858364,232.48848523466924,50,100000,4,9758090,1
10,547.2166747215268,132.82393647143743,382.5567116987366,133.83835060712457,1588.5055043531086,176.50061159478983,145987.1375557591,5100.304583947232,11913.791282648313,322.6605689649953,50,100000,4,9758090,1
14,578.1698888936018,145.1777361591754,411.5898188315399,306.5221723148989,1499.1145601777216,115.31650462905552,88830.36947870065,5425.107187895829,11243.359201332913,375.91347132058644,50,100000,4,9758090,1
17,545.8148051734996,189.82865838131596,371.5347090976824,299.2261760849687,1484.0122829585116,92.75076768490698,60235.7441808489,5517.325976661116,11130.092122188837,574.0387985411882,50,100000,4,9758090,1
15,406.7463807613709,42.07030744660153,357.98392628054467,321.26668358470135,1800.2337119184301,128.58812227988787,43240.566321644365,3366.1251615597935,13501.752839388226,413.7901816863975,50,100000,4,3862201,1
11,294.4429575818782,49.535964741009046,346.9265211283083,331.14810891655395,1389.6166450659196,138.96166450659194,33060.40070719521,2579.841917421654,10422.124837994397,373.39843181658694,50,100000,4,3862201,1
15,463.7174754963878,65.31229115882662,385.25345247083897,346.53556535362014,1354.658922256201,96.76135158972865,56277.03415132653,3967.7232499141082,10159.941916921509,356.1632975589654,50,100000,4,3862201,1
9,434.61499575281516,89.2355287037928,378.44527762574154,366.0634890428572,970.4224861107188,121.30281076383984,30380.824984186012,3928.8789334245594,7278.16864583039,226.18748847342906,50,100000,4,3862201,1
14,486.02745799091696,112.25548798912229,385.10553081583623,329.4433519551872,1681.1877471122705,129.3221343932516,63164.32233183745,4487.122094850294,12608.908103342028,409.4879848221474,50,100000,4,772250,1
8,551.4181871446189,119.73801162330825,413.1411059773173,406.5035934947153,795.5241230847298,113.64630329781855,28037.68024368662,5033.671490759453,5966.430923135474,232.27007133499936,50,100000,4,772250,1
15,393.1743931088044,118.49350034994451,354.8101790670718,247.8727194777184,1605.9009327287665,114.70720948062618,76306.59014267342,3837.5092009406167,12044.256995465748,471.29691852035813,50,100000,4,772250,1
13,653.0897259457862,142.55950809110857,323.8905294515816,259.1715021884139,1491.8380574610617,124.31983812175514,56712.842366451296,5967.369255276711,11188.785430957963,350.18431260083975,50,100000,4,772250,1
8,673.5549902060845,121.75443024662259,350.8679430683219,315.06896896134606,1273.9086940461227,181.98695629230323,45823.26883981458,5964.820653395303,9554.31520534592,212.168912550425,50,100000,5,4474730,1
14,493.6890990026389,152.4944418427394,395.7792234071064,301.61849248890496,1294.7259620106158,99.59430477004737,76022.07531282865,4846.376556340337,9710.444715079619,381.1765345875846,50,100000,5,4474730,1
8,639.6719573995754,156.76310920803283,338.2493110249608,304.9287364365164,1250.026044172519,178.57514916750273,46493.037830727975,5973.262999557061,9375.195331293893,237.91346716337057,50,100000,5,4474730,1
8,648.1678268316606,179.34654506109607,354.1438384420278,349.93400316102986,587.6977288117075,83.9568184016725,28698.126701207213,6206.357789195675,4407.732966087807,237.63939710879694,50,100000,5,4474730,1
12,533.5920613419363,185.14879995759392,394.1254215079295,302.6497535212222,1532.412936720572,139.31026697459745,73949.7431487835,5390.556459746477,11493.09702540429,414.9016447834427,50,100000,5,4474730,1
11,537.4646896371733,107.88394399518006,332.2778792282133,324.73425403944117,927.9723550774386,92.79723550774386,18993.48069172197,4840.11475224265,6959.79266308079,238.6912600793706,50,100000,5,9944578,1
9,493.1125742226843,172.5437409334057,371.1790805361252,367.23262663177775,662.12465180005,82.76558147500624,14906.058650303657,4992.422363670676,4965.934888500375,293.81311029421823,50,100000,5,9944578,1
13,523.333861781804,178.28375377544987,368.19467838378955,314.56417910204624,1574.9994058344641,131.24995048620534,47255.914042493765,5262.132116679404,11812.495543758481,332.16267996596395,50,100000,5,9944578,1
8,453.8401291696521,211.01134558364893,371.84242016911867,258.2814876414634,1503.9987073821098,214.85695819744427,81991.30043037502,4986.386060649757,11279.990305365824,188.08908353670745,50,100000,5,9944578,1
9,587.3787227433144,212.9800233295434,401.1997056956406,348.9633056727072,1387.8708866255179,173.48386082818973,57578.12930057096,6002.6905955464335,10409.031649691384,272.92629343411596,50,100000,5,9944578,1
10,499.95593140619786,155.49351903369484,479.5447712139173,470.404146108118,948.7637582218061,105.41819535797846,30489.20010197994,4915.870878299194,7115.728186663546,274.9020985774863,50,100000,5,9925823,1
8,631.1542508982312,156.67658528882106,366.6130576873984,294.336723505742,1098.683996615182,156.9548566593117,68902.69663655943,5908.731271402892,8240.129974613865,147.54786506531258,50,100000,5,9925823,1
12,424.91641778101825,168.10777912304764,366.5520673842259,346.92709489517887,943.3535112717241,85.75941011561127,25959.822534811785,4447.681476780494,7075.151334537931,361.59001376274443,50,100000,5,9925823,1
11,374.04770906570695,187.75220517590407,298.9609198416887,260.65342808613707,783.7559669243342,78.37559669243342,25980.173231839937,4213.499356812083,5878.169751932506,376.29485174952026,50,100000,5,9925823,1
9,376.7124251353017,194.15735081237236,402.30593590748896,371.48505031702996,887.9366649595664,110.9920831199458,32086.09259812085,4281.523319607555,6659.524987196748,219.57389985808064,50,100000,5,9925823,1
11,626.9257667452777,67.78415834045411,381.2933267651243,354.12196263808664,1117.1907575651253,111.71907575651252,48877.26150554207,5210.324438142989,8378.93068173844,364.25805189826605,50,100000,5,3820097,1
10,674.8396018058769,80.38001333038373,396.93512342079214,253.05605506926736,1872.0683896077694,208.0075988453077,137120.37200582106,5664.147113521954,14040.512922058271,187.12178048269837,50,100000,5,3820097,1
10,332.8296617609968,101.20365172999608,351.2031842182931,301.01566309583814,1524.2138324347704,169.35709249275226,46451.62715918544,3255.249851182447,11431.603743260779,309.30446280422717,50,100000,5,3820097,1
10,584.7428631912446,154.69714300549947,402.23854295969915,391.4645215432862,1009.6676011287225,112.1852890143025,27809.027275972912,5545.8000464755805,7572.507008465419,234.10291492081896,50,100000,5,3820097,1
9,474.4070205525583,162.47980185386686,313.33813826093,297.8551763651532,857.7389998839167,107.21737498548958,17826.157480335165,4776.651168048189,6433.042499129375,288.0197688679059,50,100000,5,3820097,1
14,532.6362725268469,68.08890671666794,368.6486260241078,304.80995066249966,1794.0592494001296,138.00455764616382,58295.86048371564,4505.4388443263615,13455.444370500973,347.74321276003445,50,100000,5,9535879,1
10,552.4027285318269,133.70431831584054,362.9551211332662,279.0624564209143,1192.88628663789,132.54292073754334,75747.31361427253,5145.8028513575055,8946.647149784174,314.78072889594495,50,100000,5,9535879,1
11,482.15376781343224,144.21180827286344,432.0098833555616,396.57318387293947,1609.1547817153862,160.9154781715386,49684.257409103026,4697.7418206472175,12068.660862865396,262.22120629456646,50,100000,5,9535879,1
9,612.2964060742055,164.3256976217847,400.7256449985855,369.1524412572362,792.5332726302086,99.06665907877607,45401.81608675512,5824.665777719926,5943.999544726565,236.03540204152768,50,100000,5,9535879,1
6,640.978558427567,177.73376928315636,420.9490571339607,371.03311289904116,901.3466287220108,180.26932574440215,57821.36141513099,6140.342457830425,6760.099715415081,236.4746357760497,50,100000,5,9535879,1
10,520.6084881656215,241.43159846751695,409.8941551639053,385.3534420450601,960.4448711351077,106.71609679278976,31831.103776519285,5715.300649748538,7203.3365335133085,220.2356232978908,50,100000,5,8271480,1
10,462.2280325619515,168.61086857166467,423.2404596568607,394.7046040475153,1616.7915330200906,179.64350366889894,42502.23292770171,4731.291758502121,12125.936497650679,314.5628238986489,50,100000,5,8271480,1
12,643.7331655318559,87.59077363878522,346.275261664093,297.0106978655169,1149.0161966864528,104.45601788058661,50654.32912161527,5484.929543779808,8617.621475148395,327.8617340720454,50,100000,5,8271480,1
7,495.5645692664311,73.42751706538117,274.5740770491865,141.04802099152022,1516.0503604168887,252.67506006948145,79086.44761358101,4267.440647488592,11370.377703126665,212.16393574859643,50,100000,5,8271480,1
11,445.60563193058744,101.96101676663248,312.3065406435089,266.560485266305,1500.602561004458,150.0602561004458,44326.64433018977,4106.749865229149,11254.519207533434,233.14507533216232,50,100000,5,8271480,1
11,623.6497651656963,94.30083071389777,354.6356416126488,255.95222156175646,1554.2989600203339,155.4298960020334,83462.22611870762,5384.629469096955,11657.242200152505,306.9360961593011,50,100000,5,6394530,1
7,607.7126481373183,188.67976425510315,298.06630667427174,101.08238182888319,1657.658428681818,276.276404780303,96133.81916845721,5972.943092943161,12432.438215113634,218.68884946546015,50,100000,5,6394530,1
13,560.6886603336391,291.029356731651,379.36490358757504,171.1562292398998,1531.9758578594306,127.66465482161921,120046.45490707284,6387.885127989675,11489.81893394573,412.28604324453846,50,100000,5,6394530,1
9,569.6356332770564,90.41342549758544,336.057777702212,241.48675933664435,1409.909316521445,176.2386645651806,86574.3516781288,4950.367940809813,10574.319873910837,215.9920329427139,50,100000,5,6394530,1
8,450.33559236939396,159.2755689216484,385.95438023921474,333.380243824463,1046.300729816244,149.47153283089202,52466.61511109752,4572.083709682817,7847.25547362183,273.0414302979355,50,100000,5,6394530,1
7,564.1746586266547,93.44020521751663,394.0302200750827,382.8022650570929,776.7261947163138,129.4543657860523,39879.82472661972,4932.111478831285,5825.446460372354,189.80881390840594,50,100000,5,8372552,1
9,341.5168545000228,95.57982979947124,348.80069121998645,192.59015626066767,1443.9098170597686,180.48872713247107,97329.38523634663,3278.2251322462057,10829.323627948264,251.2743860128102,50,100000,5,8372552,1
11,595.6369822289276,131.7353038112792,379.52947396794065,137.19036774353327,1599.5826744961391,159.9582674496139,141250.89281619887,5455.2921453015515,11996.870058721044,248.27344661435328,50,100000,5,8372552,1
11,424.6134110507801,178.52631148246334,466.64752083376766,378.84555186591757,1437.862835197635,143.7862835197635,92292.30016244091,4523.547918999326,10783.971263982261,276.98138110723846,50,100000,5,8372552,1
12,409.270369272893,183.60918731452415,410.3216761953277,394.7536612107125,1034.129364151114,94.011760377374,26298.397931863565,4446.596674405629,7755.970231133355,300.8864124523759,50,100000,5,8372552,1
13,556.5068936996842,63.96320652600642,455.1425644071072,415.05449233881075,1176.8937848543057,98.07448207119215,63522.85054982314,4653.5257516926795,8826.703386407293,318.8778076024713,50,100000,5,7662622,1
8,316.6386934998007,71.09015932647836,363.13065045748573,199.01650361318755,1545.4750319805166,220.78214742578808,117839.83211822849,2907.966396197093,11591.062739853875,242.63868576551994,50,100000,5,7662622,1
8,387.4433945802122,76.70019772757253,346.6785207572976,226.73955578021625,1414.5638656799297,202.08055223998994,86812.83726857629,3481.0769423083857,10609.228992599472,147.63763264561868,50,100000,5,7662622,1
7,464.17761395129855,177.86546642557798,403.2162933163195,262.5528612326292,1477.4773349000593,246.24622248334322,115205.33263461447,4815.3231028265745,11081.080011750444,255.85721168512657,50,100000,5,7662622,1
14,610.35063125423,213.55838277769925,470.9066798142455,414.52301972581967,1290.2661335098735,99.25124103922104,66223.07863049333,6179.317605239469,9676.99600132405,419.6492116478586,50,100000,5,7662622,1
11,563.306810049437,78.53264480063629,375.27619522309726,301.61926719079713,1584.8861384645404,158.48861384645403,75523.4468618857,4813.79591137555,11886.646038484054,295.60291164844034,50,100000,5,9758090,1
8,401.7143376935464,132.82393647143743,371.4167482622455,279.18570926094674,1372.0689879572606,196.0098554224658,71822.98338324256,4009.0370562373787,10290.517409679454,263.03587409166914,50,100000,5,9758090,1
8,494.18592809696736,145.1777361591754,359.9140210850452,340.5064422796971,751.2146641119725,107.31638058742465,27444.240006577125,4795.227481921071,5634.109980839794,185.64223990844454,50,100000,5,9758090,1
12,545.8148051734996,189.82865838131596,350.8919908000239,263.49555044988455,1392.1321133861513,126.55746485328649,65559.73437290466,5517.325976661116,10440.990850396134,383.8454542780646,50,100000,5,9758090,1
11,547.2166747215268,193.68571820427368,438.2273306061657,386.85502553751047,1451.3311181694567,145.13311181694567,55000.43333379009,5556.767946943504,10884.983386270926,376.97484413482056,50,100000,5,9758090,1
11,406.7463807613709,42.07030744660153,378.1661162276772,367.22089665109667,1303.662375808048,130.3662375808048,30643.585872526015,3366.1251615597935,9777.467818560359,284.7756161708309,50,100000,5,3862201,1
11,294.4429575818782,49.535964741009046,346.9265211283083,331.14810891655395,1389.6166450659196,138.96166450659194,33060.40070719521,2579.841917421654,10422.124837994397,373.39843181658694,50,100000,5,3862201,1
11,624.6805729515933,65.31229115882662,388.17965378658516,376.62790335127573,815.8951604386411,81.58951604386411,36628.442942105976,5174.946480828149,6119.213703289808,245.49275813336013,50,100000,5,3862201,1
9,434.61499575281516,89.2355287037928,378.44527762574154,366.0634890428572,970.4224861107188,121.30281076383984,30380.824984186012,3928.8789334245594,7278.16864583039,226.18748847342906,50,100000,5,3862201,1
8,454.9096517799869,87.65291201776783,339.8446513892335,334.9121271710972,654.9937565134671,93.57053664478101,20154.114693787174,4069.2192284831604,4912.453173851003,239.68510494117194,50,100000,5,3862201,1
10,578.4640859745318,112.25548798912229,329.5660678205719,298.7649832244265,1261.303974043289,140.14488600480988,40479.1558988922,5180.396804727406,9459.779805324666,302.2487447619177,50,100000,5,772250,1
8,551.4181871446189,119.73801162330825,413.1411059773173,406.5035934947153,795.5241230847298,113.64630329781855,28037.68024368662,5033.671490759453,5966.430923135474,232.27007133499936,50,100000,5,772250,1
13,493.55423261104187,118.49350034994451,354.50637956238745,314.9850451622104,1119.0055055585733,93.25045879654778,39592.21596332697,4590.3579972073985,8392.5412916893,406.7667767939969,50,100000,5,772250,1
4,653.0897259457862,132.1221542261498,405.53379263525466,394.2013459719491,583.3898493543808,194.46328311812692,53315.9493743136,5889.08910128952,4375.423870157856,107.75664343049165,50,100000,5,772250,1
15,600.9503752742596,142.55950809110857,359.85521448270475,231.2075856608526,1283.0436992857192,91.64597852040852,89456.92807745276,5576.324125240261,9622.827744642895,414.197050956939,50,100000,5,772250,1
7,673.5549902060845,121.75443024662259,344.7362598480134,323.5529554919575,969.3217939785125,161.55363232975208,38979.69132685694,5964.820653395303,7269.913454838844,164.04540819077786,50,100000,6,4474730,1
14,493.6890990026389,152.4944418427394,395.7792234071064,301.61849248890496,1294.7259620106158,99.59430477004737,76022.07531282865,4846.376556340337,9710.444715079619,381.1765345875846,50,100000,6,4474730,1
8,639.6719573995754,156.76310920803283,338.2493110249608,304.9287364365164,1250.026044172519,178.57514916750273,46493.037830727975,5973.262999557061,9375.195331293893,237.91346716337057,50,100000,6,4474730,1
7,393.7897256104818,179.34654506109607,346.3564468949565,337.826853792765,713.9124228810092,118.98540381350153,17815.227372681675,4298.522030036835,5354.343171607569,223.10016321750612,50,100000,6,4474730,1
8,533.5920613419363,185.14879995759392,385.6133055507762,249.09582800624082,1426.7777455426599,203.82539222038,99569.9251612008,5390.556459746477,10700.83309156995,283.7689874466742,50,100000,6,4474730,1
6,648.1678268316606,190.04151745898727,407.840653095159,406.11069827033214,504.14619377836533,100.82923875567306,24124.18149562027,6286.570082179859,3781.09645333774,193.79539558770637,50,100000,6,4474730,1
7,587.3787227433144,107.88394399518006,354.11732667992874,150.90208759235642,1429.9975560111236,238.33292600185393,124329.21683243035,5214.4700005387085,10724.981670083427,154.6824956669413,50,100000,6,9944578,1
9,493.1125742226843,172.5437409334057,371.1790805361252,367.23262663177775,662.12465180005,82.76558147500624,14906.058650303657,4992.422363670676,4965.934888500375,293.81311029421823,50,100000,6,9944578,1
11,523.333861781804,178.28375377544987,354.30266628722785,327.41277660842024,1103.8059769569375,110.38059769569375,29122.222795567322,5262.132116679404,8278.544827177031,303.104216974604,50,100000,6,9944578,1
7,568.9373098939302,211.01134558364893,360.128461740471,337.42819782991796,694.3522015956221,115.72536693260368,26661.376375621338,5849.614916081843,5207.641511967166,168.6587041576032,50,100000,6,9944578,1
8,426.3856164107467,212.9800233295434,377.92732856468143,348.279652361159,1127.1516560433781,161.02166514905403,37347.27101716284,4795.242298052176,8453.637420325336,237.400143443896,50,100000,6,9944578,1
8,390.7004018893796,220.93242849156937,388.3319658116962,384.0506544008086,628.6618635949857,89.80883765642652,13921.863380116189,4587.2462278571165,4714.963976962393,168.02375677311335,50,100000,6,9944578,1
10,499.95593140619786,155.49351903369484,479.5447712139173,470.404146108118,948.7637582218061,105.41819535797846,30489.20010197994,4915.870878299194,7115.728186663546,274.9020985774863,50,100000,6,9925823,1
8,631.1542508982312,156.67658528882106,366.6130576873984,294.336723505742,1098.683996615182,156.9548566593117,68902.69663655943,5908.731271402892,8240.129974613865,147.54786506531258,50,100000,6,9925823,1
5,375.82429799268925,168.10777912304764,324.383816315387,291.2765122130427,563.0625165172751,140.76562912931877,26594.581535629997,4079.4905783680265,4222.968873879563,187.78555071493838,50,100000,6,9925823,1
8,463.5085106216659,187.75220517590407,308.3988161636794,303.6916851147809,489.4384229765576,69.9197747109368,11038.915918655592,4884.455368481775,3670.788172324182,201.7858178885441,50,100000,6,9925823,1
9,376.7124251353017,194.15735081237236,402.30593590748896,371.48505031702996,887.9366649595664,110.9920831199458,32086.09259812085,4281.523319607555,6659.524987196748,219.57389985808064,50,100000,6,9925823,1
10,517.556554562949,216.58072850446078,359.8085315982917,356.21869404237174,524.9320776869491,58.32578640966101,13670.202676274896,5506.029623005574,3936.9905826521185,348.31349690878216,50,100000,6,9925823,1
9,674.8396018058769,67.78415834045411,396.45825617823914,380.0431123492927,1051.9118642525914,131.48898303157392,47350.462156857764,5569.678201097483,7889.338981894435,280.5251156606621,50,100000,6,3820097,1
7,626.9257667452777,80.38001333038373,373.287508935163,365.21180557369195,761.0238909409355,126.83731515682258,44437.901531455725,5304.79335056746,5707.679182057016,181.3497742975051,50,100000,6,3820097,1
9,477.40211434024565,101.20365172999608,353.24468671354816,319.5319035972879,1246.3952543893392,155.7994067986674,37882.13837618084,4339.543245526813,9347.964407920044,290.2198769375064,50,100000,6,3820097,1
10,584.7428631912446,154.69714300549947,402.23854295969915,391.4645215432862,1009.6676011287225,112.1852890143025,27809.027275972912,5545.8000464755805,7572.507008465419,234.10291492081896,50,100000,6,3820097,1
9,474.4070205525583,162.47980185386686,313.33813826093,297.8551763651532,857.7389998839167,107.21737498548958,17826.157480335165,4776.651168048189,6433.042499129375,288.0197688679059,50,100000,6,3820097,1
6,332.8296617609968,169.39632511828748,385.8784370391654,313.24409854829736,1298.3635938968505,259.6727187793701,79987.60859908965,3766.694901594632,9737.726954226378,108.58952828951807,50,100000,6,3820097,1
13,351.9787748578274,68.08890671666794,356.0341916777433,351.3345374207192,954.7031278385193,79.55859398654327,17576.976067752657,3150.5076118087145,7160.273458788895,335.4364563322533,50,100000,6,9535879,1
10,552.4027285318269,133.70431831584054,362.9551211332662,279.0624564209143,1192.88628663789,132.54292073754334,75747.31361427253,5145.8028513575055,8946.647149784174,314.78072889594495,50,100000,6,9535879,1
5,532.6362725268469,144.21180827286344,402.1126790641339,381.1683610452211,619.0676945980231,154.76692364950577,34632.37633381075,5076.360605997827,4643.007709485173,141.51520366412623,50,100000,6,9535879,1
9,612.2964060742055,164.3256976217847,400.7256449985855,369.1524412572362,792.5332726302086,99.06665907877607,45401.81608675512,5824.665777719926,5943.999544726565,236.03540204152768,50,100000,6,9535879,1
6,640.978558427567,177.73376928315636,420.9490571339607,371.03311289904116,901.3466287220108,180.26932574440215,57821.36141513099,6140.342457830425,6760.099715415081,236.4746357760497,50,100000,6,9535879,1
7,673.4826959658393,182.66752739476559,467.74022773105065,457.78839638385705,899.0131715585846,149.83552859309745,27657.34744646736,6421.126675204537,6742.598786689385,133.01275905822135,50,100000,6,9535879,1
7,643.7331655318559,73.42751706538117,434.19018634393666,431.1126478438362,647.6648478005985,107.94414130009976,42927.65650268213,5378.7051194792775,4857.486358504489,246.99552386395197,50,100000,6,8271480,1
8,476.2727304009752,78.18233191857247,356.4891212763394,348.80634396504655,760.3075362749959,108.61536232499941,26902.233875190475,4158.412967396607,5702.306522062469,252.26235049551474,50,100000,6,8271480,1
12,434.6620464935528,87.59077363878522,323.94138837863403,299.43763792603136,1302.5283117712786,118.41166470647987,25935.37657280717,3916.896150992535,9768.96233828459,288.68333549044075,50,100000,6,8271480,1
6,448.2547652858508,101.96101676663248,347.35986754094625,325.3981297835859,895.7336316751463,179.14672633502926,34716.81690087955,4126.618365393625,6718.002237563597,109.31483750728307,50,100000,6,8271480,1
11,241.43159846751695,166.5278613009356,387.3716453596224,344.09605878248755,1110.884109047321,111.08841090473211,47875.11588749114,3059.6959482633943,8331.630817854908,269.27320702524804,50,100000,6,8271480,1
6,207.3797166328998,168.08206464981726,286.70858920604627,171.44200525800167,1062.8300532065573,212.56601064131146,64747.739466829924,2815.963359620378,7971.22539904918,141.4399379669053,50,100000,6,8271480,1
9,291.029356731651,94.30083071389777,276.06607734363155,202.80355396697217,1356.3329117047194,169.54161396308993,50081.1704266922,2889.976405841616,10172.496837785397,225.47635904381846,50,100000,6,6394530,1
7,560.6886603336391,137.39439692843226,361.64430157986726,307.0098207495432,1457.3725437685164,242.8954239614194,59142.28871521407,5235.622929465535,10930.294078263873,282.6966729352063,50,100000,6,6394530,1
8,534.4105026430018,272.28712341879316,380.51070852329457,355.5164741809192,925.9233431746114,132.27476331065878,28967.00461525022,6050.232195463462,6944.425073809586,244.86544213130855,50,100000,6,6394530,1
10,607.7126481373183,90.41342549758544,354.87723190322856,286.9842770533356,1389.1928813895051,154.3547645988339,66118.12692778307,5235.945552261778,10418.946610421288,324.1179071808035,50,100000,6,6394530,1
6,398.4869404391069,349.4820046667019,507.96835790887053,476.21279433767427,854.5890947230766,170.91781894461533,41924.32155441807,5609.767088293566,6409.418210423075,180.1562225388102,50,100000,6,6394530,1
9,453.92943114643293,171.9344203483549,323.2213947945023,214.9050952452996,1109.4134186563056,138.6766773320382,63653.15942610143,4693.978886210909,8320.600639922292,206.90432569612477,50,100000,6,6394530,1
7,397.56180299347585,93.44020521751663,358.92430627617824,194.19795578903987,1321.1068463515303,220.18447439192173,107860.0892519109,3682.5150615824436,9908.301347636478,170.2127901956847,50,100000,6,8372552,1
10,439.65407399175655,95.57982979947124,377.41375598390454,307.23957080740075,1327.4390183114738,147.49322425683042,59411.224898682325,4014.2542784342086,9955.792637336053,245.6501578594025,50,100000,6,8372552,1
8,353.8846969729485,131.7353038112792,342.74641930414845,249.37257483313002,1256.259377197055,179.46562531386502,69645.62909860698,3642.150005881708,9421.945328977912,202.88582815339095,50,100000,6,8372552,1
7,595.6369822289276,178.52631148246334,501.71633011581514,426.53590815139813,1400.2424767194611,233.37374611991018,98287.57637375522,5806.224702835432,10501.818575395959,169.48437317039324,50,100000,6,8372552,1
12,409.270369272893,183.60918731452415,410.3216761953277,394.7536612107125,1034.129364151114,94.011760377374,26298.397931863565,4446.596674405629,7755.970231133355,300.8864124523759,50,100000,6,8372552,1
6,564.1746586266547,190.75840029427715,444.1285558846771,433.3255422959517,668.6464219009185,133.7292843801837,28260.761071441288,5661.99794190699,5014.8481642568895,178.10487826393648,50,100000,6,8372552,1
6,516.8779844011563,63.96320652600642,379.2413251656355,370.6627296561009,678.854111545262,135.7708223090524,40079.74984249623,4356.308931953719,5091.405836589464,211.58185672474818,50,100000,6,7662622,1
12,656.8255356387716,71.09015932647836,401.03377859067456,339.66650775982333,1256.3029531258942,114.20935937508129,70499.0434923907,5459.367712239375,9422.272148444206,315.18727790480216,50,100000,6,7662622,1
12,556.5068936996842,76.70019772757253,476.38903189821167,439.7279974464791,1169.32569735479,106.30233612316273,58453.11673345796,4749.053185704425,8769.942730160925,244.18318348256673,50,100000,6,7662622,1
5,476.5011546325384,177.86546642557798,403.1806368791862,387.34454021632484,769.1654576383987,192.29136440959968,41215.001504613894,4907.749657935873,5768.74093228799,200.17101371013814,50,100000,6,7662622,1
11,579.9829953031145,213.55838277769925,427.826357840448,382.84449746000746,1048.2802558428293,104.82802558428293,48438.79770142913,5951.560335606103,7862.101918821219,303.13509621609415,50,100000,6,7662622,1
4,556.1946331563962,212.92194571541924,371.00487003075705,367.8552477276708,369.1045458344723,123.03484861149076,23177.470927009243,5768.374341538616,2768.284093758542,110.40212130824565,50,100000,6,7662622,1
6,563.306810049437,78.53264480063629,428.3446347435259,346.9536715832502,1383.376653952507,276.6753307905014,97816.93359402049,4813.79591137555,10375.324904643803,152.67332703647543,50,100000,6,9758090,1
7,481.04356675529783,132.82393647143743,367.08852120063096,360.00569280711153,514.0868465029121,85.68114108381867,18505.435432425766,4604.006274200515,3855.6513487718403,239.2809828535703,50,100000,6,9758090,1
8,494.18592809696736,145.1777361591754,359.9140210850452,340.5064422796971,751.2146641119725,107.31638058742465,27444.240006577125,4795.227481921071,5634.109980839794,185.64223990844454,50,100000,6,9758090,1
8,545.8148051734996,189.82865838131596,315.13624849111545,256.3601436876351,1273.4581569759187,181.92259385370267,46847.47118471221,5517.325976661116,9550.93617731939,247.62021001095866,50,100000,6,9758090,1
9,578.1698888936018,193.68571820427368,417.582098476572,385.734355600072,743.5756013028272,92.9469501628534,38599.24760309011,5788.917053234066,5576.817009771204,317.2839540505473,50,100000,6,9758090,1
12,547.2166747215268,198.90916068773078,392.6300273947083,317.36249689895646,1199.6974862056263,109.06340783687511,63258.950943881406,5595.943765569433,8997.731146542197,362.6006102014429,50,100000,6,9758090,1
11,406.7463807613709,42.07030744660153,378.1661162276772,367.22089665109667,1303.662375808048,130.3662375808048,30643.585872526015,3366.1251615597935,9777.467818560359,284.7756161708309,50,100000,6,3862201,1
10,630.0572680753257,49.535964741009046,352.1748774829513,343.4253840248395,946.8792762910815,105.20880847678683,30380.757901260695,5096.949246122511,7101.594572183111,352.4141864875051,50,100000,6,3862201,1
7,294.4429575818782,65.31229115882662,315.12862922031496,265.97890341281715,1088.2566420058479,181.37610700097466,43444.29418442313,2698.164365555286,8161.924815043859,158.56982913817296,50,100000,6,3862201,1
7,480.79283046087147,89.2355287037928,365.1391137582335,361.90869216645,710.4165490246818,118.4027581707803,28734.50291254348,4275.212693734982,5328.124117685114,180.45915183070068,50,100000,6,3862201,1
8,454.9096517799869,87.65291201776783,339.8446513892335,334.9121271710972,654.9937565134671,93.57053664478101,20154.114693787174,4069.2192284831604,4912.453173851003,239.68510494117194,50,100000,6,3862201,1
7,624.6805729515933,208.39382285260209,458.36463528802136,450.0445757874381,592.9078192468854,98.81796987448091,27757.49103717082,6248.057968531465,4446.80864435164,153.63551096699732,50,100000,6,3862201,1
9,496.5873132930233,112.25548798912229,396.4698162600914,377.98047940356156,988.6440263549175,123.58050329436469,42737.470523857926,4566.321009616092,7414.830197661881,275.14324621984144,50,100000,6,772250,1
5,551.4181871446189,119.73801162330825,340.6372998205909,338.3619414847003,512.5452179018915,128.13630447547288,22937.891718158917,5033.671490759453,3844.0891342641867,141.37766309660608,50,100000,6,772250,1
13,493.55423261104187,118.49350034994451,354.50637956238745,314.9850451622104,1119.0055055585733,93.25045879654778,39592.21596332697,4590.3579972073985,8392.5412916893,406.7667767939969,50,100000,6,772250,1
4,653.0897259457862,132.1221542261498,405.53379263525466,394.2013459719491,583.3898493543808,194.46328311812692,53315.9493743136,5889.08910128952,4375.423870157856,107.75664343049165,50,100000,6,772250,1
12,486.02745799091696,142.55950809110857,315.6699101679582,249.23275183401014,975.7844956175866,88.7076814197806,44013.54494485142,4714.4022456151915,7318.383717131899,344.65924340690316,50,100000,6,772250,1
7,451.3493507129525,161.5055312811468,419.8805679722215,416.7742783066435,672.6154536596808,112.10257560994681,20043.151100304927,4596.411614955745,5044.6159024476065,187.53571433050533,50,100000,6,772250,1
8,359.484136657431,121.75443024662259,340.368627715662,314.3719552005435,1106.9242786142247,158.1320398020321,30605.777902594862,3609.289251780402,8301.932089606686,207.46405241838,50,100000,8,4474730,1
4,533.5920613419363,152.4944418427394,385.76386858652523,342.86453428209285,847.8034540492702,282.6011513497567,53144.48241638784,5145.648773885068,6358.525905369526,76.4746675346957,50,100000,8,4474730,1
3,639.6719573995754,156.76310920803283,357.05666133167597,347.2099340275595,546.3365805589924,273.1682902794962,49189.98182052657,5973.262999557061,4097.524354192443,101.04451471012585,50,100000,8,4474730,1
7,393.7897256104818,179.34654506109607,346.3564468949565,337.826853792765,713.9124228810092,118.98540381350153,17815.227372681675,4298.522030036835,5354.343171607569,223.10016321750612,50,100000,8,4474730,1
7,466.1570890651071,185.14879995759392,364.4734832948962,357.72755939823105,427.0796803958615,71.17994673264359,16063.674047468956,4884.794167670258,3203.097602968961,267.6325897181082,50,100000,8,4474730,1
6,648.1678268316606,190.04151745898727,407.840653095159,406.11069827033214,504.14619377836533,100.82923875567306,24124.18149562027,6286.570082179859,3781.09645333774,193.79539558770637,50,100000,8,4474730,1
9,418.24782487361,193.39575656136637,394.2328357444487,324.4511313429352,964.6429359110979,120.58036698888723,56549.50269040949,4587.326860762322,7234.8220193332345,259.54135903276017,50,100000,8,4474730,1
5,522.5906904795768,192.55300993764715,326.9649008409317,321.9683536069878,400.50988000260645,100.12747000065161,17648.862627634022,5363.57775312918,3003.8241000195485,136.86895245324467,50,100000,8,4474730,1
5,390.7004018893796,107.88394399518006,283.65076733260133,278.72056226651915,470.9872097688635,117.74680244221588,13039.589810869495,3739.3825941341975,3532.404073266476,123.40580260705745,50,100000,8,9944578,1
5,493.1125742226843,172.5437409334057,355.34522372977136,352.9674994178768,387.95393743091296,96.98848435772824,14678.639263305222,4992.422363670676,2909.654530731847,142.7497244013355,50,100000,8,9944578,1
10,426.3856164107467,178.28375377544987,385.78855839614585,365.90133396090033,1020.6896052502523,113.40995613891693,25913.4575888373,4535.020276396474,7655.172039376892,252.96587134426076,50,100000,8,9944578,1
7,568.9373098939302,211.01134558364893,360.128461740471,337.42819782991796,694.3522015956221,115.72536693260368,26661.376375621338,5849.614916081843,5207.641511967166,168.6587041576032,50,100000,8,9944578,1
7,541.5831339200857,212.9800233295434,371.0047160152435,349.14356135401704,638.3005655639778,106.3834275939963,33436.374171577845,5659.223679372219,4787.254241729834,212.11148564055208,50,100000,8,9944578,1
7,498.5010879403788,220.93242849156937,387.99361780059854,386.18831777059734,465.99289982939837,77.66548330489972,13528.203813219194,5395.751373239611,3494.946748720488,158.04521710260312,50,100000,8,9944578,1
4,452.46679135397244,218.05470689506092,390.97140154406736,390.11797505709455,278.1600390022826,92.72001300076086,10700.283506235824,5028.911236867751,2086.2002925171196,151.0633858928827,50,100000,8,9944578,1
4,458.88972573448643,246.31878858476284,332.42962271283875,330.33876823030477,254.0610828950696,84.68702763168987,7646.554693305428,5289.06385739437,1905.4581217130221,81.15608617386127,50,100000,8,9944578,1
9,652.7270732553005,155.49351903369484,477.2768645258861,468.18242875411823,782.938772023731,97.86734650296637,32775.955009076926,6061.654442167465,5872.040790177982,244.70171717758663,50,100000,8,9925823,1
7,402.3459997977377,156.67658528882106,313.20961681108594,279.33818654305486,863.1798055191406,143.86330091985675,29479.324687300938,4192.669388149191,6473.848541393554,146.51859907398338,50,100000,8,9925823,1
5,631.1542508982312,168.10777912304764,420.35434783912024,400.8476564734147,770.0344472752879,192.50861181882198,38839.42180389201,5994.465225159592,5775.258354564659,148.32982397025606,50,100000,8,9925823,1
7,499.95593140619786,187.75220517590407,358.0958984360852,327.9372494535792,911.2142004690846,151.8690334115141,31031.73417740728,5157.811024365765,6834.106503518135,203.97289806613284,50,100000,8,9925823,1
7,407.3196494864211,194.15735081237236,400.2249022831628,394.6755673785863,551.2246073086801,91.87076788478002,14673.496641374428,4511.077502240951,4134.1845548151005,162.15253504969544,50,100000,8,9925823,1
3,442.1821863485865,216.58072850446078,337.2321096624847,329.9097812085501,310.2243870798487,155.11219353992436,13490.967161629116,4940.721861397855,2326.6829030988656,119.00056358472109,50,100000,8,9925823,1
6,517.556554562949,224.9617254670912,357.982222500354,355.2318533223353,393.73234996702706,78.74646999340541,12921.168322093901,5568.887100225302,2952.992624752703,135.1859279732863,50,100000,8,9925823,1
6,468.327980434802,227.47032409291285,329.7890695074261,329.39082006606503,269.21500678897297,53.84300135779459,8009.299992211282,5218.487283957862,2019.1125509172973,220.04666411748244,50,100000,8,9925823,1
6,375.3320112094633,67.78415834045411,315.471975637823,265.3915003785841,961.659516144525,192.331903228905,48156.286396686075,3323.3712716243804,7212.446371083937,194.42203781526527,50,100000,8,3820097,1
4,477.40211434024565,80.38001333038373,311.55440195573965,235.5434170085526,991.267348636675,330.4224495455583,69396.57943889085,4183.365957529721,7434.505114775063,117.4397314693838,50,100000,8,3820097,1
6,399.83554624440177,101.20365172999608,332.0081661149135,326.5059534202906,668.445817039762,133.6891634079524,23264.19208831954,3757.7939848079836,5013.343627798215,201.28902539550288,50,100000,8,3820097,1
9,515.0361986011008,154.69714300549947,381.96028515619406,373.49583014060033,939.4368338831804,117.42960423539755,23679.83964289209,5023.000062049502,7045.776254123853,223.6643921275503,50,100000,8,3820097,1
9,474.4070205525583,162.47980185386686,313.33813826093,297.8551763651532,857.7389998839167,107.21737498548958,17826.157480335165,4776.651168048189,6433.042499129375,288.0197688679059,50,100000,8,3820097,1
5,638.5495925759877,169.39632511828748,396.48819209479905,383.7292220482824,603.4947947876666,150.87369869691665,44328.136045942156,6059.594382707064,4526.2109609075,89.50494242279726,50,100000,8,3820097,1
5,626.9257667452777,175.44806994868665,461.4163528431144,454.257481419029,664.6587177766779,166.16467944416948,31127.91018999459,6017.803775204732,4984.940383325084,127.25947985796533,50,100000,8,3820097,1
5,674.8396018058769,191.0766355624218,450.99769755565484,448.07896953846597,567.0957250040411,141.77393125101028,31973.041706522985,6494.37178026224,4253.2179375303085,130.7690782242771,50,100000,8,3820097,1
10,552.4027285318269,68.08890671666794,404.56217831722205,392.3003731268307,916.5261579985995,101.83623977762217,32597.25318705185,4653.687264363712,6873.946184989496,259.31634787696026,50,100000,8,9535879,1
6,375.23429866576856,133.70431831584054,292.37946852268675,250.89532342515673,699.6363014592168,139.92726029184337,28800.86690923938,3817.0396273620686,5247.272260944126,150.86409932938284,50,100000,8,9535879,1
4,532.6362725268469,144.21180827286344,397.5563169781949,374.8282607344544,616.4794492666026,205.4931497555342,40234.85936122949,5076.360605997827,4623.59586949952,113.44726275951112,50,100000,8,9535879,1
9,612.2964060742055,164.3256976217847,400.7256449985855,369.1524412572362,792.5332726302086,99.06665907877607,45401.81608675512,5824.665777719926,5943.999544726565,236.03540204152768,50,100000,8,9535879,1
5,445.84656113579354,177.73376928315636,376.9431568752393,369.47070178964566,422.72904097913363,105.68226024478341,15905.016785510676,4676.852478142124,3170.467807343502,188.8857623168851,50,100000,8,9535879,1
6,673.4826959658393,182.66752739476559,464.3792648951215,457.8923298917784,702.5136550090456,140.5027310018091,27424.726510175606,6421.126675204537,5268.852412567841,127.36839158820175,50,100000,8,9535879,1
6,484.711886678459,182.30691643187558,378.41403054556923,376.7915362522611,431.7859381649214,86.35718763298428,11150.94881575091,5002.641023327509,3238.3945362369104,189.99873271577928,50,100000,8,9535879,1
3,487.9060047466254,187.61292556156778,365.28568590536105,352.1224171333025,424.5487866034479,212.27439330172396,25988.143571652472,5066.3919773114485,3184.1158995258593,83.75031368071055,50,100000,8,9535879,1
4,434.6620464935528,73.42751706538117,277.1192083106281,241.92175849116333,600.6044146606737,200.2014715535579,36839.1341588192,3810.6717266920045,4504.533109955053,86.42092354582648,50,100000,8,8271480,1
7,476.2727304009752,78.18233191857247,383.3288716627215,377.67101135741814,706.2324176636178,117.70540294393629,23095.345854997988,4158.412967396607,5296.743132477133,216.77702381590979,50,100000,8,8271480,1
10,462.2280325619515,87.59077363878522,309.3678942833994,303.66024488124975,738.6828135593784,82.07586817326427,14730.359518079731,4123.641046505525,5540.1211016953375,256.4623875393306,50,100000,8,8271480,1
6,448.2547652858508,101.96101676663248,347.35986754094625,325.3981297835859,895.7336316751463,179.14672633502926,34716.81690087955,4126.618365393625,6718.002237563597,109.31483750728307,50,100000,8,8271480,1
4,430.9521607615515,166.5278613009356,308.42311703512644,278.93740861973396,445.3158348971282,148.43861163237605,30754.61508355833,4481.100165468653,3339.8687617284613,104.22799171695092,50,100000,8,8271480,1
3,495.5645692664311,168.08206464981726,337.4919870957301,323.34610896738656,404.57895812770187,202.28947906385093,27286.534616728517,4977.349754371862,3034.342185957764,70.86780777392383,50,100000,8,8271480,1
7,643.7331655318559,168.61086857166467,447.7878079876914,445.8376213550462,543.9336098390165,90.65560163983609,33305.7334092378,6092.580255776405,4079.502073792624,236.17374578871983,50,100000,8,8271480,1
9,547.8969586715473,207.3797166328998,388.1932895885456,375.78274420434184,501.2525582953337,62.65656978691671,26102.911574334958,5664.575064783353,3759.3941872150026,227.72447466139943,50,100000,8,8271480,1
11,346.51492479508426,90.41342549758544,420.5598470341543,404.90679310080804,1048.9030911717552,104.89030911717552,35955.535463917535,3276.9626271950224,7866.773183788165,257.1811275224452,50,100000,8,6394530,1
4,560.6886603336391,94.30083071389777,337.6245570111947,336.8434972081445,481.2772420214134,160.42574734047113,30321.36288839052,4912.421182856526,3609.5793151606003,129.44516737726855,50,100000,8,6394530,1
3,492.5535561466339,116.42997160506894,314.8100424480753,308.6874181275826,459.4844742531973,229.74223712659864,27608.53293600661,4567.376458137772,3446.13355689898,102.7678298095174,50,100000,8,6394530,1
5,226.71847669953874,137.39439692843226,265.7304564600516,90.94538191271272,978.7076655098329,244.6769163774582,72561.75254853771,2730.8465522097827,7340.307491323746,135.01304116007515,50,100000,8,6394530,1
5,607.7126481373183,159.2755689216484,399.2146039560968,382.0463551240462,588.5406327977071,147.13515819942677,40066.278627623884,5752.411627942251,4414.054745982803,212.7593262217843,50,100000,8,6394530,1
7,398.4869404391069,171.9344203483549,350.72045368032246,301.4836592340493,818.6016623916678,136.4336103986113,40206.58944106235,4278.160205905963,6139.5124679375085,180.02940943731113,50,100000,8,6394530,1
9,534.4105026430018,188.67976425510315,339.0733763568153,313.43679876251025,820.8465608427257,102.60582010534071,26041.379912898057,5423.177001735787,6156.349206320443,255.47126518429417,50,100000,8,6394530,1
6,450.33559236939396,196.17030474601603,384.30058555028927,357.5958599647477,870.8132992615979,174.16265985231956,30852.696298811938,4848.794228365575,6531.099744461984,207.72275685806866,50,100000,8,6394530,1
5,495.72910444719827,93.44020521751663,366.81953916817184,365.9234621838377,469.1753539819048,117.2938384954762,22520.12810170927,4418.769822485362,3518.815154864286,152.90690833686304,50,100000,8,8372552,1
5,439.65407399175655,95.57982979947124,337.0447865542961,204.126254875775,1094.0457199032085,273.5114299758021,87842.1801196347,4014.2542784342086,8205.342899274063,118.98006071422624,50,100000,8,8372552,1
5,279.86735252790993,131.7353038112792,308.56140137431623,277.17558891153624,870.600855881566,217.6502139703915,30711.077869135654,3087.0199225439187,6529.506419111744,120.89474806534159,50,100000,8,8372552,1
6,636.0747608409379,178.52631148246334,486.06288809696304,485.42385278855875,557.2535221219111,111.45070442438222,32156.980913122665,6109.508042425509,4179.4014159143335,153.8543254943658,50,100000,8,8372552,1
11,409.270369272893,183.60918731452415,421.5408434140716,409.99762813467527,942.590876629052,94.2590876629052,23104.525231800464,4446.596674405629,7069.43157471789,262.46081430590465,50,100000,8,8372552,1
4,530.1207082393491,190.75840029427715,377.2993786414013,376.1718228791096,422.45091140005337,140.81697046668447,15530.93609114676,5406.593314002197,3168.3818355004005,121.55500993676367,50,100000,8,8372552,1
5,591.3991621158026,218.74826948538828,457.5528616240522,452.187880190067,565.4974067145405,141.37435167863512,23946.325116277752,6076.105737008931,4241.230550359053,141.26750129138642,50,100000,8,8372552,1
8,353.8846969729485,280.8106450989128,390.1463465166128,373.07353196502316,980.8568268149818,140.12240383071168,17399.843721103323,4760.21506553896,7356.426201112364,179.67502427430495,50,100000,8,8372552,1
4,556.1946331563962,63.96320652600642,333.7651852334038,328.7917393428888,517.0413446927071,172.347114897569,40079.830553135354,4651.1837976180195,3877.810085195303,110.6747851216192,50,100000,8,7662622,1
8,464.17761395129855,71.09015932647836,319.80717766522673,279.6358974716117,920.9274863508927,131.56106947869895,35289.85189223959,4014.508299583327,6906.956147631695,185.91762350457824,50,100000,8,7662622,1
8,556.5068936996842,76.70019772757253,491.4311538802697,488.6270918508013,806.5142839679155,115.21632628113079,33579.09689745342,4749.053185704425,6048.857129759366,162.78444231827015,50,100000,8,7662622,1
2,518.0802978283281,177.86546642557798,347.97288212695304,343.70923460249645,357.1309094508894,357.1309094508894,31885.621621304843,5219.593231904296,2678.4818208816705,79.14902367736994,50,100000,8,7662622,1
5,613.3632890748002,213.55838277769925,399.6183812793354,398.0456435209704,456.10206072594775,114.02551518148694,19883.052675125724,6201.912538893746,3420.765455444608,151.6809820159382,50,100000,8,7662622,1
6,576.2955061991509,212.92194571541924,394.2475730105953,372.8601984665799,608.5444285221567,121.70888570443135,31535.156883382686,5919.130889359276,4564.083213916176,139.72006948437183,50,100000,8,7662622,1
5,516.8779844011563,216.03450209733057,442.29694889356125,439.4745307131671,488.14952891726966,122.03738222931742,19008.609294953425,5496.843648738652,3661.1214668795224,165.74340355975897,50,100000,8,7662622,1
6,435.1010535145248,230.09297643468622,389.2939952089503,357.00650599677255,831.3036883773259,166.26073767546518,31679.73281987243,4988.955224619082,6234.777662829944,187.36395148520185,50,100000,8,7662622,1
5,584.8356667384548,78.53264480063629,401.35219968234367,390.20480720476644,728.139275909193,182.03481897729824,46109.83656761852,4975.262336543184,5461.044569318948,104.01472042478149,50,100000,8,9758090,1
7,481.04356675529783,132.82393647143743,367.08852120063096,360.00569280711153,514.0868465029121,85.68114108381867,18505.435432425766,4604.006274200515,3855.6513487718403,239.2809828535703,50,100000,8,9758090,1
8,494.18592809696736,145.1777361591754,359.9140210850452,340.5064422796971,751.2146641119725,107.31638058742465,27444.240006577125,4795.227481921071,5634.109980839794,185.64223990844454,50,100000,8,9758090,1
4,578.1698888936018,189.82865838131596,418.5347219499254,415.6718469906596,423.66289168780816,141.22096389593605,24709.11934394693,5759.989104561882,3177.471687658561,132.78281204961627,50,100000,8,9758090,1
8,468.1979121260717,193.68571820427368,371.37473624938633,351.6114711088907,702.0152101825104,100.28788716893006,21221.686691812203,4964.12722747759,5265.114076368828,251.66813347261598,50,100000,8,9758090,1
7,563.306810049437,198.90916068773078,360.4273552479854,305.5680963326484,861.3090576029549,143.5515096004925,49628.1655994297,5716.6197805287575,6459.817932022162,215.34308246175772,50,100000,8,9758090,1
7,545.8148051734996,207.115955816791,396.69554298103577,352.16884261141803,714.0760909799759,119.01268182999598,50265.51202986863,5646.98070742718,5355.570682349819,233.24316586845438,50,100000,8,9758090,1
4,509.1554749949867,210.56388206325641,402.2997369015169,393.9908826290273,365.2275336408039,121.7425112136013,20345.98379032725,5397.8951779368235,2739.2065023060295,143.1261870221985,50,100000,8,9758090,1
9,406.7463807613709,42.07030744660153,321.901206593301,302.14515400588624,998.9508474679367,124.86885593349209,27860.86499633777,3366.1251615597935,7492.131356009525,278.39227647194633,50,100000,8,3862201,1
5,630.0572680753257,49.535964741009046,340.1281955641074,328.200767835702,800.2855503982664,200.0713875995666,47378.627336150596,5096.949246122511,6002.141627986998,142.39746083555357,50,100000,8,3862201,1
5,434.61499575281516,65.31229115882662,299.20774807782044,295.78518051736927,542.9828687497835,135.74571718744588,20521.955321683665,3749.454651837313,4072.371515623376,128.75409129271617,50,100000,8,3862201,1
4,480.79283046087147,89.2355287037928,325.4374240917189,320.8962299189603,480.8181935087537,160.27273116958457,24961.80495355108,4275.212693734982,3606.1364513156527,64.94595814550921,50,100000,8,3862201,1
8,454.9096517799869,87.65291201776783,339.8446513892335,334.9121271710972,654.9937565134671,93.57053664478101,20154.114693787174,4069.2192284831604,4912.453173851003,239.68510494117194,50,100000,8,3862201,1
7,624.6805729515933,208.39382285260209,458.36463528802136,450.0445757874381,592.9078192468854,98.81796987448091,27757.49103717082,6248.057968531465,4446.80864435164,153.63551096699732,50,100000,8,3862201,1
8,531.6518859888175,217.11916432174203,422.2833967194493,416.1276228582692,655.084860693521,93.58355152764587,19651.77532244484,5615.782877329197,4913.136455201407,237.384310679918,50,100000,8,3862201,1
4,600.2183081345324,220.26824295002547,417.4107016279959,416.8631399600789,391.928938601768,130.64297953392267,20928.8103170017,6153.649133134185,2939.46703951326,124.34468620156647,50,100000,8,3862201,1
9,496.5873132930233,112.25548798912229,396.4698162600914,377.98047940356156,988.6440263549175,123.58050329436469,42737.470523857926,4566.321009616092,7414.830197661881,275.14324621984144,50,100000,8,772250,1
5,551.4181871446189,119.73801162330825,340.6372998205909,338.3619414847003,512.5452179018915,128.13630447547288,22937.891718158917,5033.671490759453,3844.0891342641867,141.37766309660608,50,100000,8,772250,1
6,493.55423261104187,118.49350034994451,344.10910522801447,303.3339760144237,825.8126158913919,165.16252317827838,42942.692735079145,4590.3579972073985,6193.59461918544,182.33520882673938,50,100000,8,772250,1
3,451.3493507129525,132.1221542261498,286.46172442502916,208.35444461302416,674.026894041456,337.013447020728,55688.70954365904,4376.036287043267,5055.20170531092,98.09002131910415,50,100000,8,772250,1
12,486.02745799091696,142.55950809110857,315.6699101679582,249.23275183401014,975.7844956175866,88.7076814197806,44013.54494485142,4714.4022456151915,7318.383717131899,344.65924340690316,50,100000,8,772250,1
6,583.2232782470298,161.5055312811468,414.63577084876647,413.8917418749858,464.1307156903912,92.82614313807824,20775.528460906007,5585.466071461325,3480.980367677934,165.72085701501842,50,100000,8,772250,1
5,653.0897259457862,208.59562460516892,432.57981450207046,432.1918145080748,459.3571597157725,114.83928992894313,25007.36694306033,6462.640129132164,3445.178697868294,125.71140379060436,50,100000,8,772250,1
4,465.4551447237921,234.0062582149716,398.7821446028702,380.11468993039193,479.12414575655896,159.70804858551966,24774.946665578977,5245.960522040728,3593.431093174192,130.20164360352754,50,100000,8,772250,1
5,243.3744858607561,121.75443024662259,276.0229384145156,267.2862406475374,557.7564311253867,139.43910778134668,13109.720560747932,2738.4668708053405,4183.1732334404005,117.44732629858396,50,100000,10,4474730,1
6,322.0643555757218,236.140784299456,384.6707169201762,367.79522910775773,704.2087520218,140.84175040436,22886.619864336943,4186.538549063834,5281.565640163501,220.0017582010898,50,100000,10,4474730,1
5,308.6951637360695,192.55300993764715,339.7026396867771,322.33725927875895,682.5718245235381,170.64295613088453,24278.932789204133,3759.3613025528753,5119.288683926536,172.17761403185776,50,100000,10,4474730,1
4,427.89381258069847,418.24782487361,445.61610636077415,437.23448085573585,309.6254698609066,103.20848995363554,8150.762178297727,6346.062280907314,2322.1910239567997,81.4174614379943,50,100000,10,4474730,1
4,359.484136657431,185.14879995759392,320.449484990193,301.93220663151305,528.1757379939629,176.05857933132097,17958.405596181525,4084.7470246126873,3961.318034954722,149.5651894513653,50,100000,10,4474730,1
4,490.2474747111623,156.76310920803283,305.12959950715606,295.95722823336683,498.2882247840373,166.09607492801243,28765.33737880786,4852.579379393964,3737.16168588028,112.5352067870112,50,100000,10,4474730,1
4,444.9664042733789,193.39575656136637,351.50410887198734,325.53601832544945,524.6680381883734,174.88934606279113,28568.900586214,4787.716206260589,3935.0102864128007,127.43630943026491,50,100000,10,4474730,1
4,469.9375988017292,179.34654506109607,364.65396579682584,352.6545066842768,487.2933340241123,162.43111134137078,20765.189817171908,4869.63107897119,3654.7000051808423,118.6572228739906,50,100000,10,4474730,1
5,466.1570890651071,206.76024390417263,355.40729426409825,353.6502797546548,401.63350950469345,100.40837737617336,17725.922475935753,5046.879997269597,3012.251321285201,156.48344571735578,50,100000,10,4474730,1
3,366.721496450263,233.7208030273099,295.4876277815084,241.87791908122097,472.93592873601426,236.46796436800713,31801.020301619385,4503.317246081797,3547.019465520107,41.14169811201207,50,100000,10,4474730,1
4,453.8401291696521,107.88394399518006,281.42527868237545,241.4223485179836,588.6897126641211,196.2299042213737,35909.839326148125,4212.930548736241,4415.172844980908,113.1945008377885,50,100000,10,9944578,1
5,493.1125742226843,172.5437409334057,355.34522372977136,352.9674994178768,387.95393743091296,96.98848435772824,14678.639263305222,4992.422363670676,2909.654530731847,142.7497244013355,50,100000,10,9944578,1
7,523.333861781804,178.28375377544987,383.9287551210051,382.63720832102143,464.6422233169929,77.44037055283215,14446.609022109265,5262.132116679404,3484.8166748774465,164.8588826412628,50,100000,10,9944578,1
6,347.91725061432066,211.01134558364893,325.32698704822786,316.0527592439224,420.2628688088181,84.05257376176363,10101.402186841693,4191.964471484772,3151.971516066136,154.4580891373594,50,100000,10,9944578,1
3,587.3787227433144,212.9800233295434,408.9147874945348,401.73689069137725,479.4012207216912,239.7006103608456,29333.786707955256,6002.6905955464335,3595.509155412684,85.80877796350221,50,100000,10,9944578,1
6,537.4646896371733,220.93242849156937,369.57570611063517,367.79684183888713,392.19786822387647,78.4395736447753,13089.484715370696,5687.978385965569,2941.4840116790733,138.96529378175347,50,100000,10,9944578,1
4,452.46679135397244,218.05470689506092,390.97140154406736,390.11797505709455,278.1600390022826,92.72001300076086,10700.283506235824,5028.911236867751,2086.2002925171196,151.0633858928827,50,100000,10,9944578,1
4,458.88972573448643,246.31878858476284,332.42962271283875,330.33876823030477,254.0610828950696,84.68702763168987,7646.554693305428,5289.06385739437,1905.4581217130221,81.15608617386127,50,100000,10,9944578,1
5,561.7906297985179,250.1734163368243,368.4939709714151,358.709696396432,455.85224701177435,113.96306175294359,21065.438303510393,6089.730346015066,3418.8918525883078,178.56547587268093,50,100000,10,9944578,1
4,498.5010879403788,269.0755443634847,383.7631228943899,377.1143654972333,348.5753441812513,116.19178139375043,11662.638479601668,5756.824742278976,2614.3150813593847,92.10955598977269,50,100000,10,9944578,1
5,557.3459650034778,155.49351903369484,375.5646678832696,364.49550768025694,498.1841337289128,124.5460334322282,27717.911573923666,5346.296130278794,3736.381002966846,132.3709875505226,50,100000,10,9925823,1
4,402.3459997977377,156.67658528882106,286.23470810783033,253.03325890317885,478.97743616645704,159.659145388819,26657.063789529326,4192.669388149191,3592.330771248428,45.697480535310106,50,100000,10,9925823,1
4,459.60054587226546,168.10777912304764,367.6543720743424,353.2587930529231,586.0684388742422,195.3561462914141,25017.134904216102,4707.812437464848,4395.5132915568165,141.61380407706588,50,100000,10,9925823,1
5,424.91641778101825,187.75220517590407,308.6413694049465,306.2240588891605,308.6058687146119,77.15146717865298,7272.014463278043,4595.014672176917,2314.544015359589,133.86197768716823,50,100000,10,9925823,1
7,407.3196494864211,194.15735081237236,400.2249022831628,394.6755673785863,551.2246073086801,91.87076788478002,14673.496641374428,4511.077502240951,4134.1845548151005,162.15253504969544,50,100000,10,9925823,1
2,352.93341413440663,216.58072850446078,284.7570713194337,284.31935103473137,139.95870838550834,139.95870838550834,4897.11001323494,4271.356069791505,1049.6903128913125,82.57234117352003,50,100000,10,9925823,1
5,517.556554562949,224.9617254670912,395.7475554324151,393.7788674956104,361.10246503832536,90.27561625958134,11634.12896281813,5568.887100225302,2708.2684877874403,139.91380426830528,50,100000,10,9925823,1
6,468.327980434802,227.47032409291285,329.7890695074261,329.39082006606503,269.21500678897297,53.84300135779459,8009.299992211282,5218.487283957862,2019.1125509172973,220.04666411748244,50,100000,10,9925823,1
3,442.4666820499593,228.34937806101948,349.1761617487602,344.69874815156874,265.47301580608325,132.73650790304163,11126.924501566189,5031.12045083234,1991.0476185456243,100.82111853867326,50,100000,10,9925823,1
3,463.5085106216659,235.51344619594548,358.2820849367669,356.6995545516742,271.18169176301245,135.59084588150623,9948.969689138212,5242.664676132085,2033.8626882225933,71.61088509524706,50,100000,10,9925823,1
4,501.5339796655542,67.78415834045411,295.7701961086827,294.2165582845817,456.804730549729,152.26824351657635,28142.462857404986,4269.886035045062,3426.0354791229674,147.43603950863243,50,100000,10,3820097,1
3,462.8846951521443,80.38001333038373,256.2718311609043,250.14051404881846,408.1822213780217,204.09111068901086,27961.83795248818,4074.4853136189604,3061.366660335163,75.49487823401313,50,100000,10,3820097,1
5,511.7116059566172,101.20365172999608,319.76840520678445,311.49482689418386,539.342477697635,134.83561942440875,24227.91119895652,4596.8644326496,4045.0685827322623,188.2998732405698,50,100000,10,3820097,1
6,474.4070205525583,154.69714300549947,331.0422568969782,326.45042898224,510.8514673154891,102.17029346309782,14187.018989276652,4718.281226685433,3831.386004866168,174.22963436419522,50,100000,10,3820097,1
5,515.0361986011008,162.47980185386686,399.44502429585106,391.2004631907506,622.6416838231163,155.66042095577907,28193.279447022454,5081.370003412258,4669.812628673372,137.5607616186809,50,100000,10,3820097,1
4,564.5567743935512,169.39632511828748,335.9728419745019,329.7789775898743,448.87754697936606,149.62584899312202,28779.745269689978,5504.64824633879,3366.5816023452453,73.06535747832923,50,100000,10,3820097,1
4,461.4034660677891,175.44806994868665,420.0389993675735,413.03845411071904,645.5462191591851,215.18207305306169,27987.46819248148,4776.386520123568,4841.596643693888,78.63095073861709,50,100000,10,3820097,1
4,568.2490131521661,191.0766355624218,395.0372214930993,394.0482471387032,394.2361644686805,131.4120548228935,21808.612697007462,5694.942365359409,2956.7712335151036,109.33867480358819,50,100000,10,3820097,1
5,483.8935970769919,206.62282448740595,337.62318515801684,332.29910194845246,378.3997588633658,94.59993971584144,14073.995914056592,5178.873161732984,2837.9981914752434,121.88005908894527,50,100000,10,3820097,1
6,334.4190581827438,211.18751174148147,361.07522941515305,338.89236789735355,727.8160247172009,145.56320494344018,23132.891530831548,4092.0492744316894,5458.620185379006,179.9337096205714,50,100000,10,3820097,1
8,545.4696574021095,68.08890671666794,362.92874574241955,358.9434136435087,694.0653506605779,99.15219295151113,22655.677775047203,4601.689230890831,5205.490129954334,180.46560730529174,50,100000,10,9535879,1
4,375.23429866576856,133.70431831584054,349.4266230191273,322.2108821310082,758.404109691214,252.80136989707134,40422.12492218255,3817.0396273620686,5688.030822684105,122.42951399378721,50,100000,10,9535879,1
3,482.15376781343224,144.21180827286344,352.52966512864424,336.6539252095914,487.4715088273413,243.73575441367066,33071.78091247117,4697.7418206472175,3656.03631620506,101.14050633172997,50,100000,10,9535879,1
6,394.12950075654675,164.3256976217847,364.84514956850103,344.4545768632584,545.7697893207089,109.15395786414179,23392.601137094043,4188.413987837486,4093.273419905317,161.78487338753754,50,100000,10,9535879,1
5,445.84656113579354,177.73376928315636,376.9431568752393,369.47070178964566,422.72904097913363,105.68226024478341,15905.016785510676,4676.852478142124,3170.467807343502,188.8857623168851,50,100000,10,9535879,1
4,487.9060047466254,182.66752739476559,396.3497858567169,394.524736326282,393.1461012686839,131.04870042289463,16980.856752825395,5029.301491060432,2948.595759515129,69.64332717472938,50,100000,10,9535879,1
6,484.711886678459,182.30691643187558,378.41403054556923,376.7915362522611,431.7859381649214,86.35718763298428,11150.94881575091,5002.641023327509,3238.3945362369104,189.99873271577928,50,100000,10,9535879,1
2,420.3381274078899,187.61292556156778,303.97552648472885,298.3763881661972,260.0992624377524,260.0992624377524,16912.906580165694,4559.6328972709325,1950.7444682831429,78.10594621069096,50,100000,10,9535879,1
3,530.8307760638941,197.9140837459142,404.4046128235206,401.8685403328394,422.6080369967923,211.30401849839615,23722.1725061445,5465.586448573562,3169.5602774759423,34.09584299036187,50,100000,10,9535879,1
4,532.6362725268469,268.6370357693421,360.4023300295713,359.3299492400398,279.6559045094572,93.21863483648572,11476.548757280761,6009.549812221418,2097.4192838209287,82.1915068522798,50,100000,10,9535879,1
4,434.6620464935528,73.42751706538117,277.1192083106281,241.92175849116333,600.6044146606737,200.2014715535579,36839.1341588192,3810.6717266920045,4504.533109955053,86.42092354582648,50,100000,10,8271480,1
6,487.10802537015724,78.18233191857247,367.8382285396792,365.50398873885877,603.7333642803812,120.74667285607624,21953.410382572747,4239.677679665473,4528.00023210286,198.88193061510856,50,100000,10,8271480,1
5,462.2280325619515,87.59077363878522,287.67373421687927,284.07868394508637,430.0894975188861,107.52237437972153,16828.289030526124,4123.641046505525,3225.671231391646,135.9174536872632,50,100000,10,8271480,1
3,525.4239990109846,101.96101676663248,286.1849434060637,286.0419234509128,424.48318695164807,212.24159347582403,31481.988290258847,4705.387618332128,3183.6239021373603,63.514037352534004,50,100000,10,8271480,1
3,406.4245279071052,166.5278613009356,314.6258236808571,314.6170019653731,240.01898261597594,120.00949130798797,11182.089343630467,4297.142919060306,1800.1423696198196,51.94583854857137,50,100000,10,8271480,1
2,448.2547652858508,168.08206464981726,308.168414967834,301.36646472093366,308.3518215987413,308.3518215987413,23770.2114708155,4622.52622451751,2312.6386619905597,27.074635555497572,50,100000,10,8271480,1
6,476.2727304009752,168.61086857166467,387.15438673411586,385.61050805184846,531.7775786041029,106.35551572082059,21651.369320923768,4836.6269922947995,3988.331839530772,191.46145804124882,50,100000,10,8271480,1
10,430.9521607615515,207.3797166328998,392.4691767058463,377.0397268065658,650.39000105837,72.26555567315222,26997.045070607972,4787.489080458385,4877.925007937775,244.71339440714823,50,100000,10,8271480,1
5,442.7924758071537,210.43450260072237,331.06205434991955,330.8214308210744,243.13787422144188,60.78446855536047,6908.000885839264,4899.202338059071,1823.534056660814,120.54493385206743,50,100000,10,8271480,1
4,414.0445894973806,222.16785658063787,370.1515856788479,352.18076319973375,612.3393972282355,204.11313240941183,22983.115166047195,4771.593345585139,4592.545479211766,124.88720579580604,50,100000,10,8271480,1
7,450.33559236939396,90.41342549758544,353.7746514275758,350.0474609469077,631.0196928176872,105.16994880294787,19546.663915875502,4055.6176340023458,4732.647696132654,184.54944056103216,50,100000,10,6394530,1
4,560.6886603336391,94.30083071389777,337.6245570111947,336.8434972081445,481.2772420214134,160.42574734047113,30321.36288839052,4912.421182856526,3609.5793151606003,129.44516737726855,50,100000,10,6394530,1
3,492.5535561466339,116.42997160506894,314.8100424480753,308.6874181275826,459.4844742531973,229.74223712659864,27608.53293600661,4567.376458137772,3446.13355689898,102.7678298095174,50,100000,10,6394530,1
3,436.6180827997214,137.39439692843226,294.04355551668795,292.9751060944998,315.7891159888203,157.89455799441015,15648.716404067827,4305.093597961152,2368.418369916152,86.49140929256662,50,100000,10,6394530,1
4,541.4098095009869,159.2755689216484,347.09009291079144,330.6877739926095,520.4988029942853,173.49960099809508,30849.050569285726,5255.140338169765,3903.7410224571395,172.3853370816493,50,100000,10,6394530,1
4,410.63156416762075,171.9344203483549,301.39833257824426,291.93808555901154,390.4493738339933,130.14979127799776,12904.386380594031,4369.244883869817,2928.37030375495,98.57488259667424,50,100000,10,6394530,1
5,534.4105026430018,188.67976425510315,330.7581260136362,321.28571921888647,451.7546418429381,112.93866046073452,21007.23241341106,5423.177001735787,3388.1598138220356,132.08820063575303,50,100000,10,6394530,1
5,532.6489447497817,196.17030474601603,371.0935841864684,365.9053071320283,510.6448202990793,127.66120507476982,16025.871496964857,5466.144371218483,3829.8361522430946,192.7625426576305,50,100000,10,6394530,1
5,606.3415953677915,219.80313905065498,439.244944727404,432.7512238087552,488.0312696220601,122.00781740551503,26040.943587084756,6196.085508138348,3660.234522165451,119.40886942855984,50,100000,10,6394530,1
8,471.86679668558844,226.71847669953874,359.254759911497,351.47269356614663,437.57388836691285,62.51055548098755,10712.267450369916,5239.389550388453,3281.8041627518464,212.66814382294564,50,100000,10,6394530,1
5,495.72910444719827,93.44020521751663,366.81953916817184,365.9234621838377,469.1753539819048,117.2938384954762,22520.12810170927,4418.769822485362,3518.815154864286,152.90690833686304,50,100000,10,8372552,1
3,420.8673702875168,95.57982979947124,282.6693519287492,265.58969973123556,476.6153160794904,238.3076580397452,28194.59415308911,3873.35400065241,3574.614870596178,89.2224899292913,50,100000,10,8372552,1
3,462.6029218234887,131.7353038112792,325.3429391848419,322.98005880567706,377.8199226694533,188.90996133472666,21365.00211719269,4457.536692260759,2833.6494200209,44.83243196309367,50,100000,10,8372552,1
4,617.1237904707135,178.52631148246334,403.0265337669973,402.30961729543395,444.37941720085723,148.12647240028573,27067.524981523133,5967.375764648827,3332.845629006429,67.77932972196996,50,100000,10,8372552,1
4,541.4711624853421,183.60918731452415,358.58082801041394,344.7299127183079,528.8267169469312,176.27557231564376,26435.969930446237,5438.102623498998,3966.2003771019845,73.43367660384065,50,100000,10,8372552,1
4,530.1207082393491,190.75840029427715,377.2993786414013,376.1718228791096,422.45091140005337,140.81697046668447,15530.93609114676,5406.593314002197,3168.3818355004005,121.55500993676367,50,100000,10,8372552,1
4,564.1746586266547,218.74826948538828,424.0912865011146,420.978454145471,494.5542699066127,164.85142330220424,20864.154041301455,5871.921960840323,3709.1570242995954,128.67958484222163,50,100000,10,8372552,1
7,481.6988220573506,280.8106450989128,395.3265821657077,384.7511904264075,542.4593872829322,90.4098978804887,13028.700471183509,5718.821003671975,4068.4454046219917,143.97597900399794,50,100000,10,8372552,1
6,582.3723934884194,279.86735252790993,457.02305977874397,455.59927384161847,400.183243995482,80.0366487990964,12985.326145151424,6466.79809512247,3001.3743299661146,195.33519681000033,50,100000,10,8372552,1
4,353.8846969729485,286.9108367891453,345.28762328266794,269.5940260318552,658.3107641311055,219.4369213770352,48486.92312350564,4805.966503215704,4937.330730983292,105.45330226461856,50,100000,10,8372552,1
4,464.17761395129855,316.6386934998007,357.27029217097686,355.1053479260808,230.81450271406612,76.93816757135538,5528.798125767249,5856.122305883244,1731.1087703554958,103.20036193011511,50,100000,10,7662622,1
5,387.4433945802122,71.09015932647836,348.44612954785293,336.67241812414176,844.367546183533,211.09188654588326,32511.08781167573,3439.0016543001793,6332.756596376497,88.34935496258929,50,100000,10,7662622,1
6,608.8139935423845,76.70019772757253,444.31215191226823,441.2104330788282,608.6476098121937,121.72952196243872,39452.618793717644,5141.356434524679,4564.857073591453,141.97483390069942,50,100000,10,7662622,1
4,579.9829953031145,435.1010535145248,531.8231330627748,529.9361896702661,196.86002112830175,65.62000704276726,5218.172817980485,7613.1303661322945,1476.450158462263,122.85778953768971,50,100000,10,7662622,1
3,613.3632890748002,374.34668636885215,488.0703766920636,485.73316577830184,266.2218298622602,133.1109149311301,11864.397111701765,7407.824815827392,1996.6637239669517,102.45141781997931,50,100000,10,7662622,1
3,394.2554985841063,320.32239354278687,395.61733910579954,379.177217702094,370.86576437621216,185.43288218810608,16586.865340111905,5359.3341909516985,2781.493232821591,109.25816851128785,50,100000,10,7662622,1
5,516.8779844011563,177.86546642557798,434.6631417592107,425.9078235569415,595.9680864059503,148.99202160148758,27742.041883570542,5210.575881200507,4469.7606480446275,168.99984426717938,50,100000,10,7662622,1
4,230.09297643468622,213.55838277769925,311.9229191855663,278.1012743063942,839.7025858357478,279.90086194524923,30813.25059423312,3327.385194092891,6297.769393768108,89.58971037990548,50,100000,10,7662622,1
5,556.1946331563962,63.96320652600642,309.5965373298069,304.1983085152191,526.1790318447955,131.54475796119888,35077.610820533555,4651.1837976180195,3946.3427388359664,156.24057447323486,50,100000,10,7662622,1
4,459.6545522371872,216.03450209733057,334.2396625257021,309.8421124825076,520.2178988772336,173.4059662924112,25307.849490404595,5067.667907508883,3901.6342415792515,124.82780032271714,50,100000,10,7662622,1
3,452.9442170224889,78.53264480063629,277.2392711829632,276.4043332214891,385.4616046407371,192.73080232036855,24090.800951947767,3986.076463673439,2890.962034805528,42.317304617180994,50,100000,10,9758090,1
5,466.65103732635697,132.82393647143743,325.8391355202631,323.03201498853014,392.7831561731206,98.19578904328014,14517.011544829316,4496.062303483458,2945.873671298404,155.76998061199689,50,100000,10,9758090,1
5,481.04356675529783,145.1777361591754,351.18401209740244,346.1567623365685,395.2058775995934,98.80146939989835,18272.806360658364,4696.659771858549,2964.0440819969504,177.60011388944832,50,100000,10,9758090,1
4,578.1698888936018,189.82865838131596,418.5347219499254,415.6718469906596,423.66289168780816,141.22096389593605,24709.11934394693,5759.989104561882,3177.471687658561,132.78281204961627,50,100000,10,9758090,1
7,450.58218779784875,193.68571820427368,357.5428539812884,341.41893694425306,648.0543699117387,108.00906165195646,17662.99828702049,4832.009295015919,4860.40777433804,219.2136928626991,50,100000,10,9758090,1
4,584.8356667384548,198.90916068773078,414.6271805503662,413.03004341116696,486.8093974065855,162.2697991355285,32134.897549303376,5878.0862056963915,3651.0704805493915,131.45902148864772,50,100000,10,9758090,1
5,515.045075657148,207.115955816791,336.7674641944447,310.6259972097535,560.2646261796644,140.0661565449161,28043.279760060144,5416.207736054543,4201.984696347483,172.3338453643016,50,100000,10,9758090,1
4,509.1554749949867,210.56388206325641,402.2997369015169,393.9908826290273,365.2275336408039,121.7425112136013,20345.98379032725,5397.8951779368235,2739.2065023060295,143.1261870221985,50,100000,10,9758090,1
5,494.18592809696736,241.64997048628683,412.76321579929015,401.5066422918489,514.2773348458068,128.5693337114517,18603.963056374065,5518.769239374406,3857.0800113435507,91.55312826056961,50,100000,10,9758090,1
5,468.1979121260717,278.3498856260079,388.88341029477925,357.8155922112072,539.0134060371729,134.75335150929322,28439.547299236896,5599.108483140597,4042.6005452787967,129.3773107789334,50,100000,10,9758090,1
6,472.0913029335862,42.07030744660153,318.0187138588069,316.88041202745535,458.2274214007414,91.64548428014828,21913.07139263366,3856.212077851408,3436.7056605055604,200.7239194813728,50,100000,10,3862201,1
2,294.4429575818782,49.535964741009046,171.98946116144361,171.86788236486896,245.2481563446191,245.2481563446191,15036.664547608685,2579.841917421654,1839.3611725846433,54.10557659173993,50,100000,10,3862201,1
5,434.61499575281516,65.31229115882662,299.20774807782044,295.78518051736927,542.9828687497835,135.74571718744588,20521.955321683665,3749.454651837313,4072.371515623376,128.75409129271617,50,100000,10,3862201,1
4,480.79283046087147,89.2355287037928,325.4374240917189,320.8962299189603,480.8181935087537,160.27273116958457,24961.80495355108,4275.212693734982,3606.1364513156527,64.94595814550921,50,100000,10,3862201,1
8,454.9096517799869,87.65291201776783,339.8446513892335,334.9121271710972,654.9937565134671,93.57053664478101,20154.114693787174,4069.2192284831604,4912.453173851003,239.68510494117194,50,100000,10,3862201,1
5,526.7515007050552,208.39382285260209,393.2351492395818,387.3568491924428,453.0729573091722,113.26823932729305,18016.462188799364,5513.589926682429,3398.0471798187914,121.47542897005907,50,100000,10,3862201,1
7,589.2227435594652,217.11916432174203,406.65932682382527,405.1267336318437,451.9714612670065,75.32857687783441,15852.052946719428,6047.564309109054,3389.7859595025484,228.6249433757389,50,100000,10,3862201,1
4,600.2183081345324,220.26824295002547,417.4107016279959,416.8631399600789,391.928938601768,130.64297953392267,20928.8103170017,6153.649133134185,2939.46703951326,124.34468620156647,50,100000,10,3862201,1
3,406.7463807613709,250.67031559612133,330.053370966125,285.24483563897417,419.34886163303963,209.67443081651982,31634.18595290545,4930.625222681192,3145.1164622477972,54.13242339295591,50,100000,10,3862201,1
3,630.0572680753257,249.50877888461423,451.8335062620476,451.62896084019064,383.2602881277487,191.63014406387435,24611.41948624978,6596.745352199549,2874.452160958115,111.82781784143128,50,100000,10,3862201,1
3,464.01789576449124,132.1221542261498,307.49408510717126,273.10807798471023,470.33335291513265,235.16667645756633,38501.3464752582,4471.050374929808,3527.500146863495,80.90349614015955,50,100000,10,772250,1
4,237.3321133226567,119.73801162330825,215.62500151097288,155.67982159543,776.6351811536837,258.87839371789454,35226.573503478714,2678.025937094737,5824.763858652627,96.32655170489825,50,100000,10,772250,1
4,578.4640859745318,496.5873132930233,547.0633452999009,545.5915901657038,226.78792925446234,75.59597641815411,3520.496878382034,8062.885494506663,1700.9094694084677,100.82232071902793,50,100000,10,772250,1
3,493.55423261104187,269.98920410632314,409.666193813719,396.94720130372673,454.0258743970411,227.01293719852055,20145.733581167526,5726.575775380237,3405.1940579778084,91.83054099157184,50,100000,10,772250,1
9,275.99161951106544,142.55950809110857,297.0398194697093,287.11366249525224,793.1758299410492,99.14697874263115,10526.121251855948,3139.133457016305,5948.818724557869,238.21723659002876,50,100000,10,772250,1
6,340.8334336771563,161.5055312811468,402.80731313252824,399.2483375195778,748.2300950064682,149.64601900129364,23780.125252339243,3767.5422371872733,5611.725712548512,180.9865781526797,50,100000,10,772250,1
3,653.0897259457862,118.49350034994451,444.1976161096093,443.26084979694514,546.7873968480683,273.39369842403414,55286.0509622379,5786.8741972179805,4100.905476360512,80.59705002355092,50,100000,10,772250,1
5,495.4320720744772,208.59562460516892,368.8933800008372,357.81208349132515,441.0753556963418,110.26883892408544,16644.262354949147,5280.207725097346,3308.0651677225633,186.80998226901409,50,100000,10,772250,1
4,262.86306143479874,234.0062582149716,257.44333311838,237.13226522866125,282.82137103024735,94.27379034341578,10275.365658825502,3726.519897373277,2121.1602827268553,129.96394116358846,50,100000,10,772250,1
5,428.3338052230724,246.75383186306846,361.99423339746807,339.54237773817687,594.432514035225,148.60812850880626,23009.65646834226,5063.157278146056,4458.243855264188,136.7255028511288,50,100000,10,772250,1
4,418.24782487361,121.75443024662259,341.2854861367701,335.1084875609891,552.1755559832296,184.05851866107653,23538.25273028133,4050.016913401744,4141.3166698742225,119.982983852855,50,100000,12,4474730,1
3,490.2474747111623,152.4944418427394,336.4878043347216,335.1794300521723,346.85180360415904,173.42590180207952,20348.682074007767,4820.564374154263,2601.388527031193,60.33826980612961,50,100000,12,4474730,1
2,274.7349173874197,156.76310920803283,215.74901329772626,215.2363257082942,121.66014492534693,121.66014492534693,3700.297715814105,3236.235199465894,912.451086940102,61.488130024659135,50,100000,12,4474730,1
3,406.4148111146272,179.34654506109607,309.71221130366285,308.7385959851576,249.93054460232497,124.96527230116249,9762.067108600488,4393.2101713179245,1874.4790845174373,82.82182494054898,50,100000,12,4474730,1
3,359.484136657431,185.14879995759392,312.8075540751689,301.66400732781517,410.1439483636432,205.0719741818216,15191.916893075288,4084.7470246126873,3076.079612727324,125.5553018444898,50,100000,12,4474730,1
5,508.13745616678546,190.04151745898727,359.77521834785864,358.5208456746448,360.2929159788859,90.07322899472148,14298.59376308652,5236.342302193296,2702.1968698416445,146.32608192681207,50,100000,12,4474730,1
4,447.5720860245711,193.39575656136637,345.51585087031503,334.1023162680643,445.12664192265385,148.37554730755127,17732.531751563245,4807.25881939453,3338.4498144199038,137.95073965965673,50,100000,12,4474730,1
2,522.5906904795768,192.55300993764715,357.571850208612,346.82285939867353,373.1099028678397,373.1099028678397,34802.749904512195,5363.57775312918,2798.3242715087977,66.5314447050651,50,100000,12,4474730,1
5,466.1570890651071,206.76024390417263,397.98237241427097,396.5046198249217,346.86289059347445,86.71572264836861,10823.780616629772,5046.879997269597,2601.471679451058,145.10837292025352,50,100000,12,4474730,1
3,399.9394168931722,233.7208030273099,306.5602679291448,305.87289708409935,183.44865725324394,91.72432862662197,5236.679278771124,4752.451649403616,1375.8649293993294,70.33750774817959,50,100000,12,4474730,1
4,514.1911646904704,236.140784299456,369.45562244463747,368.00954915284746,301.66531089128415,100.55510363042805,11326.616487451156,5627.489617424448,2262.489831684631,165.96707360142324,50,100000,12,4474730,1
3,392.9209138733534,243.3744858607561,308.96989046724883,308.02756408201105,180.7182701749411,90.35913508747055,4477.2330403591395,4772.215498005821,1355.3870263120582,69.67783547015512,50,100000,12,4474730,1
4,487.1403677010502,107.88394399518006,309.1127856093238,307.28648198341165,418.00813371858544,139.33604457286182,19305.00224403917,4462.682337721727,3135.0610028893907,112.90893348026012,50,100000,12,9944578,1
4,427.03277525108,172.5437409334057,320.9033861065431,320.7564890919376,269.72374079945433,89.90791359981812,10406.140627050714,4496.823871383643,2022.9280559959075,135.40735326109476,50,100000,12,9944578,1
5,462.38093174941343,178.28375377544987,328.6168391787899,327.3226142109688,334.150794049291,83.53769851232275,8979.673011664738,4804.985141436475,2506.1309553696824,115.53879528717607,50,100000,12,9944578,1
3,493.1125742226843,211.01134558364893,349.23465793953204,345.6297999379009,320.03389254750584,160.01694627375292,15784.392173757878,5280.929398547499,2400.2541941062937,68.36676072615502,50,100000,12,9944578,1
2,426.3856164107467,212.9800233295434,319.68281987014507,318.79011732935504,218.68199013955135,218.68199013955135,11955.453202848708,4795.242298052176,1640.114926046635,50.28262797328228,50,100000,12,9944578,1
4,390.7004018893796,220.93242849156937,360.1559596035703,357.48940466118853,442.1122455294461,147.37074850981537,11997.541544112257,4587.2462278571165,3315.841841470846,60.08958583079649,50,100000,12,9944578,1
4,452.46679135397244,218.05470689506092,390.97140154406736,390.11797505709455,278.1600390022826,92.72001300076086,10700.283506235824,5028.911236867751,2086.2002925171196,151.0633858928827,50,100000,12,9944578,1
4,458.88972573448643,246.31878858476284,332.42962271283875,330.33876823030477,254.0610828950696,84.68702763168987,7646.554693305428,5289.06385739437,1905.4581217130221,81.15608617386127,50,100000,12,9944578,1
4,447.4732599469257,250.1734163368243,320.1698062646394,313.1133535242014,327.1052064293672,109.03506880978905,10230.45565288813,5232.350072128124,2453.289048220254,132.89383528047927,50,100000,12,9944578,1
2,376.77545738431616,269.0755443634847,322.92550087390043,322.5901838527598,111.64712647759058,111.64712647759058,3116.270212675776,4843.882513108507,837.3534485819293,63.051092998412784,50,100000,12,9944578,1
2,290.1585525340235,273.8184890306461,281.98852078233483,276.79242801722,108.99957915817674,108.99957915817674,2970.2270641649093,4229.827811735023,817.4968436863255,75.19424133492842,50,100000,12,9944578,1
4,347.91725061432066,275.1785053952919,349.3426306733639,343.4311520512969,271.022052342757,90.34068411425233,6397.906649503853,4673.218170072095,2032.6653925706773,93.43369955144513,50,100000,12,9944578,1
4,449.8042890400323,155.49351903369484,330.1193436032175,316.737884071025,383.245592435503,127.74853081183433,22737.089984060323,4539.733560552953,2874.3419432662727,124.0326408391399,50,100000,12,9925823,1
3,484.1403702012258,156.67658528882106,349.3788683254893,348.9278686147491,331.0770776885521,165.53853884427605,19865.591601997072,4806.127166175352,2483.0780826641408,48.86712010905237,50,100000,12,9925823,1
3,468.8614542363497,168.10777912304764,337.0056474750348,328.1712285186746,455.83921967278945,227.91960983639473,21637.97054841441,4777.26925019548,3418.794147545921,108.79800278704437,50,100000,12,9925823,1
5,424.91641778101825,187.75220517590407,308.6413694049465,306.2240588891605,308.6058687146119,77.15146717865298,7272.014463278043,4595.014672176917,2314.544015359589,133.86197768716823,50,100000,12,9925823,1
5,499.6374648441456,194.15735081237236,382.02285925889856,381.31142663347975,330.68098025659714,82.67024506414928,13160.577113253059,5203.461117423884,2480.1073519244787,124.87806624623417,50,100000,12,9925823,1
2,352.93341413440663,216.58072850446078,284.7570713194337,284.31935103473137,139.95870838550834,139.95870838550834,4897.11001323494,4271.356069791505,1049.6903128913125,82.57234117352003,50,100000,12,9925823,1
4,517.556554562949,224.9617254670912,384.1388977033722,382.6101118436542,316.3611258149988,105.45370860499959,13098.137645161936,5568.887100225302,2372.708443612491,103.48558185710424,50,100000,12,9925823,1
4,468.327980434802,227.47032409291285,360.3050263546198,360.2838524640846,241.3768061322501,80.4589353774167,8350.17410581086,5218.487283957862,1810.3260459918756,130.00540648462305,50,100000,12,9925823,1
3,442.4666820499593,228.34937806101948,349.1761617487602,344.69874815156874,265.47301580608325,132.73650790304163,11126.924501566189,5031.12045083234,1991.0476185456243,100.82111853867326,50,100000,12,9925823,1
3,463.5085106216659,235.51344619594548,358.2820849367669,356.6995545516742,271.18169176301245,135.59084588150623,9948.969689138212,5242.664676132085,2033.8626882225933,71.61088509524706,50,100000,12,9925823,1
3,442.1821863485865,237.40159326094712,326.565499324888,326.50593285001867,205.9717713205163,102.98588566025815,7377.95785752585,5096.8783470715025,1544.7882849038722,126.46948004406045,50,100000,12,9925823,1
3,402.3459997977377,244.72537950164775,329.42074904750007,313.4970117970048,311.11010148851847,155.55505074425923,14447.631336016813,4853.035344745391,2333.3257611638883,34.104829229719016,50,100000,12,9925823,1
3,462.8846951521443,67.78415834045411,252.0732128309278,248.1104550609243,416.4189612818709,208.20948064093545,28351.23200353337,3980.016401194488,3123.142209614032,76.8933267616171,50,100000,12,3820097,1
3,375.3320112094633,80.38001333038373,263.3770275741969,221.58525307894416,448.8815661385137,224.44078306925684,37290.36617039583,3417.8401840488527,3366.6117460388527,66.3017731299898,50,100000,12,3820097,1
4,399.83554624440177,101.20365172999608,271.78260501932635,264.6681248019965,418.85764443572236,139.61921481190745,16059.764772112372,3757.7939848079836,3141.432333267918,151.10425289239166,50,100000,12,3820097,1
4,474.4070205525583,154.69714300549947,321.65298312960067,320.0233574316778,337.2793091046336,112.42643636821121,16257.470105052544,4718.281226685433,2529.5948182847524,83.9330660642089,50,100000,12,3820097,1
3,400.3309092508545,162.47980185386686,287.37380357244444,280.1153554365127,283.67911750302017,141.83955875151008,13619.193586902451,4221.08033328541,2127.593381272651,101.2780980329619,50,100000,12,3820097,1
4,483.8935970769919,169.39632511828748,337.17084106448505,331.860310768148,416.41241005691495,138.80413668563833,17479.869322130686,4899.674416464595,3123.093075426862,84.95223572000378,50,100000,12,3820097,1
3,461.4034660677891,175.44806994868665,367.2593003551726,361.86963165347964,379.3805150992072,189.6902575496036,22327.60590890957,4776.386520123568,2845.3538632440536,45.040211535615256,50,100000,12,3820097,1
3,487.9935754968125,191.0766355624218,337.2999576067437,335.99047658055883,313.00010667469064,156.50005333734532,15584.931024488114,5093.026582944258,2347.5008000601797,71.7611801647589,50,100000,12,3820097,1
4,481.90091985032507,206.62282448740595,321.1316633609328,318.4696108375817,306.3695401012753,102.12318003375843,13396.882822403559,5163.928082532982,2297.7715507595644,107.84165194245747,50,100000,12,3820097,1
3,445.9641167311864,211.18751174148147,326.43273091948856,325.4862279481169,243.64723118391942,121.82361559195971,9812.904552282946,4928.637213545009,1827.3542338793957,91.00285807856787,50,100000,12,3820097,1
2,396.35804276918094,213.58022561698797,304.96913419308447,304.58521691343026,185.3208143626431,185.3208143626431,8585.951059008305,4574.537012896267,1389.9061077198232,50.89141848809792,50,100000,12,3820097,1
3,501.5339796655542,222.20527539612755,371.7655420314256,370.87563209162164,294.80093903062624,147.40046951531312,13860.829514971725,5428.044412962613,2211.007042729697,126.72181615767148,50,100000,12,3820097,1
3,363.02842656823793,68.08890671666794,245.8155333854813,243.32252093907522,354.36090126422164,177.18045063211082,17548.603289365226,3233.379999636794,2657.706759481662,57.116663776486185,50,100000,12,9535879,1
3,375.23429866576856,133.70431831584054,281.7679211815608,252.6053591222342,495.4249172005874,247.7124586002937,26796.911027357957,3817.0396273620686,3715.6868790044055,80.97934890488415,50,100000,12,9535879,1
2,431.22341929963716,144.21180827286344,287.7176137862503,279.55679991404895,317.63713335009356,317.63713335009356,25223.337120716278,4315.764206793754,2382.2785001257016,65.12957908496497,50,100000,12,9535879,1
5,458.03304960803683,164.3256976217847,358.9882793308918,337.99674429859647,462.4129640509774,115.60324101274435,25140.456161196948,4667.6906042236615,3468.0972303823305,127.18498219547669,50,100000,12,9535879,1
5,445.84656113579354,177.73376928315636,376.9431568752393,369.47070178964566,422.72904097913363,105.68226024478341,15905.016785510676,4676.852478142124,3170.467807343502,188.8857623168851,50,100000,12,9535879,1
4,487.9060047466254,182.66752739476559,396.3497858567169,394.524736326282,393.1461012686839,131.04870042289463,16980.856752825395,5029.301491060432,2948.595759515129,69.64332717472938,50,100000,12,9535879,1
5,484.711886678459,182.30691643187558,381.49115134103556,379.93463660282197,357.1460781582979,89.28651953957447,13039.116938667496,5002.641023327509,2678.595586187234,154.00866053202623,50,100000,12,9535879,1
2,420.3381274078899,187.61292556156778,303.97552648472885,298.3763881661972,260.0992624377524,260.0992624377524,16912.906580165694,4559.6328972709325,1950.7444682831429,78.10594621069096,50,100000,12,9535879,1
2,484.4689786607534,197.9140837459142,341.1915312033338,340.2283396283562,291.0997411783188,291.0997411783188,21184.764828521053,5117.872968050007,2183.248058837391,15.698928558436348,50,100000,12,9535879,1
3,532.6362725268469,268.6370357693421,382.92995023206305,381.59378563212755,277.66985743888347,138.83492871944173,13264.51711356976,6009.549812221418,2082.523930791626,57.023126134242,50,100000,12,9535879,1
2,482.15376781343224,292.81946942209584,387.48661861776407,381.1448618114247,235.25597173643374,235.25597173643374,13836.343059413426,5812.299279266461,1764.419788023253,61.17930796480282,50,100000,12,9535879,1
5,519.8628949215375,297.07843398842664,396.7084269898081,396.3194088095924,235.71146995368275,58.92786748842069,6122.436136518774,6127.0599668247305,1767.8360246526206,124.31113202374091,50,100000,12,9535879,1
4,492.37000095745856,73.42751706538117,347.09293805967854,346.86815884077635,433.28917101914874,144.42972367304958,26804.86148801384,4243.481385171298,3249.6687826436155,129.53666262706912,50,100000,12,8271480,1
4,476.2727304009752,78.18233191857247,342.08946661642943,339.8613145002682,512.2708412021708,170.75694706739026,28748.598546925467,4158.412967396607,3842.031309016281,133.54746594367782,50,100000,12,8271480,1
5,462.2280325619515,87.59077363878522,287.67373421687927,284.07868394508637,430.0894975188861,107.52237437972153,16828.289030526124,4123.641046505525,3225.671231391646,135.9174536872632,50,100000,12,8271480,1
3,495.5645692664311,101.96101676663248,315.45163780133515,313.44325385744725,402.52437623381167,201.26218811690583,27640.723573380146,4481.441895247976,3018.9328217535876,71.79725385417993,50,100000,12,8271480,1
3,525.4239990109846,166.5278613009356,354.29231404881693,353.40568324731845,371.7687010940707,185.88435054703535,22233.530935200106,5189.638952339402,2788.2652582055302,68.5844940247598,50,100000,12,8271480,1
2,448.2547652858508,168.08206464981726,308.168414967834,301.36646472093366,308.3518215987413,308.3518215987413,23770.2114708155,4622.52622451751,2312.6386619905597,27.074635555497572,50,100000,12,8271480,1
4,507.1219990474286,168.61086857166467,321.54385896833094,321.1684473258281,350.2273293656582,116.74244312188607,17128.209558455143,5067.996507143199,2626.7049702424365,160.42621739572706,50,100000,12,8271480,1
4,434.6620464935528,207.3797166328998,310.60725820250775,305.0495881002254,373.8175226925427,124.60584089751423,11713.706842247531,4815.313223448395,2803.6314201940704,68.20565137623167,50,100000,12,8271480,1
5,442.7924758071537,210.43450260072237,331.06205434991955,330.8214308210744,243.13787422144188,60.78446855536047,6908.000885839264,4899.202338059071,1823.534056660814,120.54493385206743,50,100000,12,8271480,1
3,430.9521607615515,222.16785658063787,355.72153561319004,344.20429752215335,313.9347675344034,156.9673837672017,17027.149385527387,4898.40013006642,2354.5107565080257,82.95993996737472,50,100000,12,8271480,1
5,495.46830546409984,226.54917056478072,340.38821611615367,333.90853894224824,346.3562590131774,86.58906475329435,13593.692073115299,5415.131070216604,2597.6719425988304,152.18281087096827,50,100000,12,8271480,1
2,406.4245279071052,231.16981444057393,318.79717117383956,318.5443943433252,177.0836957932094,177.0836957932094,7839.658828945481,4781.957567607594,1328.1277184490705,33.99431359634579,50,100000,12,8271480,1
4,500.2142085368703,90.41342549758544,346.5131942064507,345.12301176884495,418.39843983790456,139.46614661263484,25738.05573727363,4429.707255258418,3137.9882987842843,107.02172102092109,50,100000,12,6394530,1
3,418.4968447042349,94.30083071389777,263.2698559037132,262.2286325113849,333.9862210077158,166.9931105038579,18158.759015370513,3845.9825656359953,2504.896657557869,92.82123044096811,50,100000,12,6394530,1
3,492.5535561466339,116.42997160506894,314.8100424480753,308.6874181275826,459.4844742531973,229.74223712659864,27608.53293600661,4567.376458137772,3446.13355689898,102.7678298095174,50,100000,12,6394530,1
3,436.6180827997214,137.39439692843226,294.04355551668795,292.9751060944998,315.7891159888203,157.89455799441015,15648.716404067827,4305.093597961152,2368.418369916152,86.49140929256662,50,100000,12,6394530,1
3,398.02273869818873,159.2755689216484,282.316854047393,277.27367767866355,302.22140292805796,151.11070146402898,12349.052975214217,4179.737307148778,2266.660521960435,126.24759601924677,50,100000,12,6394530,1
3,323.08228398884506,171.9344203483549,264.9872553817854,260.62656827892914,267.5660732056989,133.78303660284945,6710.6743175060865,3712.6252825289994,2006.7455490427417,87.87336324884711,50,100000,12,6394530,1
7,379.0961083245848,188.67976425510315,337.7332243088503,336.13750133307616,330.8250606668529,55.13751011114215,6369.163930725057,4258.31904434766,2481.187955001397,213.02151104592411,50,100000,12,6394530,1
4,395.68283801870535,196.17030474601603,330.70474404564004,326.1840370222186,366.68089012136977,122.22696337378993,10065.956011559767,4438.89857073541,2750.106675910273,149.72034873520158,50,100000,12,6394530,1
2,453.92943114643293,219.80313905065498,336.8662850985439,335.968498616921,239.23078510772655,239.23078510772655,14307.842135814808,5052.994276478159,1794.230888307949,45.973971690315324,50,100000,12,6394530,1
2,346.51492479508426,226.71847669953874,286.6167007473115,286.2902550739411,122.87913152441796,122.87913152441796,3774.820241048802,4299.250511209672,921.5934864331347,27.61410269515364,50,100000,12,6394530,1
3,450.33559236939396,258.6029381944674,363.4565943890759,361.10483513882446,253.63248606693816,126.81624303346908,7992.439992721706,5317.038979228961,1902.243645502036,77.52771954011106,50,100000,12,6394530,1
4,410.63156416762075,261.8648963939742,335.3329818344242,331.02499063825843,268.80171689947923,89.60057229982641,7568.048486261009,5043.723454211962,2016.0128767460942,74.28950138007141,50,100000,12,6394530,1
4,496.53891406578435,93.44020521751663,359.3083158180515,358.8010304505474,421.1601653205479,140.38672177351597,27411.611436010266,4424.843394624757,3158.701239904109,121.48154261549075,50,100000,12,8372552,1
2,389.57999624100347,95.57982979947124,242.57991302023737,217.5411130878898,364.0324314359916,364.0324314359916,33129.90278429998,3638.6986953035607,2730.243235769937,27.602848856071738,50,100000,12,8372552,1
3,439.65407399175655,280.8106450989128,353.9938578635641,350.9085356221781,245.01302801857946,122.50651400928973,6457.894656167319,5403.485393180021,1837.597710139346,74.80002858740268,50,100000,12,8372552,1
4,477.7570354575174,178.52631148246334,331.63580007413384,329.9986417348895,392.6891969346194,130.89639897820646,12294.156669820752,4922.125102049856,2945.1689770096455,69.11582916226533,50,100000,12,8372552,1
3,391.24515787918705,317.99780436260244,346.77585077915813,345.81739118937656,132.24754227146667,66.12377113573334,1681.126265031581,5319.322216813421,991.856567036,68.58664242153951,50,100000,12,8372552,1
4,396.8644325686531,190.75840029427715,343.98530972372726,338.77223521239864,373.8915667108947,124.63052223696491,11387.902201996683,4407.171246471978,2804.1867503317103,131.9683121892294,50,100000,12,8372552,1
3,523.8622216514119,131.7353038112792,291.44859831602645,291.3062305194417,394.23404150539557,197.11702075269778,28352.887709438884,4916.981440970183,2956.7553112904666,88.29134724342732,50,100000,12,8372552,1
3,424.6134110507801,412.4124810137527,438.05973608159957,436.5007893939621,153.57928045347825,76.78964022673912,2152.357685755401,6277.694190483997,1151.844603401087,38.69998744231636,50,100000,12,8372552,1
4,479.7724817978205,279.86735252790993,396.0358065992358,394.46697224760584,231.20087754201057,77.0669591806702,7605.058984500396,5697.298757442978,1734.0065815650794,102.17132031727516,50,100000,12,8372552,1
2,397.56180299347585,349.0805452588691,373.3211741261725,371.64707497427327,85.66816916202323,85.66816916202323,1834.7588018932572,5599.817611892588,642.5112687151742,22.63355533722721,50,100000,12,8372552,1
2,353.8846969729485,183.60918731452415,268.7469421437363,212.07617343276743,371.4676452725462,371.4676452725462,34497.052871082546,4031.2041321560446,2786.0073395440963,45.240677315178054,50,100000,12,8372552,1
3,462.6029218234887,286.9108367891453,377.0681168441306,373.17347019609235,224.5325832711439,112.26629163557195,8077.227644049988,5621.353189594755,1683.9943745335793,67.23790704249124,50,100000,12,8372552,1
3,359.84585952111865,71.09015932647836,214.61932152100542,168.57289332488065,580.1635762755475,290.08178813777374,31542.715747677325,3232.0201413569775,4351.2268220666065,86.23966417922097,50,100000,12,7662622,1
3,476.5011546325384,213.55838277769925,339.5045790049933,334.5718766746803,356.00049134788753,178.00024567394377,14909.224157969331,5175.446530576783,2670.0036851091563,90.93532598911995,50,100000,12,7662622,1
3,230.09297643468622,177.86546642557798,308.67958022953076,305.6985576124345,645.2161262475548,322.6080631237774,24210.424190093956,3059.6883214519817,4839.120946856661,113.08693727513379,50,100000,12,7662622,1
3,459.6545522371872,76.70019772757253,330.5661960360947,330.4999522280023,396.12509221127385,198.06254610563693,32270.861130319503,4022.6606247356985,2970.938191584554,40.00298522189686,50,100000,12,7662622,1
3,396.3918659434803,216.03450209733057,359.61562677940384,350.3510794585278,431.311816409141,215.6559082045705,17702.625047032867,4593.197760306081,3234.8386230685574,102.3019269991566,50,100000,12,7662622,1
4,382.9433002125722,63.96320652600642,240.06665637930013,226.365281019168,457.1192647716996,152.3730882572332,19418.90263514386,3351.79880053934,3428.394485787747,128.88234407775175,50,100000,12,7662622,1
2,464.17761395129855,342.43325486700735,403.30543440915295,402.8548268307673,127.57247611172713,127.57247611172713,4068.684165319297,6049.581516137294,956.7935708379534,55.68619797498846,50,100000,12,7662622,1
3,435.1010535145248,394.2554985841063,434.9808900079228,429.8532069508382,228.0044468561258,114.0022234280629,5537.047306197955,6220.174140739733,1710.0333514209435,99.24708816284465,50,100000,12,7662622,1
3,531.2281133922191,310.9968392100973,403.1897644046958,401.91371216222484,238.5231260169191,119.26156300845955,9753.43698812173,6316.687144517373,1788.9234451268933,59.11989431358271,50,100000,12,7662622,1
3,472.2741251905054,320.32239354278687,388.9810683673815,378.8561885380915,262.4524280512883,131.22621402564414,11729.563981315727,5944.473890499692,1968.393210384662,77.18698726584789,50,100000,12,7662622,1
2,316.6386934998007,305.83160636580095,311.2351499328008,311.2340422062018,10.933948739895001,10.933948739895001,29.887808761662868,4668.527248992013,82.0046155492125,47.51416395512665,50,100000,12,7662622,1
3,452.9442170224889,78.53264480063629,277.2392711829632,276.4043332214891,385.4616046407371,192.73080232036855,24090.800951947767,3986.076463673439,2890.962034805528,42.317304617180994,50,100000,12,9758090,1
5,466.65103732635697,132.82393647143743,325.8391355202631,323.03201498853014,392.7831561731206,98.19578904328014,14517.011544829316,4496.062303483458,2945.873671298404,155.76998061199689,50,100000,12,9758090,1
5,481.04356675529783,145.1777361591754,351.18401209740244,346.1567623365685,395.2058775995934,98.80146939989835,18272.806360658364,4696.659771858549,2964.0440819969504,177.60011388944832,50,100000,12,9758090,1
3,520.5546742948627,189.82865838131596,365.32299963536667,361.8880010186633,359.8782505090716,179.9391252545358,20933.206210400323,5327.874995071341,2699.0868788180373,85.69866312841398,50,100000,12,9758090,1
5,387.1125230800068,193.68571820427368,330.6197676758937,320.7013517731662,488.1621700928446,122.04054252321114,12608.438166458222,4355.986809632103,3661.2162756963344,137.7983659898256,50,100000,12,9758090,1
2,401.7143376935464,198.90916068773078,300.3117491906386,236.75201185214806,421.5121186442514,421.5121186442514,44418.11654099137,4504.676237859579,3161.3408898318858,58.410192207492415,50,100000,12,9758090,1
4,399.1189516917017,207.115955816791,321.1876729839071,317.32407318002055,239.28431630862744,79.76143876954248,8431.328960872743,4546.761806313695,1794.632372314706,152.4628336645925,50,100000,12,9758090,1
2,494.18592809696736,210.56388206325641,352.3749050801119,343.4982935157504,324.2675582359258,324.2675582359258,26287.36233107237,5285.623576201679,2432.006686769443,56.23536391758592,50,100000,12,9758090,1
3,435.7356103997623,241.64997048628683,352.7367133385112,347.8746156704106,319.5820525859498,159.7910262929749,10079.110186378404,5080.3918566453685,2396.8653943946233,38.221558728234974,50,100000,12,9758090,1
3,458.75714419365283,278.3498856260079,358.1682672180926,336.19744001206686,353.500501376252,176.750250688126,20895.958867896665,5528.302723647455,2651.25376032189,73.16797893091771,50,100000,12,9758090,1
4,509.1554749949867,283.160505071149,420.44889265349,419.7638359445258,243.66050155061058,81.22016718353686,8333.802218914281,5942.3698504960175,1827.4537616295793,120.78581567472261,50,100000,12,9758090,1
6,472.0913029335862,42.07030744660153,318.0187138588069,316.88041202745535,458.2274214007414,91.64548428014828,21913.07139263366,3856.212077851408,3436.7056605055604,200.7239194813728,50,100000,12,3862201,1
2,294.4429575818782,49.535964741009046,171.98946116144361,171.86788236486896,245.2481563446191,245.2481563446191,15036.664547608685,2579.841917421654,1839.3611725846433,54.10557659173993,50,100000,12,3862201,1
3,434.61499575281516,65.31229115882662,270.3404775641566,267.92655372062325,395.4370349838073,197.71851749190364,24860.514294302626,3749.454651837313,2965.7777623785546,61.417665636357334,50,100000,12,3862201,1
4,480.79283046087147,89.2355287037928,325.4374240917189,320.8962299189603,480.8181935087537,160.27273116958457,24961.80495355108,4275.212693734982,3606.1364513156527,64.94595814550921,50,100000,12,3862201,1
4,502.5455561160049,87.65291201776783,327.56649332543196,326.59175257170943,461.1345908227736,153.71153027425785,27709.46401540013,4426.488511003296,3458.5094311708017,116.64805224749952,50,100000,12,3862201,1
2,430.5266301547861,208.39382285260209,319.4602265036941,318.4538877964737,227.83944948221583,227.83944948221583,12977.703685089793,4791.903397555412,1708.7958711166186,65.85186271068949,50,100000,12,3862201,1
6,493.34727284443755,217.11916432174203,376.23209070121857,374.7206650483295,327.1347375037369,65.42694750074739,11696.860056027785,5328.498278746347,2453.510531278027,187.25194574893933,50,100000,12,3862201,1
3,493.503673629493,220.26824295002547,356.4748327924837,355.7539633666748,285.0046066274394,142.5023033137197,12956.695441446427,5353.289374346388,2137.5345497057956,117.26221653443109,50,100000,12,3862201,1
3,406.7463807613709,250.67031559612133,330.053370966125,285.24483563897417,419.34886163303963,209.67443081651982,31634.18595290545,4930.625222681192,3145.1164622477972,54.13242339295591,50,100000,12,3862201,1
2,475.9344718262028,249.50877888461423,362.7216253554085,362.7059349116483,226.52620940064403,226.52620940064403,12828.530886356108,5440.824380331127,1698.9465705048303,88.21655084362212,50,100000,12,3862201,1
4,463.7174754963878,249.8204465460639,352.12280945303513,350.10469525476543,265.62276765447166,88.54092255149055,7695.560737419688,5351.534415318388,1992.1707574085374,123.0370526936724,50,100000,12,3862201,1
4,463.9896593861226,254.49067754184645,371.3802750455245,367.1954280214028,280.98306679594,93.66102226531332,11212.350160938855,5388.602526959768,2107.37300096955,89.51604354786325,50,100000,12,3862201,1
6,465.4551447237921,299.31982324605156,376.31188398647026,367.6060484373514,261.6341948185995,52.3268389637199,11614.066119220894,5735.8122597738275,1962.2564611394962,133.2984575020793,50,100000,12,772250,1
2,512.2516066577888,496.5873132930233,504.4194599754061,503.95397735306244,46.07484491839941,46.07484491839941,530.722833563639,7566.291899631091,345.56133688799554,48.538009785179106,50,100000,12,772250,1
2,486.02745799091696,393.1743931088044,439.6009255498607,438.74183482125466,107.88881381261807,107.88881381261807,2909.9990364734417,6594.01388324791,809.1661035946355,65.27727442324615,50,100000,12,772250,1
3,262.86306143479874,132.1221542261498,223.63296133231128,211.83818823355847,334.33496407357643,167.16748203678821,9351.78369887457,2962.389117457114,2507.5122305518234,110.68982496207408,50,100000,12,772250,1
5,275.99161951106544,142.55950809110857,249.21047254878005,235.55155692609634,394.3694904794868,98.5923726198717,9500.275591951451,3139.133457016305,2957.771178596151,162.25364588109943,50,100000,12,772250,1
5,515.9045244544307,161.5055312811468,380.9182693691138,380.041543441306,385.6972293590242,96.42430733975606,18036.829744766605,5080.575418016831,2892.7292201926816,122.58639192442777,50,100000,12,772250,1
2,511.9035327527107,271.72999921366124,391.816765983186,391.8135906830676,240.19425317623654,240.19425317623654,14423.319814722503,5877.2514897477895,1801.456898821774,69.98043818848112,50,100000,12,772250,1
3,495.4320720744772,118.49350034994451,338.05355860755384,329.5752919576237,437.16061825702764,218.58030912851382,31274.055483511085,4604.441793183163,3278.7046369277073,141.69562850196064,50,100000,12,772250,1
4,340.8334336771563,237.3321133226567,313.31329602148844,273.10230313342294,510.3153715161364,170.10512383871213,29627.94796380576,4336.241602498597,3827.365286371023,132.2696304540272,50,100000,12,772250,1
3,381.60165487546976,208.59562460516892,316.266574843823,315.9539506693389,176.7758691619068,88.3879345809534,6082.324791287433,4426.47959610479,1325.819018714301,94.22992436372992,50,100000,12,772250,1
2,326.3422053308726,256.9903444877644,291.66627490931853,255.82079061677885,288.63374132824305,288.63374132824305,20827.359158284777,4374.994123639778,2164.753059961823,50.07598838595534,50,100000,12,772250,1
3,234.0062582149716,112.25548798912229,155.33325260913406,107.89467361630481,295.95052552830333,147.97526276415167,15591.211036881543,2596.963096530704,2219.628941462275,70.49785228478503,50,100000,12,772250,1
18,399.9394168931722,49.831425847933446,338.47454737016574,314.208764954171,1839.3661668130492,108.1980098125323,40912.94136178578,3373.2813205582925,13795.24625109787,522.1339923418877,100,100000,3,4474730,1
23,427.89381258069847,121.75443024662259,352.1319482525051,321.577705923052,1551.5458611327022,70.52481186966828,30836.787606808342,4122.361821204908,11636.593958495267,501.4580330132964,100,100000,3,4474730,1
19,566.8423076916084,146.7101554060179,388.34020616025055,349.611566472355,1347.950724176618,74.88615134314544,44848.17149163692,5351.643473232197,10109.630431324635,438.23209837104133,100,100000,3,4474730,1
22,630.9042617153592,62.98864201150246,381.3562750941667,354.04536119798314,1471.4840683668522,70.07066992223106,46263.00503684174,5204.196777951463,11036.130512751392,599.5902591700811,100,100000,3,9944578,1
19,303.7469358095715,103.89035690060813,387.08760162421686,355.7616486741053,1514.4898684419811,84.1383260245545,39230.949411401256,3057.2796953263473,11358.674013314858,537.7166507210561,100,100000,3,9944578,1
27,435.6026872856204,107.88394399518006,307.997040354305,255.4908054310325,1802.1399005848018,69.31307309941545,45177.60106305297,4076.149734606003,13516.049254386013,819.1680685203463,100,100000,3,9944578,1
20,244.72537950164775,99.10274163246902,374.964952336304,349.3078319906253,1785.7178738674054,93.98515125617924,35850.39486818713,2578.710908505876,13392.88405400554,563.8153986158316,100,100000,3,9925823,1
25,482.53734763445647,116.33985615200693,429.35662483723337,383.1582738127879,1681.4152477626158,70.05896865677566,58240.74264209863,4491.579028398475,12610.614358219618,747.5292606133644,100,100000,3,9925823,1
24,468.8614542363497,122.24898152814023,356.22275549744126,333.57333531001916,1766.6399872902678,76.81043423001164,28893.416707903,4433.328268233674,13249.799904677007,762.664976792917,100,100000,3,9925823,1
26,477.40211434024565,67.78415834045411,446.7602279556585,412.0659379461774,1833.987984939767,73.35951939759069,52273.671982326065,4088.8970451052483,13754.909887048254,780.6696207654826,100,100000,3,3820097,1
22,293.7968469429746,72.40371882462325,334.0499219899055,219.05840088079228,1748.9172317800808,83.28177294190861,77272.6379373186,2746.5042432569835,13116.879238350606,623.1430830030476,100,100000,3,3820097,1
24,544.0113542309882,74.55049754121872,320.55679445635553,271.9049716964993,1822.505169326971,79.23935518812918,54341.25287798853,4639.213888291552,13668.788769952283,658.3162271926382,100,100000,3,3820097,1
27,306.32926687153804,31.84649852484742,316.2283213060918,234.8646646831779,1760.6095917316136,67.71575352813899,54859.12028246603,2536.3182404728914,13204.571937987103,898.9837415032362,100,100000,3,9535879,1
30,456.22450832378195,68.08890671666794,341.84298625828745,271.33529642167446,1861.7564808444565,64.19849933946402,53108.9846812579,3932.350612803374,13963.173606333425,766.8514624533904,100,100000,3,9535879,1
23,427.7566693896289,93.00298659927914,395.2500158247442,359.22886747869654,1817.5957659778,82.61798936262727,51295.167070879375,3905.69741991681,13631.9682448335,789.7501195323055,100,100000,3,9535879,1
25,268.35420142847425,73.42751706538117,332.4224074129423,295.8680627401212,1774.9607043391006,73.9566960141292,39741.52975587243,2563.3628887039154,13312.205282543255,806.5622296237419,100,100000,3,8271480,1
22,362.7293356140367,78.18233191857247,395.0740939310833,371.2859566907613,1775.1033018038074,84.52872865732417,41825.276551467025,3306.8375064945685,13313.274763528556,706.8458920788502,100,100000,3,8271480,1
22,168.08206464981726,87.59077363878522,346.55647583923223,312.17470793631827,1807.224565659011,86.05831265042909,35962.320934282274,1917.5462871645184,13554.184242442583,596.7935124836555,100,100000,3,8271480,1
23,223.92871589321925,90.41342549758544,393.3832473505364,367.396214609724,1835.914832830665,83.45067421957569,44437.420776956526,2357.566060431035,13769.361246229988,593.0952310483902,100,100000,3,6394530,1
25,226.71847669953874,94.30083071389777,279.6876690056666,229.4242670307403,1774.661905639077,73.94424606829487,36224.45841031345,2407.644805600774,13309.964292293078,757.5575824005166,100,100000,3,6394530,1
22,560.6886603336391,118.10680802300975,374.0608711442176,322.91248607205745,1598.9421251404428,76.14010119716394,54048.595416574506,5090.966012674866,11992.065938553322,582.2718461004931,100,100000,3,6394530,1
25,412.4124810137527,82.01049772230365,369.8651881625673,276.41510730435425,1792.496723278589,74.6873634699412,73925.03813710637,3708.172340520423,13443.725424589416,707.0695351727236,100,100000,3,8372552,1
22,349.0805452588691,89.81829001152921,352.8384555606481,292.35702434014934,1834.8861664920444,87.3755317377164,62163.4683044496,3291.7412645279874,13761.646248690333,634.9321347770543,100,100000,3,8372552,1
22,420.8673702875168,93.44020521751663,381.1228408876983,333.9551372836841,1794.8217316725636,85.46770150821732,60501.51002101989,3857.306816287751,13461.162987544227,675.6683676641958,100,100000,3,8372552,1
27,554.5081778109188,53.5050713715871,430.592836006967,403.48769245967935,1848.9502944613937,71.11347286389976,40869.931194569275,4560.099368868794,13867.127208460453,797.3077330785612,100,100000,3,7662622,1
18,367.8970018339715,63.96320652600642,355.22976668658885,336.46276508378,1717.1447556199537,101.00851503646787,41371.15925684761,3238.9515626998345,12878.585667149653,502.1718860428136,100,100000,3,7662622,1
22,285.04942134213195,71.09015932647836,326.07531266146634,257.5090619285014,1813.0979638925892,86.33799828059948,52358.17294491516,2671.046855014577,13598.234729194419,694.6673145914114,100,100000,3,7662622,1
33,509.1554749949867,31.236929353779228,331.3485852141806,250.6937153055178,1844.1685936166662,57.63026855052082,60352.0969703749,4052.9430326157444,13831.264452124997,958.5098265060118,100,100000,3,9758090,1
22,578.1698888936018,78.53264480063629,362.9094581565101,286.7283020413877,1828.2562314016106,87.05982054293383,69418.80028149813,4925.269002706785,13711.92173551208,503.225020310512,100,100000,3,9758090,1
23,421.52093088037003,96.67261061103696,417.38814760697295,378.57433769104927,1812.3403936779491,82.37910880354315,45427.49049303962,3886.4515611855527,13592.552952584618,664.5205722689352,100,100000,3,9758090,1
18,540.011212433193,42.07030744660153,382.83487926690196,294.7044201328753,1898.7850494625516,111.6932382036795,88377.78137047344,4365.6113990984595,14240.887870969136,481.70517900251457,100,100000,3,3862201,1
31,415.1109085427596,49.535964741009046,325.46193515336887,172.53425114658856,1851.0208715584945,61.70069571861648,86632.67678408357,3484.851549628265,13882.656536688708,851.5219178140587,100,100000,3,3862201,1
26,463.7174754963878,65.31229115882662,392.97428107749096,368.44517111844436,1760.5496566580005,70.42198626632002,48657.57969680447,3967.7232499141082,13204.122424935003,691.0996306493462,100,100000,3,3862201,1
28,393.1743931088044,48.713861633534336,306.46412521249033,242.97540890249923,1790.0475860947183,66.29805874424882,50643.92699382011,3314.1619105675404,13425.356895710387,759.3482619326213,100,100000,3,772250,1
22,451.3493507129525,112.25548798912229,365.6804242683933,337.6369295980769,1714.7040155863656,81.65257217077931,39360.95623898235,4227.036290265562,12860.280116897742,650.2410258988499,100,100000,3,772250,1
29,583.2232782470298,119.73801162330825,334.7088491048217,279.61330184337663,1761.6606049307916,62.9164501760997,51695.81850318979,5272.209674027536,13212.454536980937,668.5419489436991,100,100000,3,772250,1
22,245.41256158821452,49.831425847933446,266.84842531308965,214.9828595117493,1818.094786429251,86.57594221091671,33976.75498197143,2214.3299057711097,13635.710898219382,657.3778767902979,100,100000,4,4474730,1
24,359.484136657431,121.75443024662259,337.24731596712564,299.05615564745705,1763.3317324783943,76.66659706427801,34113.27178583566,3609.289251780402,13224.987993587958,576.7667657373673,100,100000,4,4474730,1
18,469.9375988017292,146.7101554060179,476.2273174182076,355.1988296158951,1698.3329656878525,99.90193915810897,122333.77967526624,4624.8581565581035,12737.497242658894,469.1180284008155,100,100000,4,4474730,1
17,446.66169399613995,152.4944418427394,431.20000980372237,389.38887116976383,1287.5361295857429,80.47100809910893,44070.61496332061,4493.671018791595,9656.520971893071,395.15612875886507,100,100000,4,4474730,1
22,630.9042617153592,62.98864201150246,381.3562750941667,354.04536119798314,1471.4840683668522,70.07066992223106,46263.00503684174,5204.196777951463,11036.130512751392,599.5902591700811,100,100000,4,9944578,1
19,303.7469358095715,103.89035690060813,387.08760162421686,355.7616486741053,1514.4898684419811,84.1383260245545,39230.949411401256,3057.2796953263473,11358.674013314858,537.7166507210561,100,100000,4,9944578,1
28,553.7534203601567,107.88394399518006,391.3508525676865,339.1155914582537,1701.534832870626,63.019808624838,47667.80880327541,4962.280232665026,12761.511246529695,870.6572557734006,100,100000,4,9944578,1
21,567.4507619624796,120.45372931048021,295.5925335487115,249.45784444673072,1704.8291872771686,85.24145936385843,42058.00034362626,5159.283684547198,12786.218904578764,651.7465407354546,100,100000,4,9944578,1
24,327.53249795668967,99.10274163246902,334.7803895001226,196.0460212048292,1817.6611659448752,79.02874634542935,81623.01129021992,3199.76429691869,13632.458744586564,612.0517713889664,100,100000,4,9925823,1
19,577.7573535210013,116.33985615200693,382.72688324968266,357.3297506545696,1376.465508668932,76.47030603716289,35533.882166707954,5205.729072547562,10323.49131501699,568.6581559822821,100,100000,4,9925823,1
23,445.68679881768804,122.24898152814023,364.78305390335476,343.1147187078472,1724.35999363436,78.37999971065273,29547.02343247329,4259.518352593713,12932.6999522577,718.8753598882599,100,100000,4,9925823,1
24,482.53734763445647,135.05402000642755,442.39899019911786,394.82982254691814,1655.8756986833114,71.99459559492658,57140.251798522426,4631.935257306631,12419.067740124836,699.74093364223,100,100000,4,9925823,1
26,350.44048456245423,67.78415834045411,454.3187984042694,415.20846462130197,1819.406275810923,72.77625103243692,54311.49726127721,3136.6848217718125,13645.547068581924,792.8372257019234,100,100000,4,3820097,1
20,397.81261782491015,72.40371882462325,351.75787276221337,310.18062617818606,1715.4706429899018,90.28792857841589,44525.76735130379,3526.6225248715004,12866.029822424263,586.5543301651816,100,100000,4,3820097,1
18,475.6211385998822,74.55049754121872,442.287669119264,380.50358941088655,1879.1758551792207,110.53975618701298,76239.5129719451,4126.287271058257,14093.818913844156,448.7721349481943,100,100000,4,3820097,1
25,447.3317555368908,80.38001333038373,297.2351017856626,245.76510168868847,1780.1201352524458,74.17167230218524,37556.55242903226,3957.8382665045588,13350.901014393345,660.2053194223528,100,100000,4,3820097,1
24,519.8628949215375,31.84649852484742,350.8222123087551,291.76716911055024,1877.8892995550677,81.64736085022034,50097.344457685365,4137.8204508478875,14084.169746663008,787.7752298930808,100,100000,4,9535879,1
26,456.22450832378195,68.08890671666794,329.3015573810358,277.1690531000703,1682.8016627241404,67.31206650896561,41471.399112358675,3932.350612803374,12621.012470431053,663.8505858278788,100,100000,4,9535879,1
14,484.4689786607534,93.00298659927914,352.4032743695332,340.0417789248634,1341.7717166257007,103.21320897120775,42908.00700319769,4331.039739450244,10063.287874692756,484.94162703454657,100,100000,4,9535879,1
21,439.38709150520003,110.68262986153414,385.4231292955045,334.93547857579244,1278.7694995589577,63.938474977947884,48527.859911375395,4125.522910250506,9590.771246692182,671.948935936597,100,100000,4,9535879,1
21,658.7852655092098,73.42751706538117,331.42044547299696,304.91143676921104,1786.9882339297749,89.34941169648874,44894.14314188605,5491.595869309433,13402.41175447331,549.5192605630004,100,100000,4,8271480,1
22,362.7293356140367,78.18233191857247,395.0740939310833,371.2859566907613,1775.1033018038074,84.52872865732417,41825.276551467025,3306.8375064945685,13313.274763528556,706.8458920788502,100,100000,4,8271480,1
22,448.2547652858508,87.59077363878522,359.29159859541556,311.48699277197875,1832.0517478894992,87.24055942330949,44240.3477316648,4018.8415419347702,13740.388109171245,614.6044659677794,100,100000,4,8271480,1
26,434.6620464935528,87.96075869440472,359.3090052285274,322.740926635424,1797.7500941491437,71.91000376596575,36778.32963175694,3919.6710389096816,13483.125706118577,816.0952859952541,100,100000,4,8271480,1
23,569.6356332770564,90.41342549758544,407.2154644632947,345.1085517802297,1828.0731584441546,83.09423447473431,69349.50328404178,4950.367940809813,13710.54868833116,619.2464653505332,100,100000,4,6394530,1
20,450.33559236939396,94.30083071389777,346.4358836086627,264.86127749283526,1832.3750566720457,96.44079245642347,68753.6121561952,4084.7731731246877,13742.812925040344,577.0123372445819,100,100000,4,6394530,1
14,308.1181868219103,118.10680802300975,427.59000888124854,417.15267266728125,1423.5658788191154,109.50506760147042,23912.958980804073,3196.6874613369005,10676.744091143366,331.1496558433877,100,100000,4,6394530,1
24,226.71847669953874,116.42997160506894,287.4121206011569,238.10127186569815,1732.209787973139,75.3134690423104,35499.708133825065,2573.6133622845573,12991.573409798544,733.3358442378473,100,100000,4,6394530,1
25,412.4124810137527,82.01049772230365,369.8651881625673,276.41510730435425,1792.496723278589,74.6873634699412,73925.03813710637,3708.172340520423,13443.725424589416,707.0695351727236,100,100000,4,8372552,1
22,349.0805452588691,89.81829001152921,352.8384555606481,292.35702434014934,1834.8861664920444,87.3755317377164,62163.4683044496,3291.7412645279874,13761.646248690333,634.9321347770543,100,100000,4,8372552,1
20,470.2220980856942,95.57982979947124,428.73636476737903,384.79323081310486,1791.4801254832878,94.28842765701515,50488.34780503215,4243.514459138741,13436.100941124658,612.4491767795519,100,100000,4,8372552,1
19,348.42313404347055,93.44020521751663,403.73560837372565,367.8167646007853,1758.9840614588816,97.72133674771564,54392.35170791072,3313.975044457404,13192.380460941611,617.6758055434282,100,100000,4,8372552,1
27,554.5081778109188,53.5050713715871,430.592836006967,403.48769245967935,1848.9502944613937,71.11347286389976,40869.931194569275,4560.099368868794,13867.127208460453,797.3077330785612,100,100000,4,7662622,1
19,279.00573974371036,63.96320652600642,330.10005045113815,288.33499015106486,1819.2578851112612,101.06988250618117,47271.723950273845,2572.2670970228755,13644.434138334458,537.4180542226335,100,100000,4,7662622,1
25,367.344340611771,71.09015932647836,452.7929108076458,438.3674260852271,1632.2233287064612,68.00930536276921,32921.954954382134,3288.2587495368703,12241.674965298458,701.9167205410146,100,100000,4,7662622,1
15,212.92194571541924,76.70019772757253,353.54411459083457,325.0128543233368,1436.8678093210929,102.63341495150664,36539.17884726407,2172.1660758224384,10776.508569908197,521.3858596933405,100,100000,4,7662622,1
30,189.82865838131596,31.236929353779228,295.14062037607687,220.90587877035335,1774.3422197408888,61.18421447382375,49751.21672886586,1657.991908013214,13307.566648056667,874.6300764971415,100,100000,4,9758090,1
21,365.1744587423657,78.53264480063629,388.8471692507398,283.7248172628423,1866.8957791634098,93.34478895817048,86284.42020905874,3327.8032765725147,14001.718343725574,508.27561563830193,100,100000,4,9758090,1
18,337.39777183461723,96.67261061103696,356.2725820642541,305.84192101971746,1612.052011408107,94.82658890635923,43504.596466311734,3255.5278683424067,12090.390085560803,558.8543774744625,100,100000,4,9758090,1
14,584.8356667384548,132.82393647143743,423.6977033168087,356.01795322738667,1253.6176876292186,96.4321298176322,70922.52258184295,5382.447024074192,9402.13265721914,300.7224707615927,100,100000,4,9758090,1
17,468.8407198942528,42.07030744660153,323.30904746608564,186.64309740138555,1856.5602696485944,116.03501685303715,85914.07140456825,3831.8327050564076,13924.202022364458,466.95649545481956,100,100000,4,3862201,1
25,513.5882878213766,49.535964741009046,301.53815932753224,198.49904289080604,1850.6439216298695,77.11016340124456,61578.269335582794,4223.4318942178925,13879.829412224022,679.9369290277438,100,100000,4,3862201,1
25,415.4187065712247,65.31229115882662,387.3157191582546,355.94694979131054,1862.3559440539384,77.59816433558076,51971.369674667614,3605.4824829753848,13967.669580404538,678.4181764080628,100,100000,4,3862201,1
21,426.37281223701154,87.65291201776783,400.455567969805,371.8994789330418,1537.1415046295342,76.85707523147671,40653.93941413906,3855.192931910845,11528.561284721507,570.0908183696647,100,100000,4,3862201,1
28,393.1743931088044,48.713861633534336,306.46412521249033,242.97540890249923,1790.0475860947183,66.29805874424882,50643.92699382011,3314.1619105675404,13425.356895710387,759.3482619326213,100,100000,4,772250,1
19,484.0930332270259,112.25548798912229,360.9473802288843,340.08129614808564,1404.7106059845855,78.03947811025475,36954.864514137524,4472.613909121111,10535.329544884391,524.6833376874937,100,100000,4,772250,1
21,371.99350940290816,119.73801162330825,397.6307543509057,377.9172736200906,1465.9345211918128,73.29672605959064,29893.72388871683,3687.986407696623,10994.508908938597,549.6212878390687,100,100000,4,772250,1
19,703.4976437776052,118.49350034994451,353.5448899304302,307.18339387353615,1973.1391594627776,109.61884219237653,57106.49512046509,6164.933580956623,14798.543695970831,538.6845195443216,100,100000,4,772250,1
26,663.541396906547,49.831425847933446,333.1103310472259,302.186135829819,1595.8765626705642,63.83506250682257,39138.05530057541,5350.296170658604,11969.074220029232,733.1406660102242,100,100000,5,4474730,1
24,359.484136657431,121.75443024662259,337.24731596712564,299.05615564745705,1763.3317324783943,76.66659706427801,34113.27178583566,3609.289251780402,13224.987993587958,576.7667657373673,100,100000,5,4474730,1
10,185.14879995759392,146.7101554060179,386.1263610391447,272.5092057570107,1798.5580819294557,199.83978688105063,107049.63645160195,2488.9421652270885,13489.185614470918,232.3109816905313,100,100000,5,4474730,1
17,446.66169399613995,152.4944418427394,431.20000980372237,389.38887116976383,1287.5361295857429,80.47100809910893,44070.61496332061,4493.671018791595,9656.520971893071,395.15612875886507,100,100000,5,4474730,1
17,508.13745616678546,156.76310920803283,440.32873065890936,376.69886323991335,1386.5800682548816,86.6612542659301,71331.30299016334,4986.7542403111365,10399.350511911613,504.7147315774531,100,100000,5,4474730,1
21,630.9042617153592,62.98864201150246,372.76416296538804,344.1842543986675,1455.4901512761248,72.77450756380624,46291.29380350623,5204.196777951463,10916.176134570936,584.2957061708324,100,100000,5,9944578,1
19,303.7469358095715,103.89035690060813,387.08760162421686,355.7616486741053,1514.4898684419811,84.1383260245545,39230.949411401256,3057.2796953263473,11358.674013314858,537.7166507210561,100,100000,5,9944578,1
21,434.0197962820283,107.88394399518006,352.7790523706432,324.5713830552964,1426.028111975794,71.3014055987897,29078.56785842977,4064.278052079063,10695.210839818455,632.9346719738594,100,100000,5,9944578,1
20,563.2283763415204,120.45372931048021,380.1773945121171,308.42246111415807,1472.601873861281,77.50536178217268,64681.94183687754,5127.615792390005,11044.514053959609,655.4745667572832,100,100000,5,9944578,1
16,561.7906297985179,144.43333322353163,326.40471404572907,290.7185379365781,1326.3477358437367,88.42318238958245,39077.70174581661,5296.679722665371,9947.608018828025,429.5161433406413,100,100000,5,9944578,1
16,631.1542508982312,99.10274163246902,399.9165620407641,370.3671602446752,1349.4806492285973,89.96537661523982,39764.08071476323,5476.927443980252,10121.10486921448,378.0549675484824,100,100000,5,9925823,1
19,577.7573535210013,116.33985615200693,382.72688324968266,357.3297506545696,1376.465508668932,76.47030603716289,35533.882166707954,5205.729072547562,10323.49131501699,568.6581559822821,100,100000,5,9925823,1
15,394.0789751507076,122.24898152814023,327.12061098036884,268.9154452390501,1680.547732030497,120.03912371646406,47323.94412430983,3872.459675091359,12604.107990228727,555.2393507907137,100,100000,5,9925823,1
23,484.1565185105292,135.05402000642755,440.6538442236684,397.52928294741696,1592.4476091052302,72.38398223205591,54139.94232282484,4644.079038877177,11943.357068289226,653.8153953724576,100,100000,5,9925823,1
25,482.53734763445647,155.49351903369484,356.43278938132613,327.6054795270544,1605.7702383276546,66.90709326365227,31233.282017087247,4785.231500011134,12043.27678745741,711.2497989978689,100,100000,5,9925823,1
26,350.44048456245423,67.78415834045411,454.3187984042694,415.20846462130197,1819.406275810923,72.77625103243692,54311.49726127721,3136.6848217718125,13645.547068581924,792.8372257019234,100,100000,5,3820097,1
21,483.8935970769919,72.40371882462325,366.31932332952636,349.5901644976381,1240.3505435455668,62.01752717727834,35955.393428392556,4172.229869262114,9302.629076591751,521.244889857559,100,100000,5,3820097,1
15,564.5567743935512,74.55049754121872,433.11671905404444,420.56488554651486,1372.0766721484517,98.00547658203227,40665.16138951304,4793.304539510775,10290.575041113389,382.92387574785363,100,100000,5,3820097,1
16,317.3165476041618,80.38001333038373,315.00875819651117,238.26491622639463,1875.0066846022578,125.00044564015052,50443.34152187835,2982.724207009092,14062.550134516934,437.9622700772985,100,100000,5,3820097,1
18,474.4070205525583,101.20365172999608,364.7189510330408,325.67031169118945,1549.9996567197352,91.17645039527854,41230.9917913837,4317.080042119158,11624.997425398014,533.0969880403611,100,100000,5,3820097,1
23,519.8628949215375,31.84649852484742,360.26212074322973,302.55723015094094,1796.421193571368,81.65550879869853,48786.66011586751,4137.8204508478875,13473.158951785259,768.4169057835053,100,100000,5,9535879,1
26,456.22450832378195,68.08890671666794,329.3015573810358,277.1690531000703,1682.8016627241404,67.31206650896561,41471.399112358675,3932.350612803374,12621.012470431053,663.8505858278788,100,100000,5,9535879,1
13,673.4826959658393,93.00298659927914,342.24437403943944,330.3139023423071,1149.4299772820916,95.7858314401743,43569.623347210356,5748.642619238388,8620.724829615687,440.8132548966446,100,100000,5,9535879,1
17,484.4689786607534,110.68262986153414,411.48470968878064,368.8373156685832,1239.0678662041548,77.44174163775968,46333.761492510486,4463.637063917156,9293.008996531162,563.9426722535527,100,100000,5,9535879,1
16,498.7463332425706,133.70431831584054,467.85263919037385,367.6198892848727,1660.4403676325942,110.69602450883961,107906.42725618897,4743.379886688083,12453.302757244457,487.5052893326447,100,100000,5,9535879,1
18,517.4737571092056,73.42751706538117,352.97408557506924,219.03937862686573,1780.3156820596373,104.72445188586101,88783.7014513038,4431.759556309401,13352.36761544728,526.3563078609835,100,100000,5,8271480,1
20,448.2547652858508,78.18233191857247,408.03820698206835,391.06387894396136,1653.3692414290686,87.01943375942466,38623.26727544886,3948.2782290331743,12400.269310718015,610.8342531569432,100,100000,5,8271480,1
19,241.43159846751695,87.59077363878522,360.0838060448761,336.9510064337311,1487.5442704305935,82.6413483572552,32717.966910144038,2467.667790797266,11156.582028229452,453.5942963401122,100,100000,5,8271480,1
22,481.10606514555735,87.96075869440472,367.7693474872692,345.59942349429315,1606.966277357814,76.52220368370543,28922.020095019605,4268.0011787997155,12052.247080183606,724.8691041500941,100,100000,5,8271480,1
21,388.1055116313228,101.96101676663248,363.91342126652285,344.47716992712986,1831.8458293182805,91.59229146591403,36669.29239989327,3675.498962984665,13738.843719887103,556.363444331091,100,100000,5,8271480,1
21,547.1712016824272,90.41342549758544,419.1583342556452,367.6356444643006,1795.7745504436757,89.78872752218379,63268.888193409024,4781.884703850094,13468.309128327568,587.1880752415411,100,100000,5,6394530,1
12,188.67976425510315,94.30083071389777,322.924925038351,286.663407396245,1680.9622331837113,152.81474847124647,38366.996436951944,2122.3544622675067,12607.216748877834,384.19971537837426,100,100000,5,6394530,1
13,193.19821791427657,118.10680802300975,398.5336245939862,361.8615933804989,1759.3516727373,146.61263939477502,46727.23526895985,2334.787694529647,13195.137545529751,317.5464271496837,100,100000,5,6394530,1
25,219.80313905065498,116.42997160506894,336.22688017919927,295.526989599907,1717.334504527614,71.55560435531724,38550.70306681265,2521.7483299179294,12880.008783957104,650.638478333863,100,100000,5,6394530,1
19,427.6659730399189,137.39439692843226,342.1710672110542,267.34208292422727,1650.1556582271837,91.67531434595465,60375.82447218934,4237.952774762634,12376.167436703878,503.92814344937574,100,100000,5,6394530,1
20,577.1152079482408,82.01049772230365,411.26346121922126,403.2301969256625,1226.0250778888972,64.52763567836301,27495.85549295256,4943.442792529084,9195.188084166728,654.2917892148704,100,100000,5,8372552,1
21,389.57999624100347,89.81829001152921,334.8360111225894,315.12474055466464,1540.4682839080124,77.02341419540062,28414.256061009906,3595.487146893995,11553.512129310093,584.7404445277112,100,100000,5,8372552,1
17,564.1746586266547,95.57982979947124,415.7216998781628,389.3389605523331,1568.2768315220353,98.0173019701272,37355.7722228042,4948.158663195944,11762.076236415265,489.3890326808763,100,100000,5,8372552,1
19,348.42313404347055,93.44020521751663,403.73560837372565,367.8167646007853,1758.9840614588816,97.72133674771564,54392.35170791072,3313.975044457404,13192.380460941611,617.6758055434282,100,100000,5,8372552,1
22,556.854163970083,98.88752376977507,429.3085590124176,403.5367512899133,1825.2232686299885,86.91539374428517,33703.786251360674,4918.062658048936,13689.174514724913,546.2571749724785,100,100000,5,8372552,1
27,554.5081778109188,53.5050713715871,430.592836006967,403.48769245967935,1848.9502944613937,71.11347286389976,40869.931194569275,4560.099368868794,13867.127208460453,797.3077330785612,100,100000,5,7662622,1
16,650.1154537975474,63.96320652600642,430.96202580526176,324.21926669910744,1830.8103036506361,122.05402024337575,104492.3630887603,5355.589952426653,13731.07727737977,515.3989941092254,100,100000,5,7662622,1
20,556.5068936996842,71.09015932647836,466.4898306733121,456.5542380049435,1233.4651440114135,64.91921810586386,32995.12849604803,4706.977897696219,9250.988580085601,522.5730738521997,100,100000,5,7662622,1
12,475.58611792513733,76.70019772757253,350.8249358878905,213.11361338693115,1881.6471298813574,171.0588299892143,90460.27282190348,4142.147367395324,14112.353474110181,368.97541583170516,100,100000,5,7662622,1
21,451.0873222148302,122.92409489451998,331.8268187657404,236.6328172840424,1817.0789036983651,90.85394518491826,66312.44487358986,4305.0856283201265,13628.091777737738,572.5439519737756,100,100000,5,7662622,1
27,478.18865611776255,31.236929353779228,342.2631140982622,285.9810778439329,1776.705585923038,68.33483022780915,45873.56019399397,3820.691891036563,13325.291894422784,781.6493129304342,100,100000,5,9758090,1
13,515.045075657148,78.53264480063629,344.4358537768602,209.73690493892832,1866.3559254424981,155.5296604535415,88459.60918598567,4451.832903433382,13997.669440818736,384.0457191336534,100,100000,5,9758090,1
18,606.3851079992869,96.67261061103696,465.6938675696276,334.6059339589219,1764.7691182277104,103.80994813104178,125351.6239662358,5272.932889577429,13235.768386707827,519.0662745465388,100,100000,5,9758090,1
19,578.1698888936018,132.82393647143743,320.64345892859,182.47492795235493,1812.0418555921517,100.66899197734176,90582.44887969033,5332.453690237793,13590.313916941137,424.0397400143346,100,100000,5,9758090,1
20,513.8723800456976,145.1777361591754,405.59747035725206,298.7155011241815,1604.58220693836,84.45169510201895,86516.23625301932,4942.8758715365475,12034.3665520377,493.7490810355908,100,100000,5,9758090,1
17,440.2084299432446,42.07030744660153,317.78097616471956,220.09153439582997,1683.3876720589633,105.2117295036852,67400.27258879812,3617.090530423846,12625.407540442226,481.9177645114989,100,100000,5,3862201,1
20,513.5882878213766,49.535964741009046,351.1417927661294,261.2319049696741,1873.01221657353,98.57959034597526,71629.46915691547,4223.4318942178925,14047.591624301474,515.6820989312491,100,100000,5,3862201,1
22,526.7515007050552,65.31229115882662,384.1692009113303,370.78071010895934,1253.9705502918841,59.71288334723258,42522.20222753179,4440.478438979113,9404.779127189131,568.8233459894469,100,100000,5,3862201,1
22,481.2882173674232,87.65291201776783,404.1297793060603,369.7858928386244,1659.0372860181685,79.00177552467468,44615.88195379856,4267.058470388933,12442.779645136265,613.2895923423443,100,100000,5,3862201,1
14,472.0913029335862,89.2355287037928,355.4241735443631,238.8073439983308,1796.2522234863116,138.1732479604855,83697.938637328,4209.951237280342,13471.891676147337,405.2142274781927,100,100000,5,3862201,1
28,393.1743931088044,48.713861633534336,306.46412521249033,242.97540890249923,1790.0475860947183,66.29805874424882,50643.92699382011,3314.1619105675404,13425.356895710387,759.3482619326213,100,100000,5,772250,1
19,484.0930332270259,112.25548798912229,360.9473802288843,340.08129614808564,1404.7106059845855,78.03947811025475,36954.864514137524,4472.613909121111,10535.329544884391,524.6833376874937,100,100000,5,772250,1
21,371.99350940290816,119.73801162330825,397.6307543509057,377.9172736200906,1465.9345211918128,73.29672605959064,29893.72388871683,3687.986407696623,10994.508908938597,549.6212878390687,100,100000,5,772250,1
18,326.3422053308726,118.49350034994451,414.14729552771263,370.2189049809871,1622.4335678335524,95.43726869609132,54192.863625599915,3336.2677926061283,12168.251758751643,544.9973508303797,100,100000,5,772250,1
12,703.4976437776052,132.1221542261498,348.09512257637306,282.4848382700579,1339.0781167565326,121.73437425059387,63978.142207620076,6267.148485028163,10043.085875673994,287.2007871936395,100,100000,5,772250,1
18,359.484136657431,49.831425847933446,356.1457602421851,292.60345842931326,1663.591168629451,97.85830403702653,56651.551791251375,3069.866718790234,12476.933764720883,500.6950002340236,100,100000,6,4474730,1
21,243.3744858607561,121.75443024662259,344.0228239633704,316.5948689757743,1551.3998505945628,77.56999252972814,28583.280033598043,2738.4668708053405,11635.498879459221,452.828528572677,100,100000,6,4474730,1
8,185.14879995759392,146.7101554060179,365.31631315478273,319.4824401423768,1432.284271893918,204.6120388419883,69493.2783402144,2488.9421652270885,10742.132039204385,209.4392275688866,100,100000,6,4474730,1
17,446.66169399613995,152.4944418427394,431.20000980372237,389.38887116976383,1287.5361295857429,80.47100809910893,44070.61496332061,4493.671018791595,9656.520971893071,395.15612875886507,100,100000,6,4474730,1
14,235.53750614549836,156.76310920803283,295.6648723937536,141.52327121044965,1511.803495320533,116.29257656311793,75240.45241451813,2942.2546151514834,11338.526214903999,443.62750397980875,100,100000,6,4474730,1
20,388.4494627888285,179.34654506109607,444.6245693151076,417.7540089675966,1349.8461462949533,71.04453401552387,45140.93261161811,4258.4700588744345,10123.84609721215,520.6242368744183,100,100000,6,4474730,1
18,630.9042617153592,62.98864201150246,422.0729508323391,414.7107442327147,1144.4479663476782,67.32046860868695,28730.824750082444,5204.196777951463,8583.359747607587,478.41663156335085,100,100000,6,9944578,1
17,434.0197962820283,103.89035690060813,374.2510743938705,361.11477198026574,1288.3988640061077,80.52492900038173,24128.07985324668,4034.3261488697735,9662.991480045808,490.07240286228375,100,100000,6,9944578,1
20,273.8184890306461,107.88394399518006,358.3903173615235,341.8216342549751,1672.0419762812937,88.00220927796283,23910.820326586272,2862.768247693696,12540.314822109704,599.91749427442,100,100000,6,9944578,1
19,584.8945102323503,120.45372931048021,370.5431323105695,308.3035975128541,1357.892441433336,75.43846896851866,56469.99298250227,5290.111796571228,10184.193310750019,609.7648164512059,100,100000,6,9944578,1
17,553.7534203601567,144.43333322353163,335.73828173623457,305.3449633348273,1422.2811994620376,88.89257496637735,36865.25750843245,5236.400651877663,10667.108995965282,495.2334239644002,100,100000,6,9944578,1
8,587.3787227433144,151.08774364774715,323.5879040185557,306.830836064273,811.2184560014717,115.8883508573531,32200.163874353257,5538.498497932962,6084.138420011038,247.5448034710193,100,100000,6,9944578,1
16,631.1542508982312,99.10274163246902,399.9165620407641,370.3671602446752,1349.4806492285973,89.96537661523982,39764.08071476323,5476.927443980252,10121.10486921448,378.0549675484824,100,100000,6,9925823,1
18,288.5490836508068,116.33985615200693,368.6236014744918,326.0382257303329,1329.0503122302246,78.17943013118968,42153.4893740512,3036.6670485211025,9967.877341726684,560.7857657388238,100,100000,6,9925823,1
11,586.3585666807129,122.24898152814023,317.94099333184033,303.1015915438637,954.4302926857672,95.44302926857672,25546.158677510823,5314.556611566399,7158.227195143254,417.5725590215676,100,100000,6,9925823,1
17,535.0064227876858,135.05402000642755,451.89863679834843,419.7316454874142,1373.9507010801826,85.87191881751141,47179.65747236574,5025.45332095585,10304.63025810137,481.9307924804346,100,100000,6,9925823,1
20,351.0058812610844,155.49351903369484,339.06152545408963,325.9281543514779,1140.5402569006249,60.0284345737171,20330.78344576211,3798.7455022108443,8554.051926754686,571.2310355199011,100,100000,6,9925823,1
18,577.7573535210013,156.67658528882106,397.5261625328869,372.89363967951414,1281.3665200497264,75.37450117939568,32484.51473057922,5508.2545410736675,9610.248900372948,520.8698290111477,100,100000,6,9925823,1
23,282.45934841464106,67.78415834045411,442.4103236894483,423.5546185211291,1690.2761277193422,76.83073307815192,39870.12592579783,2626.8263006632137,12677.070957895066,679.2043221165854,100,100000,6,3820097,1
20,483.8935970769919,72.40371882462325,364.7446586047572,349.73777913756686,1143.5907028189135,60.18898435889019,35847.85226785923,4172.229869262114,8576.930271141851,492.2998155622767,100,100000,6,3820097,1
15,564.5567743935512,74.55049754121872,433.11671905404444,420.56488554651486,1372.0766721484517,98.00547658203227,40665.16138951304,4793.304539510775,10290.575041113389,382.92387574785363,100,100000,6,3820097,1
14,293.7968469429746,80.38001333038373,318.7948880288987,289.3837627288276,1164.8908662222575,89.60698970940442,26777.38260557039,2806.3264520501875,8736.681496666932,411.5485260104593,100,100000,6,3820097,1
12,350.44048456245423,101.20365172999608,341.17347212772864,301.20331270259595,1584.9591377060049,144.08719433690953,36825.05086164981,3387.331022193377,11887.193532795036,405.97530476812824,100,100000,6,3820097,1
12,375.3320112094633,147.2535808609566,375.4896102984301,333.6902947871139,1586.2612352491249,144.20556684082953,40532.59962802931,3919.3919405281495,11896.959264368437,262.18168545323664,100,100000,6,3820097,1
20,505.3636184967671,31.84649852484742,353.8413369035193,308.0125256213323,1528.2738396616871,80.43546524535195,41883.66184618834,4029.075877662109,11462.053797462653,672.3727787270659,100,100000,6,9535879,1
21,519.8628949215375,68.08890671666794,327.33528960551587,286.23608673179785,1549.361203609424,77.4680601804712,37879.69716483568,4409.63851228654,11620.20902707068,557.9124242926694,100,100000,6,9535879,1
12,673.4826959658393,93.00298659927914,404.58796845984017,387.65605173861417,1187.1141669367296,107.91946972152087,41891.65682655285,5748.642619238388,8903.356252025473,366.90689369324485,100,100000,6,9535879,1
17,484.4689786607534,110.68262986153414,411.48470968878064,368.8373156685832,1239.0678662041548,77.44174163775968,46333.761492510486,4463.637063917156,9293.008996531162,563.9426722535527,100,100000,6,9535879,1
12,644.0605629995739,133.70431831584054,430.07903510307415,331.3627056178523,1381.2971416474277,125.57246742249343,99585.15726111179,5833.236609865608,10359.728562355707,345.9037523660967,100,100000,6,9535879,1
16,483.59860476531026,144.21180827286344,394.1833854705507,344.48403937198367,1172.1371166959807,78.14247444639871,58953.7682329345,4708.578097786302,8791.028375219856,439.97313755653914,100,100000,6,9535879,1
14,658.7852655092098,73.42751706538117,382.04101898002097,359.06532068685357,1301.1478435326942,100.0882956563611,45361.688147904046,5491.595869309433,9758.608826495207,319.8673868185187,100,100000,6,8271480,1
12,268.35420142847425,78.18233191857247,395.7063026243555,339.4605925143432,1511.5141968522291,137.41038153202084,73703.89633423813,2599.0240001028506,11336.356476391718,369.52145763142374,100,100000,6,8271480,1
18,485.68676312008995,87.59077363878522,353.3774947400738,342.7388352453494,1052.6582979585705,61.92107635050415,21708.4397368183,4299.581525691564,7894.937234689279,468.99659996740485,100,100000,6,8271480,1
22,434.6620464935528,87.96075869440472,365.65825573035994,342.9386782424616,1551.9837243701188,73.90398687476757,28820.77406819903,3919.6710389096816,11639.877932775891,706.1266306796967,100,100000,6,8271480,1
15,406.4245279071052,101.96101676663248,340.9850469617255,325.5632077475094,1406.2889787762103,100.44921276972931,23588.03181594879,3812.8915850530325,10547.167340821577,440.31294685687976,100,100000,6,8271480,1
15,428.8110387617421,117.5272887878177,364.9652693344551,275.985021921681,1534.1902485217663,109.58501775155473,71927.17947051159,4097.537456621699,11506.426863913248,481.8602795654733,100,100000,6,8271480,1
18,445.9431381246451,90.41342549758544,415.9734675660195,370.75781284513795,1555.180439477125,91.48120232218382,61017.25502699157,4022.674227166729,11663.853296078438,521.9885347201606,100,100000,6,6394530,1
18,346.51492479508426,94.30083071389777,284.07025728701313,178.21663302456494,1652.3788634976984,97.1987566763352,57106.13555656141,3306.118166317365,12392.841476232737,575.8816582932728,100,100000,6,6394530,1
12,472.8086340556666,118.10680802300975,436.793654559654,431.22020389085,936.2681928301006,85.11529025728187,21168.98499312666,4431.865815590072,7022.011446225754,284.2790731854849,100,100000,6,6394530,1
20,381.93396676341183,116.42997160506894,354.53161803583976,318.8445190413819,1647.062547626317,86.68750250664826,38274.94409462367,3737.729537763606,12352.969107197378,531.3859778620832,100,100000,6,6394530,1
9,363.3749318769938,137.39439692843226,325.5430231289671,187.15694701351143,1620.0457006493912,202.5057125811739,83708.41563480467,3755.7699660406956,12150.342754870433,258.78215737714896,100,100000,6,6394530,1
16,427.6659730399189,159.2755689216484,360.8917041440764,298.4468769769834,1502.8362260713084,100.18908173808722,51931.8538178922,4402.061564711755,11271.271695534813,426.4869397786777,100,100000,6,6394530,1
19,577.1152079482408,82.01049772230365,422.01922564090336,414.02736140188927,1222.8172987323758,67.93429437402088,26423.433741187022,4943.442792529084,9171.12974049282,636.4554612394387,100,100000,6,8372552,1
11,462.2125245643487,89.81829001152921,366.9597459200496,304.39834255950353,1212.2909213363735,121.22909213363735,56795.68581260119,4140.231109319085,9092.1819100228,339.16396874564145,100,100000,6,8372552,1
14,348.42313404347055,95.57982979947124,374.7395911082552,303.8253893254627,1649.6764280791642,126.89818677532033,61324.76632081574,3330.0222288220634,12372.573210593731,354.6537536008568,100,100000,6,8372552,1
17,253.02699084289654,93.44020521751663,390.7579909926825,365.6612985251253,1719.1051098220764,107.44406936387978,49300.168605686544,2598.503970453099,12893.288323665573,570.8919450522247,100,100000,6,8372552,1
17,518.0166627968905,98.88752376977507,388.9103425186489,359.53823869281854,1526.4228678871928,95.40142924294955,30573.256512853386,4626.781399249991,11448.171509153946,452.0248032943397,100,100000,6,8372552,1
16,530.1207082393491,130.46757328207897,363.8897793178138,343.127861568648,1163.0179324654769,77.53452883103179,36437.70839623464,4954.412111410711,8722.634493491076,437.8127406119358,100,100000,6,8372552,1
21,529.0430488473293,53.5050713715871,383.2005482046202,352.7879715640109,1447.719194830241,72.38595974151204,35379.86157105706,4369.110901641872,10857.893961226806,599.8206799864741,100,100000,6,7662622,1
12,556.1946331563962,63.96320652600642,382.019399717681,373.8353154753482,813.9296136031916,73.99360123665377,27570.033862270826,4651.1837976180195,6104.472102023937,414.6627697030687,100,100000,6,7662622,1
10,442.40480456196985,71.09015932647836,333.44475757443485,300.68908492015953,945.606806678241,105.067422964249,34394.429918633556,3851.2122291633614,7092.051050086808,357.33518057285505,100,100000,6,7662622,1
13,483.0259755162837,76.70019772757253,398.32716277201877,348.0345365030112,1523.4722423012388,126.9560201917699,55909.042971159,4197.946299328922,11426.04181725929,323.1597106324761,100,100000,6,7662622,1
16,476.5011546325384,122.92409489451998,326.82919965286834,280.90674541658217,1407.2094591690832,93.81396394460555,39894.90416304309,4495.689371452938,10554.070943768123,466.034467413264,100,100000,6,7662622,1
19,556.5068936996842,156.4014528286889,487.3003396915665,476.8499947893958,1147.691792837725,63.760655157651385,26492.198467952596,5346.812598962798,8607.688446282937,477.09816457965906,100,100000,6,7662622,1
26,478.18865611776255,31.236929353779228,325.9484481050459,310.2510316226665,1438.75463141785,57.550185256714,24729.184433516155,3820.691891036563,10790.659735633875,713.6860071341835,100,100000,6,9758090,1
11,337.39777183461723,78.53264480063629,342.63048229434185,296.2410391134866,1260.5555975767813,126.05555975767814,41246.13154828213,3119.4781247644014,9454.16698182586,359.55888365448806,100,100000,6,9758090,1
13,395.196951433497,96.67261061103696,420.86030769857945,403.63668752816426,1203.8589267950922,100.32157723292435,35107.84570708878,3689.0217153340045,9028.941950963192,358.3823699425966,100,100000,6,9758090,1
11,217.39684908578386,132.82393647143743,310.09191783464456,256.6886707217069,1203.7750510806488,120.37750510806488,45251.31069513229,2626.6558916791596,9028.312883104867,217.23389999309924,100,100000,6,9758090,1
15,562.8115713559013,145.1777361591754,398.89127882893956,337.7301929315156,1449.2714512523883,103.51938937517059,59399.43856594598,5309.919806363076,10869.535884392912,352.48243673567436,100,100000,6,9758090,1
21,595.3236606807043,167.1029785412538,436.872740572032,421.41387506671964,1331.7933560729023,66.58966780364511,28179.992346842435,5718.199794164686,9988.450170546766,566.9903728945085,100,100000,6,9758090,1
19,353.54214489304786,42.07030744660153,367.6705913974194,351.2854945405217,1511.745267675388,83.98584820418823,23494.558298930824,2967.0933925473705,11338.08950756541,537.1003452704464,100,100000,6,3862201,1
17,468.8407198942528,49.535964741009046,350.22381028288027,259.87996381063306,1640.9394359497142,102.55871474685713,73931.32288407623,3887.825134764464,12307.045769622857,427.4390157535611,100,100000,6,3862201,1
15,463.7174754963878,65.31229115882662,348.7675080561719,306.30389978743113,1532.3434445088405,109.4531031792029,61245.331807041905,3967.7232499141082,11492.575833816303,382.7702793730681,100,100000,6,3862201,1
16,360.5098499011053,87.65291201776783,392.62907756987784,377.0427218248688,1317.1462232392446,87.80974821594964,37225.04480550674,3361.220714391549,9878.596674294335,435.8126517169711,100,100000,6,3862201,1
16,496.02693226664286,89.2355287037928,361.44408720374497,272.1529062315857,1564.9333022523788,104.32888681682525,71325.2592086669,4389.468457278267,11736.99976689284,455.5649044353313,100,100000,6,3862201,1
13,589.2227435594652,103.6565094651896,387.20709243977683,364.52132413862523,1032.7260003069562,86.06050002557969,39880.502324435525,5196.594397684911,7745.445002302171,367.0958434993541,100,100000,6,3862201,1
22,476.69991771814324,48.713861633534336,277.4544771942127,240.86298372681287,1408.00825418357,67.04801210397952,30489.113199091502,3940.603345137582,10560.061906376775,579.8511132667431,100,100000,6,772250,1
11,393.1743931088044,112.25548798912229,337.33198122486766,309.9178319915694,1220.814283515643,122.0814283515643,36748.13175415203,3790.72410823445,9156.107126367322,295.99377830326193,100,100000,6,772250,1
19,312.5625651212827,119.73801162330825,400.7697938171642,388.7456040796753,1236.6544706153647,68.70302614529804,25530.31641676313,3242.254325584432,9274.908529615235,466.6811777291235,100,100000,6,772250,1
18,326.3422053308726,118.49350034994451,414.14729552771263,370.2189049809871,1622.4335678335524,95.43726869609132,54192.863625599915,3336.2677926061283,12168.251758751643,544.9973508303797,100,100000,6,772250,1
12,703.4976437776052,132.1221542261498,348.09512257637306,282.4848382700579,1339.0781167565326,121.73437425059387,63978.142207620076,6267.148485028163,10043.085875673994,287.2007871936395,100,100000,6,772250,1
16,474.90272738899256,133.73034531157327,397.4978248372005,383.76758127773724,1247.8286935398116,83.18857956932078,29810.21446132018,4564.748045254244,9358.715201548588,491.1268181600553,100,100000,6,772250,1
9,579.9487231835677,49.831425847933446,310.0785888773558,300.15897898615225,836.5890094091901,104.57362617614876,30370.964012411947,4723.351117736259,6274.417570568926,248.09273578538983,100,100000,8,4474730,1
16,502.44677789942455,121.75443024662259,364.78302529747896,346.556297267052,986.6260798166912,65.77507198777941,22975.34262144957,4681.509061095354,7399.695598625184,299.5542213181142,100,100000,8,4474730,1
7,652.2400419927819,146.7101554060179,391.05452932580965,387.9530762440071,623.8850071946525,103.98083453244209,40666.4656428969,5992.126480490999,4679.137553959894,182.3278457187586,100,100000,8,4474730,1
10,248.44570186845314,152.4944418427394,371.4807630267844,325.67733805314936,1232.7461996619875,136.97179996244304,43999.0949839734,3007.051077833944,9245.596497464907,214.72842274117295,100,100000,8,4474730,1
8,491.2584885239058,156.76310920803283,323.701439763447,321.1719601455209,520.6950158465701,74.38500226379573,13198.0584948508,4860.16198298954,3905.2126188492757,240.79630301704088,100,100000,8,4474730,1
15,648.1678268316606,179.34654506109607,432.7780685383502,430.22862370642326,758.1046086707014,54.15032919076439,27449.752985794366,6206.357789195675,5685.784565030261,412.1720629705346,100,100000,8,4474730,1
11,418.24782487361,184.96005821027927,432.74263172779956,422.28074114275466,950.2303016441795,95.02303016441795,20117.658937404412,4524.05912312917,7126.727262331346,286.2543349443493,100,100000,8,4474730,1
16,235.53750614549836,185.14879995759392,344.341806741171,321.5488701880453,1167.2457459691773,77.81638306461181,24671.985931941,3155.147295773192,8754.34309476883,450.534185942693,100,100000,8,4474730,1
16,541.5831339200857,62.98864201150246,400.2886389667641,392.15624162350593,997.5309588431896,66.50206392287932,27415.730355626736,4534.288319486912,7481.482191323922,422.0692975879457,100,100000,8,9944578,1
15,453.8401291696521,103.89035690060813,370.5657423867494,362.15936688779954,892.7654464615125,63.76896046153661,22303.654744864638,4182.978645526951,6695.740848461344,411.3454748567673,100,100000,8,9944578,1
13,376.77545738431616,107.88394399518006,393.7751200228449,389.2307763878758,1044.4738823680746,87.03949019733955,20272.60502406101,3634.9455103462215,7833.554117760559,388.12759619144884,100,100000,8,9944578,1
10,458.88972573448643,120.45372931048021,350.29573187434653,345.12389664760934,845.7705890871525,93.9745098985725,26015.174696879334,4345.075912837249,6343.279418153644,371.2754955705085,100,100000,8,9944578,1
14,273.8184890306461,144.43333322353163,342.3750164145986,321.0478371930417,1133.540131385371,87.19539472195162,23653.54752905998,3136.888666906333,8501.550985390282,416.81099957204583,100,100000,8,9944578,1
8,587.3787227433144,151.08774364774715,323.5879040185557,306.830836064273,811.2184560014717,115.8883508573531,32200.163874353257,5538.498497932962,6084.138420011038,247.5448034710193,100,100000,8,9944578,1
13,347.91725061432066,159.27238114303847,334.1313631366315,321.19025346801067,813.7761028107752,67.81467523423127,20781.319440386007,3803.9222381801937,6103.320771080815,361.13889471463807,100,100000,8,9944578,1
7,553.7534203601567,172.5437409334057,389.16222614124575,386.18526055267836,460.01416131339704,76.66902688556617,16279.716826916434,5447.228709701719,3450.1062098504776,211.43400055121288,100,100000,8,9944578,1
13,513.0379363607768,99.10274163246902,359.2646710605514,325.083615383155,948.7754753672896,79.06462294727413,34360.57548648947,4591.055084949344,7115.816065254672,262.68451404410433,100,100000,8,9925823,1
11,499.95593140619786,116.33985615200693,451.1665085988741,441.71751666764106,906.0963950070843,90.60963950070843,36478.26507204191,4622.218406686536,6795.722962553133,382.1501062049711,100,100000,8,9925823,1
14,517.556554562949,122.24898152814023,351.56881864889993,346.4481425451171,770.7615962565078,59.28935355819291,16715.611360493614,4798.541520683169,5780.711971923809,410.1452409115029,100,100000,8,9925823,1
9,577.7573535210013,135.05402000642755,374.6626373365402,353.9790141951642,891.5487291567192,111.4435911445899,33964.03349886197,5346.085301455716,6686.615468675394,177.32117342873605,100,100000,8,9925823,1
10,535.0064227876858,155.49351903369484,405.35260533295116,398.8213538989676,799.8673459456352,88.87414954951502,20806.00978573437,5178.749563660354,5999.005094592264,318.5092108449398,100,100000,8,9925823,1
15,437.68734570505376,156.67658528882106,370.9802098731858,352.28846677298714,977.4489378044337,69.81778127174526,25200.41799398377,4457.729482454061,7330.867033533253,461.6989150084861,100,100000,8,9925823,1
9,586.3585666807129,168.10777912304764,350.94680184640475,333.40486062622335,753.8685329877767,94.23356662347209,25478.092551817812,5658.497593528204,5654.013997408325,342.97793536655087,100,100000,8,9925823,1
14,351.0058812610844,187.75220517590407,336.0738842655418,327.4113614800176,801.3593236492663,61.64302489609741,14381.795702407686,4040.6856482774137,6010.194927369497,414.0029929358224,100,100000,8,9925823,1
17,282.45934841464106,67.78415834045411,380.9732819406618,368.87194847626023,1239.338827419062,77.45867671369137,25569.890337497523,2626.8263006632137,9295.041205642965,527.79398273795,100,100000,8,3820097,1
6,544.0113542309882,72.40371882462325,297.82003261526717,282.33053618035126,761.1573956097183,152.23147912194366,30353.140846362174,4623.113047917086,5708.680467072887,120.76687657547038,100,100000,8,3820097,1
10,538.0944747685178,74.55049754121872,341.7903917031845,334.4657238824043,900.5264087169263,100.05848985743626,24091.42010829228,4594.8372923230245,6753.948065376947,253.35477385036666,100,100000,8,3820097,1
9,564.5567743935512,80.38001333038373,320.4464986926448,314.5329969381367,793.1425929124932,99.14282411406165,22501.685708818743,4837.025907929512,5948.5694468437,276.8835478236128,100,100000,8,3820097,1
10,474.4070205525583,101.20365172999608,334.58285631453793,319.49703231293256,906.4475196394412,100.71639107104903,22873.488864722476,4317.080042119158,6798.356397295809,341.90307143266625,100,100000,8,3820097,1
12,334.4190581827438,147.2535808609566,383.05172141734823,355.9222586809143,1144.917725123935,104.08342955672137,29815.07171337582,3612.544792827753,8586.882938429513,292.1893807622854,100,100000,8,3820097,1
12,613.8095858719034,154.69714300549947,379.721812449487,376.33374109440535,674.0195358058917,61.274503255081065,21875.278240793206,5763.800466580522,5055.1465185441875,313.55475108490623,100,100000,8,3820097,1
10,385.5743808532516,162.47980185386686,375.2485714534372,365.96032573271214,689.0106441645133,76.55673824050149,20041.873962005582,4110.406370303388,5167.57983123385,266.2160484850932,100,100000,8,3820097,1
14,456.22450832378195,31.84649852484742,286.9655019005587,259.08972978867223,1123.8115071950954,86.44703901500733,25545.032993919533,3660.5325513647203,8428.586303963215,345.9691752012889,100,100000,8,9535879,1
18,375.23429866576856,68.08890671666794,377.0446170893107,367.83805329619486,1132.4649371023927,66.61558453543486,19498.19264538701,3324.924040368274,8493.487028267946,567.6119039242001,100,100000,8,9535879,1
14,467.57853855662364,93.00298659927914,400.20480609689446,378.0243258109944,1028.4622228898431,79.11247868383408,40467.05034227619,4204.361438669271,7713.466671673824,390.5518415885594,100,100000,8,9535879,1
7,426.46235202270105,110.68262986153414,336.2380804646951,328.01570366125986,728.7683699907041,121.46139499845067,26311.049482567156,4028.587364131764,5465.76277493028,215.00580761789175,100,100000,8,9535879,1
7,583.0508797537858,133.70431831584054,328.5528324609578,327.716586146307,491.8681314093425,81.97802190155709,16468.601428918588,5375.663985522197,3689.0109855700684,186.18366763240536,100,100000,8,9535879,1
12,427.7566693896289,144.21180827286344,414.0377364270028,400.29673454531985,869.1711566492012,79.01555969538192,24528.97177644692,4289.763582468692,6518.783674869009,418.68788405397385,100,100000,8,9535879,1
11,552.4027285318269,163.78522942937195,384.3915427707518,368.4879625169546,878.2993258355096,87.82993258355097,23546.76819963381,5371.409684708991,6587.244943766323,384.23162387641986,100,100000,8,9535879,1
9,530.8307760638941,164.3256976217847,383.4894839574852,370.35928923375343,858.0387795832343,107.25484744790428,23960.598470599816,5213.673552642591,6435.290846874257,255.35195548695518,100,100000,8,9535879,1
9,643.7331655318559,73.42751706538117,427.12257368682947,424.25105834295357,692.1034754568814,86.51293443211017,40483.899214562174,5378.7051194792775,5190.7760659266105,235.02652368337843,100,100000,8,8271480,1
9,332.5365798125568,78.18233191857247,358.53881602337617,343.511015461781,1017.6294428168972,127.20368035211214,30293.727472210645,3080.3918379834695,7632.220821126729,306.074287967809,100,100000,8,8271480,1
17,485.68676312008995,87.59077363878522,366.4543294403628,355.9334159373784,1017.8619076272612,63.616369226703824,19666.144221951174,4299.581525691564,7633.964307204459,427.51542310716974,100,100000,8,8271480,1
18,331.47311447187803,87.96075869440472,371.9670625769787,350.7392017161984,1065.565029299559,62.68029584115053,29645.08531844167,3145.7540487471206,7991.737719746692,611.1547384597229,100,100000,8,8271480,1
13,435.17642681491816,101.96101676663248,336.49980464889654,327.6327781490921,1045.5783027786758,87.13152523155632,26129.52972018367,4028.53082686163,7841.837270840068,388.52673286129254,100,100000,8,8271480,1
8,283.35661818946164,117.5272887878177,332.43606934801755,314.85542873140884,826.0380903250576,118.00544147500823,27535.852483215673,3006.6293023295952,6195.2856774379325,281.85759236642184,100,100000,8,8271480,1
11,275.2590978437891,131.07130483516045,356.99157864284444,337.05574912753616,1166.1681463656919,116.61681463656919,28756.79913523145,3047.478020092122,8746.261097742688,265.68180072554634,100,100000,8,8271480,1
12,370.9250818345306,168.08206464981726,385.4190286383848,375.45772965888585,1063.1462217600706,96.64965652364278,19697.06846371961,4042.5535986326095,7973.596663200529,277.08886646327596,100,100000,8,8271480,1
10,649.9031809398963,90.41342549758544,449.88993284179776,442.1043880443342,714.7283646006925,79.41426273341028,36898.26993362048,5552.374548281113,5360.462734505194,243.72071573076872,100,100000,8,6394530,1
9,635.6377529704805,94.30083071389777,416.26533564679266,413.8820391013236,726.5844205319693,90.82305256649616,24059.583251310174,5474.539377632837,5449.383153989769,228.56481109402137,100,100000,8,6394530,1
5,505.967666383302,118.10680802300975,372.41776502505155,360.29885838735936,603.5062350771356,150.8765587692839,30387.294933350582,4680.558558047338,4526.296763078517,139.38714689425154,100,100000,8,6394530,1
7,471.86679668558844,116.42997160506894,381.6815324132461,337.2166418940312,1045.0208712545625,174.17014520909376,50960.97450283303,4412.225762179931,7837.656534409219,200.1896091313027,100,100000,8,6394530,1
5,472.8086340556666,137.39439692843226,328.91831102561446,311.97560172993195,621.8614510827811,155.46536277069526,25050.38803982979,4576.522732380741,4663.960883120858,131.87155130582477,100,100000,8,6394530,1
11,223.92871589321925,159.2755689216484,295.65632135376626,230.51503825360916,1193.3543842685176,119.33543842685177,40699.6381504183,2874.032136111507,8950.157882013882,349.777124314365,100,100000,8,6394530,1
19,291.029356731651,171.9344203483549,265.943707968899,222.8284505909683,1119.0794323664352,62.17107957591307,26135.848744134764,3472.2283281000446,8393.095742748264,576.650044806878,100,100000,8,6394530,1
10,543.1741524219343,185.57815097483194,373.92221120971726,364.96658740563237,520.1648029117184,57.79608921241316,24699.42274141788,5465.642275475747,3901.236021837888,248.01787184023976,100,100000,8,6394530,1
14,495.65390777722257,82.01049772230365,367.26478918592136,358.86375439028285,852.424514673849,65.571116513373,21370.76941349681,4332.483041246446,6393.183860053868,469.09086517483536,100,100000,8,8372552,1
11,541.4711624853421,89.81829001152921,417.7973094708885,405.90956705845434,871.7401168012327,87.17401168012327,36828.77139854783,4734.670893726536,6538.050876009245,311.78487778520383,100,100000,8,8372552,1
12,671.58465801206,95.57982979947124,420.5173080065521,418.3524136238536,825.9791523922407,75.08901385384007,36835.98336181648,5753.733658586484,6194.843642941805,384.5890410792672,100,100000,8,8372552,1
10,591.3991621158026,93.44020521751663,378.8464342252754,373.46726352882314,824.2952908767902,91.58836565297669,25178.31818591678,5136.2952549998945,6182.214681575926,342.1432025676702,100,100000,8,8372552,1
15,341.87968954598875,98.88752376977507,375.7095130976165,347.2611167922598,1157.5471439366102,82.681938852615,28700.373422868295,3305.7540998682284,8681.603579524577,392.42924545681853,100,100000,8,8372552,1
10,564.1746586266547,131.7353038112792,405.54064255822976,399.2057755415615,800.569077248781,88.952119694309,22772.360455324815,5219.324718284504,6004.268079365857,298.40728564975177,100,100000,8,8372552,1
7,389.57999624100347,130.46757328207897,289.73089117435563,277.77626040931716,776.9612630730522,129.4935438455087,17289.002754900273,3900.356771423118,5827.209473047892,179.2713510926131,100,100000,8,8372552,1
9,326.8266209747652,153.33941543443242,401.5026310182353,360.0457500290036,1061.4703265148166,132.68379081435208,43054.78062442089,3601.2452730689824,7961.027448861125,254.78485321198724,100,100000,8,8372552,1
16,444.87121258273,53.5050713715871,345.7993741838675,310.3706684794178,1076.5982208529997,71.77321472353331,34231.022629599065,3737.8221296573784,8074.486656397497,476.99413149727314,100,100000,8,7662622,1
6,556.1946331563962,63.96320652600642,318.66679578665963,313.5375151273346,569.5170848002181,113.90341696004361,28444.04767262237,4651.1837976180195,4271.3781360016355,241.3376928450821,100,100000,8,7662622,1
11,600.8154617749067,71.09015932647836,439.84689544518363,435.47767551555796,880.7888993992057,88.07888993992057,25477.97310901886,5039.292158260388,6605.9167454940425,320.6589450851566,100,100000,8,7662622,1
8,478.6954782046429,76.70019772757253,403.4534622280537,381.1811316508433,936.7387882887497,133.81982689839282,40001.92966111158,4165.467569491616,7025.540912165623,232.26912423337086,100,100000,8,7662622,1
10,367.8970018339715,122.92409489451998,374.4675261653937,365.5960814193737,975.2162766269367,108.35736406965964,24323.387681757955,3681.1582254636864,7314.122074702025,235.37366247151402,100,100000,8,7662622,1
12,652.7219244671905,156.4014528286889,450.77776657814155,445.1733581532075,777.6454321726226,70.69503928842023,25659.585535948336,6068.425329719095,5832.340741294669,326.9721001265588,100,100000,8,7662622,1
6,531.2281133922191,165.37991144723603,390.9174968415654,364.7951322063686,869.5933162462538,173.91866324925076,36823.56820532986,5224.560186295914,6521.949871846904,186.80229994079852,100,100000,8,7662622,1
12,475.58611792513733,177.86546642557798,308.8733747927916,262.5239187622438,963.5819032270427,87.59835483882206,33762.005034222435,4900.886882630364,7226.8642742028205,369.6550802082788,100,100000,8,7662622,1
14,383.72127866743637,31.236929353779228,330.6732642957771,315.2705075640659,1181.7906271574514,90.90697131980394,24452.989329724493,3112.1865601591167,8863.429703680886,386.0023221692112,100,100000,8,9758090,1
10,278.3498856260079,78.53264480063629,343.1537533403143,321.14123857587555,1122.82064847773,124.75784983085889,27389.95252570858,2676.6189781998314,8421.154863582975,328.6926303439512,100,100000,8,9758090,1
12,421.52093088037003,96.67261061103696,422.99892072066973,412.5613401166742,1035.1602575364477,94.10547795785888,31311.04443388715,3886.4515611855527,7763.701931523357,330.31769710210403,100,100000,8,9758090,1
8,508.86137253274217,132.82393647143743,349.1527133313417,346.4088337982112,574.0209638216207,82.0029948316601,16864.766132472527,4812.639817531346,4305.157228662156,142.77709741144088,100,100000,8,9758090,1
11,494.18592809696736,145.1777361591754,394.8271981107404,376.0198915800495,916.3839962770081,91.6383996277008,25532.368276992453,4795.227481921071,6872.8799720775605,295.01131517200315,100,100000,8,9758090,1
14,515.045075657148,167.1029785412538,380.2199217425237,363.50025827548603,869.1445499193132,66.8572730707164,22627.28247574124,5116.110406488014,6518.584124394849,402.5939316775407,100,100000,8,9758090,1
8,578.1698888936018,171.31809133526386,354.5286602049884,341.86143803424176,600.2851944086068,85.75502777265811,36590.020509050955,5621.159851716492,4502.138958064551,162.43777718587248,100,100000,8,9758090,1
14,513.8723800456976,176.62749492076952,341.15513599852005,340.09578937599724,498.7503640300485,38.36541261769604,17078.88408379108,5178.749062248504,3740.627730225364,379.468276199174,100,100000,8,9758090,1
15,271.9601357029048,42.07030744660153,343.3028924701183,329.6799059118713,1284.1977824912026,91.7284130350859,22466.969400970946,2355.2283236212975,9631.48336868402,418.9448835416198,100,100000,8,3862201,1
10,600.2183081345324,49.535964741009046,373.1417779047039,368.0082231825077,691.9145258425142,76.87939176027936,30851.055239208836,4873.157046566561,5189.3589438188565,231.13550640886297,100,100000,8,3862201,1
8,249.50877888461423,65.31229115882662,305.80847649369434,203.48020875008882,1240.375728497091,177.19653264244155,69780.1955923535,2361.158025325806,9302.817963728181,219.99273117505876,100,100000,8,3862201,1
10,624.6805729515933,87.65291201776783,380.7484091275498,376.9706895626337,773.9111758123544,85.99013064581715,37990.774389116865,5342.501137270208,5804.333818592658,281.9962508388061,100,100000,8,3862201,1
11,294.4429575818782,89.2355287037928,329.3522029926729,315.6667475797188,1067.9639165587785,106.79639165587784,23203.48019757122,2877.5886471425324,8009.729374190839,333.39408098425247,100,100000,8,3862201,1
11,589.2227435594652,103.6565094651896,407.13698478903916,391.55202681269446,840.6695368680909,84.06695368680909,36814.94011191708,5196.594397684911,6305.021526510682,297.6328594062981,100,100000,8,3862201,1
10,617.6961278666474,109.46039695556914,417.1636258320044,404.90155635400384,759.183516506115,84.353724056235,32798.17217202506,5453.673936166625,5693.8763737958625,275.35071851852234,100,100000,8,3862201,1
7,463.7174754963878,119.67558698627417,306.1934519905615,288.7645845957224,596.7879153801982,99.46465256336637,33446.42684450984,4375.447968619965,4475.9093653514865,184.39417976132134,100,100000,8,3862201,1
11,474.90272738899256,48.713861633534336,339.822684784965,319.02833132005924,1093.9666979206797,109.39666979206797,30394.52017475993,3927.124417668952,8204.750234405097,347.2125005850565,100,100000,8,772250,1
10,556.284111872449,112.25548798912229,331.74774003647406,320.44767330004277,860.4454627326552,95.60505141473946,27931.592111498736,5014.046998961785,6453.340970494914,263.9944132847485,100,100000,8,772250,1
15,451.3493507129525,119.73801162330825,408.1530032793456,394.0932629435756,968.9350269344909,69.20964478103507,30967.76102176616,4283.155217521956,7267.012702008682,363.86255978544415,100,100000,8,772250,1
10,358.6024450508302,118.49350034994451,355.9937786237982,345.24680005781494,1005.0150849857748,111.6683427761972,31297.930106244487,3578.2195905058106,7537.613137393311,325.7115895435646,100,100000,8,772250,1
12,312.5625651212827,132.1221542261498,328.85404266654336,267.2571538333996,1094.5596874996345,99.50542613633041,48599.4138206382,3335.135395105744,8209.19765624726,288.6377614960334,100,100000,8,772250,1
12,578.4640859745318,133.73034531157327,367.48941067821124,362.8337858977171,822.4209317329195,74.76553924844723,25176.384544615565,5341.458234645788,6168.1569879968965,371.15498799789634,100,100000,8,772250,1
9,573.6529094768761,142.55950809110857,319.49110599576596,311.60704447978446,667.5463370090051,83.44329212612564,21462.43887675383,5371.593131759884,5006.597527567538,190.20501881971026,100,100000,8,772250,1
15,279.5222485499861,148.9847287143739,352.93260246296165,338.7898221034456,1033.77697458662,73.84121247047287,24408.882340182354,3213.8023294827,7753.32730939965,365.1305985645637,100,100000,8,772250,1
8,522.5906904795768,49.831425847933446,276.3448220890793,270.8575228781626,698.6749860785454,99.81071229693507,20118.310873248374,4293.165872456327,5240.062395589091,228.96546934177277,100,100000,10,4474730,1
12,438.58714611124327,121.75443024662259,320.9744083530192,303.01486615737707,688.5349628090593,62.594087528096296,16868.375940830985,4202.561822683994,5164.012221067945,208.65519750067492,100,100000,10,4474730,1
4,491.2584885239058,146.7101554060179,308.60196901030895,306.799913936159,379.18140627092316,126.39380209030772,16063.580835140772,4784.764829474428,2843.8605470319235,97.11026186243049,100,100000,10,4474730,1
9,434.07211902871643,152.4944418427394,385.1513253777101,376.52682144339,679.9776488663257,84.99720610829071,18107.88254225738,4399.249206535919,5099.832366497442,187.9714183504961,100,100000,10,4474730,1
5,474.30115157404117,156.76310920803283,300.38275949447166,299.90502051409084,335.80150448812543,83.95037612203136,12369.116554901077,4732.981955865555,2518.5112836609405,165.84817767823495,100,100000,10,4474730,1
13,466.1570890651071,179.34654506109607,357.0987344114698,354.3064672000413,578.9438989096275,48.245324909135626,13136.245644838289,4841.277255946523,4342.079241822206,362.0576387488389,100,100000,10,4474730,1
8,444.9664042733789,184.96005821027927,433.42070219441825,431.6776061719366,580.0948696658103,82.87069566654432,16816.255493717872,4724.448468627436,4350.711522493577,188.32381883050792,100,100000,10,4474730,1
10,248.44570186845314,185.14879995759392,296.8200133833989,272.09702641816864,817.5665871683086,90.84073190758984,20216.375062803556,3251.958763695353,6131.749403762315,300.4706974687251,100,100000,10,4474730,1
10,596.2460460012139,190.04151745898727,429.8398637219401,428.80831102706895,504.7487925615954,56.0831991735106,18259.41023607392,5897.1567259515095,3785.6159442119656,262.32978741586396,100,100000,10,4474730,1
4,522.8504489299934,193.39575656136637,324.68988762057313,323.9543647240452,361.0776801623081,120.35922672076937,15577.877053537395,5371.8465411851985,2708.082601217311,86.33803820398947,100,100000,10,4474730,1
12,347.91725061432066,62.98864201150246,330.6962596332345,320.62070182310316,866.1400864504118,78.74000785912834,19277.767855180107,3081.7941946936735,6496.050648378088,329.86680766177466,100,100000,10,9944578,1
10,273.8184890306461,103.89035690060813,307.09300279225556,294.76082700974,867.7040518561137,96.41156131734596,16125.111101674198,2832.8163444844067,6507.780388920853,280.1791552890663,100,100000,10,9944578,1
10,508.39258087193025,107.88394399518006,378.8372324681767,377.20191579946544,654.492104886422,72.72134498738022,19840.602398254567,4622.073936503328,4908.690786648165,282.6704510858549,100,100000,10,9944578,1
6,567.4507619624796,120.45372931048021,375.29834957487157,373.5332142082097,489.9516658650622,97.99033317301243,25152.72788863957,5159.283684547198,3674.6374939879665,239.17495341269372,100,100000,10,9944578,1
9,537.4646896371733,144.43333322353163,351.1174512292107,348.54230083341804,457.47219969465004,57.184024961831255,14904.471584081064,5114.235171455287,3431.0414977098753,263.6391651266825,100,100000,10,9944578,1
6,478.66702009524846,151.08774364774715,303.84012593828027,293.6699061581333,548.9719625805163,109.79439251610327,19418.6105307731,4723.160728072467,4117.289719353873,184.78096460563856,100,100000,10,9944578,1
11,449.8468094313648,159.27238114303847,318.55987190591145,307.19339218002875,668.5928052858312,66.85928052858313,19134.961692230347,4568.393929308025,5014.446039643734,301.64350885958174,100,100000,10,9944578,1
7,553.7534203601567,172.5437409334057,389.16222614124575,386.18526055267836,460.01416131339704,76.66902688556617,16279.716826916434,5447.228709701719,3450.1062098504776,211.43400055121288,100,100000,10,9944578,1
6,433.9913278810656,173.428835272238,331.7485634272702,322.25720453733385,546.6648136665641,109.33296273331283,19365.993225939943,4555.651223649777,4099.986102499231,206.251791211182,100,100000,10,9944578,1
9,521.0832281712825,178.28375377544987,347.617446688467,345.75214393222916,543.434405820449,67.92930072755613,12392.711790906835,5245.252364600493,4075.7580436533676,262.3437554484219,100,100000,10,9944578,1
10,459.60054587226546,99.10274163246902,330.6556703371273,313.0202857089992,705.7937337574295,78.42152597304772,21175.088471677485,4190.274656285508,5293.453003180722,203.53391749096028,100,100000,10,9925823,1
7,578.8366498250688,116.33985615200693,374.86341024140836,371.8968820312577,540.6520974291839,90.10868290486398,28514.51177866588,5213.8237948280685,4054.8907307188792,232.56847865162865,100,100000,10,9925823,1
14,351.0058812610844,122.24898152814023,339.672341984481,334.6581976538324,789.0765046299937,60.69819266384567,14412.984827172386,3549.411470919185,5918.073784724953,416.2398987517089,100,100000,10,9925823,1
6,499.6374648441456,135.05402000642755,381.47544258046537,381.29758650390124,391.2582465896588,78.25164931793176,15452.611012132795,4760.186136379299,2934.4368494224414,111.56044337618809,100,100000,10,9925823,1
9,482.53734763445647,155.49351903369484,390.9466256157583,384.24237481727755,590.1919509628993,73.77399387036242,20403.68058270359,4785.231500011134,4426.439632221745,269.40455042651166,100,100000,10,9925823,1
7,577.7573535210013,156.67658528882106,365.8662121596887,360.23986144124757,558.6046614795782,93.10077691326303,26102.72273008327,5508.2545410736675,4189.534961096837,176.97906770173765,100,100000,10,9925823,1
8,445.68679881768804,168.10777912304764,321.52033124211624,309.7874089312241,531.7210852295767,75.96015503279668,14771.220523831364,4603.459334555518,3987.9081392218254,316.25511036902105,100,100000,10,9925823,1
11,463.5085106216659,187.75220517590407,320.96610027269395,315.5880260272705,637.4423631340064,63.74423631340064,12890.16553588919,4884.455368481775,4780.817723505048,311.53626271426793,100,100000,10,9925823,1
4,535.0064227876858,194.15735081237236,385.079020304738,359.3658657898586,519.4822906804944,173.1607635601648,38538.191308782116,5468.728302000436,3896.117180103708,144.6130814702215,100,100000,10,9925823,1
9,472.0212833499035,200.6121794292104,408.1886696100623,403.0152118590218,525.1166111480708,65.63957639350885,12201.668771206936,5044.750970843354,3938.374583610531,283.972638054088,100,100000,10,9925823,1
9,454.0030148447426,67.78415834045411,336.8095068086764,331.09376681308106,751.9858428609732,93.99823035762165,23911.33446875151,3913.4037988889754,5639.893821457299,257.9375440589111,100,100000,10,3820097,1
6,259.69515113543486,72.40371882462325,297.82003261526717,282.33053618035126,971.2662845049856,194.25325690099712,30353.140846362174,2490.7415247004355,7284.497133787392,120.76687657547038,100,100000,10,3820097,1
7,282.45934841464106,74.55049754121872,313.3576453089243,293.0845351703726,834.8308367160021,139.13847278600034,27781.563470950226,2677.5738446689484,6261.231275370015,227.773658841606,100,100000,10,3820097,1
6,538.0944747685178,80.38001333038373,370.29930679953947,367.3242761812317,634.7192593422092,126.94385186844184,24512.326100069626,4638.558660741761,4760.394445066569,161.9228076964615,100,100000,10,3820097,1
9,465.16774311798457,101.20365172999608,319.04683806586894,306.4226586006681,681.5310185447913,85.19137731809892,19933.64363669618,4247.785461359856,5111.482639085935,295.6636461466453,100,100000,10,3820097,1
8,384.6417494906496,147.2535808609566,402.38906943116956,394.40420141653493,684.7776962832559,97.82538518332227,19662.846097063928,3989.214977637046,5135.832722124419,191.19391660769475,100,100000,10,3820097,1
10,584.7428631912446,154.69714300549947,354.503954569703,352.51989925537055,545.8965415439495,60.65517128266106,18430.847480373734,5545.8000464755805,4094.2240615796213,271.86933318555907,100,100000,10,3820097,1
9,483.8935970769919,162.47980185386686,374.10125929790223,368.8609497478039,516.5747299958113,64.5718412494764,18499.459368216434,4847.800491981441,3874.3104749685845,239.34874091970718,100,100000,10,3820097,1
7,385.5743808532516,169.39632511828748,328.1049633576972,324.8514669223929,490.57622427800726,81.76270404633455,10020.68560060848,4162.280294786544,3679.3216820850544,194.67449288731768,100,100000,10,3820097,1
6,626.9257667452777,175.44806994868665,418.2686680054805,417.15664170277614,505.36030728612695,101.07206145722539,23992.04665833316,6017.803775204732,3790.202304645952,183.85124743260707,100,100000,10,3820097,1
6,486.1242233492836,31.84649852484742,320.4224248005682,319.28694350912065,545.4874759837523,109.09749519675047,22031.913158962114,3884.780414055983,4091.1560698781427,201.45813616318895,100,100000,10,9535879,1
9,458.03304960803683,68.08890671666794,302.5427896628296,283.9506740801497,669.131553541042,83.64144419263025,22755.806460238997,3945.914672435286,5018.486651557815,241.34916824480825,100,100000,10,9535879,1
7,451.23723115899054,93.00298659927914,301.03264630466555,297.36271952550777,482.578627745993,80.42977129099883,17026.36587206324,4081.801633187022,3619.3397080949476,177.48419101116423,100,100000,10,9535879,1
7,426.46235202270105,110.68262986153414,336.2380804646951,328.01570366125986,728.7683699907041,121.46139499845067,26311.049482567156,4028.587364131764,5465.76277493028,215.00580761789175,100,100000,10,9535879,1
7,583.0508797537858,133.70431831584054,328.5528324609578,327.716586146307,491.8681314093425,81.97802190155709,16468.601428918588,5375.663985522197,3689.0109855700684,186.18366763240536,100,100000,10,9535879,1
11,427.7566693896289,144.21180827286344,407.6348962239347,396.2687756076337,677.8297201293175,67.78297201293175,23197.1645952018,4289.763582468692,5083.722900969881,374.559511916072,100,100000,10,9535879,1
9,351.9787748578274,163.78522942937195,337.60908581755143,311.44425684026135,745.1874476282617,93.14843095353271,21369.120320695027,3868.230032153995,5588.905857211963,293.3152090596099,100,100000,10,9535879,1
6,493.88787460463436,164.3256976217847,337.2484645431148,331.18371786738,416.10924813379773,83.22184962675955,17977.996128495575,4936.601791698143,3120.819361003483,174.29587526867684,100,100000,10,9535879,1
10,498.7463332425706,172.68477733315254,391.4900773267557,387.95481042953634,536.9285535403329,59.658728171148105,12991.819716233786,5035.733329317924,4026.964151552497,361.4495218865319,100,100000,10,9535879,1
9,467.57853855662364,175.64301334813223,339.4299128792555,328.82741972548183,633.8444191640132,79.23055239550165,15811.489678835584,4824.161639285669,4753.8331437300985,229.48709475284238,100,100000,10,9535879,1
9,508.2101550138289,73.42751706538117,380.8607640438833,375.9233825187764,703.7596952807648,87.9699619100956,22909.1938231492,4362.282540594076,5278.197714605736,300.7385755281751,100,100000,10,8271480,1
5,387.27958425119743,78.18233191857247,274.5038394554404,256.2221532646688,468.13931213173777,117.03482803293444,21685.92547415748,3490.964371273274,3511.0448409880332,168.72311822506595,100,100000,10,8271480,1
10,462.8671564256898,87.59077363878522,346.1996205678047,344.6604525966952,536.977549500927,59.66417216676967,17469.952838883204,4128.434475483563,4027.3316212569525,235.55483331489006,100,100000,10,8271480,1
13,367.10119729205854,87.96075869440472,342.50229117344674,333.1938956648529,814.0636479010616,67.83863732508847,20723.131173986818,3412.9646698984743,6105.477359257962,424.14131057822806,100,100000,10,8271480,1
7,369.69835277443576,101.96101676663248,311.74531087081516,301.76363930671715,811.7887457703164,135.29812429505273,22196.347108277987,3537.445271558012,6088.415593277373,194.672627342099,100,100000,10,8271480,1
6,485.68676312008995,117.5272887878177,360.14998353105096,350.84012447556887,556.7298157231562,111.34596314463124,22849.58829725065,4524.105389309308,4175.473617923672,175.73422371232573,100,100000,10,8271480,1
8,487.3885488647058,131.07130483516045,359.35258717548265,354.64135398977544,676.8962498561132,96.69946426515902,19406.883131721446,4638.448902748997,5076.721873920849,198.50171961438093,100,100000,10,8271480,1
10,283.35661818946164,168.08206464981726,361.77439551946,355.45751563957697,810.1831011542525,90.02034457269473,16348.337501718004,3385.7901212945917,6076.373258656894,258.017968008575,100,100000,10,8271480,1
8,388.1055116313228,166.5278613009356,328.0039281486134,318.2201465166485,621.6155293615305,88.80221848021866,14021.216283399648,4159.750296991939,4662.116470211479,247.45556631152556,100,100000,10,8271480,1
9,476.2727304009752,168.61086857166467,390.8366703044692,389.4575406355895,591.9698144370989,73.99622680463736,21301.18065749176,4836.6269922947995,4439.773608278241,255.28885242777753,100,100000,10,8271480,1
7,541.4098095009869,90.41342549758544,377.61020435745485,371.34072117581843,587.3242366343807,97.88737277239677,29854.40548780793,4738.674262489292,4404.931774757855,196.8146487199053,100,100000,10,6394530,1
8,560.6886603336391,94.30083071389777,388.8437834813317,387.29544240283536,597.0268244097365,85.28954634424807,19275.48740354894,4912.421182856526,4477.7011830730235,216.85376600054593,100,100000,10,6394530,1
5,505.967666383302,118.10680802300975,372.41776502505155,360.29885838735936,603.5062350771356,150.8765587692839,30387.294933350582,4680.558558047338,4526.296763078517,139.38714689425154,100,100000,10,6394530,1
4,470.4101662388275,116.42997160506894,297.8946790978687,293.64175926579713,447.0619535952011,149.02065119840037,18745.58068941639,4401.301033829223,3352.964651964008,141.75763380378353,100,100000,10,6394530,1
5,472.8086340556666,137.39439692843226,328.91831102561446,311.97560172993195,621.8614510827811,155.46536277069526,25050.38803982979,4576.522732380741,4663.960883120858,131.87155130582477,100,100000,10,6394530,1
8,258.6029381944674,159.2755689216484,293.9559024840009,266.60026825451286,881.9615269664995,125.99450385235707,23035.369572817668,3134.0888033708684,6614.711452248746,234.78122181177855,100,100000,10,6394530,1
7,379.0961083245848,171.9344203483549,317.18031411693846,296.8017631781456,721.4177295030404,120.23628825050673,23281.064415296645,4132.7289650470475,5410.632971272803,129.79125437542652,100,100000,10,6394530,1
10,543.1741524219343,185.57815097483194,373.92221120971726,364.96658740563237,520.1648029117184,57.79608921241316,24699.42274141788,5465.642275475747,3901.236021837888,248.01787184023976,100,100000,10,6394530,1
7,523.9108996393204,185.96148503076643,329.03473244306014,311.83012611158205,571.6295844322888,95.27159740538146,25785.555162817687,5324.042885025651,4287.221883242166,223.9508451563458,100,100000,10,6394530,1
6,534.4105026430018,193.19821791427657,316.6847915143819,292.80545161362863,536.6297999642974,107.32595999285948,29303.923233885933,5457.065404179588,4024.7234997322303,172.66395585638531,100,100000,10,6394530,1
11,426.2134140845139,82.01049772230365,345.1601800733592,342.3664976556022,671.7739921712521,67.17739921712521,17641.188074760208,3811.679338551132,5038.30494128439,368.89797001156086,100,100000,10,8372552,1
5,469.36384718050357,89.81829001152921,290.92525336197747,289.57068990894925,445.3851454074186,111.34628635185464,17715.39423434493,4193.866028940246,3340.3885905556394,126.35314976683823,100,100000,10,8372552,1
6,450.99574696726097,95.57982979947124,337.3163393780513,314.0120122823143,755.6456736199882,151.12913472399765,28874.468872897374,4099.316825750491,5667.342552149911,178.49353207002451,100,100000,10,8372552,1
9,530.1207082393491,93.44020521751663,355.22946445966124,351.9789009148565,649.0429171838528,81.1303646479816,20200.651331321737,4676.706850926494,4867.821878878895,305.7315521688853,100,100000,10,8372552,1
10,423.4049830670729,98.88752376977507,354.50424893755894,344.32233224575873,774.998973183113,86.11099702034589,16747.117732040922,3917.1938012763603,5812.492298873347,241.8717399993025,100,100000,10,8372552,1
6,564.1746586266547,131.7353038112792,379.11869081061394,377.3302667717785,519.1141174971038,103.82282349942076,25582.5066189802,5219.324718284504,3893.355881228279,176.78390683138022,100,100000,10,8372552,1
6,523.8622216514119,130.46757328207897,361.0019883143296,359.9349894526248,451.02414943757276,90.20482988751455,20064.890409898013,4907.473462001182,3382.6811207817955,181.196958752693,100,100000,10,8372552,1
7,509.7134221986536,153.33941543443242,409.4042411288337,406.9938851338906,519.5495919282724,86.59159865471207,15819.48047716502,4972.896282248145,3896.6219394620434,177.42002024506056,100,100000,10,8372552,1
6,617.1237904707135,178.52631148246334,374.19059108566876,373.46593872448125,463.2579990810541,92.65159981621082,20961.06731564937,5967.375764648827,3474.434993107906,200.1551515172745,100,100000,10,8372552,1
8,341.87968954598875,183.60918731452415,329.39247459686135,302.58449199412706,717.616306446838,102.51661520669116,21587.515358746925,3941.1665764538466,5382.122298351285,218.6025931778822,100,100000,10,8372552,1
9,475.58611792513733,53.5050713715871,315.0135564292935,300.3791028285186,741.6906870321627,92.71133587902034,22599.44007663177,3968.1839197254335,5562.680152741221,254.9587387145925,100,100000,10,7662622,1
8,567.1393286441831,63.96320652600642,393.62280440408745,384.149262613263,656.5230342558818,93.78900489369741,29555.608337312253,4733.269013776421,4923.922756919113,264.3061928577478,100,100000,10,7662622,1
7,540.9456079642093,71.09015932647836,397.74634021575696,395.17625007786575,682.9580145218553,113.82633575364254,29181.78017934362,4590.268254680157,5122.1851089139145,261.2183384192698,100,100000,10,7662622,1
4,459.6545522371872,76.70019772757253,330.3223957688113,330.18168309612315,399.3655345147334,133.12184483824447,24263.42180341264,4022.6606247356985,2995.2415088605003,98.41035399955567,100,100000,10,7662622,1
9,542.733748997117,122.92409489451998,375.1975844244405,372.46082444312526,616.6754117650244,77.08442647062805,21771.89207194375,4992.433829187277,4625.065588237683,212.14078164230958,100,100000,10,7662622,1
9,407.2780681288444,156.4014528286889,358.0108395017171,345.17714935965546,706.695086354169,88.33688579427113,16168.52877320333,4227.596407181499,5300.213147656267,321.09271490182874,100,100000,10,7662622,1
5,580.5512490410769,165.37991144723603,436.27482922685056,433.58351898789726,462.1972836100606,115.54932090251515,28625.87314874512,5594.483703662347,3466.4796270754546,125.79031000369767,100,100000,10,7662622,1
6,478.6954782046429,177.86546642557798,295.24267351000987,286.81051142221986,559.9498267980111,111.98996535960222,15087.514457439553,4924.207084726657,4199.623700985084,192.3407717660294,100,100000,10,7662622,1
12,316.6386934998007,195.80454620302783,353.30768668987554,332.3440655638148,670.7955466663732,60.981413333306655,20565.304957968696,3843.3242977712143,5030.966599997799,337.54503117426407,100,100000,10,7662622,1
4,442.40480456196985,212.92194571541924,330.3651331962616,325.22852268170607,369.43000979307436,123.14333659769146,13534.895590379221,4914.950627080419,2770.7250734480576,149.5059599239222,100,100000,10,7662622,1
10,383.72127866743637,31.236929353779228,356.09780001005527,346.22626073845845,753.7616517771517,83.75129464190574,24361.603171507864,3112.1865601591167,5653.212388328638,264.7042741680816,100,100000,10,9758090,1
7,476.54851200806115,78.53264480063629,326.30511685484913,321.1928362898005,563.957074738259,93.99284578970985,17984.908938091565,4163.108676065231,4229.678060536943,252.19739886496632,100,100000,10,9758090,1
8,532.2790447147847,96.67261061103696,363.63053865185725,358.6401492712354,648.6438802707823,92.66341146725462,24480.43138575166,4717.137414943662,4864.829102030868,226.97749153552516,100,100000,10,9758090,1
7,481.04356675529783,132.82393647143743,338.16540744049956,335.69562468670097,487.1722227718798,81.19537046197996,14976.349245088857,4604.006274200515,3653.791670789098,111.52193107919162,100,100000,10,9758090,1
7,449.4146618149227,145.1777361591754,359.05652959248283,347.6398795333761,693.8393885680597,115.63989809467661,20551.3589202584,4459.442984805735,5203.795414260448,206.4504063890222,100,100000,10,9758090,1
8,337.39777183461723,167.1029785412538,389.45812978962863,385.2636955153279,771.5809855324405,110.22585507606293,19589.59901184659,3783.7556278190327,5786.857391493304,269.41183368900215,100,100000,10,9758090,1
5,508.86137253274217,171.31809133526386,371.2599464236396,357.9880446740498,463.0188796427856,115.7547199106964,24298.639707807695,5101.345979010045,3472.641597320892,114.27292800633988,100,100000,10,9758090,1
10,385.58566622992134,176.62749492076952,264.5100449669339,257.7989949439679,571.8121348194537,63.53468164660597,8328.00885179589,4216.598708630182,4288.5910111459025,240.22807717146844,100,100000,10,9758090,1
11,513.8723800456976,189.82865838131596,373.8996695421105,366.35189909245526,464.608976624207,46.4608976624207,21111.220024491227,5277.757788202602,3484.5673246815527,298.7304777435896,100,100000,10,9758090,1
8,478.18865611776255,193.68571820427368,336.1001203131424,329.84558893848833,474.85098162600417,67.8358545180006,11762.325119724232,5039.057807415272,3561.3823621950314,225.56948845459868,100,100000,10,9758090,1
12,346.6857735851312,42.07030744660153,356.8331873794846,352.28057426221227,792.8317755817368,72.07561596197607,18695.976190654157,2915.6706077379954,5946.238316863026,306.94181812041586,100,100000,10,3862201,1
9,566.3616524790996,49.535964741009046,347.9110523236119,342.77130433133055,651.226473601475,81.40330920018438,27235.50606829516,4619.232129150814,4884.198552011063,181.72565805797095,100,100000,10,3862201,1
5,494.4601410847947,65.31229115882662,318.1480900892856,317.6849034062373,436.36602025889465,109.09150506472366,25324.099057614465,4198.29324182716,3272.74515194171,100.80396207710524,100,100000,10,3862201,1
8,531.6518859888175,87.65291201776783,378.31943977461424,369.0523530041662,589.3368187491429,84.19097410702042,28154.32665728189,4644.78598504939,4420.026140618572,219.57004671234586,100,100000,10,3862201,1
9,480.79283046087147,89.2355287037928,327.47715763938527,324.1690482563711,597.4156997079588,74.67696246349485,19289.625292652174,4275.212693734982,4480.617747809691,274.5416911742137,100,100000,10,3862201,1
4,463.7174754963878,103.6565094651896,267.923734037006,263.32885775266686,460.92351840764525,153.64117280254843,18979.473573958167,4255.304887211831,3456.9263880573394,82.32375005363221,100,100000,10,3862201,1
6,294.4429575818782,109.46039695556914,297.54000503266565,251.94747978257504,861.6123581910338,172.32247163820676,35585.60147208874,3029.275159030855,6462.092686432753,154.97013149332957,100,100000,10,3862201,1
6,553.0280564074485,119.67558698627417,405.0809277898382,394.8492244361643,628.3197763297796,125.66395526595593,30267.96428160438,5045.27732545292,4712.398322473347,188.30916366163143,100,100000,10,3862201,1
6,514.7872518352731,139.02290410729546,343.8695861778047,339.3032158076009,568.7501174044053,113.75002348088105,20773.892511598326,4903.5761695692645,4265.62588053304,179.58324030785585,100,100000,10,3862201,1
5,502.5455561160049,145.87498038845146,316.8353157187214,310.4056298388831,427.88918131993546,106.97229532998387,23908.77294794746,4863.154023783422,3209.168859899516,160.7060497532429,100,100000,10,3862201,1
8,474.90272738899256,48.713861633534336,344.8412843465514,334.85125277610183,770.6601390532944,110.09430557904206,29100.806097700075,3927.124417668952,5779.951042899708,252.89605041987508,100,100000,10,772250,1
8,484.0930332270259,112.25548798912229,281.16121946744755,273.85654133464976,637.8378108317883,91.11968726168404,16838.31906605725,4472.613909121111,4783.783581238412,233.1006376785618,100,100000,10,772250,1
7,520.8210146372417,119.73801162330825,345.1382461616072,330.7968077159968,617.4356838216313,102.90594730360522,25945.683031207125,4804.192696954125,4630.7676286622345,148.05314876238094,100,100000,10,772250,1
7,381.60165487546976,118.49350034994451,294.6321444993931,283.26670398699184,775.0979287560717,129.18298812601196,23707.987704050796,3750.713664190607,5813.234465670538,200.83178472125743,100,100000,10,772250,1
7,393.6775961905042,132.1221542261498,271.7856130739952,260.34208658540393,482.9015380000501,80.48358966667502,14220.674634057961,3943.4981281249047,3621.7615350003757,139.38754674201462,100,100000,10,772250,1
10,512.2516066577888,133.73034531157327,323.0458466889743,318.5365300840345,641.7078473968564,71.30087193298405,17147.96265174369,4844.864639770215,4812.808855476424,320.3973928916218,100,100000,10,772250,1
12,480.0978982235858,142.55950809110857,371.0520728687977,364.42367908582736,663.1866474196007,60.289695219963704,19156.71555387085,4669.930547360207,4973.899855647005,327.78688738699327,100,100000,10,772250,1
5,493.55423261104187,148.9847287143739,324.37164383752395,320.08124863708144,404.8258478141551,101.20646195353878,15526.484112288012,4819.042209940619,3036.1938586061633,155.83391374135203,100,100000,10,772250,1
9,548.1676258640991,152.5404444644602,401.99971395506486,399.5514559974833,588.1787117987326,73.52233897484157,14439.991622298907,5255.310527464195,4411.340338490494,221.22341439012172,100,100000,10,772250,1
10,358.6024450508302,155.18158994736123,285.91946907292845,253.45700224798503,740.4845309600827,82.27605899556474,22264.919198519718,3853.380262486436,5553.63398220062,176.04490038307924,100,100000,10,772250,1
4,399.9394168931722,49.831425847933446,238.99290710566166,232.3651415943001,425.59133833578284,141.86377944526095,18879.048772839014,3373.2813205582925,3191.9350375183712,94.57243696269417,100,100000,12,4474730,1
8,385.8813182528249,121.75443024662259,298.99188996663656,282.5784856991867,558.3603609037382,79.76576584339116,15028.991935918391,3807.2681137458558,4187.702706778036,158.57525196033652,100,100000,12,4474730,1
3,491.2584885239058,146.7101554060179,313.3627759498048,312.29311151725045,360.83545088493713,180.41772544246857,20518.037718095293,4784.764829474428,2706.2658816370285,84.05438774096243,100,100000,12,4474730,1
5,490.2474747111623,152.4944418427394,336.1353203837448,333.84122015392677,376.5787623012668,94.1446905753167,16136.840744200988,4820.564374154263,2824.340717259501,96.2431033042822,100,100000,12,4474730,1
4,474.30115157404117,156.76310920803283,322.50813999565963,322.2295639158982,322.52800649254215,107.50933549751404,13450.348851846418,4732.981955865555,2418.9600486940662,145.90421818883692,100,100000,12,4474730,1
10,452.8401665382089,179.34654506109607,328.7419727548443,326.5783694729094,426.098131174588,47.34423679717644,8511.381304278508,4741.400336994788,3195.73598380941,307.69289206872145,100,100000,12,4474730,1
5,533.5920613419363,184.96005821027927,383.3628703078463,382.8453500337526,360.8904339039906,90.22260847599765,16578.567366683863,5389.140896641617,2706.678254279929,129.11286635923003,100,100000,12,4474730,1
9,392.9209138733534,185.14879995759392,274.7556488203222,253.9456319246341,497.23436725340986,62.15429590667623,14281.646450440141,4335.5228537321045,3729.257754400574,237.2085022098142,100,100000,12,4474730,1
5,508.13745616678546,190.04151745898727,388.2552553191503,387.7797560175239,343.4250198292817,85.85625495732043,15140.37905764556,5236.342302193296,2575.6876487196128,100.31598118556144,100,100000,12,4474730,1
4,522.8504489299934,193.39575656136637,324.68988762057313,323.9543647240452,361.0776801623081,120.35922672076937,15577.877053537395,5371.8465411851985,2708.082601217311,86.33803820398947,100,100000,12,4474730,1
5,248.57231421317422,192.55300993764715,247.6794086983904,243.64050298811705,236.3136912041292,59.0784228010323,3103.531427843863,3308.4399311311604,1772.3526840309692,129.142714307056,100,100000,12,4474730,1
4,466.1570890651071,206.76024390417263,325.9192130702677,319.30111432467334,381.8080449355244,127.26934831184145,12814.394238874576,5046.879997269597,2863.5603370164326,133.7995999267174,100,100000,12,4474730,1
9,472.03148085485475,62.98864201150246,308.1379707545614,306.71108183498757,522.6801417050428,65.33501771313036,15255.698482527987,4012.6509214976795,3920.1010627878213,253.79488223561734,100,100000,12,9944578,1
8,269.0755443634847,103.89035690060813,300.8013921253163,290.01080750533555,684.9581315436935,97.85116164909907,16202.130710084763,2797.244259480696,5137.185986577701,215.15074877428452,100,100000,12,9944578,1
8,498.5010879403788,107.88394399518006,336.8856541971859,336.55544527045924,431.16568049645053,61.59509721377865,14312.216311909375,4547.887739516691,3233.742603723379,240.76499149244572,100,100000,12,9944578,1
6,487.1403677010502,120.45372931048021,339.72339666146604,337.3336969295223,395.6415946211291,79.12831892422582,15041.956271148112,4556.955727586478,2967.3119596584684,164.3458837998286,100,100000,12,9944578,1
5,407.1856793040696,144.43333322353163,288.80597600735825,285.616191923332,390.33644858428767,97.58411214607192,9666.779503072548,4137.142593957009,2927.5233643821575,168.84350430186257,100,100000,12,9944578,1
5,426.3856164107467,151.08774364774715,268.8747471068866,259.8882808097542,430.9160500249661,107.72901250624153,13426.407448817274,4331.050200438704,3231.870375187246,136.13797021419222,100,100000,12,9944578,1
6,474.9825568252739,159.27238114303847,340.0437207600758,333.54017203253386,440.1814068447452,88.03628136894903,17736.421016906406,4756.912034762343,3301.3605513355888,139.38127452081258,100,100000,12,9944578,1
5,493.1125742226843,172.5437409334057,353.7716356259933,351.7233888767966,374.9399650680791,93.73499126701978,14304.066792460484,4992.422363670676,2812.0497380105935,141.7633653380979,100,100000,12,9944578,1
4,457.7614206416158,173.428835272238,371.2952579416057,369.8730215226012,303.7025455713404,101.23418185711347,14586.64458411738,4733.926919353903,2277.769091785053,160.0316028261301,100,100000,12,9944578,1
7,431.55604277387005,178.28375377544987,306.44183718221524,304.3768682129992,437.01738232672676,72.8362303877878,7656.358481831751,4573.798474119899,3277.6303674504506,214.00950443384644,100,100000,12,9944578,1
5,347.91725061432066,184.27955198200323,272.3933415175055,263.800565905344,388.48769935715745,97.12192483928936,9069.585001099083,3991.476019472429,2913.6577451786807,142.8085750905921,100,100000,12,9944578,1
5,458.88972573448643,184.85733240644603,346.2791560405359,342.9057303688817,417.9109141928145,104.47772854820363,16495.268635106902,4828.102936056994,3134.3318564461088,163.31027602298934,100,100000,12,9944578,1
7,344.7411329228246,99.10274163246902,287.9788934968715,283.3255990548224,503.8506212855292,83.9751035475882,10514.26532276149,3328.829059164702,3778.879659641469,161.10965221095188,100,100000,12,9925823,1
5,449.8042890400323,116.33985615200693,297.57225137226226,296.76559920739436,340.5782292207813,85.14455730519532,16343.424450334656,4246.081088940294,2554.3367191558596,168.55582033970427,100,100000,12,9925823,1
9,468.327980434802,122.24898152814023,312.72015143835904,309.0300388084952,482.17209793314987,60.271512241643734,12227.210162433634,4429.327214722067,3616.2907344986243,242.96396660769562,100,100000,12,9925823,1
6,499.6374648441456,135.05402000642755,381.47544258046537,381.29758650390124,391.2582465896588,78.25164931793176,15452.611012132795,4760.186136379299,2934.4368494224414,111.56044337618809,100,100000,12,9925823,1
5,478.43645373335147,155.49351903369484,311.01697264550046,305.4925388128097,421.07706855996213,105.26926713999053,16348.923836734135,4754.474795752848,3158.078014199716,122.2855857098207,100,100000,12,9925823,1
6,472.0212833499035,156.67658528882106,320.8898432086792,315.6715682379238,455.14075107147204,91.02815021429441,16891.667460348286,4715.234014790434,3413.5556330360405,173.3962882790637,100,100000,12,9925823,1
4,468.8614542363497,168.10777912304764,334.5710460628105,326.40693735100405,456.5192615309095,152.17308717696983,17235.217474162604,4777.26925019548,3423.894461481821,131.70966168132736,100,100000,12,9925823,1
8,362.15254403336195,187.75220517590407,270.11084129741516,264.6806915417272,342.670087905951,48.952869700850144,6230.004827928298,4124.285619069495,2570.0256592946325,235.21175769151307,100,100000,12,9925823,1
3,448.74891485364884,194.15735081237236,318.03421395957236,292.1992421742796,452.53514679416946,226.26757339708473,26591.552881016647,4821.796992495159,3394.013600956271,69.72715016358852,100,100000,12,9925823,1
7,484.1403702012258,200.6121794292104,393.2754040410012,392.80829660023915,345.5183116195066,57.58638526991777,9619.74031218918,5135.644122228271,2591.3873371462996,224.76296215941315,100,100000,12,9925823,1
5,476.70707970178523,205.06142895047444,378.9714082983872,374.01649472503715,381.3260897725298,95.33152244313246,12118.397610631142,5113.263814891948,2859.945673293974,113.91747829621153,100,100000,12,9925823,1
6,488.1311992010056,216.58072850446078,367.0650697795049,365.34880158988136,355.47882701003766,71.09576540200753,8815.08690474956,5285.339457790998,2666.0912025752823,190.65586155514004,100,100000,12,9925823,1
8,462.8846951521443,67.78415834045411,342.3397900704468,340.3872550893333,531.1058529669483,75.87226470956405,18709.351264159763,3980.016401194488,3983.2938972521124,297.2520640688743,100,100000,12,3820097,1
6,475.6211385998822,72.40371882462325,331.96793707136743,324.65837309613687,530.5525411406518,106.11050822813036,26840.43929341156,4110.1864306837915,3979.1440585548885,158.131295877975,100,100000,12,3820097,1
4,464.9263650490422,74.55049754121872,284.5800725160254,280.94398649818896,445.82676942567196,148.60892314189064,24054.190235636117,4046.076469426957,3343.7007706925397,96.45883384866477,100,100000,12,3820097,1
3,461.4034660677891,80.38001333038373,281.82745283534035,277.98485675256177,402.04420409943293,201.02210204971647,26586.790820832888,4063.3760954862964,3015.331530745747,75.2887555719004,100,100000,12,3820097,1
5,465.16774311798457,101.20365172999608,272.73002573847396,261.7562942798127,472.5691302818363,118.14228257045907,20593.373314049844,4247.785461359856,3544.2684771137724,164.40933030925962,100,100000,12,3820097,1
5,512.1364573416706,147.2535808609566,384.5847307515376,383.9686726854134,414.3993301402444,103.5998325350611,18982.789271030157,4945.425286519704,3107.994976051833,117.24447112892334,100,100000,12,3820097,1
6,367.49741118512765,154.69714300549947,307.6037033450859,300.3115798602798,571.6401419152704,114.32802838305409,16004.074993832173,3916.459156429703,4287.301064364528,101.82102499965589,100,100000,12,3820097,1
7,397.81261782491015,162.47980185386686,332.5369978163804,326.9565121311577,473.72584370665624,78.9543072844427,11814.280025609174,4202.193147590828,3552.9438277999216,211.63152468962397,100,100000,12,3820097,1
7,385.5743808532516,169.39632511828748,328.1049633576972,324.8514669223929,490.57622427800726,81.76270404633455,10020.68560060848,4162.280294786544,3679.3216820850544,194.67449288731768,100,100000,12,3820097,1
4,427.36977276098327,175.44806994868665,326.07703622070716,325.1815926336591,297.54110507851135,99.18036835950379,9385.212522352358,4521.133820322524,2231.558288088835,120.19387670874254,100,100000,12,3820097,1
7,424.0668350872231,191.0766355624218,381.14921137285086,378.600063896478,465.6920240540667,77.61533734234445,13346.695736729875,4613.576029872337,3492.6901804055,200.55790727679295,100,100000,12,3820097,1
7,447.3317555368908,196.84948561368995,327.2233344141693,324.7623854180116,351.99855899404224,58.66642649900704,8228.473094356046,4831.359308629355,2639.9891924553167,187.89859621719728,100,100000,12,3820097,1
6,486.1242233492836,31.84649852484742,320.4224248005682,319.28694350912065,545.4874759837523,109.09749519675047,22031.913158962114,3884.780414055983,4091.1560698781427,201.45813616318895,100,100000,12,9535879,1
4,375.23429866576856,68.08890671666794,273.56937474265584,268.0129072680104,399.54654702149145,133.18218234049715,17679.308261390623,3324.924040368274,2996.599102661186,128.27007789243555,100,100000,12,9535879,1
6,407.9159713684664,93.00298659927914,285.73339640734224,283.5241521892511,418.8189638201969,83.76379276403938,12838.919176622328,3756.8921847580914,3141.142228651477,120.17588883460051,100,100000,12,9535879,1
5,482.15376781343224,110.68262986153414,278.91358774066356,274.9814526426283,475.8580661754846,118.96451654387116,18738.385265086483,4446.272982562248,3568.9354963161345,163.685753803134,100,100000,12,9535879,1
6,371.8147487653198,133.70431831584054,286.1364912454864,285.3117239373481,279.8230641639543,55.96461283279086,6450.388095314346,3791.393003108702,2098.672981229657,171.49295993052175,100,100000,12,9535879,1
6,477.7759421664991,144.21180827286344,369.52919494464544,369.22410508441874,404.4708365462477,80.89416730924954,21879.68043888512,4664.908128295219,3033.531274096858,194.32385345473955,100,100000,12,9535879,1
4,369.93800456023763,163.78522942937195,313.9649088230609,313.56134540130034,239.16517950580138,79.72172650193379,7784.853267549854,4002.9242549220717,1793.7388462935103,149.11980821904052,100,100000,12,9535879,1
6,493.88787460463436,164.3256976217847,337.2484645431148,331.18371786738,416.10924813379773,83.22184962675955,17977.996128495575,4936.601791698143,3120.819361003483,174.29587526867684,100,100000,12,9535879,1
8,404.4547699539369,172.68477733315254,380.6160923817413,377.8386443757706,477.15475869316293,68.1649655275947,12643.471972087957,4328.54660465317,3578.660690198722,261.84874697465506,100,100000,12,9535879,1
7,458.03304960803683,175.64301334813223,329.1836770133664,320.53646138062965,403.95922461640475,67.32653743606745,12285.266580002057,4752.570472171268,3029.6941846230357,193.14882653439707,100,100000,12,9535879,1
6,434.003933671434,177.73376928315636,317.89866956706084,307.39416877330547,381.9095842980363,76.38191685960726,12572.789604856289,4588.0327721594285,2864.3218822352724,182.09270398817367,100,100000,12,9535879,1
7,434.28487881980396,182.30691643187558,360.1649053348907,356.17187937167535,467.7252699014025,77.95421165023374,9616.126666061198,4624.4384643875965,3507.9395242605187,199.50678307804085,100,100000,12,9535879,1
5,445.60563193058744,73.42751706538117,291.798954126287,286.6268465013935,462.1926644138905,115.54816610347262,19574.199437699168,3892.7486174697647,3466.444983104179,192.0918423224379,100,100000,12,8271480,1
4,448.2547652858508,78.18233191857247,261.8098046325814,243.3501012215541,550.9259284356585,183.6419761452195,26709.766149755582,3948.2782290331743,4131.944463267439,145.03125618458984,100,100000,12,8271480,1
6,493.6242456297618,87.59077363878522,326.42735522714565,325.47675632293567,427.4195743380095,85.4839148676019,18540.274947049245,4359.112644514103,3205.6468075350713,115.041474853378,100,100000,12,8271480,1
4,504.77541177073635,87.96075869440472,298.2808600371799,292.1105466384022,453.26038337024073,151.0867944567469,27089.8540514052,4445.521278488558,3399.4528752768056,133.8536905258374,100,100000,12,8271480,1
6,369.69835277443576,101.96101676663248,281.10876780487916,270.7476224212558,608.3469099016884,121.66938198033768,17898.932536431126,3537.445271558012,4562.601824262663,148.97968683627883,100,100000,12,8271480,1
7,485.68676312008995,117.5272887878177,365.03813601458756,363.2271917108015,477.03831445857764,79.50638574309627,14491.18037008264,4524.105389309308,3577.7873584393324,225.4879750717735,100,100000,12,8271480,1
5,487.3885488647058,131.07130483516045,350.05742807672704,345.04713603018496,460.891773034298,115.2229432585745,20852.726630534493,4638.448902748997,3456.688297757235,98.00204872595175,100,100000,12,8271480,1
7,388.1055116313228,168.08206464981726,324.5089343364979,320.7516207929827,481.25903657889546,80.20983942981591,10430.761676610085,4171.406822108551,3609.442774341716,147.57156242044294,100,100000,12,8271480,1
7,370.9250818345306,166.5278613009356,319.4179876510835,312.75278067883056,517.4540974654187,86.24234957756978,12422.317506402745,4030.8970735159965,3880.90573099064,235.23085769131006,100,100000,12,8271480,1
6,507.1219990474286,168.61086857166467,317.8367651037351,317.6066261745499,353.63786130412444,70.72757226082489,13565.17303569219,5067.996507143199,2652.2839597809334,184.48027845628775,100,100000,12,8271480,1
10,272.05215805290214,207.3797166328998,306.17010623911244,301.29377726403135,503.42318917375815,55.93590990819535,7752.491632163864,3595.739060143515,3775.673918803186,313.30676871951874,100,100000,12,8271480,1
6,490.57143325342093,210.43450260072237,360.99273093692574,360.2273910138067,294.6543467083389,58.93086934166778,10335.436575419566,5257.544518906075,2209.9076003125415,163.58518068964614,100,100000,12,8271480,1
6,258.6029381944674,90.41342549758544,304.6359357409804,293.89550771213396,730.3536117641374,146.0707223528275,24337.82326565273,2617.6227276903965,5477.652088231031,138.24405837710728,100,100000,12,6394530,1
7,418.4968447042349,94.30083071389777,361.1991366986808,359.12283179173534,543.350339577362,90.55838992956033,16581.56473938189,3845.9825656359953,4075.1275468302147,182.51827687514478,100,100000,12,6394530,1
4,494.4762846819158,118.10680802300975,339.3298405816393,333.25254456095246,469.1761419870029,156.39204732900097,24949.78691673572,4594.373195286942,3518.821064902522,78.14344093575936,100,100000,12,6394530,1
3,445.5157327641558,116.42997160506894,299.13076798724927,297.8626718913142,335.59422478769693,167.79711239384847,19466.037895942718,4214.592782769186,2516.9566859077268,100.99137341771613,100,100000,12,6394530,1
4,398.02273869818873,137.39439692843226,298.5232347126615,288.98404453737845,350.3864092757292,116.7954697585764,15832.254221416844,4015.6285171996574,2627.898069567969,122.95239761453745,100,100000,12,6394530,1
6,466.4349597760472,159.2755689216484,298.7388256756192,295.1604812653336,380.95650440219043,76.19130088043809,14375.989114358039,4692.828965232718,2857.1737830164284,197.6154807823161,100,100000,12,6394530,1
4,470.4101662388275,171.9344203483549,302.8954068375985,302.08892636862447,314.7633043212188,104.92110144040628,12075.375423950478,4817.584399403869,2360.724782409141,124.0640764470701,100,100000,12,6394530,1
7,327.1615944595009,185.57815097483194,284.999278139074,273.34554895849914,552.6367929516192,92.1061321586032,12345.405752829867,3845.548090757497,4144.775947137144,218.69482945951216,100,100000,12,6394530,1
5,363.8452337732444,185.96148503076643,262.61304891102486,257.80609572173216,305.7205418574028,76.4301354643507,6777.322051641646,4123.550391030081,2292.904063930521,187.80176959263932,100,100000,12,6394530,1
4,396.54834335730834,188.67976425510315,293.1250071322533,286.81632512310836,277.82594823558196,92.60864941186065,9564.795050596322,4389.210807093086,2083.694611766865,94.31131336753774,100,100000,12,6394530,1
5,473.9147111726571,192.05932245494853,332.7263712734033,331.10216889477573,333.4913918577965,83.37284796444912,11201.114202086412,4994.805252207042,2501.1854389334735,122.74020997441522,100,100000,12,6394530,1
11,379.0961083245848,193.19821791427657,312.4229078865919,304.56070238649426,491.6726513070738,49.16726513070738,10208.35114324732,4292.20744679146,3687.5448848030537,315.536647945553,100,100000,12,6394530,1
8,426.2134140845139,82.01049772230365,333.6968605503341,331.9020048553765,559.3665425163581,79.90950607376544,16888.002208475984,3811.679338551132,4195.249068872686,263.8395674750291,100,100000,12,8372552,1
5,469.36384718050357,89.81829001152921,290.92525336197747,289.57068990894925,445.3851454074186,111.34628635185464,17715.39423434493,4193.866028940246,3340.3885905556394,126.35314976683823,100,100000,12,8372552,1
5,326.8266209747652,95.57982979947124,314.5804578602093,297.9566280619407,612.0252114088966,153.00630285222414,23516.030314029565,3168.048380806773,4590.189085566724,172.03574111601048,100,100000,12,8372552,1
4,462.1193596454075,93.44020521751663,325.987259243321,323.83313274867766,423.71600303277154,141.2386676775905,20971.25357742986,4166.696736471931,3177.8700227457866,125.61579917016188,100,100000,12,8372552,1
7,439.65407399175655,98.88752376977507,338.59871519172736,334.79840061329355,539.7305258862526,89.95508764770877,15122.647591767567,4039.061983211487,4047.9789441468947,174.31851061716608,100,100000,12,8372552,1
5,513.374077681707,131.7353038112792,342.10749724740583,341.55820912815597,400.4152419660808,100.1038104915202,21232.144899116487,4838.320361197397,3003.1143147456064,157.261760871558,100,100000,12,8372552,1
5,470.2220980856942,130.46757328207897,328.4299416469131,327.7529242032433,394.4606664494786,98.61516661236965,17233.399672103384,4505.172535258299,2958.4549983710895,131.13589072418108,100,100000,12,8372552,1
3,395.7432557195306,153.33941543443242,310.3845332957365,309.16938929842706,267.5520591111765,133.77602955558825,13115.587172955211,4118.120033654723,2006.640443333824,85.14667033997705,100,100000,12,8372552,1
5,477.7570354575174,178.52631148246334,325.60395120865985,325.14528678824956,320.8629207303473,80.21573018258682,10637.637570007597,4922.125102049856,2406.4719054776047,159.5705882351903,100,100000,12,8372552,1
4,382.0623860492429,183.60918731452415,293.686693928555,292.2371632213698,248.6840552772207,82.8946850924069,6242.387132463793,4242.536800228253,1865.1304145791553,102.77084946574244,100,100000,12,8372552,1
5,472.42644987777066,190.75840029427715,359.1380164454618,357.6373257287271,354.103578718481,88.52589467962025,12987.188425426151,4973.886376290358,2655.7768403886075,145.98812977113982,100,100000,12,8372552,1
5,479.7724817978205,206.90393720726118,367.28601172921356,364.8263328763776,354.40959593688217,88.60239898422054,11148.928353644824,5150.073142538113,2658.071969526616,153.27522120117285,100,100000,12,8372552,1
7,394.2554985841063,53.5050713715871,339.23855352207164,334.2203138013381,634.6083893029365,105.76806488382276,20787.469728768192,3358.2042746677007,4759.562919772024,176.75932939741753,100,100000,12,7662622,1
6,466.4205122974009,63.96320652600642,347.46609589788017,341.3561314377391,510.0056881532477,102.00113763064954,24860.631889003067,3977.877891175555,3825.042661149358,211.96808805915649,100,100000,12,7662622,1
5,509.5175142352595,71.09015932647836,328.4926623542365,327.7856221217901,470.8710706292594,117.71776765731485,21320.780280445193,4354.557551713035,3531.5330297194455,175.97547090215556,100,100000,12,7662622,1
4,459.6545522371872,76.70019772757253,330.3223957688113,330.18168309612315,399.3655345147334,133.12184483824447,24263.42180341264,4022.6606247356985,2995.2415088605003,98.41035399955567,100,100000,12,7662622,1
4,478.6954782046429,122.92409489451998,300.3430679380458,297.3516802247805,404.12052939370346,134.70684313123448,19923.21878376996,4512.146798243722,3030.903970452776,112.4039147116912,100,100000,12,7662622,1
6,436.9753115022161,156.4014528286889,330.3925029015315,323.7413533354461,420.3550621224894,84.07101242449788,12493.298238710779,4450.325732481787,3152.6629659186706,201.80625020978633,100,100000,12,7662622,1
3,523.1919307299917,165.37991144723603,341.5091302980084,337.1015642261609,391.1304553120027,195.56522765600135,24344.682797901012,5164.288816329208,2933.4784148400204,62.41949719214481,100,100000,12,7662622,1
4,518.0802978283281,177.86546642557798,302.7720405076811,300.4769489497308,374.0166096315855,124.6722032105285,18273.420539044604,5219.593231904296,2805.1245722368913,128.48655107982842,100,100000,12,7662622,1
7,424.28803521433014,195.80454620302783,382.1731501567534,376.6186092726925,445.1057783805728,74.18429639676214,12642.96609635222,4650.694360630185,3338.293337854296,221.65934909591604,100,100000,12,7662622,1
4,442.40480456196985,212.92194571541924,330.3651331962616,325.22852268170607,369.43000979307436,123.14333659769146,13534.895590379221,4914.950627080419,2770.7250734480576,149.5059599239222,100,100000,12,7662622,1
5,483.0259755162837,213.55838277769925,373.55091856763204,371.3276507577414,391.4949090309505,97.87372725773763,11859.076511646039,5224.382687204872,2936.211817732129,157.47245050749245,100,100000,12,7662622,1
6,516.8779844011563,216.03450209733057,359.7042011947831,356.5102272953851,354.7423044440683,70.94846088881366,11088.333346411266,5496.843648738652,2660.567283330512,140.30006414547947,100,100000,12,7662622,1
8,383.72127866743637,31.236929353779228,276.35351521832973,262.524270862333,669.2268265027122,95.60383235753032,20041.386340464414,3112.1865601591167,5019.201198770342,200.1963153592227,100,100000,12,9758090,1
6,457.49150457582107,78.53264480063629,301.26455099598047,296.6696020410913,544.0465055530792,108.80930111061585,15478.771367572137,4020.18112032343,4080.348791648094,226.63044706406689,100,100000,12,9758090,1
5,452.9442170224889,96.67261061103696,334.9127826386342,331.44985442220184,445.07187897388314,111.26796974347079,19868.321934329106,4122.126207251444,3338.0390923041236,156.28004376016497,100,100000,12,9758090,1
7,459.3804040478042,132.82393647143743,338.16540744049956,335.69562468670097,487.1514578119145,81.19190963531908,14976.349245088857,4441.5325538943125,3653.6359335893585,111.52193107919162,100,100000,12,9758090,1
5,470.20850862429336,145.1777361591754,325.6490869865389,322.93823481860426,371.33023654525255,92.83255913631314,15309.86707444311,4615.396835876016,2784.976774089394,133.72180632113714,100,100000,12,9758090,1
7,387.1125230800068,167.1029785412538,381.92199021576516,375.19726400761704,487.6600139560307,81.27666899267179,14866.65008285288,4156.616262159455,3657.4501046702303,208.91499856526363,100,100000,12,9758090,1
4,466.65103732635697,171.31809133526386,336.85958989636396,320.5187619790551,413.15530401436814,137.71843467145604,23100.348902133737,4784.768464962156,3098.664780107761,93.34200289666923,100,100000,12,9758090,1
10,494.1045685579357,176.62749492076952,332.03624613704494,331.3516719093909,379.0009191577874,42.11121323975416,14338.587693024621,5030.490476090289,2842.5068936834055,273.68934635274167,100,100000,12,9758090,1
4,385.58566622992134,189.82865838131596,250.84376394006938,249.68515446428825,234.3644530622763,78.1214843540921,6734.764631844189,4315.60743458428,1757.7333979670723,82.7928950030465,100,100000,12,9758090,1
6,399.1189516917017,193.68571820427368,304.32897252051623,297.80251236354974,357.52095964369516,71.50419192873903,9292.389776455393,4446.035024219816,2681.4071973277137,179.5460132787326,100,100000,12,9758090,1
5,337.39777183461723,198.90916068773078,326.2749400924446,314.2320107505414,548.932681132712,137.233170283178,14206.502432683064,4022.30199391761,4116.99510849534,114.09534936733633,100,100000,12,9758090,1
5,458.75714419365283,201.55014953525338,339.2922415305694,338.2866560078499,306.4850292118358,76.62125730295895,9549.980019837329,4952.304702966796,2298.637719088769,173.8511625658556,100,100000,12,9758090,1
9,493.34727284443755,42.07030744660153,340.8048438240519,338.5440436630077,535.7916134751379,66.97395168439223,20487.03426847526,4015.6318521827925,4018.437101063534,222.01673074207946,100,100000,12,3862201,1
7,493.503673629493,49.535964741009046,289.7141993251111,285.16789031523433,518.3642243375718,86.39403738959531,17763.28066093638,4072.7972877787656,3887.731682531789,151.10699864560203,100,100000,12,3862201,1
5,494.4601410847947,65.31229115882662,318.1480900892856,317.6849034062373,436.36602025889465,109.09150506472366,25324.099057614465,4198.29324182716,3272.74515194171,100.80396207710524,100,100000,12,3862201,1
6,503.61003143351064,87.65291201776783,327.4810340537329,323.43616459488095,472.2403590340484,94.44807180680968,20598.968362738015,4434.472075884589,3541.8026927553633,175.30505076455094,100,100000,12,3862201,1
6,415.4187065712247,89.2355287037928,254.62595467712563,251.633370069019,469.1622660774899,93.83245321549798,11278.44754972627,3784.906764562631,3518.716995581174,196.07258631173448,100,100000,12,3862201,1
6,262.84158625417103,103.6565094651896,303.4026412758647,286.9351766033337,678.8491459285575,135.7698291857115,23452.933622966677,2748.735717895205,5091.368594464181,146.9986632753933,100,100000,12,3862201,1
5,381.1368565830567,109.46039695556914,298.1594145228231,289.9265410587106,503.8074822769912,125.9518705692478,17479.030584874778,3679.4794015396938,3778.556117077434,118.04394732628522,100,100000,12,3862201,1
4,463.9896593861226,119.67558698627417,337.6765024066314,335.13639963987674,420.71173149399834,140.2372438313328,21117.611448381133,4377.489347792975,3155.3379862049874,126.6924428857678,100,100000,12,3862201,1
3,421.2111457993729,139.02290410729546,306.9146332692579,301.8071857276777,318.144014327342,159.072007163671,17816.939005727167,4201.755374300013,2386.080107455065,58.29487260200301,100,100000,12,3862201,1
4,502.5455561160049,145.87498038845146,344.32396634720305,338.12549973269876,416.5448250090023,138.84827500300077,25464.678972846217,4863.154023783422,3124.0861875675173,89.14268489757957,100,100000,12,3862201,1
3,454.9096517799869,190.81887465946417,311.9186806963836,308.2473623852282,297.3129629930669,148.65648149653344,14140.428263493195,4842.963948295884,2229.8472224480015,122.74968637890731,100,100000,12,3862201,1
3,514.7872518352731,198.32513606001288,380.8245390863515,380.0399167191366,328.4584752708958,164.2292376354479,18466.274875479023,5348.342909214645,2463.4385645317184,121.28836770585285,100,100000,12,3862201,1
6,405.9137038812798,48.713861633534336,301.1879382775459,294.5024490870112,632.3808999485473,126.47617998970945,26107.295587320867,3409.706741361106,4742.856749614104,178.20084317656787,100,100000,12,772250,1
6,363.62624943999066,112.25548798912229,267.28186520523457,262.33772885024536,473.7656364939277,94.75312729878553,10221.53150991581,3569.113030718347,3553.2422737044576,169.93411613048102,100,100000,12,772250,1
5,393.6775961905042,119.73801162330825,289.0352649986467,286.0169747965114,395.40146342887624,98.85036585721906,10662.910216877213,3850.6170586035937,2965.510975716572,99.90776364916316,100,100000,12,772250,1
7,381.60165487546976,118.49350034994451,250.69510130241397,249.4637682294636,310.055830433291,51.675971738881834,7941.174637016812,3750.713664190607,2325.4187282496828,182.93365291309755,100,100000,12,772250,1
5,422.11418989770914,132.1221542261498,303.85541386513444,302.1697156300937,326.7584545315217,81.68961363288042,11467.940050647561,4156.772580928942,2450.6884089864125,82.44811242577396,100,100000,12,772250,1
8,341.0927760590819,133.73034531157327,272.1864385099685,266.87749720252225,552.3522513917258,78.90746448453226,8837.258317105105,3561.173410279914,4142.6418854379435,298.0496479654207,100,100000,12,772250,1
8,465.4551447237921,142.55950809110857,316.5129711531977,315.9189923112681,397.9311004027753,56.84730005753933,12829.256296854679,4560.109896111755,2984.483253020815,236.73386141529608,100,100000,12,772250,1
5,493.55423261104187,148.9847287143739,324.37164383752395,320.08124863708144,404.8258478141551,101.20646195353878,15526.484112288012,4819.042209940619,3036.1938586061633,155.83391374135203,100,100000,12,772250,1
5,515.9045244544307,152.5404444644602,383.66644001454125,381.9385010820657,399.19089482015295,99.79772370503824,18153.992333443468,5013.337266891681,2993.9317111511473,85.19472073238731,100,100000,12,772250,1
7,299.31982324605156,155.18158994736123,260.1192705328898,259.1975270212679,227.56382108515763,37.927303514192936,3979.095249984114,3408.7605989505955,1706.7286581386822,132.63833955250885,100,100000,12,772250,1
6,502.81454601412315,161.5055312811468,359.4418517718675,358.92067217675555,407.2111211917164,81.44222423834329,11369.843014394015,4982.400579714525,3054.083408937873,155.11462213938597,100,100000,12,772250,1
5,474.9876297442038,161.75192235919067,359.3189604550413,357.1499991377468,446.4072658237339,111.60181645593347,16562.228136358368,4775.546640775458,3348.0544936780043,103.64608096949057,100,100000,12,772250,1
34,428.26238249495117,13.37618341005168,376.48696741163053,325.34851620779335,1836.9278865720173,55.66448141127325,59723.02551616498,3312.2892442875213,13776.959149290129,940.523933166089,200,100000,3,4474730,1
41,346.07388836977975,16.568925504856445,383.4166952312857,355.6174924907457,1841.4745065099542,46.03686266274885,43810.78263341819,2719.8211040597716,13811.058798824655,1002.6537345216475,200,100000,3,4474730,1
37,337.6354488509043,34.45251926436558,302.72627589618725,272.4695876650734,1862.4406032946329,51.734461202628694,27329.703791029497,2790.659760864524,13968.304524709747,889.0727497629898,200,100000,3,4474730,1
30,284.03041984956,62.98864201150246,341.43550549407894,302.1444205568895,1812.1474156001766,62.48784191724747,38029.311514167144,2602.6429639579687,13591.105617001325,1008.8263744587227,200,100000,3,9944578,1
33,316.18938327157775,91.6277346480139,198.47906237512356,23.43792286593617,1722.5163769324959,53.828636779140496,41799.319275793445,3058.6283843969372,12918.872826993718,996.169194826545,200,100000,3,9944578,1
42,399.2260869988198,99.68248932791468,331.0707329915643,304.7812785967492,1767.5633067379777,43.11130016434092,28830.693335315787,3741.814322450509,13256.724800534832,1132.3296343523696,200,100000,3,9944578,1
43,351.0058812610844,22.645572025246103,323.4478150910978,302.9527293618869,1836.7807382407707,43.73287472001835,26110.82205708078,2802.385899647479,13775.85553680578,1177.8775303686914,200,100000,3,9925823,1
30,631.1542508982312,34.122201269643035,381.7518099441297,369.60607958832423,1861.256976017332,64.1812750350804,31745.30139245654,4989.573391259057,13959.42732012999,826.0110626307114,200,100000,3,9925823,1
29,580.5350743238859,99.10274163246902,412.50328843471203,396.9272714967505,1814.4527172242517,64.80188275800899,26526.70620388886,5097.283619672661,13608.395379181888,677.0750947218947,200,100000,3,9925823,1
34,591.4647260161286,65.16032184258326,333.04953867532697,287.34633273066606,1827.4703548777002,55.37788954174849,47120.562487087125,4924.687858940339,13706.027661582752,869.791257445574,200,100000,3,3820097,1
34,638.5495925759877,69.52358345650738,444.9072917375206,433.91054136314557,1847.2694542193135,55.97786224907011,31724.388103159246,5310.548820243714,13854.520906644851,784.2464868168703,200,100000,3,3820097,1
37,293.7968469429746,67.78415834045411,327.3001629720731,295.31987843698784,1771.202850096127,49.20007916933686,47776.38106028813,2711.857539625715,13284.021375720951,1053.0994104014167,200,100000,3,3820097,1
34,343.84655807149,31.84649852484742,376.66405293558785,366.8795680935976,1766.825045710125,53.54015290030682,34717.328373441764,2817.6979244725308,13251.187842825939,951.9364283283253,200,100000,3,9535879,1
35,462.8861908379936,36.142679920413656,407.43603762868014,388.43297773985785,1831.61401089463,53.87100032043029,37546.231661703925,3742.7165306880543,13737.105081709724,999.2481719069133,200,100000,3,9535879,1
36,493.88787460463436,60.75449955836715,304.85372395386116,280.51198018805763,1807.680678840516,51.64801939544331,30259.37667619817,4159.817806222511,13557.60509130387,968.3787510044781,200,100000,3,9535879,1
36,525.4239990109846,73.42751706538117,363.27475035079044,318.4291608731762,1819.0822294292757,51.973777983693594,40924.93264756774,4491.3863705727435,13643.116720719569,944.6684340940686,200,100000,3,8271480,1
38,644.1279003782631,78.18233191857247,396.8027583303765,376.4208857925151,1794.6734876683054,48.50468885590014,30928.893768355338,5417.326742226267,13460.051157512291,1204.3936112959636,200,100000,3,8271480,1
34,195.60859776452347,87.59077363878522,356.653352275763,338.33404552693725,1810.8486841093447,54.874202548768025,28915.34631169989,2123.9952855248152,13581.365130820086,973.7043873911109,200,100000,3,8271480,1
37,294.0666456750606,91.26927730293039,295.8823219960936,263.1161923763797,1735.9727669093575,48.22146574748215,26842.305944387277,2890.0194223349326,13019.79575182018,1115.3051621743987,200,100000,3,6394530,1
31,361.0818593243045,90.41342549758544,369.2265220912384,321.3980855187624,1751.408442222116,58.38028140740387,49578.89474508568,3386.2146361641744,13135.56331666587,882.9823377985381,200,100000,3,6394530,1
41,230.16201107194104,94.30083071389777,287.75429456732775,253.69489580211285,1782.990021396923,44.574750534923076,35121.42838958792,2433.471313393791,13372.425160476923,1174.4070550876756,200,100000,3,6394530,1
40,477.1533161802659,82.01049772230365,401.86352682412326,297.06474838473287,1798.359842399865,46.11179083076577,81211.80121007506,4193.728604269272,13487.698817998988,1121.528439328049,200,100000,3,8372552,1
33,657.2747459509577,89.81829001152921,357.12044551661995,330.97235155542006,1571.028678537843,49.094646204307594,37843.354073636234,5603.197769718652,11782.715089033823,996.0478280304247,200,100000,3,8372552,1
34,509.7134221986536,93.44020521751663,343.36343655364783,320.69576926213995,1718.0310545228008,52.06154710675154,36994.44354805886,4523.652205621277,12885.232908921005,1133.410201809838,200,100000,3,8372552,1
36,309.930633683392,53.5050713715871,372.5430040264743,341.42922604269023,1800.198935028375,51.434255286525,37511.97121669981,2725.7677879123435,13501.492012712812,1066.1781453788992,200,100000,3,7662622,1
43,406.19456248469334,63.96320652600642,420.27947141785864,402.0917109775886,1799.4588319049856,42.844257902499656,41667.30194814554,3526.1832675802484,13495.941239287391,1148.006066263999,200,100000,3,7662622,1
37,196.4072344099095,70.1111409364442,333.1557273237498,314.74222028185466,1731.8876236459096,48.10798954571971,27067.02160849604,1998.8878150976527,12989.157177344321,993.1506312637566,200,100000,3,7662622,1
30,278.3498856260079,31.236929353779228,399.16027575302354,386.9176828889191,1889.1105023825219,65.14174146146627,30585.94165875096,2321.9011123484033,14168.328767868914,794.2621424194176,200,100000,3,9758090,1
36,556.7491526817363,58.368110302507105,355.73513475802457,342.6260710065226,1829.7423911027463,52.278354031507035,28554.75013189033,4613.3794723818255,13723.067933270597,1036.4728205140088,200,100000,3,9758090,1
44,283.160505071149,66.39668352196671,310.6735400147327,292.17236913967145,1774.5693290135205,41.269054163105125,25989.742135643955,2621.678914448368,13309.269967601404,1064.78803331837,200,100000,3,9758090,1
33,627.5019715733484,42.07030744660153,357.52347003364264,339.9960635415437,1838.7605092753795,57.46126591485561,33100.06782876591,5021.7920926496245,13790.703819565346,844.003976527787,200,100000,3,3862201,1
35,311.0941457808279,49.535964741009046,203.9822042183924,133.9038324845768,1819.5808623905564,53.51708418795754,30987.400583045808,2704.7258289137767,13646.856467929172,1011.5416728611794,200,100000,3,3862201,1
39,493.34727284443755,65.31229115882662,323.081302602049,258.89767842538527,1708.1743381484077,44.95195626706336,52357.86009565177,4189.946730024481,12811.307536113058,1135.3144974769334,200,100000,3,3862201,1
36,604.6174615701661,42.54966498954131,325.93802619607436,229.78820904319372,1815.0846939034057,51.85956268295445,74888.40960288068,4853.753449197806,13613.135204275542,986.9383401500837,200,100000,3,772250,1
38,275.91366833598516,42.051965489284086,288.9206831254189,252.59136846826686,1831.7002580506198,49.50541237974648,36365.80634491607,2384.7422536895197,13737.751935379649,1024.8248835386137,200,100000,3,772250,1
31,551.4181871446189,48.713861633534336,366.1460426204322,351.3732804469087,1758.5882327924362,58.61960775974787,45948.611190683485,4500.990365836149,13189.411745943271,935.548105532811,200,100000,3,772250,1
41,346.07388836977975,13.37618341005168,383.3388234728758,356.2670396490757,1822.0556166743372,45.55139041685843,43346.048180220714,2695.875538348736,13665.41712505753,1009.5220100097171,200,100000,4,4474730,1
31,364.95452949742054,16.568925504856445,335.17908308470794,267.97116662338254,1867.5061070565687,62.25020356855229,52076.95353962451,2861.4259125170774,14006.295802924265,767.0139551370668,200,100000,4,4474730,1
32,478.36770301939265,34.45251926436558,370.5689751714118,321.0250622870211,1813.8424478917723,58.5110467061862,51623.63325540207,3846.1516671281865,13603.818359188292,921.284243225697,200,100000,4,4474730,1
34,477.0770218340498,49.831425847933446,390.12522736527757,331.98807475061443,1851.2176337334179,56.09750405252782,62047.52904637651,3951.8133576148743,13884.132253000635,939.3456808005106,200,100000,4,4474730,1
29,284.03041984956,62.98864201150246,341.92632585363106,302.5081551082992,1807.1412812494607,64.5407600446236,38576.95089614353,2602.6429639579687,13553.559609370956,962.6332351918757,200,100000,4,9944578,1
36,495.9490365936685,91.6277346480139,290.2765071951253,261.2779452907139,1756.3273186065267,50.18078053161505,30419.661429908483,4406.825784312618,13172.45488954895,1016.0464556485854,200,100000,4,9944578,1
37,537.4646896371733,99.68248932791468,358.18168956276196,340.2063321573911,1727.074573556273,47.97429370989647,28522.238922307242,4778.60384223816,12953.059301672047,964.3218376196763,200,100000,4,9944578,1
30,523.333861781804,107.88394399518006,359.74564994368365,323.34969551278766,1746.6288846830967,60.22858223045161,55893.382630667336,4734.133543327381,13099.716635123224,995.9190707318626,200,100000,4,9944578,1
43,351.0058812610844,22.645572025246103,323.4478150910978,302.9527293618869,1836.7807382407707,43.73287472001835,26110.82205708078,2802.385899647479,13775.85553680578,1177.8775303686914,200,100000,4,9925823,1
36,550.4351028969675,34.122201269643035,396.94033084617735,366.69897665936094,1840.6439246836976,52.58982641953422,42806.00024367472,4384.179781249579,13804.829435127733,955.7658089201914,200,100000,4,9925823,1
29,580.5350743238859,99.10274163246902,412.50328843471203,396.9272714967505,1814.4527172242517,64.80188275800899,26526.70620388886,5097.283619672661,13608.395379181888,677.0750947218947,200,100000,4,9925823,1
30,620.3629382650412,114.4237847423873,401.2931678439763,390.10112826658,1799.5317690607235,62.052819622783566,28964.593538026955,5510.900422555714,13496.488267955427,811.8496273174098,200,100000,4,9925823,1
37,253.92664986294312,65.16032184258326,366.629120076477,347.5038051624933,1917.7844687079025,53.27179079744174,32734.051968629297,2393.1522877914476,14383.38351530927,1052.4233907875955,200,100000,4,3820097,1
34,638.5495925759877,69.52358345650738,444.9072917375206,433.91054136314557,1847.2694542193135,55.97786224907011,31724.388103159246,5310.548820243714,13854.520906644851,784.2464868168703,200,100000,4,3820097,1
37,397.81261782491015,67.78415834045411,286.49177228210954,255.0972878551868,1721.1483176033541,47.80967548898206,31879.65610855003,3491.9758212402317,12908.612382025156,1204.9661337470943,200,100000,4,3820097,1
33,591.4647260161286,74.55049754121872,341.1673937308647,295.4444399204243,1808.1696188739427,56.50530058981071,46202.3515493875,4995.114176680105,13561.27214155457,823.3422473776043,200,100000,4,3820097,1
33,400.90371508890826,31.84649852484742,369.59062935416216,327.89692972734247,1860.1737654028823,58.13043016884007,48846.275192674366,3245.626602103168,13951.303240521616,943.8687639982103,200,100000,4,9535879,1
35,462.8861908379936,36.142679920413656,407.43603762868014,388.43297773985785,1831.61401089463,53.87100032043029,37546.231661703925,3742.7165306880543,13737.105081709724,999.2481719069133,200,100000,4,9535879,1
28,493.88787460463436,60.75449955836715,413.2186284018203,401.28678493285986,1857.9789723186457,68.81403601180169,35131.274100788854,4159.817806222511,13934.842292389843,748.8018550697071,200,100000,4,9535879,1
33,343.84655807149,68.08890671666794,387.11306973591337,378.7706858983559,1691.247511554342,52.85148473607319,30950.8268890359,3089.515985911184,12684.356336657565,945.5789001103417,200,100000,4,9535879,1
36,525.4239990109846,73.42751706538117,363.27475035079044,318.4291608731762,1819.0822294292757,51.973777983693594,40924.93264756774,4491.3863705727435,13643.116720719569,944.6684340940686,200,100000,4,8271480,1
38,644.1279003782631,78.18233191857247,396.8027583303765,376.4208857925151,1794.6734876683054,48.50468885590014,30928.893768355338,5417.326742226267,13460.051157512291,1204.3936112959636,200,100000,4,8271480,1
34,195.60859776452347,87.59077363878522,356.653352275763,338.33404552693725,1810.8486841093447,54.874202548768025,28915.34631169989,2123.9952855248152,13581.365130820086,973.7043873911109,200,100000,4,8271480,1
31,216.71949817504841,87.96075869440472,342.9315806509391,311.3785113856388,1781.0198108147954,59.367327027159845,36134.656566972444,2285.101926520899,13357.648581110965,902.2723992115538,200,100000,4,8271480,1
29,556.1560789307605,91.26927730293039,366.65941374752464,280.7449058796566,1815.1627575710997,64.82724134182499,71889.33663490924,4855.690171752682,13613.720681783248,914.0627080076844,200,100000,4,6394530,1
32,470.4101662388275,90.41342549758544,332.23365156524653,300.18813456860016,1795.7705854980168,57.92808340316183,32788.63343804884,4206.176938023097,13468.279391235126,920.2909463297768,200,100000,4,6394530,1
41,230.16201107194104,94.30083071389777,287.75429456732775,253.69489580211285,1782.990021396923,44.574750534923076,35121.42838958792,2433.471313393791,13372.425160476923,1174.4070550876756,200,100000,4,6394530,1
31,120.34154853412619,95.03296978015688,336.79434518420504,322.0271222717839,1808.4391365663953,60.28130455221318,26603.382330675882,1615.308887357123,13563.293524247965,905.9433866630931,200,100000,4,6394530,1
40,477.1533161802659,82.01049772230365,401.86352682412326,297.06474838473287,1798.359842399865,46.11179083076577,81211.80121007506,4193.728604269272,13487.698817998988,1121.528439328049,200,100000,4,8372552,1
30,657.2747459509577,89.81829001152921,364.3178057228112,339.2038695728775,1501.2827687021586,51.768371334557195,38571.39346388625,5603.197769718652,11259.620765266189,801.6606845276355,200,100000,4,8372552,1
28,443.5858056638,93.44020521751663,308.1078745504732,274.51684146654526,1783.8120984227958,66.06711475639985,40198.01740933575,4027.695081609875,13378.590738170968,894.1408969982014,200,100000,4,8372552,1
32,373.86559161243065,95.57982979947124,367.4857450438342,335.5305351354126,1756.7275056769504,56.668629215385494,35714.40224404125,3520.840660589264,13175.456292577128,1052.7971910829351,200,100000,4,8372552,1
36,309.930633683392,53.5050713715871,372.5430040264743,341.42922604269023,1800.198935028375,51.434255286525,37511.97121669981,2725.7677879123435,13501.492012712812,1066.1781453788992,200,100000,4,7662622,1
32,337.093191953818,63.96320652600642,396.59964935149617,345.12740775482854,1820.3104505298625,58.719691952576206,60002.07886068664,3007.9229885986833,13652.328378973969,823.810186255437,200,100000,4,7662622,1
30,367.344340611771,70.1111409364442,362.0336683887156,310.3027934452464,1724.9730517402636,59.481829370353914,52718.51849267919,3280.916111611614,12937.297888051977,855.6790643361605,200,100000,4,7662622,1
39,196.4072344099095,71.09015932647836,437.4116123756372,419.816221034358,1799.4799141532164,47.35473458297938,38835.928507949175,2006.2304530229087,13496.099356149123,1031.098523240302,200,100000,4,7662622,1
28,198.786987529493,31.236929353779228,384.6161459083363,375.6476246498172,1859.1298113229984,68.85665967862957,31546.29326434257,1725.1793766245416,13943.473584922489,729.4582906659087,200,100000,4,9758090,1
30,434.23157666734136,58.368110302507105,339.34229460642365,317.710386965244,1779.4610342450496,61.36072531879481,26529.788321222248,3694.4976522738634,13345.957756837872,842.059176801115,200,100000,4,9758090,1
44,283.160505071149,66.39668352196671,310.6735400147327,292.17236913967145,1774.5693290135205,41.269054163105125,25989.742135643955,2621.678914448368,13309.269967601404,1064.78803331837,200,100000,4,9758090,1
29,494.18592809696736,78.53264480063629,447.92872119871754,396.04493035457216,1748.4949086487727,62.44624673745617,60664.58554172953,4295.389296732027,13113.711814865796,831.3826712666877,200,100000,4,9758090,1
33,627.5019715733484,42.07030744660153,357.52347003364264,339.9960635415437,1838.7605092753795,57.46126591485561,33100.06782876591,5021.7920926496245,13790.703819565346,844.003976527787,200,100000,4,3862201,1
36,142.61256494350403,49.535964741009046,258.2348325492106,186.69120126761723,1814.7502564342778,51.85000732669365,45563.923734652126,1441.113972633848,13610.626923257083,1017.3719587065727,200,100000,4,3862201,1
39,493.34727284443755,65.31229115882662,323.081302602049,258.89767842538527,1708.1743381484077,44.95195626706336,52357.86009565177,4189.946730024481,12811.307536113058,1135.3144974769334,200,100000,4,3862201,1
30,638.9317241206227,69.00641644095028,391.9111238794685,384.99756688988305,1576.7123894318556,54.36939273902951,29928.765406472616,5309.536054211797,11825.342920738916,933.9182145808842,200,100000,4,3862201,1
32,653.0897259457862,42.54966498954131,351.60240458438153,300.93370674971226,1736.475428905082,56.01533641629297,55797.613735208804,5217.295432014956,13023.565716788115,895.575792962001,200,100000,4,772250,1
23,684.5982632438571,42.051965489284086,405.36629402004843,388.52401720299207,1520.629059759139,69.1195027163245,42771.58323744469,5449.876715498559,11404.717948193542,648.0720221808253,200,100000,4,772250,1
31,551.4181871446189,48.713861633534336,366.1460426204322,351.3732804469087,1758.5882327924362,58.61960775974787,45948.611190683485,4500.990365836149,13189.411745943271,935.548105532811,200,100000,4,772250,1
36,665.7205984661283,48.33532013264713,321.2370639420965,302.28724574184014,1813.0889852615678,51.802542436044796,36805.16571193789,5355.419389490816,13598.167389461758,1015.1941164391596,200,100000,4,772250,1
41,346.07388836977975,13.37618341005168,383.3388234728758,356.2670396490757,1822.0556166743372,45.55139041685843,43346.048180220714,2695.875538348736,13665.41712505753,1009.5220100097171,200,100000,5,4474730,1
28,152.4944418427394,16.568925504856445,367.3952649733618,348.69365525964434,1770.1622429692334,65.56156455441605,35862.05032901962,1267.975255106969,13276.21682226925,770.4590008867912,200,100000,5,4474730,1
33,418.40238182899697,34.45251926436558,348.22372027508504,325.5872522574137,1872.1334289403103,58.5041696543847,27353.34357070314,3396.411758200219,14041.000717052328,815.2351903690658,200,100000,5,4474730,1
30,335.01956834567756,49.831425847933446,374.1591362285874,356.90370622802857,1667.4185854105551,57.49719260036397,34779.428160693365,2886.3824564520824,12505.639390579163,745.7786498742461,200,100000,5,4474730,1
31,193.39575656136637,83.84249464932493,366.7084342305053,300.37275448122386,1694.7135320998195,56.49045106999399,56516.37230814182,2079.286884080185,12710.351490748646,915.5166168337875,200,100000,5,4474730,1
28,474.9825568252739,62.98864201150246,338.6826914803417,312.99896148712276,1790.0854556828806,66.29946132158817,30449.906296610094,4034.7839912758227,13425.640917621604,980.5757533983177,200,100000,5,9944578,1
32,677.2835488858071,91.6277346480139,345.62018120967275,331.6500064561042,1747.1621529876822,56.36006945121556,34396.03972994586,5766.834626503658,13103.716147407617,885.2435903888992,200,100000,5,9944578,1
33,521.1181335942093,99.68248932791468,319.71637415635087,280.56530161013575,1690.5023761436141,52.82819925448794,42127.34009460345,4656.00467191593,12678.767821077106,945.830500063884,200,100000,5,9944578,1
30,521.0832281712825,103.89035690060813,373.51895941622035,339.4393055910821,1786.026277149788,61.58711300516511,53892.32554903881,4687.30188803918,13395.19707862341,962.4866595663535,200,100000,5,9944578,1
35,495.9490365936685,107.88394399518006,394.6859284457062,352.97851807960814,1779.335480416665,52.333396482843085,39408.49788901689,4528.747354416365,13345.016103124986,935.8429225519754,200,100000,5,9944578,1
33,535.0064227876858,22.645572025246103,405.6496511832262,383.93211347891514,1816.3966565852793,56.76239551828998,36979.7740464986,4182.389961096989,13622.974924389595,834.1277525443305,200,100000,5,9925823,1
42,375.82429799268925,34.122201269643035,333.77720370005983,318.24841646425557,1833.9933623693503,44.73154542364269,21867.82165761055,3074.598744467492,13754.950217770127,1163.2563427576672,200,100000,5,9925823,1
29,580.5350743238859,99.10274163246902,412.50328843471203,396.9272714967505,1814.4527172242517,64.80188275800899,26526.70620388886,5097.283619672661,13608.395379181888,677.0750947218947,200,100000,5,9925823,1
30,620.3629382650412,114.4237847423873,401.2931678439763,390.10112826658,1799.5317690607235,62.052819622783566,28964.593538026955,5510.900422555714,13496.488267955427,811.8496273174098,200,100000,5,9925823,1
32,652.7270732553005,116.33985615200693,396.7406528225539,372.7296408741692,1615.3426878813561,52.107828641334066,35482.74083890024,5768.001970554807,12115.070159110172,849.456526534544,200,100000,5,9925823,1
37,253.92664986294312,65.16032184258326,366.629120076477,347.5038051624933,1917.7844687079025,53.27179079744174,32734.051968629297,2393.1522877914476,14383.38351530927,1052.4233907875955,200,100000,5,3820097,1
34,638.5495925759877,69.52358345650738,444.9072917375206,433.91054136314557,1847.2694542193135,55.97786224907011,31724.388103159246,5310.548820243714,13854.520906644851,784.2464868168703,200,100000,5,3820097,1
27,259.69515113543486,67.78415834045411,315.3762017324313,293.79840966956726,1721.1722085965062,66.19893109986562,26001.33222988571,2456.094821069167,12908.791564473797,906.9701552897582,200,100000,5,3820097,1
33,591.4647260161286,74.55049754121872,341.1673937308647,295.4444399204243,1808.1696188739427,56.50530058981071,46202.3515493875,4995.114176680105,13561.27214155457,823.3422473776043,200,100000,5,3820097,1
31,518.6139028879584,72.40371882462325,369.1060141295628,345.00537896243674,1789.0676363373855,59.63558787791285,39002.97158726755,4432.632162844363,13418.00727253039,780.2116944024685,200,100000,5,3820097,1
33,584.8398445355235,31.84649852484742,353.1542721379856,313.4541714018832,1833.6343055151337,57.30107204734793,42946.96592239035,4625.147572952782,13752.257291363503,1013.6730639072858,200,100000,5,9535879,1
35,462.8861908379936,36.142679920413656,407.43603762868014,388.43297773985785,1831.61401089463,53.87100032043029,37546.231661703925,3742.7165306880543,13737.105081709724,999.2481719069133,200,100000,5,9535879,1
34,432.8497542167898,60.75449955836715,427.21770984783865,388.85159767851803,1786.1598733553653,54.126056768344405,50391.081459140485,3702.031903313677,13396.19905016524,1039.7312962733374,200,100000,5,9535879,1
33,343.84655807149,68.08890671666794,387.11306973591337,378.7706858983559,1691.247511554342,52.85148473607319,30950.8268890359,3089.515985911184,12684.356336657565,945.5789001103417,200,100000,5,9535879,1
32,514.8006828537242,72.40143823891783,289.615556553076,241.49078322900704,1853.0839004898219,59.776900015800706,35826.73601823306,4404.015908194816,13898.129253673664,819.3878520929738,200,100000,5,9535879,1
36,525.4239990109846,73.42751706538117,363.27475035079044,318.4291608731762,1819.0822294292757,51.973777983693594,40924.93264756774,4491.3863705727435,13643.116720719569,944.6684340940686,200,100000,5,8271480,1
37,628.5136347696507,78.18233191857247,390.11829503178495,369.6950011688109,1751.6786126857883,48.6577392412719,29399.097328712207,5300.219750161674,13137.589595143412,1192.4327063073256,200,100000,5,8271480,1
28,645.6995038550486,87.59077363878522,393.34099742286827,380.9013607113832,1468.645614173354,54.39428200642052,31121.99324491426,5499.677081203754,11014.842106300155,838.0125785972492,200,100000,5,8271480,1
33,447.3290897829729,87.96075869440472,316.6353456725246,290.9048043953141,1811.976914217416,56.62427856929425,24357.28892268941,4014.673863580332,13589.82685663062,786.6042930059679,200,100000,5,8271480,1
31,168.08206464981726,100.4069232280678,345.5161389075654,312.44128492578386,1772.288302784564,59.07627675948547,36133.43498675813,2013.667409084138,13292.16227088423,871.1803890786111,200,100000,5,8271480,1
30,381.43344275904184,91.26927730293039,405.16555886391774,391.1456455449863,1804.064462575245,62.20911939914638,30126.360760881515,3545.2704004647917,13530.483469314337,766.095085967552,200,100000,5,6394530,1
32,470.4101662388275,90.41342549758544,332.23365156524653,300.18813456860016,1795.7705854980168,57.92808340316183,32788.63343804884,4206.176938023097,13468.279391235126,920.2909463297768,200,100000,5,6394530,1
32,669.1093796626657,94.30083071389777,426.5626213902475,373.69875658320206,1731.1831548779633,55.84461789928914,70728.32368186668,5725.576577824226,12983.873661584725,1030.25159223997,200,100000,5,6394530,1
31,120.34154853412619,95.03296978015688,336.79434518420504,322.0271222717839,1808.4391365663953,60.28130455221318,26603.382330675882,1615.308887357123,13563.293524247965,905.9433866630931,200,100000,5,6394530,1
38,249.79379539451284,102.63870813491383,307.6838458131344,286.3362971720673,1711.7085685057202,46.262393743397844,26775.72233197319,2643.2437764706997,12837.814263792901,1064.4623684547678,200,100000,5,6394530,1
30,496.0439462938447,82.01049772230365,422.5341733683509,304.2137202130128,1812.0387307003762,62.48409416208194,101160.619606018,4335.408330121113,13590.290480252821,968.6669952020825,200,100000,5,8372552,1
30,657.2747459509577,89.81829001152921,364.3178057228112,339.2038695728775,1501.2827687021586,51.768371334557195,38571.39346388625,5603.197769718652,11259.620765266189,801.6606845276355,200,100000,5,8372552,1
28,443.5858056638,93.44020521751663,308.1078745504732,274.51684146654526,1783.8120984227958,66.06711475639985,40198.01740933575,4027.695081609875,13378.590738170968,894.1408969982014,200,100000,5,8372552,1
32,373.86559161243065,95.57982979947124,367.4857450438342,335.5305351354126,1756.7275056769504,56.668629215385494,35714.40224404125,3520.840660589264,13175.456292577128,1052.7971910829351,200,100000,5,8372552,1
37,456.4336153173217,98.88752376977507,386.771935136618,374.3108037834713,1772.4501057191417,49.23472515886505,22193.13813435633,4164.908543153226,13293.375792893563,1063.1070823966243,200,100000,5,8372552,1
32,444.87121258273,53.5050713715871,421.187847919611,407.3081086279468,1795.6187844984568,57.92318659672441,34321.54761217686,3737.8221296573784,13467.140883738426,965.1071465112146,200,100000,5,7662622,1
32,337.093191953818,63.96320652600642,396.59964935149617,345.12740775482854,1820.3104505298625,58.719691952576206,60002.07886068664,3007.9229885986833,13652.328378973969,823.810186255437,200,100000,5,7662622,1
30,367.344340611771,70.1111409364442,362.0336683887156,310.3027934452464,1724.9730517402636,59.481829370353914,52718.51849267919,3280.916111611614,12937.297888051977,855.6790643361605,200,100000,5,7662622,1
39,196.4072344099095,71.09015932647836,437.4116123756372,419.816221034358,1799.4799141532164,47.35473458297938,38835.928507949175,2006.2304530229087,13496.099356149123,1031.098523240302,200,100000,5,7662622,1
32,278.0860128898306,72.4394675867095,324.6784063730821,267.6578611634581,1823.3824022224376,58.818787168465725,43523.70969327366,2628.941103574051,13675.368016668283,762.8434721160048,200,100000,5,7662622,1
24,529.6626891370527,31.236929353779228,317.0123823950998,291.93717621930347,1730.5531821493223,75.24144270214445,28760.622820301945,4206.747138681239,12979.148866119918,633.2196376915302,200,100000,5,9758090,1
33,189.82865838131596,58.368110302507105,320.9305479096132,285.80021471094886,1810.6773801448503,56.58366812952657,33480.554405560135,1861.475765128673,13580.080351086377,927.0718315559341,200,100000,5,9758090,1
43,283.160505071149,66.39668352196671,315.1672785480519,296.2450924566001,1715.009362427165,40.83355624826583,25862.155692417055,2621.678914448368,12862.570218203737,1049.4499891805644,200,100000,5,9758090,1
24,546.5590636430154,78.53264480063629,445.3557458396583,425.10874881981135,1468.4584431269789,63.846019266390385,37299.97140212598,4688.187813327388,11013.438323452341,629.4215494153236,200,100000,5,9758090,1
28,117.44278308200734,96.67261061103696,414.24192789306323,389.21322645469013,2253.7655017780226,83.47279636214898,40214.42311391394,1605.8654526978323,16903.24126333517,714.5925519130886,200,100000,5,9758090,1
33,627.5019715733484,42.07030744660153,357.52347003364264,339.9960635415437,1838.7605092753795,57.46126591485561,33100.06782876591,5021.7920926496245,13790.703819565346,844.003976527787,200,100000,5,3862201,1
36,221.18008325684713,49.535964741009046,307.9960312473171,265.7531295756325,1847.2056882141248,52.777305377546426,41067.34155112967,2030.3703599839212,13854.042661605936,971.1076501414203,200,100000,5,3862201,1
36,271.090371452087,65.31229115882662,364.2651004486274,291.29274544124155,1822.1637728425355,52.061822081215304,73757.86869781037,2523.0199695818524,13666.228296319017,975.1858429568778,200,100000,5,3862201,1
30,638.9317241206227,69.00641644095028,398.60119353126936,391.22623642352136,1540.0550259413208,53.10534572211451,27630.618614755316,5309.536054211797,11550.412694559906,946.0938065793499,200,100000,5,3862201,1
34,421.2111457993729,76.03843549933902,308.56604274765823,221.60135138211442,1776.6720754927221,53.8385477422037,54968.04792716041,3729.3718597403395,13325.040566195416,1035.1686529782817,200,100000,5,3862201,1
31,495.4320720744772,42.54966498954131,290.8064746875008,272.3900058765405,1368.0689052921855,45.60229684307285,24210.6671470642,4034.8630279801387,10260.516789691392,886.1876822205842,200,100000,5,772250,1
23,684.5982632438571,42.051965489284086,405.36629402004843,388.52401720299207,1520.629059759139,69.1195027163245,42771.58323744469,5449.876715498559,11404.717948193542,648.0720221808253,200,100000,5,772250,1
31,551.4181871446189,48.713861633534336,366.1460426204322,351.3732804469087,1758.5882327924362,58.61960775974787,45948.611190683485,4500.990365836149,13189.411745943271,935.548105532811,200,100000,5,772250,1
27,462.05477331417285,48.33532013264713,406.7357768961607,386.50855858180887,1874.3794065757252,72.09151563752789,43175.994314212265,3827.9257008511495,14057.845549317939,760.2672849794749,200,100000,5,772250,1
23,474.9876297442038,71.22863033799229,349.4304391406909,341.66525805496326,1359.0532045443001,61.77514566110455,22996.09697125142,4096.621950616471,10192.899034082251,574.607289608039,200,100000,5,772250,1
37,233.7208030273099,13.37618341005168,338.48162533993616,314.620179643838,1785.2074363875513,49.58909545520976,36633.84548296438,1853.227398280212,13389.055772906635,957.7336298145283,200,100000,6,4474730,1
28,152.4944418427394,16.568925504856445,367.3952649733618,348.69365525964434,1770.1622429692334,65.56156455441605,35862.05032901962,1267.975255106969,13276.21682226925,770.4590008867912,200,100000,6,4474730,1
29,361.6869793583798,34.45251926436558,325.2130468513031,309.2548173898844,1727.0770191651548,61.68132211304124,19984.52575279384,2971.0462396705902,12953.077643738661,680.4631544208936,200,100000,6,4474730,1
30,335.01956834567756,49.831425847933446,374.1591362285874,356.90370622802857,1667.4185854105551,57.49719260036397,34779.428160693365,2886.3824564520824,12505.639390579163,745.7786498742461,200,100000,6,4474730,1
31,193.39575656136637,83.84249464932493,366.7084342305053,300.37275448122386,1694.7135320998195,56.49045106999399,56516.37230814182,2079.286884080185,12710.351490748646,915.5166168337875,200,100000,6,4474730,1
24,322.0643555757218,90.25660251167969,411.26186458854517,384.7011212037266,1629.1824710477365,70.83402048033636,50846.27311443421,3092.4071856555106,12218.868532858023,666.7431743870688,200,100000,6,4474730,1
24,491.6318791968618,62.98864201150246,354.78585259180676,331.1717507102066,1557.2328205616654,67.70577480702893,27079.953060591335,4159.653909062732,11679.246154212491,821.5232744999284,200,100000,6,9944578,1
28,493.1125742226843,91.6277346480139,306.31815735030744,293.35444058891136,1491.2639448307518,55.231997956694514,23559.4556646254,4385.552316530237,11184.479586230638,768.8041186486776,200,100000,6,9944578,1
30,584.8945102323503,99.68248932791468,296.6942764179666,257.4694460599847,1376.6787018611926,47.47167937452388,36353.41592054841,5134.327496701988,10325.090263958944,823.3335479561347,200,100000,6,9944578,1
27,444.72407786765723,103.89035690060813,372.75079783344887,361.6355329277771,1497.9899730981906,57.614998965315024,26405.86452565799,4114.60826076199,11234.924798236429,751.8284899056388,200,100000,6,9944578,1
29,466.4362169825615,107.88394399518006,381.85105157117323,359.67609753815606,1537.3309137040708,54.9046754894311,25219.29719136392,4307.401207333061,11529.981852780531,755.6309291889773,200,100000,6,9944578,1
21,390.7004018893796,113.71447192884406,286.0381083725155,185.43167084598775,1394.5343605886978,69.72671802943489,54834.50227909625,3783.1115536366774,10459.007704415233,652.5674581458377,200,100000,6,9944578,1
25,481.31544421762817,22.645572025246103,321.95133874891434,311.3801898723297,1461.6481373176734,60.90200572156973,22202.81146036842,3779.707621821557,10962.361029882552,771.2243209263002,200,100000,6,9925823,1
24,476.70707970178523,34.122201269643035,369.67504913639567,358.1961520572992,1596.523264702389,69.4140549870604,23593.880162913043,3831.219607285712,11973.924485267918,630.7168053670349,200,100000,6,9925823,1
29,205.29709116209708,99.10274163246902,399.56404763602967,385.17446864244346,1814.395920715341,64.79985431126218,25550.522151182184,2282.9987459592458,13607.969405365056,696.2225519588147,200,100000,6,9925823,1
31,327.2672418261378,114.4237847423873,381.49850346984726,369.29476951504523,1604.196493894687,53.47321646315623,22735.43964443728,3312.682699263938,12031.473704210151,881.3614234613915,200,100000,6,9925823,1
30,557.3459650034778,116.33985615200693,382.13790557471185,363.7207126077698,1422.442691202872,49.04974797251283,28374.561002151335,5052.643658666136,10668.32018402154,799.2922063973461,200,100000,6,9925823,1
28,524.7154944632401,121.4209017180872,395.5717206868299,372.27601808789547,1454.7440938777763,53.87941088436209,31878.317388318996,4846.022971359955,10910.580704083322,687.3636713887506,200,100000,6,9925823,1
28,165.2993173479428,65.16032184258326,343.52809653503135,306.6826711053338,1751.3780518195617,64.86585377109488,35209.53915254738,1728.4472939289453,13135.335388646712,778.9863844204723,200,100000,6,3820097,1
28,638.5495925759877,69.52358345650738,464.3989140917792,455.10286127259104,1400.520766527993,51.87113950103677,31462.411519177786,5310.548820243714,10503.905748959947,618.0629478027392,200,100000,6,3820097,1
31,313.2344836348242,67.78415834045411,396.9481551613731,379.83341124623087,1733.9293085099068,57.79764361699689,30469.366177854008,2857.639814814587,13004.469813824302,799.6194364245599,200,100000,6,3820097,1
21,291.9478589568344,74.55049754121872,342.44038456837,304.4378132790233,1756.945599848918,87.84727999244589,42525.12817200506,2748.7376737353984,13177.091998866885,625.0335431874956,200,100000,6,3820097,1
25,474.4070205525583,72.40371882462325,371.66847647646784,364.18646443187043,1532.3032019753205,63.845966748971684,32364.529615569405,4101.080545328861,11492.274014814904,768.6754667884602,200,100000,6,3820097,1
31,368.5745741115381,80.7396638769323,306.168803621282,285.47384430286223,1570.335434816102,52.344514493870065,23770.067727340036,3369.856784913528,11777.515761120765,949.2692354945256,200,100000,6,3820097,1
34,274.9537225980477,31.84649852484742,332.7060874115675,275.5073227775341,1636.84596216269,49.60139279280879,46534.87473088169,2301.0016584217133,12276.344716220176,996.659411612743,200,100000,6,9535879,1
21,584.8398445355235,36.142679920413656,427.9165072595102,406.82545463963464,1413.4233474634584,70.67116737317292,50204.246041932696,4657.368933419529,10600.675105975937,628.1129222909623,200,100000,6,9535879,1
33,343.84655807149,60.75449955836715,386.8908149735406,379.2194002934883,1688.399758828801,52.76249246340003,30582.06976534895,3034.507932223929,12662.998191216007,966.1872980480603,200,100000,6,9535879,1
27,306.32926687153804,68.08890671666794,377.05426032096887,368.6203690823881,1591.824172915028,61.224006650578,19236.466542778904,2808.1363019115447,11938.68129686271,804.9508609243684,200,100000,6,9535879,1
28,493.88787460463436,72.40143823891783,265.53833987695083,211.64645209778715,1564.5237321298296,57.94532341221591,32641.106761395127,4247.169846326642,11733.927990973722,668.3872232859422,200,100000,6,9535879,1
28,316.3924964385448,93.00298659927914,432.7614350708347,415.1659527981206,1702.2639242937464,63.0468120108795,33538.44234175595,3070.4661227836796,12766.979432203098,740.0518741704952,200,100000,6,9535879,1
27,469.4933259554163,73.42751706538117,346.1278715973298,330.8437989867236,1475.7858809691509,56.76099542189042,22354.643207438625,4071.9063226559815,11068.394107268632,727.1197396821487,200,100000,6,8271480,1
32,501.85233289543055,78.18233191857247,362.88899686108545,339.87253102201004,1495.713763920518,48.24883109421026,26499.65804108703,4350.259986105022,11217.853229403885,1020.5173571433864,200,100000,6,8271480,1
28,394.73720457617844,87.59077363878522,375.1752330659739,346.3330097330404,1616.4416111777348,59.86820782139758,37229.5493341389,3617.4598366122273,12123.31208383301,807.7097529453296,200,100000,6,8271480,1
32,331.47311447187803,87.96075869440472,312.5511661690731,289.74160461017163,1674.0695969731544,54.00224506365014,22185.18356266647,3145.7540487471206,12555.521977298658,757.1429690042758,200,100000,6,8271480,1
24,573.440650568373,100.4069232280678,419.1871828981059,370.2924546388352,1444.606405564674,62.80897415498583,55396.249878369614,5053.856803473307,10834.548041735055,653.7884373627154,200,100000,6,8271480,1
30,507.96066074207846,101.96101676663248,335.4951228918488,314.97748977582313,1462.5215719457012,50.43177834295521,27362.72291811048,4574.412581315331,10968.91178959276,827.6179912507878,200,100000,6,8271480,1
26,436.6180827997214,91.26927730293039,403.59104242271616,389.1137764714262,1602.3688795755515,64.09475518302206,33273.9161419109,3959.1552007698883,12017.766596816637,658.5559014611298,200,100000,6,6394530,1
31,346.8420320442721,90.41342549758544,327.77634464029217,306.6653505358587,1511.1746279481533,50.372487598271775,25684.229292381926,3279.4159315639317,11333.80970961115,912.7288228640875,200,100000,6,6394530,1
27,532.6489447497817,94.30083071389777,404.8465105796287,352.2248199167731,1479.1083624268258,56.88878317026253,62781.93486024514,4702.123315977596,11093.312718201194,869.6134241190701,200,100000,6,6394530,1
31,120.34154853412619,95.03296978015688,336.79434518420504,322.0271222717839,1808.4391365663953,60.28130455221318,26603.382330675882,1615.308887357123,13563.293524247965,905.9433866630931,200,100000,6,6394530,1
27,450.33559236939396,102.63870813491383,295.1055055907206,251.44705223104484,1428.689026692466,54.94957794971023,38222.764096155464,4147.307253782309,10715.167700193495,743.6553898708318,200,100000,6,6394530,1
27,327.1615944595009,103.47984128501655,358.2684480817175,329.75565218506557,1540.7423861112823,59.25932254274163,31773.93947808055,3229.810768083881,11555.567895834616,795.2362939467798,200,100000,6,6394530,1
27,556.854163970083,82.01049772230365,411.85021133196244,332.0560968925263,1470.3446560217699,56.55171753929884,74475.26482064312,4791.4849626929,11027.584920163274,845.4201568739996,200,100000,6,8372552,1
26,351.5250395417067,89.81829001152921,396.72987471447226,379.05088962279996,1593.6567415390432,63.746269661561726,39557.97844590133,3310.074971649269,11952.425561542825,791.1754893473831,200,100000,6,8372552,1
16,472.42644987777066,93.44020521751663,287.3583158183416,251.25106320985483,1308.2106815590798,87.21404543727199,37232.04693515762,4243.999913214655,9811.580111693098,488.78540455170827,200,100000,6,8372552,1
27,462.2125245643487,95.57982979947124,373.3432886535093,348.42982623543327,1274.84426983196,49.032471916613844,33921.39954006429,4183.4426577286495,9561.3320237397,868.186779014633,200,100000,6,8372552,1
34,348.42313404347055,98.88752376977507,368.138195410584,355.76820624929246,1562.1914518750566,47.339134905304746,19629.40405464639,3354.829933599342,11716.435889062925,995.8107478985138,200,100000,6,8372552,1
26,372.510706590486,110.88324441178372,369.44979981265897,347.26200562010933,1649.382406545869,65.97529626183476,34796.58320990044,3625.4546325170227,12370.368049094017,656.5129928955159,200,100000,6,8372552,1
24,656.8255356387716,53.5050713715871,409.4418135820802,395.4096166302429,1263.9379598136677,54.95382433972468,28915.08782728961,5327.47955257769,9479.534698602507,646.4420128016405,200,100000,6,7662622,1
28,231.8556968190487,63.96320652600642,386.4995663633886,352.45127830263846,1834.3568259165688,67.93914170061366,50258.763040813974,2218.641775087913,13757.676194374266,686.8781171424343,200,100000,6,7662622,1
29,196.4072344099095,70.1111409364442,354.61649596465224,323.0283390827369,1711.5873404539457,61.12811930192663,40784.767250655015,1998.8878150976527,12836.905053404593,853.3426482572983,200,100000,6,7662622,1
39,280.94848325280316,71.09015932647836,441.7946150987619,425.25032208913586,1729.189443034453,45.504985343011924,36714.67620309018,2640.2898193446113,12968.920822758397,995.5606174357495,200,100000,6,7662622,1
28,555.6243495924775,72.4394675867095,441.4339177043192,435.6365895797609,1488.861866297208,55.14303208508178,23916.048829769898,4710.478628843903,11166.46399722906,638.4757030471512,200,100000,6,7662622,1
25,522.9716858301485,76.59144067993059,406.40155380068813,396.73510831266935,1512.6587189864526,63.02744662443553,26444.54152065396,4496.723448825594,11344.940392398395,762.9749034551966,200,100000,6,7662622,1
23,100.51520842346778,31.236929353779228,297.70473964572966,267.6129603480327,1902.1528717755923,86.46149417161783,30778.374273683847,988.1410333293526,14266.146538316942,602.9173503915385,200,100000,6,9758090,1
33,189.82865838131596,58.368110302507105,320.9305479096132,285.80021471094886,1810.6773801448503,56.58366812952657,33480.554405560135,1861.475765128673,13580.080351086377,927.0718315559341,200,100000,6,9758090,1
35,217.39684908578386,66.39668352196671,364.22003808142694,349.42765504295636,1828.8410745856988,53.78944337016761,27365.670179152086,2128.451494558129,13716.30805939274,796.1095078713504,200,100000,6,9758090,1
24,546.5590636430154,78.53264480063629,445.3557458396583,425.10874881981135,1468.4584431269789,63.846019266390385,37299.97140212598,4688.187813327388,11013.438323452341,629.4215494153236,200,100000,6,9758090,1
24,424.19404017044866,96.67261061103696,420.4623966973266,410.709491082423,1423.94067655303,61.91046419795783,27540.031475801865,3906.499880861142,10679.555074147725,629.4284119308493,200,100000,6,9758090,1
34,331.94068491702774,93.85363944308334,388.1046490590502,369.8040507017674,1653.1303592012014,50.09485936973338,29701.831173069597,3193.457432700833,12398.47769400901,955.8611678582294,200,100000,6,9758090,1
28,496.02693226664286,42.07030744660153,352.18152435440925,336.4490826133444,1586.81265917168,58.77083922858074,24974.26827383862,4035.7292978493324,11901.0949437876,688.9527412014614,200,100000,6,3862201,1
32,315.96682651387147,49.535964741009046,327.09616496671276,306.70294450120775,1671.980672777927,53.9348604121912,27866.165095148128,2741.270934411604,12539.855045834453,884.8117761806865,200,100000,6,3862201,1
35,221.18008325684713,65.31229115882662,354.0238726849883,286.56845775447835,1768.148972202675,52.004381535372794,69684.79156755954,2148.692808117553,13261.117291520062,903.1705406784042,200,100000,6,3862201,1
26,381.1368565830567,69.00641644095028,382.7044263501374,376.34798399465484,1292.4654229004623,51.698616916018494,27370.769687501746,3376.0745476800525,9693.490671753467,812.1596732178646,200,100000,6,3862201,1
23,619.4956805651728,76.03843549933902,344.7068838609578,298.5723018110702,1385.3595605152893,62.970889114331335,45501.80119910623,5216.505870483839,10390.19670386467,712.25775190425,200,100000,6,3862201,1
35,353.54214489304786,81.95852229705987,333.11988199038717,299.38757540288793,1632.4646860119872,48.01366723564668,36215.233471821746,3266.255003925808,12243.485145089904,1005.4383274385594,200,100000,6,3862201,1
27,269.98920410632314,42.54966498954131,352.5547837656252,340.1863066430472,1567.3519671054703,60.28276796559501,29671.832237338564,2344.0415182189836,11755.139753291027,780.8977083432982,200,100000,6,772250,1
34,210.10271811661283,42.051965489284086,381.26898575765034,354.04178420955594,1736.4982471125643,52.62115900341104,38273.19060647804,1891.160127044227,13023.736853344231,823.5052953603858,200,100000,6,772250,1
30,390.84630822358895,48.713861633534336,349.5485932844921,334.6431069830169,1654.1359409540498,57.03917037772585,41532.50695613236,3296.7012739284246,12406.019557155374,908.288651160941,200,100000,6,772250,1
22,312.5625651212827,48.33532013264713,334.37470654867934,309.93637182796715,1747.3149144393376,83.20547211615893,31596.239704831547,2706.7341394044743,13104.861858295031,617.436345099105,200,100000,6,772250,1
22,326.3422053308726,71.22863033799229,366.0878812390959,339.6180847041233,1533.199197846159,73.00948561172186,40254.117482351845,2981.781267516487,11498.993983846192,627.4687970896883,200,100000,6,772250,1
25,367.5418759589687,79.1804484925966,401.9122769945217,382.17804074274886,1470.1241247410912,61.25517186421214,39935.790556209104,3350.41743338674,11025.930935558185,656.4245210605094,200,100000,6,772250,1
20,399.9394168931722,13.37618341005168,257.1800438497838,246.24490120964828,1158.3976990284236,60.9682999488644,13599.571751009173,3099.8670022741794,8687.982742713177,560.0668563479232,200,100000,8,4474730,1
19,409.5681646443442,16.568925504856445,280.86687440004704,266.338442583507,1145.1581416341967,63.61989675745537,19747.681243166535,3196.028176119005,8588.686062256475,519.2583959548692,200,100000,8,4474730,1
25,290.61427166763707,34.45251926436558,319.2202315744026,305.5342082367024,1238.6544436421877,51.61060181842449,19254.507363758617,2438.0009319900196,9289.908327316409,584.1495686968753,200,100000,8,4474730,1
20,421.01337226668966,49.831425847933446,366.64946552554113,357.8821310528679,1128.6204162495424,59.401074539449596,34183.65897428052,3531.3359858596737,8464.653121871568,482.7183893874805,200,100000,8,4474730,1
18,527.283645969225,83.84249464932493,407.14447721440325,380.13088537310074,965.680806130045,56.80475330176735,35979.47849677442,4583.446054639125,7242.606045975337,489.9089164051756,200,100000,8,4474730,1
18,579.9487231835677,90.25660251167969,388.06935446255807,355.83052263783924,934.8367346081903,54.990396153422964,42529.841846294956,5026.539942714356,7011.2755095614275,459.3535073364537,200,100000,8,4474730,1
17,588.5019839979174,112.85239296723361,354.5940241364971,344.94118699482055,853.6142156637184,53.3508884789824,33143.49835116941,5260.157827238632,6402.106617477888,428.3351404925767,200,100000,8,4474730,1
16,428.26238249495117,121.75443024662259,363.50115169401397,353.3262443327843,960.0682737424739,64.0045515828316,18791.253149066368,4125.126095561803,7200.512053068554,486.8439921658895,200,100000,8,4474730,1
14,503.8644602440817,62.98864201150246,321.322764375214,308.94177014533733,976.0653804473739,75.08195234210568,24352.90758900969,4251.398266916882,7320.490353355304,479.06499158464413,200,100000,8,9944578,1
21,366.5082640337072,91.6277346480139,323.7412595501329,316.615000509027,1116.3299587218942,55.816497936094706,20067.645252945065,3436.019990112908,8372.474690414207,586.954110972202,200,100000,8,9944578,1
20,567.4507619624796,99.68248932791468,333.334646730532,322.50234656385305,864.4758762936307,45.49873033124372,22556.107458572536,5003.499384677958,6483.56907220223,560.0560521441474,200,100000,8,9944578,1
23,390.7004018893796,103.89035690060813,329.6699320136644,316.8662939936128,1037.6979390956167,47.16808814070985,18672.75700789729,3709.430690924908,7782.734543217125,688.0874091745209,200,100000,8,9944578,1
23,233.39474613435883,107.88394399518006,345.3405717105639,336.80201259485085,1175.7542741869356,53.443376099406166,15894.66829964268,2559.5901759715416,8818.157056402017,628.4294613532263,200,100000,8,9944578,1
17,444.72407786765723,113.71447192884406,337.25504726883753,323.5312898018317,1007.4327936909715,62.96454960568572,25446.859608879935,4188.28912347376,7555.745952682286,506.9702947780324,200,100000,8,9944578,1
18,493.1125742226843,120.45372931048021,284.26414198872163,278.83078365750674,915.3884878760241,53.84638163976612,19220.038597852435,4601.747276498734,6865.413659070181,464.8274514840144,200,100000,8,9944578,1
19,278.48183351529906,128.68927209700703,353.5266395237984,334.49881370561354,1138.549948632339,63.25277492401884,20694.967701642254,3053.7832920922956,8539.124614742543,650.2965892715883,200,100000,8,9944578,1
21,447.57709746417856,22.645572025246103,298.0160522394103,291.037185359713,964.6247543567363,48.23123771783681,14463.321106186802,3526.6700211706852,7234.685657675522,658.1523995101853,200,100000,8,9925823,1
17,577.3791803841006,34.122201269643035,399.4491592978426,381.4033108354313,905.011484372966,56.56321777331038,33449.88361341282,4586.260362403077,6787.586132797245,478.7760858724921,200,100000,8,9925823,1
20,405.75600051945696,99.10274163246902,323.87032203447546,317.4180181327906,1082.8202482047482,56.99053937919727,19428.536549361488,3786.440566139445,8121.151861535611,559.814232707126,200,100000,8,9925823,1
20,269.19872014243987,114.4237847423873,347.34587484168026,337.840906158991,1191.3464788392,62.702446254694735,18389.064479660003,2877.1687866362035,8935.098591294,545.5312979636101,200,100000,8,9925823,1
22,365.60298997045453,116.33985615200693,351.6484462821482,344.09481780061225,959.301647905344,45.68103085263543,20746.835585603792,3614.571345918461,7194.76235929008,638.9636743516542,200,100000,8,9925823,1
15,524.7154944632401,121.4209017180872,373.92845981114573,364.4739883443357,970.4979050048569,69.32127892891835,25504.882222801025,4846.022971359955,7278.734287536427,361.1704738670466,200,100000,8,9925823,1
21,367.0352212344934,119.92619977746641,396.1939170267028,388.89648602893215,1022.6321699556263,51.131608497781315,15829.817177273651,3652.2106575896987,7669.741274667197,506.2556300488285,200,100000,8,9925823,1
23,472.5608607859549,122.24898152814023,378.88809177047006,370.848613046183,965.4173707568112,43.882607761673235,18625.06231146978,4461.073817355714,7240.630280676084,669.8877598818311,200,100000,8,9925823,1
11,282.45934841464106,65.16032184258326,303.4298424142639,274.3206883897977,1207.59716491033,120.759716491033,28556.833102194614,2607.1475269291823,9056.978736827476,362.7883394014135,200,100000,8,3820097,1
16,572.3781642315328,69.52358345650738,406.89012612095814,400.51646638085106,959.9326335166332,63.995508901108884,24372.824952980307,4814.263107660301,7199.494751374749,331.94428360696355,200,100000,8,3820097,1
20,291.9478589568344,67.78415834045411,343.0554424980974,330.85270038922476,1230.803480905511,64.77913057397426,24750.587910604434,2697.9901297296637,9231.026106791332,542.0475479859007,200,100000,8,3820097,1
12,578.3780964047762,74.55049754121872,379.10502711035457,368.83659393528467,938.8212858858944,85.3473896259904,28534.534652470178,4896.964454594962,7041.159644144208,348.1854908500919,200,100000,8,3820097,1
18,439.5552309254463,72.40371882462325,286.3760260776457,278.8706082230238,1048.5215175635221,61.67773632726601,12180.46130028285,3839.692123125522,7863.911381726416,614.6480108879728,200,100000,8,3820097,1
19,567.0112534523754,80.7396638769323,321.5943945612507,316.9350869764683,945.1615167731,52.50897315406111,23396.86666675595,4858.131879969807,7088.71137579825,533.1040417707638,200,100000,8,3820097,1
21,385.5743808532516,80.38001333038373,369.90269505989403,362.4204192971866,953.862323830092,47.6931161915046,16001.007183679925,3494.6579563772652,7153.96742872569,519.6284085555754,200,100000,8,3820097,1
21,367.49741118512765,95.87465261324793,359.28295627081826,355.6880075142134,1093.2333743052636,54.66166871526318,25106.922017933328,3475.290478487817,8199.250307289478,630.9016339446698,200,100000,8,3820097,1
15,532.6362725268469,31.84649852484742,370.79700548902,366.49138880386477,984.0019303009857,70.28585216435611,25230.80502466756,4233.620782887708,7380.014477257393,440.30838551920556,200,100000,8,9535879,1
15,404.4547699539369,36.142679920413656,398.1255539767963,375.79268060925807,1138.9504674816694,81.35360482011924,37195.95780889691,3304.480874057629,8542.12850611252,479.96439185068726,200,100000,8,9535879,1
23,533.9825373604831,60.75449955836715,314.0987514335477,310.2254182019647,972.4786380349786,44.20357445613539,16973.569153991346,4460.527776891377,7293.58978526234,656.2334195664616,200,100000,8,9535879,1
15,343.84655807149,68.08890671666794,347.09798052730537,339.28615296016096,986.8495437860262,70.48925312757329,21931.8125087469,3089.515985911184,7401.371578395197,427.3906399672244,200,100000,8,9535879,1
26,240.44501691497442,72.40143823891783,252.37570449570802,194.51997251760437,1192.9755776688244,47.71902310675298,30635.30449471053,2346.348413654192,8947.316832516182,655.3547352825497,200,100000,8,9535879,1
17,581.248541715389,93.00298659927914,380.3639274149703,372.6901754780936,910.99597575766,56.93724848485375,21918.053535532774,5056.886462360011,6832.46981818245,453.7780409207244,200,100000,8,9535879,1
20,344.62502671664873,110.68262986153414,346.91930666647943,288.9754724535838,1122.0181479282003,59.05358673306317,46463.15338442208,3414.8074243363717,8415.136109461502,618.9485435049172,200,100000,8,9535879,1
18,319.9589372355895,112.6983322847228,372.7937312645886,367.2159247421544,1144.0354459944065,67.29620270555333,16388.5679990441,3244.9295214023423,8580.265844958049,543.008195837778,200,100000,8,9535879,1
22,231.52107458367496,73.42751706538117,326.63613154525154,311.85546032929665,1229.5297379988738,58.54903514280351,16241.631445476996,2287.1144373679213,9221.473034991554,645.7066735150208,200,100000,8,8271480,1
21,384.3153446536698,78.18233191857247,355.63990495697186,342.7431195610995,1117.0319672880657,55.85159836440329,18839.16001618938,3468.732574291817,8377.739754660493,625.0604871005385,200,100000,8,8271480,1
23,241.43159846751695,87.59077363878522,326.4889342722674,319.0710357709868,1194.4422931224922,54.292831505567825,17411.920885296386,2467.667790797266,8958.317198418692,662.012638901283,200,100000,8,8271480,1
26,287.770430898419,87.96075869440472,319.70662371294327,308.5080901361272,1198.806748683236,47.95226994732944,17135.44219670598,2817.9839219461783,8991.05061512427,658.957268866463,200,100000,8,8271480,1
19,438.7163281996172,100.4069232280678,385.34737873719615,376.15462215413527,1018.9567552023473,56.60870862235262,22447.355004460638,4043.424385707637,7642.1756640176045,532.6627152471284,200,100000,8,8271480,1
20,479.10641562972023,101.96101676663248,378.4085890747373,360.5467904488201,995.1897828595696,52.378409624187874,27445.740002019797,4358.005742972646,7463.923371446772,563.0519464618701,200,100000,8,8271480,1
18,643.7331655318559,117.5272887878177,441.11237712589934,438.04143577967324,803.0318320858784,47.237166593286965,28063.931957952685,5709.453407397552,6022.738740644088,546.9111268129284,200,100000,8,8271480,1
17,573.440650568373,131.68680594927534,359.850199748231,351.8870232051166,897.3251737661085,56.08282336038178,25577.665431880105,5288.455923882363,6729.938803245814,447.0358787212345,200,100000,8,8271480,1
13,367.82602758068316,91.26927730293039,332.96838114676575,294.09101322603027,1045.926077123437,87.16050642695308,35618.49349189716,3443.2147866271016,7844.445578425777,350.9699129810218,200,100000,8,6394530,1
23,539.8645007472908,90.41342549758544,329.8130173956241,313.34701916960614,923.7272443910783,41.98760201777629,24867.28877559929,4727.084446836571,6927.954332933087,683.2689668079535,200,100000,8,6394530,1
15,655.0493073784405,94.30083071389777,420.2375496192962,418.7427593700064,864.9105300095515,61.77932357211082,28972.82072392407,5620.126035692537,6486.828975071637,349.2917633644011,200,100000,8,6394530,1
18,527.7085231112144,95.03296978015688,358.23635795122135,352.1471016605778,968.942899246826,56.99664113216623,23372.16232504432,4670.561196685285,7267.071744351195,525.9269550788454,200,100000,8,6394530,1
20,381.4312526033664,102.63870813491383,233.85464413491235,193.4031690932584,1079.740528319074,56.82844885889863,21915.849424350476,3630.5247055371015,8098.0539623930545,546.5273040362928,200,100000,8,6394530,1
23,340.73018771617626,103.47984128501655,344.82436171430714,325.0539399838979,1071.5110113603032,48.705045970922875,25518.157061253107,3331.575217508946,8036.332585202274,684.6100854714857,200,100000,8,6394530,1
15,466.4349597760472,116.08436972391779,345.7163271689075,324.24156311164796,1010.570049289364,72.18357494924028,25196.17031430052,4368.894971249738,7579.275369670229,505.4961646843765,200,100000,8,6394530,1
20,120.34154853412619,116.42997160506894,290.5983577330339,254.13628360630062,1343.1965032445146,70.69455280234287,30036.168024752253,1775.7864010439635,10073.97377433386,597.3138655217549,200,100000,8,6394530,1
23,339.6319611895621,82.01049772230365,369.2447200219982,337.3061556567827,1133.7797419587168,51.53544281630531,33214.612053348435,3162.3184418389933,8503.348064690377,713.2906859639332,200,100000,8,8372552,1
19,564.1746586266547,89.81829001152921,346.33446848191977,341.91322308541555,862.7577648290041,47.93098693494468,26204.011061563917,4904.94711478638,6470.683236217531,562.6069338107845,200,100000,8,8372552,1
13,462.6029218234887,93.44020521751663,291.61928172407465,269.14856065038964,947.1529950944634,78.92941625787195,29855.69657154048,4170.323452807541,7103.6474632084755,368.20649345567375,200,100000,8,8372552,1
18,530.1207082393491,95.57982979947124,359.41155919358084,346.69199440942515,963.8738947733239,56.698464398430815,24097.993981401873,4692.754035291153,7229.054210799929,515.4903528533076,200,100000,8,8372552,1
21,467.4480021801284,98.88752376977507,426.3088362168647,422.71262866732553,994.5863833834037,49.72931916917018,21625.998352250914,4247.516444624276,7459.397875375527,659.5531336342715,200,100000,8,8372552,1
20,365.2053696918526,110.88324441178372,313.32920871162145,300.1271842827917,1103.265822536826,58.06662223878031,15675.338945189462,3570.6646057772723,8274.493669026195,487.42502734813814,200,100000,8,8372552,1
20,477.7570354575174,120.47438388925033,376.584332498597,371.4859156933199,981.0027700054375,51.63172473712829,19470.757572482275,4486.735645100758,7357.520775040781,619.768537453898,200,100000,8,8372552,1
22,412.4124810137527,126.69893922712093,397.2334781045914,387.72643153102206,1032.0984538446735,49.147545421174925,18134.484583592697,4043.335651806552,7740.738403835051,563.7249511571556,200,100000,8,8372552,1
21,479.3857607766179,53.5050713715871,381.066448204227,374.27092692467085,1034.9943510379212,51.74971755189606,18596.062666638423,3996.681241111537,7762.457632784409,536.1695832751983,200,100000,8,7662622,1
17,556.1946331563962,63.96320652600642,329.5490070571298,325.19796161390303,971.0697477952447,60.69185923720279,18546.949756156337,4651.1837976180195,7283.023108464335,408.7760539489306,200,100000,8,7662622,1
19,196.4072344099095,70.1111409364442,377.49118158074504,368.09629630554457,1321.1121618832956,73.39512010462754,25771.03696895807,1998.8878150976527,9908.341214124717,501.10061279867574,200,100000,8,7662622,1
19,490.5932304747588,71.09015932647836,334.5923064959004,322.85812485747147,1008.2566200385775,56.01425666880986,19354.539745171416,4212.625423509278,7561.924650289331,527.7872835455642,200,100000,8,7662622,1
22,177.86546642557798,72.4394675867095,336.23191125168137,325.0761820643856,1280.3662890843286,60.96982328972994,19911.14778557494,1877.287005092156,9602.747168132464,537.4742314476193,200,100000,8,7662622,1
20,452.89090266936364,76.59144067993059,363.63989702786415,356.8828582175398,974.4388927325693,51.28625751224049,18759.87547657265,3971.1175751197065,7308.29169549427,634.8661898145338,200,100000,8,7662622,1
18,652.7219244671905,76.70019772757253,451.8208508078023,445.1577715702372,865.7379369966584,50.92576099980344,34228.07899675496,5470.665916460724,6493.034527474938,432.37412388495164,200,100000,8,7662622,1
17,285.04942134213195,122.92409489451998,337.64097888216816,313.68873361143494,1115.6008513636211,69.72505321022632,30504.775192949397,3059.801371774889,8367.006385227158,511.57116518931895,200,100000,8,7662622,1
17,529.6626891370527,31.236929353779228,347.45536444977705,335.9546511092184,1035.0407397714698,64.69004623571686,27640.977871004045,4206.747138681239,7762.805548286024,460.8923996254095,200,100000,8,9758090,1
23,411.8255062894172,58.368110302507105,306.31952670609263,292.4218442314453,1039.2049305206158,47.23658775093708,19480.464710782137,3526.4521244394323,7794.036978904618,694.9724102913717,200,100000,8,9758090,1
15,468.1979121260717,66.39668352196671,340.57182330571993,325.2151168251079,1076.765145123438,76.91179608024558,23691.318085180108,4009.4594673602883,8075.738588425786,371.91962866204534,200,100000,8,9758090,1
16,556.7491526817363,78.53264480063629,383.44595755876946,371.33025795504875,932.531580179018,62.16877201193453,27012.53387244621,4764.613481117794,6993.9868513426345,478.9560833682197,200,100000,8,9758090,1
16,570.3786236899789,96.67261061103696,385.21906117421736,377.7728162871953,941.6922722548003,62.77948481698669,28390.211749844617,5002.884257257619,7062.692041911002,418.99881418478407,200,100000,8,9758090,1
17,519.6223142086058,93.85363944308334,342.09552469151504,333.3881204396888,895.8693321373676,55.99183325858547,26013.708306128578,4601.069652387669,6719.019991030256,468.503480444471,200,100000,8,9758090,1
21,369.2078342304089,100.51520842346778,255.2088693714349,242.65800319213974,1111.795014985553,55.589750749277655,10686.432927418591,3522.922819904075,8338.462612391648,544.7452940958045,200,100000,8,9758090,1
22,387.1125230800068,117.44278308200734,329.6460561607676,316.53180823172187,1069.4778106809224,50.92751479432964,16485.55799941159,3784.164796215106,8021.083580106918,541.8237433060686,200,100000,8,9758090,1
17,630.0572680753257,42.07030744660153,359.732091122296,355.9207339382499,923.7458648143596,57.734116550897475,25159.707267407288,5040.956816414455,6928.093986107697,412.2049915237761,200,100000,8,3862201,1
16,332.7434165408827,49.535964741009046,254.9099310878671,219.04611914946202,1201.8409483551577,80.12272989034385,24152.185909713262,2867.095359614188,9013.807112663682,449.2415806777858,200,100000,8,3862201,1
22,306.9151210732535,65.31229115882662,277.0613005744806,268.7293689755916,1207.327710917114,57.49179575795781,20831.390751617473,2791.7055917406005,9054.957831878355,559.8353406361972,200,100000,8,3862201,1
10,504.96054326434813,69.00641644095028,304.6152210831308,290.4988243300997,790.014669762143,87.77940775134921,25557.375580315213,4304.752197789739,5925.1100232160725,368.11816841613404,200,100000,8,3862201,1
17,355.72331302307083,76.03843549933902,284.57646101120395,260.0706747322248,1103.4399068424013,68.96499417765008,21821.111330433596,3238.2131139180738,8275.79930131801,445.7695973382005,200,100000,8,3862201,1
24,331.91835689875296,81.95852229705987,372.6428757672534,365.7179892643732,1157.6135242011133,50.33102279135275,17459.151296235388,3104.076593968596,8682.101431508348,676.6136987708446,200,100000,8,3862201,1
24,429.36122936376853,88.2592430179032,313.65853681573276,300.09654830710315,1047.492856647278,45.54316768031643,26091.494557474976,3882.1535428625384,7856.196424854585,674.3095669512809,200,100000,8,3862201,1
12,577.9789316111469,89.2355287037928,321.84609553649227,262.3386293614748,890.800344613799,80.98184951034536,55141.80469331839,5004.108452362048,6681.002584603492,303.35949483785123,200,100000,8,3862201,1
20,334.4306851918701,42.54966498954131,363.73909416562736,358.3828163996257,1193.4347224604833,62.81235381370965,30033.7569439845,2827.352626360586,8950.760418453625,587.4836338172711,200,100000,8,772250,1
21,475.2682338166249,42.051965489284086,382.21778894636395,366.86429884235815,1066.7013933753265,53.33506966876632,32984.72471655438,3879.9014947943174,8000.260450314949,529.3372534592239,200,100000,8,772250,1
13,551.4181871446189,48.713861633534336,289.41408866508533,279.70461492460794,952.5401124681738,79.37834270568115,22376.884889098168,4500.990365836149,7144.050843511303,353.2392888600024,200,100000,8,772250,1
18,493.95445107228346,48.33532013264713,324.2931844780418,317.470807328501,1055.1559670654185,62.06799806267168,21928.891202768802,4067.1732840369796,7913.669752990639,504.61014396536086,200,100000,8,772250,1
17,546.8131641881321,71.22863033799229,348.01417998696434,345.43934535779925,858.1224645820847,53.632654036380295,27262.13503120045,4635.313458945932,6435.918484365636,477.1889994359724,200,100000,8,772250,1
18,665.7205984661283,79.1804484925966,369.2854898599,354.35136419195373,831.2552847469836,48.897369690999035,38463.68618406635,5586.757852190437,6234.4146356023775,450.43253041992114,200,100000,8,772250,1
24,274.3814188679538,79.39018904808431,292.4529031420318,270.7838718989738,1196.4552327578049,52.019792728600216,18444.665580330435,2653.287059370286,8973.414245683536,696.1508541461828,200,100000,8,772250,1
20,583.2232782470298,112.25548798912229,386.0377788147374,383.48447418005793,876.1937245420321,46.11545918642274,20594.063617707994,5216.09074677114,6571.452934065241,606.9273147234081,200,100000,8,772250,1
12,364.64875100874326,13.37618341005168,314.2879647324791,308.8286331644951,794.3619845171849,72.21472586519862,24065.473995540506,2835.187008140962,5957.714883878886,398.9269505116413,200,100000,10,4474730,1
15,184.96005821027927,16.568925504856445,240.65776483353193,223.44613911841677,978.3836116450794,69.88454368893424,15204.592357815965,1511.4673778635179,7337.877087338095,369.61402045825355,200,100000,10,4474730,1
14,449.3255570325746,34.45251926436558,307.99607366757795,300.475681030079,797.6551645523771,61.35808958095208,16477.0471424926,3628.335572227051,5982.413734142828,354.20244889618783,200,100000,10,4474730,1
16,320.0821886286331,49.831425847933446,301.90352854347327,295.72922069127463,911.9642010901362,60.79761340600908,19926.463789252313,2774.352108574249,6839.731508176021,367.26854366960157,200,100000,10,4474730,1
15,375.7340335949277,83.84249464932493,379.47786879748526,368.99052700962983,806.4350429337852,57.602503066698944,22482.75361605549,3446.823961831895,6048.262822003389,403.20488669893786,200,100000,10,4474730,1
14,308.6951637360695,90.25660251167969,322.2968884322122,297.64925905972535,869.3626075112744,66.8740467316365,28045.121601701485,2992.138246858119,6520.219556334558,370.1174464668675,200,100000,10,4474730,1
15,252.94509020150824,112.85239296723361,283.1629237862372,277.28268026057447,903.3968661380362,64.5283475812883,15658.138966130991,2743.481123765564,6775.476496035271,368.0089594707878,200,100000,10,4474730,1
12,385.4767921009393,121.75443024662259,347.0762296528469,342.7085938663496,767.6659488178112,69.78781352889193,17106.924004425044,3804.234167606714,5757.494616133584,347.87061248825785,200,100000,10,4474730,1
15,468.79550635145637,137.1348646214752,361.32873184600265,354.05480699738365,678.4351495489502,48.45965353921073,19977.596791255895,4544.477782296986,5088.263621617127,365.30269190518567,200,100000,10,4474730,1
13,302.0245840858646,143.67133741059422,324.5225797548617,322.1583104957609,762.6829376334681,63.55691146945568,7053.133529312879,3342.719411223441,5720.122032251011,269.2740217864713,200,100000,10,4474730,1
11,410.223417493262,62.98864201150246,275.569565881376,267.4095171868858,809.3394737527124,80.93394737527123,15693.42511529631,3549.0904462857334,6070.046053145343,359.7849055052499,200,100000,10,9944578,1
13,278.1000633215877,91.6277346480139,304.5429895668763,299.73773901324665,864.1959248308342,72.01632706923618,19514.204855122483,2772.958484772012,6481.469436231257,456.55665531652215,200,100000,10,9944578,1
13,399.2260869988198,99.68248932791468,302.74725983475804,300.3474425384633,648.5481296109319,54.04567746757766,17033.21276037231,3741.814322450509,4864.1109720819895,327.7670089227442,200,100000,10,9944578,1
19,233.39474613435883,103.89035690060813,284.56844527976205,274.9809228096778,904.6893589234052,50.26051994018918,12882.863548857737,2529.638272762252,6785.170191925538,555.0915977703937,200,100000,10,9944578,1
15,357.77591422675295,107.88394399518006,368.82451871511,362.97139511005844,797.2067223534949,56.94333731096392,17539.006929731368,3492.4489366644975,5979.050417651212,434.453074889406,200,100000,10,9944578,1
12,398.23115626285096,113.71447192884406,273.9696846946185,260.6912403591585,755.530870259156,68.68462456901419,16287.136582564764,3839.5922114377126,5666.48152694367,369.2589185595006,200,100000,10,9944578,1
16,335.0494672265235,120.45372931048021,303.59689601548763,293.6535395533225,822.1384024258178,54.80922682838786,14512.683111055534,3416.2739740275283,6166.038018193633,366.4843150637343,200,100000,10,9944578,1
13,278.48183351529906,128.68927209700703,357.4629098364785,352.57235459701246,847.2333967597801,70.60278306331502,13969.24699802709,3053.7832920922956,6354.250475698351,449.54027124201195,200,100000,10,9944578,1
14,466.4362169825615,130.06917572243697,352.0373356960357,349.1800992913637,663.684061121401,51.05262008626161,15278.955468855509,4473.790445287488,4977.630458410507,345.69020279940713,200,100000,10,9944578,1
13,327.20171506706515,138.87659158113922,318.29422727387225,314.0974495532233,772.5656153932415,64.38046794943679,14440.704277998839,3495.5872998615328,5794.242115449311,314.0360740868964,200,100000,10,9944578,1
19,321.16987236295927,22.645572025246103,282.6269562434175,277.01188736137163,889.6369656705465,49.424275870585916,12058.685324466505,2578.6158329115406,6672.277242529099,597.5524610615273,200,100000,10,9925823,1
11,457.5435256432454,34.122201269643035,329.8144110577354,324.18185880635576,632.3792477320401,63.23792477320401,19143.066969007035,3687.4929518466633,4742.8443579903005,300.50821157276124,200,100000,10,9925823,1
14,407.3196494864211,99.10274163246902,258.53111519282044,252.79624747888172,626.5776410552169,48.19828008117053,9732.297962724622,3798.167933391676,4699.332307914126,451.7801620780388,200,100000,10,9925823,1
15,269.19872014243987,114.4237847423873,313.4400290082542,302.99142535821954,861.4222701057379,61.53016215040985,16833.475578115023,2877.1687866362035,6460.667025793035,438.6453610931015,200,100000,10,9925823,1
11,530.8423268205369,116.33985615200693,354.7217808014609,352.06484665911273,648.0723505207618,64.80723505207618,19585.03496251433,4853.866372294079,4860.542628905713,279.60633206220143,200,100000,10,9925823,1
8,424.91641778101825,121.4209017180872,321.1728671667489,295.56338972811955,722.586930385519,103.22670434078843,26315.53671591552,4097.529896243291,5419.401977891393,158.73758888469973,200,100000,10,9925823,1
15,408.26349787024634,119.92619977746641,379.4843023949654,372.86540092196435,758.8642229126322,54.204587350902294,16905.823228630652,3961.4227323578452,5691.481671844741,327.9137262527576,200,100000,10,9925823,1
15,488.1311992010056,122.24898152814023,319.9336125302283,315.50350305516037,621.6301702425982,44.40215501732844,11598.679384851972,4577.851355468594,4662.226276819486,450.6804968994672,200,100000,10,9925823,1
13,499.6374648441456,135.05402000642755,366.83139198136064,360.0058065355617,644.1174434464107,53.676453620534225,18625.82237916047,4760.186136379299,4830.88082584808,399.28738930239905,200,100000,10,9925823,1
8,484.1565185105292,155.49351903369484,416.35037040180094,413.2701341656412,660.1803398000774,94.31147711429676,17721.96350200328,4797.37528158168,4951.35254850058,228.10504458989374,200,100000,10,9925823,1
10,464.9263650490422,65.16032184258326,346.509984685426,343.82084710817014,732.9189349273062,81.43543721414513,18889.87541511505,3975.6501516871913,5496.8920119547965,285.8294944443432,200,100000,10,3820097,1
11,498.07240364361445,69.52358345650738,349.39911943824694,343.4557945692218,674.4702750767237,67.44702750767237,21046.91834573222,4256.969903250914,5058.527063075428,220.09018363183776,200,100000,10,3820097,1
13,490.8920498530798,67.78415834045411,317.8912199825244,313.3073454380509,664.2359814301626,55.35299845251355,17913.79148729858,4190.071561451505,4981.769860726219,361.8909894083677,200,100000,10,3820097,1
8,485.2035061301794,74.55049754121872,311.04705234252145,306.0770986765139,642.9952121052602,91.85645887218003,19166.67063212561,4198.155027535486,4822.464090789452,257.3345452792013,200,100000,10,3820097,1
13,397.81261782491015,72.40371882462325,360.42426296906945,357.3120033439413,663.4200253177146,55.28500210980955,16564.497765360404,3526.6225248715004,4975.650189882859,423.21407896800116,200,100000,10,3820097,1
15,236.8446898187968,80.7396638769323,287.4596245857953,283.50169522605637,821.2113255783875,58.657951827027674,10233.98073814462,2381.882652717968,6159.084941837906,516.6323327366446,200,100000,10,3820097,1
19,334.8269625641108,80.38001333038373,369.3636131753345,363.23497741459425,851.4713087766214,47.30396159870119,16104.158279686799,3114.052319208709,6386.034815824661,461.61963271889954,200,100000,10,3820097,1
16,515.0361986011008,95.87465261324793,311.0279332193386,307.9509297554172,658.7308514752642,43.91539009835095,18343.87493119389,4581.831384107615,4940.481386064482,460.52612313847806,200,100000,10,3820097,1
13,479.417710828746,101.20365172999608,265.74956842479867,263.4878447287593,658.6802953000324,54.890024608336034,13403.367387496777,4354.660219190566,4940.102214750243,362.90879539609205,200,100000,10,3820097,1
14,290.05504205439894,123.85544019252245,324.3859702447809,313.97782351251175,802.727880191605,61.748298476277306,13005.685362517252,3104.3286168519103,6020.459101437037,387.44747199606707,200,100000,10,3820097,1
10,375.23429866576856,31.84649852484742,339.7415644693192,325.82353135087703,880.3223542432604,97.81359491591782,29414.318988432107,3053.1059789296196,6602.417656824453,298.37958675407987,200,100000,10,9535879,1
12,482.15376781343224,36.142679920413656,355.04292045979395,347.13918364815316,746.2544261730827,67.84131147028025,21870.03880034616,3887.223358003844,5596.90819629812,438.70247984166326,200,100000,10,9535879,1
18,383.8424859108936,60.75449955836715,265.734804237273,261.26435939227355,701.7707388653289,41.28063169796052,9909.293871082156,3334.4773910194554,5263.280541489967,513.1053107208679,200,100000,10,9535879,1
12,343.84655807149,68.08890671666794,308.72924319656613,306.20629795544795,746.2583507882198,67.84166825347452,14864.281856236847,3089.515985911184,5596.937630911649,360.26103264696235,200,100000,10,9535879,1
14,447.3565924388666,72.40143823891783,316.28814241681147,306.58785717802004,722.5971739663014,55.5843979974078,20252.65413247047,3898.185230083383,5419.47880474726,382.67770857240714,200,100000,10,9535879,1
20,240.44501691497442,93.00298659927914,272.27855822610184,258.7062379109379,883.020525409225,46.47476449522237,10894.653904044628,2500.860026356902,6622.653940569187,523.9625668608736,200,100000,10,9535879,1
11,312.77928427213425,110.68262986153414,352.24463199110664,345.10906499271147,862.7385550921163,86.27385550921163,24640.903917238593,3175.9643560025133,6470.5391631908715,305.01857950768493,200,100000,10,9535879,1
13,484.711886678459,112.6983322847228,338.41691724978693,332.99528630761927,661.100869273396,55.091739106116336,14302.577701729086,4480.576642223864,4958.25651955047,403.5904120281854,200,100000,10,9535879,1
13,486.1242233492836,133.70431831584054,358.6450545764986,348.2738477673341,615.1471467797726,51.26226223164772,15867.29784854575,4648.714062488431,4613.603600848294,450.39612847149834,200,100000,10,9535879,1
11,487.9060047466254,139.87418438156558,351.1031217648667,344.78407136274893,630.8103266656843,63.08103266656843,21633.306098825487,4708.351418461432,4731.077449992633,271.94068929947883,200,100000,10,9535879,1
18,365.8104856358231,73.42751706538117,322.7602785628703,306.2133190880556,810.4382679065199,47.67283928861882,16874.0158011922,3294.285020259032,6078.287009298899,531.2474461001813,200,100000,10,8271480,1
15,384.3153446536698,78.18233191857247,339.4937079730697,327.76876822366194,803.7004220502857,57.407173003591836,20245.23871287453,3468.732574291817,6027.753165377143,437.27632486335193,200,100000,10,8271480,1
17,462.8671564256898,87.59077363878522,319.1929410628773,317.9956059764222,702.7288670787107,43.92055419241942,10674.5310718507,4128.434475483563,5270.46650309033,501.28654249513966,200,100000,10,8271480,1
15,467.00122914419006,87.96075869440472,319.8447600591581,312.9687098336839,725.8625989647979,51.84732849748557,16490.16480202996,4162.21490878946,5443.969492235985,380.26532066435493,200,100000,10,8271480,1
13,447.3290897829729,100.4069232280678,281.4404217569808,269.37173729401314,673.63693541317,56.136411284430835,12865.420095197886,4108.020097582806,5052.2770155987755,253.86004491863562,200,100000,10,8271480,1
14,485.2017858859193,101.96101676663248,332.68716279670855,327.2932628943561,679.4807881107653,52.26775293159733,16715.047128687653,4403.721019894138,5096.10591083074,411.490979014983,200,100000,10,8271480,1
15,389.8318535616176,117.5272887878177,378.27887219859025,374.1332162681583,768.5387619424466,54.8956258530319,19976.69343746841,3805.1935676207645,5764.040714568349,407.46660488904354,200,100000,10,8271480,1
13,457.5542829881323,131.68680594927534,298.0096747260417,291.7723916846025,666.6707323209156,55.5558943600763,13327.953131596923,4419.308167030557,5000.030492406867,345.0674322087867,200,100000,10,8271480,1
12,287.770430898419,131.07130483516045,355.7763040802868,348.85458476909713,786.4271002989392,71.49337275444901,14759.543232631115,3141.313018001846,5898.203252242044,305.20532897415643,200,100000,10,8271480,1
13,481.77983009119777,139.81799746300186,376.5960634209874,373.9742240561773,603.1911462875025,50.265928857291875,15641.325838303454,4661.983706656497,4523.933597156269,400.9558162670855,200,100000,10,8271480,1
11,505.967666383302,91.26927730293039,387.29345751969373,385.5114472756398,633.2097395565039,63.32097395565039,18421.324448557036,4479.277077646743,4749.07304667378,228.84598796642274,200,100000,10,6394530,1
11,405.80000249879276,90.41342549758544,239.798496679247,221.7159330474378,709.7413596830097,70.97413596830097,15391.142157946824,3721.6007099728363,5323.060197622573,290.6907858228435,200,100000,10,6394530,1
11,439.273198063989,94.30083071389777,301.70283056861444,293.25371333505984,725.248977839998,72.5248977839998,13901.953003800723,4001.8052158341507,5439.367333799985,382.7124250038748,200,100000,10,6394530,1
14,473.9147111726571,95.03296978015688,304.71991281382185,300.80650052578295,683.4717194425319,52.57474764942553,13828.570754400842,4267.107607146106,5126.037895818989,417.6671394622275,200,100000,10,6394530,1
11,395.68283801870535,102.63870813491383,211.37643839296862,198.88577425770177,677.2311236946389,67.72311236946389,10572.85259466279,3737.411596152144,5079.233427709792,331.28756624436215,200,100000,10,6394530,1
15,371.9485634790645,103.47984128501655,298.41351392558323,288.8058009403856,739.3735932489649,52.812399517783206,17239.09357587448,3565.7130357306078,5545.301949367236,442.4442739392821,200,100000,10,6394530,1
9,188.67976425510315,116.08436972391779,295.84909743228394,253.9147124447712,969.8497047064018,121.23121308830022,35308.1749161215,2285.731004842657,7273.872785298014,253.84997794795936,200,100000,10,6394530,1
16,261.8648963939742,116.42997160506894,308.7930076993637,292.8604564943236,851.6840630943135,56.7789375396209,19273.849368025883,2837.2115099928237,6387.630473207351,485.0570690007535,200,100000,10,6394530,1
8,381.43344275904184,118.10680802300975,351.2102264119154,328.48937203628077,795.2939077496711,113.61341539281015,27942.23850226478,3746.551880865387,5964.704308122534,234.56196994683603,200,100000,10,6394530,1
19,367.82602758068316,120.34154853412619,309.74551848448004,301.148655680872,755.274588714985,41.959699373054725,13483.801422504159,3661.25682086107,5664.559415362388,551.3919419397664,200,100000,10,6394530,1
11,541.4711624853421,82.01049772230365,333.6320161487396,331.4262148131197,656.6311908968264,65.66311908968264,21729.48248077219,4676.112451557343,4924.733931726198,328.34900523631933,200,100000,10,8372552,1
13,341.87968954598875,89.81829001152921,368.0443573204971,353.1166223947171,831.2832367601807,69.27360306334839,22158.454686502104,3237.7348466813846,6234.624275701355,420.6960753906728,200,100000,10,8372552,1
14,392.5751503124483,93.44020521751663,341.61263359382275,336.9806948103626,712.2648476146173,54.78960366266287,17337.827620009648,3645.1151664747367,5341.98635710963,410.08612726758497,200,100000,10,8372552,1
10,504.83192211482026,95.57982979947124,296.13173304817786,293.01513243612953,660.098500685598,73.34427785395533,18943.699780007933,4503.088139357186,4950.738755141985,332.03690241326046,200,100000,10,8372552,1
17,349.0805452588691,98.88752376977507,362.6811093234431,358.7707367703903,811.02183494866,50.68886468429125,12397.278193399003,3359.7605177148316,6082.663762114949,556.9261912189746,200,100000,10,8372552,1
11,462.6029218234887,110.88324441178372,277.35065936307086,269.32513668676256,651.7534515420218,65.17534515420218,11747.110636610918,4301.146246764543,4888.150886565164,306.1662154250851,200,100000,10,8372552,1
15,352.9144458127594,120.47438388925033,333.5583687990228,326.36812079505233,775.6168778771382,55.40120556265273,18304.25097045739,3550.416222765073,5817.126584078536,503.9178856255052,200,100000,10,8372552,1
13,481.6988220573506,126.69893922712093,352.894941993128,344.9200598734752,674.3952627558332,56.19960522965277,18212.673429573537,4562.983209633536,5057.964470668749,347.99573975132955,200,100000,10,8372552,1
12,523.8622216514119,130.46757328207897,369.4212863856062,364.31847219291024,627.2604541768227,57.02367765243843,20223.905100185857,4907.473462001182,4704.45340632617,386.8181691750348,200,100000,10,8372552,1
14,469.36384718050357,131.7353038112792,296.74501654728346,286.7416163873479,673.6436997759677,51.818746136612894,14489.018285370372,4508.243632438372,5052.327748319757,305.13262625184836,200,100000,10,8372552,1
14,491.6934081728976,53.5050713715871,341.6846749714634,337.02915221992794,719.62908968831,55.356083822177695,18470.346653625602,4088.988596583635,5397.218172662326,381.22299444881816,200,100000,10,7662622,1
12,490.5932304747588,63.96320652600642,377.8129836059042,369.22968497740305,721.2806890805442,65.57097173459493,22465.631011492518,4159.173277505739,5409.605168104082,297.6694805522178,200,100000,10,7662622,1
11,285.04942134213195,70.1111409364442,215.7940659881679,162.8528983357413,691.7627206048124,69.17627206048124,23479.908085962146,2663.704217089321,5188.220404536093,335.496337936182,200,100000,10,7662622,1
13,531.2281133922191,71.09015932647836,332.7670671081406,330.2685311003484,647.4690447624266,53.95575373020222,20580.19599061271,4517.387045390231,4856.017835718199,329.75093012460684,200,100000,10,7662622,1
13,459.69670869787757,72.4394675867095,318.5418329568835,316.09536523754923,766.4388296382451,63.86990246985376,10103.813254386701,3991.0213221344025,5748.291222286838,256.91031705025466,200,100000,10,7662622,1
15,482.22704672810926,76.59144067993059,330.0145792512789,328.150094098231,676.3847171515093,48.31319408225067,14759.131045976064,4191.1386555602985,5072.88537863632,481.07360680289776,200,100000,10,7662622,1
12,511.86921611222675,76.70019772757253,375.01569482706685,368.7207129827594,642.2708086969571,58.38825533608701,19236.874589094852,4414.270603798494,4817.031065227178,323.97911816046275,200,100000,10,7662622,1
12,518.0802978283281,122.92409489451998,324.941044332555,312.2394924866723,644.2853656979462,58.57139688163147,20679.365092084165,4807.532945421361,4832.1402427345965,329.69016583571056,200,100000,10,7662622,1
13,542.733748997117,128.83809786824278,366.0617832797671,364.74961548031047,606.184242784917,50.515353565409754,16409.961544129223,5036.788851490199,4546.381820886878,350.7740764148436,200,100000,10,7662622,1
12,329.59099496696103,156.4014528286889,336.39341417293923,328.86975311686274,735.218264777051,66.838024070641,11595.53643171217,3644.9433584673743,5514.136985827882,357.4275657497702,200,100000,10,7662622,1
10,415.3408191812288,31.236929353779228,278.7189483345493,273.6869675121439,832.2431795901279,92.4714643989031,22951.969857427706,3349.33311401256,6241.823846925959,313.9218468264271,200,100000,10,9758090,1
14,470.20850862429336,58.368110302507105,314.56258665274225,309.0046679411708,697.6922199681756,53.66863230524427,18385.490699197082,3964.3246419510037,5232.6916497613165,336.2446208748271,200,100000,10,9758090,1
12,337.39777183461723,66.39668352196671,323.55505614158375,319.54009160717555,804.1644775998741,73.10586159998856,18398.043580500176,3028.4584151743798,6031.233581999056,296.65115707937815,200,100000,10,9758090,1
12,393.44734066853187,78.53264480063629,378.93220336160385,376.5430104588528,813.2163384552916,73.92875804139015,19697.428646808537,3539.849891018761,6099.122538414687,343.2116131723681,200,100000,10,9758090,1
11,570.3786236899789,96.67261061103696,382.5600299694439,380.8382166981759,630.7646964781234,63.07646964781234,24813.47336383872,5002.884257257619,4730.735223585925,224.65725997928976,200,100000,10,9758090,1
13,458.75714419365283,93.85363944308334,282.4702399205863,276.178968128524,680.4207567407047,56.70172972839206,14569.615482320143,4144.580877275522,5103.155675555286,355.09596672132494,200,100000,10,9758090,1
21,176.62749492076952,100.51520842346778,256.920077361898,246.4664413021569,969.2358020071381,48.46179010035691,10148.708433137936,2078.57027508178,7269.268515053535,535.3419465998954,200,100000,10,9758090,1
18,344.5451467121133,117.44278308200734,307.9431033567434,301.64292589190296,775.6233397542984,45.62490233848814,10543.972111956145,3464.909473455905,5817.175048157238,413.15884244201015,200,100000,10,9758090,1
10,546.5590636430154,132.82393647143743,373.8159490049669,366.26064251826466,602.3965315718942,66.9329479524327,21162.96280395019,5095.372500858397,4517.973986789207,303.58394927139665,200,100000,10,9758090,1
10,481.04356675529783,135.06258988427822,324.56159731576,320.7940182805169,549.1793144826801,61.019923831408896,13225.193267034654,4620.79617479682,4118.8448586201,340.9970196687882,200,100000,10,9758090,1
16,353.54214489304786,42.07030744660153,332.6584849288947,330.8794569609626,873.3144667474176,58.22096444982784,18182.79302164175,2967.0933925473705,6549.858500605632,343.06276597342725,200,100000,10,3862201,1
8,504.96054326434813,49.535964741009046,260.28586195187575,256.293959372494,691.8499999021826,98.83571427174037,15910.182792213705,4158.723810040179,5188.87499926637,295.34483176010883,200,100000,10,3862201,1
15,442.3842148095524,65.31229115882662,269.7410881689165,258.3681143328371,760.900966161839,54.35006901155993,20509.56452798251,3807.7237947628428,5706.757246213793,383.85583312322524,200,100000,10,3862201,1
9,487.08875304844986,69.00641644095028,282.35462972966224,278.34134614757795,587.0437977615767,73.38047472019709,16357.68112709057,4170.713771170502,4402.828483211825,326.1068474296558,200,100000,10,3862201,1
12,496.02693226664286,76.03843549933902,317.5808169851237,315.81715950515274,660.9631754241121,60.087561402192016,14879.51152891032,4290.490258244864,4957.223815680841,265.7794840093543,200,100000,10,3862201,1
17,332.7434165408827,81.95852229705987,336.6371015037471,331.2347141022927,849.0221780013242,53.06388612508276,16641.120979258747,3110.2645412845695,6367.666335009932,446.48463531790566,200,100000,10,3862201,1
17,217.11916432174203,88.2592430179032,243.37878322472844,221.8765603538818,916.672507720585,57.292031732536564,15114.625714687607,2290.3380550473394,6875.043807904388,452.968590717865,200,100000,10,3862201,1
16,264.5744704005642,89.2355287037928,323.7073775010047,318.30458971623085,889.7539888474663,59.31693258983109,15387.214037648455,2653.5749932826775,6673.154916355998,426.8225952537282,200,100000,10,3862201,1
15,448.7900940365968,87.65291201776783,296.62263263215453,288.1610704960583,727.6171507280717,51.97265362343369,17418.456825158453,4023.322545407735,5457.128630460537,478.1971504084505,200,100000,10,3862201,1
11,463.9896593861226,103.6565094651896,321.42722881925613,310.25813716649157,673.7205311960757,67.37205311960757,24137.03815126001,4257.346266384841,5052.903983970568,305.17875478845707,200,100000,10,3862201,1
17,269.98920410632314,42.54966498954131,271.2514005589146,263.23146585027564,950.1354340427463,59.38346462767164,15480.920631280504,2344.0415182189836,7126.015755320597,479.0123199024663,200,100000,10,772250,1
15,390.7739866967088,42.051965489284086,256.6855817750069,247.82740153020706,773.6471850880624,55.26051322057589,12031.715839872744,3246.1946413949468,5802.353888160468,429.8415239995751,200,100000,10,772250,1
10,494.7497248551453,48.713861633534336,332.574920529228,325.1908636303045,727.1341773633806,80.79268637370895,24648.542761151435,4075.9768986650975,5453.506330225354,280.8314787882385,200,100000,10,772250,1
14,493.95445107228346,48.33532013264713,319.41206320545604,317.3956704012093,706.7021006084447,54.361700046803435,20346.6099878537,4067.1732840369796,5300.265754563335,389.12675119135855,200,100000,10,772250,1
12,520.8140614525129,71.22863033799229,332.9098579502465,327.48569453117386,656.1199347043275,59.647266791302506,22415.233326439542,4440.320188428788,4920.8995102824565,353.01956852771355,200,100000,10,772250,1
15,470.0035051577235,79.1804484925966,321.2331386941133,319.05860816532373,605.9990793582524,43.28564852558946,16757.244543555968,4118.879652377401,4544.993095186893,437.66577135879237,200,100000,10,772250,1
15,237.3321133226567,79.39018904808431,306.06379761447465,297.3467609938002,874.026453200111,62.43046094286507,15319.702267463259,2375.4172677805577,6555.198399000832,402.43165666475784,200,100000,10,772250,1
15,502.81454601412315,112.25548798912229,355.99696087471807,353.332436935066,654.1046947819012,46.72176391299295,18371.518968392335,4613.02525502434,4905.785210864259,475.5011623780361,200,100000,10,772250,1
13,478.86478669163824,118.49350034994451,346.2908940238728,341.8824861244734,672.6270064453336,56.05225053711113,18520.460464409676,4480.187152811871,5044.702548340002,258.07242177278744,200,100000,10,772250,1
11,441.0387128407993,119.73801162330825,274.13737163964856,268.4676898384599,660.8438519903299,66.084385199033,10426.126413876475,4205.825433480807,4956.328889927474,288.1916771076811,200,100000,10,772250,1
10,252.94509020150824,13.37618341005168,288.064107035909,282.58338254671276,794.366593078342,88.26295478648245,19128.28318192504,1997.4095520866995,5957.749448087565,287.7370388656705,200,100000,12,4474730,1
12,184.96005821027927,16.568925504856445,244.24729184246362,235.05143845837037,836.381406885271,76.03467335320646,13164.018642130808,1511.4673778635179,6272.860551639532,270.903308670806,200,100000,12,4474730,1
11,386.79720267098946,34.45251926436558,271.3896335066112,262.5569115924704,649.9385929369172,64.99385929369171,13588.629498697757,3159.372914515163,4874.539447026879,287.0006809548101,200,100000,12,4474730,1
11,453.12361221026526,49.831425847933446,307.63081900984,304.0811928738552,564.2120483636176,56.42120483636175,17425.33013507945,3772.1627854364906,4231.590362727132,261.6824036032881,200,100000,12,4474730,1
9,488.53914054916845,83.84249464932493,328.49270923525563,328.10113045202263,464.12801821904463,58.01600227738058,16670.467216726145,4292.862263988701,3480.9601366428346,239.41074710756092,200,100000,12,4474730,1
9,364.95452949742054,90.25660251167969,267.78946998203696,261.81344002430416,582.0799605396151,72.75999506745188,11319.589541135912,3414.0834900682516,4365.599704047113,249.77218614085405,200,100000,12,4474730,1
13,281.26518158137395,112.85239296723361,255.64879579725823,249.98869195753014,663.2023983570822,55.26686652975685,9788.819984915493,2955.8818091145567,4974.017987678117,348.14781510450524,200,100000,12,4474730,1
9,451.8466670704034,121.75443024662259,305.2772058760955,301.8885550091243,454.19263191350944,56.77407898918868,12535.983471716914,4302.008229877694,3406.444739351321,272.43358293084157,200,100000,12,4474730,1
8,502.17116420735215,137.1348646214752,285.329310677289,282.5170019409558,436.0960695503495,62.29943850719279,13152.475568001315,4794.7952162162055,3270.7205216276216,229.5653813195992,200,100000,12,4474730,1
12,302.0245840858646,143.67133741059422,315.0171992251633,312.515966739045,576.4920495594829,52.40836814177117,6379.583235355339,3342.719411223441,4323.6903716961215,241.87494082176798,200,100000,12,4474730,1
9,421.01337226668966,146.7101554060179,291.75199826011465,289.85947351605296,434.6009368670176,54.3251171083772,8388.580650296833,4257.926457545306,3259.507026502632,187.72677353837955,200,100000,12,4474730,1
7,483.5128432491867,148.78241441107318,326.8014123635099,325.11548323873967,427.66504275619,71.27750712603167,16012.547695118705,4742.214432451949,3207.487820671425,251.8466218286731,200,100000,12,4474730,1
11,212.9800233295434,62.98864201150246,275.569565881376,267.4095171868858,785.0954773554498,78.50954773554498,15693.42511529631,2069.7649900578435,5888.216080165874,359.7849055052499,200,100000,12,9944578,1
10,454.6122472644412,91.6277346480139,269.19086021398664,268.2108199295392,474.2087405498444,52.68986006109382,13581.942594052944,4096.799864343413,3556.565554123833,356.75959496572693,200,100000,12,9944578,1
12,332.1384799653153,99.68248932791468,311.29449179454434,309.7502275390287,629.7443322527139,57.249484750246715,14297.454428497576,3238.657269699225,4723.082491895354,321.44888164196243,200,100000,12,9944578,1
11,470.30109867230124,103.89035690060813,332.7644973524388,331.9351718964747,484.4600466698671,48.44600466698671,11163.557566473655,4306.4359167968205,3633.4503500240035,352.3545847356246,200,100000,12,9944578,1
10,390.7004018893796,107.88394399518006,323.5846036219908,322.50884380103236,511.8706723854647,56.87451915394052,9522.613157788388,3739.3825941341975,3839.030042890985,242.13911156328209,200,100000,12,9944578,1
10,339.37947463540934,113.71447192884406,245.78490172987009,232.14113276731908,606.3290400858117,67.36989334286797,12724.098549270662,3398.204599231901,4547.467800643588,332.24308445472326,200,100000,12,9944578,1
10,452.46679135397244,120.45372931048021,299.5162949152985,295.01620815083896,507.090685503641,56.343409500404555,15544.538169279167,4296.903904983395,3803.1801412773075,223.54679390244323,200,100000,12,9944578,1
8,476.18155615325367,128.68927209700703,325.22939067046264,322.893184734563,451.672400288207,64.52462861260099,12875.560204278456,4536.531211876955,3387.543002161552,300.57977961070475,200,100000,12,9944578,1
9,433.9913278810656,130.06917572243697,281.16086250314027,275.3739204055052,469.9785410468319,58.747317630853985,12008.88419082398,4230.45377702627,3524.839057851239,257.646071842729,200,100000,12,9944578,1
11,327.20171506706515,138.87659158113922,305.1541459827988,301.7131862462652,606.7581462648643,60.67581462648643,14564.946151866792,3495.5872998615328,4550.686096986482,266.30117964825166,200,100000,12,9944578,1
13,257.9042776808459,143.25983260964702,296.60186622159586,292.24247743808655,614.8721606654224,51.23934672211853,10303.641031902322,3008.7308271786965,4611.541204990668,386.3978798712756,200,100000,12,9944578,1
10,458.88972573448643,144.43333322353163,326.4510878260747,325.53377056366816,450.8244548295839,50.09160609217599,9269.197690827152,4524.922942185135,3381.183411221879,242.86549236373602,200,100000,12,9944578,1
15,364.53460545732975,22.645572025246103,258.2890013029347,252.7623840708889,622.398387866732,44.457027704766574,10722.295431191893,2903.8513311193187,4667.987909000491,428.33867735039684,200,100000,12,9925823,1
9,428.4795411220073,34.122201269643035,298.6530720397097,295.8976597992088,508.26837892500487,63.53354736562561,15157.68829307548,3469.5130679373774,3812.0128419375365,214.53973887365157,200,100000,12,9925823,1
8,486.2760496067742,99.10274163246902,342.64469619963916,339.4998284348657,478.6181201037825,68.37401715768321,18524.118201773712,4390.340934294324,3589.6359007783685,183.04046892148384,200,100000,12,9925823,1
10,269.19872014243987,114.4237847423873,292.2967054805142,278.8730231816318,682.9394241253287,75.88215823614763,17532.55991313401,2877.1687866362035,5122.045680939966,312.1360474161469,200,100000,12,9925823,1
10,455.171348888742,116.33985615200693,323.4865700018321,321.23576230918906,466.42285177458064,51.82476130828674,12632.84397956467,4286.334037805616,3498.171388309355,293.1376839342573,200,100000,12,9925823,1
7,321.16987236295927,121.4209017180872,283.4744210997577,258.54387093501055,614.5909771737901,102.43182952896501,18914.724013270396,3319.4308056078485,4609.432328803426,162.50436169827518,200,100000,12,9925823,1
9,473.4034854435976,119.92619977746641,317.6819256823775,315.4791356975074,488.00828114080593,61.00103514260074,10979.98873467704,4449.97263915798,3660.0621085560447,202.1615677579643,200,100000,12,9925823,1
13,351.0058812610844,122.24898152814023,290.5942160456359,283.9319410350413,535.3917145445924,44.61597621204937,8598.63220888577,3549.411470919185,4015.4378590844435,439.43662031823754,200,100000,12,9925823,1
11,456.68719676366646,135.05402000642755,334.57236798034535,333.05293947400185,444.8587963140832,44.48587963140832,11963.501978359169,4438.059125775706,3336.4409723556237,353.75816063506977,200,100000,12,9925823,1
6,493.6888458433248,155.49351903369484,385.27333698603206,382.73294705327476,433.31442146710845,86.66288429342168,18094.479826916962,4868.8677365776475,3249.8581610033134,182.38729981041263,200,100000,12,9925823,1
11,376.7124251353017,156.67658528882106,311.7066841893193,305.7969890237576,530.3383253772831,53.033832537728316,14274.434118250105,4000.4175781809204,3977.5374403296237,300.4138260433579,200,100000,12,9925823,1
8,407.50792039763195,163.36328999018292,345.84554955812,343.9223302957451,434.5292841121255,62.07561201601793,12394.41673591275,4281.534077908612,3258.969630840941,178.10201322238538,200,100000,12,9925823,1
7,338.3341603583686,65.16032184258326,287.46787139213126,283.74275116079565,624.2434121042115,104.04056868403525,14708.212346475617,3026.2086165071387,4681.8255907815865,190.18374684925158,200,100000,12,3820097,1
10,414.0265482354822,69.52358345650738,334.53179101771013,329.2301057836384,590.0515511556594,65.56128346173993,19709.60680436012,3626.6259876899217,4425.3866336674455,181.22674641877487,200,100000,12,3820097,1
9,391.5573710325949,67.78415834045411,256.136620831375,252.75678444964723,511.7452096958266,63.96815121197832,10795.985223349637,3445.061470297868,3838.0890727186993,275.17236682548076,200,100000,12,3820097,1
7,373.5689643139188,74.55049754121872,286.1675589442846,280.68116480556347,608.0523822716373,101.34206371193955,16557.57591908426,3360.8959639135314,4560.39286703728,241.6058272381683,200,100000,12,3820097,1
10,473.1301885672439,72.40371882462325,330.98002275115937,328.49417835961395,486.92249812844426,54.102499792049365,15916.382767784973,4091.5043054390035,3651.918735963332,302.93806083840764,200,100000,12,3820097,1
11,204.06066577759594,80.7396638769323,273.49833957425614,271.9945655909328,694.8985334504488,69.48985334504488,10702.328812000886,2136.0024724089617,5211.739000878366,372.52104444228297,200,100000,12,3820097,1
11,367.49741118512765,80.38001333038373,315.37750592924874,306.97942394514655,560.2107657377483,56.02107657377483,15953.2905846913,3359.0806838663357,4201.5807430331115,263.3315964295816,200,100000,12,3820097,1
13,434.2632417897306,95.87465261324793,272.2651225174158,268.63227277356685,509.1272969124316,42.42727474270263,14005.818575254765,3976.034208022339,3818.454726843237,394.9187914905837,200,100000,12,3820097,1
10,290.05504205439894,101.20365172999608,286.72360915620663,271.6147226455615,621.9338429730981,69.10376033034423,15778.54824026837,2934.4402033829624,4664.503822298236,270.9799959421323,200,100000,12,3820097,1
8,417.7807041771412,123.85544019252245,305.06816287000663,298.2973552658602,501.49056375879877,71.64150910839983,12786.62203164598,4062.2710827724777,3761.1792281909907,201.8655291995402,200,100000,12,3820097,1
9,236.8446898187968,131.43486870032095,308.51815707066214,303.20926183687004,524.0215213524027,65.50269016905034,11922.996410164296,2762.096688893383,3930.1614101430205,297.8783584665309,200,100000,12,3820097,1
6,511.7116059566172,147.2535808609566,353.43042328134237,350.1697489507273,421.3574673185229,84.27149346370457,17987.653353343052,4942.238901131804,3160.1810048889215,185.02487755699715,200,100000,12,3820097,1
9,362.08376682150805,31.84649852484742,305.08922428138044,298.75956054872273,654.7808505098665,81.84760631373331,19116.830099947445,2954.4769900976657,4910.856378823999,288.70580912354444,200,100000,12,9535879,1
8,427.7566693896289,36.142679920413656,310.65230230231595,302.3891739350846,586.1692373445802,83.73846247779717,23385.461732800184,3479.2451198253193,4396.2692800843515,311.82761871123523,200,100000,12,9535879,1
14,394.12950075654675,60.75449955836715,275.73843762114865,270.45568702792696,570.6169698425194,43.89361306480919,9608.955407388761,3411.630002361854,4279.627273818895,414.41381126911506,200,100000,12,9535879,1
10,410.34149197230596,68.08890671666794,290.4679851963522,288.9972594424551,560.7519612293311,62.305773469925676,14195.352802042387,3588.2279901673046,4205.639709219983,268.8082121184086,200,100000,12,9535879,1
10,434.003933671434,72.40143823891783,297.2809997414663,272.6796308677308,566.4056807172533,62.933964524139256,26733.989326828847,3798.0402893276387,4248.0426053794,232.21718248257258,200,100000,12,9535879,1
11,447.3565924388666,93.00298659927914,309.27126967392775,303.2836017315531,531.0162641392787,53.101626413927875,13790.681300450571,4052.696842786093,3982.6219810445905,272.4403816043373,200,100000,12,9535879,1
9,312.77928427213425,110.68262986153414,309.0413531462761,302.73171059282026,610.0553959382946,76.25692449228683,17334.758665310947,3175.9643560025133,4575.41546953721,219.6016255043027,200,100000,12,9535879,1
11,363.02842656823793,112.6983322847228,314.59406705923266,310.1968308796545,529.0801010226315,52.908010102263155,11617.080641092609,3567.9506913972054,3968.1007576697366,336.0143558135778,200,100000,12,9535879,1
10,421.62212227797266,133.70431831584054,331.137711988359,327.2908156567043,463.06125809358224,51.45125089928692,10158.307575569774,4164.948304453599,3472.959435701867,313.0620907875235,200,100000,12,9535879,1
7,439.38709150520003,139.87418438156558,274.7599417388379,268.3385501543584,467.40292565883067,77.90048760980511,14500.062250352083,4344.459569150742,3505.52194244123,172.31111589341168,200,100000,12,9535879,1
9,357.46490848809924,144.21180827286344,326.0057825263928,317.41863750121576,559.6015851114887,69.95019813893609,14692.668404236922,3762.5753757072202,4197.011888336166,235.88790887007707,200,100000,12,9535879,1
12,289.70918105451733,146.1046348632505,262.8585335930455,252.26521491707706,627.5297033160614,57.04815484691467,10214.173072264888,3268.603619383259,4706.472774870461,356.72083716203724,200,100000,12,9535879,1
9,445.60563193058744,73.42751706538117,292.5671076030333,291.1148153648152,511.68882609268724,63.961103261585905,12244.527261407064,3892.7486174697647,3837.6661956951543,277.0906452261302,200,100000,12,8271480,1
10,432.9335054100651,78.18233191857247,284.9993830526342,269.4708549045464,527.0857126327058,58.56507918141176,17735.703897715255,3833.3687799647814,3953.142844745294,305.53759962195113,200,100000,12,8271480,1
11,287.770430898419,87.59077363878522,284.4644482482158,282.1737339057753,637.4907790701689,63.74907790701688,11498.210200176376,2815.2090340290315,4781.180843026266,380.9919522579352,200,100000,12,8271480,1
15,332.1121262909089,87.96075869440472,307.3668482228584,300.97452922805684,619.6890965016204,44.263506892972885,12810.457303915677,3150.546637389852,4647.668223762153,353.6205151949968,200,100000,12,8271480,1
9,275.2590978437891,100.4069232280678,278.5968783137098,273.00065458378003,658.1303685417885,82.26629606772356,11836.28250875544,2817.495158038927,4935.977764063414,240.47753095224618,200,100000,12,8271480,1
11,365.8104856358231,101.96101676663248,340.13188824123944,335.71462226886644,586.5307177774034,58.653071777740344,12394.948667017505,3508.286268018417,4398.980383330526,326.68111901534286,200,100000,12,8271480,1
10,391.3116656779408,117.5272887878177,323.0255627328411,319.8198062839708,556.6661513790898,61.851794597676644,16827.367245835136,3816.292158493189,4174.996135343174,298.5652446707276,200,100000,12,8271480,1
11,382.8173930377384,131.68680594927534,271.03591469413556,265.6009030043473,547.525469986629,54.7525469986629,9568.307370199545,3858.7814924026034,4106.441024899717,299.34572880215813,200,100000,12,8271480,1
9,462.8671564256898,131.07130483516045,356.6263387446536,355.8112644206162,464.1911108102787,58.02388885128484,11382.94796911697,4454.5384594563775,3481.4333310770903,206.3591638938255,200,100000,12,8271480,1
11,367.10119729205854,139.81799746300186,337.1914136143781,332.39993906919455,555.5562938334356,55.55562938334356,12561.01334234109,3801.893960662953,4166.672203750767,291.8059119303314,200,100000,12,8271480,1
8,487.3885488647058,161.5250551059624,349.74755805613637,348.83864474940236,378.78124345567187,54.11160620795312,11960.217112932005,4866.852029780011,2840.859325917539,199.12131190949827,200,100000,12,8271480,1
13,313.84833427328414,168.08206464981726,317.7654758998338,312.69925897189205,550.7012679566075,45.89177232971729,8542.849452112758,3614.4779919232606,4130.259509674556,364.07552549416283,200,100000,12,8271480,1
9,404.1063796603225,91.26927730293039,362.4118677985216,360.6436043612075,585.7586447791315,73.21983059739144,18695.31503582457,3715.3174272243964,4393.189835843486,191.66947949733554,200,100000,12,6394530,1
11,395.68283801870535,90.41342549758544,256.1980627001789,249.76753983962928,536.6074097934512,53.66074097934512,11798.238623377605,3645.721976372181,4024.555573450884,307.54848588692164,200,100000,12,6394530,1
10,430.3148914788188,94.30083071389777,321.7510772989855,319.0006491111543,534.0569312204403,59.33965902449337,13680.39311855415,3934.6179164453742,4005.4269841533023,277.30153871222365,200,100000,12,6394530,1
12,272.28712341879316,95.03296978015688,267.5464665293744,262.2884806876283,653.2413103003008,59.38557366366371,9940.529344031678,2754.900698992125,4899.309827252257,337.1726321041578,200,100000,12,6394530,1
11,223.92871589321925,102.63870813491383,211.991746733719,171.69296738562664,664.0720045606894,66.40720045606894,18391.177083871924,2449.255680210998,4980.540034205171,298.73913846350064,200,100000,12,6394530,1
8,476.50710768034827,103.47984128501655,314.6884381511289,311.8061992837913,478.66266457891254,68.38038065413036,15682.364783003573,4349.902117240236,3589.969984341844,277.9430838216515,200,100000,12,6394530,1
7,470.4101662388275,116.08436972391779,319.3411479566662,312.1884662681614,473.29285689285393,78.88214281547566,17611.227440809365,4398.70901972059,3549.6964266964046,202.91784851614648,200,100000,12,6394530,1
9,437.08566047621133,116.42997160506894,274.0239528003389,270.3234978701267,460.98005017434366,57.62250627179296,11804.482698054428,4151.367240609602,3457.3503763075773,283.5747661015271,200,100000,12,6394530,1
5,445.5157327641558,118.10680802300975,313.31579861452894,306.59082256148497,403.68293405956683,100.92073351489171,20012.263602509578,4227.1690559037415,3027.6220054467512,159.78219360205804,200,100000,12,6394530,1
11,379.0961083245848,120.34154853412619,314.9168388601878,311.09040504019623,558.6680732788086,55.86680732788086,13447.803411267225,3745.782426440332,4190.010549591065,312.07396935371696,200,100000,12,6394530,1
15,398.4869404391069,130.2517727037665,287.1767770102734,280.8829734108119,514.9742319247799,36.78387370891285,11075.106530419831,3965.5403485715506,3862.3067394358495,459.0766686796395,200,100000,12,6394530,1
10,378.31136217189646,136.06931539103718,313.1421641385374,309.35799051624304,533.974787721342,59.33053196903799,13167.891918894913,3857.8550817220025,4004.8109079100645,313.40771624930983,200,100000,12,6394530,1
7,515.5721690761064,82.01049772230365,309.0583112734641,308.00576125823096,484.7007732797599,80.78346221329332,18289.65733262129,4481.870000988076,3635.2557995981992,164.39879618192884,200,100000,12,8372552,1
8,462.6029218234887,89.81829001152921,274.51651932629943,271.112077587002,529.6918979476063,75.67027113537233,11092.48446554497,4143.159088762634,3972.689234607047,212.1908813906038,200,100000,12,8372552,1
7,462.1193596454075,93.44020521751663,266.9351241834894,263.70190986971926,502.71422224565777,83.78570370760963,17872.469258981862,4166.696736471931,3770.3566668424332,247.84236720587245,200,100000,12,8372552,1
7,373.789696783063,95.57982979947124,226.49415750006423,222.1182931231885,517.8642014747452,86.31070024579087,9779.949849704524,3520.271449369007,3883.9815110605887,227.28052448832213,200,100000,12,8372552,1
12,349.0805452588691,98.88752376977507,325.4772024422339,320.9022119427631,576.6602502747335,52.42365911588486,11506.743276857918,3359.7605177148316,4324.951877060501,425.15326068413026,200,100000,12,8372552,1
8,459.29802237936036,110.88324441178372,349.64458274187285,347.3286717429705,445.9166897434265,63.70238424906093,16524.15592488379,4276.35950093358,3344.375173075699,276.58340808242417,200,100000,12,8372552,1
12,326.8266209747652,120.47438388925033,291.58830944393065,286.4696444911213,560.3065642990542,50.93696039082311,11702.924828388985,3354.757536480117,4202.299232242906,409.7083793776654,200,100000,12,8372552,1
9,422.95135624095184,126.69893922712093,300.966720489203,290.6051956992412,523.9473239668181,65.49341549585226,15452.914962014429,4122.377216010545,3929.604929751136,256.1441386739963,200,100000,12,8372552,1
9,457.09983901765094,130.46757328207897,347.10225843701454,345.6841763427514,446.20101018782674,55.77512627347834,13484.592092670995,4406.755592247974,3346.5075764087005,214.20358369620072,200,100000,12,8372552,1
9,443.5858056638,131.7353038112792,294.50962606461644,290.7351118878724,430.6405197189205,53.83006496486506,11522.294180319244,4314.908321063094,3229.8038978919035,236.21730905971557,200,100000,12,8372552,1
8,462.2125245643487,141.90558691320103,333.9674634674732,331.6680748301362,450.43230223223077,64.34747174746154,12997.157425278285,4530.885836081623,3378.242266741731,307.5480001252092,200,100000,12,8372552,1
7,469.36282288018697,145.5511795832628,300.90713922945133,299.4402097071926,447.4798351213517,74.57997252022528,11074.394085195952,4611.855018475873,3356.0987634101375,222.19467646958617,200,100000,12,8372552,1
7,455.8195171211205,53.5050713715871,299.82244747474937,289.3731476677746,565.8738861357485,94.3123143559581,21499.891337029843,3819.9344136953073,4244.054146018114,154.95139111473125,200,100000,12,7662622,1
8,329.59099496696103,63.96320652600642,320.1254123101195,317.31656975428103,656.1966941020025,93.74238487171465,18398.470841969298,2951.656511197256,4921.475205765019,214.2221802117938,200,100000,12,7662622,1
11,285.04942134213195,70.1111409364442,215.7940659881679,162.8528983357413,691.7627206048124,69.17627206048124,23479.908085962146,2663.704217089321,5188.220404536093,335.496337936182,200,100000,12,7662622,1
8,320.2203235328674,71.09015932647836,316.5786739053153,310.78156282038236,671.2336333612525,95.8905190516075,19784.954380650834,2934.8286214450927,5034.252250209393,230.1024046480756,200,100000,12,7662622,1
10,476.5011546325384,72.4394675867095,322.39169854445146,321.80298389469954,502.2278133213856,55.80309036904285,13405.96329259068,4117.054666644359,3766.708599910392,263.39558432901765,200,100000,12,7662622,1
12,430.3060857453092,76.59144067993059,292.75927449398324,291.132146004863,552.9365181344517,50.266956194041065,10894.679757280872,3801.7314481892986,4147.023886008388,379.0918452596843,200,100000,12,7662622,1
9,407.9979170332743,76.70019772757253,339.8954504390455,336.60659608889165,523.8065689866054,65.47582112332567,16531.93528830893,3635.235860706351,3928.5492673995404,250.6913682700239,200,100000,12,7662622,1
10,424.8379395035378,122.92409489451998,292.20589902858137,281.5837857837531,515.1826585946419,57.24251762162688,14595.120860170131,4108.215257985434,3863.8699394598143,281.455018360018,200,100000,12,7662622,1
10,471.36085011268796,128.83809786824278,322.2587042149854,321.14908028509154,435.1936932256397,48.354854802848855,12344.810844323034,4501.49210985698,3263.952699192298,294.0593356731557,200,100000,12,7662622,1
10,296.5075479388829,156.4014528286889,319.76124608730504,312.94767060980564,551.0782004173104,61.230911157478936,8940.944468547761,3396.8175057567887,4133.086503129828,318.483936547577,200,100000,12,7662622,1
7,486.76021666619545,165.37991144723603,352.38455005644664,351.1939821630103,412.86590693666227,68.81098448944371,15514.191076346893,4891.050960850736,3096.494302024967,157.31736818921408,200,100000,12,7662622,1
11,396.08791794501985,174.8193659652143,362.72456408497305,359.3719304867323,497.97512779008935,49.79751277900893,8897.918532725585,4281.804629326756,3734.81345842567,292.82482610600937,200,100000,12,7662622,1
9,415.3408191812288,31.236929353779228,250.83631046760442,246.61377348709235,614.0478624246323,76.75598280307904,16739.7240787144,3349.33311401256,4605.3589681847425,265.04166442877613,200,100000,12,9758090,1
8,369.1691827005338,58.368110302507105,313.45931502105475,307.8162028530811,636.932660032839,90.99038000469127,19314.090895619993,3206.5296975228066,4776.994950246292,261.92193973013843,200,100000,12,9758090,1
11,337.39777183461723,66.39668352196671,305.7307599536727,301.6136693058059,622.6065501260721,62.26065501260721,15941.886785557086,3028.4584151743798,4669.54912594554,263.1581925211041,200,100000,12,9758090,1
8,441.8129412468333,78.53264480063629,336.56843682350916,335.65256649358776,520.641267348208,74.37732390688686,20460.06070610233,3902.591895356022,3904.8095051115597,278.6637437330551,200,100000,12,9758090,1
8,468.98602778023576,96.67261061103696,310.89899933864893,308.76073900264936,522.2797689429026,74.6113955632718,15348.22052089502,4242.439787934545,3917.0982670717694,110.85311369827579,200,100000,12,9758090,1
15,203.15345061204607,93.85363944308334,264.84370736867373,251.86326302580335,707.929459534909,50.56638996677922,12458.168528313527,2227.553175413471,5309.470946511818,378.07326192944197,200,100000,12,9758090,1
13,292.4609281391682,100.51520842346778,262.9905206683671,255.25153314436216,613.6833746941397,51.14028122451165,8899.898702385897,2947.3210242197692,4602.625310206048,290.35114761143296,200,100000,12,9758090,1
11,426.0035547594194,117.44278308200734,277.52155194916526,271.78971034748423,526.3288450067411,52.63288450067411,13671.91109234863,4075.8475338107005,3947.466337550558,301.48534893560077,200,100000,12,9758090,1
8,457.49150457582107,132.82393647143743,332.26208277974075,329.58320830119544,491.1104214445592,70.15863163493704,12909.519680248006,4427.365807854439,3683.328160834194,219.4069448843289,200,100000,12,9758090,1
9,459.3804040478042,135.06258988427822,323.9611797664508,322.20480998128653,442.60368677236573,55.32546084654572,9575.547800345703,4458.322454490618,3319.527650792743,317.3782084122074,200,100000,12,9758090,1
7,476.0134036085867,145.1777361591754,318.02386403278524,312.4935901171631,451.07821324343894,75.17970220723983,19843.267561672234,4658.933548258216,3383.086599325792,97.94149240126947,200,100000,12,9758090,1
9,331.94068491702774,150.00470593410805,299.9944231769916,296.0072071439423,478.96161439593516,59.870201799491895,9441.09972910726,3614.5904313835185,3592.2121079695135,244.81459437568475,200,100000,12,9758090,1
13,355.72331302307083,42.07030744660153,287.8929715922879,285.31750149164685,664.8196573266862,55.40163811055718,13303.32746264843,2983.4521535225426,4986.147429950146,285.63530756918357,200,100000,12,3862201,1
7,288.3846122558264,49.535964741009046,225.33233605009394,222.1446029108718,474.7610901313068,79.1268483552178,7478.784107645496,2534.4043274762657,3560.708175984801,253.33351077363054,200,100000,12,3862201,1
12,366.8923382851667,65.31229115882662,274.1990154376519,272.30739120795334,625.7488371767448,56.88625792515862,20244.430414332503,3241.53472082995,4693.116278825586,287.62218717843984,200,100000,12,3862201,1
8,343.66138033486845,69.00641644095028,256.7628643148137,255.72372894835917,409.0539236143077,58.436274802043954,10508.977149587841,3095.0084758186404,3067.9044271073076,282.3968123186013,200,100000,12,3862201,1
10,412.03393137570674,76.03843549933902,283.9008399728639,282.26124457905786,501.82432927518425,55.75825880835381,10616.943628223147,3660.542751562843,3763.682469563882,178.4507298195131,200,100000,12,3862201,1
12,332.7434165408827,81.95852229705987,331.9437166863831,329.9919721701274,659.1192547952263,59.91993225411148,12447.048309587233,3110.2645412845695,4943.394410964197,261.9270410716848,200,100000,12,3862201,1
10,352.62316092597246,88.2592430179032,234.05051260137407,225.33368167990938,507.8113881874102,56.42348757637891,11566.814311256036,3306.6180295790673,3808.5854114055765,279.7890354730507,200,100000,12,3862201,1
10,264.5744704005642,89.2355287037928,246.32731678692994,233.12868229622237,683.3335307869428,75.92594786521586,10651.172883434803,2653.5749932826775,5125.001480902071,264.92945576353105,200,100000,12,3862201,1
11,315.96682651387147,87.65291201776783,265.0057109314361,261.71255397778333,598.0280229565097,59.80280229565098,14253.949186393986,3027.148038987295,4485.210172173823,396.4236086656321,200,100000,12,3862201,1
9,428.84949855536627,103.6565094651896,284.43181932754936,277.27930333277567,499.125281496167,62.39066018702088,12221.22999357888,3993.7950601541693,3743.4396112212526,201.5231136676216,200,100000,12,3862201,1
11,415.1109085427596,109.74119127199975,351.47352336031867,350.40355312155975,480.17772326874444,48.01777232687444,12276.46675213094,3936.3907486106955,3601.3329245155833,316.41836489139064,200,100000,12,3862201,1
10,430.5266301547861,109.46039695556914,292.0332126519211,290.8718921957594,487.58597172403717,54.176219080448575,9196.670936305036,4049.9027033276643,3656.8947879302787,279.4972681183337,200,100000,12,3862201,1
14,270.8355447235642,42.54966498954131,245.07731133714475,238.328161473175,699.3320494433299,53.7947730341023,11337.883713805235,2350.3890728482916,5244.990370824974,396.1617960632824,200,100000,12,772250,1
9,474.90272738899256,42.051965489284086,282.8292940464253,281.2490386307381,550.0687586535848,68.7585948316981,21294.839734823778,3877.160196587075,4125.515689901887,267.39889755040593,200,100000,12,772250,1
8,445.6037807562958,48.713861633534336,287.731081282677,281.24017209236064,574.743784029715,82.10625486138785,18303.77987369104,3707.382317923726,4310.5783802228625,223.6494970143878,200,100000,12,772250,1
9,462.05477331417285,48.33532013264713,289.07387371151276,287.18808035122925,544.953191405566,68.11914892569575,16949.22339857991,3827.9257008511495,4087.1489355417452,276.6175534306877,200,100000,12,772250,1
9,452.8794459366655,71.22863033799229,278.1871702368627,274.7452154912461,482.00698256144506,60.25087282018063,14918.609712598603,3930.8105720599337,3615.052369210838,274.1177615783065,200,100000,12,772250,1
13,269.98920410632314,79.1804484925966,284.8318631750269,282.7082883818889,703.37933480461,58.614944567050834,13228.705678068214,2618.772394491898,5275.345011034576,379.63967515386224,200,100000,12,772250,1
13,271.72999921366124,79.39018904808431,275.3646168900699,269.22948300945717,629.4688578604146,52.455738155034545,8992.555032539083,2633.401411963092,4721.016433953109,381.7607566006049,200,100000,12,772250,1
11,428.3338052230724,112.25548798912229,301.6185942943538,299.2365102052867,499.1498838073037,49.91498838073037,12724.028978305048,4054.4196990914597,3743.6241285547776,353.9734843792113,200,100000,12,772250,1
10,480.0978982235858,118.49350034994451,302.5363937463095,297.7895261375668,477.22698130075304,53.02522014452811,14653.890818960504,4489.435489301478,3579.2023597556476,168.69515906653103,200,100000,12,772250,1
7,441.0387128407993,119.73801162330825,272.6806102997251,270.8993410404832,450.09570333862433,75.01595055643739,11936.337894187109,4205.825433480807,3375.7177750396827,167.65985134891025,200,100000,12,772250,1
10,300.2643554114151,123.55603667315293,316.47482369699014,311.807203214487,533.8397719373353,59.31553021525948,9572.131367490816,3178.6529406342606,4003.7982895300147,284.85367649268755,200,100000,12,772250,1
10,471.4979553488864,132.1221542261498,326.4413350055937,324.7464646736406,435.7126046301971,48.41251162557746,11036.799507422955,4527.150821812771,3267.8445347264783,255.59021620414168,200,100000,12,772250,1
