layout,M,Emax,K,seed,coord,replan,divert,q,belief,tau,planner,L,Th,J,n_diverts,J_age,J_event,n_replans,n_never,share_never,n_reach_inf,K_reach_i,K_commute_i,r_max,r_c,rmax_over_rc,regime_bnd,P_bar,dup_frac,trunc_frac,empty_frac,T_s_over_t_c,mean_n,catch_rate,T_rev,n_sorties,secs
paper,200,1500000.0,2,15,exclude,launch,0,0.0,prior,0.0,asghar_full,12600.0,43200,10743752.517023142,0,7065355.340299176,3678397.176723966,0,0,0.0,0,4.9737073242025795,5.210860750740839,7708.957334908408,3767.0395575956036,2.046423250152653,2.037747377387844,323.0758857826045,0.0,0.0,0.0,3.176629340933517,13.333333333333334,0.20586666666666667,11755.700748596046,42,18.599432706832886
paper,200,3000000.0,4,13,exclude,launch,0,0.0,prior,0.0,asghar_full,12600.0,43200,8263498.880148478,0,4903911.794757501,3359587.085390976,0,0,0.0,0,9.293672332828969,11.020004548596948,8274.674043622275,3584.251824024527,2.308619608744782,2.0253948357040046,315.4303707265327,0.0,0.0,0.0,2.8875721110880765,11.652173913043478,0.3745819397993311,6107.683272162337,92,20.48695731163025
paper,200,1500000.0,2,13,exclude,launch,0,0.0,prior,0.0,asghar_full,12600.0,43200,12009636.18469332,0,8100609.534009159,3909026.65068416,0,0,0.0,0,4.646836166414484,4.886207652898238,8274.674043622275,4013.096499710755,2.0619175353043904,2.0398980779939038,324.4164037846248,0.0,0.0,0.0,2.992843504938992,12.73913043478261,0.22026431718061673,11494.411834122222,46,20.74066400527954
paper,200,1500000.0,2,14,exclude,launch,0,0.0,prior,0.0,asghar_full,12600.0,43200,12641848.294917285,0,8530176.900840662,4111671.3940766226,0,0,0.0,0,4.629302721230921,6.745943606396312,8307.276799279487,2911.458315584584,2.8533043921020353,2.0366045442393133,322.3646943412784,0.0,0.0,0.0,2.8902898923592613,13.787234042553191,0.22840172786177107,10263.755506190177,47,20.79763889312744
paper,200,1500000.0,8,15,exclude,launch,0,0.0,prior,0.0,asghar_full,12600.0,43200,15481180.385472842,0,12134939.638098609,3346240.747374234,0,68,0.7189718473458063,68,4.9737073242025795,5.163745636334514,7708.957334908408,3742.2090340150567,2.0600017970234505,2.069984566755571,343.46009192853234,0.0,0.0,0.0,0.8591383067002523,1.538338658146965,0.3272434175174637,6771.420729236372,626,23.263607025146484
paper,200,1500000.0,3,14,exclude,launch,0,0.0,prior,0.0,asghar_full,12600.0,43200,14362780.921214044,0,10021000.7281513,4341780.193062742,0,0,0.0,0,4.629302721230921,6.477086327046036,8307.276799279487,3048.9634530610447,2.7246232784257525,2.0254805972097376,315.4831365760921,0.0,0.0,0.0,2.0476681071355385,7.545454545454546,0.22844590884129598,8814.181670568825,99,25.125553131103516
paper,200,3000000.0,5,13,exclude,launch,0,0.0,prior,0.0,asghar_full,12600.0,43200,5157259.324514844,0,2743678.4920083256,2413580.8325065193,0,0,0.0,0,9.293672332828969,10.460664000264158,8274.674043622275,3779.985640014138,2.1890755234698,2.0232082365514876,314.08652860404146,0.0,0.0,0.0,2.4996355591587256,10.270676691729323,0.47447280799112096,4883.972091546317,133,25.240143537521362
paper,200,1500000.0,3,15,exclude,launch,0,0.0,prior,0.0,asghar_full,12600.0,43200,12410427.327613518,0,8563716.734772176,3846710.5928413435,0,0,0.0,0,4.9737073242025795,4.517872028589056,7708.957334908408,4360.542795523951,1.7678893881792805,2.0304182722306,318.52854472400855,0.0,0.0,0.0,2.246700736211072,7.010989010989011,0.2341101694915254,10461.147170047076,91,27.007790327072144
paper,200,3000000.0,6,13,exclude,launch,0,0.0,prior,0.0,asghar_full,12600.0,43200,3529483.8911584225,0,2019366.1966032854,1510117.6945551368,0,0,0.0,0,9.293672332828969,10.397641922167647,8274.674043622275,3802.7662176798085,2.175961805159541,2.023277737268758,314.1291982769606,0.0,0.0,0.0,1.8598753740921699,8.408256880733944,0.5770509977827051,3612.8373821025407,218,29.68073010444641
paper,200,1500000.0,3,13,exclude,launch,0,0.0,prior,0.0,asghar_full,12600.0,43200,12739200.013405873,0,8890525.8315948,3848674.181811073,0,0,0.0,0,4.646836166414484,5.580264617675615,8274.674043622275,3530.8034171777736,2.3435669070005467,2.0301665100386743,318.3729115215786,0.0,0.0,0.0,1.8414241077614537,6.26605504587156,0.22178988326848248,9635.105995732496,109,30.203425407409668
paper,200,1500000.0,4,14,exclude,launch,0,0.0,prior,0.0,asghar_full,12600.0,43200,11581095.13464398,0,7662138.085608073,3918957.0490359063,0,0,0.0,0,4.629302721230921,5.641873616003722,8307.276799279487,3485.8715616625586,2.3831276202607414,2.033879676899197,320.67215589155643,0.0,0.0,0.0,1.4317396980486663,4.877005347593583,0.2856362643364282,7218.430801968702,187,31.326801300048828
paper,200,1500000.0,4,15,exclude,launch,0,0.0,prior,0.0,asghar_full,12600.0,43200,9165113.211004807,0,5620552.361457789,3544560.8495470174,0,0,0.0,0,4.9737073242025795,4.2656848921420165,7708.957334908408,4581.504013669196,1.6826259044864447,2.046742224373256,328.7007852857616,0.0,0.0,0.0,1.5438894591510652,4.632183908045977,0.2810492505353319,8112.7487654808,174,31.589241981506348
paper,200,1500000.0,4,13,exclude,launch,0,0.0,prior,0.0,asghar_full,12600.0,43200,10872510.207473567,0,7041397.738791007,3831112.46868256,0,0,0.0,0,4.646836166414484,4.431144560257129,8274.674043622275,4426.069960498329,1.8695307840752327,2.0395098093897386,324.17419314524716,0.0,0.0,0.0,1.5838164192864188,4.34319526627219,0.25236242356864924,8995.240902282074,169,31.897655487060547
paper,200,1500000.0,7,13,exclude,launch,0,0.0,prior,0.0,asghar_full,12600.0,43200,11396720.063416453,0,8523329.588355288,2873390.4750611642,0,39,0.5811576837542622,39,4.646836166414484,4.751513718013865,8274.674043622275,4090.235952678631,2.023030978983822,2.058162410213348,335.91230591655636,0.0,0.0,0.0,1.0114608176383513,2.1032258064516127,0.36788732394366197,6713.867887226751,465,32.11238980293274
paper,200,1500000.0,7,14,exclude,launch,0,0.0,prior,0.0,asghar_full,12600.0,43200,11136271.005469853,0,8275127.661908049,2861143.343561804,0,33,0.5793654971230906,33,4.629302721230921,5.193250111286967,8307.276799279487,3761.4807096347063,2.20851240257623,2.0476791740655402,329.28949553119566,0.0,0.0,0.0,0.9824309870302813,2.5418410041841004,0.41790225151015925,5387.981691950111,478,35.50581622123718
paper,200,1500000.0,6,13,exclude,launch,0,0.0,prior,0.0,asghar_full,12600.0,43200,9712445.631607268,0,6610275.049664914,3102170.581942355,0,20,0.3619538064386696,20,4.646836166414484,4.534812999909243,8274.674043622275,4290.52932234424,1.9285904889472227,2.0558419987167795,334.44069787627325,0.0,0.0,0.0,1.133927787908934,2.615168539325843,0.34134078212290503,7071.404531451649,356,38.55156588554382
paper,200,1500000.0,7,15,exclude,launch,0,0.0,prior,0.0,asghar_full,12600.0,43200,9928059.983057372,0,7081988.662667712,2846071.3203896596,0,30,0.46246466634035105,30,4.9737073242025795,4.631118511893805,7708.957334908408,4182.133513401019,1.843307323930767,2.06526698729174,340.4381262640863,0.0,0.0,0.0,1.0144645677997328,2.0258620689655173,0.34989316239316237,6984.214352523076,464,39.638087034225464
paper,200,1500000.0,5,15,exclude,launch,0,0.0,prior,0.0,asghar_full,12600.0,43200,7722077.571878411,0,4494572.9630992785,3227504.6087791314,0,2,0.034980065204406885,2,4.9737073242025795,4.101949370197098,7708.957334908408,4746.3965641973655,1.6241705113849927,2.054497772560854,333.58966570074085,0.0,0.0,0.0,1.3653504759965187,3.5040983606557377,0.3158458244111349,7611.580051577038,244,41.1657133102417
paper,200,1500000.0,6,15,exclude,launch,0,0.0,prior,0.0,asghar_full,12600.0,43200,7472716.854958405,0,4859022.836262531,2613694.0186958737,0,13,0.2468066563697161,13,4.9737073242025795,4.400822717031331,7708.957334908408,4414.004719663109,1.7464769125794635,2.059175319776765,336.5557074072637,0.0,0.0,0.0,1.158567220142312,2.8850574712643677,0.3726440495422725,6525.885335082472,348,41.37239170074463
paper,200,1500000.0,5,14,exclude,launch,0,0.0,prior,0.0,asghar_full,12600.0,43200,9189941.329976466,0,5320560.857494167,3869380.472482299,0,1,0.02541386264631808,1,4.629302721230921,4.9378384470301535,8307.276799279487,3966.120137998497,2.094560051191933,2.0424773500866014,326.0277076330748,0.0,0.0,0.0,1.2683131780076515,3.781132075471698,0.32268722466960353,6538.045107369264,265,41.52563691139221
paper,200,1500000.0,5,13,exclude,launch,0,0.0,prior,0.0,asghar_full,12600.0,43200,8676005.380340423,0,5221721.607081938,3454283.773258486,0,2,0.05244890451599913,2,4.646836166414484,4.221447607680801,8274.674043622275,4618.709990276477,1.7915552310152627,2.0515301034676376,331.71466754959835,0.0,0.0,0.0,1.3314489229023634,3.1944444444444446,0.2956326987681971,8181.390610822725,252,42.12664031982422
paper,200,1500000.0,6,14,exclude,launch,0,0.0,prior,0.0,asghar_full,12600.0,43200,9749759.555922898,0,6403463.142432717,3346296.413490181,0,12,0.2606179969299832,12,4.629302721230921,4.793161077324006,8307.276799279487,4066.629009539745,2.0427918995786865,2.0521231182101944,332.0889167617029,0.0,0.0,0.0,1.1130481605845195,2.852054794520548,0.36223081170623966,6312.047122175414,365,43.60144591331482
paper,200,3000000.0,4,14,exclude,launch,0,0.0,prior,0.0,asghar_full,12600.0,43200,8570015.42349751,0,5206959.176623699,3363056.24687381,0,0,0.0,0,9.258605442461842,13.318351711702801,8307.276799279487,2965.9529743251796,2.8008794715194623,2.025234171076124,315.3315316626443,0.0,0.0,0.0,2.505205273914239,10.86111111111111,0.3802509547190398,5661.178244160013,108,19.903348207473755
paper,200,3000000.0,8,13,exclude,launch,0,0.0,prior,0.0,asghar_full,12600.0,43200,5888676.231887591,0,3309077.198131752,2579599.0337558393,0,0,0.0,0,9.293672332828969,8.919913487145712,8274.674043622275,4426.79085670912,1.869226333808251,2.026004196026347,315.80538307910126,0.0,0.0,0.0,1.52005132673895,4.389830508474576,0.48281596452328157,4261.099812589149,354,30.33980941772461
paper,200,3000000.0,5,14,exclude,launch,0,0.0,prior,0.0,asghar_full,12600.0,43200,4961616.267364143,0,2751213.2146553877,2210403.0527087552,0,0,0.0,0,9.258605442461842,13.492349999057781,8307.276799279487,2931.0808804462476,2.834202513720717,2.0229007990008796,313.8978133789915,0.0,0.0,0.0,2.2157866710902065,11.039473684210526,0.5369054127938764,3971.9800553980112,152,23.442888736724854
paper,200,3000000.0,7,13,exclude,launch,0,0.0,prior,0.0,asghar_full,12600.0,43200,3362518.4971893546,0,1943369.909787352,1419148.5874020027,0,0,0.0,0,9.293672332828969,9.83988646899298,8274.674043622275,4018.2276615958954,2.059284525540266,2.0233236613421592,314.15739475881674,0.0,0.0,0.0,1.6771434944964367,6.960854092526691,0.6002227171492205,3375.98791727945,281,36.470730781555176
paper,200,3000000.0,6,14,exclude,launch,0,0.0,prior,0.0,asghar_full,12600.0,43200,3776827.28954024,0,2183830.9404533245,1592996.3490869156,0,0,0.0,0,9.258605442461842,11.359503249897195,8307.276799279487,3483.6740630707063,2.3846308951064685,2.0215902379976125,313.09398431160577,0.0,0.0,0.0,1.945766673260148,9.235576923076923,0.5978260869565217,3446.7270955376994,208,24.513821601867676
paper,200,3000000.0,14,13,exclude,launch,0,0.0,prior,0.0,asghar_full,12600.0,43200,9665181.034355765,0,7565641.187036743,2099539.8473190214,0,39,0.6839669076860178,39,9.293672332828969,9.661318412528294,8274.674043622275,4071.9029004886693,2.0321393328483426,2.0335561954529258,320.471522747738,0.0,0.0,0.0,0.9847744556186376,1.9686192468619246,0.5391937290033595,3493.5741000679536,956,31.032568216323853
paper,200,3000000.0,4,15,exclude,launch,0,0.0,prior,0.0,asghar_full,12600.0,43200,7127582.512171873,0,4080737.8515640125,3046844.6606078604,0,0,0.0,0,9.947414648405159,10.107308463618873,7708.957334908408,3906.0916913932597,1.973573060738548,2.0263386736822255,316.01132192873695,0.0,0.0,0.0,3.096650269187432,12.470588235294118,0.38229056203605516,6109.337465965254,85,17.63427424430847
paper,200,3000000.0,7,14,exclude,launch,0,0.0,prior,0.0,asghar_full,12600.0,43200,3114992.55256574,0,1810126.7393510395,1304865.8132147004,0,0,0.0,0,9.258605442461842,11.072760776275555,8307.276799279487,3574.372561064789,2.3241216905505753,2.0213161791764014,312.9260213542449,0.0,0.0,0.0,1.6713470567169015,8.460992907801419,0.6276013143483024,2771.517959550881,282,28.041029453277588
paper,200,3000000.0,9,13,exclude,launch,0,0.0,prior,0.0,asghar_full,12600.0,43200,5259791.619864815,0,2792577.723581331,2467213.8962834836,0,0,0.0,0,9.293672332828969,8.541811542684055,8274.674043622275,4620.695200165842,1.7907855171501657,2.0269016674728357,316.35811039754714,0.0,0.0,0.0,1.446102163778794,3.8854415274463006,0.5071982281284607,4040.478536204235,419,40.43094778060913
paper,200,3000000.0,10,13,exclude,launch,0,0.0,prior,0.0,asghar_full,12600.0,43200,4468157.443314885,0,2678155.767170774,1790001.6761441107,0,2,0.0988179804693575,2,9.293672332828969,8.579150190022125,8274.674043622275,4588.7117398518585,1.8032673466408273,2.0321461544903263,319.59770526875053,0.0,0.0,0.0,1.2727024020084505,3.3194706994328924,0.5760445682451254,3764.4947451872995,529,40.44605612754822
paper,200,3000000.0,13,13,exclude,launch,0,0.0,prior,0.0,asghar_full,12600.0,43200,8595394.07633219,0,6185816.968645548,2409577.1076866398,0,25,0.5033550805701659,25,9.293672332828969,9.292690035439886,8274.674043622275,4231.168866940152,1.955647317287589,2.0346428066787956,321.1457212236528,0.0,0.0,0.0,1.0474874376791146,2.1089820359281437,0.5154581225407532,3727.0501779164565,835,36.62760615348816
paper,200,3000000.0,12,13,exclude,launch,0,0.0,prior,0.0,asghar_full,12600.0,43200,8512128.074766908,0,5912886.596295263,2599241.4784716447,0,20,0.41025368811303436,20,9.293672332828969,9.263590957244274,8274.674043622275,4249.180192511385,1.947357765200282,2.032382602001925,319.74415107487926,0.0,0.0,0.0,1.091041537290173,2.3832658569500675,0.49076664801343034,3709.937135593871,741,37.00076699256897
paper,200,3000000.0,8,14,exclude,launch,0,0.0,prior,0.0,asghar_full,12600.0,43200,6424781.653616025,0,3566963.8155383887,2857817.8380776364,0,0,0.0,0,9.258605442461842,11.052307536654665,8307.276799279487,3576.700699520594,2.322608878174503,2.023738651818256,314.4122481679982,0.0,0.0,0.0,1.3294148078996502,4.605911330049261,0.5085024684585847,3541.5149716445526,406,30.624631643295288
paper,200,3000000.0,11,13,exclude,launch,0,0.0,prior,0.0,asghar_full,12600.0,43200,4932765.820780579,0,3219199.9138635905,1713565.906916989,0,7,0.2616302837879628,7,9.293672332828969,8.681204907829802,8274.674043622275,4532.008057496816,1.825829508386325,2.0333835527770296,320.3644701450228,0.0,0.0,0.0,1.2003576103523301,2.9285714285714284,0.5775193798449613,3658.289143788606,616,39.46196413040161
ring,200,1500000.0,6,13,exclude,launch,0,0.0,prior,0.0,asghar_full,12600.0,43200,27244613.45583272,0,25458295.84478764,1786317.611045079,0,173,0.9832047187967327,173,4.851851601005497,2.942810268353809,7910.9419020655405,6308.277772829308,1.2540573175358805,2.1547005383792515,400.0,0.0,0.0,0.0,1.3241901390853943,1.0,0.11267605633802817,21455.41674394714,306,0.32698559761047363
paper,200,3000000.0,5,15,exclude,launch,0,0.0,prior,0.0,asghar_full,12600.0,43200,4707468.154697752,0,2534524.0292083183,2172944.1254894333,0,0,0.0,0,9.947414648405159,9.25612123222189,7708.957334908408,4265.1173233227,1.8074432074245537,2.026422368556233,316.06286360177626,0.0,0.0,0.0,2.302955285052621,9.627586206896552,0.4811270600744285,4684.473366797074,145,23.11519193649292
paper,200,3000000.0,9,14,exclude,launch,0,0.0,prior,0.0,asghar_full,12600.0,43200,5184112.40897416,0,2858271.200208405,2325841.208765755,0,0,0.0,0,9.258605442461842,9.998698214791938,8307.276799279487,3946.0700794895884,2.1052025513834787,2.0275974330366147,316.7869453150318,0.0,0.0,0.0,1.233089744524112,4.0060851926977685,0.5523861766319254,3349.199453706137,493,36.378347396850586
paper,200,3000000.0,6,15,exclude,launch,0,0.0,prior,0.0,asghar_full,12600.0,43200,3612499.1241726056,0,2017944.3591154856,1594554.7650571198,0,0,0.0,0,9.947414648405159,9.746217240217872,7708.957334908408,4058.3509243664075,1.8995295080629173,2.0225734494739047,313.6969378706882,0.0,0.0,0.0,2.0865150318179895,8.911917098445596,0.5219228737453777,3879.6692842233088,193,26.078293085098267
paper,200,3000000.0,10,14,exclude,launch,0,0.0,prior,0.0,asghar_full,12600.0,43200,4620421.467257338,0,2628596.883908157,1991824.5833491804,0,1,0.052602822557243994,1,9.258605442461842,10.15016001120862,8307.276799279487,3891.367391129811,2.134796323322114,2.0254189222872556,315.4451898554269,0.0,0.0,0.0,1.2044405513023266,3.960644007155635,0.616400660429279,2970.1358258270247,559,39.7670783996582
ring,200,1500000.0,6,14,exclude,launch,0,0.0,prior,0.0,asghar_full,12600.0,43200,29170326.057806298,0,27368591.05605558,1801735.0017507174,0,178,0.9891788970293874,178,4.825004938132134,2.9412228805963525,7956.813622554527,6311.682371295234,1.2606486122846028,2.1547005383792515,400.0,0.0,0.0,0.0,1.320518196862948,1.0,0.10126582278481013,21381.93502320716,306,0.1697230339050293
paper,200,3000000.0,14,14,exclude,launch,0,0.0,prior,0.0,asghar_full,12600.0,43200,9472753.465599587,0,7395913.209409891,2076840.2561896965,0,33,0.6769635339125727,33,9.258605442461842,11.17686718879609,8307.276799279487,3528.780030254177,2.354149799096748,2.0283612705669123,317.2580708405983,0.0,0.0,0.0387192851824274,0.8976142074235767,2.3270189431704886,0.6119402985074627,2786.4116883034517,1003,34.15962290763855
paper,200,3000000.0,7,15,exclude,launch,0,0.0,prior,0.0,asghar_full,12600.0,43200,3201789.827762779,0,1836166.7439533947,1365623.0838093841,0,0,0.0,0,9.947414648405159,9.1029666532771,7708.957334908408,4341.116339317683,1.7758006771410477,2.024443265917746,314.84520152526517,0.0,0.0,0.0,1.7117652510411396,6.847272727272728,0.5477467811158798,3488.304685162883,275,27.748029232025146
paper,200,3000000.0,11,14,exclude,launch,0,0.0,prior,0.0,asghar_full,12600.0,43200,4833899.842146505,0,3174571.137422359,1659328.7047241456,0,6,0.25089711490753075,6,9.258605442461842,9.781297211972161,8307.276799279487,4032.400664852654,2.0601317899006544,2.0282890863638925,317.21353354052667,0.0,0.0,0.0,1.1306987657907162,3.4294478527607364,0.6295279912184413,2932.0219062721217,652,42.318212032318115
paper,200,3000000.0,13,14,exclude,launch,0,0.0,prior,0.0,asghar_full,12600.0,43200,8655441.390977558,0,6255156.524760512,2400284.8662170456,0,23,0.514743452461039,23,9.258605442461842,10.967516448009222,8307.276799279487,3594.49192516777,2.311112939526704,2.0292903038516754,317.8315588809222,0.0,0.0,0.04344193817878028,0.932125994051692,2.408734602463606,0.5754251234229293,3017.4656870861354,893,39.74490451812744
ring,200,1500000.0,6,15,exclude,launch,0,0.0,prior,0.0,asghar_full,12600.0,43200,30195613.643352136,0,28387756.967502568,1807856.675849569,0,177,0.990827243762993,177,4.866811022269892,2.942998698233298,7885.600957923348,6307.873875939639,1.2501202644526062,2.1547005383792515,400.0,0.0,0.0,0.0,1.3230833484408873,1.0,0.08536585365853659,21453.829876372154,306,0.161299467086792
paper,200,3000000.0,12,14,exclude,launch,0,0.0,prior,0.0,asghar_full,12600.0,43200,8865035.947642038,0,5792923.021439228,3072112.9262028085,0,12,0.2901387902498203,12,9.258605442461842,10.701756866860915,8307.276799279487,3680.3189935519013,2.2572165113497613,2.031184828326854,319.00264505144474,0.0,0.0,0.05004812319538017,0.9900508898412399,2.558139534883721,0.4922992299229923,3276.9953825802627,774,42.061856508255005
paper,200,3000000.0,8,15,exclude,launch,0,0.0,prior,0.0,asghar_full,12600.0,43200,4731085.21683363,0,2612368.621769153,2118716.595064477,0,0,0.0,0,9.947414648405159,8.6087335676843,7708.957334908408,4580.431703577275,1.6830198186096266,2.028823692918036,317.5434573328514,0.0,0.0,0.0,1.4733581268597127,4.644808743169399,0.5376401494927923,3888.739110334059,366,30.888798475265503
ring,200,1500000.0,2,13,exclude,launch,0,0.0,prior,0.0,asghar_full,12600.0,43200,9699066.390676124,0,8083110.578640412,1615955.8120357124,0,0,0.0,0,4.851851601005497,2.882292468962019,7910.9419020655405,6753.63282167972,1.1713609713383828,2.054870696427779,333.8256558546083,0.0,0.0,0.0,3.067442273244529,12.909090909090908,0.3233256351039261,11716.672433231506,44,21.503190517425537
ring,200,1500000.0,2,14,exclude,launch,0,0.0,prior,0.0,asghar_full,12600.0,43200,9394378.12630106,0,7890273.749068748,1504104.3772323115,0,0,0.0,0,4.825004938132134,2.935726602454856,7956.813622554527,6639.39730938415,1.1984240815515492,2.0521812955066707,332.1256435842287,0.0,0.0,0.0,3.1400000715132723,13.418604651162791,0.31738035264483627,11568.074615015477,43,19.82756733894348
paper,200,3000000.0,15,15,exclude,launch,0,0.0,prior,0.0,asghar_full,12600.0,43200,9773260.680243284,0,8095841.015005512,1677419.665237771,0,50,0.7920197266657163,50,9.947414648405159,9.92667111694819,7708.957334908408,3941.0980144129276,1.956043038441597,2.044886076079835,327.5360735956542,0.0,0.0,0.0,0.90028468278866,1.7341092211280216,0.5658956428187197,3377.777467270877,1117,29.202500104904175
paper,200,3000000.0,9,15,exclude,launch,0,0.0,prior,0.0,asghar_full,12600.0,43200,4004700.5781904124,0,2172998.465359856,1831702.1128305565,0,0,0.0,0,9.947414648405159,8.463143031497498,7708.957334908408,4656.446676042318,1.6555450692845748,2.0300356854159345,318.29205396908225,0.0,0.0,0.0,1.3871238566370923,4.1362586605080836,0.5711982804943578,3658.9771908013136,433,40.29513907432556
paper,200,3000000.0,11,15,exclude,launch,0,0.0,prior,0.0,asghar_full,12600.0,43200,3985222.5861929823,0,2531563.783478604,1453658.8027143779,0,7,0.20987982739035282,7,9.947414648405159,8.671941174993437,7708.957334908408,4533.739838160835,1.7003528235170278,2.034778164929092,321.2297551842057,0.0,0.0,0.0,1.178553428914418,3.082934609250399,0.5941716135995683,3409.467119692987,627,39.91915702819824
paper,200,3000000.0,10,15,exclude,launch,0,0.0,prior,0.0,asghar_full,12600.0,43200,3929457.646528036,0,2246005.839695589,1683451.806832447,0,2,0.0630608326339142,2,9.947414648405159,8.326102139084478,7708.957334908408,4726.64747765479,1.6309566921062923,2.0328018148315925,320.0038766158294,0.0,0.0,0.0,1.2994850902497463,3.577220077220077,0.58968850698174,3565.875193691587,518,41.87608289718628
ring,200,1500000.0,2,15,exclude,launch,0,0.0,prior,0.0,asghar_full,12600.0,43200,10224556.402076524,0,8679900.250456482,1544656.1516200402,0,0,0.0,0,4.866811022269892,2.9233211835421713,7885.600957923348,6659.449773289048,1.1841219960172047,2.054684335321962,333.70771415205854,0.0,0.0,0.0,2.9519759686524676,12.377777777777778,0.3099273607748184,11663.125688022757,45,21.711169958114624
ring,200,3000000.0,12,13,exclude,launch,0,0.0,prior,0.0,asghar_full,12600.0,43200,26965879.524581015,0,25275696.672244426,1690182.8523365916,0,173,0.9922402964064003,173,9.703703202010994,5.88582534456526,7910.9419020655405,6308.058264981142,1.2541009562297043,2.1547005383792515,400.0,0.0,0.0,0.0,1.3163042617166727,1.0,0.1431924882629108,10689.400743156233,612,0.3317234516143799
paper,200,3000000.0,13,15,exclude,launch,0,0.0,prior,0.0,asghar_full,12600.0,43200,6569748.402993385,0,4576617.292230093,1993131.1107632914,0,21,0.4412294351370037,21,9.947414648405159,9.095282744832724,7708.957334908408,4315.512333639331,1.7863365317756694,2.0381747655543547,323.3420531501519,0.0,0.0,0.0,1.0500152643957577,2.3080625752105894,0.5663101604278075,3426.987719715359,831,38.42256546020508
ring,200,1500000.0,3,14,exclude,launch,0,0.0,prior,0.0,asghar_full,12600.0,43200,12712169.308788702,0,11014178.80152616,1697990.507262542,0,0,0.0,0,4.825004938132134,2.880959642846503,7956.813622554527,6746.948066858162,1.1793204192039617,2.05785821761285,335.7192025713107,0.0,0.0,0.0,1.886051507435542,4.5327102803738315,0.24181360201511334,13561.823895539777,107,33.210702419281006
ring,200,1500000.0,3,13,exclude,launch,0,0.0,prior,0.0,asghar_full,12600.0,43200,12234591.008315664,0,10502072.941361004,1732518.066954658,0,0,0.0,0,4.851851601005497,2.803099738560059,7910.9419020655405,6942.355730561949,1.1395183723069158,2.0554862550272346,334.2153703654249,0.0,0.0,0.0,2.051486282362751,5.204081632653061,0.2517482517482518,12943.525458736589,98,36.60505676269531
paper,200,3000000.0,14,15,exclude,launch,0,0.0,prior,0.0,asghar_full,12600.0,43200,7779208.036172237,0,5835382.912165421,1943825.1240068167,0,30,0.5856801823058587,30,9.947414648405159,9.38851661791755,7708.957334908408,4175.441055182977,1.8462618039690144,2.040753972452852,324.95064935291765,0.0,0.0,0.0,0.9883985753086068,1.9536842105263157,0.5547210300429185,3542.259113441933,950,39.87916874885559
paper,200,3000000.0,12,15,exclude,launch,0,0.0,prior,0.0,asghar_full,12600.0,43200,6179975.037641084,0,4063608.861011591,2116366.1766294925,0,13,0.3063732408491019,13,9.947414648405159,8.860554417538545,7708.957334908408,4433.161359670972,1.7389300116701738,2.0366460096776318,322.39048481416694,0.0,0.0,0.0,1.118011696349677,2.6463245492371708,0.5412647374062165,3447.5387969966796,721,41.81183099746704
ring,200,1500000.0,5,13,exclude,launch,0,0.0,prior,0.0,asghar_full,12600.0,43200,13878663.765733646,0,12092790.734489238,1785873.0312444079,0,8,0.07570531607033881,8,4.851851601005497,2.712202317520999,7910.9419020655405,6936.6024281713,1.1404635026994197,2.126136312994796,380.454898633654,0.0,0.0,0.0,1.5336414994401146,1.5963302752293578,0.21311475409836064,18802.84865550574,218,38.266316652297974
ring,200,1500000.0,4,13,exclude,launch,0,0.0,prior,0.0,asghar_full,12600.0,43200,11247091.379244667,0,9543373.186128546,1703718.1931161222,0,0,0.0,0,4.851851601005497,2.787377232106817,7910.9419020655405,6922.85668956902,1.1427279599742852,2.0729026257684393,345.33601331424353,0.0,0.0,0.0,1.7806057329276639,3.4503311258278146,0.2517482517482518,12690.41878991276,151,39.89916491508484
ring,200,3000000.0,12,14,exclude,launch,0,0.0,prior,0.0,asghar_full,12600.0,43200,29046111.39421505,0,27250761.187143862,1795350.207071188,0,178,0.9950575762562862,178,9.650009876264267,5.882493267742602,7956.813622554527,6311.631398648118,1.260658793265207,2.1547005383792515,400.0,0.0,0.0,0.0,1.3154641075715978,1.0,0.1189873417721519,10733.183552458257,612,0.19342350959777832
ring,200,3000000.0,4,13,exclude,launch,0,0.0,prior,0.0,asghar_full,12600.0,43200,6092522.770420932,0,4716839.9360014275,1375682.834419505,0,0,0.0,0,9.703703202010994,5.746634493136401,7910.9419020655405,6825.145812071209,1.1590876033848174,2.0396914603998533,324.28749984851396,0.0,0.0,0.0,2.8431479477784407,10.65625,0.4930232558139535,6523.077375128293,96,22.502657175064087
ring,200,1500000.0,3,15,exclude,launch,0,0.0,prior,0.0,asghar_full,12600.0,43200,12676008.892024398,0,11015860.879378773,1660148.0126456248,0,0,0.0,0,4.866811022269892,2.9063002868205317,7885.600957923348,6724.6335393324,1.1726439681508958,2.0466844230436365,328.6644844326572,0.0,0.0,0.0,2.1113979115333232,5.378947368421053,0.29095354523227385,12670.618462360411,95,32.88832640647888
ring,200,1500000.0,5,14,exclude,launch,0,0.0,prior,0.0,asghar_full,12600.0,43200,16567760.244426254,0,14746562.062789522,1821198.1816367325,0,17,0.1670258740579486,17,4.825004938132134,2.720862198959124,7956.813622554527,6937.35709614631,1.1469517155134659,2.1191387560924086,375.7414666164192,0.0,0.0,0.0,1.5220900256618197,1.3789954337899544,0.15869017632241814,21789.71814719109,219,39.20719003677368
ring,200,3000000.0,11,14,exclude,launch,0,0.0,prior,0.0,asghar_full,12600.0,43200,16655123.249239089,0,15150635.71496663,1504487.5342724589,0,78,0.802829634133082,78,9.650009876264267,6.28336386310864,7956.813622554527,5941.218462894585,1.339256193363059,2.1430004143407952,391.9349841549688,0.0,0.0,0.10138888888888889,1.2744892662852678,1.0557620817843867,0.29620253164556964,11515.625758038732,538,8.109259128570557
ring,200,3000000.0,11,13,exclude,launch,0,0.0,prior,0.0,asghar_full,12600.0,43200,14072662.372817384,0,12550471.335422704,1522191.0373946805,0,69,0.6899732261876685,69,9.703703202010994,5.69310809278571,7910.9419020655405,6546.437104448706,1.2084347219481524,2.146523055910592,394.3545353203686,0.0,0.0,0.0,1.4044489286074868,1.1323251417769375,0.297423887587822,11002.624797076782,529,14.689635515213013
ring,200,3000000.0,5,13,exclude,launch,0,0.0,prior,0.0,asghar_full,12600.0,43200,4032792.189366899,0,3060673.3366434723,972118.8527234267,0,0,0.0,0,9.703703202010994,5.739850059539564,7910.9419020655405,6844.858953405626,1.155749439969028,2.0362211120019613,322.12625788757435,0.0,0.0,0.0,2.6213317691187306,9.488372093023257,0.6566125290023201,5418.906941623223,129,30.28544807434082
ring,200,1500000.0,4,14,exclude,launch,0,0.0,prior,0.0,asghar_full,12600.0,43200,12494096.33934715,0,10749232.676587678,1744863.6627594708,0,0,0.0,0,4.825004938132134,2.81118333047274,7956.813622554527,6862.186008475444,1.1595158762422229,2.07352051439052,345.73388844518604,0.0,0.0,0.0,1.7084650607068772,3.0443037974683542,0.23929471032745592,13765.655932310663,158,44.974125146865845
ring,200,3000000.0,4,14,exclude,launch,0,0.0,prior,0.0,asghar_full,12600.0,43200,5859139.262282813,0,4678526.30501157,1180612.9572712427,0,0,0.0,0,9.650009876264267,5.775569083162471,7956.813622554527,6773.742166931678,1.1746555192783117,2.04487394921702,327.5284709257116,0.0,0.0,0.0,2.410536793017826,8.531531531531531,0.545,7066.768004159433,111,17.864728450775146
ring,200,3000000.0,12,15,exclude,launch,0,0.0,prior,0.0,asghar_full,12600.0,43200,30070040.301229868,0,28277947.544708837,1792092.7565210322,0,177,0.9960518496974793,177,9.733622044539784,5.886041160628128,7885.600957923348,6307.826975348275,1.2501295594728896,2.1547005383792515,399.99999999999994,0.0,0.0,0.0,1.316158520693042,1.0,0.09558823529411764,10717.349325583466,612,0.20281124114990234
ring,200,3000000.0,6,13,exclude,launch,0,0.0,prior,0.0,asghar_full,12600.0,43200,3400158.733885283,0,2616664.9669628264,783493.7669224568,0,0,0.0,0,9.703703202010994,5.647327308289095,7910.9419020655405,6918.985784558377,1.1433672720821288,2.047408911838987,329.11962857991915,0.0,0.0,0.0,2.029157841186106,7.020304568527918,0.6892523364485982,4722.0958045346815,197,34.96379208564758
ring,200,1500000.0,4,15,exclude,launch,0,0.0,prior,0.0,asghar_full,12600.0,43200,12160455.711164925,0,10520916.682418136,1639539.02874679,0,0,0.0,0,4.866811022269892,2.838155144171711,7885.600957923348,6794.601776718249,1.1605685244046848,2.074244040759994,346.20007773250774,0.0,0.0,0.0,1.7113834595038084,3.261146496815287,0.2784503631961259,12917.549781366108,157,41.29158639907837
ring,200,3000000.0,7,13,exclude,launch,0,0.0,prior,0.0,asghar_full,12600.0,43200,3208956.2354955534,0,2558417.0670375247,650539.1684580286,0,0,0.0,0,9.703703202010994,5.715785497880872,7910.9419020655405,6834.486246919042,1.1575035220287055,2.047897382287873,329.4266771417333,0.0,0.0,0.0,1.8744123282371927,5.891566265060241,0.7062937062937062,4478.91735559066,249,37.82345008850098
ring,200,3000000.0,4,15,exclude,launch,0,0.0,prior,0.0,asghar_full,12600.0,43200,6553837.9449049365,0,5287516.249677403,1266321.6952275345,0,0,0.0,0,9.733622044539784,5.869126348322733,7885.600957923348,6685.220168644747,1.1795574055898217,2.0389229454350932,323.8082659654591,0.0,0.0,0.0,2.839759555486539,10.31578947368421,0.4806763285024155,6694.0450631860485,95,18.352588891983032
ring,200,3000000.0,8,13,exclude,launch,0,0.0,prior,0.0,asghar_full,12600.0,43200,6039783.061245764,0,4662536.8651805725,1377246.196065191,0,0,0.0,0,9.703703202010994,5.598200832264027,7910.9419020655405,6938.5785881979655,1.1401386900079933,2.0595436504373024,336.7898241546013,0.0,0.0,0.0,1.7343261578611038,3.458064516129032,0.4929906542056075,6146.114108043681,310,38.15022921562195
ring,200,1500000.0,5,15,exclude,launch,0,0.0,prior,0.0,asghar_full,12600.0,43200,15133732.429431524,0,13396087.92258364,1737644.506847884,0,10,0.13949873934796023,10,4.866811022269892,2.7433548935041423,7885.600957923348,6870.8513170236365,1.147689069968012,2.12210782624409,377.7377921154707,0.0,0.0,0.0,1.521213081206799,1.5045045045045045,0.2009685230024213,19849.021030686883,222,44.239861726760864
ring,200,3000000.0,6,14,exclude,launch,0,0.0,prior,0.0,asghar_full,12600.0,43200,3446546.393952033,0,2701686.3867898094,744860.0071622235,0,0,0.0,0,9.650009876264267,5.758186687593837,7956.813622554527,6784.43844482288,1.1728035691187193,2.0478132061055163,329.3737544667362,0.0,0.0,0.0,1.9463246674996968,6.859223300970874,0.7139240506329114,4632.92810171445,206,29.993406772613525
ring,200,3000000.0,10,13,exclude,launch,0,0.0,prior,0.0,asghar_full,12600.0,43200,7906325.730922132,0,6520828.475270055,1385497.2556520766,0,8,0.13361785907188942,8,9.703703202010994,5.481782059675018,7910.9419020655405,6886.751198676582,1.1487189930116506,2.119111598456954,375.72323094026353,0.0,0.0,0.0,1.5229195575076209,1.7020316027088036,0.3808411214953271,8770.998951453654,443,33.85277318954468
ring,200,3000000.0,5,14,exclude,launch,0,0.0,prior,0.0,asghar_full,12600.0,43200,4356881.071615987,0,3356786.15248457,1000094.9191314174,0,0,0.0,0,9.650009876264267,5.757797906248205,7956.813622554527,6795.801476047404,1.1708425636916036,2.044527168895398,327.3111019681906,0.0,0.0,0.0,2.2156442938689174,7.695364238410596,0.6498740554156172,5724.044987568059,151,30.898597955703735
ring,200,3000000.0,5,15,exclude,launch,0,0.0,prior,0.0,asghar_full,12600.0,43200,4048630.225670328,0,3149247.562192235,899382.663478093,0,0,0.0,0,9.733622044539784,5.772956641733972,7885.600957923348,6795.004040940107,1.160499818751006,2.039397919619521,324.10441059281635,0.0,0.0,0.0,2.4901375673276913,9.281481481481482,0.6521739130434783,5328.606101827446,135,25.268792867660522
core,200,1500000.0,2,13,exclude,launch,0,0.0,prior,0.0,asghar_full,12600.0,43200,4504290.912934877,0,3465135.8356666174,1039155.0772682601,0,0,0.0,0,4.7893154785571,25.287579916937556,8018.59089865545,773.8274092561253,10.362247191998101,2.044130482218857,327.0625391695747,0.0,0.0,0.0,2.204535315157169,26.934426229508198,0.6153846153846154,3969.2060500047533,61,13.74451494216919
ring,200,3000000.0,11,15,exclude,launch,0,0.0,prior,0.0,asghar_full,12600.0,43200,14567324.304923605,0,13124026.43869195,1443297.866231656,0,58,0.6791716093610627,58,9.733622044539784,5.658648977404683,7885.600957923348,6586.578853318613,1.1972225845212843,2.1464330029072984,394.2925890465136,0.0,0.0,0.0,1.414383215747109,1.1596958174904943,0.3026634382566586,10821.762914230148,526,18.64617109298706
ring,200,3000000.0,9,13,exclude,launch,0,0.0,prior,0.0,asghar_full,12600.0,43200,6248454.7082321355,0,4896516.439643317,1351938.2685888177,0,0,0.0,0,9.703703202010994,5.542901224151351,7910.9419020655405,6944.584032034847,1.1391527362291185,2.078292211919428,348.81422828582805,0.0,0.0,0.0,1.6253882167171123,2.5,0.45539906103286387,7074.9752329708335,370,44.840208768844604
core,200,1500000.0,3,13,exclude,launch,0,0.0,prior,0.0,asghar_full,12600.0,43200,4993218.399411534,0,3877195.2351473398,1116023.1642641937,0,0,0.0,0,4.7893154785571,16.039366224032285,8018.59089865545,1226.6005141715389,6.537247299355084,2.0331510506669193,320.2203280482478,0.0,0.0,0.0,1.393521004776601,12.92361111111111,0.5831381733021077,3490.471828019509,144,18.579631090164185
ring,200,3000000.0,7,14,exclude,launch,0,0.0,prior,0.0,asghar_full,12600.0,43200,3383354.1316823415,0,2723848.0845477395,659506.0471346021,0,0,0.0,0,9.650009876264267,5.730619113571551,7956.813622554527,6811.68960008372,1.168111597812198,2.049432379811172,330.39249593884216,0.0,0.0,0.0,1.8290822204969237,5.552941176470588,0.707808564231738,4689.352485873757,255,38.187427043914795
ring,200,3000000.0,10,14,exclude,launch,0,0.0,prior,0.0,asghar_full,12600.0,43200,10560425.402087731,0,8932045.58577491,1628379.8163128225,0,17,0.26139871151082134,17,9.650009876264267,6.246344041457286,7956.813622554527,6064.346559243563,1.3120644647899247,2.111932697170615,370.91829691113554,0.0,0.0,0.11831442463533225,1.3424253513154611,1.3695652173913044,0.30303030303030304,10380.055471665362,460,37.60253930091858
core,200,1500000.0,2,14,exclude,launch,0,0.0,prior,0.0,asghar_full,12600.0,43200,5144953.639009963,0,4061602.936302123,1083350.7027078397,0,0,0.0,0,4.896480120710079,27.911868627912437,7835.800210335435,701.7110484868005,11.166704909710182,2.0422681499387147,325.89686891300147,0.0,0.0,0.0,1.8107126988651774,21.80821917808219,0.569620253164557,4027.6658551835476,73,10.58221983909607
ring,200,3000000.0,6,15,exclude,launch,0,0.0,prior,0.0,asghar_full,12600.0,43200,3438127.836152245,0,2714839.9252349027,723287.9109173423,0,0,0.0,0,9.733622044539784,5.815192117413951,7885.600957923348,6735.659954015344,1.1707243257169606,2.042423345328846,325.9939292659745,0.0,0.0,0.0,2.0900602960610986,7.27979274611399,0.7070217917675545,4694.073604563097,193,32.10169458389282
ring,200,3000000.0,8,14,exclude,launch,0,0.0,prior,0.0,asghar_full,12600.0,43200,6748910.636379134,0,5422159.110684086,1326751.5256950485,0,0,0.0,0,9.650009876264267,6.77958497672919,7956.813622554527,5725.32796406405,1.38975682659522,2.0610404196148613,337.7420316169442,0.0,0.0,0.16079295154185022,1.4331803241901395,2.8672566371681416,0.491183879093199,6796.447987917692,339,42.77028131484985
core,200,1500000.0,4,13,exclude,launch,0,0.0,prior,0.0,asghar_full,12600.0,43200,2472945.5955199436,0,1954039.8538013666,518905.7417185772,0,0,0.0,0,4.7893154785571,12.313730063800573,8018.59089865545,1600.2396174625017,5.010868879356031,2.029950015816553,318.23911052415525,0.0,0.0,0.0,1.117876867567,10.815899581589958,0.863849765258216,2517.3846357875777,239,24.772486209869385
ring,200,3000000.0,9,14,exclude,launch,0,0.0,prior,0.0,asghar_full,12600.0,43200,7121862.920779546,0,5744480.898272711,1377382.0225068359,0,0,0.0,0,9.650009876264267,6.398932573940185,7956.813622554527,5984.80984753909,1.3295014921528894,2.0889694882183503,355.7563638811608,0.0,0.0,0.13594040968342644,1.3808998743045566,1.9649122807017543,0.42065491183879095,8423.685290601154,399,45.04193568229675
ring,200,3000000.0,7,15,exclude,launch,0,0.0,prior,0.0,asghar_full,12600.0,43200,3188144.769043131,0,2574599.683136672,613545.0859064591,0,0,0.0,0,9.733622044539784,5.804884323320044,7885.600957923348,6742.568873435937,1.1695247176474053,2.0439535683210552,326.9517158430793,0.0,0.0,0.0,1.94015002475027,6.131687242798354,0.7288135593220338,4448.333958997287,243,38.250442028045654
core,200,1500000.0,3,14,exclude,launch,0,0.0,prior,0.0,asghar_full,12600.0,43200,5398219.948673884,0,4294838.53167328,1103381.4170006043,0,0,0.0,0,4.896480120710079,21.056792612447587,7835.800210335435,929.2211871490965,8.432653407716753,2.0443190138226446,327.18066078945026,0.0,0.0,0.0,0.46195221155377786,4.242562929061785,0.5415617128463476,3548.1764512375107,437,19.582838773727417
core,200,1500000.0,2,15,exclude,launch,0,0.0,prior,0.0,asghar_full,12600.0,43200,4278114.925113305,0,3368647.0038261455,909467.9212871596,0,0,0.0,0,5.853354962496979,8.403742729611386,6500.354398964457,2315.335032886901,2.807522154087315,2.0557646778696457,334.39171651115885,0.0,0.0,0.0,1.83401992902096,19.08108108108108,0.672289156626506,4675.471358082693,74,14.08763074874878
core,200,1500000.0,5,13,exclude,launch,0,0.0,prior,0.0,asghar_full,12600.0,43200,1257703.119994565,0,1108209.6368884754,149493.4831060896,0,1,0.06749807028214111,1,4.7893154785571,17.6061789539647,8018.59089865545,1123.4678157762667,7.137357017312469,2.02224720524902,313.49680459182963,0.0,0.0,0.0,0.9059014650944184,10.560646900269541,0.9484777517564403,1673.1952744111916,371,28.981019496917725
ring,200,3000000.0,8,15,exclude,launch,0,0.0,prior,0.0,asghar_full,12600.0,43200,6624745.405731555,0,5305473.812830526,1319271.5929010296,0,0,0.0,0,9.733622044539784,5.73033357175971,7885.600957923348,6772.725767598145,1.1643171787125037,2.0613255780029416,337.92359475698345,0.0,0.0,0.0,1.6785482458668224,3.3551401869158877,0.5108958837772397,6130.3359769362105,321,41.33832502365112
core,200,1500000.0,4,14,exclude,launch,0,0.0,prior,0.0,asghar_full,12600.0,43200,3438562.563362105,0,2705534.4728532927,733028.0905088119,0,0,0.0,0,4.896480120710079,17.965536315190842,7835.800210335435,1093.236729886303,7.167523735824683,2.0365993012205674,322.3614333872907,0.0,0.0,0.0,0.5183319770870078,4.996153846153846,0.7909319899244333,2535.9109826899703,520,22.591278553009033
core,200,1500000.0,3,15,exclude,launch,0,0.0,prior,0.0,asghar_full,12600.0,43200,4265205.57856126,0,3341625.247151642,923580.3314096178,0,0,0.0,0,5.853354962496979,16.442750063236126,6500.354398964457,1196.2232334116056,5.434064660678401,2.0336363816643885,320.52125085007464,0.0,0.0,0.0,1.4853982430193031,12.883211678832117,0.6561743341404358,3754.586681046071,137,18.50251269340515
ring,200,3000000.0,10,15,exclude,launch,0,0.0,prior,0.0,asghar_full,12600.0,43200,9136393.281262666,0,7742450.126890386,1393943.1543722793,0,10,0.23018072607160597,10,9.733622044539784,5.536405922848865,7885.600957923348,6831.249142274409,1.1543424626579937,2.115251139329999,373.13553113305835,0.0,0.0,0.0,1.5094235271388534,1.5803571428571428,0.37772397094430993,9361.30458539884,448,43.50232005119324
ring,200,3000000.0,9,15,exclude,launch,0,0.0,prior,0.0,asghar_full,12600.0,43200,6619214.998003969,0,5340466.888952809,1278748.1090511598,0,0,0.0,0,9.733622044539784,5.627676524055967,7885.600957923348,6829.0537879517515,1.1547135522399345,2.0816146089858583,350.96704871148927,0.0,0.0,0.0,1.5915901123794645,2.475195822454308,0.48426150121065376,6999.240225702812,383,46.711601972579956
core,200,1500000.0,6,13,exclude,launch,0,0.0,prior,0.0,asghar_full,12600.0,43200,950576.7239980206,0,855905.8856946244,94670.83830339638,0,1,0.0893063457628257,1,4.7893154785571,14.5650925990087,8018.59089865545,1357.048033368902,5.908848251118362,2.023725114328651,314.40393291216293,0.0,0.0,0.0,0.6694099824477131,8.03654485049834,0.960093896713615,1355.3343340750184,602,36.83505582809448
core,200,1500000.0,4,15,exclude,launch,0,0.0,prior,0.0,asghar_full,12600.0,43200,2254972.5097423582,0,1850615.6010108104,404356.908731548,0,0,0.0,0,5.853354962496979,12.168079880036588,6500.354398964457,1618.692155211519,4.015806450927686,2.0308305002646936,318.7834560827873,0.0,0.0,0.0,1.10849756250913,11.139917695473251,0.8829268292682927,2425.554406670963,243,21.499603748321533
core,200,1500000.0,5,14,exclude,launch,0,0.0,prior,0.0,asghar_full,12600.0,43200,1534059.6674932702,0,1354124.779984517,179934.88750875328,0,1,0.17831149456565792,1,4.896480120710079,17.271551532316295,7835.800210335435,1140.4042454846565,6.87107246519003,2.030812431187627,318.772280487284,0.0,0.0,0.0,0.48927110114824146,5.653061224489796,0.9291139240506329,1688.9723130899079,686,30.82510995864868
core,200,3000000.0,4,13,exclude,launch,0,0.0,prior,0.0,asghar_full,12600.0,43200,1843852.317411763,0,1519942.9223257324,323909.39508603065,0,0,0.0,0,9.5786309571142,43.83153380959251,8018.59089865545,901.9984188996169,8.889805936065432,2.0234735991845403,314.2494624683269,0.0,0.0,0.0,1.7516924829307643,21.7987012987013,0.9277389277389277,1956.2422797854608,154,14.44380807876587
core,200,1500000.0,7,13,exclude,launch,0,0.0,prior,0.0,asghar_full,12600.0,43200,878911.6466381435,0,797424.4191573919,81487.22748075158,0,1,0.09658824514634312,1,4.7893154785571,14.621757948763177,8018.59089865545,1353.0769661415916,5.926189787651999,2.0217986402074457,313.22173833893567,0.0,0.0,0.0,0.6156571924305277,6.925490196078432,0.9530516431924883,1231.5553713244506,765,41.16619277000427
core,200,3000000.0,5,13,exclude,launch,0,0.0,prior,0.0,asghar_full,12600.0,43200,987690.7768852692,0,857701.737884205,129989.03900106414,0,0,0.0,0,9.5786309571142,28.835878712967986,8018.59089865545,1372.6971426183004,5.841485823566796,2.0210733113280845,312.7772121319498,0.0,0.0,0.0,1.3568686100884855,18.477732793522268,0.9672131147540983,1431.7730437252421,247,16.758206844329834
core,200,1500000.0,8,13,exclude,launch,0,0.0,prior,0.0,asghar_full,12600.0,43200,1405358.4869960707,0,1204737.7693946206,200620.71760145025,0,1,0.06040631936476056,1,4.7893154785571,14.55370770653677,8018.59089865545,1360.7845249202514,5.892623521071698,2.019747043897003,311.9652100610031,0.0,0.0,0.0,0.5956405776916934,5.47450110864745,0.9388235294117647,1315.021018858292,902,39.88361716270447
core,200,1500000.0,6,14,exclude,launch,0,0.0,prior,0.0,asghar_full,12600.0,43200,1256739.5630784,0,1128773.9263313895,127965.63674701065,0,1,0.21765883728016003,1,4.896480120710079,16.283267501343936,7835.800210335435,1211.3423631652097,6.468691633850458,2.0279233141385813,316.9879019248933,0.0,0.0,0.0,0.4810913607468259,5.45748502994012,0.9467005076142132,1433.3174458974559,835,38.55111503601074
core,200,3000000.0,6,13,exclude,launch,0,0.0,prior,0.0,asghar_full,12600.0,43200,829774.39442085,0,741607.611954237,88166.78246661289,0,0,0.0,0,9.5786309571142,29.302860099561254,8018.59089865545,1352.826200935015,5.927288289592075,2.0180780997654986,310.9449051666386,0.0,0.0,0.0,1.2344821457211528,17.06422018348624,0.9533799533799534,1174.7254975947278,327,20.722822427749634
core,200,1500000.0,5,15,exclude,launch,0,0.0,prior,0.0,asghar_full,12600.0,43200,1150171.0620776752,0,1015300.4420642081,134870.62001346733,0,0,0.0,0,5.853354962496979,13.336396424519345,6500.354398964457,1480.1913548205605,4.3915635487227105,2.0262994733816253,315.98718271902027,0.0,0.0,0.0,0.8700412079973452,10.080103359173126,0.9365853658536586,1678.6595016525307,387,33.780070066452026
core,200,3000000.0,7,13,exclude,launch,0,0.0,prior,0.0,asghar_full,12600.0,43200,676542.0880440903,0,619670.4883273254,56871.59971676489,0,0,0.0,0,9.5786309571142,29.19248238994931,8018.59089865545,1359.6881046978451,5.8973751928479,2.015485425376404,309.36319474556876,0.0,0.0,0.0,1.1926322015135176,14.969696969696969,0.9578454332552693,1102.6770954217995,396,23.259739637374878
core,200,3000000.0,4,14,exclude,launch,0,0.0,prior,0.0,asghar_full,12600.0,43200,2779924.0804348574,0,2178110.7247650283,601813.3556698292,0,0,0.0,0,9.792960241420158,45.93658507775134,7835.800210335435,858.1685832504662,9.130840214000782,2.029358005108201,317.8733708041008,0.0,0.0,0.0,0.595492184669008,6.863134657836644,0.8413098236775819,2142.960193465371,453,12.510206699371338
core,200,1500000.0,6,15,exclude,launch,0,0.0,prior,0.0,asghar_full,12600.0,43200,968954.472502886,0,872711.51876646,96242.95373642589,0,1,0.0800466058772675,1,5.853354962496979,14.618728645570984,6500.354398964457,1351.698513373076,4.8090268167442485,2.024279842219225,314.7447585529921,0.0,0.0,0.0,0.6774732499800109,7.976391231028668,0.9604938271604938,1375.856720892065,593,36.41382169723511
core,200,1500000.0,7,15,exclude,launch,0,0.0,prior,0.0,asghar_full,12600.0,43200,840103.9837713678,0,763113.4413781962,76990.5423931717,0,1,0.0923377056930889,1,5.853354962496979,14.434504077530079,6500.354398964457,1369.4521198276302,4.746682490646435,2.023537565601547,314.2887444592622,0.0,0.0,0.0,0.5934416216570998,7.054361567635904,0.9336609336609336,1171.5266871278827,791,35.70412063598633
core,200,3000000.0,8,13,exclude,launch,0,0.0,prior,0.0,asghar_full,12600.0,43200,944641.229022347,0,844678.287224463,99962.941797884,0,0,0.0,0,9.5786309571142,25.79131427428973,8018.59089865545,1538.0897091321347,5.213344092380626,2.016670043116984,310.085392971447,0.0,0.0,0.031007751937984496,0.9017260736557231,9.558058925476603,0.960093896713615,1180.2846581010654,577,27.255194425582886
core,200,1500000.0,7,14,exclude,launch,0,0.0,prior,0.0,asghar_full,12600.0,43200,1224819.1876024678,0,1083811.7680395946,141007.41956287346,0,1,0.22333130867998946,1,4.896480120710079,16.14565309198121,7835.800210335435,1224.0423309636403,6.401576164581349,2.0239880180125236,314.5654383099649,0.0,0.0,0.0,0.4865835276491846,4.905894519131334,0.9468354430379747,1378.119706071906,967,45.547147035598755
core,200,3000000.0,9,13,exclude,launch,0,0.0,prior,0.0,asghar_full,12600.0,43200,620688.1427486598,0,572519.7661276478,48168.37662101202,0,0,0.0,0,9.5786309571142,30.162653115248975,8018.59089865545,1316.7875385448624,6.089510011247922,2.014209961655665,308.5865538964757,0.0,0.0,0.026624068157614485,0.8365381012369917,9.985714285714286,0.9765807962529274,940.9060568691128,700,27.023010969161987
core,200,1500000.0,8,14,exclude,launch,0,0.0,prior,0.0,asghar_full,12600.0,43200,1976002.916978092,0,1664810.7149490593,311192.20202903263,0,1,0.1384312086350292,1,4.896480120710079,16.365545425248722,7835.800210335435,1205.1030591351887,6.502182656443172,2.0281745020682096,317.14284201096325,0.0,0.0,0.05712365591397849,0.42474161888845713,3.7153088630259625,0.9390862944162437,1571.4393915243118,1117,45.26211762428284
core,200,3000000.0,5,14,exclude,launch,0,0.0,prior,0.0,asghar_full,12600.0,43200,1218794.1815494744,0,1080503.455198288,138290.72635118657,0,0,0.0,0,9.792960241420158,39.127608185783785,7835.800210335435,1009.8233872926799,7.759574900857751,2.0247026973246705,315.0046853713364,0.0,0.0,0.0,0.5976857422289454,7.4035714285714285,0.9319899244332494,1590.4616251894709,560,19.442312717437744
core,200,3000000.0,6,14,exclude,launch,0,0.0,prior,0.0,asghar_full,12600.0,43200,839538.9084864802,0,758260.9114299663,81277.9970565139,0,0,0.0,0,9.792960241420158,37.25515713791942,7835.800210335435,1062.7699437673202,7.372997567619378,2.0205254442552416,312.44165471170743,0.0,0.0,0.0,0.6356658099233892,8.358044164037855,0.9496221662468514,1246.061051609694,634,20.428393840789795
core,200,3000000.0,10,13,exclude,launch,0,0.0,prior,0.0,asghar_full,12600.0,43200,599369.9144906031,0,559281.3779710628,40088.536519540285,0,1,0.14163629427347896,1,9.5786309571142,35.69235260504682,8018.59089865545,1113.9762378307742,7.19817050520746,2.0120505391710872,307.2738881509465,0.0,0.0,0.022381378692927483,0.7833346171483853,9.741007194244604,0.9765258215962441,804.3874694590912,834,30.372921466827393
core,200,1500000.0,8,15,exclude,launch,0,0.0,prior,0.0,asghar_full,12600.0,43200,1491384.1787293416,0,1266985.3541575777,224398.8245717638,0,1,0.05201138622616007,1,5.853354962496979,13.46118413706758,6500.354398964457,1468.5336869539187,4.426425118274071,2.0234515636849073,314.23593096272435,0.0,0.0,0.0,0.5664115145599251,5.052631578947368,0.9336609336609336,1357.5467764817374,950,42.60902738571167
core,200,1500000.0,9,15,exclude,launch,0,0.0,prior,0.0,asghar_full,12600.0,43200,1032101.8092449728,0,927265.7513548733,104836.05789009939,0,1,0.06842058217978124,1,5.853354962496979,13.974017233923211,6500.354398964457,1415.150000086997,4.593403101130512,2.022722200300392,313.78820969618266,0.0,0.0,0.0,0.5075082595551643,4.478187919463087,0.9605911330049262,1222.5325839188567,1192,41.5033917427063
core,200,3000000.0,7,14,exclude,launch,0,0.0,prior,0.0,asghar_full,12600.0,43200,774596.9057911795,0,702622.0580899043,71974.84770127533,0,0,0.0,0,9.792960241420158,29.368590418023665,7835.800210335435,1348.469461523814,5.810884438925838,2.020066976342104,312.16099086711694,0.0,0.0,0.0,0.652289386383973,7.741666666666666,0.9545454545454546,1176.70037740407,720,23.49764347076416
core,200,3000000.0,8,14,exclude,launch,0,0.0,prior,0.0,asghar_full,12600.0,43200,1328730.4233281284,0,1134957.4367355017,193772.98659262666,0,0,0.0,0,9.792960241420158,35.16866289264573,7835.800210335435,1126.478470152314,6.956014178660633,2.019348306406651,311.7212909322325,0.0,0.0,0.050748752079866885,0.538188903437965,6.024784482758621,0.9444444444444444,1177.7947995479312,928,22.183927536010742
core,200,3000000.0,11,13,exclude,launch,0,0.0,prior,0.0,asghar_full,12600.0,43200,512714.12906842394,0,483846.27145445516,28867.85761396875,0,1,0.16557478870673314,1,9.5786309571142,30.78420440845907,8018.59089865545,1291.1792999469137,6.21028458168833,2.01268355450627,307.65839447023586,0.0,0.0,0.0,0.6581794349507457,8.227555555555556,0.9788732394366197,706.050107700289,1125,34.23162245750427
core,200,3000000.0,5,15,exclude,launch,0,0.0,prior,0.0,asghar_full,12600.0,43200,916842.8616477203,0,834735.840945783,82107.0207019374,0,0,0.0,0,11.706709924993959,28.36991177563788,6500.354398964457,1394.7211674431787,4.6606838346628034,2.021829875492214,313.2408883345301,0.0,0.0,0.0,1.30399213500839,18.015503875968992,0.9346246973365617,1417.8914621199003,258,16.660515785217285
core,200,3000000.0,12,13,exclude,launch,0,0.0,prior,0.0,asghar_full,12600.0,43200,714906.9097436657,0,661804.6850415923,53102.22470207342,0,1,0.11874627651577747,1,9.5786309571142,27.49063040024533,8018.59089865545,1445.499603512082,5.547279901822835,2.0132018051816276,307.9733694069925,0.0,0.0,0.0005844535359438924,0.6277451283240633,6.47940947940948,0.9741784037558685,785.3789508186403,1287,37.52406692504883
core,200,3000000.0,6,15,exclude,launch,0,0.0,prior,0.0,asghar_full,12600.0,43200,633016.3855841219,0,588310.7821745485,44705.60340957339,0,0,0.0,0,11.706709924993959,35.75480210528519,6500.354398964457,1108.8638246424869,5.862175548075312,2.017796632769241,310.7729957029217,0.0,0.0,0.0,1.158589321700105,18.433048433048434,0.9396135265700483,1026.558077326465,351,16.961625814437866
core,200,3000000.0,9,14,exclude,launch,0,0.0,prior,0.0,asghar_full,12600.0,43200,903701.6821415792,0,821301.330194802,82400.3519467772,0,0,0.0,0,9.792960241420158,32.47491484815717,7835.800210335435,1220.694349970841,6.419133676274172,2.018064448070331,310.9365661274243,0.0,0.0,0.06682389937106918,0.5672888565062472,6.10587002096436,0.9621212121212122,1125.8640778867903,954,25.005097150802612
core,200,3000000.0,13,13,exclude,launch,0,0.0,prior,0.0,asghar_full,12600.0,43200,579827.4798709288,0,544053.7957292866,35773.6841416421,0,1,0.1464099866504402,1,9.5786309571142,30.394598346760002,8018.59089865545,1308.0569206846767,6.130154408309904,2.01218049725766,307.35280770862914,0.0,0.0,0.022105263157894735,0.5909749575080554,6.535063113604488,0.9765258215962441,701.2009640389244,1426,39.19373440742493
core,200,3000000.0,7,15,exclude,launch,0,0.0,prior,0.0,asghar_full,12600.0,43200,598758.1797974916,0,552660.7781336418,46097.40166384982,0,0,0.0,0,11.706709924993959,30.7009177248515,6500.354398964457,1292.2540108743183,5.030245094434973,2.0164652418852302,309.96047638824,0.0,0.0,0.0,1.0763373405331722,16.31121281464531,0.9583333333333334,920.0147850638556,437,18.334601402282715
core,200,3000000.0,14,13,exclude,launch,0,0.0,prior,0.0,asghar_full,12600.0,43200,530182.20813255,0,498559.1852558432,31623.022876706757,0,1,0.16011954434773765,1,9.5786309571142,29.328168476598126,8018.59089865545,1355.905767107373,5.913826088196337,2.011757071644179,307.0957116066012,0.0,0.0,0.013679245283018868,0.5790125335789513,6.067380352644836,0.9765258215962441,678.4265704548908,1588,42.00648498535156
core,200,3000000.0,10,14,exclude,launch,0,0.0,prior,0.0,asghar_full,12600.0,43200,828480.4695851718,0,764665.6098953992,63814.85968977257,0,1,0.3301712980640138,1,9.792960241420158,34.59347133944361,7835.800210335435,1147.0262488389506,6.831404441064041,2.0161483571620247,309.7672451289246,0.0,0.0,0.0010604453870625664,0.47092797293716415,5.818373071528752,0.9544303797468354,789.1306466956188,1426,29.29392910003662
core,200,3000000.0,8,15,exclude,launch,0,0.0,prior,0.0,asghar_full,12600.0,43200,861056.5150138825,0,780463.6368659558,80592.87814792685,0,0,0.0,0,11.706709924993959,27.607367859940446,6500.354398964457,1435.7001475988156,4.527654614952983,2.0183721257382263,311.12453594417826,0.0,0.0,0.11871508379888268,0.8838990397094901,10.675373134328359,0.9533169533169533,1135.6395360806005,536,20.003538131713867
paper,100,1500000.0,2,13,exclude,launch,0,0.0,prior,0.0,asghar_full,12600.0,43200,3591851.0329311104,0,2148809.496897952,1443041.536033158,0,0,0.0,0,4.8468564258348,5.374394670705519,7919.438460522844,3675.3522844840795,2.154742687920192,2.025030005646162,315.2059537424912,0.0,0.0,0.0,2.6848522490172297,10.3,0.36534216335540837,6471.842659441144,50,7.381663799285889
core,200,3000000.0,15,13,exclude,launch,0,0.0,prior,0.0,asghar_full,12600.0,43200,471731.3467855368,0,447293.7930488107,24437.55373672615,0,1,0.17995949212604728,1,9.5786309571142,30.32215628102712,8018.59089865545,1311.9379383104174,6.112019985474475,2.011021038998571,306.64906238932497,0.0,0.0,0.01272264631043257,0.557173055438317,5.997170345217883,0.9741784037558685,615.9147552679058,1767,43.05314064025879
paper,100,1500000.0,3,13,exclude,launch,0,0.0,prior,0.0,asghar_full,12600.0,43200,3892122.544187395,0,2235731.969669239,1656390.5745181562,0,0,0.0,0,4.8468564258348,4.774707099398501,7919.438460522844,4147.682785210616,1.9093645465755407,2.0197969957579884,311.9957737671055,0.0,0.0,0.0,2.1882211920730215,6.478260869565218,0.36574585635359114,5548.955689701461,92,9.263257265090942
paper,100,1500000.0,8,13,exclude,launch,0,0.0,prior,0.0,asghar_full,12600.0,43200,6722936.130382392,0,5438500.1117362315,1284436.0186461606,0,33,0.8465319271342082,33,4.8468564258348,5.363920119512638,7919.438460522844,3658.439407593093,2.1647040112475406,2.0383643879498985,323.4601806487702,0.0,0.0,0.0,0.8315947203951657,1.5401234567901234,0.4593088071348941,3281.7003757641805,648,4.298707962036133
core,200,3000000.0,11,14,exclude,launch,0,0.0,prior,0.0,asghar_full,12600.0,43200,769130.7909867349,0,713841.6683886991,55289.12259803584,0,1,0.3556488379729134,1,9.792960241420158,34.10623152166736,7835.800210335435,1164.1471951093772,6.730935953162885,2.014876144812191,308.99207679265635,0.0,0.0,0.0009652509652509653,0.4713303162367163,5.54888178913738,0.9644670050761421,750.4661868206391,1565,34.927157163619995
paper,100,1500000.0,7,13,exclude,launch,0,0.0,prior,0.0,asghar_full,12600.0,43200,3788620.793740767,0,2922686.226464014,865934.5672767529,0,16,0.6986744689504604,16,4.8468564258348,4.832497673040088,7919.438460522844,4061.2865260146414,1.9499826987814683,2.0380963324005137,323.2931986030194,0.0,0.0,0.0,0.9622495032879861,1.9161554192229038,0.5405105438401776,3503.9883328674555,489,6.838604211807251
core,200,3000000.0,12,14,exclude,launch,0,0.0,prior,0.0,asghar_full,12600.0,43200,1030463.5686873078,0,944870.0097393667,85593.55894794108,0,1,0.2654538019350654,1,9.792960241420158,35.14807864912083,7835.800210335435,1129.2450174952658,6.93897257808205,2.0155808080413498,309.42131329857625,0.0,0.0,0.041723356009070296,0.44321348457358056,4.856115107913669,0.9544303797468354,807.4401311055572,1668,35.462483406066895
core,200,3000000.0,9,15,exclude,launch,0,0.0,prior,0.0,asghar_full,12600.0,43200,653561.1958514984,0,606544.6685131113,47016.527338387015,0,0,0.0,0,11.706709924993959,32.08538298644366,6500.354398964457,1237.096993072187,5.254522834803422,2.01548239083575,309.3613458292471,0.0,0.0,0.09670079635949944,0.8220055050304765,10.208206686930092,0.9536585365853658,971.5817851484127,658,25.45006775856018
paper,100,1500000.0,2,14,exclude,launch,0,0.0,prior,0.0,asghar_full,12600.0,43200,4544957.376894002,0,2717896.526421553,1827060.8504724489,0,0,0.0,0,4.955730778459856,7.420151577168516,7738.130147665369,2666.0445986573686,2.902475881897221,2.021993727886878,313.34135395203543,0.0,0.0,0.0,2.751948015987148,9.612244897959183,0.3090909090909091,6948.563186245372,49,7.774091482162476
paper,100,1500000.0,4,13,exclude,launch,0,0.0,prior,0.0,asghar_full,12600.0,43200,2963409.967976054,0,1621626.4494611851,1341783.5185148688,0,0,0.0,0,4.8468564258348,4.506223259798728,7919.438460522844,4378.816357994247,1.8085797195090432,2.0271717928318687,316.52456759683065,0.0,0.0,0.0,1.4436022299539812,3.89247311827957,0.4760312151616499,4534.81401031106,186,12.674354076385498
paper,100,1500000.0,6,13,exclude,launch,0,0.0,prior,0.0,asghar_full,12600.0,43200,2436956.060417753,0,1597406.092088039,839549.9683297139,0,5,0.251245936789016,5,4.8468564258348,4.548744052567451,7919.438460522844,4314.802791438702,1.835411452925809,2.0380157668303998,323.24301965655104,0.0,0.0,0.0,1.0746958334577938,2.144,0.5511111111111111,4082.8331790464163,375,11.813732147216797
paper,100,1500000.0,5,13,exclude,launch,0,0.0,prior,0.0,asghar_full,12600.0,43200,2119811.3945682896,0,1199045.7110131413,920765.6835551485,0,1,0.043045369174400855,1,4.8468564258348,4.535189288245814,7919.438460522844,4354.151067796787,1.8188249183853198,2.0256344770192527,315.5778241351669,0.0,0.0,0.0,1.3117806785337738,3.330739299610895,0.5743016759776536,3841.5686664502314,257,13.065626621246338
core,200,3000000.0,13,14,exclude,launch,0,0.0,prior,0.0,asghar_full,12600.0,43200,870383.9496307812,0,804374.48712608,66009.4625047013,0,1,0.3142756391356453,1,9.792960241420158,35.328925745667505,7835.800210335435,1124.3463735117016,6.969204859763693,2.0139998394338186,308.4587023115428,0.0,0.0,0.08321238509917755,0.4794753552095078,5.306306306306307,0.9569620253164557,793.6315598894837,1554,37.12574815750122
core,200,3000000.0,11,15,exclude,launch,0,0.0,prior,0.0,asghar_full,12600.0,43200,455576.0088406423,0,433256.1941404955,22319.81470014681,0,0,0.0,0,11.706709924993959,29.251118960600127,6500.354398964457,1357.8136517068133,4.7873685691650785,2.0142219857448422,308.59387091046335,0.0,0.0,0.06656225528582616,0.7065851927195591,9.004175365344468,0.9536585365853658,761.2953983060968,958,28.768726348876953
paper,100,1500000.0,3,14,exclude,launch,0,0.0,prior,0.0,asghar_full,12600.0,43200,4795679.2204448255,0,2922363.147434882,1873316.0730099443,0,0,0.0,0,4.955730778459856,4.623076900948153,7738.130147665369,4274.043023375985,1.810494210129211,2.0243704263931592,314.80043114067064,0.0,0.0,0.0,1.5561610087236755,3.5692307692307694,0.27697441601779754,7177.5362513003965,130,11.157389163970947
core,200,3000000.0,10,15,exclude,launch,0,0.0,prior,0.0,asghar_full,12600.0,43200,492026.0919662741,0,467794.0615486175,24232.030417656533,0,0,0.0,0,11.706709924993959,29.11556740731032,6500.354398964457,1363.345227026938,4.767944516254222,2.0153890138708244,309.30445484686936,0.0,0.0,0.07678410117434507,0.7334763724985855,9.718072289156627,0.9606879606879607,805.365532718531,830,31.520418882369995
paper,100,1500000.0,2,15,exclude,launch,0,0.0,prior,0.0,asghar_full,12600.0,43200,3616734.036950166,0,2108401.014421368,1508333.0225287979,0,0,0.0,0,4.910459184525673,4.387513843548726,7812.5443731858395,4497.493286016798,1.7370886127781224,2.0270803693388286,316.4682255243552,0.0,0.0,0.0,3.0594556297636326,11.0,0.3283898305084746,6724.016132831409,44,7.535388946533203
core,200,3000000.0,15,14,exclude,launch,0,0.0,prior,0.0,asghar_full,12600.0,43200,739963.2755763485,0,686154.1502594328,53809.12531691565,0,1,0.3696676322896743,1,9.792960241420158,32.69465868061038,7835.800210335435,1215.1319350425968,6.4485180451296005,2.0136766973997924,308.2621340554052,0.0,0.0,0.04693802713604694,0.43942201948402904,4.466857415355269,0.9670886075949368,698.5322411754736,2097,40.96003079414368
paper,100,1500000.0,8,15,exclude,launch,0,0.0,prior,0.0,asghar_full,12600.0,43200,6269972.147334707,0,5067695.5672056675,1202276.5801290392,0,33,0.804498551743606,33,4.910459184525673,5.32125128924663,7812.5443731858395,3690.042189844478,2.117196490242598,2.03711192578959,322.68034398449765,0.0,0.0,0.04433497536945813,0.8514522363414139,1.5,0.4528710725893825,3587.45632146599,608,2.2124626636505127
core,200,3000000.0,14,14,exclude,launch,0,0.0,prior,0.0,asghar_full,12600.0,43200,837239.8192750703,0,769723.1896843978,67516.62959067259,0,1,0.32671698809126,1,9.792960241420158,34.59046235935666,7835.800210335435,1148.878097645053,6.820393065545508,2.0130736758831143,307.8954818301974,0.0,0.0,0.04224790753288163,0.4496965061973593,4.503089598352214,0.9645569620253165,747.4754491631645,1942,42.35759210586548
paper,100,1500000.0,8,14,exclude,launch,0,0.0,prior,0.0,asghar_full,12600.0,43200,4615586.706569592,0,3925770.669912428,689816.0366571635,0,27,0.8588768982596041,27,4.955730778459856,5.986631065105638,7738.130147665369,3300.7738504411936,2.344338175919281,2.02423871288422,314.71948229121716,0.0,0.0,0.0,0.8069328814989106,2.093093093093093,0.6302616609783845,2345.804305278897,666,9.64295244216919
paper,100,1500000.0,7,14,exclude,launch,0,0.0,prior,0.0,asghar_full,12600.0,43200,3706198.081947721,0,3009271.900958686,696926.1809890348,0,18,0.737519214108239,18,4.955730778459856,5.51580575263738,7738.130147665369,3580.7573083473517,2.1610317263408154,2.0252383419784676,315.334097358827,0.0,0.0,0.0,0.9146376166051059,2.330739299610895,0.6681715575620768,2735.6288449790036,514,10.181448459625244
core,200,3000000.0,12,15,exclude,launch,0,0.0,prior,0.0,asghar_full,12600.0,43200,787335.7361936189,0,720482.428925905,66853.3072677139,0,1,0.09852658532083976,1,11.706709924993959,28.825465949689153,6500.354398964457,1378.6037926652486,4.715172287751617,2.013140944425033,307.9363719811343,0.0,0.0,0.0005865102639296188,0.6298149977616695,6.418622848200313,0.9582309582309583,794.6234046338401,1278,34.41667675971985
paper,100,1500000.0,6,14,exclude,launch,0,0.0,prior,0.0,asghar_full,12600.0,43200,2546146.2310506003,0,1694480.9473660477,851665.2836845526,0,6,0.25389254634135133,6,4.955730778459856,4.688086806624432,7738.130147665369,4188.143897819349,1.847627573564127,2.0372426130412746,322.7616714926072,0.0,0.0,0.0,1.0533350670890975,2.381201044386423,0.5804274465691789,3591.6621640671524,383,12.123788118362427
paper,100,1500000.0,7,15,exclude,launch,0,0.0,prior,0.0,asghar_full,12600.0,43200,3555707.9212353923,0,2710077.444462062,845630.4767733307,0,15,0.6199331070356001,15,4.910459184525673,4.643015816236753,7812.5443731858395,4206.154420336744,1.8574078819865032,2.0482106282379346,329.6236563452896,0.0,0.0,0.0,0.9783715518793777,1.787941787941788,0.5538628944504896,3812.961812919825,481,6.387080430984497
paper,100,1500000.0,3,15,exclude,launch,0,0.0,prior,0.0,asghar_full,12600.0,43200,4050115.9495252525,0,2453868.750571127,1596247.1989541252,0,0,0.0,0,4.910459184525673,4.1411670356018515,7812.5443731858395,4768.644541966727,1.638315522247695,2.025546846861459,315.5239005322442,0.0,0.0,0.0,1.861182454081979,5.083333333333333,0.3244397011739594,5943.295050059507,108,9.89403510093689
core,200,3000000.0,13,15,exclude,launch,0,0.0,prior,0.0,asghar_full,12600.0,43200,615879.5108960533,0,575688.2548849614,40191.25601109192,0,1,0.12595491056383537,1,11.706709924993959,29.47806330277593,6500.354398964457,1348.8261275122804,4.819267855489605,2.0120328633842206,307.2631549708992,0.0,0.0,0.0010626992561105207,0.6184021645822481,6.526539278131635,0.9631449631449631,710.5890028581291,1413,34.32328200340271
paper,100,1500000.0,5,14,exclude,launch,0,0.0,prior,0.0,asghar_full,12600.0,43200,2439116.3093870375,0,1378745.5046724568,1060370.8047145808,0,1,0.05109701422698173,1,4.955730778459856,4.429688778942768,7738.130147665369,4443.391747537323,1.7414917673991048,2.032226791882067,319.64764496374323,0.0,0.0,0.0,1.2304381191092708,2.956043956043956,0.5308641975308642,4050.364891758813,273,15.674389839172363
paper,100,1500000.0,4,14,exclude,launch,0,0.0,prior,0.0,asghar_full,12600.0,43200,3665631.169967778,0,2010797.7718308768,1654833.3981369012,0,0,0.0,0,4.955730778459856,4.266354953898812,7738.130147665369,4608.965548165537,1.678929917526787,2.0342276087360656,320.8880240015762,0.0,0.0,0.0,1.3429915695504584,3.0854271356783918,0.39164785553047404,5305.402053235937,199,17.052199840545654
core,200,3000000.0,14,15,exclude,launch,0,0.0,prior,0.0,asghar_full,12600.0,43200,528437.1050839388,0,498750.71632069687,29686.3887632419,0,1,0.14679825477169467,1,11.706709924993959,29.825298973785348,6500.354398964457,1332.909347632135,4.876816574594589,2.0123548628386843,307.4587104939395,0.0,0.0,0.021616541353383457,0.5677641504027191,6.2863408521303255,0.9656019656019657,649.8920185452139,1596,34.576987504959106
paper,100,1500000.0,4,15,exclude,launch,0,0.0,prior,0.0,asghar_full,12600.0,43200,3194094.9627183755,0,1712985.9842293803,1481108.9784889952,0,0,0.0,0,4.910459184525673,4.080084279958391,7812.5443731858395,4830.385749872074,1.6173748387264402,2.029593403571996,318.01877300369006,0.0,0.0,0.0,1.527519235337678,3.653409090909091,0.42950108459869846,5091.067040561657,176,11.27259612083435
paper,100,3000000.0,4,13,exclude,launch,0,0.0,prior,0.0,asghar_full,12600.0,43200,2093380.892216355,0,1124701.1527115523,968679.7395048027,0,0,0.0,0,9.6937128516696,10.02682031852111,7919.438460522844,3960.2966188925775,1.9997084114213057,2.014647362410116,308.85278101374155,0.0,0.0,0.0,2.6289003848159234,9.425742574257425,0.5845303867403315,3463.3720430513754,101,7.936612129211426
paper,100,3000000.0,5,13,exclude,launch,0,0.0,prior,0.0,asghar_full,12600.0,43200,1104841.8311515052,0,658318.5782985691,446523.25285293616,0,0,0.0,0,9.6937128516696,9.747494978899221,7919.438460522844,4077.5457024614643,1.9422071604843498,2.0127884394969904,307.7221269536247,0.0,0.0,0.0,2.301403549044612,9.16551724137931,0.7071823204419889,2505.2399787551776,145,8.852635383605957
paper,100,1500000.0,6,15,exclude,launch,0,0.0,prior,0.0,asghar_full,12600.0,43200,2196638.4837245294,0,1306346.5647538814,890291.9189706482,0,4,0.17563060981331932,4,4.910459184525673,4.430079342865296,7812.5443731858395,4429.946668996514,1.7635752655585724,2.03821497892573,323.36710273972596,0.0,0.0,0.0,1.1166490354524568,2.3694444444444445,0.5673603504928806,3842.3520177513647,360,13.73254108428955
paper,100,3000000.0,6,13,exclude,launch,0,0.0,prior,0.0,asghar_full,12600.0,43200,852814.5345296907,0,534318.7484770311,318495.7860526596,0,0,0.0,0,9.6937128516696,10.119770121237915,7919.438460522844,3930.331265530086,2.0149544467099125,2.011361734534346,306.85576742409626,0.0,0.0,0.0,2.0095573873405748,8.223880597014926,0.7416851441241685,2005.6143176422315,201,9.694129228591919
paper,100,3000000.0,14,13,exclude,launch,0,0.0,prior,0.0,asghar_full,12600.0,43200,3298642.2483637957,0,2662573.5815557316,636068.6668080641,0,16,0.8043189623727136,16,9.6937128516696,9.689210680754803,7919.438460522844,4081.995785631575,1.9400898179265347,2.0226886418569245,313.76761745494827,0.0,0.0,0.0,0.9463909857699306,1.7953629032258065,0.679372197309417,1835.432707410873,992,6.787550210952759
core,200,3000000.0,15,15,exclude,launch,0,0.0,prior,0.0,asghar_full,12600.0,43200,464457.3803433959,0,438009.01603271475,26448.364310681194,0,1,0.1670228061334909,1,11.706709924993959,28.866339885359793,6500.354398964457,1376.9587929694821,4.720805322682249,2.0126920093444367,307.66353173702163,0.0,0.0,0.01900041305245766,0.5352913071382025,6.000549752611325,0.9631449631449631,598.4661948959412,1819,38.533345222473145
paper,100,1500000.0,5,15,exclude,launch,0,0.0,prior,0.0,asghar_full,12600.0,43200,1982741.2621864171,0,1142982.0347161796,839759.2274702374,0,1,0.09199253708941009,1,4.910459184525673,4.327620972313201,7812.5443731858395,4547.522608165506,1.7179781270702599,2.0325250542151108,319.8323962745752,0.0,0.0,0.0,1.2662514519966266,3.215909090909091,0.5550755939524838,3885.99676390398,264,14.769544124603271
paper,100,3000000.0,15,13,exclude,launch,0,0.0,prior,0.0,asghar_full,12600.0,43200,4453685.599710047,0,3755302.93813999,698382.6615700574,0,24,0.9048106968255898,24,9.6937128516696,10.290842867159391,7919.438460522844,3842.461148155993,2.061032800376759,2.023156856176769,314.0549857024589,0.0,0.0,0.0,0.8724757052145329,1.6620450606585788,0.6336302895322939,1705.0388150752128,1154,6.631140470504761
paper,100,3000000.0,4,14,exclude,launch,0,0.0,prior,0.0,asghar_full,12600.0,43200,2793736.377743138,0,1452679.1535648888,1341057.2241782492,0,0,0.0,0,9.911461556919711,10.523128365889466,7738.130147665369,3770.371726609946,2.0523520514044784,2.0163269216232003,309.8761234848273,0.0,0.0,0.0,1.998539852592093,6.156716417910448,0.5072951739618407,3972.518263960594,134,7.851768732070923
paper,100,3000000.0,7,13,exclude,launch,0,0.0,prior,0.0,asghar_full,12600.0,43200,695707.4085579027,0,463239.5761196208,232467.83243828182,0,0,0.0,0,9.6937128516696,10.152610032937067,7919.438460522844,3916.769491782175,2.021931205586318,2.0117975207070344,307.12026687267047,0.0,0.0,0.0,1.5844477280852824,6.043771043771044,0.7824639289678136,1819.649195189816,297,12.145708322525024
paper,100,3000000.0,9,13,exclude,launch,0,0.0,prior,0.0,asghar_full,12600.0,43200,926151.3181862795,0,587115.8980244204,339035.4201618592,0,0,0.0,0,9.6937128516696,9.03595786279025,7919.438460522844,4396.480335444211,1.801313290696814,2.0137736552117356,308.3211072004089,0.0,0.0,0.0,1.348638362309559,3.728285077951002,0.7460850111856824,1966.258631651008,449,11.914723873138428
paper,100,3000000.0,13,13,exclude,launch,0,0.0,prior,0.0,asghar_full,12600.0,43200,2094288.4009048243,0,1593831.946149149,500456.45475567516,0,8,0.521385003596083,8,9.6937128516696,9.217590007784613,7919.438460522844,4279.53466930211,1.8505372832542832,2.0280378254502702,317.058531166956,0.0,0.0,0.0,0.9885258938370448,1.744343891402715,0.7125279642058165,2131.7251566268205,884,10.731827974319458
paper,100,3000000.0,8,13,exclude,launch,0,0.0,prior,0.0,asghar_full,12600.0,43200,1309865.6158611698,0,754999.8073367373,554865.8085244325,0,0,0.0,0,9.6937128516696,9.051013440525846,7919.438460522844,4387.877189547389,1.8048450579674808,2.0143656795910934,308.68131957969024,0.0,0.0,0.0,1.3973975256274669,3.9010416666666665,0.7209821428571429,2193.9536221319795,384,12.639024496078491
paper,100,3000000.0,12,13,exclude,launch,0,0.0,prior,0.0,asghar_full,12600.0,43200,2024971.3113100282,0,1344759.8502798954,680211.4610301328,0,5,0.3104460604954827,5,9.6937128516696,9.115392905197732,7919.438460522844,4337.762937713854,1.8256964647995848,2.0232464181515786,314.10996967801043,0.0,0.0,0.0,1.0438174508615123,1.9001297016861218,0.6951219512195121,2242.1209855166157,771,11.822184085845947
paper,100,3000000.0,10,13,exclude,launch,0,0.0,prior,0.0,asghar_full,12600.0,43200,935903.9040004674,0,626938.4611166321,308965.44288383535,0,1,0.09749725764499857,1,9.6937128516696,9.104956713848054,7919.438460522844,4363.295450310207,1.815013113530924,2.0137125667843354,308.28395041694574,0.0,0.0,0.0,1.2771359333393932,3.3415559772296017,0.7578125,1860.528884452252,527,12.897834062576294
paper,100,3000000.0,11,13,exclude,launch,0,0.0,prior,0.0,asghar_full,12600.0,43200,1004782.42421088,0,742483.3003174892,262299.1238933907,0,3,0.264263065323106,3,9.6937128516696,9.009006204284521,7919.438460522844,4408.9133773281665,1.796233625556527,2.014102343272401,308.5210687891722,0.0,0.0,0.0,1.2189169162787261,2.9538714991762767,0.7628062360801782,1832.9498964611444,607,13.381417989730835
core,200,3000000.0,17,15,exclude,launch,0,0.0,prior,0.0,asghar_full,12600.0,43200,559107.7088022063,0,529399.161067503,29708.54773470336,0,1,0.12630304598845807,1,11.706709924993959,28.3605536461886,6500.354398964457,1401.2735871893008,4.638890262680953,2.013039729437888,307.8748480258767,0.0,0.0,0.034027777777777775,0.4948953318464937,4.710319296621934,0.9582309582309583,642.5668171282631,2161,39.361008167266846
paper,100,3000000.0,5,14,exclude,launch,0,0.0,prior,0.0,asghar_full,12600.0,43200,1314074.6229390774,0,790809.7723782161,523264.8505608614,0,0,0.0,0,9.911461556919711,9.609321279197289,7738.130147665369,4129.37710041988,1.873921891725158,2.0161030565944924,309.7396264862011,0.0,0.0,0.0,1.6995677035318741,6.1767676767676765,0.6707726763717805,2676.531554117233,198,10.415816068649292
core,200,3000000.0,18,15,exclude,launch,0,0.0,prior,0.0,asghar_full,12600.0,43200,506063.0573948685,0,476460.33552799054,29602.721866877982,0,1,0.1532857134264525,1,11.706709924993959,29.09121108862818,6500.354398964457,1366.499411955747,4.756939038606015,2.0124205162581754,307.4985905221412,0.0,0.0,0.027594857322044527,0.4770899966173951,4.506265664160401,0.9606879606879607,605.7379262342984,2394,40.69050073623657
paper,100,3000000.0,6,14,exclude,launch,0,0.0,prior,0.0,asghar_full,12600.0,43200,1045376.0770022575,0,664892.1023035104,380483.97469874716,0,0,0.0,0,9.911461556919711,10.035851603856958,7738.130147665369,3959.234902983692,1.954450881869598,2.0133741422042783,308.0781456264769,0.0,0.0,0.0,1.6501787800903982,6.205761316872428,0.7053571428571429,2200.162638708443,243,11.200001001358032
paper,100,3000000.0,7,14,exclude,launch,0,0.0,prior,0.0,asghar_full,12600.0,43200,859725.8302193304,0,566230.1306791406,293495.6995401898,0,0,0.0,0,9.911461556919711,9.286835213639321,7738.130147665369,4275.165373590178,1.8100189048750361,2.014973452316447,309.05133267215007,0.0,0.0,0.0,1.453190379952067,5.08,0.7525195968645016,1989.160309051655,325,11.592979431152344
core,200,3000000.0,16,15,exclude,launch,0,0.0,prior,0.0,asghar_full,12600.0,43200,668893.4508077151,0,618357.6943151923,50535.75649252277,0,1,0.11597177534352988,1,11.706709924993959,28.152963828392842,6500.354398964457,1411.009839820529,4.606880983757887,2.013890356516314,308.3920965110338,0.0,0.0,0.03678678678678678,0.5003241636811063,4.823088455772114,0.958128078817734,675.620456244325,2001,42.73986053466797
paper,100,3000000.0,4,15,exclude,launch,0,0.0,prior,0.0,asghar_full,12600.0,43200,2147955.246970973,0,1096216.9166563035,1051738.3303146695,0,0,0.0,0,9.820918369051347,8.149147859907677,7812.5443731858395,4869.150791062509,1.6044983424062425,2.0161580069812803,309.7731285456502,0.0,0.0,0.0,2.881580749418933,9.813186813186814,0.5901287553648069,3647.7195694637035,91,7.366667032241821
paper,100,3000000.0,14,14,exclude,launch,0,0.0,prior,0.0,asghar_full,12600.0,43200,3082058.3629417336,0,2709441.850137971,372616.5128037624,0,18,0.8685284715598334,18,9.911461556919711,11.10722942624838,7738.130147665369,3576.7721383108465,2.163439505911537,2.013691656140796,308.27123211884094,0.0,0.0,0.0,0.899152050001621,2.345489443378119,0.7786606129398411,1333.1479915068069,1042,10.191187858581543
paper,100,3000000.0,15,15,exclude,launch,0,0.0,prior,0.0,asghar_full,12600.0,43200,4092164.2261798102,0,3494435.3365482027,597728.8896316073,0,23,0.8864192528758452,23,9.820918369051347,9.842080820129379,7812.5443731858395,4010.473000177243,1.9480356488724806,2.0267839809793986,316.2856030787706,0.0,0.0,0.0,0.9075302262195115,1.6018018018018019,0.6521739130434783,1842.392576872624,1110,3.6205031871795654
ring,100,1500000.0,6,13,exclude,launch,0,0.0,prior,0.0,asghar_full,12600.0,43200,14253391.200055536,0,13406219.784327945,847171.4157275914,0,91,0.9982406897043548,91,4.842407636489829,2.9432146475301444,7927.020400330289,6307.411055149709,1.256778784673982,2.1547005383792515,400.0,0.0,0.0,0.0,1.3155261455053324,1.0,0.06091370558375635,10713.470016378906,305,0.05954861640930176
paper,100,3000000.0,15,14,exclude,launch,0,0.0,prior,0.0,asghar_full,12600.0,43200,3422043.1404268304,0,2925818.0977595695,496225.0426672607,0,20,0.86825062766124,20,9.911461556919711,10.968604171538917,7738.130147665369,3618.3473493876636,2.138581346805994,2.0157114716034474,309.5009380640521,0.0,0.0,0.0,0.8717151360659485,2.1056277056277057,0.765375854214123,1345.704580583125,1155,9.991331338882446
paper,100,3000000.0,9,14,exclude,launch,0,0.0,prior,0.0,asghar_full,12600.0,43200,1155336.8576635704,0,699050.5476243513,456286.31003921904,0,0,0.0,0,9.911461556919711,10.393092809554263,7738.130147665369,3812.090269414066,2.029891634453544,2.019212403773639,311.6381772018118,0.0,0.0,0.13363363363363365,1.0793252774358475,2.936,0.7284090909090909,2229.8562096924197,500,12.924495935440063
paper,100,3000000.0,12,14,exclude,launch,0,0.0,prior,0.0,asghar_full,12600.0,43200,2154810.1284919507,0,1453295.890437524,701514.2380544269,0,6,0.30427475975827006,6,9.911461556919711,11.66188179425729,7738.130147665369,3391.889444971702,2.281362725172762,2.022458707899358,313.62654280776746,0.0,0.0,0.16872037914691942,0.851406674913647,1.8466413181242078,0.7155858930602957,2238.901520867824,789,12.020388126373291
paper,100,3000000.0,6,15,exclude,launch,0,0.0,prior,0.0,asghar_full,12600.0,43200,964317.3108570451,0,595070.8636713785,369246.4471856666,0,0,0.0,0,9.820918369051347,8.846135543582323,7812.5443731858395,4489.951103083105,1.7400065599425383,2.0141637991405834,308.55846344617856,0.0,0.0,0.0,1.8303358832326286,6.5565610859728505,0.6874328678839957,2270.815878909934,221,9.338252067565918
ring,100,1500000.0,6,14,exclude,launch,0,0.0,prior,0.0,asghar_full,12600.0,43200,13959416.488262855,0,13149203.08472795,810213.4035349034,0,85,0.9938885965360109,85,4.856939549821317,2.941354239141796,7902.3055066583165,6311.400496570809,1.2520684610257102,2.1547005383792515,400.0,0.0,0.0,0.0,1.3180766126390746,1.0,0.10256410256410256,10765.474967540053,305,0.06904482841491699
paper,100,3000000.0,5,15,exclude,launch,0,0.0,prior,0.0,asghar_full,12600.0,43200,1330940.3746694399,0,760135.1344316354,570805.2402378044,0,0,0.0,0,9.820918369051347,8.70449703137124,7812.5443731858395,4560.730421612816,1.7130028857138813,2.0151709923504404,309.17164311293334,0.0,0.0,0.0,2.1104604493614825,7.1455696202531644,0.6613076098606645,2931.854296809263,158,9.840201377868652
paper,100,3000000.0,13,14,exclude,launch,0,0.0,prior,0.0,asghar_full,12600.0,43200,2307948.012101703,0,1934286.2993324809,373661.7127692218,0,12,0.747841004054831,12,9.911461556919711,10.393484725980775,7738.130147665369,3821.37206153194,2.0249611979848017,2.0142319509500037,308.5999350983552,0.0,0.0,0.0,0.98279633356898,2.484234234234234,0.7832957110609481,1484.590699387636,888,13.025328159332275
paper,100,3000000.0,14,15,exclude,launch,0,0.0,prior,0.0,asghar_full,12600.0,43200,2929056.6501649893,0,2394684.7798119793,534371.8703530101,0,15,0.7610301111509696,15,9.820918369051347,9.468674195514556,7812.5443731858395,4169.009936235512,1.8739567649580435,2.026599277437753,316.17182293071477,0.0,0.0,0.0,0.9585303786573084,1.762970498474059,0.7032608695652174,1898.77359112236,983,5.953535079956055
paper,100,3000000.0,11,14,exclude,launch,0,0.0,prior,0.0,asghar_full,12600.0,43200,1227968.8419005943,0,897568.0643036836,330400.7775969107,0,4,0.3180455966371102,4,9.911461556919711,10.677536808670935,7738.130147665369,3714.0013329638664,2.0835022537512518,2.0173295700896077,310.48783625361193,0.0,0.0,0.09899888765294772,0.9989610987089038,2.6142433234421363,0.7680995475113123,1848.9359731973607,674,13.55113434791565
ring,100,1500000.0,6,15,exclude,launch,0,0.0,prior,0.0,asghar_full,12600.0,43200,13785031.237719333,0,12881090.627887428,903940.6098319041,0,91,0.9949194209255813,91,4.790815190311638,4.525455360733431,8015.976421067365,4102.14290623376,1.954094872922639,2.1547005383792515,400.0,0.0,0.0,0.3475336322869955,0.8567457993896941,0.6507462686567164,0.043478260869565216,15072.82876964451,335,0.06755566596984863
paper,100,3000000.0,8,14,exclude,launch,0,0.0,prior,0.0,asghar_full,12600.0,43200,1671355.5112704302,0,927431.7175198435,743923.7937505866,0,0,0.0,0,9.911461556919711,10.474275383474343,7738.130147665369,3783.5561079475847,2.0452003160230574,2.018672284441454,311.3079669267511,0.0,0.0,0.161231884057971,1.142714362770198,3.0388349514563107,0.6764374295377678,2618.506435511874,412,16.987236499786377
ring,100,1500000.0,5,13,exclude,launch,0,0.0,prior,0.0,asghar_full,12600.0,43200,4547751.036408449,0,3863334.658786778,684416.3776216704,0,7,0.219597100803182,7,4.842407636489829,2.8255074472856783,7927.020400330289,6673.612018750063,1.1878155904266943,2.121302385603039,377.19571198771985,0.0,0.0,0.0,1.4624105554466584,1.3728070175438596,0.29,10438.250971787253,228,3.0181052684783936
paper,100,3000000.0,13,15,exclude,launch,0,0.0,prior,0.0,asghar_full,12600.0,43200,2128507.0167612946,0,1542031.346140235,586475.6706210598,0,8,0.4934066780282486,8,9.820918369051347,9.965545983654462,7812.5443731858395,3963.3014980827365,1.9712213105576728,2.025497810758943,315.49372796141563,0.0,0.0,0.07585004359197908,0.9427889638570056,1.794186046511628,0.6890574214517876,2126.5844012405387,860,8.149657726287842
paper,100,3000000.0,8,15,exclude,launch,0,0.0,prior,0.0,asghar_full,12600.0,43200,1513209.4886822551,0,815415.8027105116,697793.6859717437,0,0,0.0,0,9.820918369051347,8.267042268699676,7812.5443731858395,4799.9623012761085,1.6276261942950703,2.016053266008413,309.7092718099088,0.0,0.0,0.0,1.478964618196847,3.7459016393442623,0.6807359307359307,2401.265260104999,366,10.847181558609009
paper,100,3000000.0,10,14,exclude,launch,0,0.0,prior,0.0,asghar_full,12600.0,43200,1096753.683289139,0,722402.3857234458,374351.29756569327,0,1,0.11381349884453887,1,9.911461556919711,10.304283353237237,7738.130147665369,3848.3771191297596,2.010751521518038,2.017411863909303,310.53807024702047,0.0,0.0,0.11882510013351134,1.079692767001052,2.8839285714285716,0.7658371040723982,2023.7509880086943,560,15.278025150299072
ring,100,1500000.0,5,14,exclude,launch,0,0.0,prior,0.0,asghar_full,12600.0,43200,4980622.777087435,0,4294431.219818202,686191.5572692336,0,5,0.1919763763696413,5,4.856939549821317,2.741938458441381,7902.3055066583165,6858.804589765878,1.1521403479623056,2.1269332399340253,380.99355818045984,0.0,0.0,0.0,1.4953053283574982,1.3258928571428572,0.3128205128205128,11032.78551900175,224,3.2510766983032227
ring,100,1500000.0,5,15,exclude,launch,0,0.0,prior,0.0,asghar_full,12600.0,43200,4704851.7922572885,0,3879553.765445824,825298.0268114646,0,7,0.24532496446883167,7,4.790815190311638,2.7893059583557123,8015.976421067365,6785.431323548679,1.1813510503375235,2.1134227471107163,371.9130641350723,0.0,0.0,0.0,1.4920194012506318,1.3955555555555557,0.2692307692307692,10509.531073677757,225,3.261021137237549
paper,100,3000000.0,9,15,exclude,launch,0,0.0,prior,0.0,asghar_full,12600.0,43200,960180.8927696584,0,591342.5016107905,368838.39115886774,0,0,0.0,0,9.820918369051347,8.5017769026488,7812.5443731858395,4667.984834355249,1.6736439063999065,2.015815806251379,309.5645256690417,0.0,0.0,0.0,1.373698510843206,3.5384615384615383,0.7336898395721925,2107.4490532085765,442,13.087926149368286
ring,100,1500000.0,2,13,exclude,launch,0,0.0,prior,0.0,asghar_full,12600.0,43200,3119710.4866699493,0,2498003.8443133538,621706.6423565954,0,0,0.0,0,4.842407636489829,2.919374191997231,7927.020400330289,6740.153141101818,1.176089064206997,2.0328271984170527,320.0196065370052,0.0,0.0,0.0,3.0510320923641903,9.818181818181818,0.455,7585.78733252898,44,9.667227745056152
ring,100,3000000.0,12,13,exclude,launch,0,0.0,prior,0.0,asghar_full,12600.0,43200,14253587.869786557,0,13396207.29609285,857380.5736937057,0,91,0.9990296251165731,91,9.684815272979659,9.032966121339602,7927.020400330289,4110.292091465767,1.9285783647320895,2.1547005383792515,400.0,0.0,0.0,0.34598214285714285,0.8549500061852277,0.6517857142857143,0.05555555555555555,7514.823991616718,672,0.1252298355102539
ring,100,3000000.0,11,13,exclude,launch,0,0.0,prior,0.0,asghar_full,12600.0,43200,5762424.084123474,0,5288558.040146041,473866.04397743323,0,29,0.8194649822613125,29,9.684815272979659,5.6812168222179364,7927.020400330289,6558.0686058283945,1.2087431341119634,2.1472008332489336,394.8209255421141,0.0,0.0,0.0,1.3851486412213478,1.1065420560747663,0.5808080808080808,5571.9592184853145,535,1.451737880706787
ring,100,3000000.0,10,13,exclude,launch,0,0.0,prior,0.0,asghar_full,12600.0,43200,2857677.5091909003,0,2390424.510368754,467252.9988221461,0,7,0.3481680023546563,7,9.684815272979659,6.43219226668739,7927.020400330289,5906.674397021046,1.3420445867691941,2.1056585020188603,366.7442169259771,0.0,0.0,0.11975116640746501,1.2777732991197792,1.231732776617954,0.5707070707070707,5533.383253857261,479,2.9393298625946045
paper,100,3000000.0,7,15,exclude,launch,0,0.0,prior,0.0,asghar_full,12600.0,43200,842250.7370417815,0,531517.1793598155,310733.557681966,0,0,0.0,0,9.820918369051347,8.947663770040759,7812.5443731858395,4440.424334147743,1.759413917518158,2.0135195789688396,308.16658108595203,0.0,0.0,0.0,1.650140054580089,5.309859154929577,0.7429501084598699,2186.660750689019,284,14.512898206710815
paper,100,3000000.0,10,15,exclude,launch,0,0.0,prior,0.0,asghar_full,12600.0,43200,902999.6790025827,0,642367.538885747,260632.14011683577,0,1,0.19881878290408733,1,9.820918369051347,8.739963125313176,7812.5443731858395,4536.372405037579,1.7222008414719474,2.0177701209686623,310.7568057409696,0.0,0.0,0.0,1.2315498562837848,3.253211009174312,0.7751351351351351,1856.8465868619292,545,14.106874227523804
paper,100,3000000.0,12,15,exclude,launch,0,0.0,prior,0.0,asghar_full,12600.0,43200,1642956.825015228,0,1052081.5380932218,590875.286922006,0,4,0.21756869992950295,4,9.820918369051347,8.964381470356509,7812.5443731858395,4413.786240735082,1.7700323366554154,2.021893896565674,313.28014075145296,0.0,0.0,0.0,1.0829760607662118,2.2053691275167786,0.7116630669546437,2002.2725841763902,745,13.295861005783081
paper,100,3000000.0,11,15,exclude,launch,0,0.0,prior,0.0,asghar_full,12600.0,43200,1019217.0664320961,0,727950.5370041368,291266.5294279593,0,2,0.3030762237794624,2,9.820918369051347,8.725731280490459,7812.5443731858395,4542.234531155131,1.7199782000686432,2.0184527998591917,311.17383166230803,0.0,0.0,0.0,1.1844368799409695,2.8544,0.761129207383279,1843.6166824689608,625,15.2595694065094
ring,100,1500000.0,2,15,exclude,launch,0,0.0,prior,0.0,asghar_full,12600.0,43200,3241681.2927567186,0,2527339.117350823,714342.1754058963,0,0,0.0,0,4.790815190311638,2.8563366236690366,8015.976421067365,6886.472480528705,1.164017781779031,2.033544996905661,320.464578188617,0.0,0.0,0.0,3.070237853556379,9.772727272727273,0.4258373205741627,7713.596575509166,44,8.418373107910156
ring,100,3000000.0,12,14,exclude,launch,0,0.0,prior,0.0,asghar_full,12600.0,43200,13920352.425307062,0,13126650.678830488,793701.7464765746,0,85,0.9957064009314356,85,9.713879099642634,8.08167401039657,7902.3055066583165,4594.113690215338,1.7200935892137044,2.1547005383792515,400.0,0.0,0.0,0.27033218785796104,0.95700092274275,0.72782874617737,0.10362694300518134,6875.226772922279,654,0.12215495109558105
ring,100,3000000.0,11,14,exclude,launch,0,0.0,prior,0.0,asghar_full,12600.0,43200,6945920.470346399,0,6430352.391301276,515568.07904512284,0,38,0.8627110063466187,38,9.713879099642634,6.407165668192329,7902.3055066583165,5844.1538395320695,1.352172739397127,2.1364975237521717,387.48798644844544,0.0,0.0,0.1044776119402985,1.2356899413207936,1.0344202898550725,0.49230769230769234,5739.7577593472915,552,0.9302065372467041
ring,100,1500000.0,2,14,exclude,launch,0,0.0,prior,0.0,asghar_full,12600.0,43200,3553465.9985311884,0,2912006.889797639,641459.1087335494,0,0,0.0,0,4.856939549821317,2.936157309388639,7902.3055066583165,6703.458439461182,1.1788400835216482,2.032271609937415,319.67540300483495,0.0,0.0,0.0,3.106900097913259,9.136363636363637,0.4256410256410256,8243.395084124455,44,11.012537240982056
ring,100,1500000.0,3,13,exclude,launch,0,0.0,prior,0.0,asghar_full,12600.0,43200,4010557.101749642,0,3347288.385505395,663268.7162442468,0,0,0.0,0,4.842407636489829,2.987606192444477,7927.020400330289,6565.582489755251,1.2073598058815629,2.039216695933307,323.9914023319617,0.0,0.0,0.0,1.8382385081395178,3.2454545454545456,0.34,9291.143494965805,110,13.527923345565796
ring,100,3000000.0,10,14,exclude,launch,0,0.0,prior,0.0,asghar_full,12600.0,43200,3076150.2121840427,0,2582313.93461076,493836.27757328266,0,5,0.3187490370166743,5,9.713879099642634,5.498408960474997,7902.3055066583165,6871.456912857309,1.1500189271175036,2.1174059090180277,374.57878965252127,0.0,0.0,0.0,1.478546475798748,1.3054945054945055,0.5230769230769231,5552.107543976911,455,3.2751853466033936
ring,100,1500000.0,4,15,exclude,launch,0,0.0,prior,0.0,asghar_full,12600.0,43200,3738750.849930879,0,2990102.6722257007,748648.1777051786,0,0,0.0,0,4.790815190311638,2.820640402503534,8015.976421067365,6916.258150777386,1.159004803799345,2.0504117120524157,331.0094294450661,0.0,0.0,0.0,1.7395225431997199,2.7243589743589745,0.3798076923076923,7765.519341886524,156,9.674547672271729
ring,100,1500000.0,4,13,exclude,launch,0,0.0,prior,0.0,asghar_full,12600.0,43200,3719064.5756027573,0,3034318.9324418497,684745.6431609077,0,0,0.0,0,4.842407636489829,2.917371033771381,7927.020400330289,6642.900702396872,1.1933070740422305,2.0640041399534206,339.6314429514054,0.0,0.0,0.0,1.6068278613018032,2.3433734939759034,0.375,8388.525245957442,166,12.804042339324951
ring,100,3000000.0,4,13,exclude,launch,0,0.0,prior,0.0,asghar_full,12600.0,43200,1755404.7322452953,0,1344667.700123245,410737.0321220505,0,0,0.0,0,9.684815272979659,6.012890815309574,7927.020400330289,6566.8866337460395,1.2071200315222086,2.0260359638879035,315.82493975741386,0.0,0.0,0.0,2.265630998069566,6.517241379310345,0.7411167512690355,4286.661344524641,116,9.79426908493042
ring,100,3000000.0,9,13,exclude,launch,0,0.0,prior,0.0,asghar_full,12600.0,43200,1793347.910867786,0,1352678.7682755296,440669.1425922563,0,0,0.0,0,9.684815272979659,6.6748832907695235,7927.020400330289,5833.576476399572,1.3588611433140532,2.054524926715169,333.6068463190897,0.0,0.0,0.14051094890510948,1.3374524693466154,1.775609756097561,0.7,4511.5153695399995,410,9.143740177154541
ring,100,3000000.0,12,15,exclude,launch,0,0.0,prior,0.0,asghar_full,12600.0,43200,13746532.273545846,0,12851020.90381752,895511.3697283283,0,91,0.9975097577288791,91,9.581630380623276,12.564966689927829,8015.976421067365,2954.8927686997017,2.712780817624996,2.1547005383792515,400.0,0.0,0.0,0.5309168443496801,0.615712583611255,0.4686609686609687,0.04830917874396135,10025.683952091833,702,0.11664533615112305
ring,100,1500000.0,4,14,exclude,launch,0,0.0,prior,0.0,asghar_full,12600.0,43200,4121241.0095659336,0,3384438.1819262197,736802.8276397141,0,0,0.0,0,4.856939549821317,2.8365633357624462,7902.3055066583165,6807.923260121601,1.1607512606593582,2.071346975678251,344.33530268848085,0.0,0.0,0.0,1.613913306904972,2.253012048192771,0.3641025641025641,8809.779833636285,166,12.782583236694336
ring,100,3000000.0,11,15,exclude,launch,0,0.0,prior,0.0,asghar_full,12600.0,43200,5933661.318861264,0,5425044.116400354,508617.2024609098,0,34,0.8253082345128848,34,9.581630380623276,6.304608952238298,8015.976421067365,5904.800922648815,1.3575354234756325,2.1489512948464435,396.02672337879574,0.0,0.0,0.10273972602739725,1.2476570702053245,0.9761029411764706,0.5072463768115942,6205.0243454978845,544,1.4688913822174072
ring,100,3000000.0,5,13,exclude,launch,0,0.0,prior,0.0,asghar_full,12600.0,43200,1133708.1397731563,0,901894.3736608137,231813.76611234254,0,0,0.0,0,9.684815272979659,5.918950644549586,7927.020400330289,6678.169046022034,1.1870050526876306,2.0238944531394605,314.50795535092664,0.0,0.0,0.0,2.1230587046650844,6.139240506329114,0.885,3464.0024575832304,158,11.544325590133667
ring,100,1500000.0,3,14,exclude,launch,0,0.0,prior,0.0,asghar_full,12600.0,43200,4531764.504347876,0,3787137.707997048,744626.796350828,0,0,0.0,0,4.856939549821317,2.8631130684390578,7902.3055066583165,6869.679275067994,1.1503165126409924,2.0336912985671427,320.55531022002776,0.0,0.0,0.0,2.0576388369182097,3.673469387755102,0.3384615384615385,9151.77618611573,98,14.451817750930786
ring,100,3000000.0,10,15,exclude,launch,0,0.0,prior,0.0,asghar_full,12600.0,43200,3056682.3616214856,0,2436912.876161826,619769.4854596596,0,7,0.37844599802279144,7,9.581630380623276,6.347987394719609,8015.976421067365,6005.286648767105,1.3348199494711976,2.0985541934573337,362.04639478880785,0.0,0.0,0.11635220125786164,1.302232981379702,1.2442105263157894,0.5192307692307693,5592.8254200188285,475,3.4983508586883545
ring,100,3000000.0,8,13,exclude,launch,0,0.0,prior,0.0,asghar_full,12600.0,43200,1880733.2555063234,0,1466800.7311094932,413932.5243968301,0,0,0.0,0,9.684815272979659,6.985580906847598,7927.020400330289,5603.479243542698,1.41466043788155,2.043759046778609,326.82988431965737,0.0,0.0,0.16075156576200417,1.341312870172809,2.092436974789916,0.69,4389.265364208078,357,12.583773851394653
ring,100,3000000.0,9,14,exclude,launch,0,0.0,prior,0.0,asghar_full,12600.0,43200,1825707.9691187104,0,1482076.585001133,343631.38411757746,0,0,0.0,0,9.713879099642634,5.639691077437043,7902.3055066583165,6859.016102450252,1.1521048192080157,2.068106259401607,342.25529441186796,0.0,0.0,0.0,1.5328562494514282,1.8964646464646464,0.7538461538461538,4363.49819472471,396,8.704610824584961
ring,100,1500000.0,3,15,exclude,launch,0,0.0,prior,0.0,asghar_full,12600.0,43200,4167951.5417735013,0,3404333.842167206,763617.6996062951,0,0,0.0,0,4.790815190311638,2.851551326520578,8015.976421067365,6884.499781458402,1.164351321886348,2.037541240514433,322.94754773046844,0.0,0.0,0.0,1.9671579182549224,4.038834951456311,0.3894230769230769,7979.134050234714,103,14.244376420974731
ring,100,3000000.0,7,13,exclude,launch,0,0.0,prior,0.0,asghar_full,12600.0,43200,1034432.2945815512,0,839943.1820006806,194489.11258087063,0,0,0.0,0,9.684815272979659,5.8274161838559,7927.020400330289,6767.4114578931685,1.1713519193641775,2.028576400952529,317.3908237789375,0.0,0.0,0.0,1.7780927757575298,4.108614232209738,0.795,3036.7425674084084,267,13.089110612869263
ring,100,3000000.0,6,13,exclude,launch,0,0.0,prior,0.0,asghar_full,12600.0,43200,1058127.8825453564,0,864351.827175629,193776.05536972755,0,0,0.0,0,9.684815272979659,5.917132578410644,7927.020400330289,6681.971990948321,1.186329486425349,2.0233640806697935,314.1822124815393,0.0,0.0,0.0,1.9734769886226025,5.009852216748769,0.82,3280.782758037988,203,13.505891799926758
core,100,1500000.0,2,13,exclude,launch,0,0.0,prior,0.0,asghar_full,12600.0,43200,1150601.4718729649,0,937642.3577396986,212959.11413326624,0,0,0.0,0,5.4250914585007,16.344895064576193,7039.814254312048,1208.899231849368,5.8233259388729826,2.0243600262276833,314.794038999954,0.0,0.0,0.0,1.7215485563203636,16.51948051948052,0.8535353535353535,2514.84980521019,77,3.8153209686279297
ring,100,3000000.0,4,14,exclude,launch,0,0.0,prior,0.0,asghar_full,12600.0,43200,2043827.2047559305,0,1598034.459426142,445792.7453297883,0,0,0.0,0,9.713879099642634,5.901917913237512,7902.3055066583165,6701.9790008986965,1.1791003083714025,2.0225243521467924,313.6668152199652,0.0,0.0,0.0,2.7070508164690446,7.383838383838384,0.6903553299492385,4596.773275979758,99,10.873049020767212
ring,100,3000000.0,4,15,exclude,launch,0,0.0,prior,0.0,asghar_full,12600.0,43200,1832149.4724006434,0,1371369.3407601223,460780.1316405212,0,0,0.0,0,9.581630380623276,5.609402751017337,8015.976421067365,7047.108201310779,1.1374845102529254,2.023775920005571,314.4351403149758,0.0,0.0,0.0,2.5375641154687614,7.171428571428572,0.7177033492822966,4383.3339483454365,105,8.581604719161987
ring,100,3000000.0,5,14,exclude,launch,0,0.0,prior,0.0,asghar_full,12600.0,43200,1274085.478134557,0,1039922.3892419387,234163.08889261822,0,0,0.0,0,9.713879099642634,5.875325609848935,7902.3055066583165,6733.698553219045,1.173546074895292,2.0221081349686014,313.4115118706979,0.0,0.0,0.0,2.303165161464122,6.258503401360544,0.8020304568527918,3634.8224117082773,147,12.571511268615723
ring,100,3000000.0,8,14,exclude,launch,0,0.0,prior,0.0,asghar_full,12600.0,43200,2131294.811393361,0,1634814.163668978,496480.6477243831,0,0,0.0,0,9.713879099642634,5.72184864993233,7902.3055066583165,6813.17932589905,1.1598557925254005,2.052124952258902,332.09007454973926,0.0,0.0,0.0,1.5763177001068782,2.2189349112426036,0.6461538461538462,4370.060315884576,338,12.873114585876465
ring,100,3000000.0,8,15,exclude,launch,0,0.0,prior,0.0,asghar_full,12600.0,43200,1854105.3322304026,0,1454079.3881195537,400025.944110849,0,0,0.0,0,9.581630380623276,6.6474131607924445,8015.976421067365,5910.686721334554,1.356183604205209,2.0361012613561567,322.0517471351455,0.0,0.0,0.1419068736141907,1.458803218459269,2.399408284023669,0.7703349282296651,4080.4555587044792,338,9.55629277229309
ring,100,3000000.0,9,15,exclude,launch,0,0.0,prior,0.0,asghar_full,12600.0,43200,1934674.5601206224,0,1447844.2925787198,486830.2675419026,0,0,0.0,0,9.581630380623276,5.56934124093611,8015.976421067365,6973.390816174561,1.1495091315511183,2.0598811009058755,337.00438441723514,0.0,0.0,0.0,1.5690939308394651,1.9248704663212435,0.6555023923444976,4466.238862910263,386,9.386163473129272
ring,100,3000000.0,6,14,exclude,launch,0,0.0,prior,0.0,asghar_full,12600.0,43200,1148366.523101338,0,929738.849711775,218627.67338956305,0,0,0.0,0,9.713879099642634,5.730735498460219,7902.3055066583165,6896.865708835363,1.1457821335472598,2.02408083655208,314.6224679379624,0.0,0.0,0.0,2.049930028432935,5.153061224489796,0.7589743589743589,3267.8294992123115,196,14.299011707305908
core,100,1500000.0,3,13,exclude,launch,0,0.0,prior,0.0,asghar_full,12600.0,43200,1392183.6556342486,0,1092454.520636223,299729.1349980256,0,0,0.0,0,5.4250914585007,14.10362804512226,7039.814254312048,1399.9477352498334,5.028626481584849,2.025896822249618,315.73928697055936,0.0,0.0,0.0,0.6355556340163299,4.4113924050632916,0.7817258883248731,2344.497863761473,316,8.502488374710083
ring,100,3000000.0,7,14,exclude,launch,0,0.0,prior,0.0,asghar_full,12600.0,43200,1092625.009772024,0,909155.1830319428,183469.82674008101,0,0,0.0,0,9.713879099642634,5.797927040033568,7902.3055066583165,6819.105892346759,1.158847747991017,2.0234375560197417,314.22732932149876,0.0,0.0,0.0,1.9291485108880464,4.557377049180328,0.7295918367346939,2997.157104801378,244,14.794875383377075
ring,100,3000000.0,5,15,exclude,launch,0,0.0,prior,0.0,asghar_full,12600.0,43200,1292404.6128064892,0,1007322.4391407206,285082.17366576864,0,0,0.0,0,9.581630380623276,5.640420489189244,8015.976421067365,7009.986415138973,1.1435081248882062,2.0233048806112244,314.1458636048257,0.0,0.0,0.0,2.2274109167369174,6.006756756756757,0.821256038647343,3662.3688367608697,148,11.793631076812744
ring,100,3000000.0,7,15,exclude,launch,0,0.0,prior,0.0,asghar_full,12600.0,43200,944736.7278843438,0,797874.5243980533,146862.2034862906,0,0,0.0,0,9.581630380623276,5.8594646013397025,8015.976421067365,6746.46148114465,1.188174933403358,2.0237460168460606,314.41677210245246,0.0,0.0,0.0,1.863759791151403,4.653543307086614,0.8660287081339713,2817.5737474751304,254,12.163872718811035
core,100,1500000.0,2,14,exclude,launch,0,0.0,prior,0.0,asghar_full,12600.0,43200,1276332.8340184928,0,1053756.6399453536,222576.19407313925,0,0,0.0,0,5.989176269992355,22.03142339780146,6345.381434240381,896.573830246506,7.077366325197969,2.0250296026604735,315.2057058990864,0.0,0.0,0.0,1.384972308829733,13.979166666666666,0.7743589743589744,2418.5245577981113,96,7.422649621963501
core,100,1500000.0,3,14,exclude,launch,0,0.0,prior,0.0,asghar_full,12600.0,43200,1436061.1889646484,0,1138479.7221282308,297581.46683641744,0,0,0.0,0,5.989176269992355,20.467567541768403,6345.381434240381,967.3390010747248,6.5596253507721585,2.0202962659735277,312.3013411078571,0.0,0.0,0.0,0.7024657134793487,5.961538461538462,0.7577319587628866,1919.0762752739254,286,8.24362564086914
core,100,1500000.0,4,13,exclude,launch,0,0.0,prior,0.0,asghar_full,12600.0,43200,670355.6843902251,0,590483.8225465588,79871.86184366624,0,0,0.0,0,5.4250914585007,11.974270100784885,7039.814254312048,1653.568273399822,4.2573471973055135,2.0201741524323853,312.2265903873407,0.0,0.0,0.0,0.7098493833863069,5.057894736842106,0.93,1719.101188647251,380,10.710543632507324
core,100,1500000.0,2,15,exclude,launch,0,0.0,prior,0.0,asghar_full,12600.0,43200,1154542.8658908836,0,927240.7267898739,227302.13910100985,0,0,0.0,0,5.823713537682201,23.935631115406306,6535.136370950874,826.1385655219451,7.910460355790373,2.022843163303418,313.8624410149628,0.0,0.0,0.0,1.5386807677759244,16.724137931034484,0.8439024390243902,2249.042658206352,87,3.8362584114074707
core,100,1500000.0,5,13,exclude,launch,0,0.0,prior,0.0,asghar_full,12600.0,43200,376045.12985811674,0,347366.16039479163,28678.969463325135,0,0,0.0,0,5.4250914585007,12.669293056271833,7039.814254312048,1565.9158002242257,4.495653120879173,2.0162259641010216,309.81456303391514,0.0,0.0,0.0,0.6649809088911249,5.240079365079365,0.9695431472081218,1240.8442035306077,504,11.241749048233032
ring,100,3000000.0,6,15,exclude,launch,0,0.0,prior,0.0,asghar_full,12600.0,43200,1024438.5575690175,0,837139.0981928869,187299.4593761306,0,0,0.0,0,9.581630380623276,5.805319325338196,8015.976421067365,6808.056409838833,1.17742508852936,2.0241408426873093,314.6593396980818,0.0,0.0,0.0,1.977551912587543,5.25615763546798,0.8564593301435407,3109.340750732438,203,14.6589195728302
core,100,1500000.0,4,14,exclude,launch,0,0.0,prior,0.0,asghar_full,12600.0,43200,872164.3538226986,0,749650.0028799522,122514.35094274636,0,0,0.0,0,5.989176269992355,15.181431010302072,6345.381434240381,1305.0920929002475,4.862018143209592,2.0188596243119017,311.42248021589666,0.0,0.0,0.0,0.6551542438084507,5.487804878048781,0.9222797927461139,1454.3003473453573,410,10.618078231811523
core,100,1500000.0,9,13,exclude,launch,0,0.0,prior,0.0,asghar_full,12600.0,43200,375409.5026793305,0,350698.6713138647,24710.831365465743,0,1,0.2959539998174132,1,5.4250914585007,13.834407483556229,7039.814254312048,1434.8560800210757,4.906285969955011,2.0150743996748113,309.11281106255353,0.0,0.0,0.05049875311720698,0.4511535618718518,3.2340248962655602,0.9695431472081218,837.2514097707672,1205,11.444497346878052
core,100,1500000.0,5,14,exclude,launch,0,0.0,prior,0.0,asghar_full,12600.0,43200,471140.4618405822,0,426254.1784286112,44886.283411970995,0,0,0.0,0,5.989176269992355,13.1557858666001,6345.381434240381,1507.7732686267543,4.208445371909008,2.0165414620020075,310.00696319075377,0.0,0.0,0.0,0.6602883750450445,5.254437869822485,0.9479166666666666,1217.3019743990344,507,11.622159004211426
core,100,1500000.0,6,13,exclude,launch,0,0.0,prior,0.0,asghar_full,12600.0,43200,382503.1742610854,0,356902.8072243852,25600.367036700216,0,1,0.2904654166649548,1,5.4250914585007,14.44695197560123,7039.814254312048,1375.3126866551274,5.118700876259239,2.013178636213106,307.9592846635949,0.0,0.0,0.0,0.6011411206152608,5.088191330343797,0.9593908629441624,956.426842790218,669,14.196433544158936
core,100,1500000.0,8,13,exclude,launch,0,0.0,prior,0.0,asghar_full,12600.0,43200,457556.9474832602,0,421189.22571415594,36367.72176910427,0,1,0.24281992547272777,1,5.4250914585007,13.420015707560383,7039.814254312048,1479.6126025602443,4.757876651044146,2.014461378330782,308.7395664374371,0.0,0.0,0.011004126547455296,0.4804312969090483,3.3256021409455845,0.9644670050761421,876.7380204965771,1121,13.860437631607056
core,100,1500000.0,3,15,exclude,launch,0,0.0,prior,0.0,asghar_full,12600.0,43200,1419237.5517269685,0,1103683.5556110353,315553.99611593323,0,0,0.0,0,5.823713537682201,14.192432355617987,6535.136370950874,1394.8337535003918,4.685243925701314,2.0206016815513794,312.48833771565097,0.0,0.0,0.0,0.8429525456664507,6.957983193277311,0.8,1961.6704917388154,238,8.948969841003418
core,100,1500000.0,7,14,exclude,launch,0,0.0,prior,0.0,asghar_full,12600.0,43200,375193.22558201506,0,356420.74999275734,18772.475589257745,0,1,0.4141361783028337,1,5.989176269992355,15.341472981326746,6345.381434240381,1295.5668069966264,4.897764746651853,2.012487164374573,307.5390774069793,0.0,0.0,0.0,0.5358246252615899,5.1548974943052395,0.9585492227979274,719.6288447378068,878,11.296402215957642
core,100,1500000.0,6,14,exclude,launch,0,0.0,prior,0.0,asghar_full,12600.0,43200,416693.64066151006,0,390812.1520095872,25881.488651922846,0,1,0.3728881427729078,1,5.989176269992355,16.729773181927982,6345.381434240381,1188.1219868799722,5.340681768631735,2.0123749637058097,307.47092014150195,0.0,0.0,0.0,0.598052706649226,6.013353115727003,0.9430051813471503,807.2829095956948,674,13.456343173980713
core,100,1500000.0,4,15,exclude,launch,0,0.0,prior,0.0,asghar_full,12600.0,43200,806782.2883029712,0,660256.0425052295,146526.24579774178,0,0,0.0,0,5.823713537682201,13.035353881989362,6535.136370950874,1521.0159354124962,4.2965600943415225,2.017452886240508,310.56311271574225,0.0,0.0,0.0,0.7773328995966305,6.843478260869565,0.9323671497584541,1389.1070294850963,345,9.592905282974243
core,100,1500000.0,7,13,exclude,launch,0,0.0,prior,0.0,asghar_full,12600.0,43200,356350.55581400037,0,334624.7066594768,21725.84915452354,0,1,0.31178271529174967,1,5.4250914585007,13.25114258006079,7039.814254312048,1499.0489674487937,4.696186987335704,2.013681799676193,308.2652372984297,0.0,0.0,0.0,0.5481400108916757,4.388111888111888,0.9593908629441624,866.8809753849633,858,15.677743911743164
core,100,3000000.0,5,13,exclude,launch,0,0.0,prior,0.0,asghar_full,12600.0,43200,318305.74069022876,0,293753.39199126407,24552.348698964655,0,0,0.0,0,10.8501829170014,27.644454246475988,7039.814254312048,1437.6570929560294,4.8967269655639365,2.0129206493807956,307.80247258260374,0.0,0.0,0.0,0.8560908106078603,8.080808080808081,0.97,1033.0695125582386,396,7.006953477859497
core,100,3000000.0,6,13,exclude,launch,0,0.0,prior,0.0,asghar_full,12600.0,43200,261930.10200813162,0,245151.4845450525,16778.617463079107,0,0,0.0,0,10.8501829170014,29.520530768111946,7039.814254312048,1348.0939892545116,5.222050027984344,2.0102295512014177,306.16912383618546,0.0,0.0,0.0,0.8601233526531268,8.119148936170212,0.95,866.7277944787083,470,8.896518468856812
core,100,3000000.0,7,13,exclude,launch,0,0.0,prior,0.0,asghar_full,12600.0,43200,197288.89734164425,0,188458.14427351207,8830.753068132162,0,0,0.0,0,10.8501829170014,23.342207939747357,7039.814254312048,1704.3557857774308,4.130483971162677,2.0108875911684683,306.56811659351666,0.0,0.0,0.0,0.7871681289914068,7.667779632721202,0.9696969696969697,715.5590546357839,599,9.565224647521973
core,100,1500000.0,5,15,exclude,launch,0,0.0,prior,0.0,asghar_full,12600.0,43200,398466.9536287935,0,360971.0081763697,37495.945452423715,0,0,0.0,0,5.823713537682201,12.918830707380335,6535.136370950874,1537.2870340754318,4.251084037068778,2.0141036660703326,308.52187366118665,0.0,0.0,0.0,0.768622051658734,6.506849315068493,0.9420289855072463,1153.280888649503,438,13.943315982818604
core,100,1500000.0,8,15,exclude,launch,0,0.0,prior,0.0,asghar_full,12600.0,43200,483156.665478522,0,447479.4749867702,35677.19049175187,0,1,0.3212454372322077,1,5.823713537682201,15.465597738946617,6535.136370950874,1285.4720713226884,5.083841583758826,2.0120123212128056,307.2506814859592,0.0,0.0,0.05030959752321981,0.5031729803880368,4.0815273477812175,0.9609756097560975,823.9185461660211,969,12.53843879699707
core,100,1500000.0,7,15,exclude,launch,0,0.0,prior,0.0,asghar_full,12600.0,43200,390022.77331147745,0,361269.27252028015,28753.50079119729,0,1,0.3979559268693019,1,5.823713537682201,13.81104980249099,6535.136370950874,1439.3572179144562,4.540315836550916,2.012170186787616,307.34654610650324,0.0,0.0,0.0,0.5751080085744172,5.122100122100122,0.9560975609756097,778.4172390241002,819,13.549656867980957
core,100,1500000.0,9,14,exclude,launch,0,0.0,prior,0.0,asghar_full,12600.0,43200,419733.934706924,0,397619.6219659962,22114.31274092777,0,1,0.37018975712586377,1,5.989176269992355,14.51105233531458,6345.381434240381,1368.4455427450662,4.636926524318762,2.014343648736327,308.66791131951754,0.0,0.0,0.04626773596545342,0.4510063341301653,3.4901477832512313,0.9479166666666666,767.4341280535083,1218,16.13558578491211
core,100,3000000.0,8,13,exclude,launch,0,0.0,prior,0.0,asghar_full,12600.0,43200,310658.3712062555,0,284209.45292737096,26448.91827888455,0,0,0.0,0,10.8501829170014,23.85926636930666,7039.814254312048,1667.725862060555,4.2212059034774585,2.0105192592340817,306.344751984899,0.0,0.0,0.016016016016016016,0.6905820453632322,5.157490396927017,0.9644670050761421,815.263314154415,781,10.87782335281372
core,100,1500000.0,8,14,exclude,launch,0,0.0,prior,0.0,asghar_full,12600.0,43200,496382.13121074607,0,462685.0404977357,33697.09071301029,0,1,0.3130210778264901,1,5.989176269992355,15.229287425340843,6345.381434240381,1303.8939929093963,4.866485671953934,2.0143647989548015,308.6807836075845,0.0,0.0,0.05506607929515418,0.47073185110326593,3.7960975609756096,0.9427083333333334,840.1542651454575,1025,17.79283595085144
core,100,3000000.0,9,13,exclude,launch,0,0.0,prior,0.0,asghar_full,12600.0,43200,219924.69116557363,0,207540.26298771295,12384.428177860676,0,0,0.0,0,10.8501829170014,25.947474960809213,7039.814254312048,1534.302919773787,4.588281859849408,2.009480397295463,305.7152017571418,0.0,0.0,0.07692307692307693,0.6992162010052181,5.891165172855314,0.964824120603015,717.3431787082017,781,11.708814144134521
core,100,1500000.0,6,15,exclude,launch,0,0.0,prior,0.0,asghar_full,12600.0,43200,391640.00496332144,0,364438.6612533954,27201.343709926074,0,1,0.39631261435572485,1,5.823713537682201,15.212884150578235,6535.136370950874,1306.8692091241724,5.000604747073766,2.011945941262516,307.2103764113035,0.0,0.0,0.0,0.6318676492405373,6.18125,0.9563106796116505,828.3348799352303,640,15.459537267684937
core,100,1500000.0,9,15,exclude,launch,0,0.0,prior,0.0,asghar_full,12600.0,43200,383176.545610754,0,359664.8320645993,23511.713546154668,0,1,0.40506621825171546,1,5.823713537682201,14.907022217895836,6535.136370950874,1333.2234302091988,4.901756316962891,2.01264025675899,307.63208688267383,0.0,0.0,0.04049079754601227,0.4539510702436296,3.8514285714285714,0.9707317073170731,691.45917372496,1225,13.786593198776245
core,100,3000000.0,10,13,exclude,launch,0,0.0,prior,0.0,asghar_full,12600.0,43200,175462.28963813256,0,167500.47914551877,7961.810492613786,0,0,0.0,0,10.8501829170014,26.957834401604256,7039.814254312048,1477.6596005566169,4.7641650699932745,2.0083092382012575,305.0062559526,0.0,0.0,0.06711409395973154,0.683527604592271,5.89608938547486,0.9747474747474747,622.8707429711594,895,11.543960094451904
core,100,3000000.0,6,14,exclude,launch,0,0.0,prior,0.0,asghar_full,12600.0,43200,274245.9497432939,0,256702.3358058824,17543.61393741153,0,0,0.0,0,11.97835253998471,37.3115451512866,6345.381434240381,1066.9155225722186,5.947407550077019,2.0096328387476134,305.8075407232693,0.0,0.0,0.0,0.9158914583740579,9.4874715261959,0.9384615384615385,791.9861016023298,439,8.288478374481201
core,100,3000000.0,5,14,exclude,launch,0,0.0,prior,0.0,asghar_full,12600.0,43200,401416.2672945626,0,370857.3557379359,30558.911556626637,0,0,0.0,0,11.97835253998471,32.33847640520988,6345.381434240381,1229.4023553364145,5.161354544911398,2.0122243099421953,307.3794160913861,0.0,0.0,0.0,0.8858078047935964,8.413157894736843,0.9333333333333333,1036.0887037160367,380,9.109097242355347
core,100,3000000.0,11,13,exclude,launch,0,0.0,prior,0.0,asghar_full,12600.0,43200,251141.40300506822,0,239829.25862465866,11312.144380409562,0,1,0.4423959672040664,1,10.8501829170014,32.54718387694749,7039.814254312048,1224.8697785294216,5.747398113425615,2.006719404249109,304.0451876675046,0.0,0.0,0.05776173285198556,0.653111815381142,6.061538461538461,0.9746192893401016,520.8245073428258,1040,12.638612508773804
core,100,3000000.0,7,14,exclude,launch,0,0.0,prior,0.0,asghar_full,12600.0,43200,231403.69050576977,0,215149.47391220587,16254.216593563904,0,0,0.0,0,11.97835253998471,27.922027233376262,6345.381434240381,1425.7241192854995,4.4506376432913015,2.009590383966138,305.78182301906827,0.0,0.0,0.0,0.8512568504169405,8.958257713248639,0.9487179487179487,663.1778501067001,551,9.579537153244019
core,100,3000000.0,17,13,exclude,launch,0,0.0,prior,0.0,asghar_full,12600.0,43200,241974.93674897106,0,230347.63117570034,11627.30557327069,0,1,0.45915475949757023,1,10.8501829170014,30.761640925413424,7039.814254312048,1295.7539090564128,5.432987085826,2.007048932567108,304.24426577536576,0.0,0.0,0.09216255442670537,0.4597349479061372,3.7091787439613526,0.9847715736040609,425.123145238085,2070,11.428210258483887
core,100,3000000.0,12,13,exclude,launch,0,0.0,prior,0.0,asghar_full,12600.0,43200,315307.26561901567,0,297655.2789724247,17651.986646591013,0,1,0.3523672176386198,1,10.8501829170014,32.620826951660504,7039.814254312048,1221.6391457040863,5.762597145865592,2.0074839418211465,304.50716790824265,0.0,0.0,0.10246913580246914,0.5598741594085178,4.9087171052631575,0.9593908629441624,547.3502010206804,1216,14.493802547454834
core,100,3000000.0,13,13,exclude,launch,0,0.0,prior,0.0,asghar_full,12600.0,43200,259874.6570669834,0,247699.00177791918,12175.655289064209,0,1,0.4275289677776332,1,10.8501829170014,31.18843954845494,7039.814254312048,1278.293156614889,5.507198577949464,2.006623420432669,303.98721316906983,0.0,0.0,0.04604242110708743,0.5554947438979727,4.7584308327598075,0.9746192893401016,474.7829584772519,1453,14.857155561447144
core,100,3000000.0,8,14,exclude,launch,0,0.0,prior,0.0,asghar_full,12600.0,43200,384280.87612739037,0,353060.4678198766,31220.408307513808,0,0,0.0,0,11.97835253998471,30.116421828387683,6345.381434240381,1321.1128310598824,4.803057910768836,2.0106973470574463,306.4527382046881,0.0,0.0,0.07507507507507508,0.64086485656111,5.56,0.9282051282051282,786.6528699307432,750,10.892964839935303
core,100,3000000.0,16,13,exclude,launch,0,0.0,prior,0.0,asghar_full,12600.0,43200,271224.8462305562,0,258315.0026899822,12909.843540573958,0,1,0.4096377799877878,1,10.8501829170014,29.883871490456723,7039.814254312048,1333.5839761751795,5.278868357808837,2.007394631285055,304.4531829425856,0.0,0.0,0.1039279869067103,0.4817685299969946,3.7858310626702996,0.9746192893401016,471.5355336016118,1835,14.210532188415527
core,100,3000000.0,9,14,exclude,launch,0,0.0,prior,0.0,asghar_full,12600.0,43200,238907.03439847173,0,225062.9706868749,13844.06371159679,0,0,0.0,0,11.97835253998471,32.786486590220996,6345.381434240381,1214.8325404743898,5.223256064381122,2.008531700479198,305.1408572614389,0.0,0.0,0.06807727690892364,0.6734894311596411,6.1040391676866586,0.9487179487179487,658.4882593788104,817,10.66266131401062
core,100,3000000.0,15,13,exclude,launch,0,0.0,prior,0.0,asghar_full,12600.0,43200,237605.03033133963,0,227136.3632424172,10468.667088922424,0,1,0.4675992917005141,1,10.8501829170014,28.69107072265726,7039.814254312048,1389.3090474956273,5.06713338331888,2.006986111063786,304.20630836261023,0.0,0.0,0.07430617726051925,0.5260533541914384,4.17103694874851,0.9695431472081218,467.45593359981257,1678,15.315398454666138
core,100,3000000.0,14,13,exclude,launch,0,0.0,prior,0.0,asghar_full,12600.0,43200,253068.21042057156,0,240711.98774102132,12356.222679550234,0,1,0.43902765860149356,1,10.8501829170014,27.736719479984178,7039.814254312048,1436.6506525769996,4.90015734979436,2.007630192218376,304.59558128101247,0.0,0.0,0.044097995545657014,0.5124016915137537,4.050966608084359,0.9796954314720813,471.2911154307121,1707,16.172558069229126
core,100,3000000.0,10,14,exclude,launch,0,0.0,prior,0.0,asghar_full,12600.0,43200,216518.05639627014,0,206046.81980944145,10471.2365868287,0,0,0.0,0,11.97835253998471,26.04134710470472,6345.381434240381,1529.0281270271817,4.149944217558255,2.0091440067216695,305.5114878906795,0.0,0.0,0.05991902834008097,0.6629730897669429,5.542610571736786,0.953125,635.9392315936933,927,11.822070121765137
core,100,3000000.0,14,14,exclude,launch,0,0.0,prior,0.0,asghar_full,12600.0,43200,283213.67565902544,0,270949.9360447923,12263.739614233167,0,1,0.5486362071462147,1,11.97835253998471,31.93096917182289,6345.381434240381,1248.1323428752755,5.083901134732848,2.0073229468237046,304.4098557592776,0.0,0.0,0.0651978417266187,0.4980409257414508,4.808243727598566,0.9583333333333334,405.76325731497684,1674,12.127192497253418
core,100,3000000.0,13,14,exclude,launch,0,0.0,prior,0.0,asghar_full,12600.0,43200,311592.4934459234,0,297920.24873905384,13672.244706869547,0,1,0.4986680538986322,1,11.97835253998471,32.918696927403644,6345.381434240381,1210.8088495089505,5.240613691264135,2.007112728109373,304.28281413597097,0.0,0.0,0.078862660944206,0.5448383004332633,4.983606557377049,0.953125,465.2597562214986,1403,12.614190578460693
core,100,3000000.0,6,15,exclude,launch,0,0.0,prior,0.0,asghar_full,12600.0,43200,255034.21660307611,0,238937.1290374889,16097.087565587217,0,0,0.0,0,11.647427075364401,23.806501719775454,6535.136370950874,1671.2810612583544,3.9102557447939885,2.0106890512561746,306.4477074987319,0.0,0.0,0.0,0.9848014105878478,9.748780487804877,0.9854368932038835,817.2055616048287,410,9.18090009689331
core,100,3000000.0,5,15,exclude,launch,0,0.0,prior,0.0,asghar_full,12600.0,43200,311061.2041486318,0,291515.5047687027,19545.699379929083,0,0,0.0,0,11.647427075364401,32.144587903222714,6535.136370950874,1237.3715329323657,5.281466557957482,2.0113238533936757,306.8327809329099,0.0,0.0,0.0,0.9606115186721782,10.202279202279202,0.9663461538461539,918.1804627892574,351,10.607622146606445
core,100,3000000.0,7,15,exclude,launch,0,0.0,prior,0.0,asghar_full,12600.0,43200,200728.50284361737,0,190790.12307171096,9938.379771906413,0,0,0.0,0,11.647427075364401,28.41865296604882,6535.136370950874,1401.4501919122886,4.663124247058424,2.008671099034384,305.2252158081696,0.0,0.0,0.0,0.9109880258089047,9.229571984435797,0.975609756097561,686.2590864973571,514,9.177959203720093
core,100,3000000.0,12,14,exclude,launch,0,0.0,prior,0.0,asghar_full,12600.0,43200,342791.3010243316,0,325281.41104704095,17509.889977290626,0,1,0.453283629095804,1,11.97835253998471,34.60424296350418,6345.381434240381,1151.6241175188711,5.509941427686714,2.0074737865014565,304.50102914627473,0.0,0.0,0.08672566371681416,0.5466465652037988,5.012549019607843,0.953125,510.0789322091828,1275,13.839041948318481
paper,50,1500000.0,6,13,exclude,launch,0,0.0,prior,0.0,asghar_full,12600.0,43200,1350522.8200884608,0,1085755.6459068644,264767.1741815964,0,5,0.5931039124740252,5,4.616046259841628,4.592756148445782,8332.091090158548,4312.222680975657,1.932203345369303,2.019693299086944,311.9323272608447,0.0,0.0,0.0,1.0556280588515465,1.9081364829396326,0.7136038186157518,2248.8872353709567,381,0.9686379432678223
core,100,3000000.0,8,15,exclude,launch,0,0.0,prior,0.0,asghar_full,12600.0,43200,339656.58532588487,0,307426.1956995822,32230.389626302673,0,0,0.0,0,11.647427075364401,27.044468520129485,6535.136370950874,1471.5552656832056,4.440972434641642,2.010180051390379,306.1391208681208,0.0,0.0,0.07096774193548387,0.6992432893743143,6.662374821173104,0.966183574879227,703.0103195186773,699,9.846888065338135
paper,50,1500000.0,7,13,exclude,launch,0,0.0,prior,0.0,asghar_full,12600.0,43200,2860959.989002713,0,2522211.7120595262,338748.2769431866,0,14,0.9106721841051267,14,4.616046259841628,4.938168946820647,8332.091090158548,4014.0453400817955,2.075734174439784,2.0179563762259045,310.8705551696925,0.0,0.0,0.0,0.9393560311943291,1.7231075697211156,0.672209026128266,1896.8123401949467,502,0.4035170078277588
paper,50,1500000.0,5,13,exclude,launch,0,0.0,prior,0.0,asghar_full,12600.0,43200,1091257.4252441695,0,721866.0403786546,369391.38486551493,0,1,0.18906198093660345,1,4.616046259841628,4.453021948947244,8332.091090158548,4439.1197831925465,1.8769691959441195,2.023523682506919,314.2802185957573,0.0,0.0,0.0,1.1071523885270866,2.039473684210526,0.6571428571428571,2662.1285586034383,304,1.8679306507110596
core,100,3000000.0,15,14,exclude,launch,0,0.0,prior,0.0,asghar_full,12600.0,43200,274851.2535323265,0,263045.8634237056,11805.390108620893,0,1,0.5653292274410608,1,11.97835253998471,30.6528365401754,6345.381434240381,1300.0988723648425,4.880691437489146,2.0074416755891455,304.4816189141596,0.0,0.0,0.05865809562073122,0.4804988643186931,4.525106837606837,0.953125,385.4977820703192,1872,14.159971952438354
core,100,3000000.0,11,14,exclude,launch,0,0.0,prior,0.0,asghar_full,12600.0,43200,180679.91134406673,0,173015.68416070953,7664.227183357184,0,0,0.0,0,11.97835253998471,26.700834464689034,6345.381434240381,1492.1412753608756,4.25253395172367,2.0079607011918115,304.7954325441264,0.0,0.0,0.05469327420546933,0.6734145744403797,5.714285714285714,0.9639175257731959,564.8028380638435,1015,15.207441091537476
paper,50,1500000.0,2,13,exclude,launch,0,0.0,prior,0.0,asghar_full,12600.0,43200,1580807.3956618872,0,867866.6770678335,712940.7185940536,0,0,0.0,0,4.616046259841628,4.7099500794954325,8332.091090158548,4214.758425059121,1.9768846158820297,2.0149812060179193,309.056054570877,0.0,0.0,0.0,2.483560150600172,6.407407407407407,0.458628841607565,4670.854047327578,54,3.1512601375579834
paper,50,1500000.0,4,13,exclude,launch,0,0.0,prior,0.0,asghar_full,12600.0,43200,1410788.3740088253,0,800448.4329110129,610339.9410978124,0,0,0.0,0,4.616046259841628,4.6643842414700885,8332.091090158548,4255.015602230407,1.9581810900507644,2.0154151321686937,309.3203671911498,0.0,0.0,0.0,1.3029591873723207,2.7211538461538463,0.5355450236966824,2925.484320138256,208,2.995577573776245
core,100,3000000.0,17,14,exclude,launch,0,0.0,prior,0.0,asghar_full,12600.0,43200,291442.21780789737,0,278156.05157151446,13286.166236382875,0,1,0.5331438982819092,1,11.97835253998471,30.784055625000768,6345.381434240381,1294.4191221861552,4.902107304721839,2.0076556799999405,304.6109908308429,0.0,0.0,0.08681898066783832,0.4476085961638099,3.727187646233037,0.953125,408.63934126618614,2137,14.618454933166504
paper,50,1500000.0,3,14,exclude,launch,0,0.0,prior,0.0,asghar_full,12600.0,43200,1291030.8963160163,0,727504.4016741323,563526.4946418841,0,0,0.0,0,4.665748476569164,10.472794322093813,8239.782041589951,1901.0509955854502,4.334329831616335,2.0091096979013567,305.4907147195704,0.0,0.0,0.0,1.737087037013005,4.767241379310345,0.4765258215962441,2951.426345446201,116,2.2715373039245605
paper,50,1500000.0,6,14,exclude,launch,0,0.0,prior,0.0,asghar_full,12600.0,43200,681873.1789600007,0,553986.9689601555,127886.20999984522,0,4,0.5495449029153521,4,4.665748476569164,5.857306741617152,8239.782041589951,3391.226194896053,2.4297353134365354,2.0137486622081022,308.3059050386149,0.0,0.0,0.0,0.9246715996619294,2.38302752293578,0.8075117370892019,1576.2906386517689,436,1.4964420795440674
paper,50,1500000.0,2,14,exclude,launch,0,0.0,prior,0.0,asghar_full,12600.0,43200,1202551.6561490525,0,688097.058530359,514454.59761869366,0,0,0.0,0,4.665748476569164,8.281142579142164,8239.782041589951,2399.0035262783836,3.4346685827396306,2.01344069831668,308.1186147013801,0.0,0.0,0.0,2.364185176974276,7.245614035087719,0.5046948356807511,4022.1726509520495,57,2.6402454376220703
paper,50,1500000.0,4,14,exclude,launch,0,0.0,prior,0.0,asghar_full,12600.0,43200,805855.6618225152,0,461202.847461439,344652.81436107616,0,0,0.0,0,4.665748476569164,6.176492363149685,8239.782041589951,3222.5083753836175,2.5569466644470897,2.009666660349474,305.8280295063779,0.0,0.0,0.0,1.4568647568414497,3.614130434782609,0.6564705882352941,2455.29415782635,184,2.5754287242889404
core,100,3000000.0,9,15,exclude,launch,0,0.0,prior,0.0,asghar_full,12600.0,43200,234516.40152864155,0,218975.24606342928,15541.155465212265,0,0,0.0,0,11.647427075364401,26.660819934504122,6535.136370950874,1493.4948093191608,4.375734237690485,2.0091518784606563,305.51625414020134,0.0,0.0,0.06029684601113173,0.6857076353179621,6.3213844252163165,0.9757281553398058,638.0103804950544,809,11.952812433242798
paper,50,1500000.0,8,15,exclude,launch,0,0.0,prior,0.0,asghar_full,12600.0,43200,3915859.74836178,0,3390837.7196540725,525022.0287077074,0,20,0.9651262496632114,20,4.999659041031505,5.419479418572502,7667.212238219762,3646.565752475126,2.102584392730503,2.0240366451289713,314.5953151700997,0.0,0.0,0.0,0.8131851248571643,1.351963746223565,0.5575620767494357,1822.9697934827193,662,0.44904255867004395
paper,50,1500000.0,7,14,exclude,launch,0,0.0,prior,0.0,asghar_full,12600.0,43200,790661.8103738708,0,677635.7541513039,113026.05622256691,0,5,0.6339139944829487,5,4.665748476569164,5.538259456841833,8239.782041589951,3574.781040218873,2.3049753114628397,2.02039947831944,312.36452860637553,0.0,0.0,0.0,0.8579595753405527,1.9216757741347905,0.8141176470588235,1547.2356873546105,549,2.2291831970214844
paper,50,1500000.0,5,14,exclude,launch,0,0.0,prior,0.0,asghar_full,12600.0,43200,592910.1289009678,0,401941.18854272447,190968.94035824333,0,1,0.15948423912027815,1,4.665748476569164,5.897277632463811,8239.782041589951,3375.320087103625,2.4411853776690373,2.0095251843312285,305.74232933970006,0.0,0.0,0.0,1.2456631977624664,3.111111111111111,0.7353629976580797,1957.4508068351913,270,2.6450414657592773
paper,50,1500000.0,3,13,exclude,launch,0,0.0,prior,0.0,asghar_full,12600.0,43200,1842199.360255115,0,1102208.345405891,739991.0148492239,0,0,0.0,0,4.616046259841628,4.85615692774004,8332.091090158548,4084.020386738432,2.040168829032878,2.016876832640399,310.21154782823123,0.0,0.0,0.0,1.3221368897110293,2.875,0.4357142857142857,3704.841571141661,152,5.01777720451355
paper,50,1500000.0,7,15,exclude,launch,0,0.0,prior,0.0,asghar_full,12600.0,43200,2208857.0347689977,0,1906478.881370283,302378.1533987145,0,9,0.8346096688576405,9,4.999659041031505,4.869127810562161,7667.212238219762,4047.0486469233037,1.8945194157842957,2.029880128048222,318.19592344458687,0.0,0.0,0.0,0.9200147164303307,1.4453125,0.704954954954955,2213.2947346282685,512,1.1546545028686523
core,100,3000000.0,18,14,exclude,launch,0,0.0,prior,0.0,asghar_full,12600.0,43200,281692.49985563714,0,269414.70155163936,12277.798303997788,0,1,0.5515968108174661,1,11.97835253998471,29.455626038558382,6345.381434240381,1352.64302105611,4.691098342625584,2.0078836039983354,304.74880776260187,0.0,0.0,0.08038897893030794,0.4408086494983031,3.557186016400518,0.953125,394.92674613123074,2317,16.6302387714386
paper,50,1500000.0,2,15,exclude,launch,0,0.0,prior,0.0,asghar_full,12600.0,43200,1538573.871599371,0,868149.7305803169,670424.1410190543,0,0,0.0,0,4.999659041031505,4.8001401177826075,7667.212238219762,4133.018623614347,1.8551119499952176,2.0162236949001695,309.8131794229657,0.0,0.0,0.0,2.3605325666449235,5.9298245614035086,0.40829694323144106,4841.809870907328,57,2.5704197883605957
core,100,3000000.0,16,14,exclude,launch,0,0.0,prior,0.0,asghar_full,12600.0,43200,315229.81272689655,0,301147.61487759143,14082.197849305117,0,1,0.49291243917750666,1,11.97835253998471,30.473259712143403,6345.381434240381,1307.4378055990965,4.853295053169117,2.007936781379147,304.7809665770866,0.0,0.0,0.08888888888888889,0.45959938030556,3.8187850944359365,0.9536082474226805,437.55062828803125,1959,18.268795490264893
paper,50,1500000.0,6,15,exclude,launch,0,0.0,prior,0.0,asghar_full,12600.0,43200,1452200.1474664144,0,1132936.4424188805,319263.70504753396,0,4,0.575058470415521,4,4.999659041031505,4.654479133274486,7667.212238219762,4260.210704989807,1.7997260626662144,2.0172411757792883,310.4338829102488,0.0,0.0,0.0,1.1065611580433514,2.0798898071625342,0.7339246119733924,2159.912983522886,363,3.379286527633667
paper,50,3000000.0,10,13,exclude,launch,0,0.0,prior,0.0,asghar_full,12600.0,43200,581692.9785508256,0,460119.6153823754,121573.36316845017,0,1,0.3546807304472445,1,9.232092519683256,9.313874817483416,8332.091090158548,4263.930917145586,1.9540867926951127,2.0144172450232203,308.7127041001501,0.0,0.0,0.06090133982947625,1.033018864100655,1.8214285714285714,0.8329355608591885,1455.5883307703002,616,1.8638076782226562
paper,50,3000000.0,4,13,exclude,launch,0,0.0,prior,0.0,asghar_full,12600.0,43200,869139.9495409712,0,507518.08849401627,361621.861046955,0,0,0.0,0,9.232092519683256,10.658557253819101,8332.091090158548,3735.458235367835,2.2305405562480014,2.009313395094886,305.6140588553896,0.0,0.0,0.0,1.690172790979283,4.583850931677019,0.7193396226415094,2268.35171469832,161,3.1049842834472656
core,100,3000000.0,10,15,exclude,launch,0,0.0,prior,0.0,asghar_full,12600.0,43200,183405.0234885058,0,174835.28952408658,8569.73396441921,0,0,0.0,0,11.647427075364401,27.30036496760862,6535.136370950874,1459.525608953029,4.4775756799764315,2.0077508315361396,304.66852153853426,0.0,0.0,0.05665236051502146,0.7125821378190659,6.498285714285714,0.9710144927536232,578.0515782058175,875,14.064844846725464
paper,50,3000000.0,9,13,exclude,launch,0,0.0,prior,0.0,asghar_full,12600.0,43200,455378.6704264081,0,290066.198422449,165312.47200395906,0,0,0.0,0,9.232092519683256,9.426135666287005,8332.091090158548,4222.815855569189,1.9731125805947498,2.009806087674006,305.9125004110446,0.0,0.0,0.0776255707762557,1.152799518280122,2.247967479674797,0.8071428571428572,1493.6095123474697,492,2.4974896907806396
paper,50,3000000.0,14,13,exclude,launch,0,0.0,prior,0.0,asghar_full,12600.0,43200,2743079.1399596264,0,2455401.111031519,287678.0289281077,0,14,0.9510521789244175,14,9.232092519683256,11.170733599518826,8332.091090158548,3561.3020715918456,2.3396193085171895,2.010941699227327,306.6009357709906,0.0,0.0,0.10855018587360594,0.8257794632363294,1.4435643564356435,0.7279236276849642,1124.0876392283383,1010,0.5193672180175781
paper,50,3000000.0,11,13,exclude,launch,0,0.0,prior,0.0,asghar_full,12600.0,43200,829420.2518200121,0,728271.0072772026,101149.24454280948,0,3,0.6450387049425883,3,9.232092519683256,9.395579783766316,8332.091090158548,4230.525597327011,1.9695167653454324,2.0126676913557597,307.64875593474125,0.0,0.0,0.05434782608695652,1.020735794175398,1.7431059506531206,0.8210023866348448,1368.4416037428948,689,2.2599682807922363
paper,50,3000000.0,13,13,exclude,launch,0,0.0,prior,0.0,asghar_full,12600.0,43200,1772139.985848724,0,1572427.3012675517,199712.68458117242,0,8,0.8342512936775832,8,9.232092519683256,10.85877660197668,8332.091090158548,3659.140584024198,2.277062304339015,2.013399670245497,308.0936674961045,0.0,0.0,0.12197159565580618,0.8522666388679294,1.414715719063545,0.8133971291866029,1293.9108832271006,897,0.8176982402801514
paper,50,3000000.0,12,13,exclude,launch,0,0.0,prior,0.0,asghar_full,12600.0,43200,1271153.2814250484,0,1036104.6404799345,235048.64094511393,0,5,0.6147033462187688,5,9.232092519683256,11.068039860106419,8332.091090158548,3594.6273147537345,2.3179290537187094,2.010783914468049,306.50523652420566,0.0,0.0,0.13984674329501914,0.8889046286977287,1.6030729833546735,0.7857142857142857,1313.8856449043521,781,1.098952054977417
paper,50,3000000.0,8,13,exclude,launch,0,0.0,prior,0.0,asghar_full,12600.0,43200,651397.9410136674,0,387439.15847226925,263958.78254139813,0,0,0.0,0,9.232092519683256,10.038439642712762,8332.091090158548,3967.3352545741072,2.1001731780928097,2.0087452988710437,305.27012339832953,0.0,0.0,0.09074733096085409,1.1913651127545895,2.443127962085308,0.7553444180522565,1597.921640537818,422,2.951888084411621
paper,50,1500000.0,3,15,exclude,launch,0,0.0,prior,0.0,asghar_full,12600.0,43200,927711.4891162411,0,523576.67150424625,404134.81761199486,0,0,0.0,0,4.999659041031505,5.08777727055136,7667.212238219762,3906.511511192797,1.9626749380494437,2.0125319890193487,307.5663086362435,0.0,0.0,0.0,2.04389270155003,5.387755102040816,0.6241610738255033,3131.202283149912,98,5.073547840118408
paper,50,1500000.0,4,15,exclude,launch,0,0.0,prior,0.0,asghar_full,12600.0,43200,641958.5320353756,0,365043.78164334624,276914.75039202935,0,0,0.0,0,4.999659041031505,4.527873580275487,7667.212238219762,4380.652966382775,1.7502441524261596,2.0166329027435737,310.0627376822473,0.0,0.0,0.0,1.3710309927157165,3.3979591836734695,0.734375,2430.464654768363,196,5.078639984130859
paper,50,1500000.0,5,15,exclude,launch,0,0.0,prior,0.0,asghar_full,12600.0,43200,757348.9822457171,0,550987.975677024,206361.0065686931,0,1,0.33590053689002547,1,4.999659041031505,4.547251428913055,7667.212238219762,4359.732156421807,1.758642954000304,2.0176750067845544,310.69872583018275,0.0,0.0,0.0,1.2010767139153862,2.592857142857143,0.7309417040358744,2267.660509579852,280,4.887225151062012
paper,50,3000000.0,5,13,exclude,launch,0,0.0,prior,0.0,asghar_full,12600.0,43200,556177.1679252764,0,352656.86901105376,203520.29891422275,0,0,0.0,0,9.232092519683256,9.662997143897572,8332.091090158548,4122.928263691564,2.020915853311066,2.0080399894792222,304.84338611678123,0.0,0.0,0.0,1.679576967959716,4.115,0.7721822541966427,1970.6892420894026,200,4.360605716705322
core,100,3000000.0,16,15,exclude,launch,0,0.0,prior,0.0,asghar_full,12600.0,43200,308142.0937640172,0,290691.0441946782,17451.049569339022,0,1,0.503702276950739,1,11.647427075364401,32.91225701011308,6535.136370950874,1211.3755377715793,5.394806290188733,2.006566336091547,303.9527366858281,0.0,0.0,0.09455701231624951,0.47280820459838824,4.1242071881606766,0.975609756097561,418.51564964605905,1892,12.640558958053589
core,100,3000000.0,14,15,exclude,launch,0,0.0,prior,0.0,asghar_full,12600.0,43200,291299.72745974123,0,274720.5227686734,16579.204691067815,0,1,0.5328253328858825,1,11.647427075364401,30.37275974331814,6535.136370950874,1312.4408362411668,4.979375976800233,2.006901221718662,304.15502108956025,0.0,0.0,0.0720763723150358,0.5251283693727733,4.6571428571428575,0.975609756097561,444.3394185052645,1575,13.790307998657227
core,100,3000000.0,11,15,exclude,launch,0,0.0,prior,0.0,asghar_full,12600.0,43200,156142.12187990223,0,148981.87637482124,7160.245505080983,0,0,0.0,0,11.647427075364401,27.030507475697664,6535.136370950874,1474.234757346344,4.432900756399387,2.0075628088361954,304.55484412496514,0.0,0.0,0.04700854700854701,0.6538351859005921,5.910037878787879,0.961352657004831,528.2850781739206,1056,15.245932579040527
paper,50,3000000.0,12,14,exclude,launch,0,0.0,prior,0.0,asghar_full,12600.0,43200,604826.2572048109,0,514746.08031854447,90080.17688626637,0,4,0.5962876675607598,4,9.331496953138329,14.619544225277256,8239.782041589951,2724.655972307688,3.0241550218947992,2.0083734871875283,305.04512689882097,0.0,0.0,0.13322502030869213,0.7373452836144933,1.9123376623376624,0.8392434988179669,926.4938709848947,924,1.6345486640930176
paper,50,3000000.0,6,14,exclude,launch,0,0.0,prior,0.0,asghar_full,12600.0,43200,239930.10952353044,0,172560.52422863682,67369.58529489364,0,0,0.0,0,9.331496953138329,15.696756212228047,8239.782041589951,2541.8552907398607,3.241640887901053,2.005068671969418,303.0489106123108,0.0,0.0,0.0,1.7468521009663516,6.259740259740259,0.8372641509433962,1140.2978463137279,231,2.23521089553833
paper,50,3000000.0,7,13,exclude,launch,0,0.0,prior,0.0,asghar_full,12600.0,43200,320474.53404414706,0,224130.681423043,96343.85262110407,0,0,0.0,0,9.232092519683256,9.021840196304446,8332.091090158548,4416.721074205285,1.8864879511681116,2.007681806022867,304.62678665685183,0.0,0.0,0.0,1.4620994020326163,3.710280373831776,0.8317535545023697,1372.727256226033,321,4.992899656295776
paper,50,3000000.0,6,13,exclude,launch,0,0.0,prior,0.0,asghar_full,12600.0,43200,394376.68932236714,0,267224.46543600544,127152.22388636168,0,0,0.0,0,9.232092519683256,9.178700029106835,8332.091090158548,4340.820842447426,1.9194736186026924,2.0078762765466536,304.74437664766407,0.0,0.0,0.0,1.5594606565231146,3.988416988416988,0.7971360381861575,1588.0472349780457,259,5.147615671157837
paper,50,3000000.0,4,14,exclude,launch,0,0.0,prior,0.0,asghar_full,12600.0,43200,618550.7754215141,0,363111.72593688744,255439.04948462665,0,0,0.0,0,9.331496953138329,17.358843477378755,8239.782041589951,2296.2323496141144,3.5883921080437093,2.007027710657726,304.2314430097622,0.0,0.0,0.0,2.0164974191247786,6.18796992481203,0.7393364928909952,1974.508974037411,133,2.5785388946533203
paper,50,3000000.0,5,14,exclude,launch,0,0.0,prior,0.0,asghar_full,12600.0,43200,319046.33128179173,0,221974.444611834,97071.8866699577,0,0,0.0,0,9.331496953138329,16.759357294369,8239.782041589951,2379.8155306235362,3.462361656002406,2.0058078782693616,303.49484639661443,0.0,0.0,0.0,1.8726235831863844,6.23463687150838,0.8056206088992974,1494.371849025975,179,2.6115269660949707
core,100,3000000.0,12,15,exclude,launch,0,0.0,prior,0.0,asghar_full,12600.0,43200,341315.6497301681,0,319953.2792352714,21362.370494896662,0,1,0.45474584706563775,1,11.647427075364401,34.848073812748886,6535.136370950874,1143.8415818501387,5.7133229589192185,2.0069905551041787,304.20899342070646,0.0,0.0,0.08880994671403197,0.547817805853627,5.337264150943396,0.9757281553398058,482.79377515340786,1272,15.42580270767212
paper,50,3000000.0,8,14,exclude,launch,0,0.0,prior,0.0,asghar_full,12600.0,43200,320913.68917516124,0,226557.57461772714,94356.11455743415,0,0,0.0,0,9.331496953138329,13.270666382145059,8239.782041589951,3005.255545108123,2.7417908120999743,2.005930345903259,303.5687582427152,0.0,0.0,0.007936507936507936,1.1292500931761225,2.940803382663848,0.8047058823529412,1176.0937578994915,473,2.675028085708618
paper,50,3000000.0,9,14,exclude,launch,0,0.0,prior,0.0,asghar_full,12600.0,43200,271269.28266239475,0,189852.78632192218,81416.49634047257,0,0,0.0,0,9.331496953138329,12.779362425787111,8239.782041589951,3120.738429146688,2.6403308795870397,2.0059653687925394,303.589896962973,0.0,0.0,0.004043126684636119,1.0813357315032168,2.802139037433155,0.8372641509433962,1049.8960749767512,561,2.546834707260132
paper,50,3000000.0,7,14,exclude,launch,0,0.0,prior,0.0,asghar_full,12600.0,43200,226971.57491570688,0,164364.03482509014,62607.54009061671,0,0,0.0,0,9.331496953138329,11.734242783171485,8239.782041589951,3399.2742979879877,2.4239826855005595,2.0056202544128,303.38162882557947,0.0,0.0,0.0,1.5342566331225866,4.584967320261438,0.8514150943396226,1156.5672255071129,306,2.76876163482666
paper,50,3000000.0,10,14,exclude,launch,0,0.0,prior,0.0,asghar_full,12600.0,43200,312768.22378352104,0,244227.9836547305,68540.24012879057,0,1,0.3245434270191373,1,9.331496953138329,12.497392725678292,8239.782041589951,3191.5833527282994,2.581722339962151,2.0056926282310044,303.4252987434555,0.0,0.0,0.003500583430571762,1.0462314941104789,2.723172628304821,0.8591549295774648,939.4973933869785,643,2.7879247665405273
core,100,3000000.0,13,15,exclude,launch,0,0.0,prior,0.0,asghar_full,12600.0,43200,296084.9635296062,0,279893.19977794355,16191.76375166261,0,1,0.5242139702166393,1,11.647427075364401,32.53457267304822,6535.136370950874,1225.3321901392446,5.333358923842711,2.0067396759026854,304.0574325109931,0.0,0.0,0.08188720173535792,0.5483063474613767,5.285508291276136,0.9804878048780488,445.18808145287863,1387,15.374981880187988
paper,50,3000000.0,14,14,exclude,launch,0,0.0,prior,0.0,asghar_full,12600.0,43200,679797.0426798553,0,610545.0353074478,69252.00737240748,0,5,0.7475799329078107,5,9.331496953138329,12.912596921837956,8239.782041589951,3081.8812731607395,2.6736208540374213,2.0102982229924615,306.2107498145177,0.0,0.0,0.06088082901554404,0.748206749916279,1.7765314926660916,0.8888888888888888,796.1869635871287,1159,2.3945038318634033
ring,50,1500000.0,6,13,exclude,launch,0,0.0,prior,0.0,asghar_full,12600.0,43200,5993623.9387907935,0,5666906.308626803,326717.63016399165,0,39,0.9891119821080178,39,4.791964885844101,3.5943525735479036,8013.97324192218,5164.786766364998,1.551656167900704,2.1547005383792515,400.0,0.0,0.0,0.1807511737089202,1.0766090649798097,0.81875,0.23,6166.2619630668305,320,0.07061767578125
paper,50,3000000.0,11,14,exclude,launch,0,0.0,prior,0.0,asghar_full,12600.0,43200,450921.96350292204,0,397526.72331078106,53395.24019214103,0,3,0.6682371825949446,3,9.331496953138329,12.468636045038329,8239.782041589951,3199.111481709031,2.575647047219527,2.005587731228931,303.36200555944475,0.0,0.0,0.004,0.9821164694520376,2.611185086551265,0.8661971830985915,841.0086922873892,751,3.179290294647217
paper,50,3000000.0,15,15,exclude,launch,0,0.0,prior,0.0,asghar_full,12600.0,43200,2795056.7671584226,0,2438527.676546579,356529.0906118436,0,14,0.9485700316732987,14,9.99931808206301,10.223906818616525,7667.212238219762,3873.7122497893965,1.9792931802398612,2.019973850690104,312.1039968274796,0.0,0.0,0.014659018483110261,0.8493559738523362,1.2920203735144313,0.7042889390519187,1074.1239596632984,1178,0.9089572429656982
ring,50,1500000.0,5,13,exclude,launch,0,0.0,prior,0.0,asghar_full,12600.0,43200,1480166.2060829254,0,1226938.0159081495,253228.19017477604,0,3,0.3578627679312095,3,4.791964885844101,2.8145690548836577,8013.97324192218,6743.697334184524,1.1883649050052247,2.107414736024674,367.9102192693795,0.0,0.0,0.0,1.4517880874692222,1.3620689655172413,0.5544554455445545,5194.007523213519,232,0.42737770080566406
paper,50,3000000.0,13,14,exclude,launch,0,0.0,prior,0.0,asghar_full,12600.0,43200,586934.0471047988,0,505917.15694116947,81016.89016362943,0,4,0.6125886547500227,4,9.331496953138329,13.072859976947035,8239.782041589951,3043.062131507236,2.707727179237306,2.010983734427085,306.62643338284033,0.0,0.0,0.06323835997220292,0.7425662156977504,1.7731481481481481,0.8537735849056604,853.1525059724765,1080,3.0261051654815674
ring,50,1500000.0,6,14,exclude,launch,0,0.0,prior,0.0,asghar_full,12600.0,43200,6850008.446442843,0,6380639.652710569,469368.7937322739,0,41,0.9931147323318993,41,4.864538549593913,3.568741008476572,7889.440438978361,5201.852575296529,1.5166597524207284,2.1547005383792515,400.0,0.0,0.0,0.17289719626168223,1.0832633990243195,0.825,0.23478260869565218,6237.510323080818,320,0.07187962532043457
paper,50,3000000.0,4,15,exclude,launch,0,0.0,prior,0.0,asghar_full,12600.0,43200,407719.2888315883,0,271415.1469989157,136304.1418326726,0,0,0.0,0,9.99931808206301,10.680322395310395,7667.212238219762,3729.285786833821,2.05594654753699,2.008537564709383,305.1444058289796,0.0,0.0,0.0,2.3193268287097593,7.758620689655173,0.7824175824175824,1841.7366458340812,116,2.640263080596924
paper,50,3000000.0,14,15,exclude,launch,0,0.0,prior,0.0,asghar_full,12600.0,43200,1995613.9929358666,0,1792777.333023475,202836.65991239142,0,9,0.9239360463323203,9,9.99931808206301,9.789783198126186,7667.212238219762,4052.4834318239486,1.8919786760902044,2.0164881068136324,309.9744213880687,0.0,0.0,0.0007262164124909223,0.9131536408621749,1.4448742746615086,0.7887640449438202,1097.3325333590012,1034,1.3413467407226562
ring,50,1500000.0,4,13,exclude,launch,0,0.0,prior,0.0,asghar_full,12600.0,43200,1019186.007646794,0,780904.1633638415,238281.8442829525,0,0,0.0,0,4.791964885844101,2.8785615761983423,8013.97324192218,6806.351818058727,1.17742565417488,2.0415972564856157,325.4774534155085,0.0,0.0,0.0,1.6090958515739882,2.180722891566265,0.6732673267326733,4505.47735956735,166,1.0593764781951904
paper,50,3000000.0,13,15,exclude,launch,0,0.0,prior,0.0,asghar_full,12600.0,43200,1513068.8331074074,0,1340479.449006222,172589.38410118554,0,7,0.8741416271169062,7,9.99931808206301,9.764540095656923,7667.212238219762,4067.7204862897265,1.8848916153561046,2.0141281124048875,308.53674851097014,0.0,0.0,0.0008077544426494346,0.9421248952103746,1.6118279569892473,0.7802690582959642,1095.1163588528118,930,1.8350026607513428
ring,50,1500000.0,6,15,exclude,launch,0,0.0,prior,0.0,asghar_full,12600.0,43200,7672052.702311673,0,7159500.685513278,512552.0167983962,0,47,0.999450698255329,47,4.905479781257491,5.91705276384524,7820.813005793199,3137.3836513579085,2.4927818446456906,2.1547005383792515,400.0,0.0,0.0,0.5,0.6521337195744413,0.49714285714285716,0.040983606557377046,9458.318591599967,350,0.04129934310913086
ring,50,1500000.0,5,14,exclude,launch,0,0.0,prior,0.0,asghar_full,12600.0,43200,1800716.7280959575,0,1404208.7186896773,396508.00940627995,0,3,0.25135571850196137,3,4.864538549593913,2.787448627225557,7889.440438978361,6810.048311434865,1.1584999222004153,2.107186262911108,367.7584262337196,0.0,0.0,0.0,1.4626913387015152,1.2347826086956522,0.5043478260869565,5824.772765638396,230,0.6039018630981445
ring,50,1500000.0,5,15,exclude,launch,0,0.0,prior,0.0,asghar_full,12600.0,43200,1708616.8982064032,0,1369661.1098703402,338955.78833606304,0,2,0.21103446491191047,2,4.905479781257491,2.7007746157896566,7820.813005793199,6938.135128076715,1.127221200138425,2.1346608949022436,386.2366039261081,0.0,0.0,0.0,1.4796897180799555,1.145374449339207,0.45901639344262296,6298.582033401225,227,0.5619158744812012
paper,50,3000000.0,5,15,exclude,launch,0,0.0,prior,0.0,asghar_full,12600.0,43200,300690.9571124376,0,198491.18957971598,102199.7675327216,0,0,0.0,0,9.99931808206301,11.011846933682317,7667.212238219762,3620.5513397812138,2.1176918979094173,2.0065736773718292,303.9571703933544,0.0,0.0,0.0,2.346349129965152,8.180555555555555,0.7699115044247787,1418.3573125254954,144,3.1159300804138184
core,100,3000000.0,15,15,exclude,launch,0,0.0,prior,0.0,asghar_full,12600.0,43200,270562.5660591059,0,256142.32648245376,14420.239576652131,0,1,0.5736635208412277,1,11.647427075364401,30.33133036350582,6535.136370950874,1314.2951058743638,4.972350837906553,2.006807137400783,304.09818357634776,0.0,0.0,0.045257772530499805,0.4925491966767105,4.401197604790419,0.975609756097561,404.7692766821987,1837,16.21927285194397
ring,50,1500000.0,2,13,exclude,launch,0,0.0,prior,0.0,asghar_full,12600.0,43200,1197716.1058228316,0,964191.1275700988,233524.97825273275,0,0,0.0,0,4.791964885844101,2.889492150750535,8013.97324192218,6859.186066653589,1.1683562982614906,2.0182078371789247,311.0241599077749,0.0,0.0,0.0,3.0630063299418917,7.266666666666667,0.5643564356435643,5135.227484933637,45,2.1219170093536377
ring,50,1500000.0,3,13,exclude,launch,0,0.0,prior,0.0,asghar_full,12600.0,43200,1352795.7075336985,0,1089086.63211314,263709.0754205586,0,0,0.0,0,4.791964885844101,2.885226369970497,8013.97324192218,6833.942918537048,1.1726719607482092,2.028657596266563,317.4409351070711,0.0,0.0,0.0,1.7869374717020494,2.857142857142857,0.49,5073.431592903556,112,2.278400421142578
ring,50,1500000.0,4,15,exclude,launch,0,0.0,prior,0.0,asghar_full,12600.0,43200,1331695.6576328452,0,983617.5451836793,348078.1124491658,0,0,0.0,0,4.905479781257491,2.788588499264855,7820.813005793199,7022.73358808433,1.1136422744361245,2.0425343358067343,326.0633524007966,0.0,0.0,0.0,1.6502603062453287,1.876543209876543,0.5,5442.303274339955,162,1.1186025142669678
core,100,3000000.0,18,15,exclude,launch,0,0.0,prior,0.0,asghar_full,12600.0,43200,264017.1632699748,0,250186.3802431563,13830.783026818528,0,1,0.5878855462687851,1,11.647427075364401,30.803581679808914,6535.136370950874,1294.0505305365125,5.050140019062015,2.006954538243296,304.1872326266309,0.0,0.0,0.07519035532994923,0.43547825926263994,3.8859315589353614,0.975609756097561,354.1952178015151,2367,14.247670888900757
ring,50,3000000.0,11,13,exclude,launch,0,0.0,prior,0.0,asghar_full,12600.0,43200,1992125.73876757,0,1873603.016122996,118522.72264457397,0,12,0.8592501540838674,12,9.583929771688203,6.35841608678377,8013.97324192218,5868.283657431665,1.3656417633754272,2.1440254907324325,392.6382970336747,0.0,0.0,0.09986504723346828,1.2300688843154524,1.01985559566787,0.7326732673267327,2906.7394164619964,554,0.3233833312988281
ring,50,3000000.0,9,13,exclude,launch,0,0.0,prior,0.0,asghar_full,12600.0,43200,502284.9824461976,0,401167.9768600852,101117.00558611233,0,0,0.0,0,9.583929771688203,5.7357251692599,8013.97324192218,6810.835637585109,1.1766505122657258,2.0478646697531566,329.4061098350675,0.0,0.0,0.0,1.4835827631454408,1.5637254901960784,0.900990099009901,2566.9989492856844,408,0.6227798461914062
ring,50,3000000.0,10,13,exclude,launch,0,0.0,prior,0.0,asghar_full,12600.0,43200,942213.8336570757,0,862676.7252086124,79537.10844846332,0,3,0.5621827621136997,3,9.583929771688203,6.434123943951057,8013.97324192218,5969.306390435194,1.3425300558810684,2.082939680761048,351.8275056500524,0.0,0.0,0.1140215716486903,1.270296823255091,1.215605749486653,0.8910891089108911,2773.342550666021,487,0.41822338104248047
ring,50,3000000.0,12,13,exclude,launch,0,0.0,prior,0.0,asghar_full,12600.0,43200,5979647.4738593595,0,5640568.641831852,339078.8320275079,0,39,0.9946672752638598,39,9.583929771688203,9.166062406293527,8013.97324192218,4050.608381798465,1.9784616251556726,2.1547005383792515,400.0,0.0,0.0,0.35777777777777775,0.8428299884318877,0.6420118343195266,0.19801980198019803,3801.6617244791746,676,0.11953258514404297
ring,50,1500000.0,4,14,exclude,launch,0,0.0,prior,0.0,asghar_full,12600.0,43200,1577868.0343626353,0,1169340.48149063,408527.55287200544,0,0,0.0,0,4.864538549593913,2.862206307887788,7889.440438978361,6818.876113425108,1.1570001137644237,2.04949213788087,330.4301242421279,0.0,0.0,0.0,1.5708076922960363,1.7383720930232558,0.5043478260869565,5506.226333810599,172,2.003891706466675
paper,50,3000000.0,12,15,exclude,launch,0,0.0,prior,0.0,asghar_full,12600.0,43200,1072573.1086909822,0,958713.5611275326,113859.54756344951,0,4,0.776265630716109,4,9.99931808206301,11.272766324004857,7667.212238219762,3529.6853248022194,2.172208435790061,2.010589884297929,306.3875742735905,0.0,0.0,0.1728643216080402,0.9080929345211571,1.8026845637583893,0.8222222222222222,1222.2531134915553,745,3.4595232009887695
ring,50,3000000.0,8,13,exclude,launch,0,0.0,prior,0.0,asghar_full,12600.0,43200,442538.2669426231,0,380162.90224633337,62375.36469628967,0,0,0.0,0,9.583929771688203,5.803521525621148,8013.97324192218,6812.497117537869,1.1763635424213643,2.023448036315333,314.2337649113134,0.0,0.0,0.0,1.5885201832249736,2.201183431952663,0.8811881188118812,2223.1882564148964,338,1.0626866817474365
core,100,3000000.0,17,15,exclude,launch,0,0.0,prior,0.0,asghar_full,12600.0,43200,283450.42280151026,0,267931.3560641043,15519.066737405949,0,1,0.5475803236391504,1,11.647427075364401,31.95373607542383,6535.136370950874,1247.6930400530352,5.237775767886857,2.006598996522697,303.9724619401503,0.0,0.0,0.0839558875844895,0.4564605402475967,3.9345971563981044,0.9804878048780488,393.3650949132326,2110,16.20838189125061
ring,50,1500000.0,3,15,exclude,launch,0,0.0,prior,0.0,asghar_full,12600.0,43200,1586525.850460341,0,1197532.7771681529,388993.0732921882,0,0,0.0,0,4.905479781257491,2.8007529032695637,7820.813005793199,7045.910173704839,1.1099790960975175,2.0269736092348136,316.40243821943403,0.0,0.0,0.0,1.8654979994650667,2.5688073394495414,0.3770491803278688,5911.547762769907,109,2.001750946044922
ring,50,3000000.0,12,14,exclude,launch,0,0.0,prior,0.0,asghar_full,12600.0,43200,6827401.435089183,0,6360714.5505134165,466686.88457576657,0,41,0.9963882235144275,41,9.729077099187826,9.212997824786862,7889.440438978361,4029.9726448572465,1.9576908168461844,2.1547005383792515,400.0,0.0,0.0,0.36,0.8380182123099073,0.6390532544378699,0.24347826086956523,3802.8117076174735,676,0.11616969108581543
paper,50,3000000.0,11,15,exclude,launch,0,0.0,prior,0.0,asghar_full,12600.0,43200,884948.2157900105,0,787044.1059341489,97904.10985586166,0,3,0.7701536896056377,3,9.99931808206301,10.320257433422237,7667.212238219762,3857.1753977661224,1.987778995650604,2.0096946125261086,305.84496316927465,0.0,0.0,0.09648127128263337,1.0218392070104598,2.139605462822458,0.8269662921348314,1158.754798289515,659,3.9587433338165283
ring,50,3000000.0,4,13,exclude,launch,0,0.0,prior,0.0,asghar_full,12600.0,43200,620534.0758617595,0,525063.5553512304,95470.52051052914,0,0,0.0,0,9.583929771688203,5.787849977113984,8013.97324192218,6876.08918867139,1.165484190508392,2.0101627469696037,306.1286326095528,0.0,0.0,0.0,2.863608366372808,6.225806451612903,0.8613861386138614,2847.655804750864,93,2.135132074356079
ring,50,3000000.0,11,14,exclude,launch,0,0.0,prior,0.0,asghar_full,12600.0,43200,2694301.878247256,0,2465968.4639521195,228333.4142951362,0,15,0.8561046193155089,15,9.729077099187826,5.787451091129614,7889.440438978361,6545.149846756673,1.2053872903899712,2.111947213935211,370.92798197348344,0.0,0.0,0.0,1.3730132592603264,1.200374531835206,0.7192982456140351,2546.2207840410474,534,0.42212700843811035
ring,50,3000000.0,7,13,exclude,launch,0,0.0,prior,0.0,asghar_full,12600.0,43200,306102.303661423,0,263941.25130854564,42161.05235287735,0,0,0.0,0,9.583929771688203,5.761640437674551,8013.97324192218,6882.350318877857,1.1644239061676869,2.0174698818153045,310.5734881203748,0.0,0.0,0.0,1.7191755221732972,3.072992700729927,0.9603960396039604,1960.4403527539941,274,1.7105975151062012
ring,50,3000000.0,10,14,exclude,launch,0,0.0,prior,0.0,asghar_full,12600.0,43200,1069721.2204687144,0,912198.231644198,157522.98882451645,0,3,0.42312000393031207,3,9.729077099187826,6.402712918540987,7889.440438978361,6011.100674797591,1.312478506982254,2.07860494309807,349.01658698267755,0.0,0.0,0.1130030959752322,1.2806149424971618,1.1366459627329193,0.8521739130434782,2981.732990016433,483,0.6061291694641113
paper,50,3000000.0,6,15,exclude,launch,0,0.0,prior,0.0,asghar_full,12600.0,43200,395780.7465062138,0,253050.79310334712,142729.95340286667,0,0,0.0,0,9.99931808206301,11.991056897826741,7667.212238219762,3324.1558424306463,2.3065140750481308,2.007017443977942,304.2252397427601,0.0,0.0,0.10126582278481013,1.616931672002248,4.52542372881356,0.785234899328859,1538.5550731845399,236,5.047996520996094
paper,50,3000000.0,9,15,exclude,launch,0,0.0,prior,0.0,asghar_full,12600.0,43200,394707.7534991494,0,264852.1891063785,129855.56439277093,0,0,0.0,0,9.99931808206301,10.510702940192626,7667.212238219762,3786.493925105519,2.0248843362415005,2.010115260220775,306.0998516792652,0.0,0.0,0.12743628185907047,1.0843547424297315,2.314629258517034,0.7937915742793792,1419.968000732432,499,4.663435697555542
ring,50,1500000.0,3,14,exclude,launch,0,0.0,prior,0.0,asghar_full,12600.0,43200,1779122.942097109,0,1381584.2877532397,397538.65434386913,0,0,0.0,0,4.864538549593913,2.8829299014196486,7889.440438978361,6860.816226635724,1.1499273815773134,2.022321142308101,313.5421554030422,0.0,0.0,0.0,1.9043142585173884,2.466666666666667,0.391304347826087,6354.570031532217,105,3.328036308288574
ring,50,3000000.0,6,13,exclude,launch,0,0.0,prior,0.0,asghar_full,12600.0,43200,332297.3067939705,0,281684.8043302008,50612.50246376975,0,0,0.0,0,9.583929771688203,5.823033449037064,8013.97324192218,6820.802414630488,1.174931152489092,2.0142122509427285,308.58794698869485,0.0,0.0,0.0,1.8726895972667694,3.8425925925925926,0.9306930693069307,1998.85007739276,216,2.256162643432617
ring,50,1500000.0,2,14,exclude,launch,0,0.0,prior,0.0,asghar_full,12600.0,43200,1335260.62029235,0,996832.4930247208,338428.1272676292,0,0,0.0,0,4.864538549593913,2.9230937414868268,7889.440438978361,6767.776496797264,1.165735961096219,2.021953857202623,313.3169058753958,0.0,0.0,0.0,2.529490108650549,5.403846153846154,0.5565217391304348,5664.796182600013,52,3.573941946029663
ring,50,3000000.0,5,13,exclude,launch,0,0.0,prior,0.0,asghar_full,12600.0,43200,373694.9094879509,0,311791.3495832882,61903.559904662725,0,0,0.0,0,9.583929771688203,5.936917942040965,8013.97324192218,6705.369633378934,1.195157564771537,2.009584245613647,305.7781046973831,0.0,0.0,0.0,2.4507757163602633,5.543478260869565,0.9306930693069307,2170.7724313366202,138,2.666215419769287
ring,50,3000000.0,12,15,exclude,launch,0,0.0,prior,0.0,asghar_full,12600.0,43200,7659495.751398876,0,7158125.2437715195,501370.5076273563,0,47,0.9996402706590354,47,9.810959562514983,16.218165598776505,7820.813005793199,2289.292767723454,3.4162572459312255,2.1547005383792515,400.0,0.0,0.0,0.6353305785123967,0.4755224539163734,0.3627586206896552,0.040983606557377046,6247.943501807022,725,0.09461736679077148
ring,50,3000000.0,9,14,exclude,launch,0,0.0,prior,0.0,asghar_full,12600.0,43200,701658.252141024,0,536349.6425291059,165308.60961191813,0,0,0.0,0,9.729077099187826,6.597527035353431,7889.440438978361,5924.119737612926,1.3317489835472747,2.046845114072876,328.76540785747585,0.0,0.0,0.12897526501766785,1.2982180304542452,1.3436018957345972,0.8260869565217391,2872.7133082844225,422,1.2520928382873535
ring,50,3000000.0,11,15,exclude,launch,0,0.0,prior,0.0,asghar_full,12600.0,43200,3513739.311591238,0,3247423.981551519,266315.3300397184,0,21,0.9318868418422375,21,9.810959562514983,7.086988529437591,7820.813005793199,5257.060144848157,1.4876780539514054,2.1472633495799642,394.86395798683185,0.0,0.0,0.20079260237780713,1.0997665254581752,0.8439716312056738,0.5163934426229508,3407.439170573761,564,0.24074649810791016
ring,50,3000000.0,9,15,exclude,launch,0,0.0,prior,0.0,asghar_full,12600.0,43200,608182.8219286547,0,474551.624084624,133631.19784403066,0,0,0.0,0,9.810959562514983,5.585131676059245,7820.813005793199,6971.75947271145,1.1217846852584454,2.0545379846252123,333.6151083052213,0.0,0.0,0.0,1.508115598378217,1.4563591022443891,0.8360655737704918,2818.3494703376014,401,0.641014814376831
paper,50,3000000.0,10,15,exclude,launch,0,0.0,prior,0.0,asghar_full,12600.0,43200,534694.6058581512,0,429765.7165920418,104928.8892661095,0,1,0.49443897510773543,1,9.99931808206301,10.353777372067592,7667.212238219762,3843.403757388824,1.9949015826088492,2.0103661083124305,306.2519018479217,0.0,0.0,0.10869565217391304,1.0405142258398792,2.2389078498293515,0.8329621380846325,1248.6720477671533,586,5.017978668212891
ring,50,3000000.0,7,14,exclude,launch,0,0.0,prior,0.0,asghar_full,12600.0,43200,370396.230371936,0,306876.76137007395,63519.46900186205,0,0,0.0,0,9.729077099187826,5.828900294392706,7889.440438978361,6800.718237392453,1.1600892969803949,2.0181273986893964,310.97501998861117,0.0,0.0,0.0,1.678892371100026,2.8745519713261647,0.9043478260869565,2053.598683541695,279,1.5985236167907715
paper,50,3000000.0,8,15,exclude,launch,0,0.0,prior,0.0,asghar_full,12600.0,43200,255040.9819264557,0,179035.59475943173,76005.38716702393,0,0,0.0,0,9.99931808206301,9.086160734916437,7667.212238219762,4383.379073355738,1.749155642236083,2.0086327610053942,305.2020139720093,0.0,0.0,0.0,1.3492567545337986,3.4105793450881614,0.8436123348017621,1206.2914996930988,397,5.0457704067230225
ring,50,3000000.0,10,15,exclude,launch,0,0.0,prior,0.0,asghar_full,12600.0,43200,1049582.6895914664,0,843966.5933977952,205616.09619367114,0,2,0.3435432543126119,2,9.810959562514983,5.4392616119007196,7820.813005793199,6929.043692500253,1.1287002006147204,2.122641933247741,378.09747308586765,0.0,0.0,0.0,1.4604783648759085,1.1339092872570193,0.7704918032786885,3141.8545307256354,463,0.5597186088562012
ring,50,3000000.0,8,15,exclude,launch,0,0.0,prior,0.0,asghar_full,12600.0,43200,648884.8905210192,0,481483.95883834746,167400.93168267183,0,0,0.0,0,9.810959562514983,5.629937692169788,7820.813005793199,7019.15293031084,1.1142103731663329,2.024425009140023,314.8339798054609,0.0,0.0,0.0,1.6225288103814082,1.877245508982036,0.8360655737704918,2642.9201327411743,334,1.1717665195465088
ring,50,3000000.0,8,14,exclude,launch,0,0.0,prior,0.0,asghar_full,12600.0,43200,777133.1277933824,0,563392.185581511,213740.94221187138,0,0,0.0,0,9.729077099187826,6.835791061756764,7889.440438978361,5768.45884047208,1.367686007157625,2.028810149888199,317.5350973538937,0.0,0.0,0.14989733059548255,1.327036044932681,1.5824175824175823,0.782608695652174,2847.5855946861366,364,2.0310168266296387
ring,50,3000000.0,7,15,exclude,launch,0,0.0,prior,0.0,asghar_full,12600.0,43200,351302.1215646418,0,294662.52046409197,56639.601100549844,0,0,0.0,0,9.810959562514983,5.748102286160697,7820.813005793199,6911.409114971612,1.1315800983118798,2.0137191395385208,308.28794816001573,0.0,0.0,0.0,1.8140099674855754,3.003875968992248,0.9098360655737705,2119.231217166394,258,1.491889476776123
ring,50,1500000.0,2,15,exclude,launch,0,0.0,prior,0.0,asghar_full,12600.0,43200,1531093.2667122935,0,1185709.0503034142,345384.21640887926,0,0,0.0,0,4.905479781257491,2.8119626701209697,7820.813005793199,7057.878716127654,1.1080968263059263,2.0154695876762374,309.35354504860425,0.0,0.0,0.0,3.245996994183936,5.560975609756097,0.4262295081967213,7185.503377953697,41,4.442167043685913
ring,50,3000000.0,6,15,exclude,launch,0,0.0,prior,0.0,asghar_full,12600.0,43200,351120.305943204,0,294458.2858068678,56662.02013633614,0,0,0.0,0,9.810959562514983,5.778482944028356,7820.813005793199,6877.047116356913,1.1372341752889201,2.0131408034119334,307.93628626145323,0.0,0.0,0.0,1.9217640679216186,3.7095238095238097,0.9426229508196722,2145.925899594024,210,1.9697985649108887
ring,50,3000000.0,6,14,exclude,launch,0,0.0,prior,0.0,asghar_full,12600.0,43200,398981.0923735536,0,330600.6896953396,68380.40267821398,0,0,0.0,0,9.729077099187826,5.731301511895314,7889.440438978361,6935.105036657187,1.1376093652910522,2.0127215078449074,307.68145573549873,0.0,0.0,0.0,1.9664428422716735,3.653658536585366,0.9304347826086956,2215.3866762533585,205,3.2944271564483643
paper,50,3000000.0,7,15,exclude,launch,0,0.0,prior,0.0,asghar_full,12600.0,43200,263741.9558050743,0,183250.26349225518,80491.69231281913,0,0,0.0,0,9.99931808206301,11.691693432594775,7667.212238219762,3409.9532810556348,2.248480142181358,2.0066153904775614,303.98236330388823,0.0,0.0,0.08068459657701711,1.451913138639335,4.495081967213115,0.8207964601769911,1186.894901838125,305,7.013289213180542
core,50,1500000.0,10,13,exclude,launch,0,0.0,prior,0.0,asghar_full,12600.0,43200,204364.8875110739,0,187508.71420450223,16856.173306571665,0,1,0.6918046407341822,1,6.021408737951497,13.03123941886201,6309.630421624802,1529.0638628496781,4.126466248352571,2.0074680538221443,304.49756384165363,0.0,0.0,0.0363537710255019,0.4492488649682232,2.6647398843930636,0.98,441.2474456029138,1384,1.8649325370788574
ring,50,3000000.0,4,14,exclude,launch,0,0.0,prior,0.0,asghar_full,12600.0,43200,822948.2019461492,0,598667.0049552774,224281.19699087195,0,0,0.0,0,9.729077099187826,5.768065822159698,7889.440438978361,6886.215636364431,1.145685940666183,2.0140913354404484,308.51437098461747,0.0,0.0,0.0,2.2470751466930574,4.0578512396694215,0.8189655172413793,3419.413837436609,121,3.573875904083252
core,50,1500000.0,9,13,exclude,launch,0,0.0,prior,0.0,asghar_full,12600.0,43200,215992.94131937495,0,198126.41030190093,17866.531017474004,0,1,0.6545611014863223,1,6.021408737951497,13.031785420901208,6309.630421624802,1529.3252003425387,4.125761100524316,2.00704091532391,304.23942154092543,0.0,0.0,0.04422442244224423,0.48792841807434345,3.0280948200175595,0.97,473.5100184844956,1139,2.063513994216919
core,50,1500000.0,4,13,exclude,launch,0,0.0,prior,0.0,asghar_full,12600.0,43200,172742.3635674152,0,157890.35501992758,14852.008547487623,0,0,0.0,0,6.021408737951497,12.667621730354814,6309.630421624802,1572.0317956318327,4.013678628611216,2.008646809210407,305.21051571910033,0.0,0.0,0.0,0.816594853434516,6.003048780487805,1.0,827.1149872842432,328,2.4465456008911133
core,50,1500000.0,5,13,exclude,launch,0,0.0,prior,0.0,asghar_full,12600.0,43200,106886.66548666233,0,99674.47718056422,7212.188306098105,0,0,0.0,0,6.021408737951497,12.38353255597239,6309.630421624802,1609.2281038664773,3.920904939743913,2.00723320392992,304.3556181296795,0.0,0.0,0.0,0.7724481791798159,6.236238532110092,0.98,601.3331608869221,436,2.5796279907226562
core,50,1500000.0,3,13,exclude,launch,0,0.0,prior,0.0,asghar_full,12600.0,43200,375918.8503834587,0,316964.6514337225,58954.1989497362,0,0,0.0,0,6.021408737951497,13.235914085719779,6309.630421624802,1502.7172974062682,4.198813996827879,2.0110773111075932,306.68319871096844,0.0,0.0,0.0,0.8228703384419166,5.853658536585366,0.8910891089108911,1144.8787809123814,246,2.6435000896453857
core,50,1500000.0,3,14,exclude,launch,0,0.0,prior,0.0,asghar_full,12600.0,43200,420684.76804974437,0,341039.7405245353,79645.02752520908,0,0,0.0,0,5.837889455431319,17.69379225397054,6518.4579356475715,1122.7411166355625,5.805842361221227,2.0135361910748326,308.1766831855441,0.0,0.0,0.0,0.4636018446555373,2.9839080459770115,0.8782608695652174,1264.5814947549009,435,2.398874282836914
core,50,1500000.0,6,13,exclude,launch,0,0.0,prior,0.0,asghar_full,12600.0,43200,99676.28800674799,0,92658.7254010939,7017.562605654088,0,0,0.0,0,6.021408737951497,12.397277785449806,6309.630421624802,1608.0455592227167,3.9237883438294476,2.006482192602631,303.90192120785997,0.0,0.0,0.0,0.7079069996882124,5.397188049209139,1.0,532.1883568396711,569,3.0636863708496094
ring,50,3000000.0,5,14,exclude,launch,0,0.0,prior,0.0,asghar_full,12600.0,43200,572242.3799493203,0,444157.48727498384,128084.89267433646,0,0,0.0,0,9.729077099187826,5.741226186170027,7889.440438978361,6923.6488505699745,1.1394917057829819,2.012566764499007,307.5874357703963,0.0,0.0,0.0,2.1299012415515257,3.7025316455696204,0.896551724137931,2875.8253877436628,158,4.847913026809692
core,50,1500000.0,7,13,exclude,launch,0,0.0,prior,0.0,asghar_full,12600.0,43200,201740.4660905461,0,185454.86949177555,16285.596598770546,0,1,0.7008042576833631,1,6.021408737951497,13.902092973864498,6309.630421624802,1434.597788151501,4.398187752509258,2.0056245905510206,303.38424513627245,0.0,0.0,0.0,0.6119451647358972,5.067708333333333,0.98,419.0781792834172,768,3.389758348464966
core,50,1500000.0,2,15,exclude,launch,0,0.0,prior,0.0,asghar_full,12600.0,43200,403090.9637322832,0,324050.4679280115,79040.49580427173,0,0,0.0,0,5.319559615833122,11.405266314656906,7186.086109009999,1740.9987577775885,4.127565328181594,2.0144481777199887,308.73153158382166,0.0,0.0,0.0,1.24812358101963,8.302752293577981,0.8934426229508197,1836.5525027561491,109,1.6034457683563232
ring,50,3000000.0,4,15,exclude,launch,0,0.0,prior,0.0,asghar_full,12600.0,43200,803151.4533563176,0,594217.5738254547,208933.87953086282,0,0,0.0,0,9.810959562514983,5.624882075425493,7820.813005793199,7078.536317571639,1.1048630189802016,2.0092459444022603,305.57321288772323,0.0,0.0,0.0,3.248139644005418,5.807228915662651,0.7622950819672131,3476.158807305834,83,4.451890230178833
core,50,1500000.0,8,13,exclude,launch,0,0.0,prior,0.0,asghar_full,12600.0,43200,231563.5791379165,0,212314.34991618354,19249.22922173296,0,1,0.6105475572178644,1,6.021408737951497,14.206879314808566,6309.630421624802,1403.4387480108273,4.495835981846587,2.0061704870289723,303.7137146904358,0.0,0.0,0.05505341002465078,0.5334288401446339,3.4452954048140043,0.98,517.3937691500539,914,3.546675205230713
core,50,1500000.0,4,14,exclude,launch,0,0.0,prior,0.0,asghar_full,12600.0,43200,244286.4224329177,0,210380.60427448706,33905.818158430644,0,0,0.0,0,5.837889455431319,15.17952756644756,6518.4579356475715,1310.7822469621046,4.972952563825823,2.010347737122715,306.24076497269715,0.0,0.0,0.0,0.5349649619096123,3.3479125248508947,0.9649122807017544,969.9994631983209,503,3.5607988834381104
ring,50,3000000.0,5,15,exclude,launch,0,0.0,prior,0.0,asghar_full,12600.0,43200,416843.2614061477,0,332319.81707077543,84523.44433537226,0,0,0.0,0,9.810959562514983,5.745202038275165,7820.813005793199,6926.732557738987,1.129076796397356,2.0102786548081255,306.1988881082747,0.0,0.0,0.0,2.371100564327852,5.2,0.8524590163934426,2232.1539659343807,140,4.827727556228638
core,50,1500000.0,7,14,exclude,launch,0,0.0,prior,0.0,asghar_full,12600.0,43200,178513.26114562372,0,175989.9821928979,2523.278952725812,0,1,0.660473983834055,1,5.837889455431319,17.1098410647314,6518.4579356475715,1165.6980721836849,5.59189218134044,2.005524342696076,303.32376112631266,0.0,0.0,0.0,0.5030141765691877,4.5256410256410255,0.9736842105263158,386.4843837070011,936,3.440385580062866
core,50,1500000.0,3,15,exclude,launch,0,0.0,prior,0.0,asghar_full,12600.0,43200,461413.7439609245,0,362036.9673595053,99376.77660141925,0,0,0.0,0,5.319559615833122,9.346294414328991,7186.086109009999,2126.7969926826827,3.378830294444638,2.012308197251283,307.43036586664266,0.0,0.0,0.0,0.9792397436110685,4.893203883495145,0.8852459016393442,1627.7945303950405,206,2.5913946628570557
core,50,1500000.0,2,14,exclude,launch,0,0.0,prior,0.0,asghar_full,12600.0,43200,404438.6576007019,0,331886.58532748563,72552.07227321624,0,0,0.0,0,5.837889455431319,18.88086257102833,6518.4579356475715,1052.2932252251871,6.19452618280674,2.0132670503710806,308.01303461031284,0.0,0.0,0.0,0.9051699990351917,7.054054054054054,0.9203539823008849,1555.9762428927552,148,4.404099941253662
core,50,3000000.0,11,13,exclude,launch,0,0.0,prior,0.0,asghar_full,12600.0,43200,49522.20341651729,0,48178.247760657265,1343.955655860026,0,0,0.0,0,12.042817475902995,25.9622757985742,6309.630421624802,1537.4815566884877,4.103873893105313,2.004182718813823,302.5148798292965,0.0,0.0,0.09724349157733538,0.6599976406863622,4.906666666666666,0.9900990099009901,344.5148486255546,975,1.684337854385376
core,50,1500000.0,6,14,exclude,launch,0,0.0,prior,0.0,asghar_full,12600.0,43200,193522.24851012547,0,189059.7029157346,4462.5455943908855,0,1,0.6092496633527417,1,5.837889455431319,17.057236085871864,6518.4579356475715,1168.935930132557,5.576403092433288,2.006137161812746,303.6935965141826,0.0,0.0,0.0,0.532885090337272,4.653947368421052,0.9649122807017544,463.0172285760105,760,4.590540409088135
core,50,3000000.0,7,13,exclude,launch,0,0.0,prior,0.0,asghar_full,12600.0,43200,65437.39320862659,0,62457.3289405846,2980.0642680419896,0,0,0.0,0,12.042817475902995,22.069088239510886,6309.630421624802,1807.9643037423352,3.489908738001294,2.0050063126341353,303.01130653033823,0.0,0.0,0.008902077151335312,0.9258115015397709,7.5168986083499005,0.9900990099009901,433.49898968961054,503,2.8469667434692383
core,50,3000000.0,6,13,exclude,launch,0,0.0,prior,0.0,asghar_full,12600.0,43200,94166.21484274289,0,89756.72473117872,4409.490111564165,0,0,0.0,0,12.042817475902995,24.83647749570876,6309.630421624802,1606.0662117691986,3.928624097430134,2.0055640702327127,303.3477298028941,0.0,0.0,0.011824324324324325,0.8922537223074459,7.004494382022472,1.0,522.7448121005061,445,2.870753526687622
core,50,3000000.0,8,13,exclude,launch,0,0.0,prior,0.0,asghar_full,12600.0,43200,82032.65570836727,0,78199.36349422172,3833.2922141455465,0,0,0.0,0,12.042817475902995,28.35418140904567,6309.630421624802,1406.7739028416324,4.485177332959886,2.0056196237083155,303.3812482761762,0.0,0.0,0.14285714285714285,0.6621555950957071,4.8068862275449105,1.0,508.4889501579903,668,4.426172733306885
core,50,1500000.0,5,14,exclude,launch,0,0.0,prior,0.0,asghar_full,12600.0,43200,129434.23195244436,0,120844.8196607933,8589.412291651048,0,0,0.0,0,5.837889455431319,14.34292924666917,6518.4579356475715,1388.2409653205766,4.6954801785022315,2.008895192757323,305.3608529906505,0.0,0.0,0.0,0.5328668139420452,3.824644549763033,0.9478260869565217,678.559898426943,633,6.984158277511597
core,50,3000000.0,15,13,exclude,launch,0,0.0,prior,0.0,asghar_full,12600.0,43200,177155.72512561662,0,161993.0407921673,15162.68433344931,0,1,0.7980581913626037,1,12.042817475902995,28.827863581469,6309.630421624802,1384.8849148881416,4.556068416800133,2.003843702734339,302.31065385581655,0.0,0.0,0.09011754462342185,0.4923683794813073,3.6265895953757226,0.98,259.66969370501494,1730,3.7400214672088623
core,50,1500000.0,7,15,exclude,launch,0,0.0,prior,0.0,asghar_full,12600.0,43200,194417.15409543912,0,180230.21424202464,14186.93985341448,0,1,0.593675807959779,1,5.319559615833122,12.585119279387985,7186.086109009999,1584.8868129913835,4.5341320592141665,2.00541566653707,303.2581987554545,0.0,0.0,0.0,0.6913856537702633,4.674008810572687,0.9590163934426229,514.3322900579242,681,5.423195838928223
core,50,3000000.0,9,13,exclude,launch,0,0.0,prior,0.0,asghar_full,12600.0,43200,65185.97447936601,0,63030.80268303903,2155.171796326975,0,0,0.0,0,12.042817475902995,25.24209710229356,6309.630421624802,1580.376242968478,3.992486251105113,2.005414087445237,303.25724617000145,0.0,0.0,0.12366114897760468,0.6608054033944408,4.858257477243173,1.0,436.3026748183151,769,4.477538824081421
core,50,3000000.0,10,13,exclude,launch,0,0.0,prior,0.0,asghar_full,12600.0,43200,58032.186238698916,0,56600.99907339157,1431.1871653073426,0,0,0.0,0,12.042817475902995,26.76847174786322,6309.630421624802,1490.6983732412016,4.232667409373953,2.0048257514762673,302.90243724895373,0.0,0.0,0.10801963993453355,0.6234533935211045,4.778142076502732,1.0,371.9290976408909,915,4.478911876678467
core,50,3000000.0,13,13,exclude,launch,0,0.0,prior,0.0,asghar_full,12600.0,43200,184960.56653990925,0,169619.26338790864,15341.303152000623,0,1,0.7643822693026541,1,12.042817475902995,27.925833202864876,6309.630421624802,1429.254478466938,4.414630506103227,2.004353346727143,302.61769352460374,0.0,0.0,0.1145374449339207,0.5263270734743871,3.876099706744868,0.98,309.3104329216426,1364,4.745800018310547
core,50,3000000.0,12,13,exclude,launch,0,0.0,prior,0.0,asghar_full,12600.0,43200,64083.05625032059,0,61846.25356454275,2236.8026857778423,0,0,0.0,0,12.042817475902995,26.80026694340751,6309.630421624802,1488.6646490421629,4.238449825274313,2.005182897318776,303.1177971186508,0.0,0.0,0.17774762550881953,0.5521802527392048,3.561307901907357,0.9900990099009901,420.1427272490797,1101,4.807266473770142
core,50,1500000.0,4,15,exclude,launch,0,0.0,prior,0.0,asghar_full,12600.0,43200,212006.40391067832,0,192658.24597452703,19348.15793615129,0,0,0.0,0,5.319559615833122,8.927812545749758,7186.086109009999,2228.8052604299046,3.2241875217146183,2.010216365223065,306.16113136935047,0.0,0.0,0.0,0.9197599501557797,5.02054794520548,0.9508196721311475,1122.5133322997353,292,6.445266485214233
core,50,1500000.0,8,15,exclude,launch,0,0.0,prior,0.0,asghar_full,12600.0,43200,227143.58400921975,0,209068.14578828652,18075.438220933214,0,1,0.5081400891964691,1,5.319559615833122,12.46002462798264,7186.086109009999,1599.1883994847558,4.4935831896512575,2.007434851911462,304.4774942537608,0.0,0.0,0.04983922829581994,0.5242670665591134,2.937901498929336,0.9590163934426229,593.9109459252942,934,6.150938510894775
core,50,3000000.0,18,13,exclude,launch,0,0.0,prior,0.0,asghar_full,12600.0,43200,178335.21978789923,0,163073.1971750818,15262.02261281747,0,1,0.7927798992898315,1,12.042817475902995,27.953490654868613,6309.630421624802,1427.6454351541033,4.419606063422691,2.0046270134162105,302.7826308256724,0.0,0.0,0.12352941176470589,0.43295077338972887,2.736426914153132,0.98,276.1244686519653,2155,4.1530420780181885
core,50,1500000.0,9,14,exclude,launch,0,0.0,prior,0.0,asghar_full,12600.0,43200,214688.4808447347,0,208160.7621121156,6527.71873261911,0,1,0.5491834694257707,1,5.837889455431319,14.842681940308406,6518.4579356475715,1342.2989626250264,4.85618935657966,2.0076978578016718,304.6364917854236,0.0,0.0,0.0492836676217765,0.4122009082445376,2.4889565879664888,0.9649122807017544,499.4622485609604,1313,7.460587739944458
core,50,1500000.0,5,15,exclude,launch,0,0.0,prior,0.0,asghar_full,12600.0,43200,145912.25364620998,0,132566.76867757342,13345.484968636572,0,0,0.0,0,5.319559615833122,10.103048934788903,7186.086109009999,1972.4206500457033,3.643282739330218,2.0072801695806075,304.3840020091012,0.0,0.0,0.0,0.9221460278543231,5.674931129476584,0.9344262295081968,791.6568094674495,363,6.769022226333618
core,50,1500000.0,6,15,exclude,launch,0,0.0,prior,0.0,asghar_full,12600.0,43200,212444.5380192415,0,196314.75686556497,16129.781153676526,0,1,0.5432983220702854,1,5.319559615833122,11.695170161591939,7186.086109009999,1705.1140178104588,4.214431430361278,2.0058572452501524,303.5246393466677,0.0,0.0,0.0,0.8109847602941563,5.157894736842105,0.9426229508196722,636.784539979476,494,6.693695068359375
core,50,1500000.0,8,14,exclude,launch,0,0.0,prior,0.0,asghar_full,12600.0,43200,242784.56451964157,0,233555.89284365517,9228.671675986418,0,1,0.485629574472066,1,5.837889455431319,15.461252263318327,6518.4579356475715,1288.4387055187665,5.0591913357826614,2.0079438423028666,304.7852367708798,0.0,0.0,0.05695364238410596,0.4171233897162293,2.5774647887323945,0.9649122807017544,556.6107645831918,1136,7.972128391265869
core,50,3000000.0,14,13,exclude,launch,0,0.0,prior,0.0,asghar_full,12600.0,43200,178257.52092665073,0,163140.93537341044,15116.58555324027,0,1,0.7931254560723686,1,12.042817475902995,28.645324039632403,6309.630421624802,1393.5201153336973,4.527835911513825,2.004116693201734,302.4751000699156,0.0,0.0,0.1027992277992278,0.5020646306776407,3.9003856041131106,0.98,269.58504529189406,1556,5.460257530212402
core,50,3000000.0,5,14,exclude,launch,0,0.0,prior,0.0,asghar_full,12600.0,43200,108269.10070580039,0,101828.07063995967,6441.030065840731,0,0,0.0,0,11.675778910862638,37.30937881754713,6518.4579356475715,1068.785049311036,6.098941915261187,2.0062340573908974,303.7520934760042,0.0,0.0,0.0,0.6447611314629507,5.229287090558767,0.9646017699115044,600.0247428256572,519,4.506271123886108
core,50,3000000.0,6,14,exclude,launch,0,0.0,prior,0.0,asghar_full,12600.0,43200,95263.65234855795,0,89149.87613113482,6113.776217423114,0,0,0.0,0,11.675778910862638,31.063886760303582,6518.4579356475715,1283.8546715797852,5.077255299952758,2.005941793434272,303.57566753332793,0.0,0.0,0.0035545023696682463,0.6312802018184234,5.321259842519685,0.9736842105263158,484.7829372126919,635,4.378464698791504
core,50,3000000.0,16,13,exclude,launch,0,0.0,prior,0.0,asghar_full,12600.0,43200,187390.20644290847,0,171726.28337488003,15663.923068028424,0,1,0.7544715397192013,1,12.042817475902995,30.437272206674024,6309.630421624802,1311.5721424543904,4.810738363058986,2.0039739646101236,302.389116484491,0.0,0.0,0.14414029084687768,0.46925878428359435,3.058553386911596,0.98,306.2058307100077,1742,5.634869813919067
core,50,3000000.0,7,14,exclude,launch,0,0.0,prior,0.0,asghar_full,12600.0,43200,81909.78488560491,0,77634.92631904033,4274.85856656459,0,0,0.0,0,11.675778910862638,24.948210982968924,6518.4579356475715,1598.595755372147,4.077614940326236,2.0059122165651324,303.5578162304932,0.0,0.0,0.0,0.6555450367107833,4.901388888888889,0.9739130434782609,465.1368547073495,720,4.81269645690918
core,50,3000000.0,17,13,exclude,launch,0,0.0,prior,0.0,asghar_full,12600.0,43200,180086.60192885032,0,164678.76315050363,15407.838778346679,0,1,0.7850699389571315,1,12.042817475902995,29.619735611027494,6309.630421624802,1347.6980782826322,4.681783348437468,2.004085289674083,302.45618068196615,0.0,0.0,0.12523505077096653,0.44699836729519987,3.0180270405608414,0.98,270.9980848287162,1997,6.100953578948975
core,50,3000000.0,19,13,exclude,launch,0,0.0,prior,0.0,asghar_full,12600.0,43200,176255.60913785294,0,161002.10722318725,15253.501914665674,0,1,0.8021337776133062,1,12.042817475902995,28.322809222663523,6309.630421624802,1409.1123962925656,4.477733953817812,2.0045090642885155,302.7115380713365,0.0,0.0,0.11891891891891893,0.4206084068920353,2.5938030560271645,0.98,265.79817675534474,2356,5.983408451080322
core,50,3000000.0,8,14,exclude,launch,0,0.0,prior,0.0,asghar_full,12600.0,43200,117857.04018214827,0,107749.32464505406,10107.715537094204,0,0,0.0,0,11.675778910862638,31.297421976878994,6518.4579356475715,1274.2490306527297,5.115529051890676,2.0059823601526254,303.6001526814741,0.0,0.0,0.07031888798037612,0.5151816227748713,3.463626492942454,0.9565217391304348,514.5947590238449,921,3.788745403289795
core,50,3000000.0,6,15,exclude,launch,0,0.0,prior,0.0,asghar_full,12600.0,43200,96681.49702156933,0,90998.66770636901,5682.829315200328,0,0,0.0,0,10.639119231666244,16.713628582502494,7186.086109009999,2386.042859642451,3.0117171114381556,2.0060465181921465,303.63887902996225,0.0,0.0,0.0,1.1260977033573065,7.415041782729805,0.9672131147540983,616.2372329379893,359,2.6932053565979004
core,50,3000000.0,17,14,exclude,launch,0,0.0,prior,0.0,asghar_full,12600.0,43200,166774.10262695613,0,165083.97335451434,1690.1292724417854,0,1,0.7069644680972342,1,11.675778910862638,33.017446340072716,6518.4579356475715,1208.5732004480453,5.393515207213789,2.0048115078311413,302.8938498809674,0.0,0.0,0.1634788884879105,0.3860058760454265,2.6251207729468597,0.9736842105263158,299.8235166852549,2070,2.9414596557617188
core,50,3000000.0,14,14,exclude,launch,0,0.0,prior,0.0,asghar_full,12600.0,43200,162652.44605349965,0,161164.19553885097,1488.2505146486594,0,1,0.7248791371835789,1,11.675778910862638,40.273247959306744,6518.4579356475715,991.479595557455,6.574475122690344,2.0035009376496635,302.10423955912626,0.0,0.0,0.11535125758889853,0.4279251673540346,3.57183908045977,0.9736842105263158,263.25068100300786,1740,3.7319037914276123
core,50,3000000.0,11,14,exclude,launch,0,0.0,prior,0.0,asghar_full,12600.0,43200,60639.881410782786,0,57560.150295181986,3079.731115600798,0,0,0.0,0,11.675778910862638,30.65165981341013,6518.4579356475715,1302.0881745521892,5.006157081404554,2.004451698129696,302.67696416268905,0.0,0.0,0.048071548351034096,0.4987239252229357,3.9101707498144025,0.9824561403508771,308.71314697866234,1347,4.447946786880493
core,50,3000000.0,9,14,exclude,launch,0,0.0,prior,0.0,asghar_full,12600.0,43200,80833.7078648251,0,76249.74452805116,4583.963336773946,0,0,0.0,0,11.675778910862638,32.83770862115184,6518.4579356475715,1215.2332998466627,5.363955988097155,2.0047373443448704,302.8491393363548,0.0,0.0,0.06525037936267071,0.5465817350316116,4.0120845921450154,0.9826086956521739,411.6770887971119,993,4.9969422817230225
core,50,3000000.0,7,15,exclude,launch,0,0.0,prior,0.0,asghar_full,12600.0,43200,86364.97334689184,0,81269.50239357278,5095.470953319052,0,0,0.0,0,10.639119231666244,18.7444418652316,7186.086109009999,2128.305834178198,3.376434905928245,2.0053188586008925,303.19980223758034,0.0,0.0,0.004702194357366771,0.9795668393549144,6.460251046025105,0.9672131147540983,529.9726702133595,478,3.74725604057312
core,50,3000000.0,12,14,exclude,launch,0,0.0,prior,0.0,asghar_full,12600.0,43200,184445.85111678444,0,180810.7702345919,3635.08088219254,0,1,0.63923023501032,1,11.675778910862638,42.350399383967826,6518.4579356475715,942.5627568765516,6.915675256731261,2.004112981038998,302.4728636073071,0.0,0.0,0.13910761154855644,0.4241228074568564,3.3217270194986073,0.9736842105263158,342.78121661067445,1436,4.8122100830078125
core,50,3000000.0,5,15,exclude,launch,0,0.0,prior,0.0,asghar_full,12600.0,43200,134481.67711537323,0,120982.03134696263,13499.6457684106,0,0,0.0,0,10.639119231666244,17.965587601027952,7186.086109009999,2218.4380176858476,3.2392548503591407,2.0072490522819484,304.36519599686494,0.0,0.0,0.0,1.0387894212018884,6.808049535603715,0.9344262295081968,747.168769373496,323,3.932717800140381
core,50,3000000.0,10,14,exclude,launch,0,0.0,prior,0.0,asghar_full,12600.0,43200,67657.65150416743,0,63912.98545725366,3744.666046913768,0,0,0.0,0,11.675778910862638,29.799524535060737,6518.4579356475715,1338.9639798555254,4.868284758751251,2.004987910214102,303.00020990295263,0.0,0.0,0.05425867507886435,0.5088390184086425,3.8329135180520573,0.9912280701754386,356.88805842681654,1191,5.282974004745483
core,50,3000000.0,15,14,exclude,launch,0,0.0,prior,0.0,asghar_full,12600.0,43200,162760.63392696792,0,161516.16021707602,1244.4737098919163,0,1,0.7243973061014468,1,11.675778910862638,31.955384277908873,6518.4579356475715,1249.3780499492127,5.217362299515785,2.0037893814025347,302.2779366649451,0.0,0.0,0.09688013136288999,0.4542426382844136,3.138402625820569,0.9649122807017544,284.559007077231,1828,5.0853235721588135
core,50,3000000.0,13,14,exclude,launch,0,0.0,prior,0.0,asghar_full,12600.0,43200,171029.82328763622,0,169184.3529828833,1845.4703047529058,0,1,0.6893731308940818,1,11.675778910862638,40.589299401232395,6518.4579356475715,983.5734976371753,6.627321650397017,2.0038795519566115,302.332246450982,0.0,0.0,0.12423816221284575,0.4231969326826472,3.355569540591567,0.956140350877193,306.2596043071214,1589,5.725725173950195
core,50,3000000.0,14,15,exclude,launch,0,0.0,prior,0.0,asghar_full,12600.0,43200,161691.157100123,0,150441.216096761,11249.941003362017,0,1,0.7138347149521544,1,10.639119231666244,30.104957115353873,7186.086109009999,1326.2274942003814,5.418441512059502,2.003705761730746,302.2275768394491,0.0,0.0,0.15952649379932357,0.5469354961727987,3.800754716981132,0.9590163934426229,324.3116076812994,1325,3.0850908756256104
core,50,3000000.0,8,15,exclude,launch,0,0.0,prior,0.0,asghar_full,12600.0,43200,100692.36108073303,0,94686.87349674707,6005.487583985957,0,0,0.0,0,10.639119231666244,20.601093229153175,7186.086109009999,1935.1214952034172,3.7135064267655236,2.006741732510233,304.0586747933114,0.0,0.0,0.1395631067961165,0.7287509566688898,4.260517799352751,0.9672131147540983,621.9891939519056,618,4.714965105056763
core,50,3000000.0,16,14,exclude,launch,0,0.0,prior,0.0,asghar_full,12600.0,43200,178075.0297308308,0,175672.556001363,2402.473729467805,0,1,0.6620993686440828,1,11.675778910862638,33.20059771368521,6518.4579356475715,1201.5646095095385,5.424974973512504,2.0053812788612726,303.2374547654185,0.0,0.0,0.1720554272517321,0.3790150558967007,2.4451913133402274,0.9649122807017544,344.4642720022042,1934,5.598540544509888
core,50,3000000.0,9,15,exclude,launch,0,0.0,prior,0.0,asghar_full,12600.0,43200,75896.45474731877,0,72676.45104778004,3220.003699538727,0,0,0.0,0,10.639119231666244,22.099802697300923,7186.086109009999,1805.023893513031,3.9811584405257183,2.0054813862094507,303.2978454041035,0.0,0.0,0.11966701352757544,0.7208688737956983,4.680998613037448,0.9590163934426229,488.64758786251156,721,4.7628257274627686
core,50,3000000.0,12,15,exclude,launch,0,0.0,prior,0.0,asghar_full,12600.0,43200,185386.01381146448,0,172307.44852305888,13078.565288405627,0,1,0.6225969190762816,1,10.639119231666244,30.18381822342771,7186.086109009999,1322.3564859218754,5.434303219680015,2.0043209251905587,302.5981562326861,0.0,0.0,0.2097953216374269,0.5757262659571858,3.738536585365854,0.9590163934426229,425.39236045812675,1025,4.184449672698975
core,50,3000000.0,11,15,exclude,launch,0,0.0,prior,0.0,asghar_full,12600.0,43200,172221.45195490815,0,160258.42861499143,11963.023339916717,0,1,0.6701880615259863,1,10.639119231666244,24.580252816272225,7186.086109009999,1623.6710218534622,4.425826421910823,2.0044978823943005,302.7047987203902,0.0,0.0,0.09343065693430656,0.6246233478276859,4.195145631067962,0.9672131147540983,378.00952274530493,1030,4.41986083984375
core,50,3000000.0,10,15,exclude,launch,0,0.0,prior,0.0,asghar_full,12600.0,43200,74836.10816892152,0,71246.10030739692,3590.007861524604,0,0,0.0,0,10.639119231666244,22.388682374230374,7186.086109009999,1782.2169174482074,4.032105204847396,2.0049377362603855,302.9699561280444,0.0,0.0,0.10295434198746643,0.6995136182622775,4.365911799761621,0.9590163934426229,447.7446145510214,839,4.451290607452393
core,50,3000000.0,18,14,exclude,launch,0,0.0,prior,0.0,asghar_full,12600.0,43200,164693.78012747428,0,163242.68749278763,1451.092634686659,0,1,0.7158944597956358,1,11.675778910862638,31.40324549086227,6518.4579356475715,1270.728665630913,5.129700865299341,2.004761095142226,302.8634574934217,0.0,0.0,0.1441351888667992,0.38922369488711867,2.450110864745011,0.9649122807017544,295.57618366075377,2255,5.718257427215576
core,50,3000000.0,15,15,exclude,launch,0,0.0,prior,0.0,asghar_full,12600.0,43200,158717.6726723092,0,147328.82412174012,11388.848550569106,0,1,0.7272079982999131,1,10.639119231666244,27.347778986008073,7186.086109009999,1459.803671850133,4.922638740798934,2.0038881350949334,302.3374163353151,0.0,0.0,0.12712275594371664,0.5257790051963137,3.501948051948052,0.9672131147540983,301.87856069237637,1540,3.7148983478546143
core,50,3000000.0,16,15,exclude,launch,0,0.0,prior,0.0,asghar_full,12600.0,43200,170969.61045175843,0,159381.5710082248,11588.039443533618,0,1,0.6750951864127835,1,10.639119231666244,28.280849826303513,7186.086109009999,1411.2540317333055,5.09198623878086,2.004436653250959,302.66789711819644,0.0,0.0,0.13399503722084366,0.45802602420696054,2.7380297193175562,0.9590163934426229,328.47266756442633,1817,3.5695831775665283
core,50,3000000.0,13,15,exclude,launch,0,0.0,prior,0.0,asghar_full,12600.0,43200,163037.9559084332,0,151891.60148841218,11146.354420021024,0,1,0.7079379792008319,1,10.639119231666244,30.892404647321612,7186.086109009999,1292.2886459150825,5.5607438258667505,2.0039124501526993,302.3520622714787,0.0,0.0,0.18199112238427395,0.5572760606479276,4.093908629441624,0.9672131147540983,337.23574347618194,1182,4.5530924797058105
paper,200,1500000.0,2,15,exclude,launch,0,0.0,prior,0.0,asghar_rev,12600.0,43200,10778419.15875137,0,7176337.250068126,3602081.9086832437,0,0,0.0,0,4.9737073242025795,5.536756773335989,7708.957334908408,3547.009296974061,2.173368234891543,2.0367710757417683,322.4682790484229,0.0,0.0,0.0,3.4677112148914246,15.736842105263158,0.22245762711864406,10675.298537268025,38,36.90701603889465
paper,200,1500000.0,2,13,exclude,launch,0,0.0,prior,0.0,asghar_rev,12600.0,43200,12325674.700995164,0,8349990.1881866325,3975684.5128085315,0,0,0.0,0,4.646836166414484,5.2766531173389,8274.674043622275,3720.81114367882,2.223889825120494,2.0373414410930364,322.82317962269315,0.0,0.0,0.0,3.3678049886829613,14.512820512820513,0.21666666666666667,11302.974611179265,39,38.75851917266846
paper,200,3000000.0,4,13,exclude,launch,0,0.0,prior,0.0,asghar_rev,12600.0,43200,8238624.109247477,0,4938966.016281028,3299658.0929664485,0,0,0.0,0,9.293672332828969,11.365560731273229,8274.674043622275,3476.529663616765,2.3801534415828396,2.0246650248036016,314.9815239167296,0.0,0.0,0.0,3.1997469520203836,12.976190476190476,0.3580110497237569,6149.866590469498,84,39.617615699768066
paper,200,1500000.0,2,14,exclude,launch,0,0.0,prior,0.0,asghar_rev,12600.0,43200,12770484.769166982,0,8647425.808144206,4123058.961022776,0,0,0.0,0,4.629302721230921,7.272114341572312,8307.276799279487,2701.4232234521046,3.0751482134160946,2.0361354416823323,322.07299605307264,0.0,0.0,0.0,2.800486445935241,13.673469387755102,0.2251336898395722,10070.075692759532,49,42.023088455200195
paper,200,1500000.0,8,15,exclude,launch,0,0.0,prior,0.0,asghar_rev,12600.0,43200,15033149.01435499,0,11914906.281127898,3118242.7332270923,0,68,0.7368668048536239,68,4.9737073242025795,5.198226434281785,7708.957334908408,3769.4901970512383,2.045092819431895,2.0413721227865524,325.336769435091,0.0,0.0,0.0,0.9313236148292046,2.0414507772020727,0.3593329747175901,5548.013928208839,579,42.045833110809326
paper,200,3000000.0,5,13,exclude,launch,0,0.0,prior,0.0,asghar_rev,12600.0,43200,4281145.237373252,0,2371147.838150439,1909997.3992228133,0,0,0.0,0,9.293672332828969,11.699813719049985,8274.674043622275,3380.922763340232,2.4474602417261937,2.02244067154949,313.61547805157153,0.0,0.0,0.0,2.6171409750171475,12.73076923076923,0.5354030501089324,4065.9435509719096,130,42.987335443496704
paper,200,1500000.0,3,14,exclude,launch,0,0.0,prior,0.0,asghar_rev,12600.0,43200,13735381.682667896,0,9398771.950676244,4336609.731991653,0,0,0.0,0,4.629302721230921,7.51321843026498,8307.276799279487,2629.183934058214,3.1596407887891615,2.0249439490658276,315.15302961799614,0.0,0.0,0.0,2.1617518595460203,8.91304347826087,0.23051409618573798,7907.992469532839,92,46.66959595680237
paper,200,1500000.0,3,15,exclude,launch,0,0.0,prior,0.0,asghar_rev,12600.0,43200,11784533.930319408,0,8059949.707023366,3724584.2232960416,0,0,0.0,0,4.9737073242025795,4.600279569172949,7708.957334908408,4282.316095460512,1.8001840973580445,2.030472185156621,318.5618773144384,0.0,0.0,0.0,2.339764866757291,7.872093023255814,0.24082934609250398,9843.404975788992,86,49.957542419433594
paper,200,3000000.0,6,13,exclude,launch,0,0.0,prior,0.0,asghar_rev,12600.0,43200,3521031.23211499,0,1984285.3526288576,1536745.879486132,0,0,0.0,0,9.293672332828969,10.41670763264144,8274.674043622275,3800.670586449915,2.177161596988437,2.020688092281766,312.54125451773746,0.0,0.0,0.0,2.2662458524966995,10.720670391061452,0.5770509977827051,3442.2889398523903,179,51.968931436538696
paper,200,1500000.0,7,13,exclude,launch,0,0.0,prior,0.0,asghar_rev,12600.0,43200,10781137.659445971,0,8175452.180944603,2605685.4785013674,0,39,0.6220928735900509,39,4.646836166414484,4.77415980987492,8274.674043622275,4088.469777142246,2.0239049068881947,2.0492844619731496,330.29936464148454,0.0,0.0,0.0,1.044439772835165,2.522222222222222,0.41442953020134227,5788.174102959318,450,57.20204305648804
paper,200,1500000.0,3,13,exclude,launch,0,0.0,prior,0.0,asghar_rev,12600.0,43200,12853854.29722031,0,8947872.436528563,3905981.860691746,0,0,0.0,0,4.646836166414484,5.737902118081234,8274.674043622275,3440.2835371476294,2.4052302533421077,2.0263414053830378,316.01300412108867,0.0,0.0,0.0,2.2879915578348453,7.988636363636363,0.22191629955947137,9517.28611433612,88,57.32181906700134
paper,200,1500000.0,4,15,exclude,launch,0,0.0,prior,0.0,asghar_rev,12600.0,43200,9094974.300383229,0,5558809.490777476,3536164.8096057535,0,0,0.0,0,4.9737073242025795,4.312041413565072,7708.957334908408,4546.306305681066,1.6956528699518754,2.040414378551243,324.7386237288509,0.0,0.0,0.0,1.691504294574336,5.163522012578617,0.2877005347593583,7983.303435950098,159,59.90317344665527
paper,200,1500000.0,4,13,exclude,launch,0,0.0,prior,0.0,asghar_rev,12600.0,43200,10816206.48406502,0,7001507.615680116,3814698.8683849047,0,0,0.0,0,4.646836166414484,4.978122941859644,8274.674043622275,3952.668599304533,2.09343987125007,2.0328436138839336,320.0297792222471,0.0,0.0,0.0,1.6584464903647504,5.04320987654321,0.26611111111111113,8018.154036288763,162,61.809287786483765
paper,200,1500000.0,4,14,exclude,launch,0,0.0,prior,0.0,asghar_rev,12600.0,43200,11560906.907401929,0,7593768.599171434,3967138.3082304955,0,0,0.0,0,4.629302721230921,5.963224167790732,8307.276799279487,3308.2182689692536,2.5111029937779157,2.02761128727698,316.7954873217154,0.0,0.0,0.0,1.7725553006061614,6.671052631578948,0.30680570801317236,6454.822074289253,152,62.50999331474304
paper,200,1500000.0,7,14,exclude,launch,0,0.0,prior,0.0,asghar_rev,12600.0,43200,9926620.943893693,0,7685546.487915713,2241074.4559779787,0,33,0.6426150029705535,33,4.629302721230921,5.348699772225641,8307.276799279487,3667.836223071303,2.2648985107419266,2.0389277415288745,323.8112556354863,0.0,0.0,0.0,1.0133108045608379,3.3347732181425487,0.4964305326743548,4233.059951299822,463,65.06685066223145
paper,200,1500000.0,6,13,exclude,launch,0,0.0,prior,0.0,asghar_rev,12600.0,43200,8786123.124120323,0,6017660.873181792,2768462.2509385315,0,20,0.3983982292554436,20,4.646836166414484,4.739356176688071,8274.674043622275,4129.891507934784,2.003605670445361,2.043628732192274,326.74827919717603,0.0,0.0,0.0,1.1690684127446007,3.1565217391304348,0.4125485841199334,6022.230253062908,345,68.83457374572754
paper,200,1500000.0,7,15,exclude,launch,0,0.0,prior,0.0,asghar_rev,12600.0,43200,9007010.699208634,0,6419050.423233345,2587960.2759752884,0,30,0.5022349487620432,30,4.9737073242025795,4.637607780878066,7708.957334908408,4192.54550797452,1.838729554693067,2.0572553005433245,335.3366311580866,0.0,0.0,0.0,1.0490233177162471,2.451111111111111,0.40697050938337803,5961.031682847981,450,71.7566397190094
paper,200,1500000.0,5,14,exclude,launch,0,0.0,prior,0.0,asghar_rev,12600.0,43200,8690524.805177798,0,5258655.766646609,3431869.03853119,0,1,0.026264919946138388,1,4.629302721230921,4.935505090079539,8307.276799279487,3973.654030805344,2.090588847161373,2.039568683318146,324.21091420074737,0.0,0.0,0.0,1.328994862721362,4.150793650793651,0.3519125683060109,6320.657089037036,252,76.35719084739685
paper,200,1500000.0,5,15,exclude,launch,0,0.0,prior,0.0,asghar_rev,12600.0,43200,7260447.0542528005,0,4241518.721209513,3018928.333043288,0,2,0.03638593541507241,2,4.9737073242025795,4.126573699610125,7708.957334908408,4724.749243909259,1.631611951649314,2.0515949492684875,331.75558119809796,0.0,0.0,0.0,1.387952396066902,3.71900826446281,0.32688172043010755,7309.744729504996,242,78.07983660697937
paper,200,1500000.0,6,14,exclude,launch,0,0.0,prior,0.0,asghar_rev,12600.0,43200,8896608.159204332,0,5859693.154189567,3036915.005014764,0,13,0.2988843147675913,12,4.629302721230921,4.918916156886275,8307.276799279487,3975.9248238054906,2.089394837030222,2.045278283262411,327.78200683800395,0.0,0.0,0.0,1.1601249436369006,3.438040345821326,0.4099173553719008,5461.060671767449,347,78.78375172615051
paper,200,1500000.0,5,13,exclude,launch,0,0.0,prior,0.0,asghar_rev,12600.0,43200,8472935.335010493,0,5095075.544424375,3377859.7905861186,0,2,0.052171205135342985,2,4.646836166414484,4.170769056581353,8274.674043622275,4688.553268125186,1.7648672352465504,2.045525952702954,327.93735533262577,0.0,0.0,0.0,1.4427136600590529,3.5905172413793105,0.2991021324354658,7922.51842583769,232,79.61670160293579
paper,200,1500000.0,6,15,exclude,launch,0,0.0,prior,0.0,asghar_rev,12600.0,43200,7264000.503500078,0,4675094.285572019,2588906.217928059,0,13,0.26004461485616726,13,4.9737073242025795,4.42753314866876,7708.957334908408,4402.878587111183,1.7508902828879525,2.0519248936760155,331.9637945805888,0.0,0.0,0.0,1.1990378626316043,3.2514792899408285,0.3864243719935863,5991.238224286822,338,79.93992400169373
paper,200,3000000.0,4,14,exclude,launch,0,0.0,prior,0.0,asghar_rev,12600.0,43200,8700293.64009973,0,5189278.050638974,3511015.5894607566,0,0,0.0,0,9.258605442461842,14.746041206289023,8307.276799279487,2680.3572803177617,3.0993169680329493,2.024052887996952,314.6052952244695,0.0,0.0,0.0,2.5870738171037395,11.466666666666667,0.375886524822695,5530.519960682042,105,40.934091329574585
paper,200,3000000.0,8,13,exclude,launch,0,0.0,prior,0.0,asghar_rev,12600.0,43200,5564719.391347955,0,3087143.167917151,2477576.223430804,0,0,0.0,0,9.293672332828969,9.449359978016844,8274.674043622275,4185.878959648872,1.9768068124732368,2.022557732309473,313.68729477176754,0.0,0.0,0.0,1.582887077041327,5.097058823529411,0.5052399338113623,3841.059449257802,340,58.58396077156067
paper,200,3000000.0,5,14,exclude,launch,0,0.0,prior,0.0,asghar_rev,12600.0,43200,5363403.148983389,0,2887966.0638973946,2475437.085085994,0,0,0.0,0,9.258605442461842,12.26916732040846,8307.276799279487,3223.805010606374,2.5768546087460016,2.0225819717993128,313.7021667146912,0.0,0.0,0.0,2.5228972442604376,11.955223880597014,0.5183783783783784,4217.5648747638215,134,42.51601505279541
paper,200,3000000.0,7,13,exclude,launch,0,0.0,prior,0.0,asghar_rev,12600.0,43200,3037107.4363578674,0,1783673.3958091468,1253434.0405487206,0,0,0.0,0,9.293672332828969,9.931170159069799,8274.674043622275,3986.928664996035,2.075450738878596,2.020463915992625,312.4039811529011,0.0,0.0,0.0,1.904262637197296,8.661290322580646,0.6263858093126385,3100.3116793152776,248,63.213005781173706
paper,200,3000000.0,6,14,exclude,launch,0,0.0,prior,0.0,asghar_rev,12600.0,43200,3354102.5355372457,0,1946674.6166976637,1407427.9188395818,0,0,0.0,0,9.258605442461842,12.378821683711326,8307.276799279487,3199.7329737267455,2.5962406449198037,2.0197468673252637,311.9651020259065,0.0,0.0,0.0,2.16576671564331,11.897849462365592,0.6387978142076502,3009.9781186201067,186,43.42545557022095
paper,200,3000000.0,7,14,exclude,launch,0,0.0,prior,0.0,asghar_rev,12600.0,43200,2553744.7899999544,0,1582613.8536624992,971130.9363374548,0,0,0.0,0,9.258605442461842,11.415656387926548,8307.276799279487,3471.010318624314,2.393331058310411,2.0189854735525534,311.49941859333654,0.0,0.0,0.0,1.8454654140009779,10.390625,0.6539717083786725,2500.3235020863754,256,48.38942742347717
paper,200,3000000.0,14,13,exclude,launch,0,0.0,prior,0.0,asghar_rev,12600.0,43200,8818881.429078327,0,7137854.004810354,1681027.4242679735,0,39,0.7609743091790605,39,9.293672332828969,9.826586728430927,8274.674043622275,4024.2510438253044,2.056202248196891,2.023029566781039,313.97684835246025,0.0,0.0,0.0,1.0524146341147222,2.684563758389262,0.6064008983717013,2737.911203810129,894,61.03971314430237
paper,200,3000000.0,12,13,exclude,launch,0,0.0,prior,0.0,asghar_rev,12600.0,43200,7477704.408341133,0,5261352.901600381,2216351.506740752,0,20,0.47142317124278393,20,9.293672332828969,9.832567963752588,8274.674043622275,4024.0162222970575,2.056322237910558,2.0219169226736913,313.2942590540603,0.0,0.0,0.0,1.1545511728599034,3.137142857142857,0.5581134194272881,2989.056431855056,700,69.46274161338806
paper,200,3000000.0,11,13,exclude,launch,0,0.0,prior,0.0,asghar_rev,12600.0,43200,4003037.0570072527,0,2754049.635145145,1248987.4218621077,0,7,0.32015721257909624,7,9.293672332828969,8.863652605495426,8274.674043622275,4455.000779207906,1.857390032846078,2.0259535147729566,315.774184342495,0.0,0.0,0.0,1.2747450057708338,3.872413793103448,0.6360582306830908,2935.895163855446,580,72.50103521347046
paper,200,3000000.0,10,13,exclude,launch,0,0.0,prior,0.0,asghar_rev,12600.0,43200,3843733.8516968056,0,2283700.523900742,1560033.3277960634,0,2,0.11002084516392578,2,9.293672332828969,8.558654649467217,8274.674043622275,4617.312922690848,1.792097304680839,2.024394627674602,314.815305962576,0.0,0.0,0.0,1.4233262295749909,4.262711864406779,0.6246498599439776,3253.225852996519,472,72.79268717765808
paper,200,3000000.0,13,13,exclude,launch,0,0.0,prior,0.0,asghar_rev,12600.0,43200,7578485.426798621,0,5727188.587520283,1851296.839278338,0,25,0.5803321339608724,25,9.293672332828969,9.552866689803539,8274.674043622275,4134.166958207034,2.0015335924437254,2.0256679565158837,315.59842710704055,0.0,0.0,0.0,1.0924161966584363,2.71375,0.5910364145658263,3028.0187682172086,800,68.24747085571289
paper,200,3000000.0,9,13,exclude,launch,0,0.0,prior,0.0,asghar_rev,12600.0,43200,4570010.170861797,0,2482899.1216009855,2087111.0492608119,0,0,0.0,0,9.293672332828969,8.484034656617135,8274.674043622275,4653.780882237138,1.77805407108994,2.026196784892199,315.9239523969257,0.0,0.0,0.0,1.472668592068187,4.308252427184466,0.5602443087173792,3710.83781158842,412,75.31263732910156
paper,200,3000000.0,4,15,exclude,launch,0,0.0,prior,0.0,asghar_rev,12600.0,43200,6591994.930348636,0,3786765.217621346,2805229.71272729,0,0,0.0,0,9.947414648405159,9.690759552855312,7708.957334908408,4073.031221613833,1.892683094104526,2.026816493863783,316.3056336212135,0.0,0.0,0.0,3.3599892823794595,14.341772151898734,0.41077085533262936,5715.414501399889,79,39.42292356491089
paper,200,3000000.0,8,14,exclude,launch,0,0.0,prior,0.0,asghar_rev,12600.0,43200,5537466.522720776,0,3103669.828949702,2433796.693771074,0,0,0.0,0,9.258605442461842,13.557786878038064,8307.276799279487,2922.0645574771784,2.8429477295504166,2.0193489720242286,311.72169803005545,0.0,0.0,0.0,1.3264900235804933,5.313725490196078,0.5389254385964912,3035.4820748564302,408,58.44086480140686
ring,200,1500000.0,6,13,exclude,launch,0,0.0,prior,0.0,asghar_rev,12600.0,43200,27149970.31816863,0,25383127.923406832,1766842.3947617963,0,173,0.9863464208682956,173,4.851851601005497,3.007158862893681,7910.9419020655405,6308.756095300842,1.2539622363841434,2.108433375478395,368.5873643623285,0.0,0.0,0.0,1.3312125356627988,1.3201320132013201,0.13114754098360656,16423.447614722823,303,0.5097329616546631
paper,200,3000000.0,5,15,exclude,launch,0,0.0,prior,0.0,asghar_rev,12600.0,43200,3948195.7327116034,0,2216372.9810331715,1731822.7516784319,0,0,0.0,0,9.947414648405159,9.867931415861175,7708.957334908408,4004.7476958746206,1.9249545590224262,2.024364461115467,314.7967647589143,0.0,0.0,0.0,2.485992623302774,11.807407407407407,0.5216,4085.842593670894,135,42.11853742599487
paper,200,3000000.0,6,15,exclude,launch,0,0.0,prior,0.0,asghar_rev,12600.0,43200,3213295.5513914437,0,1817541.4147894003,1395754.1366020436,0,0,0.0,0,9.947414648405159,9.1974642323588,7708.957334908408,4302.024249808338,1.7919372107797518,2.021850432595223,313.25349197851324,0.0,0.0,0.0,2.2909040663085225,10.813559322033898,0.5693931398416886,3494.9788087265706,177,46.9095299243927
paper,200,3000000.0,9,14,exclude,launch,0,0.0,prior,0.0,asghar_rev,12600.0,43200,4171848.7498816215,0,2287049.298934274,1884799.4509473476,0,0,0.0,0,9.258605442461842,12.974702825630855,8307.276799279487,3055.2255971425157,2.719038753488154,2.0181306746736674,310.9770212134372,0.0,0.0,0.0,1.2989912593209545,5.379310344827586,0.6374589266155531,2614.8459750575953,464,65.3442006111145
paper,200,3000000.0,10,14,exclude,launch,0,0.0,prior,0.0,asghar_rev,12600.0,43200,3804153.0924768625,0,2259880.947073862,1544272.1454030005,0,1,0.06189276724549493,1,9.258605442461842,10.607637664733716,8307.276799279487,3728.8156708432784,2.2278593345969235,2.0225552553308286,313.68577506140883,0.0,0.0,0.0,1.2208843596734549,4.38475499092559,0.6701256144183506,2734.4901754408506,551,74.17663431167603
ring,200,1500000.0,6,14,exclude,launch,0,0.0,prior,0.0,asghar_rev,12600.0,43200,29102122.222452555,0,27332414.143660136,1769708.0787924193,0,178,0.9910811763757854,178,4.825004938132134,2.997214657866354,7956.813622554527,6312.165866158564,1.2605520500044871,2.1142860341271663,372.49000975525456,0.0,0.0,0.0,1.3245724911829382,1.1437908496732025,0.10831234256926953,18794.45812043548,306,0.2237708568572998
paper,200,3000000.0,14,14,exclude,launch,0,0.0,prior,0.0,asghar_rev,12600.0,43200,8125116.18363438,0,6819924.721875223,1305191.4617591563,0,33,0.7921142104216798,33,9.258605442461842,12.10824101203556,8307.276799279487,3275.0939328708632,2.536500317106185,2.0173681947611426,310.51141311346373,0.0,0.0,0.0416,0.963436921025127,3.5277777777777777,0.6810958904109589,1978.5319880752895,936,64.89873790740967
paper,200,3000000.0,11,14,exclude,launch,0,0.0,prior,0.0,asghar_rev,12600.0,43200,3853999.263787844,0,2739241.8441438493,1114757.4196439951,0,6,0.3168499202647465,6,9.258605442461842,10.974040297726171,8307.276799279487,3607.8743643535704,2.3025404879274163,2.020561299291101,312.4636096832221,0.0,0.0,0.0,1.1702303050362335,4.479495268138801,0.7012061403508771,2317.840129820184,634,76.06364226341248
paper,200,3000000.0,7,15,exclude,launch,0,0.0,prior,0.0,asghar_rev,12600.0,43200,2516300.417616213,0,1479699.9869564564,1036600.4306597568,0,0,0.0,0,9.947414648405159,9.120705849521716,7708.957334908408,4338.4181381495655,1.7769051044481512,2.021762469046976,313.1995629458921,0.0,0.0,0.0,1.8788146715981184,8.760956175298805,0.6363636363636364,2990.3423466066497,251,52.708492279052734
paper,200,3000000.0,13,14,exclude,launch,0,0.0,prior,0.0,asghar_rev,12600.0,43200,7569540.462302792,0,5687645.03285931,1881895.4294434816,0,23,0.5852647429893385,23,9.258605442461842,11.796283626365785,8307.276799279487,3359.1168225276947,2.473053852598184,2.0189226160602454,311.46098925571636,0.0,0.0,0.0471441523118767,1.0119039109695764,3.513939393939394,0.6462809917355372,2252.2014556725567,825,73.61361789703369
ring,200,1500000.0,6,15,exclude,launch,0,0.0,prior,0.0,asghar_rev,12600.0,43200,30085995.9168572,0,28322724.37525877,1763271.5415984306,0,177,0.9940411993357671,177,4.866811022269892,2.9745794770946086,7885.600957923348,6309.328839558883,1.2498319803021505,2.131332713221498,383.97411240153474,0.0,0.0,0.0,1.3251456568034996,1.3104575163398693,0.09002433090024331,16376.610738566089,306,0.2449629306793213
paper,200,3000000.0,12,14,exclude,launch,0,0.0,prior,0.0,asghar_rev,12600.0,43200,7754489.870631981,0,5184459.16211326,2570030.708518721,0,12,0.32757912853542254,12,9.258605442461842,11.518262075236876,8307.276799279487,3435.962193453658,2.417743948145549,2.0214111392806844,312.9842146339995,0.0,0.0,0.053125,1.0709165717272358,3.583216783216783,0.5767543859649122,2543.9263645192837,715,80.20281505584717
paper,200,3000000.0,8,15,exclude,launch,0,0.0,prior,0.0,asghar_rev,12600.0,43200,4278935.538080678,0,2382558.4498733794,1896377.0882072987,0,0,0.0,0,9.947414648405159,8.537853686050525,7708.957334908408,4633.539125971551,1.6637298456591774,2.022220200755673,313.4802416498905,0.0,0.0,0.0,1.7527918887728862,6.026229508196721,0.5708200212992546,3610.1149279090805,305,61.78931164741516
ring,200,1500000.0,2,13,exclude,launch,0,0.0,prior,0.0,asghar_rev,12600.0,43200,9627546.614596443,0,8059540.97164241,1568005.6429540315,0,0,0.0,0,4.851851601005497,2.8746299419783266,7910.9419020655405,6783.446315750018,1.1662127971290446,2.051292792791809,331.56496085280054,0.0,0.0,0.0,3.3554465378713405,14.707317073170731,0.3279445727482679,11131.90072278241,41,44.53656029701233
ring,200,1500000.0,2,14,exclude,launch,0,0.0,prior,0.0,asghar_rev,12600.0,43200,9386241.410081398,0,7858223.1281593805,1528018.2819220165,0,0,0.0,0,4.825004938132134,2.9067346884806597,7956.813622554527,6709.116594502831,1.1859703897639828,2.051111447794069,331.45058270512334,0.0,0.0,0.0,3.2095682399824828,14.790697674418604,0.3350125944584383,10432.318978038327,43,40.33105945587158
paper,200,3000000.0,9,15,exclude,launch,0,0.0,prior,0.0,asghar_rev,12600.0,43200,3273725.4926608,0,1821132.762807534,1452592.7298532657,0,0,0.0,0,9.947414648405159,8.640376162229316,7708.957334908408,4572.300249524094,1.686012928768357,2.024988659629403,315.180525710664,0.0,0.0,0.0,1.4800720575394517,5.080684596577017,0.6348104644954619,3184.9694782282754,409,67.04145121574402
paper,200,3000000.0,15,15,exclude,launch,0,0.0,prior,0.0,asghar_rev,12600.0,43200,8959765.296942685,0,7708944.101037372,1250821.1959053134,0,50,0.8679564373633167,50,9.947414648405159,10.148816145669183,7708.957334908408,3894.062754795473,1.9796695175019856,2.024284994954153,314.74792526646877,0.0,0.0,0.0,0.9691033118869481,2.6885245901639343,0.6293519014461704,2345.1983674447047,1037,54.99945282936096
paper,200,3000000.0,11,15,exclude,launch,0,0.0,prior,0.0,asghar_rev,12600.0,43200,3365647.417637474,0,2251754.7420943584,1113892.6755431152,0,7,0.25111745575269123,7,9.947414648405159,8.726303893202624,7708.957334908408,4529.569940193175,1.701918159272233,2.0239635358031274,314.55039679633285,0.0,0.0,0.0,1.329357261771208,4.225806451612903,0.655264564404062,2797.5283396758396,558,71.1487078666687
paper,200,3000000.0,10,15,exclude,launch,0,0.0,prior,0.0,asghar_rev,12600.0,43200,3428939.657406866,0,1993641.1030566813,1435298.554350185,0,2,0.07716332699873242,2,9.947414648405159,8.147156760405798,7708.957334908408,4842.133238362636,1.5920580775912698,2.027903005025135,316.97537632191086,0.0,0.0,0.0,1.4023355225834866,4.183333333333334,0.6001070663811563,3277.815657460783,480,71.91750741004944
ring,200,3000000.0,12,13,exclude,launch,0,0.0,prior,0.0,asghar_rev,12600.0,43200,26847223.19987172,0,25197510.684488505,1649712.5153832135,0,173,0.9956735150428724,173,9.703703202010994,6.696806751074117,7910.9419020655405,5769.201633899139,1.3712368546077143,2.070649073632654,343.88683166113805,0.0,0.0,0.08454106280193237,1.2133646715624848,1.4830371567043619,0.13615023474178403,7156.960988283738,619,0.519085168838501
ring,200,1500000.0,2,15,exclude,launch,0,0.0,prior,0.0,asghar_rev,12600.0,43200,10234386.734416723,0,8669951.59972053,1564435.134696191,0,0,0.0,0,4.866811022269892,2.906225294180374,7885.600957923348,6709.4245611721035,1.1753021270345385,2.05137679658385,331.6179505184752,0.0,0.0,0.0,3.2441235513251696,14.097560975609756,0.3164251207729469,11123.853908358755,41,36.7139036655426
paper,200,3000000.0,14,15,exclude,launch,0,0.0,prior,0.0,asghar_rev,12600.0,43200,6624742.554083456,0,5309399.032939576,1315343.5211438807,0,30,0.6926375773060338,30,9.947414648405159,9.640157744342064,7708.957334908408,4096.750112306448,1.881725056100214,2.025659160211152,315.5930138775138,0.0,0.0,0.0,1.054757841141647,2.9854748603351955,0.6473118279569893,2459.051773269238,895,69.92875027656555
paper,200,3000000.0,13,15,exclude,launch,0,0.0,prior,0.0,asghar_rev,12600.0,43200,5481293.709937053,0,4103761.0155912684,1377532.694345784,0,21,0.5417749489093241,21,9.947414648405159,9.39086787734285,7708.957334908408,4205.2816650657915,1.8331607604190767,2.0257654830962766,315.6584478935215,0.0,0.0,0.0,1.1186401340320098,3.2774936061381075,0.6604077253218884,2569.0040987729562,782,71.41678476333618
ring,200,1500000.0,3,13,exclude,launch,0,0.0,prior,0.0,asghar_rev,12600.0,43200,11641309.043152155,0,10007478.112173364,1633830.9309787913,0,0,0.0,0,4.851851601005497,2.8530300646135176,7910.9419020655405,6835.960711930407,1.1572538572755444,2.050945335317042,331.3458293473952,0.0,0.0,0.0,2.1009463966887765,5.938144329896907,0.32634032634032634,11472.47844990267,97,67.69981670379639
paper,200,3000000.0,12,15,exclude,launch,0,0.0,prior,0.0,asghar_rev,12600.0,43200,5667889.070686801,0,3758381.1498567504,1909507.9208300503,0,13,0.3369627769541052,13,9.947414648405159,8.845091151830605,7708.957334908408,4461.8884215981425,1.7277342251752772,2.0270710371532474,316.4624746077142,0.0,0.0,0.0,1.2104516025004364,3.2,0.5919571045576407,3091.0663324372836,665,74.70159268379211
ring,200,1500000.0,3,14,exclude,launch,0,0.0,prior,0.0,asghar_rev,12600.0,43200,12358308.369159611,0,10732188.12673049,1626120.2424291212,0,0,0.0,0,4.825004938132134,2.8785906615695227,7956.813622554527,6757.5416299344015,1.1774716395837828,2.0563230765714584,334.74553262921745,0.0,0.0,0.0,1.9184058276446065,4.5754716981132075,0.24685138539042822,13771.12217615276,106,64.00363302230835
ring,200,3000000.0,4,13,exclude,launch,0,0.0,prior,0.0,asghar_rev,12600.0,43200,6020503.601133508,0,4649749.660237392,1370753.9408961146,0,0,0.0,0,9.703703202010994,5.773641292562852,7910.9419020655405,6818.697733128515,1.1601836907405907,2.032070399545214,319.55079288522523,0.0,0.0,0.0,3.638738697075224,14.472972972972974,0.535796766743649,6288.526651199748,74,37.92027473449707
ring,200,1500000.0,5,13,exclude,launch,0,0.0,prior,0.0,asghar_rev,12600.0,43200,13926269.81930461,0,12093123.51646795,1833146.3028366594,0,8,0.07673468106812607,8,4.851851601005497,2.7122010948450272,7910.9419020655405,6936.6024281713,1.1404635026994197,2.126137271469368,380.4555462577417,0.0,0.0,0.0,1.534323824752074,1.5963302752293578,0.20374707259953162,18845.823452041914,218,73.09580636024475
ring,200,3000000.0,12,14,exclude,launch,0,0.0,prior,0.0,asghar_rev,12600.0,43200,28958312.63141162,0,27206580.379899304,1751732.2515123156,0,178,0.9970912556710464,178,9.650009876264267,6.1167487550241315,7956.813622554527,6311.881447677222,1.2606088514990472,2.0720990497292258,344.8189117290926,0.0,0.0,0.0,1.3213736385750605,1.2875816993464053,0.12090680100755667,8361.559050413669,612,0.29558563232421875
ring,200,1500000.0,4,13,exclude,launch,0,0.0,prior,0.0,asghar_rev,12600.0,43200,11405504.63341987,0,9597384.118375674,1808120.515044195,0,1,0.00415558568801755,0,4.851851601005497,2.8095230967257,7910.9419020655405,6897.065850833196,1.1470010687385077,2.0642534166880955,339.7906004796856,0.0,0.0,0.0,1.8286857304944757,3.717241379310345,0.23943661971830985,12054.73634057091,145,80.39978003501892
ring,200,3000000.0,11,13,exclude,launch,0,0.0,prior,0.0,asghar_rev,12600.0,43200,13847254.081412058,0,12279333.262325326,1567920.8190867316,0,69,0.7063268240001989,69,9.703703202010994,5.7167634587189085,7910.9419020655405,6547.468185603471,1.2082444202569882,2.1373043381802286,388.03834729307033,0.0,0.0,0.0,1.4085236295146295,1.2386363636363635,0.3247663551401869,10093.260486993155,528,30.2900652885437
ring,200,3000000.0,5,13,exclude,launch,0,0.0,prior,0.0,asghar_rev,12600.0,43200,3298669.1909986935,0,2547629.4567181463,751039.734280547,0,0,0.0,0,9.703703202010994,5.722025261331372,7910.9419020655405,6864.83476770153,1.1523863530242355,2.036620578714797,322.3746672645002,0.0,0.0,0.0,2.6004118012409627,11.419847328244275,0.7412587412587412,4459.408284903012,131,51.2626256942749
ring,200,1500000.0,3,15,exclude,launch,0,0.0,prior,0.0,asghar_rev,12600.0,43200,12513877.931998003,0,10913069.430919088,1600808.5010789144,0,0,0.0,0,4.866811022269892,2.9716118318073645,7885.600957923348,6610.900356346976,1.1928180025210273,2.0361384316825752,322.0748548828878,0.0,0.0,0.0,2.443527039785459,6.5,0.31476997578692495,12302.525638410978,82,61.053301095962524
ring,200,1500000.0,5,14,exclude,launch,0,0.0,prior,0.0,asghar_rev,12600.0,43200,16528618.344498977,0,14756138.55738768,1772479.7871112975,0,17,0.1676273791171857,17,4.825004938132134,2.7224412087882843,7956.813622554527,6935.172052760094,1.1473130820723958,2.11857694364061,375.36431365331055,0.0,0.0,0.0,1.5230157911606221,1.3807339449541285,0.1569620253164557,21613.658196848304,218,76.44655084609985
ring,200,3000000.0,11,14,exclude,launch,0,0.0,prior,0.0,asghar_rev,12600.0,43200,16410960.982200976,0,14897931.046893975,1513029.9353070015,0,78,0.8151484077101224,78,9.650009876264267,6.3009099606008405,7956.813622554527,5940.492151305218,1.3394199369165554,2.1372941002455965,388.03136113603244,0.0,0.0,0.10138888888888889,1.276547216613033,1.157992565055762,0.2947103274559194,10555.334002736337,538,16.20820116996765
ring,200,3000000.0,4,14,exclude,launch,0,0.0,prior,0.0,asghar_rev,12600.0,43200,5863062.737777163,0,4640611.750140979,1222450.987636185,0,0,0.0,0,9.650009876264267,5.787513077844596,7956.813622554527,6763.6900588171275,1.1764012770191985,2.0436866286218587,326.7845336292186,0.0,0.0,0.0,2.4625607835347725,9.233644859813085,0.5591939546599496,6674.26564307493,107,38.11229348182678
ring,200,1500000.0,4,14,exclude,launch,0,0.0,prior,0.0,asghar_rev,12600.0,43200,12442624.216214221,0,10752408.778569516,1690215.4376447059,0,0,0.0,0,4.825004938132134,2.822495761553793,7956.813622554527,6850.7360868752085,1.1614538235969074,2.068661612796512,342.6112927994526,0.0,0.0,0.0,1.7300202991450586,3.129032258064516,0.2619647355163728,13641.090994242326,155,87.15235257148743
ring,200,3000000.0,12,15,exclude,launch,0,0.0,prior,0.0,asghar_rev,12600.0,43200,29927372.76004952,0,28245506.669692554,1681866.090356965,0,177,0.9972078174475932,177,9.733622044539784,6.629193192554312,7885.600957923348,5762.645942992435,1.3683993491761357,2.094148012316873,359.1479618570892,0.0,0.0,0.08653846153846154,1.20654706130826,1.314102564102564,0.1,7909.722348467064,624,0.33321118354797363
ring,200,3000000.0,6,13,exclude,launch,0,0.0,prior,0.0,asghar_rev,12600.0,43200,2680098.305919843,0,2134575.1986280135,545523.1072918294,0,0,0.0,0,9.703703202010994,5.724072906449605,7910.9419020655405,6857.492836959558,1.1536201480850625,2.038071742961203,323.27788306035296,0.0,0.0,0.0,2.2384459898387528,9.596685082872929,0.7813953488372093,3839.586814141543,181,60.694050312042236
ring,200,3000000.0,7,13,exclude,launch,0,0.0,prior,0.0,asghar_rev,12600.0,43200,2488112.5394302215,0,1961476.5658836477,526635.9735465741,0,0,0.0,0,9.703703202010994,5.76898168087542,7910.9419020655405,6792.863898390962,1.164595967238416,2.041446081895124,325.3829824484116,0.0,0.0,0.0,1.9746115162502171,7.533898305084746,0.8391608391608392,3725.8376325725794,236,65.88878870010376
ring,200,1500000.0,4,15,exclude,launch,0,0.0,prior,0.0,asghar_rev,12600.0,43200,12174426.880467957,0,10575832.731973797,1598594.1484941593,0,0,0.0,0,4.866811022269892,2.8402581232871174,7885.600957923348,6789.128592433022,1.161504138647841,2.074379185398226,346.2871902050866,0.0,0.0,0.0,1.7106862715164621,3.259493670886076,0.2736077481840194,12807.056773089525,158,83.5606427192688
ring,200,3000000.0,4,15,exclude,launch,0,0.0,prior,0.0,asghar_rev,12600.0,43200,6476243.272338151,0,5234158.053104371,1242085.219233781,0,0,0.0,0,9.733622044539784,5.883699997178649,7885.600957923348,6682.242922533714,1.1800829525864283,2.0347788126204103,321.230157314432,0.0,0.0,0.0,3.207224306363637,11.963855421686747,0.4830917874396135,6639.888243809841,83,39.133694887161255
ring,200,1500000.0,5,15,exclude,launch,0,0.0,prior,0.0,asghar_rev,12600.0,43200,15099807.412002236,0,13395533.97834319,1704273.4336590439,0,10,0.1379789715961403,10,4.866811022269892,2.7545593817748615,7885.600957923348,6866.33404589756,1.148444119556748,2.114866335769751,372.8780839898014,0.0,0.0,0.0,1.5276882207409748,1.5495495495495495,0.20581113801452786,19270.025030544206,222,85.84249806404114
ring,200,3000000.0,5,14,exclude,launch,0,0.0,prior,0.0,asghar_rev,12600.0,43200,3614600.944463523,0,2754783.9994855225,859816.9449780005,0,0,0.0,0,9.650009876264267,5.814455100130497,7956.813622554527,6735.409886500819,1.181340669185057,2.042758074072374,326.2033203129378,0.0,0.0,0.0,2.2226684598191553,9.059602649006623,0.7279596977329975,4796.6922783597765,151,57.0462281703949
core,200,1500000.0,2,13,exclude,launch,0,0.0,prior,0.0,asghar_rev,12600.0,43200,4554617.820004595,0,3473706.7560080662,1080911.0639965292,0,0,0.0,0,4.7893154785571,24.711056458145453,8018.59089865545,791.8865220005862,10.12593430482646,2.0441168918248707,327.05402513820866,0.0,0.0,0.0,2.1896386530494296,26.70967741935484,0.5953488372093023,4004.789886435685,62,23.35225486755371
ring,200,3000000.0,8,13,exclude,launch,0,0.0,prior,0.0,asghar_rev,12600.0,43200,5672734.228986776,0,4396141.984705875,1276592.244280902,0,0,0.0,0,9.703703202010994,5.661043537702522,7910.9419020655405,6898.8923382017765,1.1466973992708456,2.0483969687932326,329.7408612524516,0.0,0.0,0.0,1.8075896537749938,4.066666666666666,0.5804195804195804,5453.1479184733,300,76.64723372459412
ring,200,3000000.0,6,14,exclude,launch,0,0.0,prior,0.0,asghar_rev,12600.0,43200,2654176.8335778243,0,2189279.8961383104,464896.93743951415,0,0,0.0,0,9.650009876264267,5.7834588814728125,7956.813622554527,6776.742281249962,1.1741354905246453,2.0411802849118534,325.2169157067384,0.0,0.0,0.0,2.0848292775760617,9.072164948453608,0.7632241813602015,3793.282112218446,194,58.29528522491455
ring,200,3000000.0,10,13,exclude,launch,0,0.0,prior,0.0,asghar_rev,12600.0,43200,7922650.183827803,0,6529594.230068499,1393055.9537593038,0,9,0.14172857575826217,8,9.703703202010994,5.500713968050842,7910.9419020655405,6883.51093749123,1.1492597271805554,2.1128123050332865,371.50536787004876,0.0,0.0,0.0,1.5256863310952107,1.7727272727272727,0.4088785046728972,8459.902980346766,440,71.23063373565674
ring,200,3000000.0,5,15,exclude,launch,0,0.0,prior,0.0,asghar_rev,12600.0,43200,3635259.8107094904,0,2842055.253042439,793204.5576670513,0,0,0.0,0,9.733622044539784,5.857287886561481,7885.600957923348,6712.200794304018,1.1748160103635574,2.0348316165784803,321.2629424011294,0.0,0.0,0.0,2.694885920299082,11.260162601626016,0.7263922518159807,4680.225585807846,123,48.991026401519775
ring,200,3000000.0,11,15,exclude,launch,0,0.0,prior,0.0,asghar_rev,12600.0,43200,14503220.2013592,0,13075554.686861888,1427665.5144973139,0,59,0.689934734290747,58,9.733622044539784,5.657470780163208,7885.600957923348,6593.722862217764,1.1959254464739617,2.1445539584394924,393.00112913385317,0.0,0.0,0.0,1.4171114590716785,1.1854684512428297,0.3075060532687651,10666.68079167766,523,39.153154373168945
ring,200,3000000.0,9,13,exclude,launch,0,0.0,prior,0.0,asghar_rev,12600.0,43200,5610358.839394053,0,4360030.770863886,1250328.0685301682,0,0,0.0,0,9.703703202010994,5.579686294992193,7910.9419020655405,6926.176112568512,1.1421802988390715,2.0700778308059036,343.5199691946806,0.0,0.0,0.0,1.6529890333217105,2.841530054644809,0.5492957746478874,6334.938447649696,366,83.52988839149475
core,200,1500000.0,3,13,exclude,launch,0,0.0,prior,0.0,asghar_rev,12600.0,43200,4489194.903209068,0,3394399.8393409937,1094795.0638680735,0,0,0.0,0,4.7893154785571,18.482732066211753,8018.59089865545,1065.2809489731012,7.527207640749729,2.0315600460886563,319.23483860592927,0.0,0.0,0.0,1.6024074413093388,17.158730158730158,0.6252927400468384,3012.6736355799057,126,33.34849238395691
ring,200,3000000.0,7,14,exclude,launch,0,0.0,prior,0.0,asghar_rev,12600.0,43200,2932832.956163798,0,2264327.9555287347,668505.000635063,0,0,0.0,0,9.650009876264267,5.759642669234789,7956.813622554527,6797.587826614762,1.1705348758277192,2.043335211835473,326.5645092767315,0.0,0.0,0.0,1.9189111133663979,6.640816326530612,0.7934508816120907,4050.983594251113,245,72.80025744438171
core,200,1500000.0,2,14,exclude,launch,0,0.0,prior,0.0,asghar_rev,12600.0,43200,5287680.76974301,0,4166403.4066240364,1121277.3631189738,0,0,0.0,0,4.896480120710079,16.307180559242934,7835.800210335435,1200.0312754873796,6.529663326610391,2.04403602887343,327.00336887574036,0.0,0.0,0.0,1.818119125335614,21.430555555555557,0.5544303797468354,4143.136390260348,72,25.01731300354004
ring,200,3000000.0,6,15,exclude,launch,0,0.0,prior,0.0,asghar_rev,12600.0,43200,2917917.2754916456,0,2351833.608124631,566083.6673670148,0,0,0.0,0,9.733622044539784,5.863213686360507,7885.600957923348,6707.227186965767,1.1756871711826802,2.034282427249692,320.9220417952545,0.0,0.0,0.0,2.360897614385583,9.461988304093568,0.7506053268765133,4089.1905156869398,171,61.13829493522644
ring,200,3000000.0,10,14,exclude,launch,0,0.0,prior,0.0,asghar_rev,12600.0,43200,10500879.30156893,0,8921341.783324057,1579537.5182448728,0,17,0.2628634105702548,17,9.650009876264267,6.264582258886599,7956.813622554527,6058.426374057612,1.313346590564486,2.1078419150078433,368.19411259447367,0.0,0.0,0.11831442463533225,1.3445551541278034,1.4065217391304348,0.32997481108312343,10168.442618480902,460,78.90543556213379
core,200,1500000.0,4,13,exclude,launch,0,0.0,prior,0.0,asghar_rev,12600.0,43200,2179927.3249056847,0,1782200.5925601977,397726.73234548676,0,0,0.0,0,4.7893154785571,14.100829243493424,8018.59089865545,1399.7542386913979,5.728570542606015,2.026579039819652,316.1593574991116,0.0,0.0,0.0,1.3297898150565095,14.517412935323383,0.9086651053864169,2222.00547421022,201,43.43288230895996
ring,200,3000000.0,8,14,exclude,launch,0,0.0,prior,0.0,asghar_rev,12600.0,43200,6718567.647189624,0,5390400.039929546,1328167.6072600775,0,0,0.0,0,9.650009876264267,6.813390636537822,7956.813622554527,5711.142020586398,1.3932088527781965,2.0559082894839653,334.4826947402862,0.0,0.0,0.16331096196868009,1.4554912851498005,2.996996996996997,0.4987405541561713,6614.891763878714,333,89.88388586044312
core,200,1500000.0,3,14,exclude,launch,0,0.0,prior,0.0,asghar_rev,12600.0,43200,5787331.075651311,0,4492182.908177982,1295148.1674733297,0,0,0.0,0,4.896480120710079,20.912204829440537,7835.800210335435,936.0098511207399,8.371493313829088,2.0435240241162616,326.6827166723389,0.0,0.0,0.0,0.49796592653149263,4.786764705882353,0.5138539042821159,3396.2596196496484,408,35.105151414871216
ring,200,3000000.0,7,15,exclude,launch,0,0.0,prior,0.0,asghar_rev,12600.0,43200,2596776.414170189,0,2086679.5545383631,510096.85963182565,0,0,0.0,0,9.733622044539784,5.852588613642444,7885.600957923348,6700.315863811552,1.1768998832597621,2.0400777178317853,324.52849773905257,0.0,0.0,0.0,2.002213537554692,7.6059322033898304,0.7990314769975787,3696.458570722294,236,70.71651458740234
core,200,1500000.0,2,15,exclude,launch,0,0.0,prior,0.0,asghar_rev,12600.0,43200,4054617.9745734218,0,3174943.3369503366,879674.6376230851,0,0,0.0,0,5.853354962496979,20.966002649819856,6500.354398964457,932.4935789024644,6.97093743703341,2.0459664367725576,328.2137360564044,0.0,0.0,0.0,2.453616609050587,28.142857142857142,0.7019230769230769,4183.037006243717,56,21.07460641860962
core,200,1500000.0,5,13,exclude,launch,0,0.0,prior,0.0,asghar_rev,12600.0,43200,1090308.1696760422,0,975397.0285388157,114911.14113722662,0,1,0.07786104511413973,1,4.7893154785571,16.99732675031794,8018.59089865545,1164.7663295655743,6.884291462688625,2.0204148891356946,312.37396379094366,0.0,0.0,0.0,1.2539904753360844,16.417293233082706,0.960093896713615,1493.1807114292462,266,48.09546780586243
ring,200,3000000.0,9,14,exclude,launch,0,0.0,prior,0.0,asghar_rev,12600.0,43200,7175661.048092359,0,5698026.5386937745,1477634.5093985843,0,0,0.0,0,9.650009876264267,6.439331829792952,7956.813622554527,5974.3699978139,1.3318247154873282,2.0794911004146255,349.59031076231366,0.0,0.0,0.13773584905660377,1.3990121899316477,2.0936708860759494,0.4156171284634761,7974.366648993905,395,94.9277446269989
core,200,1500000.0,4,14,exclude,launch,0,0.0,prior,0.0,asghar_rev,12600.0,43200,3357940.7644075835,0,2554930.8481666404,803009.9162409434,0,0,0.0,0,4.896480120710079,18.939206306188666,7835.800210335435,1038.6880533424014,7.543939862522303,2.033354400356494,320.3463950208388,0.0,0.0,0.0,0.5636309555411428,6.161825726141079,0.7884130982367759,2234.951162842147,482,42.70564532279968
core,200,1500000.0,3,15,exclude,launch,0,0.0,prior,0.0,asghar_rev,12600.0,43200,4181922.33232661,0,3291404.898613786,890517.4337128245,0,0,0.0,0,5.853354962496979,10.281801152296834,6500.354398964457,1908.1060039302834,3.4067050706696276,2.0388641650730115,323.7716260418537,0.0,0.0,0.0,1.4987382903028303,13.62962962962963,0.6908212560386473,3580.2168134818276,135,31.60615634918213
core,200,1500000.0,6,13,exclude,launch,0,0.0,prior,0.0,asghar_rev,12600.0,43200,779319.7023104373,0,708273.1889067076,71046.51340372986,0,1,0.1089315890972367,1,4.7893154785571,17.51739167364259,8018.59089865545,1131.884633420239,7.084282851712112,2.0173831396053408,310.52053582596614,0.0,0.0,0.0,1.1180068629207869,16.927777777777777,0.9578454332552693,1076.2931276233776,360,58.76523017883301
core,200,1500000.0,5,14,exclude,launch,0,0.0,prior,0.0,asghar_rev,12600.0,43200,1318212.7407571767,0,1183032.763436196,135179.97732098066,0,1,0.2075085937240302,1,4.896480120710079,19.330814345410445,7835.800210335435,1021.6000836262695,7.670124871683149,2.02548448867561,315.48553095428326,0.0,0.0,0.0,0.5642906975186641,7.542857142857143,0.9468354430379747,1459.298012745116,595,50.89516067504883
ring,200,3000000.0,10,15,exclude,launch,0,0.0,prior,0.0,asghar_rev,12600.0,43200,9078126.685417404,0,7722961.707339485,1355164.9780779202,0,10,0.2296505262018995,10,9.733622044539784,5.577133499966764,7885.600957923348,6818.842930660847,1.1564426748218288,2.103624692252425,365.39623840477805,0.0,0.0,0.0,1.5193097407831082,1.695945945945946,0.4043583535108959,8778.582429078457,444,88.25380539894104
ring,200,3000000.0,8,15,exclude,launch,0,0.0,prior,0.0,asghar_rev,12600.0,43200,6482737.477144139,0,5220249.506394172,1262487.9707499668,0,0,0.0,0,9.733622044539784,5.755445892186721,7885.600957923348,6774.029518351606,1.164093090613256,2.051936547225555,331.9711498166467,0.0,0.0,0.0,1.7374926562785857,3.7009646302250805,0.5472154963680388,5703.363074577213,311,88.83743047714233
core,200,1500000.0,7,13,exclude,launch,0,0.0,prior,0.0,asghar_rev,12600.0,43200,693017.3920938574,0,644716.0866977673,48301.305396090116,0,1,0.12249697418266825,1,4.7893154785571,15.092584907888645,8018.59089865545,1314.0266174018589,6.102304772570055,2.016936386848406,310.2478844688874,0.0,0.0,0.0,0.8909642521146132,12.215909090909092,0.9647887323943662,1009.8118566241719,528,65.00409650802612
core,200,1500000.0,4,15,exclude,launch,0,0.0,prior,0.0,asghar_rev,12600.0,43200,2150566.1179110943,0,1757449.6197280707,393116.4981830236,0,0,0.0,0,5.853354962496979,11.899353008360247,6500.354398964457,1657.4546086314242,3.9218898454974043,2.028126310874396,317.1131133336586,0.0,0.0,0.0,1.4177273876819583,15.857142857142858,0.8813559322033898,2187.3407816917443,189,34.692174434661865
ring,200,3000000.0,9,15,exclude,launch,0,0.0,prior,0.0,asghar_rev,12600.0,43200,6358322.532484768,0,5156169.894614913,1202152.6378698552,0,0,0.0,0,9.733622044539784,5.666757624566668,7885.600957923348,6816.338507067217,1.156867568966464,2.071114930678233,344.1861584165504,0.0,0.0,0.0,1.6249361765948251,2.816,0.5108958837772397,6281.623130528889,375,95.86530041694641
core,200,1500000.0,6,14,exclude,launch,0,0.0,prior,0.0,asghar_rev,12600.0,43200,1110498.8403446784,0,997406.5620639409,113092.27828073752,0,1,0.2463221591287015,1,4.896480120710079,16.945013574357045,7835.800210335435,1167.2733188825596,6.712909550469903,2.0222996726551306,313.5289862132362,0.0,0.0,0.0,0.5975106433952296,7.812130177514793,0.9417721518987342,1237.4608976388915,676,57.994393825531006
core,200,1500000.0,8,13,exclude,launch,0,0.0,prior,0.0,asghar_rev,12600.0,43200,1051280.7395805537,0,938138.5367010024,113142.20287955136,0,1,0.08075153514305974,1,4.7893154785571,14.50531800596809,8018.59089865545,1366.9876870397306,5.865883778382851,2.0172890638864356,310.4631118508821,0.0,0.0,0.0,0.7063067570059286,7.91480996068152,0.9671361502347418,1079.1022253066326,763,69.34687304496765
core,200,3000000.0,4,13,exclude,launch,0,0.0,prior,0.0,asghar_rev,12600.0,43200,1703211.4803605813,0,1433880.2613629159,269331.21899766545,0,0,0.0,0,9.5786309571142,26.791287979108333,8018.59089865545,1474.7822258177655,5.437135570446102,2.0247364420904943,315.02543272448554,0.0,0.0,0.0,1.869471877814698,23.63448275862069,0.9487179487179487,1930.2606743378644,145,30.273534297943115
core,200,3000000.0,5,13,exclude,launch,0,0.0,prior,0.0,asghar_rev,12600.0,43200,885361.4529200174,0,791710.0569202363,93651.39599978103,0,0,0.0,0,9.5786309571142,44.12411875045198,8018.59089865545,898.261643556233,8.9267875971078,2.0184178902065755,311.15249972784375,0.0,0.0,0.0,1.9292854653239855,29.2183908045977,0.962877030162413,1309.798391279504,174,30.15642285346985
core,200,3000000.0,6,13,exclude,launch,0,0.0,prior,0.0,asghar_rev,12600.0,43200,801497.6076612456,0,722912.475002488,78585.13265875759,0,0,0.0,0,9.5786309571142,27.5614508572596,8018.59089865545,1438.9788424811804,5.572417510204164,2.0171282096160126,310.3649384390025,0.0,0.0,0.0,1.5913147132377847,23.537549407114625,0.9603729603729604,1104.4902246223774,253,31.420872926712036
core,200,3000000.0,7,13,exclude,launch,0,0.0,prior,0.0,asghar_rev,12600.0,43200,564007.3434069765,0,525962.6363693678,38044.70703760865,0,0,0.0,0,9.5786309571142,24.515394347954782,8018.59089865545,1619.316307089114,4.951837305380864,2.0152058444009704,309.1928719517664,0.0,0.0,0.0,1.5353000255274907,23.820846905537458,0.9696969696969697,905.1818615975499,307,31.622029066085815
core,200,1500000.0,5,15,exclude,launch,0,0.0,prior,0.0,asghar_rev,12600.0,43200,970304.3232962341,0,876801.5110007374,93502.81229549662,0,0,0.0,0,5.853354962496979,12.59356283422266,6500.354398964457,1569.768781877051,4.140962971114547,2.023371786436643,314.1869439823579,0.0,0.0,0.0,1.2054006740685177,15.842293906810037,0.9341463414634147,1476.317498801008,279,48.607306480407715
core,200,1500000.0,6,15,exclude,launch,0,0.0,prior,0.0,asghar_rev,12600.0,43200,766865.6685066888,0,709236.9673884317,57628.70111825714,0,1,0.0920852367727694,1,5.853354962496979,14.48414763242806,6500.354398964457,1367.4615320404325,4.753592146219333,2.0195375401554556,311.83703873587115,0.0,0.0,0.0,1.0369659217389293,15.269922879177377,0.9463414634146341,1103.5678699339383,389,50.32943868637085
core,200,1500000.0,7,14,exclude,launch,0,0.0,prior,0.0,asghar_rev,12600.0,43200,925087.1591895592,0,844335.6472944441,80751.51189511515,0,1,0.29569156737972824,1,4.896480120710079,16.592624164574392,7835.800210335435,1193.2269093491198,6.566898675298648,2.020327969295856,312.32074947822167,0.0,0.0,0.0,0.5671830990136328,7.905797101449275,0.9493670886075949,997.9684010492896,828,65.1724317073822
core,200,3000000.0,8,13,exclude,launch,0,0.0,prior,0.0,asghar_rev,12600.0,43200,787808.0161832705,0,718038.9864409905,69769.02974228002,0,0,0.0,0,9.5786309571142,29.03840965442974,8018.59089865545,1367.6667110840494,5.86297146349325,2.0143590448565876,308.67728156471065,0.0,0.0,0.045075125208681135,1.155411367720857,14.44097995545657,0.958041958041958,1017.2850992617712,449,35.15484571456909
core,200,3000000.0,4,14,exclude,launch,0,0.0,prior,0.0,asghar_rev,12600.0,43200,2729454.6607097453,0,2123181.1508747535,606273.509834992,0,0,0.0,0,9.792960241420158,47.69576488809991,7835.800210335435,826.8958505292807,9.476163419274489,2.028426877627857,317.2985527882151,0.0,0.0,0.0,0.6218310515678663,7.793503480278423,0.8564231738035264,1966.6765056901447,431,22.623478412628174
core,200,1500000.0,7,15,exclude,launch,0,0.0,prior,0.0,asghar_rev,12600.0,43200,655220.7747050837,0,600593.5857756402,54627.18892944351,0,1,0.11837541952861912,1,5.853354962496979,14.344503865438279,6500.354398964457,1381.8057325455547,4.704246223519091,2.0180293087648633,310.9151020512797,0.0,0.0,0.0,0.8908866653831502,13.85633270321361,0.9509803921568627,895.4013333002836,529,54.18591570854187
core,200,1500000.0,8,14,exclude,launch,0,0.0,prior,0.0,asghar_rev,12600.0,43200,1444251.563965743,0,1261259.1357380135,182992.42822772946,0,1,0.18939946397739102,1,4.896480120710079,17.409355391575506,7835.800210335435,1136.5431953584452,6.894414785409158,2.021581963702924,313.08891256893656,0.0,0.0,0.003790271636133923,0.4438513387052711,4.696443341604632,0.9468354430379747,1151.0166215726308,1209,75.27407908439636
core,200,3000000.0,9,13,exclude,launch,0,0.0,prior,0.0,asghar_rev,12600.0,43200,563171.5110858151,0,523566.3921413632,39605.118944452006,0,0,0.0,0,9.5786309571142,25.87916680458469,8018.59089865545,1535.1946536481073,5.223175367111099,2.013614119603311,308.22407503775855,0.0,0.0,0.036635006784260515,1.05845928914804,14.113924050632912,0.9672897196261683,846.949223094861,553,40.78219532966614
core,200,3000000.0,10,13,exclude,launch,0,0.0,prior,0.0,asghar_rev,12600.0,43200,504077.477769257,0,474710.4963352499,29366.981434007077,0,1,0.16841167743328744,1,9.5786309571142,33.73333075415419,8018.59089865545,1179.29552345997,6.799475397930342,2.010981671787745,306.62518220722313,0.0,0.0,0.03217821782178218,1.0797050188437876,15.751243781094526,0.9766355140186916,693.3576980990082,603,41.71592307090759
core,200,3000000.0,5,14,exclude,launch,0,0.0,prior,0.0,asghar_rev,12600.0,43200,1162602.506211779,0,1016038.0617152895,146564.4444964896,0,0,0.0,0,9.792960241420158,43.55554985581999,7835.800210335435,908.3548980320782,8.62636424079558,2.022045500293173,313.3731014008566,0.0,0.0,0.0,0.6875449912022575,9.29896907216495,0.9420654911838791,1469.719283832782,485,29.090953826904297
core,200,3000000.0,6,14,exclude,launch,0,0.0,prior,0.0,asghar_rev,12600.0,43200,754885.1981170385,0,684301.5647683698,70583.63334866866,0,0,0.0,0,9.792960241420158,43.81253227752088,7835.800210335435,905.0006796338328,8.65833627164328,2.017635573097891,310.67464789028196,0.0,0.0,0.0,0.7714456128142244,11.219465648854962,0.9672544080604534,1132.1196158134194,524,30.06335139274597
core,200,1500000.0,9,15,exclude,launch,0,0.0,prior,0.0,asghar_rev,12600.0,43200,689168.2657858175,0,639734.0470756318,49434.2187101858,0,1,0.11256169771908975,1,5.853354962496979,14.58991641729928,6500.354398964457,1360.2594983383372,4.778760528344147,2.015512148742357,309.3794772729956,0.0,0.0,0.0,0.7278221849355675,9.037394451145959,0.9607843137254902,874.9405868976232,829,64.58053135871887
core,200,1500000.0,8,15,exclude,launch,0,0.0,prior,0.0,asghar_rev,12600.0,43200,1127789.8241427336,0,1007059.6213055945,120730.20283713916,0,1,0.06878267912717645,1,5.853354962496979,12.863409928694807,6500.354398964457,1540.1868769182931,4.22049719834699,2.018972775296895,311.4916550388767,0.0,0.0,0.0,0.7286955112196173,7.789687924016282,0.9533169533169533,1135.0049395585559,737,65.1941785812378
core,200,3000000.0,7,14,exclude,launch,0,0.0,prior,0.0,asghar_rev,12600.0,43200,637237.4897136835,0,583233.4682589099,54004.0214547737,0,0,0.0,0,9.792960241420158,29.858243991206756,7835.800210335435,1328.1028043889924,5.899995229616564,2.017409356150039,310.53653939449094,0.0,0.0,0.0,0.7996948545380138,11.506849315068493,0.9671717171717171,977.1034860732317,584,35.152610063552856
core,200,3000000.0,11,13,exclude,launch,0,0.0,prior,0.0,asghar_rev,12600.0,43200,463888.63032144774,0,435863.5265034811,28025.10381796665,0,1,0.18300197081492398,1,9.5786309571142,33.69243996874087,8018.59089865545,1181.195011416726,6.788541114001106,2.0101844985726363,306.14181634693455,0.0,0.0,0.026343519494204427,1.0138498274973633,15.792134831460674,0.9953161592505855,582.9888482298726,712,48.82699489593506
core,200,3000000.0,8,14,exclude,launch,0,0.0,prior,0.0,asghar_rev,12600.0,43200,1123077.6914129306,0,986993.1860458765,136084.5053670542,0,0,0.0,0,9.792960241420158,41.13543236153064,7835.800210335435,964.4214129473839,8.124871664128982,2.016541091679854,310.0067373221007,0.0,0.0,0.08519269776876268,0.6433272633549356,8.452574525745257,0.952020202020202,1055.0218669087103,738,37.55431866645813
core,200,3000000.0,13,13,exclude,launch,0,0.0,prior,0.0,asghar_rev,12600.0,43200,458101.3908813572,0,432467.63453493296,25633.756346424234,0,1,0.18531385251665425,1,9.5786309571142,33.13237106758863,8018.59089865545,1201.436577848764,6.6741691126244564,2.009724932766107,305.8633319548557,0.0,0.0,0.0660964230171073,0.8388032316047738,11.761609907120743,0.9812646370023419,575.0304152070582,969,55.54521989822388
core,200,3000000.0,12,13,exclude,launch,0,0.0,prior,0.0,asghar_rev,12600.0,43200,586326.666660146,0,545652.1513829624,40674.51527718365,0,1,0.14478709295456305,1,9.5786309571142,33.48453435120169,8018.59089865545,1188.5561712673343,6.746497214435715,2.0101386395202967,306.11402131557475,0.0,0.0,0.06063268892794376,0.8885472810519078,11.780116959064328,0.9694835680751174,647.3158957424447,855,56.16587853431702
core,200,3000000.0,9,14,exclude,launch,0,0.0,prior,0.0,asghar_rev,12600.0,43200,730974.8438454794,0,665161.2206614349,65813.6231840444,0,0,0.0,0,9.792960241420158,36.07202216538215,7835.800210335435,1100.3607671959187,7.121119221929034,2.0155074156269217,309.37659335798094,0.0,0.0,0.017316017316017316,0.5458661653612676,6.8904977375565615,0.964735516372796,869.4488330139486,1105,43.284106492996216
core,200,3000000.0,5,15,exclude,launch,0,0.0,prior,0.0,asghar_rev,12600.0,43200,802064.3892615574,0,734360.3372859627,67704.05197559472,0,0,0.0,0,11.706709924993959,34.259769800873194,6500.354398964457,1156.184741821942,5.622245445586016,2.0196602258386385,311.9120928471911,0.0,0.0,0.0,1.7934185556244377,28.238095238095237,0.9542168674698795,1259.4083574073459,189,32.490134716033936
core,200,3000000.0,14,13,exclude,launch,0,0.0,prior,0.0,asghar_rev,12600.0,43200,422599.1843259493,0,399648.3112092935,22950.873116655843,0,1,0.2008819153848238,1,9.5786309571142,29.938089765108636,8018.59089865545,1329.804364509372,6.029902677912995,2.0094543604547317,305.6994317523214,0.0,0.0,0.04979253112033195,0.8161010699906708,10.953959484346225,0.9788732394366197,551.9749564380585,1086,58.9307005405426
core,200,3000000.0,6,15,exclude,launch,0,0.0,prior,0.0,asghar_rev,12600.0,43200,692149.3993037741,0,640884.840552253,51264.558751521174,0,0,0.0,0,11.706709924993959,23.979028139251238,6500.354398964457,1652.777041673265,3.9329892871597023,2.0185715042772037,311.24637279765767,0.0,0.0,0.0,1.4953328770539531,23.132841328413285,0.9492753623188406,1061.0115471976087,271,31.742778301239014
core,200,3000000.0,7,15,exclude,launch,0,0.0,prior,0.0,asghar_rev,12600.0,43200,567504.7203766746,0,528682.6521125855,38822.06826408897,0,0,0.0,0,11.706709924993959,26.308359117590147,6500.354398964457,1508.803426536109,4.308284488647991,2.0154107179787437,309.3176778558323,0.0,0.0,0.0,1.4996609591415198,23.746794871794872,0.948780487804878,884.1236454991085,312,31.65846610069275
core,200,3000000.0,15,13,exclude,launch,0,0.0,prior,0.0,asghar_rev,12600.0,43200,362658.37165197474,0,345973.3475465507,16685.02410542404,0,1,0.23408403120755455,1,9.5786309571142,32.01122882766636,8018.59089865545,1244.1986699588667,6.444783371228443,2.0086205811823836,305.19464303540684,0.0,0.0,0.03597560975609756,0.7850087882807438,11.311635475996745,0.9859154929577465,471.43315899684467,1229,63.8832471370697
core,200,3000000.0,10,14,exclude,launch,0,0.0,prior,0.0,asghar_rev,12600.0,43200,727830.0863907946,0,675083.6781849242,52746.40820587045,0,1,0.37583012461063237,1,9.792960241420158,38.02441276032699,7835.800210335435,1045.0273513041175,7.498177153504098,2.013259764082116,308.0086048523236,0.0,0.0,0.01703800786369594,0.5499838986884916,7.877062706270627,0.9697732997481109,690.9096061973086,1212,52.68572425842285
core,200,3000000.0,8,15,exclude,launch,0,0.0,prior,0.0,asghar_rev,12600.0,43200,848155.4331780763,0,770109.7655951877,78045.66758288872,0,0,0.0,0,11.706709924993959,24.705458621316925,6500.354398964457,1605.5290194450336,4.0487305556217015,2.01687464788041,310.2102148505722,0.0,0.0,0.16221374045801526,1.2091424951082452,15.437340153452686,0.9515738498789347,1091.134541371374,391,36.728161334991455
core,200,3000000.0,11,14,exclude,launch,0,0.0,prior,0.0,asghar_rev,12600.0,43200,656319.0690175028,0,610085.1358446465,46233.93317285628,0,1,0.4167797112357323,1,9.792960241420158,37.69547462064698,7835.800210335435,1054.9981185169795,7.427312023409379,2.011634549861858,307.0213387422613,0.0,0.0,0.0639269406392694,0.6828222971232151,10.74062816616008,0.9670886075949368,618.7940460113751,987,57.13420248031616
paper,100,1500000.0,2,13,exclude,launch,0,0.0,prior,0.0,asghar_rev,12600.0,43200,3645141.5177513855,0,2166371.7404101505,1478769.7773412347,0,0,0.0,0,4.8468564258348,4.782953672162331,7919.438460522844,4127.923684591638,1.9185040871961487,2.025966021883992,315.781883418139,0.0,0.0,0.0,2.867773074800273,10.659574468085106,0.37596471885336274,6692.840803952722,47,15.323358058929443
core,200,3000000.0,9,15,exclude,launch,0,0.0,prior,0.0,asghar_rev,12600.0,43200,521667.83019267535,0,490072.88294728496,31594.94724539036,0,0,0.0,0,11.706709924993959,31.536016086337682,6500.354398964457,1259.8930183313917,5.159449496413241,2.0134900565307623,308.14862840601836,0.0,0.0,0.14143094841930118,1.2064087024625187,17.953333333333333,0.9443099273607748,814.8711389932624,450,41.85769867897034
paper,100,1500000.0,3,13,exclude,launch,0,0.0,prior,0.0,asghar_rev,12600.0,43200,3824270.449843437,0,2307601.116562923,1516669.333280514,0,0,0.0,0,4.8468564258348,4.49659674166491,7919.438460522844,4404.1606640110285,1.798172016120394,2.019821060368475,312.01049855132413,0.0,0.0,0.0,2.267710258576927,6.50561797752809,0.3514412416851441,5759.604616911099,89,18.352651596069336
core,200,3000000.0,12,14,exclude,launch,0,0.0,prior,0.0,asghar_rev,12600.0,43200,914173.1065502717,0,833114.6145113151,81058.49203895668,0,1,0.29922174487921,1,9.792960241420158,38.50878139808997,7835.800210335435,1032.3557810569841,7.59021294220167,2.012337485277877,307.4481552296208,0.0,0.0,0.11690046760187041,0.6021912611345837,7.906666666666666,0.9645569620253165,735.6659379589188,1125,58.94105863571167
core,200,3000000.0,13,14,exclude,launch,0,0.0,prior,0.0,asghar_rev,12600.0,43200,744308.44869076,0,687851.3908633413,56457.05782741874,0,1,0.36750956212411406,1,9.792960241420158,36.852327750140944,7835.800210335435,1079.1219533292858,7.261274025758236,2.011659785989684,307.0366567766078,0.0,0.0,0.10501193317422435,0.5881648282209703,8.070578905630452,0.9645569620253165,645.1771952380938,1261,60.86631202697754
paper,100,1500000.0,7,13,exclude,launch,0,0.0,prior,0.0,asghar_rev,12600.0,43200,3515272.4639979945,0,2769333.0771883107,745939.386809684,0,16,0.7562001184160394,16,4.8468564258348,4.894859711303617,7919.438460522844,4032.6552251180938,1.963827309410248,2.0264162003859534,316.0590649244215,0.0,0.0,0.0,1.0204428391968383,2.5075593952483803,0.6401345291479821,2826.166526470651,463,15.096113681793213
paper,100,1500000.0,8,13,exclude,launch,0,0.0,prior,0.0,asghar_rev,12600.0,43200,6354017.051598496,0,5263190.907642819,1090826.1439556761,0,33,0.8965768855860992,33,4.8468564258348,5.390142522509324,7919.438460522844,3672.0703674228216,2.156668491644664,2.0209182588339862,312.6822273661856,0.0,0.0,0.0,0.9038920863331473,2.0757575757575757,0.5188888888888888,2655.4941898096818,594,9.609660625457764
paper,100,1500000.0,5,13,exclude,launch,0,0.0,prior,0.0,asghar_rev,12600.0,43200,1703231.4098799473,0,1013945.1021606806,689286.3077192666,0,1,0.05509107200677402,1,4.8468564258348,4.542024511133251,7919.438460522844,4352.87579919267,1.8193577822715887,2.0231786909403864,314.06839007834486,0.0,0.0,0.0,1.3624495859465666,3.8830645161290325,0.614190687361419,3406.816163765417,248,21.410471200942993
paper,100,1500000.0,6,13,exclude,launch,0,0.0,prior,0.0,asghar_rev,12600.0,43200,2124961.0259081656,0,1410110.5908759763,714850.4350321892,0,5,0.2996765915787175,5,4.8468564258348,4.503767753297925,7919.438460522844,4386.904755460003,1.8052451334089714,2.024537375332013,314.90305003566317,0.0,0.0,0.0,1.223756685881901,3.018181818181818,0.5948660714285714,3298.9388540617865,330,20.34148597717285
core,200,3000000.0,10,15,exclude,launch,0,0.0,prior,0.0,asghar_rev,12600.0,43200,400779.1255320248,0,383321.4653552474,17457.66017677736,0,0,0.0,0,11.706709924993959,28.417549149129755,6500.354398964457,1398.7188804155599,4.6473630191030235,2.012671653427242,307.6511632965194,0.0,0.0,0.12022630834512023,1.1488695734512948,18.245283018867923,0.9515738498789347,678.1002602869012,530,49.183555364608765
paper,100,1500000.0,4,13,exclude,launch,0,0.0,prior,0.0,asghar_rev,12600.0,43200,2772729.80443915,0,1540765.2742386996,1231964.5302004504,0,0,0.0,0,4.8468564258348,4.687023260675434,7919.438460522844,4220.741159015784,1.8763146476315886,2.021967464371628,313.32524947025234,0.0,0.0,0.0,1.6260000609024168,4.763636363636364,0.511731843575419,4168.122509002739,165,25.80156445503235
paper,100,1500000.0,2,14,exclude,launch,0,0.0,prior,0.0,asghar_rev,12600.0,43200,4520971.466404854,0,2745356.978620504,1775614.4877843498,0,0,0.0,0,4.955730778459856,7.211339674146058,7738.130147665369,2743.0652444612915,2.8209792542448455,2.0221245473378953,313.42157708120914,0.0,0.0,0.0,2.76141460089735,9.612244897959183,0.3039106145251397,7044.9025625150125,49,16.14082956314087
core,200,3000000.0,14,14,exclude,launch,0,0.0,prior,0.0,asghar_rev,12600.0,43200,678575.7677711237,0,630536.7465447137,48039.02122640993,0,1,0.4031096968907431,1,9.792960241420158,35.79489073226154,7835.800210335435,1111.5926551592229,7.049165154130176,2.0105888854822846,306.3869686380979,0.0,0.0,0.1055393586005831,0.6215742556239784,8.407292474786656,0.9772151898734177,605.2711798386902,1289,67.15472555160522
core,200,3000000.0,11,15,exclude,launch,0,0.0,prior,0.0,asghar_rev,12600.0,43200,365405.93141076,0,348835.21765015,16570.713760609964,0,0,0.0,0,11.706709924993959,29.104221502002723,6500.354398964457,1366.1894880568643,4.758018163505219,2.011977226280921,307.2293719533678,0.0,0.0,0.0942350332594235,0.997715862943512,16.53846153846154,0.9635922330097088,585.6273734335382,676,48.412314891815186
core,200,3000000.0,15,14,exclude,launch,0,0.0,prior,0.0,asghar_rev,12600.0,43200,601315.1418454187,0,560654.0974970611,40661.04434835754,0,1,0.4549036819929962,1,9.792960241420158,34.502128935680595,7835.800210335435,1153.4670139470009,6.79325903176237,2.010198357506674,306.1502164527545,0.0,0.0,0.08766564729867482,0.595560828656094,8.380758807588077,0.9670886075949368,529.3443460919221,1476,67.7016954421997
core,200,3000000.0,12,15,exclude,launch,0,0.0,prior,0.0,asghar_rev,12600.0,43200,624964.9832556819,0,580727.2061571768,44237.77709850517,0,1,0.12412443375698495,1,11.706709924993959,36.65754209949845,6500.354398964457,1084.906526865358,5.991626225851973,2.011566169412448,306.9798345299319,0.0,0.0,0.16074766355140188,0.8455456429427912,11.514357053682897,0.9583333333333334,709.6656472510782,801,54.310359477996826
paper,100,1500000.0,8,15,exclude,launch,0,0.0,prior,0.0,asghar_rev,12600.0,43200,5896266.996799487,0,4896094.856263701,1000172.1405357864,0,33,0.8527396601660574,33,4.910459184525673,5.7299558431681294,7812.5443731858395,3444.1412240533687,2.2683577312754175,2.026878729541501,316.34397755543023,0.0,0.0,0.08322663252240717,0.8369098855573922,1.827054794520548,0.507103825136612,3040.065060732997,584,6.401823997497559
paper,100,1500000.0,2,15,exclude,launch,0,0.0,prior,0.0,asghar_rev,12600.0,43200,3729972.5953723765,0,2207448.5436641173,1522524.0517082592,0,0,0.0,0,4.910459184525673,4.373659536378652,7812.5443731858395,4511.242945358322,1.731794201246526,2.0273036516972605,316.6058378371578,0.0,0.0,0.0,2.900152823651156,10.369565217391305,0.35294117647058826,6873.855285874792,46,16.792022466659546
paper,100,1500000.0,8,14,exclude,launch,0,0.0,prior,0.0,asghar_rev,12600.0,43200,4414153.394304437,0,3805377.9194959207,608775.4748085159,0,27,0.9056587799087512,27,4.955730778459856,6.138275537261027,7738.130147665369,3236.1629914657983,2.391143514115905,2.0136464695282337,308.24374955611586,0.0,0.0,0.0,0.9170523665795253,3.210616438356164,0.6625,1741.0100462612345,584,17.61346936225891
core,200,3000000.0,13,15,exclude,launch,0,0.0,prior,0.0,asghar_rev,12600.0,43200,472963.55336388387,0,449938.26233028184,23025.29103360208,0,1,0.1493075019313718,1,11.706709924993959,36.890050656720355,6500.354398964457,1078.4317061572735,6.027599487154243,2.010888950093509,306.5689408263471,0.0,0.0,0.1739879414298019,0.8299200146657111,12.285385500575375,0.9681372549019608,613.108863731221,869,55.68186378479004
paper,100,1500000.0,3,14,exclude,launch,0,0.0,prior,0.0,asghar_rev,12600.0,43200,4945866.054885935,0,3063206.394923831,1882659.659962104,0,0,0.0,0,4.955730778459856,4.46557082219671,7738.130147665369,4420.422655891922,1.7505407853593637,2.0263721767290335,316.0319535490483,0.0,0.0,0.0,1.5507807439178147,3.6259541984732824,0.2861878453038674,7006.180423777872,131,25.713698863983154
core,200,3000000.0,14,15,exclude,launch,0,0.0,prior,0.0,asghar_rev,12600.0,43200,390058.87765171897,0,369247.8884122467,20810.989239472285,0,1,0.1988750214167237,1,11.706709924993959,33.13799404707699,6500.354398964457,1200.805722971684,5.413327297339788,2.0104395643142645,306.2964339394804,0.0,0.0,0.12338593974175036,0.7733993842233547,11.993295019157088,0.9560975609756097,523.7300890499964,1044,56.05198550224304
paper,100,1500000.0,7,14,exclude,launch,0,0.0,prior,0.0,asghar_rev,12600.0,43200,3372326.998200082,0,2873584.6929900893,498742.3052099928,0,18,0.7944423635219181,18,4.955730778459856,5.55015106624965,7738.130147665369,3569.1349845824784,2.168068784479045,2.019259868194209,311.66720367338286,0.0,0.0,0.0,0.9815459125142195,3.11482254697286,0.7212741751990899,2191.656208222658,479,21.417036771774292
paper,100,1500000.0,6,14,exclude,launch,0,0.0,prior,0.0,asghar_rev,12600.0,43200,2209502.913055329,0,1520770.8231654381,688732.0898898909,0,6,0.2967638277751914,6,4.955730778459856,4.686324889386763,7738.130147665369,4210.234078743853,1.837933474229557,2.02731556813687,316.6131829609141,0.0,0.0,0.0,1.1413488115943233,3.0254237288135593,0.625,3064.282224734576,354,25.495059967041016
paper,100,1500000.0,7,15,exclude,launch,0,0.0,prior,0.0,asghar_rev,12600.0,43200,3110118.6113748825,0,2518197.716381361,591920.8949935217,0,15,0.7073821690024595,15,4.910459184525673,4.7984838254843165,7812.5443731858395,4107.349627079466,1.9020889582124412,2.0295244304277995,317.97616585430535,0.0,0.0,0.0,1.0345852697401894,2.4407894736842106,0.6468039003250271,2951.9416880949343,456,16.114989519119263
paper,100,1500000.0,3,15,exclude,launch,0,0.0,prior,0.0,asghar_rev,12600.0,43200,4358977.586853975,0,2634567.284510076,1724410.3023438998,0,0,0.0,0,4.910459184525673,3.9946381531374655,7812.5443731858395,4945.075894322619,1.5798633914102969,2.0249279937537428,315.1432177140217,0.0,0.0,0.0,1.8857580566226761,4.906542056074766,0.2962566844919786,6224.251404516489,107,21.82898712158203
paper,100,1500000.0,4,14,exclude,launch,0,0.0,prior,0.0,asghar_rev,12600.0,43200,3211179.312298685,0,1759856.4611290907,1451322.8511695939,0,0,0.0,0,4.955730778459856,4.522465090376375,7738.130147665369,4357.420896993915,1.7758509748286486,2.029809385767212,318.1522113042726,0.0,0.0,0.0,1.3867365383759598,3.5463917525773194,0.41935483870967744,4798.887292370696,194,30.29569983482361
paper,100,3000000.0,4,13,exclude,launch,0,0.0,prior,0.0,asghar_rev,12600.0,43200,1914594.3293688246,0,1070599.7718729342,843994.5574958905,0,0,0.0,0,9.6937128516696,9.061365585466978,7919.438460522844,4382.577175941438,1.807027724234346,2.014497634515821,308.761635131459,0.0,0.0,0.0,2.8250481539022583,10.136842105263158,0.6072607260726073,3537.3165647785518,95,18.063669681549072
core,200,3000000.0,15,15,exclude,launch,0,0.0,prior,0.0,asghar_rev,12600.0,43200,373836.5381175222,0,353976.453033589,19860.08508393318,0,1,0.20751109907025309,1,11.706709924993959,30.475825979819618,6500.354398964457,1305.8799125755759,4.977758166249654,2.0101629332024356,306.1287454848443,0.0,0.0,0.11038961038961038,0.7619810900443859,11.475324675324675,0.9609756097560975,496.38221839463904,1155,62.86860156059265
paper,100,1500000.0,5,14,exclude,launch,0,0.0,prior,0.0,asghar_rev,12600.0,43200,2262586.528749024,0,1274202.386255639,988384.1424933852,0,1,0.05348292938698001,1,4.955730778459856,4.363445694001169,7738.130147665369,4514.150804791696,1.7141939829417026,2.030740136789782,318.7275688768257,0.0,0.0,0.0,1.2671951231416876,3.246212121212121,0.5507900677200903,3815.0338217287504,264,31.856599807739258
paper,100,1500000.0,4,15,exclude,launch,0,0.0,prior,0.0,asghar_rev,12600.0,43200,2702711.890630449,0,1441841.1165025707,1260870.7741278787,0,0,0.0,0,4.910459184525673,4.210196318653231,7812.5443731858395,4692.8350558885295,1.6647813699274867,2.0245213184034334,314.89317955893273,0.0,0.0,0.0,1.6732247701575094,4.55,0.46145494028230183,4476.887820664849,160,26.239899396896362
paper,100,3000000.0,5,13,exclude,launch,0,0.0,prior,0.0,asghar_rev,12600.0,43200,1212762.5648715738,0,720435.7405626092,492326.82430896454,0,0,0.0,0,9.6937128516696,9.595177602554719,7919.438460522844,4143.738332651604,1.9111820836078581,2.0120772299754126,307.29009583041136,0.0,0.0,0.0,2.5669038528110915,9.546153846153846,0.6983240223463687,2677.8357124940735,130,18.155611038208008
core,200,3000000.0,17,15,exclude,launch,0,0.0,prior,0.0,asghar_rev,12600.0,43200,419844.1217540613,0,396187.528962515,23656.59279154633,0,1,0.18474476531214698,1,11.706709924993959,28.722523234417157,6500.354398964457,1386.0639401053902,4.689794035382089,2.009482056367446,305.71620663835415,0.0,0.0,0.046089385474860335,0.6639850814881202,8.201857585139319,0.9632352941176471,495.1315618413054,1615,61.045397996902466
paper,100,1500000.0,5,15,exclude,launch,0,0.0,prior,0.0,asghar_rev,12600.0,43200,1990390.7524876986,0,1145477.9499733502,844912.8025143484,0,1,0.09438072367732363,1,4.910459184525673,4.269241158266976,7812.5443731858395,4620.140025363589,1.6909756696326577,2.027935629208021,316.9954973385869,0.0,0.0,0.0,1.3673494284754497,3.5755102040816324,0.570964247020585,3724.772079481395,245,29.715736150741577
paper,100,3000000.0,6,13,exclude,launch,0,0.0,prior,0.0,asghar_rev,12600.0,43200,862500.4610875307,0,540232.1771266595,322268.2839608712,0,0,0.0,0,9.6937128516696,9.506912317462655,7919.438460522844,4183.909189663995,1.8928323014484083,2.0112601500483454,306.7941273227408,0.0,0.0,0.0,2.176940961006556,9.396739130434783,0.7300884955752213,1911.1288068690187,184,19.631153106689453
paper,100,1500000.0,6,15,exclude,launch,0,0.0,prior,0.0,asghar_rev,12600.0,43200,1794975.159743242,0,1133895.4921792012,661079.6675640407,0,4,0.20653754404256136,4,4.910459184525673,4.462754400177538,7812.5443731858395,4420.96037880957,1.7671600068240194,2.0274043862085467,316.6679318401682,0.0,0.0,0.0,1.2136572316374972,3.078549848942598,0.6194111232279171,3183.9588332410085,331,29.10972785949707
paper,100,3000000.0,15,13,exclude,launch,0,0.0,prior,0.0,asghar_rev,12600.0,43200,4349962.3270420525,0,3676082.9833744937,673879.3436675592,0,24,0.9348282590263601,24,9.6937128516696,10.439315546440273,7919.438460522844,3808.9378193616853,2.0791724192152894,2.011935617263256,307.20410804578995,0.0,0.0,0.0,0.9489166968872697,2.365945437441204,0.668903803131991,1306.2095000856502,1063,12.548479795455933
paper,100,3000000.0,14,13,exclude,launch,0,0.0,prior,0.0,asghar_rev,12600.0,43200,3046295.890279843,0,2548610.3802133724,497685.5100664705,0,16,0.8620086072304439,16,9.6937128516696,9.775155985278184,7919.438460522844,4062.7035859425364,1.9493025501356027,2.014425234920764,308.71756717321415,0.0,0.0,0.0,1.0084528254179845,2.3701716738197427,0.696528555431131,1489.135750558267,932,14.733720064163208
paper,100,3000000.0,7,13,exclude,launch,0,0.0,prior,0.0,asghar_rev,12600.0,43200,716363.6180684513,0,475571.3308879736,240792.28718047778,0,0,0.0,0,9.6937128516696,9.547018041920715,7919.438460522844,4167.527648281334,1.9002725665872373,2.0106836849022027,306.4444532782484,0.0,0.0,0.0,1.8796251659250427,7.264,0.7766666666666666,1826.185103566041,250,22.299781560897827
core,200,3000000.0,16,15,exclude,launch,0,0.0,prior,0.0,asghar_rev,12600.0,43200,464513.42031443113,0,437256.17450100346,27257.245813427664,0,1,0.16700255996558658,1,11.706709924993959,28.41978409270913,6500.354398964457,1400.526412761501,4.641365089393297,2.009916007712793,305.9791027903639,0.0,0.0,0.04922279792746114,0.6909127452663227,8.696551724137931,0.9607843137254902,516.3085230031177,1450,66.65164256095886
paper,100,3000000.0,9,13,exclude,launch,0,0.0,prior,0.0,asghar_rev,12600.0,43200,751969.0479932462,0,504621.7187931493,247347.32920009692,0,0,0.0,0,9.6937128516696,9.256424366066483,7919.438460522844,4296.908427578229,1.8430549763859645,2.0113638099011624,306.85702679333826,0.0,0.0,0.0,1.462917876200155,4.586956521739131,0.7627494456762749,1720.3222689811066,414,20.1398446559906
core,200,3000000.0,18,15,exclude,launch,0,0.0,prior,0.0,asghar_rev,12600.0,43200,355819.1090697089,0,336310.63571130333,19508.47335840557,0,1,0.21801275020803645,1,11.706709924993959,29.58568633083158,6500.354398964457,1346.2735249122513,4.828405430752375,2.008514785932311,305.1306220332287,0.0,0.0,0.042476276547672845,0.683968538325573,9.28459687123947,0.9778325123152709,422.48271556404046,1662,64.30088400840759
paper,100,3000000.0,8,13,exclude,launch,0,0.0,prior,0.0,asghar_rev,12600.0,43200,1058539.8334661443,0,630525.3532895084,428014.4801766361,0,0,0.0,0,9.6937128516696,9.201580234961165,7919.438460522844,4321.883843422292,1.8324042818910706,2.0116595307915084,307.03650187238844,0.0,0.0,0.0,1.5789726852471504,4.967551622418879,0.7639821029082774,1953.5853732127152,339,21.72213888168335
paper,100,3000000.0,12,13,exclude,launch,0,0.0,prior,0.0,asghar_rev,12600.0,43200,1654547.2335319852,0,1168337.9250064606,486209.3085255244,0,5,0.37510445680900584,5,9.6937128516696,9.861842633847017,7919.438460522844,4029.0036595477313,1.9656071648770423,2.0134194374472285,308.1056868587571,0.0,0.0,0.08491620111731843,1.119938919117465,2.6597014925373132,0.7525083612040134,1846.2500371131919,670,20.846386432647705
paper,100,3000000.0,10,13,exclude,launch,0,0.0,prior,0.0,asghar_rev,12600.0,43200,734254.9645140743,0,516992.4514754857,217262.51303858848,0,1,0.13219244525826912,1,9.6937128516696,9.070812881334637,7919.438460522844,4384.431699044079,1.8062633892208855,2.0115483224026875,306.96900256670745,0.0,0.0,0.0,1.3846330461670586,4.258264462809917,0.78125,1576.3233083035855,484,23.358712434768677
paper,100,3000000.0,4,14,exclude,launch,0,0.0,prior,0.0,asghar_rev,12600.0,43200,2595868.249221437,0,1341491.3531256672,1254376.8960957702,0,0,0.0,0,9.911461556919711,10.808997708165702,7738.130147665369,3671.526715064514,2.107605567982201,2.0158484062147313,309.58439532270296,0.0,0.0,0.0,2.148986221089577,7.304,0.5351648351648352,3661.9308259569934,125,16.479758977890015
paper,100,3000000.0,13,13,exclude,launch,0,0.0,prior,0.0,asghar_rev,12600.0,43200,1900543.232448974,0,1470019.5713318235,430523.6611171505,0,8,0.5852159826892015,8,9.6937128516696,9.135338641486195,7919.438460522844,4346.954678944909,1.8218359852891421,2.014560079294671,308.79964634952285,0.0,0.0,0.0,1.1221144896470492,2.5012886597938144,0.7315436241610739,1686.2550509053156,776,21.793299674987793
paper,100,3000000.0,11,13,exclude,launch,0,0.0,prior,0.0,asghar_rev,12600.0,43200,767127.5209525937,0,609655.469453897,157472.05149869662,0,3,0.34674075790019354,3,9.6937128516696,9.675879466273512,7919.438460522844,4113.480125033957,1.9252404824631233,2.009972585676179,306.01338714522797,0.0,0.0,0.0,1.3208434681712147,4.231182795698925,0.8172757475083057,1392.0283885549377,558,23.479243993759155
paper,100,3000000.0,5,14,exclude,launch,0,0.0,prior,0.0,asghar_rev,12600.0,43200,1304475.266883378,0,765571.9978755624,538903.2690078156,0,0,0.0,0,9.911461556919711,10.501547522329497,7738.130147665369,3783.5348308255643,2.045211817430769,2.013441188319411,308.11891265467796,0.0,0.0,0.0,2.0263551541688525,7.946107784431137,0.7026726057906458,2524.4498599862254,167,17.858296632766724
paper,100,3000000.0,6,14,exclude,launch,0,0.0,prior,0.0,asghar_rev,12600.0,43200,1102944.3319385583,0,675582.9755649108,427361.3563736475,0,0,0.0,0,9.911461556919711,9.541684773606008,7738.130147665369,4165.594209161219,1.8576293702942115,2.0127413147861954,307.69349120246153,0.0,0.0,0.0,1.841215204946334,6.863636363636363,0.7101769911504425,2192.118888897361,220,19.79322862625122
paper,100,3000000.0,7,14,exclude,launch,0,0.0,prior,0.0,asghar_rev,12600.0,43200,808096.1022697896,0,528516.8508383496,279579.2514314399,0,0,0.0,0,9.911461556919711,9.075110425408143,7738.130147665369,4377.9773031104,1.7675126232764382,2.0135599436266354,308.1911277973286,0.0,0.0,0.0,1.581879278694031,5.813559322033898,0.7739420935412027,1923.500751474319,295,20.873202800750732
paper,100,3000000.0,4,15,exclude,launch,0,0.0,prior,0.0,asghar_rev,12600.0,43200,2000255.8698422143,0,1077038.8461580314,923217.0236841828,0,0,0.0,0,9.820918369051347,8.417745022494257,7812.5443731858395,4715.817363072063,1.6566681386694861,2.0152885769299758,309.2432683333486,0.0,0.0,0.0,3.002561563691688,10.590909090909092,0.5821845174973489,3591.8652468839487,88,12.368185758590698
paper,100,3000000.0,5,15,exclude,launch,0,0.0,prior,0.0,asghar_rev,12600.0,43200,1234752.4894837176,0,713542.0570806798,521210.43240303785,0,0,0.0,0,9.820918369051347,9.914523931542645,7812.5443731858395,4010.6100308722102,1.9479690902500437,2.0119060004343026,307.18612611448407,0.0,0.0,0.0,2.865519428537258,11.017391304347827,0.6864864864864865,2569.1626657662246,115,16.371878623962402
paper,100,3000000.0,15,14,exclude,launch,0,0.0,prior,0.0,asghar_rev,12600.0,43200,3328586.7174965222,0,2880955.7362389914,447630.9812575304,0,20,0.8811261342376782,20,9.911461556919711,10.748153872526188,7738.130147665369,3701.6022624051675,2.090481256253991,2.0107883474335493,306.5079249922335,0.0,0.0,0.0,0.9614019484160488,2.7022900763358777,0.7707150964812712,1158.6831343901229,1048,17.011433839797974
ring,100,1500000.0,6,13,exclude,launch,0,0.0,prior,0.0,asghar_rev,12600.0,43200,14251236.505898122,0,13398937.149518415,852299.3563797056,0,91,0.998833508164274,91,4.842407636489829,2.9846212431400936,7927.020400330289,6307.300079835194,1.2568008973718303,2.1248450809495445,379.58293684091603,0.0,0.0,0.0,1.3148397005662102,1.221498371335505,0.05555555555555555,8778.378101218497,307,0.07398247718811035
paper,100,3000000.0,9,14,exclude,launch,0,0.0,prior,0.0,asghar_rev,12600.0,43200,966160.9071062296,0,611949.9332741998,354210.9738320297,0,0,0.0,0,9.911461556919711,10.350553608965896,7738.130147665369,3834.9495623480293,2.017791895788985,2.0154255109681207,309.3266904974607,0.0,0.0,0.14759535655058043,1.196072102901886,3.7694013303769403,0.761640798226164,1934.8588001304718,451,23.849496126174927
paper,100,3000000.0,14,14,exclude,launch,0,0.0,prior,0.0,asghar_rev,12600.0,43200,2946390.5309156487,0,2618766.083029606,327624.44788604294,0,18,0.9133864293865549,18,9.911461556919711,11.26717016785577,7738.130147665369,3533.609092442462,2.1898659260910787,2.0093548049134498,305.6391366605605,0.0,0.0,0.0,0.9818568305943364,3.4582463465553235,0.8240635641316686,992.5864596733107,958,19.552850484848022
paper,100,3000000.0,8,14,exclude,launch,0,0.0,prior,0.0,asghar_rev,12600.0,43200,1425192.730699932,0,815746.1254546571,609446.6052452748,0,0,0.0,0,9.911461556919711,10.703237266664472,7738.130147665369,3706.784184646198,2.087558854847103,2.01640391849239,309.9230776580055,0.0,0.0,0.17049808429118773,1.2086862972868844,3.596401028277635,0.7149321266968326,2348.6044307650704,389,26.202462434768677
paper,100,3000000.0,6,15,exclude,launch,0,0.0,prior,0.0,asghar_rev,12600.0,43200,955850.8141018144,0,589572.629627499,366278.18447431544,0,0,0.0,0,9.820918369051347,8.74984312361627,7812.5443731858395,4543.179373115051,1.7196204973586886,2.012471952948739,307.52983665235,0.0,0.0,0.0,2.132357979665687,7.957446808510638,0.6907327586206896,2173.629595626414,188,16.856565952301025
ring,100,1500000.0,6,14,exclude,launch,0,0.0,prior,0.0,asghar_rev,12600.0,43200,13922867.65736284,0,13129742.285659468,793125.3717033714,0,85,0.9951262897699207,85,4.856939549821317,3.046275385123591,7902.3055066583165,6312.333004951664,1.2518834954460434,2.080180056026114,350.0366860309736,0.0,0.0,0.0,1.3256958950308837,1.4032786885245903,0.1076923076923077,7677.208995038616,305,0.10828971862792969
paper,100,3000000.0,15,15,exclude,launch,0,0.0,prior,0.0,asghar_rev,12600.0,43200,3921232.52750141,0,3401964.431730192,519268.09577121795,0,23,0.923493198569461,23,9.820918369051347,10.948644502368825,7812.5443731858395,3629.095646496539,2.1527524028549436,2.0134053485184156,308.0971201217193,0.0,0.0,0.06322674418604651,0.9146011185831265,2.366279069767442,0.7029063509149623,1342.4656218593038,1032,11.35464358329773
paper,100,3000000.0,11,14,exclude,launch,0,0.0,prior,0.0,asghar_rev,12600.0,43200,974874.87085529,0,780890.2161794584,193984.6546758315,0,4,0.3853796182229918,4,9.911461556919711,11.189250748109066,7738.130147665369,3553.8436163746196,2.1773974836741026,2.0118271625583386,307.1382620672576,0.0,0.0,0.10974106041923551,1.1080131792396473,3.6447368421052633,0.8197278911564626,1475.2970338032496,608,23.021527767181396
paper,100,3000000.0,10,14,exclude,launch,0,0.0,prior,0.0,asghar_rev,12600.0,43200,834726.3595185217,0,589936.3789713687,244789.98054715313,0,1,0.15139359308161032,1,9.911461556919711,10.499550896841715,7738.130147665369,3785.1406486451174,2.0443441515007414,2.012969720307948,307.8322962782287,0.0,0.0,0.13224368499257058,1.2019323398817392,4.027722772277228,0.7842696629213484,1609.0462164719017,505,25.38452124595642
paper,100,3000000.0,13,14,exclude,launch,0,0.0,prior,0.0,asghar_rev,12600.0,43200,2160335.432796205,0,1869256.0437519476,291079.3890442575,0,12,0.7956304219464319,12,9.911461556919711,10.189813657121885,7738.130147665369,3902.535276910796,1.9828469439975922,2.0117634213674997,307.0995662451807,0.0,0.0,0.0,1.0540167126529345,3.060459492140266,0.7949886104783599,1294.6058606804509,827,22.68770956993103
ring,100,1500000.0,6,15,exclude,launch,0,0.0,prior,0.0,asghar_rev,12600.0,43200,13774522.632610938,0,12864633.887502681,909888.7451082573,0,91,0.9962590524241104,91,4.790815190311638,4.588069275093089,8015.976421067365,4102.488079528042,1.9539304601683418,2.1251162727151423,379.7659881385243,0.0,0.0,0.3475336322869955,0.8579772244410395,0.7731343283582089,0.04830917874396135,12685.909871039845,335,0.08620667457580566
paper,100,3000000.0,12,14,exclude,launch,0,0.0,prior,0.0,asghar_rev,12600.0,43200,1793338.9628150205,0,1301807.7242868852,491531.2385281353,0,6,0.36701684410131685,6,9.911461556919711,11.596696362680774,7738.130147665369,3421.440940609336,2.261658255099753,2.0162605510287586,309.8356522731829,0.0,0.0,0.18483904465212878,0.9320215796827553,2.3847222222222224,0.7539325842696629,1906.6445526062366,720,23.421695709228516
paper,100,3000000.0,8,15,exclude,launch,0,0.0,prior,0.0,asghar_rev,12600.0,43200,1184327.2822329688,0,672107.0412571026,512220.24097586627,0,0,0.0,0,9.820918369051347,8.45618529240447,7812.5443731858395,4700.238934787396,1.6621589841664552,2.012776534256957,307.71489250246,0.0,0.0,0.0,1.6623100402035205,4.867283950617284,0.7361563517915309,2088.4858172588233,324,20.030420064926147
paper,100,3000000.0,14,15,exclude,launch,0,0.0,prior,0.0,asghar_rev,12600.0,43200,2648927.4312047237,0,2263050.138486802,385877.2927179219,0,15,0.8334378366572898,15,9.820918369051347,10.539771112037986,7812.5443731858395,3766.4862033064137,2.0742262022166944,2.0152198227932794,309.2013865777253,0.0,0.0,0.07136997538966366,0.9573899119740115,2.421225382932166,0.7573131094257854,1481.1691518854104,914,15.842573165893555
ring,100,1500000.0,5,13,exclude,launch,0,0.0,prior,0.0,asghar_rev,12600.0,43200,4548566.9442583965,0,3861637.667213903,686929.2770444935,0,7,0.21955775377466963,7,4.842407636489829,2.825512516373728,7927.020400330289,6673.612018750063,1.1878155904266943,2.1212985798975215,377.1931515840594,0.0,0.0,0.0,1.461290277512874,1.3728070175438596,0.2964824120603015,10415.905138123308,228,5.334272384643555
ring,100,1500000.0,5,14,exclude,launch,0,0.0,prior,0.0,asghar_rev,12600.0,43200,5012549.695530377,0,4290384.963056457,722164.7324739203,0,5,0.19720634719586266,5,4.856939549821317,2.7492844412087707,7902.3055066583165,6851.789178170647,1.1533200017062035,2.123422061882146,378.6231387370597,0.0,0.0,0.0,1.4986853651519931,1.3526785714285714,0.26666666666666666,10824.89648705356,224,6.282930850982666
paper,100,3000000.0,13,15,exclude,launch,0,0.0,prior,0.0,asghar_rev,12600.0,43200,1669605.425890248,0,1334793.1186950214,334812.30719522695,0,8,0.6216347771325046,8,9.820918369051347,10.376561927458491,7812.5443731858395,3825.82469827553,2.042054978814712,2.0151688355280086,309.1703293881878,0.0,0.0,0.0813844714686623,1.0093524974327517,2.6004993757802746,0.7725788900979326,1578.1143809886573,801,19.1643283367157
paper,100,3000000.0,7,15,exclude,launch,0,0.0,prior,0.0,asghar_rev,12600.0,43200,747833.3106342906,0,494448.6418781568,253384.66875613376,0,0,0.0,0,9.820918369051347,8.710476689531847,7812.5443731858395,4564.536485901,1.7115745262015825,2.0121084329806034,307.3090440331358,0.0,0.0,0.0,1.887599534591444,6.653225806451613,0.754880694143167,1991.2329565360733,248,23.228174209594727
paper,100,3000000.0,9,15,exclude,launch,0,0.0,prior,0.0,asghar_rev,12600.0,43200,804487.892921323,0,510486.0008548855,294001.89206643746,0,0,0.0,0,9.820918369051347,8.508882486620747,7812.5443731858395,4672.692257278934,1.6719578228195464,2.012103339152156,307.305950736883,0.0,0.0,0.0,1.5681380772895974,4.5994832041343665,0.7534833869239014,1843.6542757032416,387,22.702620029449463
ring,100,3000000.0,12,13,exclude,launch,0,0.0,prior,0.0,asghar_rev,12600.0,43200,14245743.425500965,0,13393032.71259123,852710.7129097346,0,91,0.9992721230776878,91,9.684815272979659,10.400560101515417,7927.020400330289,3641.9663023155504,2.1765770856502202,2.1120166415209383,370.97430330585223,0.0,0.0,0.4199561403508772,0.7586050724611655,0.7353801169590644,0.05555555555555555,6541.940982276579,684,0.12848520278930664
ring,100,1500000.0,5,15,exclude,launch,0,0.0,prior,0.0,asghar_rev,12600.0,43200,4709694.1739847185,0,3877499.9743610625,832194.199623656,0,7,0.24447481845842778,7,4.790815190311638,2.789314493911363,8015.976421067365,6785.431323548679,1.1813510503375235,2.1134162798451883,371.9087436672897,0.0,0.0,0.0,1.4912099475830773,1.3955555555555557,0.2692307692307692,10487.25960841159,225,6.259968280792236
ring,100,3000000.0,11,13,exclude,launch,0,0.0,prior,0.0,asghar_rev,12600.0,43200,5525352.810270574,0,5085445.134181463,439907.6760891108,0,29,0.8630223257303279,29,9.684815272979659,5.779601727579207,7927.020400330289,6564.367523141905,1.2075832701908464,2.108624200703747,368.7142855158064,0.0,0.0,0.0,1.3964084187958479,1.405253283302064,0.5959595959595959,4391.250369567911,533,2.478475332260132
paper,100,3000000.0,10,15,exclude,launch,0,0.0,prior,0.0,asghar_rev,12600.0,43200,850231.3176833506,0,612392.4319901897,237838.88569316085,0,1,0.2198596128741697,1,9.820918369051347,8.777221349965984,7812.5443731858395,4527.070105097974,1.7257396487825676,2.0133334832367282,308.0534244746041,0.0,0.0,0.0,1.3663221736216828,3.855691056910569,0.7770562770562771,1730.2426300500315,492,26.09963345527649
ring,100,1500000.0,2,13,exclude,launch,0,0.0,prior,0.0,asghar_rev,12600.0,43200,3128731.876076992,0,2469088.7281631925,659643.1479137995,0,0,0.0,0,4.842407636489829,2.9862248345445743,7927.020400330289,6591.079327557564,1.2026892723301177,2.0322678640010396,319.6730829147805,0.0,0.0,0.0,3.0081837586066067,9.622222222222222,0.44,7772.752996741442,45,20.15232229232788
paper,100,3000000.0,11,15,exclude,launch,0,0.0,prior,0.0,asghar_rev,12600.0,43200,850932.5012987109,0,638904.6312586946,212027.87004001642,0,2,0.3512804074365289,2,9.820918369051347,8.87687574906794,7812.5443731858395,4475.970891040085,1.745441282655534,2.01345808186466,308.1291851090387,0.0,0.0,0.0,1.2867524986001897,3.7309027777777777,0.8054347826086956,1526.8753794201568,576,25.47396183013916
ring,100,3000000.0,10,13,exclude,launch,0,0.0,prior,0.0,asghar_rev,12600.0,43200,2505556.586325065,0,2105862.74992046,399693.8364046051,0,7,0.3970981438531944,7,9.684815272979659,6.493921237832234,7927.020400330289,5920.788590838112,1.3388453714757929,2.0806710077782933,350.3549481157657,0.0,0.0,0.12183544303797468,1.2966869236483285,1.4458598726114649,0.6818181818181818,4787.083057510648,471,6.014532566070557
paper,100,3000000.0,12,15,exclude,launch,0,0.0,prior,0.0,asghar_rev,12600.0,43200,1334171.9787472887,0,934625.2181207152,399546.7606265736,0,4,0.28835648146844145,4,9.820918369051347,9.995688925870395,7812.5443731858395,3974.7769321171995,1.9655302691475618,2.0135596244669376,308.1909337048679,0.0,0.0,0.08426966292134831,1.12682255612129,2.86144578313253,0.7551020408163265,1711.7242066961628,664,26.0402672290802
ring,100,3000000.0,11,14,exclude,launch,0,0.0,prior,0.0,asghar_rev,12600.0,43200,6706107.1204303,0,6259894.524818052,446212.5956122488,0,38,0.8966416964387177,38,9.713879099642634,6.545739175931762,7902.3055066583165,5851.859974074706,1.3503921046757148,2.088513876537779,355.458737824591,0.0,0.0,0.10576923076923077,1.2500834534526513,1.3205128205128205,0.49230769230769234,4527.913911741345,546,1.6979374885559082
ring,100,3000000.0,12,14,exclude,launch,0,0.0,prior,0.0,asghar_rev,12600.0,43200,13917484.340593271,0,13113227.6325151,804256.7080781711,0,85,0.9965405402898767,85,9.713879099642634,9.585891953843753,7902.3055066583165,4020.3428316360096,1.9655800108575836,2.07584235339447,347.2310308072053,0.0,0.0,0.3624161073825503,0.8418808226349735,0.875,0.1076923076923077,5563.348873827125,672,0.20294642448425293
ring,100,1500000.0,2,15,exclude,launch,0,0.0,prior,0.0,asghar_rev,12600.0,43200,2916533.6718341624,0,2326666.211536044,589867.4602981188,0,0,0.0,0,4.790815190311638,2.860599686152515,8015.976421067365,6872.183289695914,1.16643810025941,2.0347364756309982,321.20387220037793,0.0,0.0,0.0,2.9959963916738928,10.340909090909092,0.5024154589371981,7111.057088874788,44,15.753761529922485
ring,100,1500000.0,4,13,exclude,launch,0,0.0,prior,0.0,asghar_rev,12600.0,43200,3674059.516501091,0,3034681.962775534,639377.5537255565,0,0,0.0,0,4.842407636489829,2.9213615627600236,7927.020400330289,6636.657231142675,1.1944296841386584,2.0631238169840733,339.0696750716355,0.0,0.0,0.0,1.606373107726984,2.3353293413173652,0.39,8444.639659871444,167,22.77247977256775
ring,100,1500000.0,3,13,exclude,launch,0,0.0,prior,0.0,asghar_rev,12600.0,43200,4050617.1910063215,0,3339454.932211979,711162.258794342,0,0,0.0,0,4.842407636489829,2.970251194277298,7927.020400330289,6610.709805349789,1.1991178910796025,2.0371298807594886,322.6915168692572,0.0,0.0,0.0,1.8937058524872923,3.4622641509433962,0.3299492385786802,8882.031389086778,106,24.24534249305725
ring,100,3000000.0,10,14,exclude,launch,0,0.0,prior,0.0,asghar_rev,12600.0,43200,2580044.9643993326,0,2154446.2725314847,425598.6918678478,0,6,0.39376119349238775,5,9.713879099642634,5.597485161155884,7902.3055066583165,6864.282540347476,1.1512208974804663,2.08210144166348,351.28305901505473,0.0,0.0,0.0,1.4977274481300171,1.6880530973451326,0.6461538461538462,4311.0417334180065,452,6.223630666732788
ring,100,1500000.0,4,15,exclude,launch,0,0.0,prior,0.0,asghar_rev,12600.0,43200,3768521.0075493986,0,3038047.7614330593,730473.2461163391,0,1,0.018753275456805333,0,4.790815190311638,2.823937781775196,8015.976421067365,6918.538100896662,1.1586228628311623,2.0473426346121832,329.0779782829168,0.0,0.0,0.0,1.7658509300848988,2.8289473684210527,0.3864734299516908,7623.236702000542,152,18.330076456069946
ring,100,3000000.0,4,13,exclude,launch,0,0.0,prior,0.0,asghar_rev,12600.0,43200,1892220.1714018476,0,1548052.0222672021,344168.14913464535,0,1,0.050349437182380094,0,9.684815272979659,6.039745267148907,7927.020400330289,6546.496842003949,1.2108797409736087,2.023309879465425,314.1489328234627,0.0,0.0,0.0,2.4243548553713525,6.9363636363636365,0.7085427135678392,4268.297344963745,110,17.29178285598755
ring,100,1500000.0,2,14,exclude,launch,0,0.0,prior,0.0,asghar_rev,12600.0,43200,3839514.3754878757,0,3172937.513696268,666576.8617916075,0,0,0.0,0,4.856939549821317,2.9030052681447382,7902.3055066583165,6789.093904864613,1.1639705706524475,2.0295527878070097,317.99368286435566,0.0,0.0,0.0,3.2168383515080996,8.857142857142858,0.37948717948717947,8872.154836071883,42,20.847800254821777
ring,100,3000000.0,5,13,exclude,launch,0,0.0,prior,0.0,asghar_rev,12600.0,43200,995145.4419810931,0,828711.9096774412,166433.53230365185,0,1,0.049613612296892894,0,9.684815272979659,6.012876610113997,7927.020400330289,6583.61567184585,1.2040527265632122,2.0208925590250195,312.66648512179586,0.0,0.0,0.0,2.2651241256003627,7.212328767123288,0.87,3129.0136964270173,146,19.163264513015747
ring,100,3000000.0,12,15,exclude,launch,0,0.0,prior,0.0,asghar_rev,12600.0,43200,13732277.181815598,0,12843247.943684015,889029.238131582,0,91,0.9981400275977004,91,9.581630380623276,12.884735240505792,8015.976421067365,2950.4078062595045,2.716904559451371,2.1044200920301988,365.9231219039977,0.0,0.0,0.532051282051282,0.6159658947454126,0.5848787446504993,0.04878048780487805,7981.284896203288,701,0.14415192604064941
ring,100,3000000.0,11,15,exclude,launch,0,0.0,prior,0.0,asghar_rev,12600.0,43200,5684493.408547041,0,5231736.992823227,452756.41572381393,0,34,0.8628894988900635,34,9.581630380623276,6.444555058948563,8015.976421067365,5905.150928614007,1.3574549605879063,2.1021613474165237,364.42789072170206,0.0,0.0,0.10330578512396695,1.2591954563559742,1.1988950276243093,0.5576923076923077,5075.669787580189,543,2.5516726970672607
ring,100,1500000.0,4,14,exclude,launch,0,0.0,prior,0.0,asghar_rev,12600.0,43200,4237577.163866258,0,3512791.99500476,724785.1688614978,0,0,0.0,0,4.856939549821317,2.863645782499973,7902.3055066583165,6828.849842082358,1.1571942112361082,2.0454700788653986,327.902305740847,0.0,0.0,0.0,1.7521954401017141,2.5163398692810457,0.3282051282051282,8544.69157033013,153,24.28786015510559
ring,100,3000000.0,4,14,exclude,launch,0,0.0,prior,0.0,asghar_rev,12600.0,43200,2075687.385903459,0,1652945.4010408872,422741.98486257164,0,0,0.0,0,9.713879099642634,5.88612491999148,7902.3055066583165,6721.805506704745,1.1756224572067828,2.021969359265656,313.3264113833566,0.0,0.0,0.0,2.731364329472685,7.191919191919192,0.6700507614213198,4688.506930345853,99,17.446370124816895
ring,100,3000000.0,9,13,exclude,launch,0,0.0,prior,0.0,asghar_rev,12600.0,43200,1422175.1252647964,0,1113988.2315041157,308186.89376068074,0,0,0.0,0,9.684815272979659,6.767403014448996,7927.020400330289,5787.891366248896,1.3695869356766714,2.0424318547365283,325.9992515308315,0.0,0.0,0.14312267657992564,1.3646318875528134,2.1144278606965172,0.795,3855.9070145467017,402,18.391189098358154
ring,100,3000000.0,8,13,exclude,launch,0,0.0,prior,0.0,asghar_rev,12600.0,43200,1534090.9122213281,0,1191641.189900375,342449.7223209532,0,0,0.0,0,9.684815272979659,7.123899160827007,7927.020400330289,5522.638200049561,1.4353684078488338,2.033413165157972,320.3828309765455,0.0,0.0,0.16630669546436286,1.384891841749646,2.457971014492754,0.79,3887.1358159460788,345,21.41012406349182
ring,100,1500000.0,3,14,exclude,launch,0,0.0,prior,0.0,asghar_rev,12600.0,43200,4723497.8216598155,0,4012027.625574482,711470.1960853331,0,0,0.0,0,4.856939549821317,2.8698959917917803,7902.3055066583165,6860.135486456256,1.1519168276281981,2.0317072979128628,319.32598456999807,0.0,0.0,0.0,2.118503709119643,3.9166666666666665,0.3487179487179487,8764.280218908903,96,26.536438703536987
ring,100,3000000.0,10,15,exclude,launch,0,0.0,prior,0.0,asghar_rev,12600.0,43200,2588673.126549603,0,2172408.46835239,416264.65819721326,0,7,0.4468498736429708,7,9.581630380623276,6.435385916723755,8015.976421067365,5998.205887493872,1.3363956775442638,2.0724975339665503,345.0752881092998,0.0,0.0,0.11980830670926518,1.3197286773957881,1.5031982942430704,0.6956521739130435,4681.8912701668505,469,6.806912899017334
ring,100,3000000.0,7,13,exclude,launch,0,0.0,prior,0.0,asghar_rev,12600.0,43200,817524.8946049601,0,682419.8269326747,135105.06767228537,0,0,0.0,0,9.684815272979659,5.9278389982371475,7927.020400330289,6675.888328904421,1.1874105751602935,2.0215501703680125,313.06942517367463,0.0,0.0,0.0,1.9106872591657282,5.145748987854251,0.87,2613.754872994163,247,23.555197715759277
ring,100,3000000.0,6,13,exclude,launch,0,0.0,prior,0.0,asghar_rev,12600.0,43200,898248.0666547832,0,743106.0076622808,155142.0589925024,0,0,0.0,0,9.684815272979659,5.862818111040706,7927.020400330289,6751.764507736403,1.1740664816208026,2.020999843704364,312.7322042533008,0.0,0.0,0.0,2.0951908095228364,6.375,0.845,2701.8936804292066,192,24.145448684692383
ring,100,1500000.0,3,15,exclude,launch,0,0.0,prior,0.0,asghar_rev,12600.0,43200,3974916.900589903,0,3209243.002580662,765673.8980092407,0,0,0.0,0,4.790815190311638,2.807463186245999,8015.976421067365,7003.65543011526,1.1445418040697992,2.0343288115545572,320.95082712355884,0.0,0.0,0.0,2.0956642445718745,4.583333333333333,0.430622009569378,7547.936931005144,96,27.680819034576416
ring,100,3000000.0,5,14,exclude,launch,0,0.0,prior,0.0,asghar_rev,12600.0,43200,1419038.7363530817,0,1106367.7945725822,312670.9417804993,0,0,0.0,0,9.713879099642634,5.888398573051002,7902.3055066583165,6727.842396094474,1.174567571803647,2.0193750165318933,311.7376272988194,0.0,0.0,0.0,2.5177525379412935,6.621212121212121,0.7897435897435897,3758.1249926894384,132,23.48149847984314
ring,100,3000000.0,4,15,exclude,launch,0,0.0,prior,0.0,asghar_rev,12600.0,43200,1574841.699897051,0,1224925.4056007885,349916.2942962626,0,0,0.0,0,9.581630380623276,5.655598922204515,8015.976421067365,6989.104001376586,1.1469247588086433,2.0239038703318055,314.51374070413533,0.0,0.0,0.0,2.5684295442083993,8.11320754716981,0.8038277511961722,3915.0552492006477,106,17.0209059715271
core,100,1500000.0,2,13,exclude,launch,0,0.0,prior,0.0,asghar_rev,12600.0,43200,1207376.6563372312,0,971131.9852680456,236244.67106918545,0,0,0.0,0,5.4250914585007,14.207148650410435,7039.814254312048,1390.5790204504128,5.0625057265942575,2.0246846665645317,314.9935997677397,0.0,0.0,0.0,1.7473971268795754,16.06578947368421,0.8274111675126904,2612.8969689253563,76,9.800948858261108
ring,100,3000000.0,9,14,exclude,launch,0,0.0,prior,0.0,asghar_rev,12600.0,43200,1580743.9219754103,0,1256647.0462030077,324096.8757724028,0,0,0.0,0,9.713879099642634,5.707534468347858,7902.3055066583165,6825.968206458456,1.1576827297820511,2.0534171408146538,332.90630176863596,0.0,0.0,0.0,1.5577944924748346,2.2282051282051283,0.7743589743589744,3803.900035150915,390,20.9119234085083
ring,100,3000000.0,6,14,exclude,launch,0,0.0,prior,0.0,asghar_rev,12600.0,43200,922389.4914996205,0,747015.1615913741,175374.3299082464,0,0,0.0,0,9.713879099642634,5.857686633079148,7902.3055066583165,6760.388069565796,1.1689130010499327,2.0201900403973694,312.23631555779576,0.0,0.0,0.0,2.19644996183508,7.19672131147541,0.7794871794871795,2518.530179685855,183,26.608019828796387
ring,100,3000000.0,5,15,exclude,launch,0,0.0,prior,0.0,asghar_rev,12600.0,43200,994144.4563349036,0,815377.9739554421,178766.48237946155,0,0,0.0,0,9.581630380623276,5.790896658255833,8015.976421067365,6836.504360834042,1.1725256063596556,2.0207383191865658,312.5720148767446,0.0,0.0,0.0,2.3519267773191417,7.6923076923076925,0.8660287081339713,3025.980315119576,143,21.056467533111572
core,100,1500000.0,3,13,exclude,launch,0,0.0,prior,0.0,asghar_rev,12600.0,43200,1226673.27025496,0,993341.8376815816,233331.4325733784,0,0,0.0,0,5.4250914585007,15.303888720694516,7039.814254312048,1292.625109076877,5.446137634862674,2.0220207331956193,313.3579137245133,0.0,0.0,0.0,0.7129032347181093,5.3992932862190814,0.815,2175.60261854988,283,14.690258026123047
ring,100,3000000.0,7,14,exclude,launch,0,0.0,prior,0.0,asghar_rev,12600.0,43200,1033816.2384765167,0,871693.5976822476,162122.6407942691,0,1,0.20602912022349842,0,9.713879099642634,5.821869728711806,7902.3055066583165,6799.332889792878,1.1622177697052039,2.0209762007342564,312.71772073972704,0.0,0.0,0.0,1.9922562252619322,5.430379746835443,0.8717948717948718,2575.478532501073,237,26.278820991516113
ring,100,3000000.0,9,15,exclude,launch,0,0.0,prior,0.0,asghar_rev,12600.0,43200,1688993.2532661096,0,1269004.842381481,419988.4108846286,0,0,0.0,0,9.581630380623276,6.4778880025542,8015.976421067365,6053.339242966365,1.3242238869036576,2.0401473633862435,324.5719612678062,0.0,0.0,0.125,1.4346099903149827,2.1256410256410256,0.7703349282296651,3987.851423477073,390,18.981720209121704
ring,100,3000000.0,8,14,exclude,launch,0,0.0,prior,0.0,asghar_rev,12600.0,43200,1712156.2683621258,0,1356455.1968680103,355701.0714941155,0,1,0.04026169100876327,0,9.713879099642634,6.724969337578309,7902.3055066583165,5865.192479979307,1.3473224508202666,2.0282309677894617,317.17767693637603,0.0,0.0,0.13286713286713286,1.538077364854856,2.728125,0.7743589743589744,3765.0229654704335,320,26.32926917076111
core,100,1500000.0,2,14,exclude,launch,0,0.0,prior,0.0,asghar_rev,12600.0,43200,1227095.2557116137,0,1017997.3616988576,209097.89401275598,0,0,0.0,0,5.989176269992355,23.266958113627318,6345.381434240381,849.208320606529,7.472114062316685,2.024445746675405,314.84672636439836,0.0,0.0,0.0,1.4529497266657871,15.173913043478262,0.8102564102564103,2316.6365304077162,92,11.469885110855103
ring,100,3000000.0,8,15,exclude,launch,0,0.0,prior,0.0,asghar_rev,12600.0,43200,1736448.8948429008,0,1268737.470270857,467711.424572044,0,0,0.0,0,9.581630380623276,6.718994401112172,8015.976421067365,5866.5814212830755,1.3663794713538975,2.029553973086266,317.99441504931474,0.0,0.0,0.14942528735632185,1.507144412644191,2.874233128834356,0.7511961722488039,3540.6242706215157,326,22.329320907592773
ring,100,3000000.0,7,15,exclude,launch,0,0.0,prior,0.0,asghar_rev,12600.0,43200,774027.4091140742,0,653928.0542441254,120099.3548699488,0,0,0.0,0,9.581630380623276,5.840125462887759,8015.976421067365,6780.999265444223,1.1821231808586898,2.0201057859361295,312.1847443501104,0.0,0.0,0.0,1.9888444325764674,5.624472573839663,0.9178743961352657,2458.89330460162,237,22.925737142562866
core,100,1500000.0,4,13,exclude,launch,0,0.0,prior,0.0,asghar_rev,12600.0,43200,642128.9799552686,0,547492.2708476868,94636.7091075817,0,0,0.0,0,5.4250914585007,12.667890171079058,7039.814254312048,1564.2325696559135,4.500490777954206,2.018619097156663,311.27545952767645,0.0,0.0,0.0,0.7439859448588826,5.728531855955679,0.9543147208121827,1575.5104723294376,361,17.203011989593506
core,100,1500000.0,3,14,exclude,launch,0,0.0,prior,0.0,asghar_rev,12600.0,43200,1431945.5674885698,0,1144285.2318046433,287660.3356839264,0,0,0.0,0,5.989176269992355,17.659217090953668,6345.381434240381,1120.289550161578,5.664054827008958,2.0218934289178385,313.2798540196373,0.0,0.0,0.0,0.6997219655791024,5.968641114982578,0.7552083333333334,1901.1753160498831,287,14.075521230697632
ring,100,3000000.0,6,15,exclude,launch,0,0.0,prior,0.0,asghar_rev,12600.0,43200,905444.481565794,0,756290.8124072577,149153.66915853618,0,0,0.0,0,9.581630380623276,5.637679211658576,8015.976421067365,7021.084516784371,1.1417006022224399,2.021088940195492,312.78678713686605,0.0,0.0,0.0,2.164296795789139,6.537634408602151,0.8708133971291866,2712.927826470108,186,25.11680793762207
core,100,1500000.0,5,13,exclude,launch,0,0.0,prior,0.0,asghar_rev,12600.0,43200,361479.16402892995,0,328167.8746072876,33311.28942164241,0,0,0.0,0,5.4250914585007,12.504557715831215,7039.814254312048,1587.994432530858,4.43314794441211,2.014385935170079,308.6936476412626,0.0,0.0,0.0,0.7823683237645925,6.911832946635731,0.9545454545454546,1104.1706755207815,431,19.198643445968628
core,100,1500000.0,6,13,exclude,launch,0,0.0,prior,0.0,asghar_rev,12600.0,43200,340553.46209697716,0,320069.01088959293,20484.451207384252,0,1,0.32624523387101995,1,5.4250914585007,13.353577171133747,7039.814254312048,1488.8781847725386,4.7282674474725725,2.0118852383228645,307.17352066071606,0.0,0.0,0.0,0.73578621932019,7.2650822669104205,0.9644670050761421,821.4286469151239,547,21.795833826065063
core,100,1500000.0,2,15,exclude,launch,0,0.0,prior,0.0,asghar_rev,12600.0,43200,1163154.330821283,0,905460.4168908604,257693.91393042248,0,0,0.0,0,5.823713537682201,16.66238476234237,6535.136370950874,1185.3176963274275,5.513404879720647,2.0252939444954667,315.36830178572194,0.0,0.0,0.0,1.545038070060398,17.235955056179776,0.8564593301435407,2211.409912123086,89,9.904694557189941
core,100,1500000.0,4,14,exclude,launch,0,0.0,prior,0.0,asghar_rev,12600.0,43200,674201.4964879362,0,595423.6699026551,78777.82658528115,0,0,0.0,0,5.989176269992355,19.302669827452018,6345.381434240381,1028.3497576340433,6.170450653714744,2.0151239243237473,309.1429745203335,0.0,0.0,0.0,0.7888520575478015,7.4017595307917885,0.9282051282051282,1311.3103090449586,341,18.788202047348022
core,100,1500000.0,7,13,exclude,launch,0,0.0,prior,0.0,asghar_rev,12600.0,43200,304001.1508943063,0,285769.3601779247,18231.79071638165,0,1,0.3654721160119605,1,5.4250914585007,13.453757715130614,7039.814254312048,1478.934590156362,4.760057882997892,2.010330318304163,306.23020562537755,0.0,0.0,0.0,0.7237656612287167,7.50693374422188,0.9644670050761421,671.0248094427291,649,23.45810890197754
core,100,1500000.0,9,13,exclude,launch,0,0.0,prior,0.0,asghar_rev,12600.0,43200,311260.30362582504,0,295764.3245716788,15495.979054146179,0,1,0.3569486458542259,1,5.4250914585007,13.845278823672299,7039.814254312048,1437.161217028486,4.898416524812548,2.0102626153658747,306.1891656017692,0.0,0.0,0.06568144499178982,0.5949254431085583,5.307439824945296,0.9695431472081218,674.2780798447491,914,23.028238534927368
core,100,1500000.0,8,13,exclude,launch,0,0.0,prior,0.0,asghar_rev,12600.0,43200,388963.3675260627,0,365618.48630724027,23344.881218822473,0,1,0.28564115071831236,1,5.4250914585007,13.273506671750878,7039.814254312048,1498.5652379002072,4.697702893586569,2.010937925404817,306.5986467065388,0.0,0.0,0.013640238704177323,0.5916973030377686,4.884488448844884,0.9746192893401016,737.1372063786979,909,24.38546347618103
core,100,1500000.0,5,14,exclude,launch,0,0.0,prior,0.0,asghar_rev,12600.0,43200,380529.9903992487,0,350684.8556983227,29845.134700926057,0,0,0.0,0,5.989176269992355,14.763840662384473,6345.381434240381,1345.749658157746,4.715127658235369,2.0132437693528717,307.9988808397247,0.0,0.0,0.0,0.8207005522714645,7.943488943488943,0.9435897435897436,1014.4266328972176,407,19.002241849899292
core,100,1500000.0,7,14,exclude,launch,0,0.0,prior,0.0,asghar_rev,12600.0,43200,380387.9520581061,0,358462.1624918926,21925.78956621347,0,1,0.40847467850389946,1,5.989176269992355,14.946709800092197,6345.381434240381,1331.6326874428514,4.765113904214446,2.0096940264737135,305.84460812901,0.0,0.0,0.0,0.7654655397227542,7.884927066450567,0.9381443298969072,670.9000810100322,617,19.59436821937561
core,100,1500000.0,3,15,exclude,launch,0,0.0,prior,0.0,asghar_rev,12600.0,43200,1336762.5431287123,0,1053256.8706167745,283505.67251193756,0,0,0.0,0,5.823713537682201,14.348970891962463,6535.136370950874,1379.8326632190528,4.73618036820846,2.020285819177416,312.2949458443593,0.0,0.0,0.0,0.8694881330204519,7.346320346320346,0.824390243902439,1910.246706522643,231,15.181110143661499
core,100,1500000.0,6,14,exclude,launch,0,0.0,prior,0.0,asghar_rev,12600.0,43200,401996.17537313397,0,378571.44798153045,23424.727391603494,0,1,0.3865245996546399,1,5.989176269992355,15.782626506710573,6345.381434240381,1260.4379939279302,5.034267028452651,2.010755319776719,306.48789493708125,0.0,0.0,0.0,0.8014163765677126,8.842942345924452,0.9333333333333333,734.4580418315755,503,22.24651837348938
core,100,1500000.0,4,15,exclude,launch,0,0.0,prior,0.0,asghar_rev,12600.0,43200,702006.56972315,0,572897.2177607936,129109.35196235635,0,0,0.0,0,5.823713537682201,17.838637292868853,6535.136370950874,1113.7547379202435,5.867662016104355,2.0133011961814438,308.03379425482336,0.0,0.0,0.0,0.9878393555108218,10.026022304832713,0.9365853658536586,1208.7503277302144,269,16.552741765975952
core,100,3000000.0,5,13,exclude,launch,0,0.0,prior,0.0,asghar_rev,12600.0,43200,331458.248358016,0,301570.4227028784,29887.8256551376,0,0,0.0,0,10.8501829170014,32.49599103324279,7039.814254312048,1223.8520217463358,5.752177656467662,2.01155212637856,306.9713113142958,0.0,0.0,0.0,0.9158906328475115,8.89945652173913,0.96,1019.872866767786,368,13.115534782409668
core,100,3000000.0,6,13,exclude,launch,0,0.0,prior,0.0,asghar_rev,12600.0,43200,266620.7731019977,0,250904.9295885263,15715.843513471338,0,0,0.0,0,10.8501829170014,25.15160388725612,7039.814254312048,1581.8710238558492,4.450308620706845,2.010727563686731,306.47106239883436,0.0,0.0,0.0017211703958691911,0.9274652181341542,9.110344827586207,0.9696969696969697,830.0171594501351,435,13.025655269622803
core,100,3000000.0,7,13,exclude,launch,0,0.0,prior,0.0,asghar_rev,12600.0,43200,227036.02295493445,0,213543.89689099835,13492.126063936095,0,0,0.0,0,10.8501829170014,23.555011304630558,7039.814254312048,1690.2584691944098,4.164933578275326,2.0093405526970187,305.63050539561686,0.0,0.0,0.001564945226917058,0.9792964190288775,9.298538622129437,0.9746192893401016,735.8909581605833,479,13.92941951751709
core,100,3000000.0,8,13,exclude,launch,0,0.0,prior,0.0,asghar_rev,12600.0,43200,267077.9514836193,0,249742.9008904093,17335.05059321001,0,0,0.0,0,10.8501829170014,25.985403933086342,7039.814254312048,1531.9673257583086,4.595277024480539,2.0096064325981695,305.7915446230806,0.0,0.0,0.1032258064516129,0.8218773493827631,7.300171526586621,0.96,779.8440033623425,583,15.421828746795654
core,100,1500000.0,7,15,exclude,launch,0,0.0,prior,0.0,asghar_rev,12600.0,43200,337133.2077876217,0,317976.514196373,19156.693591248706,0,1,0.46038738002659374,1,5.823713537682201,15.14899540531399,6535.136370950874,1314.4736492093998,4.971675449623111,2.00874252229569,305.2684428862412,0.0,0.0,0.0,0.8243651536590858,8.957894736842105,0.9565217391304348,641.9759688171949,570,22.240043878555298
core,100,1500000.0,5,15,exclude,launch,0,0.0,prior,0.0,asghar_rev,12600.0,43200,339607.9397876158,0,312046.5394558949,27561.40033172088,0,0,0.0,0,5.823713537682201,12.440786113551694,6535.136370950874,1597.3212618982495,4.091309949248749,2.0128893179560627,307.7834311288495,0.0,0.0,0.0,0.9245528256107859,9.193370165745856,0.961352657004831,983.4543616957369,362,23.29789161682129
core,100,3000000.0,9,13,exclude,launch,0,0.0,prior,0.0,asghar_rev,12600.0,43200,202371.53803745154,0,192648.45344494397,9723.084592507581,0,0,0.0,0,10.8501829170014,28.816772043137604,7039.814254312048,1382.4828298631187,5.092153119188517,2.0080980287208385,304.87849065325213,0.0,0.0,0.08842794759825327,0.7895653059784387,7.252906976744186,0.9595959595959596,659.9366142746655,688,15.344327449798584
core,100,1500000.0,6,15,exclude,launch,0,0.0,prior,0.0,asghar_rev,12600.0,43200,350548.3778425902,0,329707.3481629147,20841.029679675525,0,1,0.4427687704862248,1,5.823713537682201,16.088313918968193,6535.136370950874,1237.2059192909248,5.282173540437256,2.0095900438302277,305.78161698033614,0.0,0.0,0.0,0.8866323729417004,10.355263157894736,0.9804878048780488,690.901317483653,456,23.647706508636475
core,100,1500000.0,8,14,exclude,launch,0,0.0,prior,0.0,asghar_rev,12600.0,43200,463710.2851250493,0,432525.3149779285,31184.97014712085,0,1,0.3350824537195594,1,5.989176269992355,16.795590659479302,6345.381434240381,1184.7308986328871,5.3559685508013635,2.0102265031607267,306.16727630650513,0.0,0.0,0.0708215297450425,0.6040148927644051,5.426415094339623,0.9432989690721649,756.9007291078223,795,29.089789628982544
core,100,1500000.0,9,14,exclude,launch,0,0.0,prior,0.0,asghar_rev,12600.0,43200,365143.9516124066,0,345168.84606684453,19975.105545562048,0,1,0.42553362847049764,1,5.989176269992355,15.777088441729862,6345.381434240381,1261.9699759334487,5.028155625926723,2.009019299166281,305.4359838270039,0.0,0.0,0.06445993031358885,0.6380825980577258,6.215527230590962,0.9432989690721649,609.6813145672361,863,27.54943299293518
core,100,1500000.0,8,15,exclude,launch,0,0.0,prior,0.0,asghar_rev,12600.0,43200,416094.9948743487,0,386337.36876187247,29757.626112476213,0,1,0.37302028662991715,1,5.823713537682201,15.627444947462218,6535.136370950874,1273.8390736861356,5.130268419259592,2.0093585880300067,305.6414277689784,0.0,0.0,0.0655241935483871,0.656543569253011,6.432975871313673,0.975609756097561,681.1058543176667,746,22.30190134048462
core,100,1500000.0,9,15,exclude,launch,0,0.0,prior,0.0,asghar_rev,12600.0,43200,339829.53442946135,0,320351.2833738112,19478.251055650126,0,1,0.4567345051803367,1,5.823713537682201,15.184770351295578,6535.136370950874,1311.364099329724,4.983464450712941,2.00876194891484,305.2802008735397,0.0,0.0,0.0558848433530906,0.62629926606367,6.391451068616423,0.975609756097561,576.4499733331264,889,23.115764379501343
core,100,3000000.0,10,13,exclude,launch,0,0.0,prior,0.0,asghar_rev,12600.0,43200,189322.8830220983,0,178174.36620668723,11148.516815411083,0,0,0.0,0,10.8501829170014,24.812938473791764,7039.814254312048,1605.5708476584775,4.38461763588865,2.0080860273644467,304.87123157022967,0.0,0.0,0.07597340930674264,0.7687707401694429,6.938364779874214,0.9695431472081218,594.8173154868982,795,19.154439449310303
core,100,3000000.0,6,14,exclude,launch,0,0.0,prior,0.0,asghar_rev,12600.0,43200,265944.214033494,0,249536.29616931864,16407.917864175386,0,0,0.0,0,11.97835253998471,37.465011402720855,6345.381434240381,1062.666384223469,5.971188633088449,2.009403596793715,305.6686863660267,0.0,0.0,0.0,0.9904305308492573,10.724815724815725,0.958974358974359,757.2152641136156,407,12.817030191421509
core,100,3000000.0,11,13,exclude,launch,0,0.0,prior,0.0,asghar_rev,12600.0,43200,278314.3568845989,0,264324.96040218597,13989.396482412969,0,1,0.3992030635109572,1,10.8501829170014,27.55452034433724,7039.814254312048,1446.7077311436062,4.86609292448251,2.006856545291325,304.12803083879436,0.0,0.0,0.06705298013245033,0.7470645690660974,6.6,0.9695431472081218,549.1843782763849,905,20.149510145187378
core,100,3000000.0,5,14,exclude,launch,0,0.0,prior,0.0,asghar_rev,12600.0,43200,364385.75189085456,0,338929.52640739497,25456.22548345958,0,0,0.0,0,11.97835253998471,40.82633498782694,6345.381434240381,974.317900841209,6.512639692611508,2.0111705943326363,306.739791252905,0.0,0.0,0.0,0.9554710759001296,10.085227272727273,0.9538461538461539,932.8076256522679,352,13.424848794937134
core,100,3000000.0,12,13,exclude,launch,0,0.0,prior,0.0,asghar_rev,12600.0,43200,284893.20316007367,0,270980.37156605086,13912.831594022828,0,1,0.3899845368546298,1,10.8501829170014,31.37979143178405,7039.814254312048,1270.368006411206,5.541555060253406,2.006829084709201,304.11144174491056,0.0,0.0,0.13024282560706402,0.6613535038251924,5.925853658536585,0.9746192893401016,540.9831880837511,1025,21.87244963645935
core,100,3000000.0,7,14,exclude,launch,0,0.0,prior,0.0,asghar_rev,12600.0,43200,238559.6882704144,0,224625.0696559486,13934.618614465802,0,0,0.0,0,11.97835253998471,33.84828053424599,6345.381434240381,1176.7997032648518,5.392065800693258,2.008402831648217,305.06288126284295,0.0,0.0,0.0,0.9539125303110307,9.953156822810591,0.9384615384615385,676.8000135634377,491,16.930689573287964
core,100,3000000.0,13,13,exclude,launch,0,0.0,prior,0.0,asghar_rev,12600.0,43200,253511.98768483565,0,240943.0165437559,12568.971141079775,0,1,0.4382591328404443,1,10.8501829170014,30.169336472205686,7039.814254312048,1321.6617177576418,5.326487224171054,2.0063371631214526,303.81434576380013,0.0,0.0,0.12783505154639174,0.6765866724578438,6.3003663003663,0.9746192893401016,477.3640926304194,1092,23.37354350090027
core,100,3000000.0,9,14,exclude,launch,0,0.0,prior,0.0,asghar_rev,12600.0,43200,228311.03673369202,0,217964.65927464774,10346.377459044279,0,0,0.0,0,11.97835253998471,29.958502710059864,6345.381434240381,1329.4772331519391,4.772839486086333,2.0085792802140947,305.16964934315445,0.0,0.0,0.12110726643598616,0.8046117197433686,7.802163833075734,0.9384615384615385,651.6574681611918,647,17.24430751800537
core,100,3000000.0,8,14,exclude,launch,0,0.0,prior,0.0,asghar_rev,12600.0,43200,341021.3660013038,0,316922.7888155293,24098.577185774455,0,0,0.0,0,11.97835253998471,32.50784384655197,6345.381434240381,1224.4307839468538,5.182311256326434,2.009868215499531,305.95014380286204,0.0,0.0,0.13586291309669524,0.7385030016370735,6.981996726677577,0.9384615384615385,764.4736532818381,611,18.739750862121582
core,100,3000000.0,15,13,exclude,launch,0,0.0,prior,0.0,asghar_rev,12600.0,43200,229231.3518085521,0,218327.01987624427,10904.331932307818,0,1,0.4846804026187685,1,10.8501829170014,29.85353425227472,7039.814254312048,1336.0761032958449,5.269021904475478,2.0056864362711275,303.42156242991615,0.0,0.0,0.0994535519125683,0.6323075585793588,5.929454545454545,0.9695431472081218,402.20690343989924,1375,24.05744957923889
core,100,3000000.0,14,13,exclude,launch,0,0.0,prior,0.0,asghar_rev,12600.0,43200,236768.47762797674,0,224570.5239384994,12197.95368947737,0,1,0.4692514180962306,1,10.8501829170014,28.835460315272048,7039.814254312048,1382.8840511896954,5.090675713741651,2.006214340266775,303.74018956755043,0.0,0.0,0.09730363423212192,0.6374242564824699,6.127742946708464,0.9796954314720813,419.8939178235287,1276,24.579971075057983
core,100,3000000.0,16,13,exclude,launch,0,0.0,prior,0.0,asghar_rev,12600.0,43200,248460.18679963975,0,236992.67478373903,11467.512015900698,0,1,0.44717000867832607,1,10.8501829170014,31.523913811103476,7039.814254312048,1265.1106882067397,5.564583652589953,2.0059556675059196,303.5840414961841,0.0,0.0,0.1412118177265899,0.5745778511565429,5.305740987983978,0.9796954314720813,411.90380631027733,1498,25.11440420150757
core,100,3000000.0,10,14,exclude,launch,0,0.0,prior,0.0,asghar_rev,12600.0,43200,198840.8995477627,0,190191.74639319445,8649.15315456823,0,0,0.0,0,11.97835253998471,27.69451295701374,6345.381434240381,1438.4333799427739,4.41131408845144,2.0081978714443744,304.9388843954901,0.0,0.0,0.11296660117878192,0.7711748554790702,7.482939632545932,0.958974358974359,578.6701040260764,762,17.93890905380249
core,100,3000000.0,17,13,exclude,launch,0,0.0,prior,0.0,asghar_rev,12600.0,43200,221661.1372726569,0,211805.68946952888,9855.447803128034,0,1,0.5012333025736888,1,10.8501829170014,30.378706031689276,7039.814254312048,1313.1043404726965,5.361199439625512,2.0054945160899242,303.3057665660733,0.0,0.0,0.1328537170263789,0.5968344266637308,5.531928480204343,0.9847715736040609,378.53903666121005,1566,25.02859091758728
core,100,3000000.0,14,14,exclude,launch,0,0.0,prior,0.0,asghar_rev,12600.0,43200,289176.9296245866,0,276849.1708341153,12327.758790471282,0,1,0.5373123742647171,1,11.97835253998471,34.918638880065636,6345.381434240381,1141.8861926045868,5.556929819570613,2.006364609793933,303.8309183537087,0.0,0.0,0.12089136490250696,0.5785055138431375,6.043703703703704,0.9487179487179487,402.2279697837748,1350,18.982898950576782
core,100,3000000.0,7,15,exclude,launch,0,0.0,prior,0.0,asghar_rev,12600.0,43200,197222.00626384764,0,186528.42836592943,10693.577897918238,0,0,0.0,0,11.647427075364401,31.019570696058995,6535.136370950874,1284.4588246833682,5.087851977319592,2.007862724246858,304.7361812778893,0.0,0.0,0.0125,1.1136609302092313,12.701923076923077,0.9807692307692307,623.122892158856,416,14.085809469223022
core,100,3000000.0,13,14,exclude,launch,0,0.0,prior,0.0,asghar_rev,12600.0,43200,308195.166156489,0,294069.5879885206,14125.578167968404,0,1,0.5041662844394801,1,11.97835253998471,33.73798855635154,6345.381434240381,1181.852724213574,5.369011979443303,2.006353434914212,303.8241707890899,0.0,0.0,0.10691421254801536,0.6378684279593275,6.129582267689685,0.9538461538461539,455.4400261967284,1173,20.207593202590942
core,100,3000000.0,6,15,exclude,launch,0,0.0,prior,0.0,asghar_rev,12600.0,43200,246532.19494706107,0,230151.62820450228,16380.566742558776,0,0,0.0,0,11.647427075364401,31.985481732981963,6535.136370950874,1244.9960696494625,5.249122089831888,2.0089499199369945,305.39398228226014,0.0,0.0,0.0,1.130493976807915,12.428169014084506,0.9663461538461539,745.9042106351693,355,14.974995613098145
core,100,3000000.0,5,15,exclude,launch,0,0.0,prior,0.0,asghar_rev,12600.0,43200,327310.12576997036,0,301660.05180276826,25650.073967202123,0,0,0.0,0,11.647427075364401,28.244438551161423,6535.136370950874,1408.299376824964,4.640445404218282,2.0112314601073873,306.7767197732753,0.0,0.0,0.0,1.1001188410575107,11.970394736842104,0.9615384615384616,904.7523051437422,304,16.336064338684082
core,100,3000000.0,11,14,exclude,launch,0,0.0,prior,0.0,asghar_rev,12600.0,43200,179234.12976441366,0,172338.29121388245,6895.838550531228,0,0,0.0,0,11.97835253998471,27.337946260849723,6345.381434240381,1458.1710779124726,4.351602860841591,2.006853275139953,304.1260552980149,0.0,0.0,0.07078039927404718,0.8262181030516613,7.6807738814993956,0.958974358974359,518.4209094866281,827,24.004660844802856
core,100,3000000.0,8,15,exclude,launch,0,0.0,prior,0.0,asghar_rev,12600.0,43200,323516.00724162307,0,295089.13993613096,28426.867305492127,0,0,0.0,0,11.647427075364401,32.99850966053545,6535.136370950874,1207.1205542734965,5.413822461903182,2.0083759685481066,305.04662818359975,0.0,0.0,0.09535759096612297,0.8064055761724105,8.134907251264755,0.9710144927536232,680.7628563582003,593,17.73589539527893
core,100,3000000.0,12,14,exclude,launch,0,0.0,prior,0.0,asghar_rev,12600.0,43200,326358.868410972,0,311251.2297287135,15107.638682258485,0,1,0.47610344265563875,1,11.97835253998471,36.789535463154294,6345.381434240381,1083.7531223364774,5.855006369495196,2.006482245503082,303.9019531538778,0.0,0.0,0.12818590704647675,0.6767041163513492,6.577154308617234,0.9487179487179487,501.0167611803413,998,24.042935848236084
paper,50,1500000.0,7,13,exclude,launch,0,0.0,prior,0.0,asghar_rev,12600.0,43200,2800015.074242518,0,2482283.898969099,317731.1752734191,0,14,0.9370257696419387,14,4.616046259841628,5.145107250425523,8332.091090158548,3865.437584016551,2.1555363161499366,2.011253876578606,306.7903208685777,0.0,0.0,0.0,0.9801907860220656,2.135699373695198,0.7119047619047619,1595.1794197786242,479,0.6711535453796387
paper,50,1500000.0,6,13,exclude,launch,0,0.0,prior,0.0,asghar_rev,12600.0,43200,1268737.949724824,0,1031177.6072293312,237560.34249549275,0,5,0.6197678665680274,5,4.616046259841628,4.683069487584593,8332.091090158548,4233.978353125996,1.967910649332174,2.017347693634399,310.4988989229692,0.0,0.0,0.0,1.0626361066171661,2.1451187335092348,0.7565632458233891,2016.061928977006,379,4.201288223266602
core,100,3000000.0,15,14,exclude,launch,0,0.0,prior,0.0,asghar_rev,12600.0,43200,287934.85492177116,0,275142.6189838362,12792.235937934935,0,1,0.5396349895073098,1,11.97835253998471,33.173175032855724,6345.381434240381,1202.2913614520014,5.277740186519426,2.0058258321743017,303.50568140073784,0.0,0.0,0.10685375067458176,0.6114526531902251,5.851079136690648,0.9585492227979274,402.3657986857425,1390,25.385451078414917
paper,50,1500000.0,2,13,exclude,launch,0,0.0,prior,0.0,asghar_rev,12600.0,43200,1445605.338556415,0,866207.3051208834,579398.0334355315,0,0,0.0,0,4.616046259841628,4.2408200443458295,8332.091090158548,4678.653354411589,1.7808737811922024,2.0159941998494144,309.67326423829576,0.0,0.0,0.0,2.472138673294728,6.425925925925926,0.471563981042654,4627.698718539317,54,7.113053560256958
paper,50,1500000.0,5,13,exclude,launch,0,0.0,prior,0.0,asghar_rev,12600.0,43200,973856.5833730589,0,627892.1955277864,345964.38784527243,0,1,0.21185387463711028,1,4.616046259841628,4.447254255611219,8332.091090158548,4463.052483458949,1.866904124708169,2.015282984151879,309.23986137250336,0.0,0.0,0.0,1.2408295499200823,2.5571955719557193,0.7129186602870813,2348.6868759186077,271,5.8406383991241455
core,100,3000000.0,17,14,exclude,launch,0,0.0,prior,0.0,asghar_rev,12600.0,43200,269275.3604107245,0,257298.65332258085,11976.707088143592,0,1,0.577035868713935,1,11.97835253998471,32.30089147887536,6345.381434240381,1234.8439507204794,5.13860996811631,2.005688109135752,303.42257185711327,0.0,0.0,0.13801115241635686,0.5739241242602771,5.586889301175016,0.9536082474226805,360.9934883214002,1617,25.71690845489502
paper,50,1500000.0,4,13,exclude,launch,0,0.0,prior,0.0,asghar_rev,12600.0,43200,1351173.8313127076,0,740161.056461485,611012.7748512228,0,0,0.0,0,4.616046259841628,4.66042625640392,8332.091090158548,4257.6219090908435,1.9569823878367236,2.015891988663752,309.61095978935793,0.0,0.0,0.0,1.3070871061097804,2.8689320388349513,0.5676959619952494,2771.839715783414,206,7.577566623687744
paper,50,1500000.0,3,14,exclude,launch,0,0.0,prior,0.0,asghar_rev,12600.0,43200,1433916.602437071,0,838260.9741932648,595655.6282438063,0,0,0.0,0,4.665748476569164,9.765358537954949,8239.782041589951,2038.9203138634568,4.041247706231719,2.0089611827792346,305.40080050658156,0.0,0.0,0.0,1.7882747608124423,4.619469026548672,0.45433255269320844,3159.4053484816227,113,4.600592613220215
paper,50,1500000.0,4,14,exclude,launch,0,0.0,prior,0.0,asghar_rev,12600.0,43200,668700.1920867428,0,396252.22170845617,272447.9703782867,0,0,0.0,0,4.665748476569164,6.555511505416058,8239.782041589951,3037.018632910824,2.7131154061088356,2.0091203425046684,305.49715969702163,0.0,0.0,0.0,1.544691730473605,4.247126436781609,0.7152941176470589,2210.0369614149554,174,5.05247163772583
core,100,3000000.0,9,15,exclude,launch,0,0.0,prior,0.0,asghar_rev,12600.0,43200,204966.84070728935,0,193117.97864953647,11848.862057752869,0,0,0.0,0,11.647427075364401,31.13127356033608,6535.136370950874,1280.0468310328683,5.105388500261104,2.007554020910969,304.5495315161582,0.0,0.0,0.08695652173913043,0.7996599889778204,8.053857350800582,0.9758454106280193,593.0584984509336,687,20.21095895767212
paper,50,1500000.0,2,14,exclude,launch,0,0.0,prior,0.0,asghar_rev,12600.0,43200,1156177.0365835333,0,648149.2316208031,508027.8049627301,0,0,0.0,0,4.665748476569164,7.931833350396794,8239.782041589951,2504.5922511529443,3.289869653552156,2.0134895396015473,308.1483140645271,0.0,0.0,0.0,2.302386696994782,7.241379310344827,0.48,3876.076858319798,58,5.991334438323975
paper,50,1500000.0,6,14,exclude,launch,0,0.0,prior,0.0,asghar_rev,12600.0,43200,668768.2296323259,0,550111.0716359259,118657.15799640004,0,4,0.5398011081136709,4,4.665748476569164,6.065056580109954,8239.782041589951,3284.137305793734,2.508963930056664,2.0081855070605004,304.9314049940513,0.0,0.0,0.0,1.1409209972440657,2.9858356940509916,0.8075117370892019,1558.2944753893373,353,4.333570718765259
paper,50,1500000.0,5,14,exclude,launch,0,0.0,prior,0.0,asghar_rev,12600.0,43200,598760.8079262603,0,392488.97160228057,206271.83632397966,0,1,0.15856069060133599,1,4.665748476569164,5.906707138322083,8239.782041589951,3370.6014791302823,2.4446028676508105,2.009125869887826,305.50050638305834,0.0,0.0,0.0,1.2988324898807362,3.3884615384615384,0.755868544600939,1872.225730341267,260,5.304821968078613
core,100,3000000.0,16,14,exclude,launch,0,0.0,prior,0.0,asghar_rev,12600.0,43200,287459.2906181089,0,274522.5300776683,12936.760540440562,0,1,0.5405309253117663,1,11.97835253998471,36.04453674179131,6345.381434240381,1106.5216829071019,5.7345296818490885,2.0058137782681245,303.49840696620015,0.0,0.0,0.12894117647058823,0.5438940215453563,5.252336448598131,0.9481865284974094,387.9650426849421,1605,29.08894944190979
paper,50,1500000.0,8,15,exclude,launch,0,0.0,prior,0.0,asghar_rev,12600.0,43200,3839129.6588519416,0,3365475.740521288,473653.9183306537,0,20,0.9740867364475356,20,4.999659041031505,5.6976503391449995,7667.212238219762,3491.731452265538,2.195819564888087,2.010589281836255,306.3872089686955,0.0,0.0,0.0,0.8613372395807931,1.843450479233227,0.6193693693693694,1424.0322531987574,626,0.9263021945953369
paper,50,1500000.0,7,14,exclude,launch,0,0.0,prior,0.0,asghar_rev,12600.0,43200,752898.8670968103,0,653458.5330280086,99440.33406880169,0,5,0.6761365075776673,5,4.665748476569164,5.640247971379295,8239.782041589951,3519.5414854583787,2.341152128944665,2.01500303520225,309.06934844093394,0.0,0.0,0.0,0.8945752089710427,2.2613636363636362,0.8266033254156769,1375.322007104399,528,4.570556879043579
paper,50,1500000.0,3,13,exclude,launch,0,0.0,prior,0.0,asghar_rev,12600.0,43200,1804984.6471850346,0,1098400.3366641884,706584.3105208462,0,0,0.0,0,4.616046259841628,4.89706317115389,8332.091090158548,4050.413431371154,2.0570964498648605,2.0166239952655136,310.0573043248845,0.0,0.0,0.0,1.3193920911190788,2.875,0.42822966507177035,3726.4407701920777,152,11.620315074920654
core,100,3000000.0,18,14,exclude,launch,0,0.0,prior,0.0,asghar_rev,12600.0,43200,266541.18018095254,0,255003.28844183113,11537.891739121389,0,1,0.5829535429845144,1,11.97835253998471,32.13067350833707,6345.381434240381,1241.574319786875,5.110754413259458,2.0053834968472994,303.238792719871,0.0,0.0,0.12483745123537061,0.5708515613697898,5.48094688221709,0.9639175257731959,345.0796720766733,1732,29.97396469116211
core,100,3000000.0,10,15,exclude,launch,0,0.0,prior,0.0,asghar_rev,12600.0,43200,176995.48583119668,0,167667.49194968224,9327.99388151444,0,0,0.0,0,11.647427075364401,31.570385702036603,6535.136370950874,1262.8105860494577,5.17507252722296,2.0066511822877904,304.00398084042183,0.0,0.0,0.07763023493360573,0.8335330669075398,8.3656207366985,0.9759615384615384,536.9249120806867,733,22.743810892105103
paper,50,1500000.0,2,15,exclude,launch,0,0.0,prior,0.0,asghar_rev,12600.0,43200,1361297.2055678845,0,747478.2017284312,613819.0038394533,0,0,0.0,0,4.999659041031505,5.2011110605936945,7667.212238219762,3814.3880151324693,2.0100766381926376,2.0162249965495933,309.8139730836663,0.0,0.0,0.0,2.4984973288354575,7.09433962264151,0.4696629213483146,4285.128533265047,53,6.094899892807007
paper,50,1500000.0,7,15,exclude,launch,0,0.0,prior,0.0,asghar_rev,12600.0,43200,2109101.5777365156,0,1838705.4091144707,270396.1686220448,0,9,0.8852141745268188,9,4.999659041031505,5.037667020916697,7667.212238219762,3945.6286814665254,1.9432168754840826,2.0124000584585646,307.4861635100715,0.0,0.0,0.0,1.0384565520037996,2.247240618101545,0.756152125279642,1606.0647123156084,453,3.5358800888061523
paper,50,3000000.0,13,13,exclude,launch,0,0.0,prior,0.0,asghar_rev,12600.0,43200,1681300.335757065,0,1522004.6216283625,159295.7141287027,0,8,0.8777395977452689,8,9.232092519683256,11.059624747009746,8332.091090158548,3600.9798997859434,2.3138399330287407,2.0087639148977248,305.2813907999353,0.0,0.0,0.1284080914687775,0.8966355788674798,1.7640845070422535,0.8238095238095238,1086.915687282752,852,1.4951066970825195
paper,50,3000000.0,12,13,exclude,launch,0,0.0,prior,0.0,asghar_rev,12600.0,43200,1144922.2026821522,0,983393.5682495852,161528.63443256708,0,5,0.6860564144168965,5,9.232092519683256,11.216986331583865,8332.091090158548,3547.684403077253,2.3485998593706117,2.0103367768748344,306.2341208117488,0.0,0.0,0.13891531874405327,0.885290361226681,1.7233502538071066,0.8071428571428572,1213.680897465813,788,2.577425003051758
paper,50,3000000.0,14,13,exclude,launch,0,0.0,prior,0.0,asghar_rev,12600.0,43200,2727368.717859211,0,2428369.0778082516,298999.6400509591,0,14,0.966012193502055,14,9.232092519683256,11.520319157282396,8332.091090158548,3461.2019271032077,2.407282575718414,2.0063123165875902,303.79934355476473,0.0,0.0,0.11489698890649762,0.8787647938353019,1.890063424947146,0.7655502392344498,909.627601070784,946,0.8258047103881836
paper,50,1500000.0,6,15,exclude,launch,0,0.0,prior,0.0,asghar_rev,12600.0,43200,1338416.5734616274,0,1083346.4119369336,255070.1615246935,0,4,0.6315848838196455,4,4.999659041031505,4.703255337480485,7667.212238219762,4220.732835205757,1.8165594785498886,2.0149931372330983,309.06332058908595,0.0,0.0,0.0,1.1362721894292909,2.356940509915014,0.7595505617977528,1955.323785979501,353,6.7455220222473145
paper,50,3000000.0,4,13,exclude,launch,0,0.0,prior,0.0,asghar_rev,12600.0,43200,938588.3169639927,0,523032.755018535,415555.56194545765,0,0,0.0,0,9.232092519683256,11.014225516206546,8332.091090158548,3616.540547091072,2.303884328591417,2.00836518370933,305.04010311514526,0.0,0.0,0.0,1.8711557543543997,5.198630136986301,0.668235294117647,2221.8193001388236,146,6.080980062484741
paper,50,1500000.0,3,15,exclude,launch,0,0.0,prior,0.0,asghar_rev,12600.0,43200,835363.5613941543,0,467131.45562567696,368232.1057684774,0,0,0.0,0,4.999659041031505,5.160166738784512,7667.212238219762,3853.943773457552,1.9894457960244576,2.0113649690582855,306.8577301914799,0.0,0.0,0.0,2.3581984218511045,6.825581395348837,0.6666666666666666,2816.145976233444,86,8.963792085647583
paper,50,3000000.0,11,13,exclude,launch,0,0.0,prior,0.0,asghar_rev,12600.0,43200,776225.5408440648,0,688873.3759037004,87352.16494036446,0,3,0.7037146522430324,3,9.232092519683256,9.488444286269278,8332.091090158548,4193.939331633006,1.9866980495672213,2.010355356110387,306.24538368628413,0.0,0.0,0.05605381165919283,1.0513025976037689,2.055472263868066,0.8349282296650717,1196.833754083452,667,4.272399187088013
core,100,3000000.0,14,15,exclude,launch,0,0.0,prior,0.0,asghar_rev,12600.0,43200,280117.17502511945,0,264765.2206111182,15351.95441400121,0,1,0.5540962429004415,1,11.647427075364401,29.721913033262087,6535.136370950874,1341.8706373224,4.870168695241174,2.00586905328083,303.53176570442207,0.0,0.0,0.087995337995338,0.6424920226771854,6.501165501165501,0.9853658536585366,391.2294805100722,1287,23.65932607650757
paper,50,3000000.0,5,13,exclude,launch,0,0.0,prior,0.0,asghar_rev,12600.0,43200,474768.5155068048,0,313484.28975541866,161284.22575138614,0,0,0.0,0,9.232092519683256,10.658251698554885,8332.091090158548,3740.1018401099,2.227771180132816,2.00687622069698,304.13991714150995,0.0,0.0,0.0,1.8574500355712948,5.245901639344262,0.7793427230046949,1745.4849523801668,183,6.862776279449463
paper,50,1500000.0,4,15,exclude,launch,0,0.0,prior,0.0,asghar_rev,12600.0,43200,482443.20962155605,0,301972.3804608923,180470.82916066382,0,0,0.0,0,4.999659041031505,5.021912707710482,7667.212238219762,3957.7458285200546,1.9372674674984907,2.0125326374358563,307.56670256184316,0.0,0.0,0.0,1.4915939961947622,4.392265193370166,0.7417218543046358,2054.5325698886995,181,9.270052194595337
core,100,3000000.0,13,15,exclude,launch,0,0.0,prior,0.0,asghar_rev,12600.0,43200,303190.5113524764,0,284983.03398149536,18207.47737098099,0,1,0.5119285348374936,1,11.647427075364401,35.099125573850934,6535.136370950874,1136.3683325029845,5.750896240267863,2.0057396848206848,303.45369408696325,0.0,0.0,0.09751434034416825,0.6440477423132047,6.353689567430026,0.966183574879227,439.4133386822551,1179,25.236631631851196
paper,50,3000000.0,9,13,exclude,launch,0,0.0,prior,0.0,asghar_rev,12600.0,43200,353850.96467863425,0,250129.26589098046,103721.69878765379,0,0,0.0,0,9.232092519683256,9.86682475918656,8332.091090158548,4038.9622672451915,2.062928677925363,2.0074409361568986,304.48117195340626,0.0,0.0,0.08469055374592833,1.2318895519315387,2.707158351409978,0.8285714285714286,1322.2075369584152,461,5.876912593841553
core,100,3000000.0,12,15,exclude,launch,0,0.0,prior,0.0,asghar_rev,12600.0,43200,309301.86376876244,0,292136.0671565471,17165.796612215312,0,1,0.5018135757802668,1,11.647427075364401,35.92479272126924,6535.136370950874,1110.0524714074602,5.88723194558977,2.0060982907978344,303.67013122389704,0.0,0.0,0.11062906724511931,0.6645662462727654,6.7151106833493746,0.9758454106280193,471.3407119652625,1039,25.786956548690796
paper,50,1500000.0,5,15,exclude,launch,0,0.0,prior,0.0,asghar_rev,12600.0,43200,703664.2077191692,0,523009.2579674363,180654.94975173293,0,1,0.35958600762131937,1,4.999659041031505,4.393924466993272,7667.212238219762,4517.382016925783,1.6972689512403767,2.0152112811784817,309.1961836296162,0.0,0.0,0.0,1.3104614099036276,3.0625,0.7511210762331838,2098.7510054743325,256,9.43086051940918
paper,50,3000000.0,10,13,exclude,launch,0,0.0,prior,0.0,asghar_rev,12600.0,43200,479680.6833020284,0,408921.89623709716,70758.78706493125,0,1,0.43010964941970553,1,9.232092519683256,9.447123114462228,8332.091090158548,4217.076998679429,1.9757977131476918,2.008070153333936,304.86163021281163,0.0,0.0,0.06925207756232687,1.1752676035355365,2.45,0.8571428571428571,1240.9329966966461,540,5.799583196640015
paper,50,3000000.0,8,13,exclude,launch,0,0.0,prior,0.0,asghar_rev,12600.0,43200,452766.77384723193,0,300079.25694290316,152687.51690432878,0,0,0.0,0,9.232092519683256,10.144711122818764,8332.091090158548,3928.571301186284,2.120895982629248,2.0073156127757192,304.40542312251665,0.0,0.0,0.09807692307692308,1.2891698705890333,2.979434447300771,0.8099762470308789,1417.3191959099615,389,7.463906288146973
core,100,3000000.0,11,15,exclude,launch,0,0.0,prior,0.0,asghar_rev,12600.0,43200,172582.0422215085,0,166299.7547518455,6282.287469663038,0,0,0.0,0,11.647427075364401,25.885019867268056,6535.136370950874,1540.1801315896762,4.243098736902755,2.0066423219287666,303.9986292894414,0.0,0.0,0.07577174929840973,0.8429950961134776,7.75840597758406,0.966183574879227,526.9489134346505,803,27.121584177017212
paper,50,3000000.0,6,13,exclude,launch,0,0.0,prior,0.0,asghar_rev,12600.0,43200,319028.0528454753,0,219318.51220248546,99709.54064298987,0,0,0.0,0,9.232092519683256,10.21551229774033,8332.091090158548,3902.8569965494144,2.134869685854516,2.006537115096738,303.93508922017946,0.0,0.0,0.0,1.6330718444096646,4.769230769230769,0.8333333333333334,1411.4237505463218,247,8.008460521697998
core,100,3000000.0,16,15,exclude,launch,0,0.0,prior,0.0,asghar_rev,12600.0,43200,281360.11815829505,0,266080.714756544,15279.403401751078,0,1,0.5516484541920071,1,11.647427075364401,32.933961841905464,6535.136370950874,1210.8461535792871,5.397164909541043,2.006120622944861,303.6836123744867,0.0,0.0,0.1530214424951267,0.5424663130225714,5.477864583333333,0.9853658536585366,389.0406411147754,1536,23.519482135772705
core,100,3000000.0,15,15,exclude,launch,0,0.0,prior,0.0,asghar_rev,12600.0,43200,268090.5703382986,0,253343.19494546409,14747.375392834514,0,1,0.5789531278830292,1,11.647427075364401,34.76013312266114,6535.136370950874,1147.4597232615567,5.695307851307673,2.005723696935812,303.44404637347105,0.0,0.0,0.14165733482642778,0.6023534597714428,6.712773998488284,0.9805825242718447,369.3634834394856,1323,25.205076456069946
paper,50,3000000.0,7,13,exclude,launch,0,0.0,prior,0.0,asghar_rev,12600.0,43200,295526.9674762944,0,205191.70842272782,90335.25905356652,0,0,0.0,0,9.232092519683256,9.222512231779143,8332.091090158548,4322.69857666325,1.9275207240080579,2.006715448285597,304.042798145061,0.0,0.0,0.0,1.5535156891708282,4.254125412541254,0.830952380952381,1272.6374307437818,303,9.5942964553833
paper,50,3000000.0,5,14,exclude,launch,0,0.0,prior,0.0,asghar_rev,12600.0,43200,325785.7645226444,0,219243.28587682082,106542.47864582355,0,0,0.0,0,9.331496953138329,17.08771938137966,8239.782041589951,2334.4634101871366,3.5296256971230187,2.0054822032286106,303.2983383028384,0.0,0.0,0.0,2.1541164384958087,7.153846153846154,0.8183962264150944,1468.0271394642336,156,5.056214094161987
paper,50,3000000.0,6,14,exclude,launch,0,0.0,prior,0.0,asghar_rev,12600.0,43200,265839.835580687,0,184481.30918177371,81358.52639891327,0,0,0.0,0,9.331496953138329,21.74489587882577,8239.782041589951,1835.080335183552,4.4901478608923,2.0048300959174803,302.9050564984599,0.0,0.0,0.09246575342465753,1.73370873316577,6.564220183486238,0.8188235294117647,1166.726057067532,218,4.935618162155151
paper,50,3000000.0,4,14,exclude,launch,0,0.0,prior,0.0,asghar_rev,12600.0,43200,567189.5617207541,0,340905.30688986636,226284.25483088774,0,0,0.0,0,9.331496953138329,20.75790478133146,8239.782041589951,1920.5905171008403,4.29023363815626,2.00665028597067,304.0034394734496,0.0,0.0,0.0,1.9776321400051922,6.2444444444444445,0.7435294117647059,1951.9955349387744,135,6.091044664382935
paper,50,3000000.0,8,14,exclude,launch,0,0.0,prior,0.0,asghar_rev,12600.0,43200,288727.5071277963,0,201542.28137558574,87185.22575221056,0,0,0.0,0,9.331496953138329,13.81686672174718,8239.782041589951,2887.3214852795745,2.853780600324147,2.0053273453591274,303.20492139804884,0.0,0.0,0.006688963210702341,1.1964747356700587,3.3348214285714284,0.8454332552693209,1103.5807799266397,448,4.982565402984619
paper,50,3000000.0,7,14,exclude,launch,0,0.0,prior,0.0,asghar_rev,12600.0,43200,215143.06878090135,0,156843.77168964758,58299.29709125378,0,0,0.0,0,9.331496953138329,13.055624735323049,8239.782041589951,3056.742402653413,2.695608905231068,2.004626591895331,302.7823767429684,0.0,0.0,0.0,1.8559643324232349,5.940239043824701,0.8755868544600939,1087.8973375840303,251,5.097946882247925
paper,50,3000000.0,12,14,exclude,launch,0,0.0,prior,0.0,asghar_rev,12600.0,43200,605596.6464687356,0,512237.96820316423,93358.67826557145,0,4,0.6061611560869425,4,9.331496953138329,15.36340260508557,8239.782041589951,2596.052984744411,3.173965281144361,2.005806449188749,303.4939839689037,0.0,0.0,0.12467755803955288,0.7987821279041232,2.103881278538813,0.8483412322274881,891.2494828061248,876,4.286756992340088
core,100,3000000.0,18,15,exclude,launch,0,0.0,prior,0.0,asghar_rev,12600.0,43200,254302.4298381262,0,240369.85672335408,13932.573114772127,0,1,0.6103436540189724,1,11.647427075364401,32.166469151004456,6535.136370950874,1240.2573714413038,5.2691776089638465,2.0052788726806505,303.17568355742384,0.0,0.0,0.14873837981407703,0.5647831185495208,5.656856974690995,0.9804878048780488,339.73014146082613,1699,25.734164714813232
paper,50,3000000.0,9,14,exclude,launch,0,0.0,prior,0.0,asghar_rev,12600.0,43200,214117.0462554811,0,159396.63781128442,54720.40844419666,0,0,0.0,0,9.331496953138329,12.704452026651088,8239.782041589951,3140.2253254035977,2.6239461146091267,2.0052717592182274,303.1713929645128,0.0,0.0,0.004392386530014641,1.1795927770483814,3.309941520467836,0.8466981132075472,977.773162077976,513,5.193773508071899
ring,50,1500000.0,6,13,exclude,launch,0,0.0,prior,0.0,asghar_rev,12600.0,43200,5976191.632457714,0,5651789.859140446,324401.7733172671,0,39,0.9920597164665208,39,4.791964885844101,3.7296637192954414,8013.97324192218,5165.756878545306,1.551364771967151,2.0761386465017484,347.4223159483845,0.0,0.0,0.1807511737089202,1.0827228346069941,1.10625,0.2376237623762376,4623.394002592428,320,0.08461976051330566
paper,50,3000000.0,14,14,exclude,launch,0,0.0,prior,0.0,asghar_rev,12600.0,43200,643107.9230030037,0,591768.9662893212,51338.95671368253,0,5,0.7821954868024773,5,9.331496953138329,12.935365982601365,8239.782041589951,3079.7031999980254,2.6755117316484376,2.0081789105768504,304.9274147195773,0.0,0.0,0.05678022712090848,0.7793713555491321,1.9671403197158082,0.8794326241134752,737.3207115674967,1126,4.684294939041138
ring,50,1500000.0,5,13,exclude,launch,0,0.0,prior,0.0,asghar_rev,12600.0,43200,1464387.9541439135,0,1230783.5480314167,233604.4061124967,0,4,0.4062003820972371,3,4.791964885844101,2.830301152131042,8013.97324192218,6738.240847607642,1.1893272180627792,2.0973978239548163,361.28459520622994,0.0,0.0,0.0,1.4552292730951728,1.3956521739130434,0.63,5095.3771310170905,230,0.7192366123199463
paper,50,3000000.0,10,14,exclude,launch,0,0.0,prior,0.0,asghar_rev,12600.0,43200,291295.3755285214,0,229603.6527371274,61691.72279139399,0,1,0.3484671564909667,1,9.331496953138329,12.688308629837312,8239.782041589951,3144.9302082324543,2.620020635122761,2.0048193299870665,302.898565774697,0.0,0.0,0.005141388174807198,1.1479802718777476,3.2389078498293515,0.8705882352941177,864.1816354811763,586,5.332506895065308
paper,50,3000000.0,13,14,exclude,launch,0,0.0,prior,0.0,asghar_rev,12600.0,43200,556217.589605973,0,481471.31703956344,74746.27256640953,0,4,0.6636427031906437,4,9.331496953138329,14.654386612058223,8239.782041589951,2721.227470657208,3.027965184990562,2.006122715900368,303.6848758352197,0.0,0.0,0.10991544965411222,0.786791775178589,1.9876796714579055,0.8625592417061612,845.3414696327322,974,5.516789197921753
paper,50,3000000.0,11,14,exclude,launch,0,0.0,prior,0.0,asghar_rev,12600.0,43200,429469.60927275254,0,380907.29600251507,48562.31327023745,0,3,0.7164064105392748,3,9.331496953138329,13.03080583271981,8239.782041589951,3062.548776727751,2.6904982229846905,2.00463680196249,302.7885311572257,0.0,0.0,0.004250797024442083,1.0430217105992623,3.164073550212164,0.8747044917257684,729.710033634688,707,5.75760293006897
ring,50,1500000.0,6,14,exclude,launch,0,0.0,prior,0.0,asghar_rev,12600.0,43200,6851528.750785157,0,6369908.083416121,481620.6673690358,0,41,0.9947202997788622,41,4.864538549593913,4.834045666502462,7889.440438978361,4017.351637907628,1.9638411446321504,2.059725735744352,336.9055904996725,0.0,0.0,0.3624161073825503,0.8442134896586195,1.0,0.2,4864.407680814084,336,0.0832977294921875
paper,50,3000000.0,4,15,exclude,launch,0,0.0,prior,0.0,asghar_rev,12600.0,43200,344438.27170934057,0,235671.62788620114,108766.64382313946,0,0,0.0,0,9.99931808206301,10.92783590276857,7667.212238219762,3646.6372579588287,2.102543163975518,2.007535608526563,304.53840073469763,0.0,0.0,0.0,2.8885306107828455,10.736263736263735,0.7847533632286996,1670.3761204111963,91,5.250452041625977
ring,50,1500000.0,4,13,exclude,launch,0,0.0,prior,0.0,asghar_rev,12600.0,43200,1212085.3420757435,0,971576.3015641609,240509.04051158272,0,1,0.18677682201405815,0,4.791964885844101,2.858108943187383,8013.97324192218,6885.033953885408,1.1639700393052792,2.0327086071362843,319.9461201760094,0.0,0.0,0.0,1.6849803752943344,2.459119496855346,0.69,4164.15002083399,159,1.6883091926574707
paper,50,3000000.0,15,15,exclude,launch,0,0.0,prior,0.0,asghar_rev,12600.0,43200,2695833.2199214916,0,2402094.957634805,293738.2622866871,0,14,0.9673612518518994,14,9.99931808206301,11.008401292063002,7667.212238219762,3621.5963166713523,2.11708085821856,2.006622578308443,303.9867045481013,0.0,0.0,0.026657552973342446,0.8993078193250207,1.9372156505914468,0.7393258426966293,771.3324136622306,1099,1.9382493495941162
ring,50,1500000.0,6,15,exclude,launch,0,0.0,prior,0.0,asghar_rev,12600.0,43200,7672052.702311673,0,7159500.685513278,512552.0167983962,0,47,0.999450698255329,47,4.905479781257491,5.91705276384524,7820.813005793199,3137.3836513579085,2.4927818446456906,2.1547005383792515,400.0,0.0,0.0,0.5,0.6521337195744413,0.49714285714285716,0.040983606557377046,9458.318591599967,350,0.04904937744140625
ring,50,1500000.0,5,14,exclude,launch,0,0.0,prior,0.0,asghar_rev,12600.0,43200,1646245.6585708058,0,1330105.8619621985,316139.79660860717,0,3,0.2832740974205167,3,4.864538549593913,2.8305570758098453,7889.440438978361,6804.253600064635,1.1594865363194895,2.076861726914032,347.88935366768123,0.0,0.0,0.0,1.485340353370743,1.381578947368421,0.5652173913043478,5242.09500477695,228,1.1542792320251465
core,100,3000000.0,17,15,exclude,launch,0,0.0,prior,0.0,asghar_rev,12600.0,43200,263366.4442315425,0,249283.72754339804,14082.716688144463,0,1,0.5893380787601215,1,11.647427075364401,34.23862330331007,6535.136370950874,1165.1977373024358,5.608607158884853,2.0052755590833113,303.17368490707923,0.0,0.0,0.15480172001911133,0.573980271657404,6.071246819338422,0.9804878048780488,341.63823723225954,1572,28.315813064575195
paper,50,3000000.0,5,15,exclude,launch,0,0.0,prior,0.0,asghar_rev,12600.0,43200,315396.83721148473,0,209604.0039812911,105792.83323019363,0,0,0.0,0,9.99931808206301,11.447424570470611,7667.212238219762,3481.905414586884,2.2020162311414913,2.0070825127387097,304.26455623923414,0.0,0.0,0.0970873786407767,2.1314050197325454,7.7105263157894735,0.8104575163398693,1422.6851809495545,152,5.814626455307007
ring,50,1500000.0,5,15,exclude,launch,0,0.0,prior,0.0,asghar_rev,12600.0,43200,1586548.1115704058,0,1245683.0625208402,340865.04904956557,0,2,0.227271426704815,2,4.905479781257491,2.7387812603568653,7820.813005793199,6936.580428499819,1.1274738448444133,2.105509559191984,366.6454156394562,0.0,0.0,0.0,1.4933576073977504,1.2755555555555556,0.5,5715.568837046434,225,0.8912546634674072
paper,50,3000000.0,14,15,exclude,launch,0,0.0,prior,0.0,asghar_rev,12600.0,43200,1928977.658933506,0,1753626.0938367946,175351.56509671142,0,9,0.9535497518223114,9,9.99931808206301,12.250438114206535,7667.212238219762,3254.4973708797324,2.355882142300584,2.0065705838606025,303.9553020880421,0.0,0.0,0.13983739837398373,0.8797504852545942,2.1733477789815816,0.8130630630630631,816.1408707429235,923,3.853639602661133
paper,50,3000000.0,13,15,exclude,launch,0,0.0,prior,0.0,asghar_rev,12600.0,43200,1462789.835374859,0,1309410.5325354815,153379.30283937755,0,7,0.9059528047672442,7,9.99931808206301,11.988078617228533,7667.212238219762,3325.4684589531116,2.3056036564043887,2.006723661826401,304.0477593843474,0.0,0.0,0.16135084427767354,0.9302101004940311,2.1852315394242803,0.8080357142857143,939.2387162358507,799,4.350365877151489
ring,50,1500000.0,4,15,exclude,launch,0,0.0,prior,0.0,asghar_rev,12600.0,43200,1167708.836129366,0,912606.7395249608,255102.09660440512,0,0,0.0,0,4.905479781257491,2.8095199184815884,7820.813005793199,7005.196587256777,1.1164301969797847,2.0323923356287446,319.75018039949236,0.0,0.0,0.0,1.7209011661330438,2.1161290322580646,0.6147540983606558,4919.7087715586285,155,2.1713523864746094
ring,50,1500000.0,2,13,exclude,launch,0,0.0,prior,0.0,asghar_rev,12600.0,43200,953721.589421,0,756663.1333953519,197058.456025648,0,0,0.0,0,4.791964885844101,2.879002783028254,8013.97324192218,6884.553507348056,1.1640512683021007,2.0180974190183383,310.95670638354073,0.0,0.0,0.0,3.155922308865512,8.418604651162791,0.6336633663366337,4583.37632169656,43,4.247260808944702
ring,50,3000000.0,10,13,exclude,launch,0,0.0,prior,0.0,asghar_rev,12600.0,43200,898057.1710783215,0,816882.4027626694,81174.76831565218,0,3,0.5944941702880706,3,9.583929771688203,6.503247524774091,8013.97324192218,5981.485618009742,1.3397964575544228,2.056603827989105,334.92349479636897,0.0,0.0,0.11598746081504702,1.288748710689379,1.3739495798319328,0.87,2499.049695436344,476,0.7932064533233643
ring,50,1500000.0,4,14,exclude,launch,0,0.0,prior,0.0,asghar_rev,12600.0,43200,1496475.886577699,0,1090338.0822442174,406137.80433348165,0,0,0.0,0,4.864538549593913,2.8711762889405534,7889.440438978361,6807.993785614915,1.1588495359159272,2.046355023139775,328.4576503349519,0.0,0.0,0.0,1.5801734785644175,1.8058823529411765,0.5565217391304348,5361.121633282249,170,3.428459882736206
ring,50,3000000.0,12,13,exclude,launch,0,0.0,prior,0.0,asghar_rev,12600.0,43200,5942018.743270293,0,5634141.852157243,307876.89111305046,0,39,0.9958024275639189,39,9.583929771688203,11.069463265068693,8013.97324192218,3515.600830844266,2.279545837972065,2.0557195458541764,334.36312784956453,0.0,0.0,0.4418859649122807,0.7363477597489845,0.7602339181286549,0.25,3151.178878299411,684,0.12949776649475098
ring,50,3000000.0,11,13,exclude,launch,0,0.0,prior,0.0,asghar_rev,12600.0,43200,1919573.3343525233,0,1818195.5680083667,101377.76634415667,0,12,0.8917212323801083,12,9.583929771688203,6.595328273601387,8013.97324192218,5893.388255166377,1.3598244159286152,2.058204469131698,335.93900954708954,0.0,0.0,0.10150891632373114,1.2553943716616618,1.3272394881170018,0.7425742574257426,2269.3668008436352,547,0.5269243717193604
paper,50,3000000.0,6,15,exclude,launch,0,0.0,prior,0.0,asghar_rev,12600.0,43200,347306.08472768863,0,229381.15950236804,117924.92522532064,0,0,0.0,0,9.99931808206301,11.733245679601904,7667.212238219762,3397.9269864135567,2.25643819566363,2.006586009932934,303.96461861781137,0.0,0.0,0.11307420494699646,1.8045822820318635,5.64622641509434,0.7960088691796009,1376.044435315804,212,7.678191184997559
ring,50,3000000.0,9,13,exclude,launch,0,0.0,prior,0.0,asghar_rev,12600.0,43200,367639.5965501245,0,312711.93546469125,54927.6610854333,0,0,0.0,0,9.583929771688203,5.747821158651814,8013.97324192218,6865.488741421912,1.167283720614245,2.0272872122647296,316.5957049447919,0.0,0.0,0.0,1.5540309069270049,2.0309278350515463,0.900990099009901,2085.810244277652,388,1.3934848308563232
paper,50,3000000.0,11,15,exclude,launch,0,0.0,prior,0.0,asghar_rev,12600.0,43200,826380.4646680874,0,758142.1465602987,68238.3181077887,0,3,0.8040700974809222,3,9.99931808206301,10.506849278132806,7667.212238219762,3792.6318453545346,2.021607303543335,2.0075981987317117,304.5762390262171,0.0,0.0,0.10216346153846154,1.0848991548357496,2.648475120385233,0.8568232662192393,993.2698739326778,623,7.342272996902466
ring,50,1500000.0,3,13,exclude,launch,0,0.0,prior,0.0,asghar_rev,12600.0,43200,1352878.11488294,0,1087448.148954332,265429.96592860785,0,0,0.0,0,4.791964885844101,2.878965216351566,8013.97324192218,6889.273713593855,1.1632537151353237,2.0167410290588377,310.12869605148745,0.0,0.0,0.0,2.213790719840601,3.6263736263736264,0.48514851485148514,5019.163685548863,91,5.030625581741333
paper,50,3000000.0,12,15,exclude,launch,0,0.0,prior,0.0,asghar_rev,12600.0,43200,1002434.0904232918,0,924078.0705327371,78356.01989055464,0,4,0.824918577821387,4,9.99931808206301,11.622942736368481,7667.212238219762,3427.15247073836,2.237196128180403,2.0083549112652,305.03388812179486,0.0,0.0,0.17916666666666667,0.9416941679945853,2.1902777777777778,0.8471910112359551,1044.6159095911669,720,6.334654331207275
ring,50,3000000.0,12,14,exclude,launch,0,0.0,prior,0.0,asghar_rev,12600.0,43200,6820250.8138209125,0,6356432.301494715,463818.512326198,0,41,0.9971604238034709,41,9.729077099187826,13.230825705248375,7889.440438978361,2956.5035147759763,2.6685036562779696,2.0451475158907533,327.6999989917838,0.0,0.0,0.5299145299145299,0.6201951404226137,0.7108262108262108,0.24561403508771928,3268.5176982039447,702,0.13145160675048828
paper,50,3000000.0,9,15,exclude,launch,0,0.0,prior,0.0,asghar_rev,12600.0,43200,274677.8375592471,0,194997.5303366904,79680.30722255669,0,0,0.0,0,9.99931808206301,11.43323205683624,7667.212238219762,3486.26612889434,2.1992618907298964,2.0070603534408473,304.25116664172134,0.0,0.0,0.14096185737976782,1.1978281036657836,3.3185840707964602,0.8325892857142857,1093.8761962224514,452,8.380284547805786
ring,50,3000000.0,11,14,exclude,launch,0,0.0,prior,0.0,asghar_rev,12600.0,43200,2582704.4345553643,0,2409207.162592069,173497.27196329585,0,15,0.8863990351564587,15,9.729077099187826,5.90468690079116,7889.440438978361,6556.586183008987,1.203284791622718,2.066404500187874,341.16556740628494,0.0,0.0,0.0,1.3863483637455005,1.348314606741573,0.7304347826086957,2274.6773636299417,534,0.6524257659912109
paper,50,3000000.0,10,15,exclude,launch,0,0.0,prior,0.0,asghar_rev,12600.0,43200,488343.61276768206,0,410813.59920831886,77530.01355936323,0,1,0.5228163426369653,1,9.99931808206301,10.50029302390617,7667.212238219762,3794.917940251898,2.0203894679500842,2.0076415669264343,304.6024582193881,0.0,0.0,0.12073863636363637,1.1537247009007385,2.82319391634981,0.8408071748878924,1106.9440883742143,526,8.260376930236816
ring,50,3000000.0,8,13,exclude,launch,0,0.0,prior,0.0,asghar_rev,12600.0,43200,431066.63296799944,0,352222.6752357013,78843.95773229813,0,0,0.0,0,9.583929771688203,5.768071525353254,8013.97324192218,6875.303680332758,1.1656173479066327,2.017285952529483,310.4612127641455,0.0,0.0,0.0,1.6751982778907604,2.59748427672956,0.9207920792079208,2001.2081383524212,318,3.0402379035949707
ring,50,3000000.0,10,14,exclude,launch,0,0.0,prior,0.0,asghar_rev,12600.0,43200,1015275.2990384666,0,855578.9062410223,159696.39279744445,0,3,0.44581055742981474,3,9.729077099187826,6.498296282066133,7889.440438978361,6009.847600050531,1.3127521634512043,2.048457789205539,329.7791207237299,0.0,0.0,0.11496062992125984,1.3016012375396075,1.2757894736842106,0.8695652173913043,2712.4293708896503,475,1.2600998878479004
ring,50,3000000.0,4,13,exclude,launch,0,0.0,prior,0.0,asghar_rev,12600.0,43200,485964.0638733827,0,405631.1688308762,80332.89504250648,0,0,0.0,0,9.583929771688203,5.795411312216597,8013.97324192218,6867.832056167168,1.1668854416330408,2.0099537134463255,306.0019509912068,0.0,0.0,0.0,2.922305336828383,7.032967032967033,0.9108910891089109,2533.827564196681,91,4.4483864307403564
ring,50,1500000.0,3,15,exclude,launch,0,0.0,prior,0.0,asghar_rev,12600.0,43200,1587727.178898746,0,1197486.9688193996,390240.21007934614,0,0,0.0,0,4.905479781257491,2.800747971476634,7820.813005793199,7045.910173704838,1.1099790960975178,2.0269771785006734,316.4046375483612,0.0,0.0,0.0,1.86679808729825,2.5688073394495414,0.3770491803278688,5911.553793019602,109,4.888979196548462
ring,50,1500000.0,2,14,exclude,launch,0,0.0,prior,0.0,asghar_rev,12600.0,43200,1312726.1983813536,0,997893.0664875273,314833.1318938263,0,0,0.0,0,4.864538549593913,2.8906679881560544,7889.440438978361,6842.487803570983,1.153007599788631,2.0223100789726702,313.5353692707323,0.0,0.0,0.0,2.536590019206509,5.4423076923076925,0.46956521739130436,5659.961194771853,52,5.90722393989563
ring,50,3000000.0,12,15,exclude,launch,0,0.0,prior,0.0,asghar_rev,12600.0,43200,7659495.751398876,0,7158125.2437715195,501370.5076273563,0,47,0.9996402706590354,47,9.810959562514983,16.218165598776505,7820.813005793199,2289.292767723454,3.4162572459312255,2.1547005383792515,400.0,0.0,0.0,0.6353305785123967,0.4755224539163734,0.3627586206896552,0.040983606557377046,6247.943501807022,725,0.08218574523925781
ring,50,3000000.0,11,15,exclude,launch,0,0.0,prior,0.0,asghar_rev,12600.0,43200,3473363.027923495,0,3215994.160684705,257368.86723879006,0,21,0.9396760445984563,21,9.810959562514983,7.2567274235142785,7820.813005793199,5266.372819370559,1.4850473511915072,2.093329414082713,358.61076230953444,0.0,0.0,0.20052770448548812,1.1069478248244164,0.9647887323943662,0.5409836065573771,2988.600792898514,568,0.3349459171295166
ring,50,3000000.0,5,13,exclude,launch,0,0.0,prior,0.0,asghar_rev,12600.0,43200,335387.43056607567,0,282962.03519162425,52425.39537445141,0,0,0.0,0,9.583929771688203,5.786366519305054,8013.97324192218,6883.5614642033015,1.1642190287102654,2.008495454232386,305.11892436221575,0.0,0.0,0.0,2.78869213595814,6.916666666666667,0.9306930693069307,1987.0359397362045,120,4.677730560302734
ring,50,3000000.0,6,13,exclude,launch,0,0.0,prior,0.0,asghar_rev,12600.0,43200,295051.38998434437,0,257005.38091112225,38046.00907322212,0,0,0.0,0,9.583929771688203,5.991804117960497,8013.97324192218,6644.543979055676,1.2060983066984121,2.009403709170308,305.6687544260328,0.0,0.0,0.0,2.1803640947249443,4.887096774193548,0.9108910891089109,1829.9479600270788,186,4.472062349319458
paper,50,3000000.0,7,15,exclude,launch,0,0.0,prior,0.0,asghar_rev,12600.0,43200,263598.1451099447,0,187019.85217848746,76578.29293145724,0,0,0.0,0,9.99931808206301,11.026549671262497,7667.212238219762,3615.9996909548763,2.1203575479828327,2.0064205355017384,303.8646882838817,0.0,0.0,0.08753315649867374,1.5823527041590955,4.8546099290780145,0.8193832599118943,1189.132676153641,282,9.746240139007568
paper,50,3000000.0,8,15,exclude,launch,0,0.0,prior,0.0,asghar_rev,12600.0,43200,203181.5761851945,0,149565.39292111772,53616.18326407679,0,0,0.0,0,9.99931808206301,9.799991179686021,7667.212238219762,4068.242617899246,1.8846497021799913,2.0065845181929483,303.9637176797189,0.0,0.0,0.0,1.4741781138594903,4.3829201101928374,0.8603104212860311,1034.2351820551353,363,9.666423559188843
ring,50,3000000.0,7,13,exclude,launch,0,0.0,prior,0.0,asghar_rev,12600.0,43200,243344.9275119966,0,218992.13714021604,24352.790371780535,0,0,0.0,0,9.583929771688203,5.780075289933889,8013.97324192218,6875.341734330337,1.1656108963873555,2.013085414101944,307.90261687983207,0.0,0.0,0.0,1.8411303201856328,3.79296875,0.9702970297029703,1703.112784532266,256,4.44462776184082
ring,50,3000000.0,10,15,exclude,launch,0,0.0,prior,0.0,asghar_rev,12600.0,43200,834932.7282442556,0,722196.6205914031,112736.10765285259,0,2,0.431863598892186,2,9.810959562514983,5.602304975783464,7820.813005793199,6953.847053114015,1.1246742912314913,2.0535160689651697,332.96883227034726,0.0,0.0,0.0,1.496849093749657,1.4244444444444444,0.8442622950819673,2568.5998498340105,450,0.8679018020629883
ring,50,3000000.0,9,14,exclude,launch,0,0.0,prior,0.0,asghar_rev,12600.0,43200,508362.1639536799,0,396164.83625439473,112197.3276992852,0,0,0.0,0,9.729077099187826,6.683484284464299,7889.440438978361,5901.658896327734,1.3368174232989831,2.028210147483907,317.16483221666334,0.0,0.0,0.13345521023765997,1.3420877263175028,1.7002457002457003,0.8869565217391304,2383.80872098142,407,2.5878360271453857
ring,50,3000000.0,9,15,exclude,launch,0,0.0,prior,0.0,asghar_rev,12600.0,43200,499621.6760566813,0,390409.3182352158,109212.35782146554,0,0,0.0,0,9.810959562514983,5.632113583453792,7820.813005793199,7013.503813468964,1.1151078282404085,2.025272868981321,315.3553367607568,0.0,0.0,0.0,1.597440266174036,1.845953002610966,0.8442622950819673,2338.1613883711707,383,1.5675020217895508
ring,50,3000000.0,8,15,exclude,launch,0,0.0,prior,0.0,asghar_rev,12600.0,43200,523782.22042622825,0,423387.21787810314,100395.00254812514,0,0,0.0,0,9.810959562514983,5.67977680260007,7820.813005793199,6989.851268804025,1.118881175726555,2.015072993331373,309.1119545372142,0.0,0.0,0.0,1.738491796677089,2.302250803858521,0.860655737704918,2315.691965898016,311,2.5005695819854736
ring,50,3000000.0,8,14,exclude,launch,0,0.0,prior,0.0,asghar_rev,12600.0,43200,772692.3170232436,0,548297.0020775913,224395.3149456523,0,0,0.0,0,9.729077099187826,6.844531983693286,7889.440438978361,5770.623361361827,1.3671729976008187,2.0254592037697217,315.4699735788096,0.0,0.0,0.15208333333333332,1.3475310130742724,1.6256983240223464,0.8521739130434782,2823.603635560856,358,4.016939640045166
ring,50,1500000.0,3,14,exclude,launch,0,0.0,prior,0.0,asghar_rev,12600.0,43200,1755859.1809969132,0,1380351.7753497395,375507.40564717364,0,0,0.0,0,4.864538549593913,2.882328780161012,7889.440438978361,6860.372179473053,1.1500018122317601,2.0228738303724785,313.8812618582598,0.0,0.0,0.0,1.912109738737545,2.509433962264151,0.43478260869565216,6195.35470402129,106,8.450228214263916
core,50,1500000.0,3,13,exclude,launch,0,0.0,prior,0.0,asghar_rev,12600.0,43200,298335.8768665365,0,255760.98775188922,42574.88911464726,0,0,0.0,0,6.021408737951497,13.509578920064099,6309.630421624802,1472.4627153470603,4.285086716194113,2.010823128825839,306.52901933077777,0.0,0.0,0.0,0.8503872003831898,6.579831932773109,0.9306930693069307,1048.09013333507,238,2.757188081741333
ring,50,1500000.0,2,15,exclude,launch,0,0.0,prior,0.0,asghar_rev,12600.0,43200,1448112.9520474477,0,1125382.995081267,322729.95696618035,0,0,0.0,0,4.905479781257491,2.7396329108007667,7820.813005793199,7236.916247939902,1.0806830890186843,2.017502446482615,310.59336857943185,0.0,0.0,0.0,3.131390103107847,5.72093023255814,0.4180327868852459,6811.549808686692,43,8.150314331054688
ring,50,3000000.0,4,14,exclude,launch,0,0.0,prior,0.0,asghar_rev,12600.0,43200,676786.0882320418,0,518070.9124624865,158715.17576955538,0,0,0.0,0,9.729077099187826,5.778958081575233,7889.440438978361,6876.750076756878,1.1472629295696426,2.013062235890007,307.88852813593826,0.0,0.0,0.0,2.3476106847561495,4.629310344827586,0.8434782608695652,3104.7508834978007,116,5.773515939712524
ring,50,3000000.0,7,15,exclude,launch,0,0.0,prior,0.0,asghar_rev,12600.0,43200,269876.06829288957,0,234798.25899144504,35077.809301444555,0,0,0.0,0,9.810959562514983,5.802106094729659,7820.813005793199,6855.503238115084,1.1408080098790132,2.011245015676882,306.78494451940134,0.0,0.0,0.0,1.9152118348820049,4.040983606557377,0.9098360655737705,1661.3384669018183,244,4.656882047653198
core,50,1500000.0,9,13,exclude,launch,0,0.0,prior,0.0,asghar_rev,12600.0,43200,202015.4928343681,0,185237.7876998692,16777.705134498912,0,1,0.6998501728736124,1,6.021408737951497,15.21609208750674,6309.630421624802,1311.2315900808503,4.811987805476645,2.004829572016805,302.90474063984266,0.0,0.0,0.11400359066427289,0.610979835215974,4.677844311377245,0.97,417.8422719050269,835,4.119998216629028
core,50,1500000.0,10,13,exclude,launch,0,0.0,prior,0.0,asghar_rev,12600.0,43200,190613.53103775423,0,174801.7634545419,15811.767583212328,0,1,0.7417132289274774,1,6.021408737951497,15.762244988786195,6309.630421624802,1265.9588247334798,4.9840723871514205,2.0045751278943618,302.751356275192,0.0,0.0,0.11355034065102196,0.5639672667920521,4.725252525252525,0.98,348.86164442641774,990,3.9876930713653564
ring,50,3000000.0,7,14,exclude,launch,0,0.0,prior,0.0,asghar_rev,12600.0,43200,354655.38764086633,0,300607.18486567447,54048.20277519192,0,0,0.0,0,9.729077099187826,5.6785161312850585,7889.440438978361,6994.390198639816,1.127966872725031,2.014212405018776,308.5880407481909,0.0,0.0,0.0,1.8220133765280389,3.237354085603113,0.9130434782608695,1980.3680279737998,257,6.768035411834717
ring,50,3000000.0,6,14,exclude,launch,0,0.0,prior,0.0,asghar_rev,12600.0,43200,335934.45271443494,0,278962.906737781,56971.545976653935,0,0,0.0,0,9.729077099187826,5.750525133717862,7889.440438978361,6917.680228412888,1.1404748670767082,2.011045970619286,306.6641864116483,0.0,0.0,0.0,2.0762059919648084,4.761658031088083,0.9130434782608695,1805.9083403473394,193,7.272472381591797
ring,50,3000000.0,6,15,exclude,launch,0,0.0,prior,0.0,asghar_rev,12600.0,43200,587599.028830556,0,497914.82189771294,89684.20693284298,0,2,0.44211989991029554,0,9.810959562514983,5.729321249778967,7820.813005793199,6943.878364931737,1.1262888827791389,2.010873301087888,306.5594492556971,0.0,0.0,0.0,2.0600317226124694,4.321428571428571,0.8688524590163934,1953.4839112317916,196,6.275190114974976
core,50,1500000.0,4,13,exclude,launch,0,0.0,prior,0.0,asghar_rev,12600.0,43200,157333.87960097755,0,143948.7406214962,13385.138979481368,0,0,0.0,0,6.021408737951497,11.612965555029717,6309.630421624802,1714.737165357647,3.6796487234874777,2.0087194859801363,305.25450041880913,0.0,0.0,0.0,0.8780765685481153,6.693811074918567,0.9405940594059405,803.9453144093953,307,5.199465274810791
core,50,1500000.0,6,13,exclude,launch,0,0.0,prior,0.0,asghar_rev,12600.0,43200,76841.62821375813,0,74148.44663028012,2693.1815834780045,0,0,0.0,0,6.021408737951497,12.45368765023987,6309.630421624802,1601.7284208385533,3.9392635727357073,2.0052713114769523,303.1711229035775,0.0,0.0,0.0,0.9626562346123599,7.559241706161138,0.9801980198019802,513.3376261034821,422,5.353310823440552
core,50,1500000.0,7,13,exclude,launch,0,0.0,prior,0.0,asghar_rev,12600.0,43200,208272.8806465462,0,191373.20669701617,16899.673949530028,0,1,0.678823748653162,1,6.021408737951497,15.226903788355871,6309.630421624802,1310.3936803592674,4.8150647520635985,2.004687109243941,302.818856244284,0.0,0.024111675126903553,0.030456852791878174,0.7668318057382668,6.408474576271186,0.98,431.1196840413287,590,5.559386491775513
ring,50,3000000.0,5,14,exclude,launch,0,0.0,prior,0.0,asghar_rev,12600.0,43200,391818.1684239439,0,327304.0020625523,64514.16636139162,0,0,0.0,0,9.729077099187826,5.721653247055403,7889.440438978361,6952.837820925262,1.134707962730599,2.0109735258670747,306.6202410012314,0.0,0.0,0.0,2.2907267679773247,5.321917808219178,0.9130434782608695,2127.7926697048133,146,8.148879051208496
core,50,1500000.0,5,13,exclude,launch,0,0.0,prior,0.0,asghar_rev,12600.0,43200,105819.55088891358,0,97871.50343730512,7948.047451608464,0,0,0.0,0,6.021408737951497,12.125841004067423,6309.630421624802,1643.827188023883,3.838378186949132,2.0067439520077186,304.0600154712359,0.0,0.0,0.0,0.8795263993042293,7.37434554973822,0.9702970297029703,581.8052443279884,382,5.725281238555908
core,50,1500000.0,8,13,exclude,launch,0,0.0,prior,0.0,asghar_rev,12600.0,43200,227599.95098256058,0,206834.72206242333,20765.22892013728,0,1,0.6211801758872666,1,6.021408737951497,15.340226322747192,6309.630421624802,1300.213982373385,4.852763089124243,2.0054571740946106,303.28323868149613,0.0,0.0,0.1341077085533263,0.6209268815499528,4.738396624472574,0.95,480.74752692066266,711,5.86074423789978
core,50,1500000.0,2,15,exclude,launch,0,0.0,prior,0.0,asghar_rev,12600.0,43200,417398.8903699309,0,325020.88447715977,92378.00589277117,0,0,0.0,0,5.319559615833122,11.40526958820016,7186.086109009999,1740.9987577775885,4.127565328181594,2.0144475995325823,308.7311796592256,0.0,0.0,0.0,1.2482996386347283,8.302752293577981,0.9180327868852459,1835.9279981911347,109,2.811312675476074
core,50,1500000.0,2,14,exclude,launch,0,0.0,prior,0.0,asghar_rev,12600.0,43200,383257.13408721384,0,309038.71678073844,74218.41730647538,0,0,0.0,0,5.837889455431319,22.917695899877277,6518.4579356475715,867.3216360058224,7.515617811249681,2.012374746198775,307.4707880223101,0.0,0.0,0.0,1.0097544846437385,8.194029850746269,0.9130434782608695,1525.9282641405014,134,5.885033369064331
ring,50,3000000.0,5,15,exclude,launch,0,0.0,prior,0.0,asghar_rev,12600.0,43200,412423.2142690608,0,338540.0142014928,73883.20006756792,0,0,0.0,0,9.810959562514983,5.700654064364218,7820.813005793199,6987.18069718093,1.1193088235071134,2.008460638439417,305.09785778449077,0.0,0.0,0.0,2.7734203196555827,6.008196721311475,0.8934426229508197,2284.7365966823504,122,8.164897203445435
core,50,1500000.0,3,14,exclude,launch,0,0.0,prior,0.0,asghar_rev,12600.0,43200,371709.3610402926,0,307852.19145746034,63857.169582832255,0,0,0.0,0,5.837889455431319,20.26513281106524,6518.4579356475715,981.1527084401262,6.6436731811206675,2.0117496292949646,307.09119371354933,0.0,0.0,0.0,0.4857820447170119,3.4038461538461537,0.9043478260869565,1179.8095383031316,416,6.04925537109375
ring,50,3000000.0,4,15,exclude,launch,0,0.0,prior,0.0,asghar_rev,12600.0,43200,621829.4033567238,0,467323.5418629627,154505.8614937611,0,0,0.0,0,9.810959562514983,5.562118869756394,7820.813005793199,7158.726887098663,1.0924865732603568,2.009157241330877,305.519501319164,0.0,0.0,0.0,3.3070784415435543,6.703703703703703,0.860655737704918,3043.694883733318,81,8.677432537078857
core,50,1500000.0,4,14,exclude,launch,0,0.0,prior,0.0,asghar_rev,12600.0,43200,218751.96521371396,0,194273.09600177908,24478.869211934874,0,0,0.0,0,5.837889455431319,15.33523921986457,6518.4579356475715,1297.8107998666933,5.022656566209131,2.009824112908798,305.9234217036123,0.0,0.0,0.0,0.5527838743933465,3.580246913580247,0.9385964912280702,940.3971773599178,486,5.968216180801392
core,50,1500000.0,3,15,exclude,launch,0,0.0,prior,0.0,asghar_rev,12600.0,43200,389098.13469543937,0,311658.5002091693,77439.63448627006,0,0,0.0,0,5.319559615833122,9.395614294186279,7186.086109009999,2116.1792990905133,3.3957831985684854,2.0117886315858007,307.11487050188,0.0,0.0,0.0,1.0296017945553584,5.61734693877551,0.8852459016393442,1503.6764281470432,196,3.571561336517334
core,50,3000000.0,6,13,exclude,launch,0,0.0,prior,0.0,asghar_rev,12600.0,43200,94194.77562091341,0,88865.4929884362,5329.282632477198,0,0,0.0,0,12.042817475902995,31.846141995936353,6309.630421624802,1252.8315103890122,5.036296077567223,2.0051205677857515,303.0802067357853,0.0,0.0,0.07037037037037037,0.9277244914265413,7.818407960199005,1.0,521.906376350522,402,3.0875327587127686
core,50,3000000.0,7,13,exclude,launch,0,0.0,prior,0.0,asghar_rev,12600.0,43200,75424.8261422652,0,72673.94321863636,2750.882923628845,0,0,0.0,0,12.042817475902995,25.354832977605376,6309.630421624802,1573.964489364564,4.008750174644732,2.004630358321424,302.78464705830993,0.0,0.0,0.026194144838212634,0.9483172154518382,7.60248447204969,0.9702970297029703,447.10145779056603,483,2.8874475955963135
core,50,3000000.0,8,13,exclude,launch,0,0.0,prior,0.0,asghar_rev,12600.0,43200,87534.1992668629,0,83205.22527725836,4328.973989604536,0,0,0.0,0,12.042817475902995,27.639700942930297,6309.630421624802,1443.2203380350359,4.37191068843684,2.005506190545229,303.3128097674335,0.0,0.0,0.1701863354037267,0.7177310339038675,5.433774834437086,0.9900990099009901,500.19001634325167,604,2.906423807144165
core,50,1500000.0,7,14,exclude,launch,0,0.0,prior,0.0,asghar_rev,12600.0,43200,187075.94227098895,0,183691.93833668405,3384.003934304904,0,1,0.6302433296595156,1,5.837889455431319,15.48564119692857,6518.4579356475715,1288.0550629930642,5.060698197560418,2.0053785709782277,303.235821294667,0.0,0.0,0.0,0.5726634622537604,4.974452554744525,0.956140350877193,400.3676443769012,822,5.938258409500122
core,50,1500000.0,5,14,exclude,launch,0,0.0,prior,0.0,asghar_rev,12600.0,43200,117240.79215394576,0,109105.24274525046,8135.549408695307,0,0,0.0,0,5.837889455431319,15.593864773249955,6518.4579356475715,1278.038828756092,5.1003598552572535,2.007068426288177,304.2560445679636,0.0,0.0,0.0,0.6270191955430879,4.835205992509363,0.956140350877193,633.7815535086282,534,7.1836020946502686
core,50,1500000.0,6,14,exclude,launch,0,0.0,prior,0.0,asghar_rev,12600.0,43200,202470.35407593966,0,196832.0907389814,5638.263336958243,0,1,0.5823240903299731,1,5.837889455431319,19.78447812944208,6518.4579356475715,1008.2720485371026,6.464979312979243,2.0051998549066083,303.12802449128,0.0,0.0,0.004434589800443459,0.5907151770892254,5.124260355029586,0.9736842105263158,470.9952954194192,676,6.659026861190796
core,50,3000000.0,9,13,exclude,launch,0,0.0,prior,0.0,asghar_rev,12600.0,43200,71216.66310274365,0,67932.43382635724,3284.229276386417,0,0,0.0,0,12.042817475902995,25.39260976633289,6309.630421624802,1571.234858599071,4.015714383558504,2.005125420609866,303.0831333468481,0.0,0.0,0.1299897645854657,0.6977397159098155,5.187414500683994,0.9801980198019802,432.1177858392818,731,4.867759704589844
core,50,3000000.0,11,13,exclude,launch,0,0.0,prior,0.0,asghar_rev,12600.0,43200,61703.77807044559,0,59664.05462200557,2039.723448440019,0,0,0.0,0,12.042817475902995,30.8875567016532,6309.630421624802,1292.4346672341528,4.881972436662962,2.0040005327879937,302.4051209515727,0.0,0.0,0.1729957805907173,0.6575152018337743,4.832584269662921,0.9801980198019802,382.9274766309948,890,4.819899797439575
core,50,1500000.0,8,14,exclude,launch,0,0.0,prior,0.0,asghar_rev,12600.0,43200,229515.52935852308,0,220429.80343639004,9085.72592213303,0,1,0.5137053910277407,1,5.837889455431319,17.908664715248676,6518.4579356475715,1113.6208353663153,5.853390784937483,2.0056698118967042,303.41153116810574,0.0,0.0,0.06360946745562131,0.4638059841134895,3.2746062992125986,0.9649122807017544,490.46291199844836,1016,8.348329544067383
core,50,1500000.0,5,15,exclude,launch,0,0.0,prior,0.0,asghar_rev,12600.0,43200,132920.9264275124,0,121524.97259647261,11395.953831039793,0,0,0.0,0,5.319559615833122,8.947488823497421,7186.086109009999,2227.58218644277,3.225957790803433,2.0068970311178527,304.15248938218366,0.0,0.0,0.0,1.115914975036865,6.976666666666667,0.9508196721311475,781.6151824180566,300,7.09991717338562
core,50,3000000.0,15,13,exclude,launch,0,0.0,prior,0.0,asghar_rev,12600.0,43200,187803.4923531343,0,171957.0952244632,15846.397128671091,0,1,0.7528112273729022,1,12.042817475902995,33.521610314752785,6309.630421624802,1191.1989701367522,5.296873637240001,2.0034605932971656,302.07994869009,0.0,0.0,0.22304620650313747,0.5479370449575409,3.984744469870328,0.98,313.78998525721886,1311,4.29957389831543
core,50,1500000.0,6,15,exclude,launch,0,0.0,prior,0.0,asghar_rev,12600.0,43200,210463.2250944039,0,194527.90653875063,15935.318555653263,0,1,0.5484129637711193,1,5.319559615833122,11.225203820813826,7186.086109009999,1776.705362102067,4.044613283829993,2.005627809772263,303.3861875362077,0.0,0.0,0.01757469244288225,0.9275711621125933,6.456264775413712,0.9508196721311475,596.8503861761994,423,7.04472541809082
core,50,3000000.0,12,13,exclude,launch,0,0.0,prior,0.0,asghar_rev,12600.0,43200,64535.91780451911,0,62368.680159831834,2167.237644687274,0,0,0.0,0,12.042817475902995,31.25425800730633,6309.630421624802,1277.0961005796614,4.940607381669181,2.004274565086792,302.5702206240798,0.0,0.0,0.22602739726027396,0.5946477891308872,4.212028542303772,0.9900990099009901,398.99558240238156,981,5.462433338165283
core,50,3000000.0,10,13,exclude,launch,0,0.0,prior,0.0,asghar_rev,12600.0,43200,66678.28117121909,0,64149.462252077596,2528.8189191414913,0,0,0.0,0,12.042817475902995,26.93404665114687,6309.630421624802,1481.7043224173913,4.2583600021701224,2.004595869636187,302.7638583870261,0.0,0.0,0.15819209039548024,0.6894567256291213,5.074401008827238,0.9900990099009901,408.63346052131675,793,6.025274276733398
core,50,1500000.0,4,15,exclude,launch,0,0.0,prior,0.0,asghar_rev,12600.0,43200,186164.5617369589,0,166466.941298492,19697.620438466885,0,0,0.0,0,5.319559615833122,8.708050928053575,7186.086109009999,2285.9934060979413,3.143528800144806,2.0093891721650623,305.6599502652208,0.0,0.0,0.0,1.0280823517034658,6.17490494296578,0.9590163934426229,1012.9596345947681,263,7.640303611755371
core,50,3000000.0,13,13,exclude,launch,0,0.0,prior,0.0,asghar_rev,12600.0,43200,203057.51576410295,0,186589.80309761962,16467.712666483327,0,1,0.6962587769837855,1,12.042817475902995,32.28695933390912,6309.630421624802,1236.3969809790892,5.10323991298351,2.0040331645679474,302.42477866569806,0.0,0.0,0.17297297297297298,0.5286844990916115,3.5434782608695654,0.98,372.82702705893763,1242,5.219992160797119
core,50,1500000.0,8,15,exclude,launch,0,0.0,prior,0.0,asghar_rev,12600.0,43200,204972.42889779797,0,190425.86506643263,14546.563831365338,0,1,0.5631038362549781,1,5.319559615833122,13.072039509761163,7186.086109009999,1525.6398412262104,4.710211358425386,2.0056937350773296,303.42596663213686,0.0,0.0,0.12568306010928962,0.6572862176592275,4.533527696793003,0.9590163934426229,526.4997587820212,686,7.148195743560791
core,50,3000000.0,14,13,exclude,launch,0,0.0,prior,0.0,asghar_rev,12600.0,43200,184526.82063760006,0,168870.30555313345,15656.515084466608,0,1,0.7661790144910362,1,12.042817475902995,31.149133696758724,6309.630421624802,1281.7206715328678,4.922781196997337,2.0037827129788193,302.27392046253544,0.0,0.0,0.18563922942206654,0.5468542102077567,4.2345582486317435,0.98,301.2411053752771,1279,5.70504355430603
core,50,1500000.0,7,15,exclude,launch,0,0.0,prior,0.0,asghar_rev,12600.0,43200,183555.53137490514,0,170813.42048479102,12742.110890114138,0,1,0.6288056817155185,1,5.319559615833122,11.457333551044638,7186.086109009999,1741.272091321027,4.12691740987948,2.0049788483479682,302.9947456880426,0.0,0.0,0.0,0.8412579015407219,6.4919499105545615,0.9672131147540983,450.5894062039255,559,7.617663621902466
core,50,3000000.0,6,14,exclude,launch,0,0.0,prior,0.0,asghar_rev,12600.0,43200,120289.72088396207,0,109756.20596936611,10533.514914595962,0,0,0.0,0,11.675778910862638,43.23662189169853,6518.4579356475715,922.8359481534283,7.063506735613023,2.004997005999483,303.0056946203773,0.0,0.0,0.022304832713754646,0.6426608294281091,4.96039603960396,0.9565217391304348,550.5221654418539,606,4.184540271759033
core,50,1500000.0,9,14,exclude,launch,0,0.0,prior,0.0,asghar_rev,12600.0,43200,185779.6149630343,0,182588.06134288615,3191.553620148172,0,1,0.6346410222645762,1,5.837889455431319,18.397798854372297,6518.4579356475715,1084.5187869840818,6.010461057825131,2.00473533554639,302.84792834865505,0.0,0.0,0.05702917771883289,0.4766907716846747,3.8174603174603177,0.9649122807017544,377.55449896502216,1134,9.680548667907715
core,50,3000000.0,5,14,exclude,launch,0,0.0,prior,0.0,asghar_rev,12600.0,43200,129598.28337518703,0,118704.3581451343,10893.92523005274,0,0,0.0,0,11.675778910862638,43.15428851585873,6518.4579356475715,924.1498097142794,7.05346456508268,2.005966369831045,303.59050116931496,0.0,0.0,0.011594202898550725,0.6337513210906386,5.184108527131783,0.9824561403508771,610.5587973083743,516,4.390865087509155
core,50,3000000.0,16,13,exclude,launch,0,0.0,prior,0.0,asghar_rev,12600.0,43200,193368.83305906932,0,177413.1538120678,15955.679247001532,0,1,0.7311445973306998,1,12.042817475902995,36.570362531746675,6309.630421624802,1091.7767985014837,5.779231094015804,2.0036730670974876,302.20788768506327,0.0,0.0,0.22983479105928087,0.46640510691593523,3.3410852713178296,0.98,316.6507823942137,1548,5.876371622085571
core,50,3000000.0,7,14,exclude,launch,0,0.0,prior,0.0,asghar_rev,12600.0,43200,85297.35121032751,0,80983.13797832698,4314.213232000531,0,0,0.0,0,11.675778910862638,29.816443913326466,6518.4579356475715,1338.2343366377577,4.870939085321073,2.00494273312895,302.9729690606052,0.0,0.0,0.010135135135135136,0.695895144462251,5.911544227886057,0.9652173913043478,416.28329935581013,667,4.561936378479004
core,50,3000000.0,18,13,exclude,launch,0,0.0,prior,0.0,asghar_rev,12600.0,43200,181355.9988185875,0,165733.72857560223,15622.270242985294,0,1,0.779574861070382,1,12.042817475902995,31.638573728922683,6309.630421624802,1262.0826688670538,4.99937965813985,2.003481270545752,302.092398100835,0.0,0.0,0.194675540765391,0.47849913464155264,3.3878453038674032,0.98,266.4924524743165,1810,5.338671922683716
core,50,3000000.0,17,13,exclude,launch,0,0.0,prior,0.0,asghar_rev,12600.0,43200,186350.251274376,0,170669.2980059181,15680.953268457914,0,1,0.7586819798547847,1,12.042817475902995,33.76541396669808,6309.630421624802,1182.4512485556968,5.336059672085162,2.003709070723713,302.2295695959179,0.0,0.0,0.21244444444444444,0.4625604067518872,3.3154796939376103,0.98,290.8333652792781,1699,6.372739315032959
core,50,3000000.0,19,13,exclude,launch,0,0.0,prior,0.0,asghar_rev,12600.0,43200,179795.1133547015,0,164370.5316094688,15424.581745232688,0,1,0.7863427150234243,1,12.042817475902995,31.062406421499126,6309.630421624802,1285.572582275512,4.908031260636033,2.003356722604721,302.01741383882603,0.0,0.0,0.1768525592055004,0.47258370261597576,3.2025380710659896,0.98,258.86440188562074,1970,5.959909439086914
core,50,3000000.0,8,14,exclude,launch,0,0.0,prior,0.0,asghar_rev,12600.0,43200,123267.29354677013,0,113266.22219698362,10001.07134978651,0,0,0.0,0,11.675778910862638,31.982955087081866,6518.4579356475715,1247.1162087827356,5.226824805693127,2.0056930748584003,303.425568245443,0.0,0.0,0.07226890756302522,0.5287573114759078,3.5675977653631286,0.9652173913043478,514.7408917111711,895,6.932144641876221
core,50,3000000.0,6,15,exclude,launch,0,0.0,prior,0.0,asghar_rev,12600.0,43200,112015.9344483125,0,103350.83442530491,8665.100023007602,0,0,0.0,0,10.639119231666244,24.762740778756474,7186.086109009999,1611.1567077668697,4.460203079171742,2.005180589162742,303.1164050488671,0.0,0.0,0.05496828752642706,1.0994374942377207,7.7645348837209305,0.9754098360655737,607.3524611651052,344,3.7506020069122314
core,50,3000000.0,5,15,exclude,launch,0,0.0,prior,0.0,asghar_rev,12600.0,43200,122342.62783967431,0,111358.06435155413,10984.563488120175,0,0,0.0,0,10.639119231666244,24.619161465970056,7186.086109009999,1620.037172922102,4.435753838937087,2.0058190444699635,303.50158506554124,0.0,0.0,0.01856763925729443,1.1698198137442062,8.613475177304965,0.9508196721311475,686.0298774049086,282,5.128647804260254
core,50,3000000.0,7,15,exclude,launch,0,0.0,prior,0.0,asghar_rev,12600.0,43200,85803.55389359154,0,79895.33697543413,5908.216918157407,0,0,0.0,0,10.639119231666244,19.20006039387033,7186.086109009999,2077.979277112325,3.4582087454674633,2.0051468300441577,303.0960449843455,0.0,0.0,0.037800687285223365,1.0394905975170892,7.560919540229885,0.9754098360655737,497.25366179658255,435,4.839836120605469
core,50,3000000.0,14,14,exclude,launch,0,0.0,prior,0.0,asghar_rev,12600.0,43200,176380.0821974421,0,174254.57517867885,2125.5070187632255,0,1,0.6684618993661503,1,11.675778910862638,39.40191751790479,6518.4579356475715,1013.4115548997258,6.4321922363442505,2.00348814810431,302.0965390157454,0.0,0.0,0.14136125654450263,0.4557249775709898,3.394151303242212,0.9736842105263158,306.7772206785263,1573,5.806856155395508
core,50,3000000.0,11,14,exclude,launch,0,0.0,prior,0.0,asghar_rev,12600.0,43200,68215.88706998929,0,65355.10867907836,2860.7783909109194,0,0,0.0,0,11.675778910862638,32.4576133008603,6518.4579356475715,1230.0153010887802,5.2994933720560935,2.003839306170896,302.30800578409986,0.0,0.0,0.08010505581089954,0.5682992211901079,4.378165938864629,0.9565217391304348,326.89287914218096,1145,6.906709909439087
core,50,3000000.0,12,14,exclude,launch,0,0.0,prior,0.0,asghar_rev,12600.0,43200,194283.74363537112,0,189723.94557794853,4559.798057422591,0,1,0.6068617093221093,1,11.675778910862638,49.82052643683371,6518.4579356475715,801.2569605145238,8.13529024629224,2.0040560298404326,302.4385533176795,0.0,0.0,0.16326530612244897,0.3962212393735857,3.1883252258512855,0.9649122807017544,356.3492214413129,1439,6.699123382568359
core,50,3000000.0,9,14,exclude,launch,0,0.0,prior,0.0,asghar_rev,12600.0,43200,102360.1092445,0,96406.37943180405,5953.729812695945,0,0,0.0,0,11.675778910862638,30.910425658104728,6518.4579356475715,1290.8630487897344,5.049689772868653,2.004955935069912,302.9809294296722,0.0,0.0,0.07193119624706802,0.5563340337673817,3.783419689119171,0.9739130434782609,448.5777341468767,965,7.733269214630127
core,50,3000000.0,10,14,exclude,launch,0,0.0,prior,0.0,asghar_rev,12600.0,43200,79500.85840496898,0,75301.60190400036,4199.256500968629,0,0,0.0,0,11.675778910862638,31.180715687159285,6518.4579356475715,1280.1388046525906,5.0919930807164135,2.004226708295096,302.5413844959611,0.0,0.0,0.0681981335247667,0.5790809453258343,4.078319006685769,0.9739130434782609,384.15842774295646,1047,7.520022392272949
core,50,3000000.0,8,15,exclude,launch,0,0.0,prior,0.0,asghar_rev,12600.0,43200,96609.56222537268,0,90672.8269022498,5936.735323122875,0,0,0.0,0,10.639119231666244,21.27273695161578,7186.086109009999,1874.9366304357977,3.8327087925844796,2.0057648821630316,303.4688994577249,0.0,0.0,0.17647058823529413,0.8299027559297752,5.471135940409684,0.9672131147540983,560.2357483694078,537,6.1282408237457275
core,50,3000000.0,17,14,exclude,launch,0,0.0,prior,0.0,asghar_rev,12600.0,43200,170445.99776246754,0,168549.8336245863,1896.1641378812292,0,1,0.6917344279351735,1,11.675778910862638,39.74051311823825,6518.4579356475715,1004.8400837273915,6.487060021996494,2.0033626176542523,302.02096275179804,0.0,0.0,0.1716589861751152,0.4141662207621964,3.110997442455243,0.9736842105263158,269.0837445580219,1955,7.249286651611328
core,50,3000000.0,13,14,exclude,launch,0,0.0,prior,0.0,asghar_rev,12600.0,43200,176233.46569025496,0,174024.20537450296,2209.2603157520048,0,1,0.6690180227362996,1,11.675778910862638,38.28304567251722,6518.4579356475715,1042.744227718503,6.251252955779757,2.004036887090022,302.4270211912264,0.0,0.0,0.13654223968565815,0.43436463411203946,3.4830729166666665,0.9565217391304348,307.18867638481265,1536,7.632178783416748
core,50,3000000.0,15,14,exclude,launch,0,0.0,prior,0.0,asghar_rev,12600.0,43200,176766.8752528133,0,174054.6140975034,2712.2611553099073,0,1,0.6669992021267204,1,11.675778910862638,42.50597202176504,6518.4579356475715,939.3537572299201,6.939300434449731,2.0035992394589295,302.1634300327626,0.0,0.0,0.18360805860805862,0.42645133370750954,3.3290203327171906,0.9739130434782609,303.13536305382144,1623,7.5002121925354
core,50,3000000.0,18,14,exclude,launch,0,0.0,prior,0.0,asghar_rev,12600.0,43200,173033.86764798817,0,170755.0105707462,2278.8570772419753,0,1,0.681388946329954,1,11.675778910862638,42.26917449306924,6518.4579356475715,944.7750465595536,6.899481479093746,2.003262247477848,301.9605411642907,0.0,0.0,0.18711545421643141,0.3961869768994406,2.827769714562167,0.9912280701754386,280.3350313196898,2067,7.570826292037964
core,50,3000000.0,12,15,exclude,launch,0,0.0,prior,0.0,asghar_rev,12600.0,43200,190805.3413778822,0,177595.8353646033,13209.506013278895,0,1,0.6049136790686873,1,10.639119231666244,30.422284631088647,7186.086109009999,1311.874011541647,5.477725792102002,2.0044998727367402,302.70599829843826,0.0,0.0,0.2576112412177986,0.581226161128438,3.8409563409563408,0.9508196721311475,441.93755203067013,962,6.222445249557495
core,50,3000000.0,16,14,exclude,launch,0,0.0,prior,0.0,asghar_rev,12600.0,43200,177032.84712306564,0,174619.95923754244,2412.887885523202,0,1,0.6659971111129357,1,11.675778910862638,42.23883369326157,6518.4579356475715,945.3254032194781,6.895464687024991,2.003534109318461,302.1242125696792,0.0,0.0,0.19153394803017604,0.4101869244330665,3.1494701617401004,0.9736842105263158,289.75041910441564,1793,7.8928749561309814
core,50,3000000.0,11,15,exclude,launch,0,0.0,prior,0.0,asghar_rev,12600.0,43200,177162.23380736104,0,164717.3215945453,12444.91221281572,0,1,0.6514975486499819,1,10.639119231666244,30.84295957399625,7186.086109009999,1294.556773678294,5.551001126502769,2.003608386662466,302.16893813377135,0.0,0.0,0.15789473684210525,0.6894575185548789,5.296803652968037,0.9590163934426229,354.6969623473374,876,6.676101207733154
core,50,3000000.0,10,15,exclude,launch,0,0.0,prior,0.0,asghar_rev,12600.0,43200,77253.62718551996,0,73553.9574182223,3699.669767297667,0,0,0.0,0,10.639119231666244,21.691501245167625,7186.086109009999,1839.4750065310595,3.9065962209303122,2.0049635682776783,302.985532069621,0.0,0.0,0.16735966735966737,0.7635817318017619,4.891515994436718,0.9836065573770492,468.41871338161843,719,7.393260955810547
core,50,3000000.0,9,15,exclude,launch,0,0.0,prior,0.0,asghar_rev,12600.0,43200,82532.2123621784,0,78995.37000141513,3536.8423607632635,0,0,0.0,0,10.639119231666244,20.554246669316864,7186.086109009999,1940.7941326465618,3.7026524287821814,2.0054366717965344,303.27087029798747,0.0,0.0,0.13683010262257697,0.7834644214193343,5.007621951219512,0.9672131147540983,501.34624776877365,656,7.974954128265381
core,50,3000000.0,15,15,exclude,launch,0,0.0,prior,0.0,asghar_rev,12600.0,43200,169476.0093038212,0,157392.9347088552,12083.07459496599,0,1,0.6810448364519579,1,10.639119231666244,28.75743986215398,7186.086109009999,1388.4295998721827,5.175693538708439,2.003622513380942,302.17744480952393,0.0,0.0,0.212603062426384,0.5788091952314753,3.841106719367589,0.9508196721311475,336.56133766761974,1265,6.845914363861084
core,50,3000000.0,13,15,exclude,launch,0,0.0,prior,0.0,asghar_rev,12600.0,43200,179391.15628098874,0,167095.83571070468,12295.320570284055,0,1,0.6434027375243739,1,10.639119231666244,28.347883575591453,7186.086109009999,1408.1155144283352,5.103335653486778,2.004153876262756,302.49750216405545,0.0,0.0,0.21541637990364762,0.5880893207121897,3.8682027649769584,0.9590163934426229,388.1600511273437,1085,7.779164552688599
core,50,3000000.0,14,15,exclude,launch,0,0.0,prior,0.0,asghar_rev,12600.0,43200,173946.38648384562,0,161312.14276222087,12634.243721624758,0,1,0.6635421601561677,1,10.639119231666244,28.03262224536809,7186.086109009999,1424.0219345083506,5.046331053524836,2.0040547559308983,302.43778587223693,0.0,0.0,0.21758380771663505,0.5745883122182547,3.863559322033898,0.9754098360655737,358.8523414038934,1180,7.527759552001953
core,50,3000000.0,16,15,exclude,launch,0,0.0,prior,0.0,asghar_rev,12600.0,43200,168951.60394959635,0,156976.6009291315,11975.003020464836,0,1,0.6831587172932919,1,10.639119231666244,31.10586263110671,7186.086109009999,1283.6405573858985,5.598207432495185,2.003569015301794,302.14523054214374,0.0,0.0,0.2090080971659919,0.5169792753873804,3.4755197853789404,0.9672131147540983,315.7790804258172,1491,7.679443120956421
