layout,M,Emax,K,seed,coord,replan,divert,q,belief,tau,planner,L,Th,J,n_diverts,J_age,J_event,n_replans,n_never,share_never,n_reach_inf,K_reach_i,K_commute_i,r_max,r_c,rmax_over_rc,regime_bnd,P_bar,dup_frac,trunc_frac,empty_frac,T_s_over_t_c,mean_n,catch_rate,T_rev,n_sorties,secs,depot_x,depot_y
paper,100,1500000.0,1,1,exclude,launch,0,0.0,prior,0.0,cluster_patrol,12600.0,43200.0,3397259.639096798,0,1958333.0567806612,1438926.5823161367,0,0,0.0,0,3.2016736478980556,3.2759716759524116,12160.132397085683,5962.899132696588,2.03929869120334,2.04768142241623,329.29090886282825,0.0,0.08333333333333333,0.0,7.566362139215796,48.22222222222222,0.3224043715846995,7564.067822954228,9,0.0859994888305664,0.1,0.5
paper,100,1500000.0,1,2,exclude,launch,0,0.0,prior,0.0,cluster_patrol,12600.0,43200.0,3921521.9921188233,0,2230288.3892169474,1691233.6029018762,0,0,0.0,0,3.117753420943041,3.53012254419805,12496.417644183362,5540.005340440617,2.255668880490551,2.045314165718835,327.80451151573914,0.0,0.08333333333333333,0.0,7.582975462805572,45.44444444444444,0.3133841131664853,8044.042619282917,9,0.07384037971496582,0.1,0.5
paper,100,1500000.0,2,1,exclude,launch,0,0.0,prior,0.0,cluster_patrol,12600.0,43200.0,1915081.9710968342,0,1035318.5036391,879763.4674577342,0,0,0.0,0,3.2016736478980556,3.1466515339044228,12160.132397085683,6258.863011580526,1.9428660404591491,2.0310279225948533,318.9055731510777,0.0,0.02127659574468085,0.0,3.8822796411443035,23.428571428571427,0.5842332613390929,4071.055362452239,35,0.1128385066986084,0.1,0.5
paper,100,1500000.0,3,2,exclude,launch,0,0.0,prior,0.0,cluster_patrol,12600.0,43200.0,2178159.9289368177,0,1231211.0443477894,946948.8845890281,0,0,0.0,0,3.117753420943041,2.7906690978957887,12496.417644183362,7052.603933495688,1.7718870593076674,2.0323670862838483,319.73454025266074,0.0,0.0,0.0,2.5778860776085826,11.333333333333334,0.5573770491803278,3732.5049095042978,78,0.10683560371398926,0.1,0.5
paper,100,1500000.0,1,3,exclude,launch,0,0.0,prior,0.0,cluster_patrol,12600.0,43200.0,3459562.2940679127,0,2011639.4299925352,1447922.8640753774,0,0,0.0,0,3.3299245909325217,3.0157344934188313,11678.950701242442,6480.117203749823,1.8022746092438315,2.0468406199300144,328.7625850606372,0.0,0.08333333333333333,0.0,7.566114663055575,50.55555555555556,0.3354978354978355,7214.721017750464,9,0.0888376235961914,0.1,0.5
paper,100,1500000.0,2,2,exclude,launch,0,0.0,prior,0.0,cluster_patrol,12600.0,43200.0,2089894.940329933,0,1159122.724245886,930772.2160840471,0,0,0.0,0,3.117753420943041,3.4604839633566566,12496.417644183362,5696.27073209634,2.193789275810006,2.029235858551787,317.79793575865034,0.0,0.02127659574468085,0.0,3.8952195122461184,23.057142857142857,0.5701849836779108,4166.630531377881,35,0.11283731460571289,0.1,0.5
paper,100,1500000.0,3,1,exclude,launch,0,0.0,prior,0.0,cluster_patrol,12600.0,43200.0,1463733.597685553,0,862948.1509016735,600785.4467838794,0,0,0.0,0,3.2016736478980556,3.5455319183754477,12160.132397085683,5569.273531579997,2.1834324222239925,2.0257229266551153,315.6322566797805,0.0,0.018867924528301886,0.0,2.5583583091437,14.189873417721518,0.6054347826086957,2986.795652133907,79,0.14183688163757324,0.1,0.5
paper,100,1500000.0,5,1,exclude,launch,0,0.0,prior,0.0,cluster_patrol,12600.0,43200.0,3667883.4110923107,0,2707790.5704848547,960092.8406074564,0,13,0.5551692205122909,16,3.2016736478980556,4.923058034822255,12160.132397085683,3993.9117492368637,3.0446672737346234,2.034354207919221,320.9665882320596,0.0,0.0,0.2795031055900621,1.119869852919842,3.3941908713692945,0.5032894736842105,4017.5046981599708,241,0.1338362693786621,0.1,0.5
paper,100,1500000.0,4,1,exclude,launch,0,0.0,prior,0.0,cluster_patrol,12600.0,43200.0,2035252.1822220879,0,1298585.0254785006,736667.1567435872,0,3,0.2195420305648052,3,3.2016736478980556,3.399095880227934,12160.132397085683,5807.625796929583,2.0938216101172684,2.0262729673150353,315.9708610324822,0.0,0.0106951871657754,0.0,1.930940048535681,7.446043165467626,0.5958605664488017,3172.076312392576,139,0.1468372344970703,0.1,0.5
paper,100,1500000.0,1,4,exclude,launch,0,0.0,prior,0.0,cluster_patrol,12600.0,43200.0,4216895.6268481575,0,2297856.5922102584,1919039.0346378996,0,0,0.0,0,3.292092011563452,3.2633549200786636,11816.995351132427,5986.867494632674,1.9738194242191864,2.0473685855564696,329.094286203168,0.0,0.08333333333333333,0.0,7.578771506827463,47.333333333333336,0.30349794238683125,7718.7546188563865,9,0.07799959182739258,0.1,0.5
paper,100,1500000.0,1,5,exclude,launch,0,0.0,prior,0.0,cluster_patrol,12600.0,43200.0,3670015.1641723677,0,2081183.2147312164,1588831.949441151,0,0,0.0,0,3.2062187004151816,3.265523371536956,12142.421983925684,5980.801641604762,2.0302331880492934,2.0480841473625055,329.544113985777,0.0,0.08333333333333333,0.0,7.577546172116427,47.55555555555556,0.32441113490364026,7681.443536500651,9,0.05699944496154785,0.1,0.5
paper,100,1500000.0,3,4,exclude,launch,0,0.0,prior,0.0,cluster_patrol,12600.0,43200.0,2958527.3297949582,0,1675042.0553580222,1283485.2744369358,0,0,0.0,0,3.292092011563452,2.6358082721180436,11816.995351132427,7461.892667914168,1.5836458492555143,2.033748177957041,320.5905886288507,0.0,0.0,0.0,2.5965826837575396,9.551282051282051,0.4702258726899384,4434.681752950663,78,0.08699727058410645,0.1,0.5
paper,100,1500000.0,4,2,exclude,launch,0,0.0,prior,0.0,cluster_patrol,12600.0,43200.0,2811503.1412167447,0,1946762.1125859604,864741.0286307844,0,5,0.34529071554345053,6,3.117753420943041,3.298175035679405,12496.417644183362,5985.19148007793,2.0878893659089175,2.026320985256286,316.0004294332301,0.0,0.0055248618784530384,0.0,1.994930123534299,8.518518518518519,0.5681818181818182,2893.8530138421065,135,0.14783740043640137,0.1,0.5
paper,100,1500000.0,2,3,exclude,launch,0,0.0,prior,0.0,cluster_patrol,12600.0,43200.0,2034442.0720763984,0,1131910.1657016263,902531.906374772,0,0,0.0,0,3.3299245909325217,3.1800057496972345,11678.950701242442,6197.544620898944,1.8844480218600552,2.029609204695328,318.0285343180036,0.0,0.14893617021276595,0.0,3.8954427367305455,25.714285714285715,0.5380549682875264,3727.987778160524,35,0.11783719062805176,0.1,0.5
paper,100,1500000.0,5,2,exclude,launch,0,0.0,prior,0.0,cluster_patrol,12600.0,43200.0,4456473.871143606,0,3507556.856367146,948917.0147764598,0,17,0.7098243877891856,21,3.117753420943041,3.5721017785476112,12496.417644183362,5520.142835431793,2.2637851984505533,2.0285506288854034,317.37491885416773,0.0,0.0,0.0,1.5191150806903473,4.761261261261262,0.5589519650655022,3113.2673982033803,222,0.15083813667297363,0.1,0.5
paper,100,1500000.0,2,4,exclude,launch,0,0.0,prior,0.0,cluster_patrol,12600.0,43200.0,2610944.2349620643,0,1332738.7191393774,1278205.515822687,0,0,0.0,0,3.292092011563452,2.640966440426123,11816.995351132427,7446.414527881734,1.586937620365594,2.0339950884692417,320.7437528935547,0.0,0.02127659574468085,0.0,3.8803544433090393,21.02857142857143,0.5156723963599595,4565.680116450424,35,0.10000061988830566,0.1,0.5
paper,100,1500000.0,1,6,exclude,launch,0,0.0,prior,0.0,cluster_patrol,12600.0,43200.0,3633018.750432177,0,2126597.180788138,1506421.5696440388,0,0,0.0,0,3.5572092847144674,4.410917811298061,10911.436596814521,4430.715816782657,2.4626803090110636,2.046713858053282,328.6829701922359,0.0,0.08333333333333333,0.0,7.5579299969858855,49.44444444444444,0.3279742765273312,7368.86965191971,9,0.055001020431518555,0.1,0.5
paper,100,1500000.0,4,4,exclude,launch,0,0.0,prior,0.0,cluster_patrol,12600.0,43200.0,5270333.685751257,0,3916075.6868491815,1354257.9989020752,0,17,0.5966143529108358,17,3.292092011563452,2.8113521309750276,11816.995351132427,6991.140866855574,1.6902813970114425,2.035151257272311,321.46143762973384,0.0,0.0,0.0053475935828877,1.9193409880245005,4.841726618705036,0.4436401240951396,4830.123302186793,139,0.10199832916259766,0.1,0.5
paper,100,1500000.0,5,4,exclude,launch,0,0.0,prior,0.0,cluster_patrol,12600.0,43200.0,9672690.84672033,0,7733556.390985032,1939134.4557352979,0,44,0.8184360987753798,49,3.292092011563452,4.475162914245842,11816.995351132427,4405.21318961721,2.6825024902277796,2.0290101072494044,317.6585402464292,0.0,0.0,0.28213166144200624,1.1312250230106895,2.01673640167364,0.24462640736949848,6796.028186686789,239,0.10299897193908691,0.1,0.5
paper,100,1500000.0,3,3,exclude,launch,0,0.0,prior,0.0,cluster_patrol,12600.0,43200.0,1532991.019840186,0,869429.7319161727,663561.2879240133,0,0,0.0,0,3.3299245909325217,3.30500182903057,11678.950701242442,5974.615879502266,1.9547617682520193,2.0257147871738113,315.62724738810493,0.0,0.018691588785046728,0.0,2.548573500780867,13.6,0.6367521367521367,3060.18486961061,80,0.13683533668518066,0.1,0.5
paper,100,1500000.0,3,5,exclude,launch,0,0.0,prior,0.0,cluster_patrol,12600.0,43200.0,2985285.0086959745,0,1657808.0980665723,1327476.9106294021,0,0,0.0,0,3.2062187004151816,2.8029417605419797,12142.421983925684,7022.997091730971,1.728951589375202,2.0319987135518907,319.50640343182715,0.0,0.0,0.0,2.520993063790536,8.225,0.4133476856835307,5005.454036407224,80,0.0969994068145752,0.1,0.5
paper,100,1500000.0,2,5,exclude,launch,0,0.0,prior,0.0,cluster_patrol,12600.0,43200.0,2073784.3881357503,0,1138693.1491225993,935091.2390131509,0,0,0.0,0,3.2062187004151816,3.2032187699107944,12142.421983925684,6149.55333638646,1.9745209643243284,2.030625418029991,318.65662568684826,0.0,0.0,0.0,3.8998217930708763,22.428571428571427,0.5411392405063291,4317.343811019121,35,0.10499978065490723,0.1,0.5
paper,100,1500000.0,4,3,exclude,launch,0,0.0,prior,0.0,cluster_patrol,12600.0,43200.0,2377710.495044809,0,1701106.0645466493,676604.4304981597,0,6,0.3892949415653813,7,3.3299245909325217,3.0768307398230172,11678.950701242442,6404.11558198039,1.8236633227083134,2.0300055440185165,318.27342621266416,0.0,0.0053475935828877,0.0,1.9312167974874188,7.438848920863309,0.6267529665587918,3180.197232012409,139,0.1408383846282959,0.1,0.5
paper,100,1500000.0,1,7,exclude,launch,0,0.0,prior,0.0,cluster_patrol,12600.0,43200.0,3735667.736100201,0,2123164.407703527,1612503.328396674,0,0,0.0,0,3.511051372597995,3.128658801670993,11059.265565156178,6237.556507461817,1.7730124852458304,2.049685811892372,330.5520911064445,0.0,0.16666666666666666,0.0,7.630946346684044,49.0,0.33263378803777544,7507.543042906239,9,0.058000802993774414,0.1,0.5
paper,100,1500000.0,2,6,exclude,launch,0,0.0,prior,0.0,cluster_patrol,12600.0,43200.0,1991400.0573403847,0,1153685.2310485805,837714.8262918041,0,0,0.0,0,3.5572092847144674,3.8302976252525314,10911.436596814521,5145.918778915211,2.120405911092657,2.0293854527910558,317.89032312535403,0.0,0.02127659574468085,0.0,3.848849220157945,25.2,0.5434083601286174,3737.1769909113787,35,0.08699917793273926,0.1,0.5
paper,100,1500000.0,5,3,exclude,launch,0,0.0,prior,0.0,cluster_patrol,12600.0,43200.0,4790708.952234168,0,3967113.6342225834,823595.318011584,0,23,0.8328218952097151,25,3.3299245909325217,3.619083651163778,11678.950701242442,5464.490756290441,2.137244113332653,2.0226077836508836,313.71800375501175,0.0,0.0,0.0,1.5631354986079191,5.544600938967136,0.5742145178764897,2753.8395460046445,213,0.1448378562927246,0.1,0.5
paper,100,1500000.0,3,6,exclude,launch,0,0.0,prior,0.0,cluster_patrol,12600.0,43200.0,2568066.372375651,0,1536977.9368564733,1031088.4355191775,0,0,0.0,0,3.5572092847144674,3.1947855167328716,10911.436596814521,6179.374013907754,1.7657834874950828,2.026160302515506,315.90148993761454,0.0,0.009615384615384616,0.0,2.619289930448281,11.675324675324676,0.49783549783549785,3680.40692632107,77,0.09599947929382324,0.1,0.5
paper,100,1500000.0,4,5,exclude,launch,0,0.0,prior,0.0,cluster_patrol,12600.0,43200.0,3819975.300766473,0,2716473.038005432,1103502.2627610404,0,11,0.48700896594973997,12,3.2062187004151816,3.193851884457718,12142.421983925684,6179.310453392745,1.9650124517143974,2.0267734403984647,316.27910937230985,0.0,0.0,0.0,1.9600958114453446,6.124087591240876,0.5064239828693791,3945.8511765239755,137,0.12099981307983398,0.1,0.5
paper,100,1500000.0,5,5,exclude,launch,0,0.0,prior,0.0,cluster_patrol,12600.0,43200.0,6640272.8370233625,0,5271872.942995121,1368399.8940282424,0,32,0.7994727555712736,35,3.2062187004151816,3.452677913312251,12142.421983925684,5711.010885129027,2.1261423289427603,2.028574382538366,317.3895781242544,0.0,0.0,0.0,1.4895239706806032,3.3973214285714284,0.357451403887689,4285.288979941689,224,0.12399983406066895,0.1,0.5
paper,100,1500000.0,1,8,exclude,launch,0,0.0,prior,0.0,cluster_patrol,12600.0,43200.0,3450080.3612853237,0,1967082.909830543,1482997.4514547808,0,0,0.0,0,3.524607101055508,3.867089704157881,11015.449340350002,5054.609309667672,2.1792879855781058,2.046388808223951,328.47886139290233,0.0,0.08333333333333333,0.0,7.644060208971891,49.333333333333336,0.3433874709976798,7469.631018852027,9,0.05499839782714844,0.1,0.5
paper,100,1500000.0,2,7,exclude,launch,0,0.0,prior,0.0,cluster_patrol,12600.0,43200.0,2284920.9857129497,0,1221309.1706245395,1063611.8150884102,0,0,0.0,0,3.511051372597995,3.6561283484152254,11059.265565156178,5387.6697879374715,2.0526992188565307,2.0306617492858967,318.67909243231924,0.0,0.0,0.0,3.827998013777276,23.805555555555557,0.5235602094240838,3895.3459411295726,36,0.08500027656555176,0.1,0.5
paper,100,1500000.0,4,6,exclude,launch,0,0.0,prior,0.0,cluster_patrol,12600.0,43200.0,2936065.78500433,0,1958100.6962573756,977965.0887469542,0,6,0.2507945203535412,6,3.5572092847144674,3.4944768233338053,10911.436596814521,5656.143691443405,1.9291300207456372,2.023752475273395,314.4207391885208,0.0,0.0,0.0,1.9754091666180738,8.671532846715328,0.5234042553191489,2788.7546730998165,137,0.12199997901916504,0.1,0.5
paper,100,1500000.0,1,9,exclude,launch,0,0.0,prior,0.0,cluster_patrol,12600.0,43200.0,3747742.9042655183,0,2110596.9380942443,1637145.9661712737,0,0,0.0,0,3.2445234343246208,3.2042524193718775,11995.133638681738,6100.855393976248,1.9661396417501187,2.0461738929134534,328.34394426410694,0.0,0.08333333333333333,0.0,7.643868795127082,47.333333333333336,0.30718232044198895,7785.054281576797,9,0.053999900817871094,0.1,0.5
paper,100,1500000.0,5,6,exclude,launch,0,0.0,prior,0.0,cluster_patrol,12600.0,43200.0,5620204.286414537,0,4596406.159898241,1023798.1265162965,0,27,0.792730823758738,28,3.5572092847144674,3.589887964496195,10911.436596814521,5511.725518321753,1.9796770649306406,2.0215827099560277,313.0893699843304,0.0,0.0,0.0,1.5953155135124044,5.62085308056872,0.510548523206751,2775.7615136071454,211,0.12799978256225586,0.1,0.5
paper,100,1500000.0,3,7,exclude,launch,0,0.0,prior,0.0,cluster_patrol,12600.0,43200.0,1940978.612257775,0,1081940.0584586947,859038.5537990804,0,0,0.0,0,3.511051372597995,2.97609950439504,11059.265565156178,6616.220282515953,1.6715382942102808,2.031433394403134,319.1564541269911,0.0,0.0,0.0,2.560276502815097,12.012658227848101,0.5791139240506329,3478.514656388486,79,0.0969998836517334,0.1,0.5
paper,100,1500000.0,2,8,exclude,launch,0,0.0,prior,0.0,cluster_patrol,12600.0,43200.0,1830984.312671271,0,1003834.5533141649,827149.7593571062,0,0,0.0,0,3.524607101055508,3.8933908870155616,11015.449340350002,5065.888292787323,2.174435894299822,2.0280393358337334,317.05946280643917,0.0,0.021739130434782608,0.0,3.9429441442687176,24.970588235294116,0.6161971830985915,3828.2215419981203,34,0.08499979972839355,0.1,0.5
paper,100,1500000.0,1,10,exclude,launch,0,0.0,prior,0.0,cluster_patrol,12600.0,43200.0,3674453.04422361,0,2033184.0128818823,1641269.0313417274,0,0,0.0,0,3.433960223544934,3.3846579862514674,11315.025236966976,5772.76577057603,1.9600700403678282,2.047204673822792,328.9912886628899,0.0,0.16666666666666666,0.0,7.496146823726547,51.111111111111114,0.3471615720524017,7070.307018641998,9,0.05951237678527832,0.1,0.5
paper,100,1500000.0,2,9,exclude,launch,0,0.0,prior,0.0,cluster_patrol,12600.0,43200.0,2320324.647629549,0,1249582.8302878903,1070741.8173416588,0,0,0.0,0,3.2445234343246208,3.153000262111672,11995.133638681738,6249.332756498698,1.9194262981448647,2.0300294317166374,318.2881890607496,0.0,0.0,0.0,3.840178310712587,21.34285714285714,0.5193370165745856,4369.378747256927,35,0.07951211929321289,0.1,0.5
paper,100,1500000.0,3,8,exclude,launch,0,0.0,prior,0.0,cluster_patrol,12600.0,43200.0,1619293.4718984866,0,959139.8503280517,660153.6215704348,0,0,0.0,0,3.524607101055508,3.28168548797371,11015.449340350002,6013.9503771106,1.831649523127986,2.0267640600777144,316.27333052018184,0.0,0.0,0.0,2.583641200623256,12.89873417721519,0.6166281755196305,3271.5748948900095,79,0.10302162170410156,0.1,0.5
paper,100,1500000.0,4,8,exclude,launch,0,0.0,prior,0.0,cluster_patrol,12600.0,43200.0,2484670.029236878,0,1571623.365717397,913046.6635194807,0,3,0.16635737846912993,5,3.524607101055508,3.1019832881652984,11015.449340350002,6345.435055323225,1.7359643971313004,2.0321657806586724,319.60985962881796,0.0,0.0,0.0,1.9110908774059594,6.237410071942446,0.5672514619883041,3743.482604866516,139,0.10102152824401855,0.1,0.5
paper,100,1500000.0,6,6,exclude,launch,0,0.0,prior,0.0,cluster_patrol,12600.0,43200.0,8293963.769582753,0,7098953.0159606235,1195010.7536221298,0,46,0.946708436882702,49,3.5572092847144674,5.547698029365552,10911.436596814521,3575.5554724515646,3.0516759370350757,2.016525217625244,309.997055420415,0.0,0.0,0.20316027088036118,1.0117430491494672,3.4294294294294296,0.42303552206673845,2869.059126717961,333,0.15202093124389648,0.1,0.5
paper,100,1500000.0,3,9,exclude,launch,0,0.0,prior,0.0,cluster_patrol,12600.0,43200.0,2998936.6126848827,0,1708046.1531837927,1290890.45950109,0,0,0.0,0,3.2445234343246208,2.6904864295199618,11995.133638681738,7321.048771204416,1.638444711072232,2.0307473044165647,318.7320016686044,0.0,0.0,0.0,2.5563925508619487,8.670886075949367,0.4564732142857143,4796.205581860138,79,0.08502054214477539,0.1,0.5
paper,100,1500000.0,6,8,exclude,launch,0,0.0,prior,0.0,cluster_patrol,12600.0,43200.0,6618462.650181398,0,5379222.702688211,1239239.9474931867,0,34,0.8317736203560604,35,3.524607101055508,6.5275306567682065,11015.449340350002,3009.5766261270596,3.6601325398135742,2.0361307646572833,322.0700884407858,0.0,0.0,0.3874458874458874,0.7768996428045264,1.9478260869565218,0.43911007025761123,4900.52261323367,345,0.10802149772644043,0.1,0.5
paper,100,1500000.0,5,8,exclude,launch,0,0.0,prior,0.0,cluster_patrol,12600.0,43200.0,4612730.86483375,0,3739476.77869507,873254.0861386799,0,24,0.7660088451379338,24,3.524607101055508,3.3533116003811956,11015.449340350002,5877.9020863895585,1.874044374753464,2.0293816665860946,317.88798465106953,0.0,0.0,0.0,1.559531072489899,4.059907834101383,0.5568581477139508,3752.204910455237,217,0.11302065849304199,0.1,0.5
paper,100,1500000.0,2,10,exclude,launch,0,0.0,prior,0.0,cluster_patrol,12600.0,43200.0,2188556.632931931,0,1197559.8984532247,990996.7344787063,0,0,0.0,0,3.433960223544934,3.078297536344275,11315.025236966976,6398.510538537559,1.7683842464301283,2.03081567554638,318.77428708564213,0.0,0.0425531914893617,0.0,3.8845186882339307,22.82857142857143,0.5608974358974359,4147.289693119065,35,0.08302164077758789,0.1,0.5
paper,100,1500000.0,5,9,exclude,launch,0,0.0,prior,0.0,cluster_patrol,12600.0,43200.0,9131036.961832546,0,7598399.7244038265,1532637.2374287178,0,48,0.9410217507136596,50,3.2445234343246208,4.856552649708518,11995.133638681738,4077.4694215636823,2.941808361638598,2.019952594476452,312.09098849377364,0.0,0.0,0.2803738317757009,1.1207630402296929,2.8833333333333333,0.3579418344519016,4729.54763727627,240,0.09502124786376953,0.1,0.5
paper,100,1500000.0,4,7,exclude,launch,0,0.0,prior,0.0,cluster_patrol,12600.0,43200.0,3853339.0103025427,0,2695961.665867918,1157377.344434625,0,10,0.3911801031223279,10,3.511051372597995,4.102690262814489,11059.265565156178,4828.337758406604,2.290491286758248,2.0192663954638745,311.67119547657586,0.0,0.0,0.0,1.9118648684151858,9.821428571428571,0.4804646251319958,2406.6347089007404,140,0.1430213451385498,0.1,0.5
paper,100,1500000.0,5,7,exclude,launch,0,0.0,prior,0.0,cluster_patrol,12600.0,43200.0,5603029.768119198,0,4531317.768745972,1071711.9993732262,0,27,0.8340436256552406,28,3.511051372597995,3.633453073513985,11059.265565156178,5444.404621929165,2.0313085329130898,2.0220413929283625,313.3705826576841,0.0,0.0,0.0,1.5761903380957956,5.694835680751174,0.5090329436769394,2714.986875794858,213,0.14402127265930176,0.1,0.5
paper,100,1500000.0,4,9,exclude,launch,0,0.0,prior,0.0,cluster_patrol,12600.0,43200.0,6061281.611994364,0,4563769.015611382,1497512.5963829823,0,24,0.6953092203921628,25,3.2445234343246208,3.3153815240496076,11995.133638681738,5972.813128053277,2.0082887881327904,2.019982240895644,312.10913152274986,0.0,0.0,0.0,1.9292442144234316,6.166666666666667,0.3961840628507295,3799.41632035122,138,0.10402083396911621,0.1,0.5
paper,100,1500000.0,1,11,exclude,launch,0,0.0,prior,0.0,cluster_patrol,12600.0,43200.0,3421280.155269905,0,1936691.5369056568,1484588.6183642482,0,0,0.0,0,3.4222468827215935,3.7043312956986676,11354.89412972725,5271.337626431895,2.154082120027899,2.0484687221794173,329.78599841656194,0.0,0.08333333333333333,0.0,7.567111552021551,48.333333333333336,0.3362637362637363,7547.426624591051,9,0.06102132797241211,0.1,0.5
paper,100,1500000.0,6,7,exclude,launch,0,0.0,prior,0.0,cluster_patrol,12600.0,43200.0,8548422.012362404,0,7136316.052312525,1412105.9600498783,0,42,0.9207158711426288,44,3.511051372597995,5.630064041496015,11059.265565156178,3522.9753306129446,3.139183368403557,2.0166802926331497,310.09164522858794,0.0,0.0023094688221709007,0.20554272517321015,1.037268497580344,4.08641975308642,0.3699360341151386,2478.3585091555065,324,0.15202021598815918,0.1,0.5
paper,100,1500000.0,4,10,exclude,launch,0,0.0,prior,0.0,cluster_patrol,12600.0,43200.0,2966415.4274134114,0,2043778.8366384665,922636.5907749451,0,6,0.400781771491521,6,3.433960223544934,2.983380945493518,11315.025236966976,6600.734149522055,1.7142070837357193,2.031229700847412,319.0304087729528,0.0,0.0,0.0,1.965969907565863,6.492647058823529,0.5415318230852212,3756.693189883338,136,0.0980215072631836,0.1,0.5
paper,100,1500000.0,3,10,exclude,launch,0,0.0,prior,0.0,cluster_patrol,12600.0,43200.0,1795778.4774424813,0,1009267.3530878491,786511.1243546323,0,0,0.0,0,3.433960223544934,3.0384876699984704,11315.025236966976,6492.059858120401,1.742902173462543,2.027776088357629,316.8971063399128,0.0,0.0,0.0,2.621941382888786,13.311688311688311,0.6115342763873776,3214.3988831167053,77,0.10702061653137207,0.1,0.5
paper,100,1500000.0,5,10,exclude,launch,0,0.0,prior,0.0,cluster_patrol,12600.0,43200.0,5247271.808757393,0,4049281.18035506,1197990.628402333,0,20,0.6771383936546176,26,3.433960223544934,3.446660727542298,11315.025236966976,5722.183958010844,1.9773962738695883,2.0281479840222536,317.12648311470724,0.0,0.0,0.0,1.5565263161402758,3.6712962962962963,0.455531453362256,4173.890586458015,216,0.10102152824401855,0.1,0.5
paper,100,1500000.0,1,12,exclude,launch,0,0.0,prior,0.0,cluster_patrol,12600.0,43200.0,3950978.797182996,0,2195654.228721756,1755324.5684612398,0,0,0.0,0,3.488639595707385,4.4253442589185,11132.45408971209,4420.7974334402215,2.5182004507835867,2.04461863475636,327.36842762407247,0.0,0.08333333333333333,0.0,7.5325904957369065,49.0,0.31986531986531985,7410.777746577276,9,0.05299973487854004,0.1,0.5
paper,100,1500000.0,2,11,exclude,launch,0,0.0,prior,0.0,cluster_patrol,12600.0,43200.0,1790998.189504592,0,1057737.5846033276,733260.6049012645,0,1,0.09155033911789401,0,3.4222468827215935,4.044397523927753,11354.89412972725,4874.310052937066,2.329538746285793,2.0290511931812825,317.68390745634633,0.0,0.0,0.0,3.864163360563725,24.8,0.5748898678414097,3782.8358668553437,35,0.08902120590209961,0.1,0.5
paper,100,1500000.0,3,11,exclude,launch,0,0.0,prior,0.0,cluster_patrol,12600.0,43200.0,2069846.096035029,0,1137891.5975069543,931954.4985280748,0,0,0.0,0,3.4222468827215935,3.108701576995786,11354.89412972725,6344.228618357224,1.7897990146306375,2.0281596263177053,317.133665156929,0.0,0.0,0.0,2.6249024455447194,11.31578947368421,0.5226019845644984,3775.7025307352255,76,0.09302139282226562,0.1,0.5
paper,100,1500000.0,2,12,exclude,launch,0,0.0,prior,0.0,cluster_patrol,12600.0,43200.0,2371732.1517452025,0,1285273.7089094345,1086458.4428357678,0,0,0.0,0,3.488639595707385,3.083820980862312,11132.45408971209,6390.246696606865,1.7421008324488119,2.0297998121687213,318.14629594282025,0.0,0.043478260869565216,0.0,3.905996271208233,21.441176470588236,0.5453514739229025,4396.6050816888865,34,0.07599973678588867,0.1,0.5
paper,100,1500000.0,3,12,exclude,launch,0,0.0,prior,0.0,cluster_patrol,12600.0,43200.0,2516886.9247095725,0,1372036.0630588944,1144850.861650678,0,0,0.0,0,3.488639595707385,3.112417758826299,11132.45408971209,6340.565283809002,1.755751039759728,2.026908426487226,316.3622749171412,0.0,0.009615384615384616,0.0,2.6051405245781454,10.922077922077921,0.5133037694013304,3945.071300439104,77,0.08699989318847656,0.1,0.5
paper,100,1500000.0,5,11,exclude,launch,0,0.0,prior,0.0,cluster_patrol,12600.0,43200.0,4451466.02532302,0,3430323.3725042217,1021142.6528187986,0,20,0.6598984295236515,21,3.4222468827215935,3.447107603626358,11354.89412972725,5716.501599445691,1.9863362114388798,2.0299008320838694,318.208717178114,0.0,0.0,0.0,1.5586209961943989,4.125581395348838,0.4656319290465632,3700.294994869685,215,0.10950875282287598,0.1,0.5
paper,100,1500000.0,4,11,exclude,launch,0,0.0,prior,0.0,cluster_patrol,12600.0,43200.0,2749867.3683146914,0,2035670.4486147435,714196.9196999476,0,11,0.5187556054051664,11,3.4222468827215935,3.9886802544644326,11354.89412972725,4961.112562226444,2.288779782217118,2.021397327864202,312.9757504104396,0.0,0.0,0.0,1.8608850854762098,8.375,0.5846325167037862,2724.029497987604,144,0.12902045249938965,0.1,0.5
paper,100,1500000.0,4,12,exclude,launch,0,0.0,prior,0.0,cluster_patrol,12600.0,43200.0,3744647.5129689905,0,2802311.0849579675,942336.4280110227,0,13,0.5583717937861056,14,3.488639595707385,3.1811931167288416,11132.45408971209,6207.108337826566,1.7935008515753,2.0257256708379665,315.63394554479896,0.0,0.0,0.005434782608695652,1.9663286174369325,6.807407407407408,0.5741573033707865,3524.823084295763,135,0.10000014305114746,0.1,0.5
paper,100,1500000.0,6,10,exclude,launch,0,0.0,prior,0.0,cluster_patrol,12600.0,43200.0,8102993.590504405,0,6789968.778119745,1313024.8123846597,0,41,0.9285971369034876,42,3.433960223544934,5.214983888280397,11315.025236966976,3795.6212039530824,2.9810733550499053,2.0208038293983073,312.6121374342746,0.0,0.0,0.2054794520547945,1.0287753626756921,3.4128440366972477,0.42332613390928725,2924.408371270447,327,0.15102171897888184,0.1,0.5
paper,100,1500000.0,6,11,exclude,launch,0,0.0,prior,0.0,cluster_patrol,12600.0,43200.0,5987620.171176994,0,4995037.290301215,992582.8808757793,0,35,0.8705465044198029,39,3.4222468827215935,3.7812878408800374,11354.89412972725,5217.170709855105,2.176446729695492,2.027613647613769,316.7969426286226,0.0,0.0,0.0,1.3120084141426338,3.2026143790849675,0.47339246119733924,3359.7146687339614,306,0.12750935554504395,0.1,0.5
paper,100,1500000.0,6,12,exclude,launch,0,0.0,prior,0.0,cluster_patrol,12600.0,43200.0,7672437.6021956345,0,6434692.741247298,1237744.8609483351,0,40,0.8858231542190038,41,3.488639595707385,7.210003121436641,11132.45408971209,2744.804260788383,4.055828041637674,2.021218010136873,312.86586726837425,0.0,0.0,0.38913043478260867,0.7816565032384258,2.6144927536231886,0.4768883878241263,3611.4555410141515,345,0.1249997615814209,0.1,0.5
paper,100,1500000.0,5,12,exclude,launch,0,0.0,prior,0.0,cluster_patrol,12600.0,43200.0,4830908.368728658,0,4107978.192288416,722930.1764402424,0,26,0.8133555921352468,27,3.488639595707385,3.8245812695621213,11132.45408971209,5180.826897261732,2.1487793957362338,2.0187243229584197,311.3397738561272,0.0,0.0,0.0,1.5488295621658592,5.513761467889908,0.6142533936651584,2742.04425535871,218,0.12800002098083496,0.1,0.5
paper,100,3000000.0,3,1,exclude,launch,0,0.0,prior,0.0,cluster_patrol,12600.0,43200.0,825873.7815817789,0,515166.70935594046,310707.0722258385,0,0,0.0,0,6.403347295796111,11.718504391040042,12160.132397085683,3385.27684498777,3.5920643876112925,2.016617860179596,310.0535620908423,0.0,0.0,0.0,4.135473634114604,33.583333333333336,0.7423442449841605,2089.6236539627594,48,0.15000033378601074,0.1,0.5
paper,100,3000000.0,4,1,exclude,launch,0,0.0,prior,0.0,cluster_patrol,12600.0,43200.0,636279.7448690105,0,446253.90189226787,190025.8429767426,0,0,0.0,0,6.403347295796111,9.46836190252531,12160.132397085683,4195.7099833207285,2.8982299647559167,2.0137691181465645,308.3183474722989,0.0,0.0,0.0,3.5118860128401144,24.649350649350648,0.8043478260869565,1758.264242834055,77,0.16559457778930664,0.1,0.5
paper,100,3000000.0,3,2,exclude,launch,0,0.0,prior,0.0,cluster_patrol,12600.0,43200.0,1201802.1045774948,0,727232.2750109235,474569.8295665713,0,0,0.0,0,6.235506841886082,7.603592414298462,12496.417644183362,5211.855136637979,2.3976909021006385,2.0187327201872556,311.3449065540375,0.0,0.07142857142857142,0.0,3.951886736176,28.76923076923077,0.7132275132275132,2297.253445286673,52,0.14159464836120605,0.1,0.5
paper,100,3000000.0,5,1,exclude,launch,0,0.0,prior,0.0,cluster_patrol,12600.0,43200.0,769259.2875506831,0,499754.06667132204,269505.22087936103,0,0,0.0,0,6.403347295796111,6.02479114383361,12160.132397085683,6588.355378072822,1.8457007400597565,2.015445104866589,309.3386282992553,0.0,0.046052631578947366,0.0,2.9998815945516073,15.56140350877193,0.7683982683982684,1886.3316472838703,114,0.17359423637390137,0.1,0.5
paper,100,3000000.0,4,2,exclude,launch,0,0.0,prior,0.0,cluster_patrol,12600.0,43200.0,1141733.9934784723,0,686473.4460614254,455260.5474170471,0,0,0.0,0,6.235506841886082,8.461649563361409,12496.417644183362,4692.06119357609,2.663310883773688,2.0149825259953538,309.0568584227726,0.0,0.0,0.0,3.017645459609757,19.97752808988764,0.7209554831704669,1896.1911019063066,89,0.16259384155273438,0.1,0.5
paper,100,3000000.0,6,1,exclude,launch,0,0.0,prior,0.0,cluster_patrol,12600.0,43200.0,744551.2699858454,0,480302.0266998878,264249.24328595767,0,0,0.0,0,6.403347295796111,6.958994908919841,12160.132397085683,5709.22273977554,2.1299103137748245,2.0135688373315466,308.19653640288703,0.0,0.004424778761061947,0.0,2.401325670924342,11.94047619047619,0.7744034707158352,1669.7804562730075,168,0.20459580421447754,0.1,0.5
paper,100,3000000.0,5,2,exclude,launch,0,0.0,prior,0.0,cluster_patrol,12600.0,43200.0,853615.586606785,0,536173.9222196128,317441.6643871722,0,0,0.0,0,6.235506841886082,7.538558861211886,12496.417644183362,5269.381999560529,2.3715148465656077,2.013918879827905,308.4094484614422,0.0,0.005917159763313609,0.0,2.6781344743882203,16.30952380952381,0.7751351351351351,1613.4306008041465,126,0.19759440422058105,0.1,0.5
paper,100,3000000.0,3,3,exclude,launch,0,0.0,prior,0.0,cluster_patrol,12600.0,43200.0,824439.4455975903,0,553687.1570988019,270752.2884987884,0,0,0.0,0,6.659849181865043,9.270754809885595,11678.950701242442,4278.632239964769,2.7295990976169078,2.0168329710896424,310.18478732849695,0.0,0.0,0.0,4.091238714991482,32.734693877551024,0.7358288770053476,2043.135190421691,49,0.16059470176696777,0.1,0.5
paper,100,3000000.0,7,1,exclude,launch,0,0.0,prior,0.0,cluster_patrol,12600.0,43200.0,931091.1594939122,0,709335.9033672163,221755.2561266959,0,2,0.43195395115247215,2,6.403347295796111,7.361525492106157,12160.132397085683,5400.3753445497005,2.2517198567240757,2.012325454882964,307.44084798119997,0.0,0.0,0.0,2.115026769440996,10.915178571428571,0.818880351262349,1362.370806765806,224,0.2505948543548584,0.1,0.5
paper,100,3000000.0,4,3,exclude,launch,0,0.0,prior,0.0,cluster_patrol,12600.0,43200.0,712357.6548438821,0,484762.98434782453,227594.67049605757,0,0,0.0,0,6.659849181865043,8.450733580730002,11678.950701242442,4700.278383231849,2.4847359558333544,2.0140581068573034,308.4941532249054,0.0,0.0,0.0,3.3534345949439825,23.5,0.7602150537634409,1750.5604157746502,80,0.18259406089782715,0.1,0.5
paper,100,3000000.0,8,1,exclude,launch,0,0.0,prior,0.0,cluster_patrol,12600.0,43200.0,1186051.6434978154,0,840555.0074850491,345496.6360127662,0,3,0.38150183726818915,3,6.403347295796111,7.595553715143514,12160.132397085683,5232.641952826417,2.323899190258446,2.0128412718929756,307.7542326149339,0.0,0.0,0.0,1.7862083025244542,8.8125,0.7537960954446855,1240.2099893616194,304,0.2735941410064697,0.1,0.5
paper,100,3000000.0,7,2,exclude,launch,0,0.0,prior,0.0,cluster_patrol,12600.0,43200.0,1077553.2197905486,0,792912.7936393754,284640.4261511733,0,2,0.3269162107534508,2,6.235506841886082,7.800697275331876,12496.417644183362,5095.524799295247,2.4524299530269618,2.012647151759923,307.6362761902454,0.0,0.003067484662576687,0.0,1.9411494058726422,10.315573770491802,0.7891304347826087,1321.106866891816,244,0.2505936622619629,0.1,0.5
paper,100,3000000.0,6,2,exclude,launch,0,0.0,prior,0.0,cluster_patrol,12600.0,43200.0,610933.6088815395,0,406677.676597842,204255.9322836976,0,0,0.0,0,6.235506841886082,7.9862730115396205,12496.417644183362,4978.020348593496,2.5103187148911785,2.0122835036687574,307.41536753996866,0.0,0.0,0.0,2.3362648889325026,14.994186046511627,0.8453159041394336,1284.7000467236562,172,0.26459431648254395,0.1,0.5
paper,100,3000000.0,5,3,exclude,launch,0,0.0,prior,0.0,cluster_patrol,12600.0,43200.0,623688.9387139541,0,425155.50028362026,198533.4384303338,0,0,0.0,0,6.659849181865043,9.377454288998639,11678.950701242442,4240.379828846366,2.754222775467689,2.0118716515878985,307.1652717861666,0.0,0.0,0.0,2.6803560926876746,18.543307086614174,0.7838405036726128,1413.1672060491878,127,0.21059393882751465,0.1,0.5
paper,100,3000000.0,8,2,exclude,launch,0,0.0,prior,0.0,cluster_patrol,12600.0,43200.0,1729248.818904964,0,1337792.550433287,391456.268471677,0,5,0.5796388054127419,6,6.235506841886082,7.140074685254363,12496.417644183362,5564.5592095322445,2.2457156395742275,2.0135223962626454,308.16829431779246,0.0,0.0025,0.0,1.8082668472129757,7.604026845637584,0.7684782608695652,1462.5241313544373,298,0.25159478187561035,0.1,0.5
paper,100,3000000.0,3,4,exclude,launch,0,0.0,prior,0.0,cluster_patrol,12600.0,43200.0,972499.1388863239,0,603951.5066220314,368547.6322642924,0,0,0.0,0,6.584184023126904,8.142810530419986,11816.995351132427,4867.646019757635,2.4276611945830866,2.018350883163556,311.11155637199823,0.0,0.0,0.0,4.093190700655326,32.89795918367347,0.7371601208459214,2128.2882518540164,49,0.15199995040893555,0.1,0.5
paper,100,3000000.0,10,2,exclude,launch,0,0.0,prior,0.0,cluster_patrol,12600.0,43200.0,3880722.928148435,0,3219630.226711782,661092.7014366528,0,17,0.8123903159300487,21,6.235506841886082,10.52049737586426,12496.417644183362,3771.6361787812757,3.3132616858663484,2.016155020659732,309.771307803594,0.0,0.0,0.27149321266968324,1.0844648236228858,3.676706827309237,0.6527472527472528,1809.4945719433872,498,0.24059391021728516,0.1,0.5
paper,100,3000000.0,10,1,exclude,launch,0,0.0,prior,0.0,cluster_patrol,12600.0,43200.0,2742795.1357765086,0,2163191.294040851,579603.8417356575,0,12,0.7365684766586514,16,6.403347295796111,9.480244089492343,12160.132397085683,4188.969059062025,2.9028938208028983,2.0144816470814453,308.7519036795248,0.0,0.0,0.13412816691505217,1.2103608640870585,5.2286282306163026,0.6991341991341992,1249.2041911176614,503,0.30359411239624023,0.1,0.5
paper,100,3000000.0,6,3,exclude,launch,0,0.0,prior,0.0,cluster_patrol,12600.0,43200.0,799460.3732303377,0,502478.4863972841,296981.8868330537,0,0,0.0,0,6.659849181865043,7.538449884809858,11678.950701242442,5273.046076230676,2.214839493606491,2.0125485630045983,307.57637773280305,0.0,0.0,0.0,2.3158393812180016,13.60919540229885,0.7667731629392971,1412.1886269325396,174,0.22859430313110352,0.1,0.5
paper,100,3000000.0,9,1,exclude,launch,0,0.0,prior,0.0,cluster_patrol,12600.0,43200.0,1818101.2034144287,0,1431316.731254793,386784.47215963574,0,7,0.6636597754158214,8,6.403347295796111,8.390703192002716,12160.132397085683,4739.843148737613,2.5655136711273565,2.0115352981361916,306.96109781264204,0.0,0.0,0.0,1.5659309689544805,7.747422680412371,0.7612761276127613,1097.531219180468,388,0.3175945281982422,0.1,0.5
paper,100,3000000.0,9,2,exclude,launch,0,0.0,prior,0.0,cluster_patrol,12600.0,43200.0,2313443.8331490937,0,1841694.8625105203,471748.97063857346,0,9,0.6814966328411146,12,6.235506841886082,8.96260156105211,12496.417644183362,4432.580257303652,2.8192197137531267,2.0137209542202528,308.2890519075659,0.0,0.0,0.17315175097276264,1.4076165793595214,6.020725388601036,0.7342888643880926,1427.525281759391,386,0.26659417152404785,0.1,0.5
paper,100,3000000.0,4,4,exclude,launch,0,0.0,prior,0.0,cluster_patrol,12600.0,43200.0,758103.1618082413,0,504089.07756539405,254014.08424284725,0,0,0.0,0,6.584184023126904,7.0886523335666425,11816.995351132427,5599.289152942318,2.110445634857565,2.015549250966248,309.4020843414321,0.0,0.0,0.0,3.4865606611174473,24.883116883116884,0.7967479674796748,1758.576237216361,77,0.17799997329711914,0.1,0.5
paper,100,3000000.0,5,4,exclude,launch,0,0.0,prior,0.0,cluster_patrol,12600.0,43200.0,957171.9204780866,0,584174.4580406274,372997.46243745915,0,0,0.0,0,6.584184023126904,6.177544220701323,11816.995351132427,6424.614114859569,1.8393315364732574,2.015705480341309,309.4972868386108,0.0,0.00625,0.0,2.8276262929450855,15.941176470588236,0.7558733401430031,1779.9192419701128,119,0.17699980735778809,0.1,0.5
paper,100,3000000.0,7,3,exclude,launch,0,0.0,prior,0.0,cluster_patrol,12600.0,43200.0,991016.909366681,0,751801.0383357018,239215.87103097927,0,2,0.38602867988674144,3,6.659849181865043,7.232218192814055,11678.950701242442,5495.9744730751045,2.1250008999237293,2.0126754996435854,307.6535002735156,0.0,0.0,0.0,2.0477553734362415,10.83406113537118,0.7876857749469215,1321.9743325494294,229,0.25209760665893555,0.1,0.5
paper,100,3000000.0,6,4,exclude,launch,0,0.0,prior,0.0,cluster_patrol,12600.0,43200.0,1281517.382148736,0,747431.8289681769,534085.553180559,0,0,0.0,0,6.584184023126904,6.508797942351227,11816.995351132427,6089.392738176206,1.9405868301198879,2.018437063948503,311.1642159672143,0.0,0.0,0.0,2.0274760346567007,9.136363636363637,0.7038934426229508,1827.0432857938115,198,0.16850709915161133,0.1,0.5
paper,100,3000000.0,8,3,exclude,launch,0,0.0,prior,0.0,cluster_patrol,12600.0,43200.0,1485912.2648098792,0,1236896.4784846238,249015.7863252556,0,6,0.6370552986461664,7,6.659849181865043,6.9810828543369645,11678.950701242442,5692.543606258773,2.0516225274764346,2.0130790466737936,307.8987464428447,0.0,0.002551020408163265,0.0,1.8372130397138358,8.665529010238908,0.7677419354838709,1307.2604908090718,293,0.26610231399536133,0.1,0.5
paper,100,3000000.0,7,4,exclude,launch,0,0.0,prior,0.0,cluster_patrol,12600.0,43200.0,1669314.9473194317,0,1070260.9065348452,599054.0407845863,0,2,0.20553003338039685,2,6.584184023126904,6.013430780957059,11816.995351132427,6584.1691862507205,1.794758764068376,2.020536446963878,312.44839187449674,0.0,0.0,0.0,1.9105314685345707,6.721774193548387,0.688728024819028,1995.6728278883966,248,0.16850781440734863,0.1,0.5
paper,100,3000000.0,3,5,exclude,launch,0,0.0,prior,0.0,cluster_patrol,12600.0,43200.0,1252359.822691437,0,709281.7124899969,543078.1102014402,0,0,0.0,0,6.412437400830363,10.598963513040621,12142.421983925684,3741.85715821112,3.2450255235639847,2.0171555300256374,310.38161167852047,0.0,0.07352941176470588,0.0,3.999104033681256,27.571428571428573,0.6772486772486772,2386.2656094148347,49,0.12650823593139648,0.1,0.5
paper,100,3000000.0,8,4,exclude,launch,0,0.0,prior,0.0,cluster_patrol,12600.0,43200.0,3925273.6260208865,0,3096632.2489128313,828641.3771080549,0,15,0.7325957472226632,17,6.584184023126904,5.892495056918993,11816.995351132427,6722.216885718508,1.7579015304070127,2.0196598858246366,311.9118848279732,0.0,0.0,0.0024937655860349127,1.7952538607285584,5.1638795986622075,0.6402061855670103,2156.534245954473,299,0.1865074634552002,0.1,0.5
paper,100,3000000.0,9,4,exclude,launch,0,0.0,prior,0.0,cluster_patrol,12600.0,43200.0,6675208.860901307,0,5366126.352313156,1309082.508588151,0,31,0.839041733734145,33,6.584184023126904,9.61158384839661,11816.995351132427,4125.099912316925,2.864656760397164,2.017718408053306,310.7252274271669,0.0,0.0,0.31239092495637,1.103332558630301,2.843822843822844,0.4691358024691358,2701.105307134164,429,0.17850804328918457,0.1,0.5
paper,100,3000000.0,9,3,exclude,launch,0,0.0,prior,0.0,cluster_patrol,12600.0,43200.0,2670418.5589009873,0,2219441.16864033,450977.3902606571,0,11,0.7744606990604094,13,6.659849181865043,9.792322189802547,11678.950701242442,4059.426693349643,2.8769950989324395,2.0125171478933943,307.55729243345206,0.0,0.0,0.16544117647058823,1.3174688049680974,6.713936430317848,0.7408207343412527,1201.9633468034976,409,0.31310176849365234,0.1,0.5
paper,100,3000000.0,4,5,exclude,launch,0,0.0,prior,0.0,cluster_patrol,12600.0,43200.0,859635.2038742643,0,549929.8794409956,309705.32443326863,0,0,0.0,0,6.412437400830363,7.278600314893981,12142.421983925684,5453.01215911315,2.2267366419920958,2.0156060303210843,309.43668264736556,0.0,0.009259259259259259,0.0,3.3814634676111206,22.325,0.7473572938689218,1908.6411552719437,80,0.16550755500793457,0.1,0.5
paper,100,3000000.0,10,4,exclude,launch,0,0.0,prior,0.0,cluster_patrol,12600.0,43200.0,8634061.563636642,0,7123655.733497943,1510405.8301386994,0,43,0.9162876242362867,49,6.584184023126904,9.645983724594593,11816.995351132427,4120.249166377643,2.86802930452904,2.0128897204774434,307.783675754662,0.0,0.0,0.2716236722306525,1.0917915098150524,3.0344827586206895,0.42531120331950206,2200.8315303340487,493,0.1995079517364502,0.1,0.5
paper,100,3000000.0,3,6,exclude,launch,0,0.0,prior,0.0,cluster_patrol,12600.0,43200.0,1253533.115754687,0,732367.9463420819,521165.16941260506,0,0,0.0,0,7.114418569428935,13.54743274866337,10911.436596814521,2927.5827536910424,3.7271146590331505,2.0170831577434267,310.3374449296022,0.0,0.013157894736842105,0.0,3.559615825497656,26.70909090909091,0.6785329018338727,2185.263943531092,55,0.1455082893371582,0.1,0.5
paper,100,3000000.0,5,5,exclude,launch,0,0.0,prior,0.0,cluster_patrol,12600.0,43200.0,843780.0409240959,0,538967.6320573525,304812.40886674344,0,0,0.0,0,6.412437400830363,8.433414512583026,12142.421983925684,4712.390166759536,2.5767013244311623,2.013007064203322,307.8549936377501,0.0,0.0,0.0,2.684339482582832,15.512195121951219,0.7532327586206896,1695.7505702544418,123,0.17050838470458984,0.1,0.5
paper,100,3000000.0,6,5,exclude,launch,0,0.0,prior,0.0,cluster_patrol,12600.0,43200.0,1331998.5503681602,0,765327.9886393916,566670.5617287686,0,0,0.0,0,6.412437400830363,7.712077827418675,12142.421983925684,5146.195656904928,2.3594948178143094,2.0157296749004816,309.5120317420313,0.0,0.017921146953405017,0.0,1.9314493448242227,8.39423076923077,0.6808510638297872,1909.5565942327526,208,0.17650818824768066,0.1,0.5
paper,100,3000000.0,10,3,exclude,launch,0,0.0,prior,0.0,cluster_patrol,12600.0,43200.0,4381543.307724115,0,3733362.356094531,648180.9516295848,0,23,0.906670946990292,25,6.659849181865043,11.699643601754843,11678.950701242442,3399.2994854875305,3.4356933689140474,2.0115365404378465,306.96185179229013,0.0,0.0,0.2667660208643815,1.0678536916809547,5.155069582504971,0.6752966558791802,1274.8232347428334,503,0.31950831413269043,0.1,0.5
paper,100,3000000.0,7,5,exclude,launch,0,0.0,prior,0.0,cluster_patrol,12600.0,43200.0,1784203.2564626054,0,1119266.4222566807,664936.8342059248,0,4,0.21219332294110735,4,6.412437400830363,6.861734926678957,12142.421983925684,5781.3406979330475,2.100277879881194,2.0166358649928826,310.064544596948,0.0,0.0029154518950437317,0.0,1.838878122598545,6.572549019607843,0.6634304207119741,1973.4271123491021,255,0.18350768089294434,0.1,0.5
paper,100,3000000.0,8,5,exclude,launch,0,0.0,prior,0.0,cluster_patrol,12600.0,43200.0,3344650.153530607,0,2386021.74539132,958628.4081392868,0,11,0.5635360100470695,12,6.412437400830363,9.920953337702917,12142.421983925684,4002.6472934720914,3.033597790074767,2.0146019849818977,308.82515637876196,0.0,0.0,0.18619246861924685,1.318034260515896,5.1568627450980395,0.5735449735449736,1799.3240711698586,357,0.20850777626037598,0.1,0.5
paper,100,3000000.0,4,6,exclude,launch,0,0.0,prior,0.0,cluster_patrol,12600.0,43200.0,683836.5911351818,0,481108.95248650183,202727.63864868003,0,0,0.0,0,7.114418569428935,12.112240272717143,10911.436596814521,3279.5233308432585,3.3271410189995145,2.0139782900643777,308.4455918165637,0.0,0.015625,0.0,2.854146458784897,22.873684210526317,0.79957805907173,1541.435245917075,95,0.2015080451965332,0.1,0.5
paper,100,3000000.0,5,6,exclude,launch,0,0.0,prior,0.0,cluster_patrol,12600.0,43200.0,611384.1440877453,0,434450.7290754561,176933.41501228925,0,0,0.0,0,7.114418569428935,8.607476824610355,10911.436596814521,4616.235289953384,2.3637089341095323,2.0133820304815107,308.08294191084866,0.0,0.0,0.0,2.6519705152937956,18.614173228346456,0.8109559613319012,1397.6664502817553,127,0.22095417976379395,0.1,0.5
paper,100,3000000.0,9,5,exclude,launch,0,0.0,prior,0.0,cluster_patrol,12600.0,43200.0,5332700.677467828,0,4170477.936800229,1162222.7406675983,0,25,0.7928793426076366,30,6.412437400830363,10.930998335617566,12142.421983925684,3636.512293860501,3.339029543341749,2.012542677572998,307.5728021720089,0.0,0.0,0.13862928348909656,1.1190789645380874,4.137214137214137,0.4870689655172414,1657.9418714484536,481,0.24095463752746582,0.1,0.5
paper,100,3000000.0,3,7,exclude,launch,0,0.0,prior,0.0,cluster_patrol,12600.0,43200.0,829920.5150146063,0,541606.329489714,288314.18552489235,0,0,0.0,0,7.02210274519599,11.173037186984867,11059.265565156178,3548.6956762554023,3.116431098658186,2.0176692971976564,310.6952395376318,0.0,0.0,0.0,3.9496231890170708,32.82692307692308,0.7659137577002053,2009.9386402582372,52,0.16144657135009766,0.1,0.5
paper,100,3000000.0,10,5,exclude,launch,0,0.0,prior,0.0,cluster_patrol,12600.0,43200.0,6476939.79879525,0,5118536.493524559,1358403.3052706907,0,32,0.8265513229542635,35,6.412437400830363,12.407229041346021,12142.421983925684,3204.3340370064884,3.7893745919414883,2.012229003731324,307.3822667984728,0.0,0.0,0.23638778220451528,0.9537815506577307,3.415929203539823,0.4168466522678186,1703.0162989931935,565,0.2479543685913086,0.1,0.5
paper,100,3000000.0,6,6,exclude,launch,0,0.0,prior,0.0,cluster_patrol,12600.0,43200.0,680054.7996639556,0,467085.006535595,212969.79312836062,0,0,0.0,0,7.114418569428935,8.869187241909929,10911.436596814521,4481.275708334477,2.4348951742739113,2.012817959910903,307.74006597542495,0.0,0.0,0.0,2.082756048950012,13.649484536082474,0.8111587982832618,1251.22347606213,194,0.25095438957214355,0.1,0.5
paper,100,3000000.0,7,6,exclude,launch,0,0.0,prior,0.0,cluster_patrol,12600.0,43200.0,774590.7033052889,0,528825.7460127358,245764.9572925532,0,0,0.0,0,7.114418569428935,7.44840804742907,10911.436596814521,5333.812580109065,2.045710536869184,2.0136722027102643,308.25940036424385,0.0,0.0,0.0,2.012166250659401,10.55982905982906,0.797644539614561,1337.9665181967334,234,0.23595476150512695,0.1,0.5
paper,100,3000000.0,4,7,exclude,launch,0,0.0,prior,0.0,cluster_patrol,12600.0,43200.0,879119.0379145422,0,557131.4098305827,321987.6280839596,0,0,0.0,0,7.02210274519599,12.677685141866197,11059.265565156178,3132.5862928266106,3.5303945466661437,2.014405887724518,308.70579151504995,0.0,0.051094890510948905,0.0,2.669188962405043,20.774509803921568,0.7406639004149378,1580.0225084246847,102,0.1974468231201172,0.1,0.5
paper,100,3000000.0,8,6,exclude,launch,0,0.0,prior,0.0,cluster_patrol,12600.0,43200.0,1321179.0860405627,0,1019021.227198893,302157.85884166975,0,5,0.4268871003005711,6,7.114418569428935,7.421604548438745,10911.436596814521,5355.824105998867,2.0373030145991935,2.0126389425731848,307.6312884047213,0.0,0.0,0.0,1.8630947222565417,8.510344827586207,0.7801724137931034,1342.3376756582315,290,0.2554512023925781,0.1,0.5
paper,100,3000000.0,3,8,exclude,launch,0,0.0,prior,0.0,cluster_patrol,12600.0,43200.0,791176.6087662601,0,516796.0639307622,274380.544835498,0,0,0.0,0,7.049214202111016,12.88811983944172,11015.449340350002,3078.305134542001,3.578413724079667,2.016456021521361,309.95485310611,0.0,0.0,0.0,4.029732116708892,33.42,0.7790563866513234,1996.8407223642644,50,0.1494457721710205,0.1,0.5
paper,100,3000000.0,5,7,exclude,launch,0,0.0,prior,0.0,cluster_patrol,12600.0,43200.0,642283.5276488466,0,430701.47909071227,211582.04855813435,0,0,0.0,0,7.02210274519599,9.458784080401925,11059.265565156178,4201.01748316982,2.6325207189596274,2.0132614897662844,308.00965399301685,0.0,0.005555555555555556,0.0,2.5274296552088633,18.62686567164179,0.7923156801661475,1344.1214758572228,134,0.23044610023498535,0.1,0.5
paper,100,3000000.0,9,6,exclude,launch,0,0.0,prior,0.0,cluster_patrol,12600.0,43200.0,3696942.536607857,0,3203141.531032443,493801.00557541347,0,20,0.8712184596166033,23,7.114418569428935,7.8308056115913285,10911.436596814521,5079.487415908265,2.148137342095067,2.0112388752140555,306.78121882325655,0.0,0.0,0.001953125,1.5821508685516934,7.104712041884817,0.7098166127292341,1207.372412218928,382,0.29544615745544434,0.1,0.5
paper,100,3000000.0,4,8,exclude,launch,0,0.0,prior,0.0,cluster_patrol,12600.0,43200.0,616703.8143188684,0,423780.58842478704,192923.22589408146,0,0,0.0,0,7.049214202111016,9.577306411022132,11015.449340350002,4147.436070243061,2.655966036314199,2.0140344940013577,308.47978650737696,0.0,0.0,0.0,3.2854556429304522,24.710843373493976,0.815668202764977,1635.1310479850708,83,0.18544650077819824,0.1,0.5
paper,100,3000000.0,10,6,exclude,launch,0,0.0,prior,0.0,cluster_patrol,12600.0,43200.0,4622600.719069923,0,4001243.2592779626,621357.4597919607,0,25,0.8605547645361018,28,7.114418569428935,11.90215333543325,10911.436596814521,3342.568154611949,3.264387169416227,2.0108708325549087,306.5579520330763,0.0,0.0,0.27149321266968324,1.0871279317148104,5.237424547283702,0.6598272138228942,1274.189881082093,497,0.3004462718963623,0.1,0.5
paper,100,3000000.0,11,6,exclude,launch,0,0.0,prior,0.0,cluster_patrol,12600.0,43200.0,6316429.819914428,0,5464737.877791491,851691.9421229362,0,36,0.9387815932003789,39,7.114418569428935,16.301875071531445,10911.436596814521,2440.4315281089484,4.471109503026958,2.0108783546153575,306.5625143489557,0.0,0.0,0.44157441574415746,0.7740696983847085,3.773026315789474,0.5609492988133765,1435.484558529194,608,0.29944610595703125,0.1,0.5
paper,100,3000000.0,6,7,exclude,launch,0,0.0,prior,0.0,cluster_patrol,12600.0,43200.0,858392.4775695557,0,526702.5705466723,331689.90702288336,0,0,0.0,0,7.02210274519599,9.471185429646576,11059.265565156178,4196.5394896996795,2.6353297978729664,2.012770846359492,307.7114361707165,0.0,0.0,0.0,2.0122373219369982,12.50251256281407,0.780564263322884,1320.0843190140272,199,0.24744606018066406,0.1,0.5
paper,100,3000000.0,3,9,exclude,launch,0,0.0,prior,0.0,cluster_patrol,12600.0,43200.0,1237790.8373811275,0,713492.7105662158,524298.1268149117,0,0,0.0,0,6.4890468686492415,8.430028284398594,11995.133638681738,4704.715465560231,2.549598105664266,2.0171007560737797,310.3481844017561,0.0,0.07936507936507936,0.0,4.343863562550863,29.282608695652176,0.6904500548847421,2514.2000024450886,46,0.11799979209899902,0.1,0.5
paper,100,3000000.0,8,7,exclude,launch,0,0.0,prior,0.0,cluster_patrol,12600.0,43200.0,2054269.7099337967,0,1673996.1985104189,380273.51142337767,0,9,0.7015763206267542,10,7.02210274519599,7.785580449957233,11059.265565156178,5107.024695993295,2.165500702166704,2.012014157519631,307.2517965060506,0.0,0.0,0.0,1.7969397144036292,8.920265780730897,0.7373949579831933,1235.105467608655,301,0.2684464454650879,0.1,0.5
paper,100,3000000.0,7,7,exclude,launch,0,0.0,prior,0.0,cluster_patrol,12600.0,43200.0,899027.1624860781,0,561730.3736192794,337296.78886679874,0,0,0.0,0,7.02210274519599,8.566320043831523,11059.265565156178,4640.041574379729,2.3834410506622574,2.0126757745247708,307.6536672928033,0.0,0.0,0.0,1.8944238332559462,11.570281124497992,0.7751855779427359,1155.009697387108,249,0.2764461040496826,0.1,0.5
paper,100,3000000.0,5,8,exclude,launch,0,0.0,prior,0.0,cluster_patrol,12600.0,43200.0,514035.81186099316,0,363465.90640360257,150569.9054573906,0,0,0.0,0,7.049214202111016,9.236677225824781,11015.449340350002,4304.151001745062,2.5592618232687308,2.012272167078144,307.4084820723246,0.0,0.0,0.0,2.7889747294263003,19.760330578512395,0.8389339513325609,1399.069059972721,121,0.21944665908813477,0.1,0.5
paper,100,3000000.0,6,8,exclude,launch,0,0.0,prior,0.0,cluster_patrol,12600.0,43200.0,569400.00175687,0,399768.20238852926,169631.79936834078,0,0,0.0,0,7.049214202111016,7.055295464354631,11015.449340350002,5631.581426777773,1.9560135076751826,2.013466522291112,308.1343175414522,0.0,0.004424778761061947,0.0,2.4219320415455883,13.781065088757396,0.814385150812065,1429.0796530005364,169,0.21744608879089355,0.1,0.5
paper,100,3000000.0,9,7,exclude,launch,0,0.0,prior,0.0,cluster_patrol,12600.0,43200.0,3245712.426307524,0,2660379.6441911147,585332.7821164096,0,17,0.8375520267925985,19,7.02210274519599,8.041510160980472,11059.265565156178,4947.369647936358,2.235382910951319,2.0108422960671994,306.54064425552247,0.0,0.0,0.0,1.62429080829896,7.315363881401617,0.6951871657754011,1211.0531451888855,371,0.29044580459594727,0.1,0.5
paper,100,3000000.0,9,8,exclude,launch,0,0.0,prior,0.0,cluster_patrol,12600.0,43200.0,2606049.5489656585,0,2146539.7744723475,459509.7744933112,0,15,0.749716274617049,17,7.049214202111016,6.41229528467675,11015.449340350002,6186.151523673192,1.7806627106038433,2.0167679001334777,310.1450888225525,0.0,0.0,0.0,1.6836134233167657,4.788888888888889,0.6928487690504103,1919.6265854307921,360,0.1979997158050537,0.1,0.5
paper,100,3000000.0,8,8,exclude,launch,0,0.0,prior,0.0,cluster_patrol,12600.0,43200.0,1050278.5281277595,0,806426.7761144894,243851.75201327004,0,2,0.34795408290842444,5,7.049214202111016,6.3201226232767285,11015.449340350002,6280.714169076276,1.753852992480643,2.015373078904224,309.2947468090331,0.0,0.0,0.0,1.951035865454664,7.364620938628159,0.8018648018648019,1634.5494380887933,277,0.2085094451904297,0.1,0.5
paper,100,3000000.0,4,9,exclude,launch,0,0.0,prior,0.0,cluster_patrol,12600.0,43200.0,1224638.4847704612,0,680620.1150764431,544018.369694018,0,0,0.0,0,6.4890468686492415,10.143613056449464,11995.133638681738,3916.982255637995,3.0623405611338366,2.013472529764697,308.1379705762967,0.0,0.0,0.0,3.076168766872424,18.863636363636363,0.7157079646017699,1998.0175825270062,88,0.14850854873657227,0.1,0.5
paper,100,3000000.0,10,7,exclude,launch,0,0.0,prior,0.0,cluster_patrol,12600.0,43200.0,5092012.636263629,0,4276485.379822021,815527.256441608,0,26,0.9101983089470542,28,7.02210274519599,12.743073597157832,11059.265565156178,3122.442489854998,3.541863653562361,2.010579950612045,306.3815509737128,0.0,0.0,0.2613138686131387,1.0477189433340537,5.249512670565302,0.6160337552742616,1226.4138276724798,513,0.309955358505249,0.1,0.5
paper,100,3000000.0,7,8,exclude,launch,0,0.0,prior,0.0,cluster_patrol,12600.0,43200.0,536975.0248778759,0,392927.0918237119,144047.93305416405,0,0,0.0,0,7.049214202111016,6.931287887653621,11015.449340350002,5733.029438934625,1.921401147104002,2.013222973832921,307.9862384108482,0.0,0.0,0.0,2.164740263111281,11.36697247706422,0.8364485981308412,1335.7543842897344,218,0.24150943756103516,0.1,0.5
paper,100,3000000.0,5,9,exclude,launch,0,0.0,prior,0.0,cluster_patrol,12600.0,43200.0,1325529.0344494532,0,717640.4795233635,607888.5549260898,0,0,0.0,0,6.4890468686492415,8.1787848576736,11995.133638681738,4859.140931347011,2.468570845784575,2.0129904174428566,307.8448757493157,0.0,0.0058823529411764705,0.0,2.671434419387832,14.559055118110237,0.7190635451505016,1809.5044005456402,127,0.17250895500183105,0.1,0.5
paper,100,3000000.0,10,8,exclude,launch,0,0.0,prior,0.0,cluster_patrol,12600.0,43200.0,4126743.2227631323,0,3472307.5857190993,654435.637044033,0,24,0.8695847893554917,24,7.049214202111016,10.655208726373008,11015.449340350002,3728.812096991559,2.9541443907128953,2.013527319768465,308.1712883751145,0.0,0.0,0.27300613496932513,1.1029771325299558,3.959016393442623,0.6321974148061105,1705.8598462746,488,0.23150944709777832,0.1,0.5
paper,100,3000000.0,6,9,exclude,launch,0,0.0,prior,0.0,cluster_patrol,12600.0,43200.0,1304615.9070296902,0,746089.5148314725,558526.3921982177,0,0,0.0,0,6.4890468686492415,6.567963213223692,11995.133638681738,6046.094759492144,1.9839473438370818,2.014579107900727,308.81122985659033,0.0,0.0,0.0,2.286420720732469,9.44632768361582,0.6833333333333333,2009.9639738470767,177,0.16850900650024414,0.1,0.5
paper,100,3000000.0,11,7,exclude,launch,0,0.0,prior,0.0,cluster_patrol,12600.0,43200.0,6614860.678231557,0,5503596.659589567,1111264.0186419906,0,33,0.9316275957536047,35,7.02210274519599,12.084983984837793,11059.265565156178,3292.8093032767647,3.3586110055479983,2.0103761698432425,306.2580013761302,0.0,0.0,0.2199017199017199,0.9913976459344167,4.396381578947368,0.5287234042553192,1230.4353576584238,608,0.3299548625946045,0.1,0.5
paper,100,3000000.0,11,8,exclude,launch,0,0.0,prior,0.0,cluster_patrol,12600.0,43200.0,4937539.099934746,0,4237135.238082141,700403.8618526042,0,29,0.9103973427863721,32,7.049214202111016,12.21490054136978,11015.449340350002,3251.600794399227,3.3877004087721168,2.0142011096242634,308.58116722892595,0.0,0.0,0.3444730077120823,0.923297239617744,3.090909090909091,0.6184364060676779,1828.856495696501,583,0.23350906372070312,0.1,0.5
paper,100,3000000.0,3,10,exclude,launch,0,0.0,prior,0.0,cluster_patrol,12600.0,43200.0,886959.0881456926,0,572706.0334721399,314253.05467355286,0,0,0.0,0,6.867920447089868,9.926332587706344,11315.025236966976,3995.238963796203,2.8321272743634953,2.0172438684873244,310.43552639251726,0.0,0.0,0.0,3.954629969674105,32.705882352941174,0.7755319148936171,1946.6355134290982,51,0.15550971031188965,0.1,0.5
paper,100,3000000.0,7,9,exclude,launch,0,0.0,prior,0.0,cluster_patrol,12600.0,43200.0,2983397.6853013695,0,1953698.898389351,1029698.7869120187,0,2,0.1198619321846519,3,6.4890468686492415,6.598350836428138,11995.133638681738,6022.618885250068,1.9916806736781723,2.013117860536216,307.9223398012439,0.0,0.0,0.0,2.037196387521434,7.5665236051502145,0.5283648498331479,1888.4691117263476,233,0.1885089874267578,0.1,0.5
paper,100,3000000.0,9,9,exclude,launch,0,0.0,prior,0.0,cluster_patrol,12600.0,43200.0,6837303.168455601,0,5533614.920207992,1303688.248247608,0,34,0.9093771958294364,37,6.4890468686492415,9.134403716381765,11995.133638681738,4358.734078990389,2.751976473283767,2.0093214042545924,305.6189091259388,0.0,0.0,0.17115384615384616,1.3810970852487958,4.876606683804627,0.45,1736.1410866957779,389,0.2145082950592041,0.1,0.5
paper,100,3000000.0,8,9,exclude,launch,0,0.0,prior,0.0,cluster_patrol,12600.0,43200.0,4702553.774296246,0,3774327.5557138766,928226.2185823689,0,22,0.8079313937640473,25,6.4890468686492415,7.41167777637952,11995.133638681738,5369.505997925909,2.233936165322308,2.0101993355705066,306.1508092761279,0.0,0.0,0.0,1.7776246901519315,6.471947194719472,0.5476718403547672,1676.1897507624687,303,0.22050857543945312,0.1,0.5
paper,100,3000000.0,4,10,exclude,launch,0,0.0,prior,0.0,cluster_patrol,12600.0,43200.0,689405.6068830009,0,460630.7904281211,228774.81645487985,0,0,0.0,0,6.867920447089868,8.26285451154821,11315.025236966976,4805.773389728974,2.3544649985265114,2.014636011566103,308.84587079003086,0.0,0.0,0.0,3.277041662040063,24.73170731707317,0.7948164146868251,1626.5942731325374,82,0.18850922584533691,0.1,0.5
paper,100,3000000.0,3,11,exclude,launch,0,0.0,prior,0.0,cluster_patrol,12600.0,43200.0,1002059.5813572868,0,623778.507666667,378281.07369061996,0,0,0.0,0,6.844493765443187,12.693351841821865,11354.89412972725,3124.5422926603705,3.6340983946353314,2.0170992190911354,310.3472464427394,0.0,0.028985507246376812,0.0,3.9796574769011968,28.923076923076923,0.7066521264994547,2216.959890802102,52,0.13099956512451172,0.1,0.5
paper,100,3000000.0,10,9,exclude,launch,0,0.0,prior,0.0,cluster_patrol,12600.0,43200.0,8806757.361634035,0,7461522.530486912,1345234.831147124,0,48,0.9664279351787645,50,6.4890468686492415,11.231895616793913,11995.133638681738,3546.631811192131,3.382119790621798,2.00826409236691,304.97894398694075,0.0,0.0,0.2631578947368421,1.0512457907907493,3.220272904483431,0.4134078212290503,1999.6735405932557,513,0.22250938415527344,0.1,0.5
paper,100,3000000.0,5,10,exclude,launch,0,0.0,prior,0.0,cluster_patrol,12600.0,43200.0,728234.3300854645,0,489760.2168014949,238474.1132839696,0,0,0.0,0,6.867920447089868,8.235913991697691,11315.025236966976,4823.96723186119,2.3455850119034487,2.0136029338660233,308.21727226254285,0.0,0.005555555555555556,0.0,2.494540569543634,15.074626865671641,0.7908992416034669,1642.4230505583582,134,0.1975090503692627,0.1,0.5
paper,100,3000000.0,7,10,exclude,launch,0,0.0,prior,0.0,cluster_patrol,12600.0,43200.0,1186525.4008675774,0,801054.2389472623,385471.16192031506,0,1,0.1795800734212974,1,6.867920447089868,6.82813969107235,11315.025236966976,5813.620682653637,1.9462957517555501,2.015305533516264,309.25359791662373,0.0,0.0,0.0,1.9549463402033518,8.62655601659751,0.7379912663755459,1584.7618767195606,241,0.21650981903076172,0.1,0.5
paper,100,3000000.0,4,11,exclude,launch,0,0.0,prior,0.0,cluster_patrol,12600.0,43200.0,692917.2154955709,0,451389.5115132313,241527.70398233956,0,0,0.0,0,6.844493765443187,11.685705896946443,11354.89412972725,3399.0179682867306,3.3406396305255974,2.0141025285918372,308.52118154890724,0.0,0.0,0.0,2.90104790759372,21.703296703296704,0.7905701754385965,1664.0123492735197,91,0.1830000877380371,0.1,0.5
paper,100,3000000.0,5,11,exclude,launch,0,0.0,prior,0.0,cluster_patrol,12600.0,43200.0,682967.4423319385,0,443580.1501155445,239387.2922163941,0,0,0.0,0,6.844493765443187,9.132719180313172,11354.89412972725,4351.6535352854125,2.6093286236268614,2.0129619801363514,307.8275919605273,0.0,0.005847953216374269,0.0,2.6606417731352354,16.5859375,0.7940854326396495,1568.0591649106207,128,0.1885085105895996,0.1,0.5
paper,100,3000000.0,6,10,exclude,launch,0,0.0,prior,0.0,cluster_patrol,12600.0,43200.0,628487.6963453076,0,435267.99610940594,193219.70023590166,0,0,0.0,0,6.867920447089868,8.541342775530671,11315.025236966976,4654.679541366826,2.4308924247971686,2.0122134579225746,307.3728253198727,0.0,0.004032258064516129,0.0,2.1844437762353732,13.502702702702702,0.8134490238611713,1335.0059249773387,185,0.2400224208831787,0.1,0.5
paper,100,3000000.0,3,12,exclude,launch,0,0.0,prior,0.0,cluster_patrol,12600.0,43200.0,1273184.2446588215,0,738392.2866358769,534791.9580229446,0,0,0.0,0,6.97727919141477,11.985934292508805,11132.45408971209,3310.4770737208237,3.3627944981354982,2.016171678634679,309.78146413776636,0.0,0.07352941176470588,0.0,3.9550394316760626,28.612244897959183,0.7194982896237172,2273.592855505374,49,0.12851285934448242,0.1,0.5
paper,100,3000000.0,7,11,exclude,launch,0,0.0,prior,0.0,cluster_patrol,12600.0,43200.0,1455685.422802104,0,931136.9777753191,524548.4450267849,0,2,0.1683288032400115,2,6.844493765443187,7.589322509158217,11354.89412972725,5234.262058293243,2.1693400145558983,2.0138703884173554,308.3799493528678,0.0,0.0,0.0030303030303030303,1.9097444432069548,8.398373983739837,0.680968096809681,1595.385950084731,246,0.19951319694519043,0.1,0.5
paper,100,3000000.0,8,10,exclude,launch,0,0.0,prior,0.0,cluster_patrol,12600.0,43200.0,2150522.819434804,0,1600769.861051446,549752.9583833583,0,6,0.5651918784744105,6,6.867920447089868,8.734102275456143,11315.025236966976,4543.09782733685,2.490596871782488,2.0161350750049696,309.7591471966066,0.0,0.0,0.0,1.3460382591467444,5.508728179551122,0.6827438370846731,1506.768170669429,401,0.26102185249328613,0.1,0.5
paper,100,3000000.0,8,11,exclude,launch,0,0.0,prior,0.0,cluster_patrol,12600.0,43200.0,2079730.9809112637,0,1709297.853146352,370433.1277649117,0,11,0.6951321005906445,11,6.844493765443187,7.746544325529138,11354.89412972725,5133.090646816909,2.2120969433431994,2.011884492286182,307.17306771877935,0.0,0.0,0.0,1.772428621267721,7.221122112211221,0.7328918322295805,1505.202353894076,303,0.2175126075744629,0.1,0.5
ring,100,1500000.0,1,1,exclude,launch,0,0.0,prior,0.0,cluster_patrol,12600.0,43200.0,1740851.9828565547,0,1361754.5327211404,379097.45013541426,0,0,0.0,0,3.2163962904442944,2.8393929343475293,12102.945155992567,6867.863495456466,1.7622576750396168,2.0512228200601434,331.52082522456,0.0,0.25,0.0,7.596994942209843,75.0,0.7486338797814208,4883.105245014337,8,0.06551337242126465,0.1,0.5
paper,100,3000000.0,11,10,exclude,launch,0,0.0,prior,0.0,cluster_patrol,12600.0,43200.0,6019404.254972937,0,5080909.9438725365,938494.3111003995,0,31,0.919587122123193,34,6.867920447089868,10.802238564333166,11315.025236966976,3672.019453887879,3.0814175630215677,2.0168390859854677,310.18851803632856,0.0,0.0,0.20813953488372092,0.939119064809196,2.7993779160186625,0.5618838992332968,1821.090139842166,643,0.2590219974517822,0.1,0.5
paper,100,3000000.0,6,11,exclude,launch,0,0.0,prior,0.0,cluster_patrol,12600.0,43200.0,641939.8145941555,0,425660.50999832776,216279.3045958278,0,0,0.0,0,6.844493765443187,8.547367280928793,11354.89412972725,4652.163513424211,2.4407770915535845,2.0118826719631757,307.1719625458009,0.0,0.0,0.0,2.411909997439172,14.023809523809524,0.788961038961039,1419.008790882111,168,0.22751259803771973,0.1,0.5
paper,100,3000000.0,4,12,exclude,launch,0,0.0,prior,0.0,cluster_patrol,12600.0,43200.0,745818.0242795253,0,496584.0558702895,249233.96840923582,0,0,0.0,0,6.97727919141477,9.833777727835205,11132.45408971209,4040.605613893601,2.7551449345695125,2.0133678822484233,308.0743394317965,0.0,0.0,0.0,3.3156502479238754,23.962962962962962,0.8002232142857143,1699.4023224506811,81,0.1785135269165039,0.1,0.5
paper,100,3000000.0,10,10,exclude,launch,0,0.0,prior,0.0,cluster_patrol,12600.0,43200.0,4159340.812587498,0,3502568.831435054,656771.9811524441,0,20,0.8410247445517459,26,6.867920447089868,9.717234694242812,11315.025236966976,4083.4136388205366,2.770972092906864,2.016155012504153,309.7713028311947,0.0,0.00819672131147541,0.12295081967213115,1.1030231999759446,3.8555758683729433,0.6387377584330794,1553.4025982190947,547,0.279022216796875,0.1,0.5
ring,100,1500000.0,2,1,exclude,launch,0,0.0,prior,0.0,cluster_patrol,12600.0,43200.0,1234512.3372681139,0,1024903.0878968484,209609.2493712655,0,0,0.0,0,3.2163962904442944,2.6622803029384077,12102.945155992567,7385.317736352443,1.6387846248535447,2.0344031880513684,320.9969866352502,0.0,0.02127659574468085,0.0,3.8805763719391404,24.914285714285715,0.8532608695652174,3789.1047235189963,35,0.07100510597229004,0.1,0.5
paper,100,3000000.0,10,11,exclude,launch,0,0.0,prior,0.0,cluster_patrol,12600.0,43200.0,3486890.7002533367,0,2945752.1131135323,541138.5871398047,0,20,0.82728840842897,21,6.844493765443187,14.28907237868906,11354.89412972725,2779.8255668240445,4.084750591994964,2.0140414577569152,308.48402341493096,0.0,0.001440922190201729,0.38472622478386165,0.9045589010696722,3.769673704414587,0.6648351648351648,1672.8862823750592,521,0.2345132827758789,0.1,0.5
paper,100,3000000.0,9,10,exclude,launch,0,0.0,prior,0.0,cluster_patrol,12600.0,43200.0,3435751.0590512673,0,2728368.26435073,707382.7947005371,0,13,0.7157306286598607,16,6.867920447089868,10.461390618151155,11315.025236966976,3793.5580827617646,2.9826946075726024,2.015829658366909,309.57296844534943,0.0,0.0015455950540958269,0.1391035548686244,1.1083575918291997,4.760330578512397,0.6801310043668122,1438.2753143921182,484,0.29502201080322266,0.1,0.5
ring,100,1500000.0,1,2,exclude,launch,0,0.0,prior,0.0,cluster_patrol,12600.0,43200.0,2526102.6236280077,0,1911848.1782397896,614254.4453882182,0,0,0.0,0,3.2626693321378917,2.0314473091204084,11926.566744799826,9562.757009874038,1.2471891456078026,2.059070936347841,336.48937446500776,0.0,0.0,0.0,7.114746747680048,51.2,0.5021459227467812,6698.923150653529,10,0.04899954795837402,0.1,0.5
paper,100,3000000.0,9,11,exclude,launch,0,0.0,prior,0.0,cluster_patrol,12600.0,43200.0,2462103.525539213,0,2022532.0330065873,439571.4925326253,0,14,0.7931947026285356,14,6.844493765443187,7.493405383723995,11354.89412972725,5304.8702901641445,2.140465931990941,2.012500465907685,307.54715803898364,0.0,0.0,0.0,1.6542274399428525,6.394520547945206,0.7052980132450332,1420.4839040101576,365,0.25751399993896484,0.1,0.5
ring,100,1500000.0,3,1,exclude,launch,0,0.0,prior,0.0,cluster_patrol,12600.0,43200.0,1677725.72091039,0,1371765.698438586,305960.0224718041,0,0,0.0,0,3.2163962904442944,2.5023011142035383,12102.945155992567,7842.65995622265,1.5432194209044665,2.0382480563207945,323.38770793617226,0.0,0.009345794392523364,0.0,2.5349902968655256,11.69620253164557,0.7213114754098361,3516.775474618912,79,0.09200000762939453,0.1,0.5
paper,100,3000000.0,11,11,exclude,launch,0,0.0,prior,0.0,cluster_patrol,12600.0,43200.0,5087926.166523444,0,4351574.11241044,736352.0541130031,0,29,0.8930359865973979,31,6.844493765443187,15.692384747547408,11354.89412972725,2531.3102360973526,4.4857773526937015,2.0139823676233197,308.4480725552979,0.0,0.0,0.4405940594059406,0.7740286403961182,2.9107438016528926,0.575083426028921,1851.682235387367,605,0.2345128059387207,0.1,0.5
ring,100,1500000.0,4,1,exclude,launch,0,0.0,prior,0.0,cluster_patrol,12600.0,43200.0,5406721.884513569,0,5112115.1582031,294606.72631046886,0,33,0.919773163222065,33,3.2163962904442944,2.743574032510882,12102.945155992567,7185.232674723593,1.6844193784522299,2.0290954241182844,317.7112175823577,0.0,0.00546448087431694,0.0,1.9714123858099322,7.992592592592593,0.6830601092896175,3012.267037943343,135,0.1100001335144043,0.1,0.5
paper,100,3000000.0,5,12,exclude,launch,0,0.0,prior,0.0,cluster_patrol,12600.0,43200.0,814535.3665625239,0,537678.4227889727,276856.94377355115,0,0,0.0,0,6.97727919141477,9.497900033989056,11132.45408971209,4185.77719367369,2.659590698362418,2.012270151787218,307.4072580597951,0.0,0.011111111111111112,0.0,2.4935809931316975,16.711111111111112,0.8152295632698768,1465.2603644065139,135,0.2065136432647705,0.1,0.5
ring,100,1500000.0,2,2,exclude,launch,0,0.0,prior,0.0,cluster_patrol,12600.0,43200.0,1333894.666474261,0,1023104.9289442084,310789.7375300526,0,0,0.0,0,3.2626693321378917,2.751073442741087,11926.566744799826,7141.073689647284,1.6701363496766983,2.0360774414429565,322.0369394000951,0.0,0.04081632653061224,0.0,3.706777023973695,24.75,0.8603603603603603,3645.4056869487963,36,0.0820004940032959,0.1,0.5
ring,100,1500000.0,4,2,exclude,launch,0,0.0,prior,0.0,cluster_patrol,12600.0,43200.0,7852815.367246071,0,7230555.474201377,622259.8930446943,0,42,0.9058650235211665,44,3.2626693321378917,4.632537290552259,11926.566744799826,4247.374573368191,2.8079856247154567,2.0329210112413985,320.07774463918594,0.0,0.07079646017699115,0.39823008849557523,1.1868032195785099,3.8214285714285716,0.45248868778280543,5168.048479085286,168,0.07800030708312988,0.1,0.5
ring,100,1500000.0,1,4,exclude,launch,0,0.0,prior,0.0,cluster_patrol,12600.0,43200.0,2637421.8404970467,0,2061057.5772281364,576364.26326891,0,0,0.0,0,3.1796645590154853,2.2713568346441666,12246.610008987385,8573.394845803536,1.4284434846695295,2.0541010174471657,333.338686494945,0.0,0.0,0.0,7.229877754255484,49.4,0.48214285714285715,7055.365482308638,10,0.04900074005126953,0.1,0.5
ring,100,1500000.0,3,2,exclude,launch,0,0.0,prior,0.0,cluster_patrol,12600.0,43200.0,1973592.591894149,0,1582467.1022011708,391125.48969297827,0,0,0.0,0,3.2626693321378917,2.42137169644115,11926.566744799826,8109.294883328329,1.4707279629600496,2.0371144832778807,322.6819354274238,0.0,0.009708737864077669,0.0,2.6470279640096575,12.368421052631579,0.7207207207207207,3478.570814917307,76,0.08600020408630371,0.1,0.5
ring,100,1500000.0,5,2,exclude,launch,0,0.0,prior,0.0,cluster_patrol,12600.0,43200.0,10261710.504084863,0,9513636.617647858,748073.8864370043,0,57,0.9597676876014652,60,3.2626693321378917,6.850278015365474,11926.566744799826,2876.194957947925,4.1466475392575814,2.030174989445023,318.378152663416,0.0,0.0,0.5014005602240896,0.7532186952879627,2.4419475655430714,0.3755656108597285,5077.756667587139,267,0.08500003814697266,0.1,0.5
ring,100,1500000.0,1,3,exclude,launch,0,0.0,prior,0.0,cluster_patrol,12600.0,43200.0,1216545.6413575907,0,978968.9965905399,237576.64476705084,0,0,0.0,0,3.198522026885587,9.875165940060594,12172.442666886414,1984.919710391389,6.1324609772181855,2.04066936524707,324.8978183291222,0.0,0.0,0.0,7.527823401112717,100.0,0.8738738738738738,3628.9829939148144,9,0.07899975776672363,0.1,0.5
ring,100,1500000.0,3,3,exclude,launch,0,0.0,prior,0.0,cluster_patrol,12600.0,43200.0,2066017.839646732,0,1589514.3215663543,476503.5180803777,0,0,0.0,0,3.198522026885587,2.2974475949424615,12172.442666886414,8537.468738771273,1.425767172839838,2.039319401498995,324.0554454996686,0.0,0.0,0.0,2.6473887704456427,9.473684210526315,0.6132075471698113,4555.7845011199,76,0.07300019264221191,0.1,0.5
ring,100,1500000.0,2,3,exclude,launch,0,0.0,prior,0.0,cluster_patrol,12600.0,43200.0,1582443.1318234385,0,1207982.1890389808,374460.9427844577,0,0,0.0,0,3.198522026885587,2.5502911486745594,12172.442666886414,7715.172460818117,1.5777278769469851,2.0329401317490707,320.0895947333363,0.0,0.06382978723404255,0.0,3.8548461735087622,24.428571428571427,0.7368421052631579,3862.242192736023,35,0.07700061798095703,0.1,0.5
paper,100,3000000.0,6,12,exclude,launch,0,0.0,prior,0.0,cluster_patrol,12600.0,43200.0,901158.2689710311,0,552601.1545263416,348557.1144446895,0,0,0.0,0,6.97727919141477,8.268150758152483,11132.45408971209,4809.79511098839,2.3145381108394916,2.011662052843203,307.03803274887696,0.0,0.0,0.0,2.338157613435137,13.686046511627907,0.7984409799554566,1413.0519670573844,172,0.230513334274292,0.1,0.5
ring,100,1500000.0,5,1,exclude,launch,0,0.0,prior,0.0,cluster_patrol,12600.0,43200.0,7037385.3652533535,0,6599360.434322466,438024.93093088653,0,43,0.9175567479190057,44,3.2163962904442944,7.72792096470632,12102.945155992567,2553.424793449036,4.739887067378447,2.027095681905899,316.4776619369229,0.0,0.0,0.5070821529745042,0.7619965982929302,4.507575757575758,0.554945054945055,2748.1536626967154,264,0.1289994716644287,0.1,0.5
ring,100,1500000.0,2,4,exclude,launch,0,0.0,prior,0.0,cluster_patrol,12600.0,43200.0,1565739.5107513685,0,1194457.4329845335,371282.077766835,0,0,0.0,0,3.1796645590154853,2.5337196128544277,12246.610008987385,7757.43881483976,1.5786924397727724,2.0350874649135493,321.42181800634734,0.0,0.041666666666666664,0.0,3.8196001787157634,23.61111111111111,0.7383177570093458,3885.9393033168726,36,0.07899951934814453,0.1,0.5
paper,100,3000000.0,7,12,exclude,launch,0,0.0,prior,0.0,cluster_patrol,12600.0,43200.0,1108142.4887499819,0,786306.2572371223,321836.2315128596,0,1,0.13467395972567422,2,6.97727919141477,7.307093141964518,11132.45408971209,5441.575723431738,2.0458144213219533,2.0119661358902743,307.2226380566079,0.0,0.0,0.0,2.145783355554158,11.242009132420092,0.8066666666666666,1344.3741495204113,219,0.24451375007629395,0.1,0.5
ring,100,1500000.0,3,4,exclude,launch,0,0.0,prior,0.0,cluster_patrol,12600.0,43200.0,2413365.8932252713,0,1954717.2441215313,458648.6491037402,0,0,0.0,0,3.1796645590154853,2.27668861434815,12246.610008987385,8619.543881676193,1.4207955985956253,2.038318614964285,323.43166385440543,0.0,0.0,0.0,2.6095634360562108,9.513157894736842,0.6476190476190476,4454.982753642498,76,0.07499957084655762,0.1,0.5
ring,100,1500000.0,4,3,exclude,launch,0,0.0,prior,0.0,cluster_patrol,12600.0,43200.0,6474691.812350538,0,6079165.931664524,395525.8806860138,0,40,0.9540294937772199,40,3.198522026885587,2.9190113493627905,12172.442666886414,6770.039018050495,1.7979870772431086,2.0241049925453805,314.63731072691206,0.0,0.0,0.005076142131979695,1.8271660682681667,8.432432432432432,0.5645933014354066,2632.4150402270557,148,0.11700010299682617,0.1,0.5
ring,100,1500000.0,1,5,exclude,launch,0,0.0,prior,0.0,cluster_patrol,12600.0,43200.0,1184732.6476209252,0,953814.8783556395,230917.7692652857,0,0,0.0,0,3.149894199612885,13.615602192054252,12365.505886382653,1439.245595022208,8.59165796939045,2.041212542705492,325.23706772617095,0.0,0.0,0.0,7.600690878504361,100.0,0.8161434977578476,3664.1106559458685,8,0.07800006866455078,0.1,0.5
ring,100,1500000.0,5,4,exclude,launch,0,0.0,prior,0.0,cluster_patrol,12600.0,43200.0,9201962.070177607,0,8592294.438611336,609667.631566272,0,54,0.9605535434107415,57,3.1796645590154853,6.584059963693122,12246.610008987385,2988.1838892824208,4.098345504408791,2.0331007186827357,320.18912848283566,0.0,0.0,0.5070821529745042,0.7675701537361311,2.5833333333333335,0.3904761904761905,4846.058718581574,264,0.08700037002563477,0.1,0.5
paper,100,3000000.0,8,12,exclude,launch,0,0.0,prior,0.0,cluster_patrol,12600.0,43200.0,2696766.9711908684,0,2253029.2075955863,443737.763595282,0,13,0.7688866131734118,14,6.97727919141477,8.284549669740326,11132.45408971209,4802.3442439379,2.318129131156064,2.0107949820126825,306.5119486986059,0.0,0.0,0.0,1.6940701365681259,8.439873417721518,0.7713004484304933,1235.835715579159,316,0.27851319313049316,0.1,0.5
ring,100,1500000.0,2,5,exclude,launch,0,0.0,prior,0.0,cluster_patrol,12600.0,43200.0,1519087.764372537,0,1140578.395682019,378509.36869051814,0,0,0.0,0,3.149894199612885,2.485872361129056,12365.505886382653,7912.504167082633,1.5627803316458608,2.033607869730721,320.5035685107838,0.0,0.043478260869565216,0.0,3.9432333234724752,24.205882352941178,0.6933333333333334,3994.150155344849,34,0.07699966430664062,0.1,0.5
ring,100,1500000.0,1,6,exclude,launch,0,0.0,prior,0.0,cluster_patrol,12600.0,43200.0,1692125.9037716105,0,1302645.998253234,389479.90551837656,0,0,0.0,0,3.19101767500141,3.1705309775096477,12201.852639894574,6162.403728614452,1.9800475881248412,2.0472828241833954,329.0403941488648,0.0,0.5833333333333334,0.0,7.665880151709212,79.75,0.7892376681614349,4633.9019937496805,8,0.07000064849853516,0.1,0.5
ring,100,1500000.0,5,3,exclude,launch,0,0.0,prior,0.0,cluster_patrol,12600.0,43200.0,8277600.116862104,0,7721583.748533292,556016.3683288126,0,51,0.9567045865694631,55,3.198522026885587,8.109862227029797,12172.442666886414,2443.7077263461133,4.981136874779589,2.0183535973195355,311.11321475209144,0.0,0.0,0.5085227272727273,0.7582346793668363,4.420454545454546,0.4585365853658537,2796.853514877573,264,0.1360001564025879,0.1,0.5
ring,100,1500000.0,4,4,exclude,launch,0,0.0,prior,0.0,cluster_patrol,12600.0,43200.0,6815147.285195995,0,6341708.866798509,473438.4183974865,0,38,0.9489355289803789,39,3.1796645590154853,2.59912186187006,12246.610008987385,7582.556299774216,1.615103076696186,2.0296338880107223,318.04378300202313,0.0,0.0,0.0,2.0089819624485203,7.955223880597015,0.5384615384615384,3077.355822008059,134,0.1100001335144043,0.1,0.5
ring,100,1500000.0,3,5,exclude,launch,0,0.0,prior,0.0,cluster_patrol,12600.0,43200.0,2213599.457425138,0,1815154.2653966085,398445.19202852977,0,0,0.0,0,3.149894199612885,2.335567343642994,12365.505886382653,8396.49394812495,1.4726987195821224,2.0397156016721016,324.30255970811413,0.0,0.0,0.0,2.564599102616107,10.435897435897436,0.6017699115044248,4009.26514000749,78,0.0820000171661377,0.1,0.5
ring,100,1500000.0,2,6,exclude,launch,0,0.0,prior,0.0,cluster_patrol,12600.0,43200.0,1245251.2225217158,0,982739.98831317,262511.23420854565,0,0,0.0,0,3.19101767500141,2.4518065288912663,12201.852639894574,8014.857802231582,1.5224041325470807,2.03553217974327,321.6980685851542,0.0,0.1276595744680851,0.0,3.871925959505693,26.228571428571428,0.8794642857142857,3635.762955683865,35,0.07699990272521973,0.1,0.5
ring,100,1500000.0,3,6,exclude,launch,0,0.0,prior,0.0,cluster_patrol,12600.0,43200.0,2223133.704423003,0,1717259.227904933,505874.47651807,0,0,0.0,0,3.19101767500141,2.274307113358656,12201.852639894574,8612.916532144749,1.416692312569773,2.0420230646634394,325.7436201871761,0.0,0.0,0.0,2.590306945568133,9.423076923076923,0.6412556053811659,4466.634488111812,78,0.06999969482421875,0.1,0.5
paper,100,3000000.0,9,12,exclude,launch,0,0.0,prior,0.0,cluster_patrol,12600.0,43200.0,3746048.7858301117,0,3206712.8656779183,539335.9201521933,0,21,0.8275958058232965,22,6.97727919141477,10.237465131592604,11132.45408971209,3884.8994676347547,2.8655707007239153,2.011489485140797,306.9332935651182,0.0,0.0,0.15358361774744028,1.2277409913086625,5.424657534246576,0.7032842582106456,1380.9448699337804,438,0.2815132141113281,0.1,0.5
paper,100,3000000.0,10,12,exclude,launch,0,0.0,prior,0.0,cluster_patrol,12600.0,43200.0,4727597.63535664,0,3994368.459069155,733229.1762874854,0,26,0.8352253220432655,27,6.97727919141477,14.786711889716944,11132.45408971209,2688.714843720568,4.14043687664078,2.0122115207479188,307.3716488204443,0.0,0.0,0.3630229419703104,0.8490508571853888,3.706306306306306,0.6297968397291196,1596.0755643175478,555,0.2715141773223877,0.1,0.5
ring,100,1500000.0,5,5,exclude,launch,0,0.0,prior,0.0,cluster_patrol,12600.0,43200.0,9077731.049557349,0,8434143.577533666,643587.4720236823,0,54,0.9560674287346274,57,3.149894199612885,6.877518018200262,12365.505886382653,2869.202222232707,4.309736619665753,2.027062297096165,316.45708863493525,0.0,0.0,0.50997150997151,0.7699647207452904,2.5113636363636362,0.3632286995515695,4978.078368428593,264,0.09299945831298828,0.1,0.5
ring,100,1500000.0,4,5,exclude,launch,0,0.0,prior,0.0,cluster_patrol,12600.0,43200.0,6786235.178478862,0,6308456.649573622,477778.5289052405,0,40,0.9442101045688267,42,3.149894199612885,2.893604430145029,12365.505886382653,6837.694623774516,1.8084320179184452,2.0216740178677335,313.1453396357994,0.0,0.0,0.0,1.9899541970016732,7.4963503649635035,0.5401785714285714,3239.675974919513,137,0.10499978065490723,0.1,0.5
ring,100,1500000.0,1,7,exclude,launch,0,0.0,prior,0.0,cluster_patrol,12600.0,43200.0,1093425.34515735,0,895095.5737814286,198329.77137592132,0,0,0.0,0,3.22623909705551,12.776711972022367,12065.003800609027,1532.4173761839738,7.873183891097152,2.04297860712235,326.3413124744631,0.0,0.0,0.0,7.104767501330988,100.0,0.8427947598253275,3425.0378979716374,9,0.08400106430053711,0.1,0.5
paper,100,3000000.0,11,12,exclude,launch,0,0.0,prior,0.0,cluster_patrol,12600.0,43200.0,6092772.066902661,0,5300890.236622827,791881.8302798341,0,34,0.9242047073439591,37,6.97727919141477,16.70924766094072,11132.45408971209,2380.791433708096,4.675946801594976,2.010998467609288,306.63537045249853,0.0,0.0,0.4206815511163337,0.7364492027878685,3.110062893081761,0.6051743532058492,1652.295791061443,636,0.2625129222869873,0.1,0.5
ring,100,1500000.0,2,7,exclude,launch,0,0.0,prior,0.0,cluster_patrol,12600.0,43200.0,1436470.63143724,0,1174052.2714437458,262418.35999349394,0,1,0.15802281313625688,0,3.22623909705551,2.6420813194387884,12065.003800609027,7444.204735583948,1.6207243391543569,2.0337403348250014,320.5857239532319,0.0,0.021739130434782608,0.0,3.919120099038451,24.529411764705884,0.7456140350877193,3901.9872482578044,34,0.07899999618530273,0.1,0.5
ring,100,1500000.0,3,7,exclude,launch,0,0.0,prior,0.0,cluster_patrol,12600.0,43200.0,1848012.2940934976,0,1476779.2265452757,371233.0675482218,0,0,0.0,0,3.22623909705551,2.2799481797737484,12065.003800609027,8590.095228103877,1.4045250349654366,2.0423822940403458,325.968254078644,0.0,0.0,0.0,2.621850476650441,11.394736842105264,0.6710526315789473,3752.1202101401204,76,0.08299946784973145,0.1,0.5
ring,100,1500000.0,4,6,exclude,launch,0,0.0,prior,0.0,cluster_patrol,12600.0,43200.0,7109881.480154003,0,6561453.043276179,548428.4368778241,0,42,0.9537773341554278,43,3.19101767500141,2.8702090606830177,12201.852639894574,6894.0865766600455,1.7699012775969465,2.021481295500858,313.0272111174332,0.0,0.0,0.0,1.9966790270004142,8.148148148148149,0.5201793721973094,3002.384327587559,135,0.11599969863891602,0.1,0.5
ring,100,1500000.0,1,9,exclude,launch,0,0.0,prior,0.0,cluster_patrol,12600.0,43200.0,1779269.8053344074,0,1379668.8344259844,399600.97090842307,0,0,0.0,0,3.1915916932431867,2.5191461849698866,12199.598145553104,7745.415172294126,1.5750734949873173,2.0500380374973988,330.7739640574166,0.0,0.16666666666666666,0.0,7.640898495242274,73.625,0.7191011235955056,5003.047583011768,8,0.069000244140625,0.1,0.5
ring,100,1500000.0,1,8,exclude,launch,0,0.0,prior,0.0,cluster_patrol,12600.0,43200.0,1074720.2417650854,0,920001.6917420392,154718.55002304612,0,0,0.0,0,3.20317828305706,15.389673994721118,12154.263817152048,1272.6342670074305,9.550476623368404,2.0423348980006777,325.93861187702504,0.0,0.0,0.0,7.094107789552322,100.0,0.8839779005524862,3419.899106756225,9,0.07899975776672363,0.1,0.5
ring,100,1500000.0,1,10,exclude,launch,0,0.0,prior,0.0,cluster_patrol,12600.0,43200.0,1916749.9195548724,0,1429303.3814122914,487446.53814258095,0,0,0.0,0,3.1799343219167775,2.8520657070285274,12245.542816501451,6841.3003493330825,1.7899437520960757,2.050037508433315,330.77363073505336,0.0,0.16666666666666666,0.0,7.635415904204654,72.75,0.6790697674418604,5059.588670014245,8,0.06599974632263184,0.1,0.5
ring,100,1500000.0,4,7,exclude,launch,0,0.0,prior,0.0,cluster_patrol,12600.0,43200.0,5223120.640236872,0,4866503.557056922,356617.0831799496,0,33,0.9157260815979039,37,3.22623909705551,2.614257792237069,12065.003800609027,7527.18938448235,1.602856416165321,2.03272550838932,319.9565927033939,0.0,0.00546448087431694,0.0,1.9584631420125005,7.977941176470588,0.6211453744493393,2997.1203823199653,136,0.11600017547607422,0.1,0.5
ring,100,1500000.0,3,8,exclude,launch,0,0.0,prior,0.0,cluster_patrol,12600.0,43200.0,1889222.8247109463,0,1561754.8317630375,327467.99294790876,0,0,0.0,0,3.20317828305706,2.2673182295036236,12154.263817152048,8645.066122437704,1.4059191271662401,2.040700130036913,324.9170281976544,0.0,0.009708737864077669,0.0,2.6227223571398843,11.052631578947368,0.7081081081081081,3902.515908036564,76,0.08000016212463379,0.1,0.5
ring,100,1500000.0,2,9,exclude,launch,0,0.0,prior,0.0,cluster_patrol,12600.0,43200.0,1223919.4537380615,0,1013137.143657082,210782.31008097949,0,0,0.0,0,3.1915916932431867,2.797280904457908,12199.598145553104,7038.050019150536,1.7333775850353428,2.031756050102717,319.3561640770684,0.0,0.0425531914893617,0.0,3.871153924922754,24.65714285714286,0.8846153846153846,3861.0129635901867,35,0.07699990272521973,0.1,0.5
ring,100,1500000.0,5,6,exclude,launch,0,0.0,prior,0.0,cluster_patrol,12600.0,43200.0,8836508.794335218,0,8179652.128158049,656856.6661771698,0,54,0.975379310134324,54,3.19101767500141,8.630515731821175,12201.852639894574,2298.514910463125,5.308581025230781,2.0163964187637076,309.91850402270677,0.0,0.0,0.5157593123209169,0.7736442212715919,4.553846153846154,0.4304932735426009,2772.8676734482215,260,0.14100003242492676,0.1,0.5
ring,100,1500000.0,2,8,exclude,launch,0,0.0,prior,0.0,cluster_patrol,12600.0,43200.0,1031525.3709607417,0,857343.8168055422,174181.5541551994,0,0,0.0,0,3.20317828305706,2.612476643005453,12154.263817152048,7523.346001314557,1.615539656826674,2.0351505395224656,321.4609918420953,0.0,0.041666666666666664,0.0,3.751013525781696,29.5,0.8695652173913043,3095.780043462583,36,0.08899974822998047,0.1,0.5
ring,100,1500000.0,5,9,exclude,launch,0,0.0,prior,0.0,cluster_patrol,12600.0,43200.0,8810345.142844472,0,8334677.80552253,475667.3373219415,0,52,0.9410414147743628,56,3.1915916932431867,4.1109639238911795,12199.598145553104,4773.122769096639,2.555894481604126,2.038514104826658,323.55346377717456,0.0,0.0,0.2848101265822785,1.1351360581185965,2.320675105485232,0.449438202247191,5995.724283937312,237,0.08100056648254395,0.1,0.5
ring,100,1500000.0,2,10,exclude,launch,0,0.0,prior,0.0,cluster_patrol,12600.0,43200.0,1492658.2592355097,0,1125545.2758966635,367112.98333884636,0,0,0.0,0,3.1799343219167775,2.408490468166646,12245.542816501451,8158.37699241944,1.5009778081939218,2.0356883422272203,321.7951026676105,0.0,0.02127659574468085,0.0,3.909872906059821,25.085714285714285,0.7219730941704036,3861.189944821015,35,0.07999944686889648,0.1,0.5
ring,100,1500000.0,3,9,exclude,launch,0,0.0,prior,0.0,cluster_patrol,12600.0,43200.0,2006834.3937371208,0,1706267.7836909862,300566.6100461345,0,0,0.0,0,3.1915916932431867,2.67483170193647,12199.598145553104,7369.900202373565,1.65532745499377,2.029092859346025,317.7096339470931,0.0,0.0,0.0,2.620734058313696,12.039473684210526,0.7231638418079096,3539.150455548901,76,0.08800029754638672,0.1,0.5
ring,100,1500000.0,1,11,exclude,launch,0,0.0,prior,0.0,cluster_patrol,12600.0,43200.0,1614809.674618343,0,1278390.0222217217,336419.65239662124,0,0,0.0,0,3.163937907954001,4.3319866159854215,12309.139800997702,4519.163672307708,2.723764991390995,2.0432185110251604,326.49145852366576,0.0,0.4166666666666667,0.0,7.62322604315028,87.0,0.7788461538461539,4224.108411468637,8,0.07299971580505371,0.1,0.5
ring,100,1500000.0,4,8,exclude,launch,0,0.0,prior,0.0,cluster_patrol,12600.0,43200.0,6316220.5856035445,0,5946766.640794943,369453.9448086014,0,35,0.9408881153014754,36,3.20317828305706,2.784863230478715,12154.263817152048,7086.693734282429,1.7150824168335166,2.0268072821289556,316.29995838991596,0.0,0.0,0.0,1.9517521004772254,7.884892086330935,0.6304347826086957,3025.349087927293,139,0.11100006103515625,0.1,0.5
ring,100,1500000.0,4,9,exclude,launch,0,0.0,prior,0.0,cluster_patrol,12600.0,43200.0,5763312.280283931,0,5445027.340565566,318284.9397183644,0,35,0.9264508886863849,37,3.1915916932431867,2.7755953019946134,12199.598145553104,7116.778525128471,1.7142023041011913,2.024978408396498,315.17422130370534,0.0,0.0,0.0,2.0023196011811457,7.723880597014926,0.6348314606741573,3160.137482516464,134,0.10699987411499023,0.1,0.5
ring,100,1500000.0,3,11,exclude,launch,0,0.0,prior,0.0,cluster_patrol,12600.0,43200.0,1946869.1732692397,0,1625258.2793117373,321610.89395750256,0,0,0.0,0,3.163937907954001,2.3500629238344244,12309.139800997702,8356.909996421344,1.472929564428576,2.0367361682531717,322.4465647692807,0.0,0.0,0.0,2.632787466788182,10.552631578947368,0.6842105263157895,4109.177687351179,76,0.07299995422363281,0.1,0.5
ring,100,1500000.0,2,11,exclude,launch,0,0.0,prior,0.0,cluster_patrol,12600.0,43200.0,1389783.9830315849,0,1101140.7722815718,288643.2107500131,0,0,0.0,0,3.163937907954001,2.656171498244213,12309.139800997702,7412.131861894057,1.6606746925643994,2.0317054345005223,319.32483107337333,0.0,0.021739130434782608,0.0,3.8978794813931903,24.941176470588236,0.8221153846153846,3816.622905646496,34,0.08299994468688965,0.1,0.5
ring,100,1500000.0,3,10,exclude,launch,0,0.0,prior,0.0,cluster_patrol,12600.0,43200.0,2200371.8850305723,0,1818325.0831559908,382046.8018745812,0,0,0.0,0,3.1799343219167775,2.6529968433547557,12245.542816501451,7425.393385504985,1.6491439821095293,2.030503728319442,318.5813802240811,0.0,0.018518518518518517,0.0,2.511352178312144,13.395061728395062,0.6210045662100456,3076.48198810845,81,0.10100030899047852,0.1,0.5
ring,100,1500000.0,5,7,exclude,launch,0,0.0,prior,0.0,cluster_patrol,12600.0,43200.0,7918033.034740317,0,7448337.726279256,469695.30846106034,0,51,0.9703582855115988,52,3.22623909705551,7.887684168865503,12065.003800609027,2509.7070285168265,4.807335542961419,2.020633048037961,312.50754562417757,0.0,0.0,0.504225352112676,0.7553562310722165,4.853383458646617,0.4868421052631579,2558.462408446664,266,0.14300036430358887,0.1,0.5
ring,100,1500000.0,4,10,exclude,launch,0,0.0,prior,0.0,cluster_patrol,12600.0,43200.0,5831011.752773935,0,5391087.088241103,439924.6645328314,0,36,0.9332607493318053,36,3.1799343219167775,2.996953585980471,12245.542816501451,6604.38833938083,1.854152449437806,2.0209118586626134,312.6783069473855,0.0,0.0,0.0,1.984449429593778,8.301470588235293,0.5740740740740741,2934.5172284580835,136,0.11400055885314941,0.1,0.5
ring,100,1500000.0,2,12,exclude,launch,0,0.0,prior,0.0,cluster_patrol,12600.0,43200.0,1271764.9662738678,0,1022483.8471806267,249281.11909324102,0,0,0.0,0,3.2112213445339166,2.4225364187783076,12122.98646165286,8103.724158554368,1.4959771858542001,2.03753476225416,322.94351486573913,0.0,0.041666666666666664,0.0,3.8208915880148604,24.666666666666668,0.8073394495412844,3747.0014384511846,36,0.08100008964538574,0.1,0.5
ring,100,1500000.0,1,12,exclude,launch,0,0.0,prior,0.0,cluster_patrol,12600.0,43200.0,1233460.7347439567,0,983532.803033715,249927.93171024174,0,0,0.0,0,3.2112213445339166,13.832375672232478,12122.98646165286,1415.4131990533706,8.564980508702845,2.043054607436882,326.3888742285923,0.0,0.0,0.0,7.538917791708299,100.0,0.8423423423423423,3634.3313333555698,9,0.08499979972839355,0.1,0.5
ring,100,1500000.0,5,11,exclude,launch,0,0.0,prior,0.0,cluster_patrol,12600.0,43200.0,8620448.916820351,0,8137266.865620041,483182.0512003099,0,48,0.943244844917824,50,3.163937907954001,6.416397762568097,12309.139800997702,3060.305128904986,4.022193631849404,2.037060757471276,322.64850440606887,0.0,0.0,0.5187319884726225,0.7774442289960568,2.542307692307692,0.5192307692307693,4967.816898521226,260,0.09199953079223633,0.1,0.5
ring,100,1500000.0,5,8,exclude,launch,0,0.0,prior,0.0,cluster_patrol,12600.0,43200.0,7765420.390173994,0,7357347.803266048,408072.58690794616,0,45,0.9696209674937222,46,3.20317828305706,4.6236125426852475,12154.263817152048,4273.864435092621,2.843858059079651,2.024220485552048,314.7082809073421,0.0,0.0,0.28753993610223644,1.1465436608361532,6.465811965811966,0.5659340659340659,2169.2142077078915,234,0.16299939155578613,0.1,0.5
ring,100,1500000.0,5,10,exclude,launch,0,0.0,prior,0.0,cluster_patrol,12600.0,43200.0,7714399.843283685,0,7071824.208464375,642575.6348193104,0,48,0.9351487790593384,49,3.1799343219167775,7.28786515938918,12245.542816501451,2706.4825231761965,4.5245231445761105,2.0279368905285633,316.9962752728595,0.0,0.0,0.5014005602240896,0.7565898936301663,4.352059925093633,0.39436619718309857,2824.1817076176044,267,0.13199925422668457,0.1,0.5
ring,100,1500000.0,3,12,exclude,launch,0,0.0,prior,0.0,cluster_patrol,12600.0,43200.0,2155699.229998364,0,1748534.3283270819,407164.90167128184,0,0,0.0,0,3.2112213445339166,2.612306558317297,12122.98646165286,7514.473794383814,1.6132848145286458,2.0376860690201113,323.0377133515233,0.0,0.11504424778761062,0.0,2.3880165886160407,11.270588235294118,0.641860465116279,3471.5454877123266,85,0.08899998664855957,0.1,0.5
ring,100,1500000.0,4,11,exclude,launch,0,0.0,prior,0.0,cluster_patrol,12600.0,43200.0,6839868.493424658,0,6443850.027143317,396018.46628134075,0,37,0.945209422298469,38,3.163937907954001,3.0569089923818593,12309.139800997702,6480.205567003818,1.8994983529031695,2.019243525047454,311.65720900534785,0.0,0.0,0.0,1.9836439155668015,8.644444444444444,0.5769230769230769,2837.6076014344485,135,0.11599993705749512,0.1,0.5
ring,100,1500000.0,4,12,exclude,launch,0,0.0,prior,0.0,cluster_patrol,12600.0,43200.0,5550716.45873644,0,5232404.680736733,318311.7779997076,0,33,0.9154832736168667,36,3.2112213445339166,2.8435956743269846,12122.98646165286,6940.627971736789,1.7466699715096907,2.0267182594912874,316.2451153118455,0.0,0.0,0.0,1.961058653921,8.277372262773723,0.6445497630331753,2921.47062276305,137,0.11300063133239746,0.1,0.5
ring,100,1500000.0,5,12,exclude,launch,0,0.0,prior,0.0,cluster_patrol,12600.0,43200.0,8266180.71439752,0,7795784.440065562,470396.27433195803,0,50,0.9671749605835223,51,3.2112213445339166,7.4689682714312475,12122.98646165286,2644.5792047281093,4.584089007422725,2.0250828614754464,315.23846186720675,0.0,0.0,0.5128939828080229,0.7723956155558739,3.8115384615384613,0.44285714285714284,3310.6022794544256,260,0.12399983406066895,0.1,0.5
ring,100,3000000.0,3,1,exclude,launch,0,0.0,prior,0.0,cluster_patrol,12600.0,43200.0,547766.606681102,0,494558.4205671,53208.186114002,0,0,0.0,0,6.432792580888589,6.192355602319407,12102.945155992567,6388.495071478164,1.8944908026973242,2.0222532158314346,313.5004911833128,0.0,0.0,0.0,3.585317002638924,32.785714285714285,0.9358288770053476,1816.3690209758975,56,0.1510000228881836,0.1,0.5
ring,100,3000000.0,3,2,exclude,launch,0,0.0,prior,0.0,cluster_patrol,12600.0,43200.0,536795.1004535948,0,476385.4304664572,60409.669987137604,0,0,0.0,0,6.525338664275783,6.43725488706772,11926.566744799826,6143.575768081109,1.9413070164714485,2.0228704142522904,313.87916530579577,0.0,0.0,0.0,3.455201998003452,33.275862068965516,0.9414414414414415,1721.0906842538566,58,0.15400028228759766,0.1,0.5
ring,100,3000000.0,4,1,exclude,launch,0,0.0,prior,0.0,cluster_patrol,12600.0,43200.0,410980.61781221593,0,382943.5128117354,28037.105000480573,0,0,0.0,0,6.432792580888589,6.333270167954716,12102.945155992567,6254.529706017839,1.9350687781285354,2.0196090710516184,311.8807973312232,0.0,0.0,0.0,2.823593246211547,25.431578947368422,0.9402173913043478,1377.0247712048952,95,0.20199942588806152,0.1,0.5
ring,100,3000000.0,5,1,exclude,launch,0,0.0,prior,0.0,cluster_patrol,12600.0,43200.0,578231.3261211843,0,500841.2680522562,77390.05806892808,0,0,0.0,0,6.432792580888589,6.191447092140069,12102.945155992567,6395.775641098326,1.8923342273329289,2.0202476035660815,312.27155177469956,0.0,0.0,0.0,2.306903167228551,16.700680272108844,0.9297297297297298,1341.3831180615136,147,0.21599984169006348,0.1,0.5
ring,100,3000000.0,4,2,exclude,launch,0,0.0,prior,0.0,cluster_patrol,12600.0,43200.0,461850.5795041978,0,416395.9783652629,45454.60113893486,0,0,0.0,0,6.525338664275783,5.605951570461603,11926.566744799826,7060.296960687992,1.6892443492401825,2.0212390365562722,312.87875093591475,0.0,0.0,0.0,2.9888266514107014,24.921348314606742,0.9321266968325792,1482.7436287419941,89,0.18899941444396973,0.1,0.5
ring,100,3000000.0,7,1,exclude,launch,0,0.0,prior,0.0,cluster_patrol,12600.0,43200.0,3359964.9442898887,0,3129393.6124155615,230571.3318743273,0,20,0.8736767748256167,21,6.432792580888589,5.594910709762777,12102.945155992567,7079.974703232282,1.7094616383964063,2.0195988796464515,311.8745626128897,0.0,0.0,0.0,1.961877626997776,9.874476987447698,0.7868852459016393,1384.5840638292664,239,0.21799993515014648,0.1,0.5
ring,100,3000000.0,5,2,exclude,launch,0,0.0,prior,0.0,cluster_patrol,12600.0,43200.0,553240.4435437815,0,477361.44992520515,75878.9936185763,0,0,0.0,0,6.525338664275783,5.743094265737919,11926.566744799826,6899.559997421222,1.7285981641231465,2.018936439835483,311.46944052738286,0.0,0.0,0.0,2.6442202783267383,18.093023255813954,0.9292035398230089,1447.1922709857015,129,0.19099974632263184,0.1,0.5
ring,100,3000000.0,6,1,exclude,launch,0,0.0,prior,0.0,cluster_patrol,12600.0,43200.0,762553.5988248873,0,642226.6847650437,120326.9140598437,0,0,0.0,0,6.432792580888589,6.21548298372284,12102.945155992567,6371.598321309488,1.8995147756748696,2.0200713815115976,312.16368701369385,0.0,0.0,0.0,2.0515822412598297,13.228426395939087,0.8756756756756757,1265.0435088827871,197,0.22899961471557617,0.1,0.5
ring,100,3000000.0,6,2,exclude,launch,0,0.0,prior,0.0,cluster_patrol,12600.0,43200.0,947612.5136843672,0,739432.0332182758,208180.4804660915,0,0,0.0,0,6.525338664275783,5.850208249750195,11926.566744799826,6762.779423670046,1.7635599208006523,2.022057207874344,313.3802808503702,0.0,0.0,0.0,2.0910055473883165,11.296875,0.8597285067873304,1527.5286330936058,192,0.1960000991821289,0.1,0.5
ring,100,3000000.0,3,3,exclude,launch,0,0.0,prior,0.0,cluster_patrol,12600.0,43200.0,535241.721429349,0,476758.780413603,58482.941015746015,0,0,0.0,0,6.397044053771174,5.225861904618731,12172.442666886414,7568.431718352594,1.6083176964349977,2.022675251747284,313.75940116091124,0.0,0.0,0.0,3.660771699800767,33.392857142857146,0.9433962264150944,1814.0502595614817,56,0.16100144386291504,0.1,0.5
ring,100,3000000.0,8,1,exclude,launch,0,0.0,prior,0.0,cluster_patrol,12600.0,43200.0,5189415.548662578,0,4920224.010706489,269191.5379560888,0,33,0.9573213015814257,33,6.432792580888589,10.309616111496906,12102.945155992567,3848.436325487426,3.144899416897501,2.016337315364198,309.8824615805115,0.0,0.0,0.3731656184486373,1.12433256030064,6.620786516853933,0.7049180327868853,1392.333410165617,356,0.23370361328125,0.1,0.5
ring,100,3000000.0,7,2,exclude,launch,0,0.0,prior,0.0,cluster_patrol,12600.0,43200.0,4755543.956488789,0,4395047.37362026,360496.5828685291,0,26,0.8910939929993135,26,6.525338664275783,8.365700606594354,11926.566744799826,4739.847315502184,2.516234374426513,2.0175454039195033,310.61959471131155,0.0,0.0,0.23180592991913745,1.4394092221980894,7.733812949640288,0.6681818181818182,1517.2297420640928,278,0.21970224380493164,0.1,0.5
ring,100,3000000.0,4,3,exclude,launch,0,0.0,prior,0.0,cluster_patrol,12600.0,43200.0,427159.55081105983,0,387918.0307478542,39241.52006320567,0,0,0.0,0,6.397044053771174,5.8107863168126315,12172.442666886414,6817.293931602699,1.7855241081008748,2.0194963033712208,311.81181377627513,0.0,0.0,0.0,2.821349901525799,24.78723404255319,0.9619047619047619,1422.0772611060388,94,0.20070290565490723,0.1,0.5
ring,100,3000000.0,9,1,exclude,launch,0,0.0,prior,0.0,cluster_patrol,12600.0,43200.0,6184195.639702167,0,5856930.175117845,327265.4645843224,0,40,0.960586101709303,40,6.432792580888589,18.919473693522562,12102.945155992567,2097.470182245101,5.770258504003024,2.0159749922625645,309.66155547087556,0.0,0.0,0.5173410404624278,0.647288295474635,4.463320463320463,0.6338797814207651,1420.5431387939084,518,0.26270294189453125,0.1,0.5
ring,100,3000000.0,5,3,exclude,launch,0,0.0,prior,0.0,cluster_patrol,12600.0,43200.0,601155.5612128238,0,529607.596090569,71547.96512225489,0,0,0.0,0,6.397044053771174,6.230480270257819,12172.442666886414,6361.548461352406,1.9134402167705356,2.0183924917428553,311.1369801714665,0.0,0.010256410256410256,0.0,2.295094524969723,15.73793103448276,0.9375,1441.9348700337605,145,0.20470285415649414,0.1,0.5
ring,100,3000000.0,8,2,exclude,launch,0,0.0,prior,0.0,cluster_patrol,12600.0,43200.0,7132504.550567112,0,6658280.185656361,474224.3649107498,0,41,0.9735787950057403,44,6.525338664275783,8.244041051049487,11926.566744799826,4815.727093044752,2.476586923296609,2.015059961406042,309.1040175748906,0.0,0.0,0.18907563025210083,1.3234187825359673,6.270422535211267,0.5746606334841629,1476.6224421037784,355,0.21970224380493164,0.1,0.5
ring,100,3000000.0,6,3,exclude,launch,0,0.0,prior,0.0,cluster_patrol,12600.0,43200.0,1104454.9780796303,0,904669.5409687526,199785.43711087765,0,0,0.0,0,6.397044053771174,5.776918722857086,12172.442666886414,6855.382414097234,1.7756037419379134,2.0200496482476202,312.15038546702806,0.0,0.0,0.0,2.100245062680523,12.177083333333334,0.8086124401913876,1403.2122125927206,192,0.20670247077941895,0.1,0.5
ring,100,3000000.0,10,1,exclude,launch,0,0.0,prior,0.0,cluster_patrol,12600.0,43200.0,6741317.623328827,0,6382637.416299045,358680.20702978293,0,43,0.9553208474029058,44,6.432792580888589,20.80958060476556,12102.945155992567,1906.374464397259,6.348671460944674,2.0165938917218065,310.0389422058264,0.0,0.0,0.5658227848101266,0.5667413744801565,3.6570945945945947,0.6229508196721312,1520.4860541731935,592,0.26470279693603516,0.1,0.5
ring,100,3000000.0,9,2,exclude,launch,0,0.0,prior,0.0,cluster_patrol,12600.0,43200.0,8831076.445326583,0,8262292.172596881,568784.2727297018,0,50,0.9814613934613636,50,6.525338664275783,17.281143865981008,11926.566744799826,2297.6356015993097,5.190799940816607,2.014820445840258,308.9581611886259,0.0,0.0,0.5351270553064275,0.674877893039053,3.738,0.49321266968325794,1771.6626752317998,500,0.22770333290100098,0.1,0.5
ring,100,3000000.0,10,2,exclude,launch,0,0.0,prior,0.0,cluster_patrol,12600.0,43200.0,9788008.557778943,0,9145552.127515431,642456.4302635108,0,56,0.9784439632852898,60,6.525338664275783,15.771235231443464,11926.566744799826,2517.7761668726944,4.736944809360754,2.014685029719084,308.8757128608057,0.0,0.0,0.44472049689440996,0.6696796010578606,2.9718076285240462,0.43891402714932126,1843.7826319516603,603,0.23870301246643066,0.1,0.5
ring,100,3000000.0,7,3,exclude,launch,0,0.0,prior,0.0,cluster_patrol,12600.0,43200.0,4344676.588104231,0,4056850.4319223245,287826.1561819067,0,27,0.929369469976068,30,6.397044053771174,5.59819046852029,12172.442666886414,7090.125245886785,1.7168163106777343,2.0155260216088084,309.3879301693841,0.0,0.0,0.0031645569620253164,1.994471017845125,9.425531914893616,0.6826923076923077,1471.6884088345982,235,0.21970224380493164,0.1,0.5
ring,100,3000000.0,8,3,exclude,launch,0,0.0,prior,0.0,cluster_patrol,12600.0,43200.0,6378915.075894792,0,6007180.988807415,371734.08708737703,0,40,0.9666031616414491,40,6.397044053771174,14.09136087680447,12172.442666886414,2819.2728323764695,4.317582366310327,2.0137239875409465,308.29089687477517,0.0,0.0,0.5173745173745173,0.8687865819422238,5.306701030927835,0.5980861244019139,1607.8151033411045,388,0.23270273208618164,0.1,0.5
ring,100,3000000.0,3,4,exclude,launch,0,0.0,prior,0.0,cluster_patrol,12600.0,43200.0,542970.0796806564,0,478525.3491581706,64444.73052248582,0,0,0.0,0,6.359329118030971,5.834993382010184,12246.610008987385,6778.437885876811,1.806700926551789,2.0226465517783137,313.74179095922267,0.0,0.0,0.0,3.450655133084805,32.53448275862069,0.9248826291079812,1778.0245180255479,58,0.15770316123962402,0.1,0.5
ring,100,3000000.0,9,3,exclude,launch,0,0.0,prior,0.0,cluster_patrol,12600.0,43200.0,8000365.612889885,0,7527491.580414676,472874.0324752078,0,50,0.9773399852411473,50,6.397044053771174,15.830465071144896,12172.442666886414,2509.209468190885,4.851106621904557,2.013999672106829,308.4586005098269,0.0,0.0,0.5604395604395604,0.7084119808378396,3.4276729559748427,0.5144230769230769,2015.974745919201,477,0.21970272064208984,0.1,0.5
ring,100,3000000.0,4,4,exclude,launch,0,0.0,prior,0.0,cluster_patrol,12600.0,43200.0,455688.392313321,0,411910.47218613426,43777.92012718681,0,0,0.0,0,6.359329118030971,5.475353814662076,12246.610008987385,7233.793836414663,1.69297194334436,2.019815364463242,312.0070132785887,0.0,0.0,0.0,3.0606012798027367,25.295454545454547,0.9295774647887324,1477.443918977601,88,0.1817028522491455,0.1,0.5
ring,100,3000000.0,10,3,exclude,launch,0,0.0,prior,0.0,cluster_patrol,12600.0,43200.0,8080629.391812859,0,7576057.443648513,504571.9481643461,0,51,0.9796291586789861,55,6.397044053771174,18.576506778953025,12172.442666886414,2138.7567298669633,5.691363817540658,2.0135598713946665,308.1910838704718,0.0,0.0,0.6024258760107817,0.6072273116499342,3.225225225225225,0.4951923076923077,1847.403409688302,555,0.21670269966125488,0.1,0.5
ring,100,3000000.0,3,5,exclude,launch,0,0.0,prior,0.0,cluster_patrol,12600.0,43200.0,532139.4089273232,0,466777.20327435416,65362.205652968965,0,0,0.0,0,6.29978839922577,5.581953759724368,12365.505886382653,7085.084551388022,1.745286989406521,2.022826875623233,313.8524452491552,0.0,0.0,0.0,3.530393737796901,32.89473684210526,0.9244444444444444,1771.2322022372118,57,0.14700031280517578,0.1,0.5
ring,100,3000000.0,5,4,exclude,launch,0,0.0,prior,0.0,cluster_patrol,12600.0,43200.0,547091.2447952089,0,477544.84641880234,69546.39837640653,0,0,0.0,0,6.359329118030971,5.31999620748342,12246.610008987385,7445.007678383991,1.6449425625905636,2.019823934986177,312.0122575112072,0.0,0.005813953488372093,0.0,2.6077718837027506,17.708661417322833,0.9285714285714286,1456.0375995222184,127,0.20070290565490723,0.1,0.5
ring,100,3000000.0,6,4,exclude,launch,0,0.0,prior,0.0,cluster_patrol,12600.0,43200.0,1245655.8864632593,0,1015850.524781141,229805.36168211835,0,0,0.0,0,6.359329118030971,6.6995171011764105,12246.610008987385,5906.806313826832,2.073304821307607,2.021593146198917,313.0957669081806,0.0,0.0,0.0,1.7908110984849823,11.165178571428571,0.7783018867924528,1318.9306608018733,224,0.22921252250671387,0.1,0.5
ring,100,3000000.0,3,6,exclude,launch,0,0.0,prior,0.0,cluster_patrol,12600.0,43200.0,544025.9065946596,0,481449.9877104226,62575.91888423693,0,0,0.0,0,6.38203535000282,5.4203739129196125,12201.852639894574,7293.722834805159,1.6729251873498876,2.023538560278606,314.2893553131606,0.0,0.0,0.0,3.6312528538800297,33.63636363636363,0.9464285714285714,1797.4057068667687,55,0.15550923347473145,0.1,0.5
ring,100,3000000.0,7,4,exclude,launch,0,0.0,prior,0.0,cluster_patrol,12600.0,43200.0,4917651.991267002,0,4593844.729091742,323807.26217526046,0,29,0.936639046271914,30,6.359329118030971,6.410494100015838,12246.610008987385,6188.443414543207,1.9789483701518753,2.016587440129386,310.03500702864545,0.0,0.0,0.002717391304347826,1.716617962411483,8.781818181818181,0.6619718309859155,1377.0306152421113,275,0.2352123260498047,0.1,0.5
ring,100,3000000.0,4,5,exclude,launch,0,0.0,prior,0.0,cluster_patrol,12600.0,43200.0,449525.07000233023,0,402224.0831902132,47300.98681211707,0,0,0.0,0,6.29978839922577,6.397899231549569,12365.505886382653,6192.957707628981,1.9967043971816298,2.0190844182947916,311.5599154833701,0.0,0.0,0.0,2.7042820156526894,23.48,0.9330357142857143,1411.381391142863,100,0.199509859085083,0.1,0.5
ring,100,3000000.0,5,5,exclude,launch,0,0.0,prior,0.0,cluster_patrol,12600.0,43200.0,499206.90335625765,0,431706.06544638035,67500.83790987736,0,0,0.0,0,6.29978839922577,5.657887753463451,12365.505886382653,7002.183924500621,1.765949883595,2.0193060462599712,311.6954447826404,0.0,0.0,0.0,2.4901396136801277,18.05925925925926,0.9203539823008849,1383.2549282502907,135,0.20350933074951172,0.1,0.5
ring,100,3000000.0,10,4,exclude,launch,0,0.0,prior,0.0,cluster_patrol,12600.0,43200.0,8957712.778867394,0,8395623.003090922,562089.7757764716,0,54,0.985277589601848,57,6.359329118030971,19.749052035902643,12246.610008987385,2010.9020071063687,6.090107805208227,2.014432990481775,308.7222876533392,0.0,0.0,0.5665399239543726,0.5702898499911382,3.2588832487309647,0.44285714285714284,1709.890279107936,591,0.24621129035949707,0.1,0.5
ring,100,3000000.0,8,4,exclude,launch,0,0.0,prior,0.0,cluster_patrol,12600.0,43200.0,6652995.369458413,0,6206506.52542057,446488.8440378433,0,37,0.960211103130602,39,6.359329118030971,11.484139339836638,12246.610008987385,3457.158558597319,3.5423917652062307,2.0149869385326844,309.05954561758534,0.0,0.0,0.33771106941838647,1.012328503233389,5.932160804020101,0.583732057416268,1383.5038323617032,398,0.24921298027038574,0.1,0.5
ring,100,3000000.0,6,5,exclude,launch,0,0.0,prior,0.0,cluster_patrol,12600.0,43200.0,842501.2109036951,0,665456.0750623044,177045.13584139076,0,0,0.0,0,6.29978839922577,5.387886663208441,12365.505886382653,7344.812488453095,1.683569989815625,2.0215794892260077,313.08739584218125,0.0,0.0,0.0,2.2032338764636785,12.136612021857923,0.8628318584070797,1512.5796556448458,183,0.20151114463806152,0.1,0.5
ring,100,3000000.0,9,4,exclude,launch,0,0.0,prior,0.0,cluster_patrol,12600.0,43200.0,7834610.546149677,0,7292976.168117471,541634.3780322052,0,45,0.9691171837260115,47,6.359329118030971,18.20612456742798,12246.610008987385,2181.356144389471,5.614218494529709,2.014400866653065,308.70273547994674,0.0,0.0,0.5272459499263623,0.6609528157004112,4.21301775147929,0.47619047619047616,1542.8657411859772,507,0.260211706161499,0.1,0.5
ring,100,3000000.0,7,5,exclude,launch,0,0.0,prior,0.0,cluster_patrol,12600.0,43200.0,3973973.3404660677,0,3594786.5823798007,379186.75808626675,0,23,0.8957954975922424,27,6.29978839922577,5.946660527367561,12365.505886382653,6668.607958231218,1.854285926513287,2.0173518628149516,310.50144383191565,0.0,0.0,0.0,1.8567502803693525,9.417322834645669,0.6533333333333333,1378.4932439836741,254,0.2235088348388672,0.1,0.5
ring,100,3000000.0,4,6,exclude,launch,0,0.0,prior,0.0,cluster_patrol,12600.0,43200.0,454173.26655081153,0,395627.2341892871,58546.03236152443,0,0,0.0,0,6.38203535000282,6.473282451736645,12201.852639894574,6120.334561487023,1.9936577841146577,2.0192508145950985,311.66166691583146,0.0,0.0,0.0,2.7334287581273986,24.505050505050505,0.9464285714285714,1410.3800697916868,99,0.2085094451904297,0.1,0.5
ring,100,3000000.0,5,6,exclude,launch,0,0.0,prior,0.0,cluster_patrol,12600.0,43200.0,620698.3247830871,0,516963.90072230296,103734.42406078413,0,0,0.0,0,6.38203535000282,6.522727813342372,12201.852639894574,6075.8315021058625,2.008260537782434,2.0186220341346877,311.2772545274068,0.0,0.0,0.0,2.2737292560841733,16.12837837837838,0.9282511210762332,1383.9820604169602,148,0.20550966262817383,0.1,0.5
ring,100,3000000.0,8,5,exclude,launch,0,0.0,prior,0.0,cluster_patrol,12600.0,43200.0,6667976.561721011,0,6182534.559655845,485442.0020651659,0,40,0.9653365040683005,42,6.29978839922577,10.891647844191006,12365.505886382653,3645.3505832554197,3.3921307715045184,2.014916689108934,309.01676574955223,0.0,0.0,0.3488372093023256,1.0447148851579295,5.891472868217054,0.5357142857142857,1452.4248480110707,387,0.24950861930847168,0.1,0.5
ring,100,3000000.0,10,5,exclude,launch,0,0.0,prior,0.0,cluster_patrol,12600.0,43200.0,8806241.160090167,0,8221016.616644241,585224.5434459256,0,54,0.9865611282749425,57,6.29978839922577,15.798034892636274,12365.505886382653,2516.2027562859253,4.914351935865026,2.0125250026480264,307.5620642962158,0.0,0.0,0.462033462033462,0.6944648691064873,3.7882960413080893,0.4170403587443946,1494.2148285910146,581,0.2645092010498047,0.1,0.5
ring,100,3000000.0,3,7,exclude,launch,0,0.0,prior,0.0,cluster_patrol,12600.0,43200.0,506932.0638407083,0,445277.0471168475,61655.01672386082,0,0,0.0,0,6.45247819411102,5.100271395204989,12065.003800609027,7743.923133658012,1.5579963272323776,2.025515948748553,315.5048883412933,0.0,0.0,0.0,3.5065573676592674,33.473684210526315,0.9051724137931034,1703.5486060842961,57,0.15750908851623535,0.1,0.5
ring,100,3000000.0,9,5,exclude,launch,0,0.0,prior,0.0,cluster_patrol,12600.0,43200.0,8385133.567543139,0,7823332.872013414,561800.6955297245,0,51,0.9844074512074852,52,6.29978839922577,18.019380304042745,12365.505886382653,2204.3472627196566,5.609599764751434,2.014049422221778,308.4888692124965,0.0,0.0,0.516546762589928,0.6436932241502324,4.296724470134874,0.4618834080717489,1461.3762248678472,519,0.2685096263885498,0.1,0.5
ring,100,3000000.0,6,6,exclude,launch,0,0.0,prior,0.0,cluster_patrol,12600.0,43200.0,1203156.1254827536,0,889282.624055577,313873.5014271767,0,0,0.0,0,6.38203535000282,6.679636898023341,12201.852639894574,5932.2072252228645,2.056882400873339,2.018927940632481,311.46424446046456,0.0,0.0,0.0,1.944660447690825,11.864734299516908,0.7847533632286996,1344.5256411838163,207,0.21150994300842285,0.1,0.5
ring,100,3000000.0,7,6,exclude,launch,0,0.0,prior,0.0,cluster_patrol,12600.0,43200.0,4916973.791539445,0,4505971.015416704,411002.77612273936,0,28,0.916800357596543,29,6.38203535000282,6.612407366283449,12201.852639894574,6002.319199588657,2.0328563400511546,2.015632251540686,309.4526611108812,0.0,0.0,0.0,1.7181887736691224,9.23913043478261,0.672645739910314,1304.539318095291,276,0.24650907516479492,0.1,0.5
ring,100,3000000.0,3,8,exclude,launch,0,0.0,prior,0.0,cluster_patrol,12600.0,43200.0,506796.1444031494,0,455880.4058194152,50915.7385837342,0,0,0.0,0,6.40635656611412,5.2473099164503685,12154.263817152048,7528.987461458556,1.6143291351420923,2.024961161273593,315.1636146357937,0.0,0.0,0.0,3.4732912742792545,33.59322033898305,0.9197860962566845,1709.401853860097,59,0.14599919319152832,0.1,0.5
ring,100,3000000.0,4,7,exclude,launch,0,0.0,prior,0.0,cluster_patrol,12600.0,43200.0,415009.9589279264,0,366842.8667326272,48167.092195299185,0,0,0.0,0,6.45247819411102,5.39566610806516,12065.003800609027,7332.416653378205,1.6454334731579137,2.0220774445985317,313.3926908271192,0.0,0.0,0.0,2.8752200720369565,25.376344086021504,0.9217391304347826,1394.158110686424,93,0.20550894737243652,0.1,0.5
ring,100,3000000.0,8,6,exclude,launch,0,0.0,prior,0.0,cluster_patrol,12600.0,43200.0,6953258.2190575935,0,6424781.4266027855,528476.7924548088,0,42,0.9775535036477575,43,6.38203535000282,11.732613433995143,12201.852639894574,3387.330680641876,3.602202970506088,2.0129715155219645,307.8333873776597,0.0,0.0,0.3383458646616541,1.0234000653154076,6.358395989974937,0.547085201793722,1306.5118624503675,399,0.2795095443725586,0.1,0.5
ring,100,3000000.0,5,7,exclude,launch,0,0.0,prior,0.0,cluster_patrol,12600.0,43200.0,596035.9514527525,0,497772.3291691799,98263.6222835726,0,0,0.0,0,6.45247819411102,6.248741646450263,12065.003800609027,6338.55294042825,1.9034318895810758,2.0197950143137033,311.99456136572593,0.0,0.0,0.0,2.3057356092063297,17.054794520547944,0.9301310043668122,1315.4977689902853,146,0.22499990463256836,0.1,0.5
ring,100,3000000.0,7,7,exclude,launch,0,0.0,prior,0.0,cluster_patrol,12600.0,43200.0,3613821.363055689,0,3359935.634118368,253885.72893732102,0,20,0.8558003254456882,21,6.45247819411102,5.503551564217119,12065.003800609027,7195.944763852744,1.676639301237405,2.0200360782618505,312.1420802867447,0.0,0.0,0.0,1.9551669772675535,9.518672199170124,0.7316017316017316,1452.4378005223712,241,0.23300457000732422,0.1,0.5
ring,100,3000000.0,4,8,exclude,launch,0,0.0,prior,0.0,cluster_patrol,12600.0,43200.0,398497.78237366467,0,370410.6579116623,28087.124462002368,0,0,0.0,0,6.40635656611412,6.025755994244913,12154.263817152048,6570.124935711328,1.8499288729029537,2.0207138468990227,312.5570271754206,0.0,0.0,0.0,2.7161535422025995,25.489795918367346,0.9402173913043478,1313.2231227516309,98,0.21400213241577148,0.1,0.5
ring,100,3000000.0,6,7,exclude,launch,0,0.0,prior,0.0,cluster_patrol,12600.0,43200.0,765301.5139882145,0,635793.6190998092,129507.89488840537,0,0,0.0,0,6.45247819411102,5.877644509819643,12065.003800609027,6729.902561871539,1.7927456883200155,2.0224504721393517,313.62149039339505,0.0,0.0,0.0,2.0271763780750405,13.257575757575758,0.8491379310344828,1269.9907998273623,198,0.2525138854980469,0.1,0.5
ring,100,3000000.0,3,9,exclude,launch,0,0.0,prior,0.0,cluster_patrol,12600.0,43200.0,524836.6080271519,0,471145.1455409407,53691.46248621123,0,0,0.0,0,6.383183386486373,5.682402023326851,12199.598145553104,6959.248003702628,1.7530052297406813,2.0229992285368557,313.9582264761004,0.0,0.0,0.0,3.470795516685903,33.26315789473684,0.9438202247191011,1702.101080949041,57,0.14951395988464355,0.1,0.5
ring,100,3000000.0,9,6,exclude,launch,0,0.0,prior,0.0,cluster_patrol,12600.0,43200.0,7571495.20835969,0,7012044.131706447,559451.0766532434,0,48,0.9821493886367797,49,6.38203535000282,13.16043406373537,12201.852639894574,3021.1649741349092,4.038790580573473,2.012080408145814,307.29202576577933,0.0,0.0,0.24059139784946237,0.8441254898692369,4.901079136690647,0.5022421524663677,1213.1565301085336,556,0.31002283096313477,0.1,0.5
ring,100,3000000.0,5,8,exclude,launch,0,0.0,prior,0.0,cluster_patrol,12600.0,43200.0,580667.6886500961,0,503956.46085764165,76711.22779245433,0,0,0.0,0,6.40635656611412,5.865511383127182,12154.263817152048,6749.071205753795,1.8008794760959341,2.020877994558174,312.6575639319356,0.0,0.0,0.0,2.333869762278281,17.386206896551723,0.9402173913043478,1311.7137437599613,145,0.21651363372802734,0.1,0.5
ring,100,3000000.0,10,6,exclude,launch,0,0.0,prior,0.0,cluster_patrol,12600.0,43200.0,8742943.103545548,0,8107632.346912195,635310.7566333548,0,54,0.9849761133570836,54,6.38203535000282,19.417088584046052,12201.852639894574,2048.618169925063,5.956138053945363,2.0111518126511765,306.728396468328,0.0,0.0,0.3958103638368247,0.5946336389451323,3.6823529411764704,0.4349775784753363,1311.0014288136776,680,0.3140232563018799,0.1,0.5
ring,100,3000000.0,8,7,exclude,launch,0,0.0,prior,0.0,cluster_patrol,12600.0,43200.0,5243550.962303422,0,4910501.282024004,333049.6802794184,0,34,0.9303667864291466,37,6.45247819411102,11.805595123716712,12065.003800609027,3361.668311297069,3.588992929511792,2.015799076054132,309.5543288737285,0.0,0.0,0.3225225225225225,0.9764845409565782,6.221153846153846,0.6260869565217392,1280.6089116803116,416,0.27451348304748535,0.1,0.5
ring,100,3000000.0,5,9,exclude,launch,0,0.0,prior,0.0,cluster_patrol,12600.0,43200.0,596876.1926971978,0,531294.5917472728,65581.60094992506,0,0,0.0,0,6.383183386486373,5.599875708213948,12199.598145553104,7074.359512451548,1.724480940512091,2.01940986155564,311.7589397510668,0.0,0.00558659217877095,0.0,2.5242512726357313,16.119402985074625,0.9438202247191011,1524.802154459813,134,0.19651341438293457,0.1,0.5
ring,100,3000000.0,4,9,exclude,launch,0,0.0,prior,0.0,cluster_patrol,12600.0,43200.0,431435.611339846,0,401027.63729459053,30407.974045255516,0,0,0.0,0,6.383183386486373,5.77796378570635,12199.598145553104,6855.532684660204,1.779525925512786,2.0196400102999235,311.8997251813285,0.0,0.0,0.0,2.926451045660474,25.032608695652176,0.9402173913043478,1464.7885233046227,92,0.1985151767730713,0.1,0.5
ring,100,3000000.0,6,8,exclude,launch,0,0.0,prior,0.0,cluster_patrol,12600.0,43200.0,753453.8524165733,0,616418.1996621036,137035.65275446975,0,0,0.0,0,6.40635656611412,5.774723118669295,12154.263817152048,6851.811003148195,1.7738761053927992,2.021871013218089,313.266110296609,0.0,0.0,0.0,2.0853402606089126,14.212435233160623,0.8978494623655914,1214.3423037319997,193,0.25751399993896484,0.1,0.5
ring,100,3000000.0,7,8,exclude,launch,0,0.0,prior,0.0,cluster_patrol,12600.0,43200.0,4323364.03741009,0,4093605.4983977797,229758.53901231056,0,25,0.942485220678625,28,6.40635656611412,6.20447879031423,12154.263817152048,6397.161411766143,1.8999464035403277,2.015567624670895,309.4132800839051,0.0,0.0,0.0,1.8475204685538844,11.371541501976285,0.7845303867403315,1133.1584226070092,253,0.2675142288208008,0.1,0.5
ring,100,3000000.0,8,8,exclude,launch,0,0.0,prior,0.0,cluster_patrol,12600.0,43200.0,6165119.097312263,0,5820194.668284592,344924.42902767146,0,35,0.9624309561414316,36,6.40635656611412,15.025948527944731,12154.263817152048,2640.3715175067455,4.603240012461995,2.0164295393747795,309.9387025540879,0.0,0.0,0.4882032667876588,0.8124908362413634,6.075242718446602,0.6795580110497238,1315.6779547566196,412,0.27051377296447754,0.1,0.5
ring,100,3000000.0,6,9,exclude,launch,0,0.0,prior,0.0,cluster_patrol,12600.0,43200.0,821654.5574646418,0,684525.2554930974,137129.30197154442,0,0,0.0,0,6.383183386486373,5.724625210430918,12199.598145553104,6919.79547689937,1.7629998149915715,2.0195270270497265,311.83060766545617,0.0,0.0,0.0,2.1940643182861157,13.147540983606557,0.8876404494382022,1359.9127230936233,183,0.2045140266418457,0.1,0.5
ring,100,3000000.0,9,8,exclude,launch,0,0.0,prior,0.0,cluster_patrol,12600.0,43200.0,6854950.69442213,0,6505805.117685636,349145.5767364949,0,40,0.9772427194176951,41,6.40635656611412,12.838847377661983,12154.263817152048,3091.8337002434073,3.931085884792314,2.0153376772847778,309.27317967421425,0.0,0.0,0.43527508090614886,0.8722807726710549,5.505399568034557,0.6243093922651933,1292.5260885695943,463,0.27451419830322266,0.1,0.5
ring,100,3000000.0,9,7,exclude,launch,0,0.0,prior,0.0,cluster_patrol,12600.0,43200.0,6453064.3602449335,0,6100900.26140627,352164.0988386642,0,42,0.9748250564795861,44,6.45247819411102,11.854177822365672,12065.003800609027,3353.16252092728,3.5980969384307038,2.0126300186512895,307.6258664021133,0.0,0.0,0.2667660208643815,0.9356392596832187,5.8326693227091635,0.5991189427312775,1119.7476042016633,502,0.34351325035095215,0.1,0.5
ring,100,3000000.0,10,8,exclude,launch,0,0.0,prior,0.0,cluster_patrol,12600.0,43200.0,7660952.042250712,0,7276575.03518048,384377.0070702321,0,45,0.9817538285995576,46,6.40635656611412,14.449902195809505,12154.263817152048,2746.867125818856,4.424773118040355,2.015521464641383,309.38515354421367,0.0,0.0013774104683195593,0.4931129476584022,0.7461697587551149,4.317431192660551,0.6077348066298343,1401.6455532616153,545,0.27651429176330566,0.1,0.5
ring,100,3000000.0,10,7,exclude,launch,0,0.0,prior,0.0,cluster_patrol,12600.0,43200.0,7749788.997709094,0,7300002.196283623,449786.80142547004,0,50,0.9826963121953971,52,6.45247819411102,16.395827445161856,12065.003800609027,2423.835573857617,4.9776494456705915,2.0130450439828147,307.87807834144303,0.0,0.0,0.27448979591836736,0.6403852571083992,4.1603260869565215,0.5087719298245614,1073.9115705713898,736,0.35451340675354004,0.1,0.5
ring,100,3000000.0,7,9,exclude,launch,0,0.0,prior,0.0,cluster_patrol,12600.0,43200.0,3933935.583357892,0,3736349.058330406,197586.52502748612,0,25,0.9104383228309063,29,6.383183386486373,5.360742431091767,12199.598145553104,7400.181433946574,1.6485539245822198,2.0166135373449787,310.05092529392107,0.0,0.0,0.0,2.0678358164437634,9.649122807017545,0.7415730337078652,1495.9010652280301,228,0.2155139446258545,0.1,0.5
ring,100,3000000.0,3,10,exclude,launch,0,0.0,prior,0.0,cluster_patrol,12600.0,43200.0,576629.4762083509,0,488874.1661897851,87755.31001856565,0,0,0.0,0,6.359868643833555,5.753491506291281,12245.542816501451,6873.263798281643,1.7816197916865797,2.0229982081254034,313.95760014833587,0.0,0.0,0.0,3.514269878128751,32.689655172413794,0.9140271493212669,1769.6383949829765,58,0.15550947189331055,0.1,0.5
ring,100,3000000.0,9,9,exclude,launch,0,0.0,prior,0.0,cluster_patrol,12600.0,43200.0,6978895.830951533,0,6617079.127190631,361816.70376090275,0,43,0.9640325039209071,46,6.383183386486373,12.730666297146445,12199.598145553104,3119.073805794148,3.911288704643833,2.014713057712827,308.8927768478745,0.0,0.0,0.43882544861337686,0.8782689254021434,3.87527352297593,0.5786516853932584,1868.7876257249131,457,0.20951294898986816,0.1,0.5
ring,100,3000000.0,8,9,exclude,launch,0,0.0,prior,0.0,cluster_patrol,12600.0,43200.0,5699585.178977929,0,5390352.237191353,309232.94178657536,0,35,0.9355589186295287,37,6.383183386486373,14.17947250792429,12199.598145553104,2798.283925447633,4.359671309479995,2.016221002511853,309.8115377838588,0.0,0.0,0.5153256704980843,0.8678798410692662,5.0588235294117645,0.6460674157303371,1665.8009004026633,391,0.22951388359069824,0.1,0.5
ring,100,3000000.0,10,9,exclude,launch,0,0.0,prior,0.0,cluster_patrol,12600.0,43200.0,8661588.334270896,0,8221740.079002644,439848.25526825094,0,53,0.9760218467873324,56,6.383183386486373,13.902610914676991,12199.598145553104,2854.249283395057,4.274188038348911,2.016051944663928,309.7084662766049,0.0,0.0,0.49313186813186816,0.7398943789443942,2.8238532110091743,0.4606741573033708,2139.1214947466815,545,0.1935131549835205,0.1,0.5
ring,100,3000000.0,4,10,exclude,launch,0,0.0,prior,0.0,cluster_patrol,12600.0,43200.0,460465.5305570712,0,407984.58457025717,52480.945986814055,0,0,0.0,0,6.359868643833555,6.127509316595072,12245.542816501451,6466.210498487711,1.8937742313469974,2.0190922805563623,311.56472288687024,0.0,0.0,0.0,2.902604440443089,24.5531914893617,0.9013452914798207,1462.9167088635204,94,0.19150972366333008,0.1,0.5
ring,100,3000000.0,6,10,exclude,launch,0,0.0,prior,0.0,cluster_patrol,12600.0,43200.0,805801.1869242435,0,658553.4655974619,147247.7213267816,0,0,0.0,0,6.359868643833555,5.42061571553746,12245.542816501451,7297.706183642289,1.677998881888349,2.0223438239560254,313.5560683143084,0.0,0.0,0.0,2.2002220912693877,12.39344262295082,0.8703703703703703,1452.7869398349771,183,0.18699979782104492,0.1,0.5
ring,100,3000000.0,5,10,exclude,launch,0,0.0,prior,0.0,cluster_patrol,12600.0,43200.0,684323.6314694438,0,543722.6388202359,140600.99264920788,0,0,0.0,0,6.359868643833555,5.9434943949087655,12245.542816501451,6661.279703037579,1.8383168643882974,2.0206470433265844,312.5161161153897,0.0,0.005154639175257732,0.0,2.3182750270419277,16.208333333333332,0.880184331797235,1414.055366918944,144,0.20299983024597168,0.1,0.5
ring,100,3000000.0,3,11,exclude,launch,0,0.0,prior,0.0,cluster_patrol,12600.0,43200.0,585970.8123622092,0,515933.25825992785,70037.55410228141,0,0,0.0,0,6.327875815908002,5.421430253053842,12309.139800997702,7297.6229032661195,1.6867327846563065,2.0220630543683207,313.38386613141023,0.0,0.0,0.0,3.639286206196676,33.267857142857146,0.9428571428571428,1784.7468000859947,56,0.15599822998046875,0.1,0.5
ring,100,3000000.0,7,10,exclude,launch,0,0.0,prior,0.0,cluster_patrol,12600.0,43200.0,3972813.013988472,0,3586350.4267164306,386462.58727204154,0,22,0.8455674075147747,23,6.359868643833555,5.940587658578908,12245.542816501451,6670.629526619409,1.83574020527375,2.018802141972757,311.38734134648354,0.0,0.0029069767441860465,0.0029069767441860465,1.8355148365600165,8.735408560311283,0.5852534562211982,1487.033034726715,257,0.20600008964538574,0.1,0.5
ring,100,3000000.0,5,11,exclude,launch,0,0.0,prior,0.0,cluster_patrol,12600.0,43200.0,418110.5458851781,0,383289.5860516412,34820.95983353684,0,0,0.0,0,6.327875815908002,5.418874898263036,12309.139800997702,7317.061231934717,1.6822518509583417,2.0176422925140387,310.67875065396845,0.0,0.0,0.0,2.7047286116397142,20.464,0.9330143540669856,1291.3737043052543,125,0.18600010871887207,0.1,0.5
ring,100,3000000.0,4,11,exclude,launch,0,0.0,prior,0.0,cluster_patrol,12600.0,43200.0,465739.017758739,0,419412.519005732,46326.498753007,0,0,0.0,0,6.327875815908002,6.068312117387192,12309.139800997702,6531.081144963393,1.8847017098371537,2.0185383138253794,311.22608901907404,0.0,0.0,0.0,2.8390965914181465,25.074468085106382,0.9471153846153846,1402.0464361965714,94,0.1959984302520752,0.1,0.5
ring,100,3000000.0,8,10,exclude,launch,0,0.0,prior,0.0,cluster_patrol,12600.0,43200.0,5658454.302728885,0,5235696.285619339,422758.0171095454,0,36,0.9644020582912961,36,6.359868643833555,11.292370995467875,12245.542816501451,3517.2206385004774,3.481596429424508,2.014212265487374,308.5879558395094,0.0,0.0,0.35019455252918286,1.0507931118215912,6.653645833333333,0.5833333333333334,1286.4636711269548,384,0.26199984550476074,0.1,0.5
ring,100,3000000.0,9,10,exclude,launch,0,0.0,prior,0.0,cluster_patrol,12600.0,43200.0,6345985.887672925,0,5901935.253552227,444050.63412069844,0,42,0.9650598683660343,43,6.359868643833555,15.302033494192182,12245.542816501451,2596.801621826485,4.715625064916754,2.01327019897869,308.01494884149434,0.0,0.0,0.38516405135520687,0.7671549302219394,5.0248091603053435,0.5233644859813084,1252.1714375839326,524,0.2589993476867676,0.1,0.5
ring,100,3000000.0,6,11,exclude,launch,0,0.0,prior,0.0,cluster_patrol,12600.0,43200.0,737043.8969965011,0,634983.0875969647,102060.80939953656,0,0,0.0,0,6.327875815908002,5.569509656854101,12309.139800997702,7111.039967017605,1.7309901024449168,2.0199466822829395,312.0873704099927,0.0,0.0,0.0,2.1867929851008046,12.521739130434783,0.9138755980861244,1430.4309101166905,184,0.1939985752105713,0.1,0.5
ring,100,3000000.0,3,12,exclude,launch,0,0.0,prior,0.0,cluster_patrol,12600.0,43200.0,533392.8535241953,0,474076.9264689916,59315.92705520357,0,0,0.0,0,6.422442689067833,5.8575909681527705,12122.98646165286,6750.903348031428,1.795757669258876,2.0230613579943,313.99636266634246,0.0,0.0,0.0,3.5407153364520836,33.3859649122807,0.9255813953488372,1736.7693028196236,57,0.15799903869628906,0.1,0.5
ring,100,3000000.0,7,11,exclude,launch,0,0.0,prior,0.0,cluster_patrol,12600.0,43200.0,3977951.3315838375,0,3753560.260707976,224391.0708758618,0,21,0.8758298936695513,25,6.327875815908002,5.656968935070279,12309.139800997702,7014.762430287909,1.7547479224456777,2.016012524463843,309.68443496021735,0.0,0.0,0.0,2.0108455835557915,10.09051724137931,0.7355769230769231,1405.8293555028895,232,0.1959996223449707,0.1,0.5
ring,100,3000000.0,4,12,exclude,launch,0,0.0,prior,0.0,cluster_patrol,12600.0,43200.0,442419.02270892606,0,393373.62996340793,49045.39274551815,0,0,0.0,0,6.422442689067833,6.718383725614481,12122.98646165286,5899.36989043208,2.054962934484678,2.018457244186153,311.1765474705758,0.0,0.0,0.0,2.8440356210750006,24.861702127659573,0.9357798165137615,1421.1588711858078,94,0.16300010681152344,0.1,0.5
ring,100,3000000.0,5,12,exclude,launch,0,0.0,prior,0.0,cluster_patrol,12600.0,43200.0,585655.3303106491,0,504312.81020905427,81342.52010159491,0,0,0.0,0,6.422442689067833,5.550980932674884,12122.98646165286,7131.257692583248,1.6999787392707992,2.020943263531832,312.69754420530836,0.0,0.00546448087431694,0.0,2.47194255490345,16.652173913043477,0.9392523364485982,1448.0020875320129,138,0.1660001277923584,0.1,0.5
ring,100,3000000.0,9,11,exclude,launch,0,0.0,prior,0.0,cluster_patrol,12600.0,43200.0,7350398.142250257,0,6972156.56454026,378241.5777099975,0,43,0.974086178761998,46,6.327875815908002,12.8695332469473,12309.139800997702,3086.4977130516518,3.988060560986948,2.014008185468604,308.4637800591992,0.0,0.0016181229773462784,0.4368932038834951,0.8760147316470105,4.825053995680346,0.6028708133971292,1486.356513724205,463,0.19899916648864746,0.1,0.5
ring,100,3000000.0,10,10,exclude,launch,0,0.0,prior,0.0,cluster_patrol,12600.0,43200.0,7365677.773107138,0,6833234.230651541,532443.5424555978,0,48,0.9774529140794547,49,6.359868643833555,17.225020069462516,12245.542816501451,2307.817914564016,5.306113077302648,2.012466733579039,307.5266659812629,0.0,0.0,0.44818976279650435,0.6712272095756329,4.308333333333334,0.43661971830985913,1267.3705150073984,600,0.26399970054626465,0.1,0.5
ring,100,3000000.0,8,11,exclude,launch,0,0.0,prior,0.0,cluster_patrol,12600.0,43200.0,6699392.951079327,0,6339764.18522841,359628.7658509171,0,37,0.9629591681858761,38,6.327875815908002,11.237497487512652,12309.139800997702,3535.276636429658,3.4818038492820556,2.0137102293242957,308.2825287110148,0.0,0.0,0.3543307086614173,1.056732394212932,5.792650918635171,0.6359223300970874,1482.2016950415966,381,0.21399831771850586,0.1,0.5
ring,100,3000000.0,7,12,exclude,launch,0,0.0,prior,0.0,cluster_patrol,12600.0,43200.0,3983906.1079273145,0,3724110.618184196,259795.48974311855,0,24,0.9183551995595142,25,6.422442689067833,8.31120796603414,12122.98646165286,4774.499151557814,2.5391116590098033,2.016034765243954,309.6979932553009,0.0,0.0,0.24242424242424243,1.4844462549958413,8.457875457875458,0.6962616822429907,1432.3840472419388,273,0.17000055313110352,0.1,0.5
ring,100,3000000.0,6,12,exclude,launch,0,0.0,prior,0.0,cluster_patrol,12600.0,43200.0,791475.475230115,0,652325.7319331215,139149.74329699352,0,0,0.0,0,6.422442689067833,5.6211615261276116,12122.98646165286,7042.669116327635,1.7213624921760249,2.0208153745149957,312.61920865385747,0.0,0.0,0.0,2.212416041502181,13.18131868131868,0.8511627906976744,1382.0816115675916,182,0.17999815940856934,0.1,0.5
ring,100,3000000.0,10,12,exclude,launch,0,0.0,prior,0.0,cluster_patrol,12600.0,43200.0,7879430.059818747,0,7465877.105483633,413552.9543351145,0,49,0.9770491116790941,51,6.422442689067833,12.469026879289435,12122.98646165286,3184.5637627920723,3.806796586488822,2.014686502654623,308.876609600841,0.0,0.0,0.35962566844919786,0.8412658582229035,3.659536541889483,0.5071090047393365,1612.95454725114,561,0.15799856185913086,0.1,0.5
ring,100,3000000.0,10,11,exclude,launch,0,0.0,prior,0.0,cluster_patrol,12600.0,43200.0,8351193.475756387,0,7918105.010079179,433088.4656772087,0,48,0.9742700630732275,50,6.327875815908002,17.675396496965906,12309.139800997702,2247.814350045057,5.47604823358787,2.0135405625046037,308.1793415526445,0.0,0.0,0.41570438799076215,0.62084462135564,3.3935185185185186,0.5240384615384616,1492.9968860129416,648,0.23299932479858398,0.1,0.5
ring,100,3000000.0,8,12,exclude,launch,0,0.0,prior,0.0,cluster_patrol,12600.0,43200.0,5494578.599305918,0,5130753.206742741,363825.392563177,0,33,0.9377603042342805,36,6.422442689067833,11.285423625693078,12122.98646165286,3515.7142844449027,3.448228576278337,2.0163157728321144,309.86932503220146,0.0,0.0,0.3416030534351145,1.0299160251371886,6.122448979591836,0.6398104265402843,1375.7927149723746,392,0.21199870109558105,0.1,0.5
ring,100,3000000.0,9,12,exclude,launch,0,0.0,prior,0.0,cluster_patrol,12600.0,43200.0,6669881.845919695,0,6291873.397322991,378008.4485967036,0,42,0.9728428738000839,44,6.422442689067833,11.081394369071827,12122.98646165286,3583.983612833672,3.382545170754237,2.0143250830176282,308.65661221161554,0.0,0.0,0.282574568288854,0.9845116556680003,5.2289915966386555,0.5829383886255924,1329.8417985430192,476,0.2089993953704834,0.1,0.5
