layout,M,Emax,K,seed,coord,replan,divert,q,belief,tau,planner,L,Th,J,n_diverts,J_age,J_event,n_replans,n_never,share_never,n_reach_inf,K_reach_i,K_commute_i,r_max,r_c,rmax_over_rc,regime_bnd,P_bar,dup_frac,trunc_frac,empty_frac,T_s_over_t_c,mean_n,catch_rate,T_rev,n_sorties,secs
ring,200,1500000.0,2,2,exclude,launch,0,0.0,prior,0.0,sa,12600.0,43200,4268785.9749693135,0,3358423.461455981,910362.513513333,0,0,0.0,0,4.800997103893391,2.892559964339333,7998.26927637493,6712.354226581016,1.1915743726249834,2.0601685511098267,337.18720702869274,0.0,0.02127659574468085,0.0,3.8495215205597146,32.82857142857143,0.5651105651105651,5798.155903450863,35,24.466177940368652
ring,200,1500000.0,2,3,exclude,launch,0,0.0,prior,0.0,sa,12600.0,43200,4429458.8775011655,0,3445042.6046376848,984416.2728634801,0,0,0.0,0,4.839334046393169,2.917570553440218,7932.266771253912,6658.036233998688,1.1913823374448573,2.0591712686231682,336.5531328830434,0.0,0.02127659574468085,0.0,3.859586019724991,32.77142857142857,0.5591647331786543,5808.7874592257995,35,26.958582401275635
ring,200,1500000.0,2,1,exclude,launch,0,0.0,prior,0.0,sa,12600.0,43200,4218821.184552331,0,3245369.531655701,973451.6528966301,0,0,0.0,0,4.790641138341366,2.939689231837785,8016.279765394607,6603.2186301468555,1.213995812405249,2.0606436396104306,337.4894790738183,0.0,0.0425531914893617,0.0,3.854485844743103,35.17142857142857,0.5872641509433962,5390.712235395725,35,28.531883478164673
ring,200,1500000.0,5,1,exclude,launch,0,0.0,prior,0.0,sa,12600.0,43200,8760230.294683501,0,7282635.912567361,1477594.3821161394,0,15,0.24422727182111129,15,4.790641138341366,2.795346664682573,8016.279765394607,6822.449204336289,1.174985628372217,2.0974132434965282,361.294748100471,0.0,0.0,0.010714285714285714,1.607420989252889,3.2142857142857144,0.36231884057971014,9700.982930000115,210,29.64770269393921
ring,200,1500000.0,5,2,exclude,launch,0,0.0,prior,0.0,sa,12600.0,43200,8068265.3476290675,0,6882249.140940901,1186016.2066881666,0,17,0.2133478829877157,11,4.800997103893391,2.802452313441707,7998.26927637493,6814.3884979776285,1.1737325042076268,2.0945699581485115,359.42501798437036,0.0,0.0035714285714285713,0.0,1.611680398777085,3.2523809523809524,0.3491271820448878,9652.784146027476,210,29.863317489624023
ring,200,1500000.0,3,2,exclude,launch,0,0.0,prior,0.0,sa,12600.0,43200,3174246.539094106,0,2556025.371482352,618221.1676117542,0,0,0.0,0,4.800997103893391,2.9415947711979604,7998.26927637493,6615.225138229065,1.209069851629587,2.055571166345991,334.26914616631063,0.0,0.019417475728155338,0.0,2.634903822703521,19.63157894736842,0.6551724137931034,4402.555043833073,76,31.438719034194946
ring,200,1500000.0,6,1,exclude,launch,0,0.0,prior,0.0,sa,12600.0,43200,25249545.677419633,0,23450416.484413486,1799129.193006146,0,152,0.965152219625626,177,4.790641138341366,2.9362755101932345,8016.279765394607,6395.964737831453,1.2533339525746856,2.1298897702920607,382.9952679031937,0.0,0.002531645569620253,0.012658227848101266,1.3589065442599606,1.5405405405405406,0.1686746987951807,14495.589565274939,296,31.746764183044434
ring,200,1500000.0,3,1,exclude,launch,0,0.0,prior,0.0,sa,12600.0,43200,3410948.0807282985,0,2657590.8613208397,753357.2194074589,0,0,0.0,0,4.790641138341366,2.927032573609939,8016.279765394607,6645.308617941245,1.2063066181383908,2.056445862096635,334.8233578623307,0.0,0.009708737864077669,0.0,2.627838048688958,19.289473684210527,0.6992840095465394,4455.665878076216,76,31.862892866134644
ring,200,1500000.0,3,3,exclude,launch,0,0.0,prior,0.0,sa,12600.0,43200,3381228.3797035962,0,2644662.5420869263,736565.8376166698,0,0,0.0,0,4.839334046393169,2.93968116569836,7932.266771253912,6620.288197933759,1.1981754470643184,2.0553361726904793,334.1203312166969,0.0,0.019417475728155338,0.0,2.6291874106708706,19.56578947368421,0.6635514018691588,4411.275136294621,76,31.89890742301941
ring,200,1500000.0,6,2,exclude,launch,0,0.0,prior,0.0,sa,12600.0,43200,23764878.13332862,0,22327265.944887087,1437612.188441534,0,153,0.9726097928505593,179,4.800997103893391,2.950524479037141,7998.26927637493,6389.51544651551,1.2517802552205655,2.1217433263539305,377.4924270658742,0.0,0.0,0.0025252525252525255,1.3628215955573484,1.6216216216216217,0.185,13690.410743221239,296,32.69195055961609
ring,200,1500000.0,4,1,exclude,launch,0,0.0,prior,0.0,sa,12600.0,43200,3943514.9156723707,0,3108098.704605119,835416.2110672516,0,0,0.0,0,4.790641138341366,2.896718403152736,8016.279765394607,6689.113084943607,1.1984069731812867,2.064358761080575,339.85787168669304,0.0,0.005555555555555556,0.0,1.9915254308866586,9.582089552238806,0.6092233009708737,5096.571580593942,134,32.90959358215332
ring,200,1500000.0,4,2,exclude,launch,0,0.0,prior,0.0,sa,12600.0,43200,3582349.5036825677,0,2887303.430514308,695046.0731682597,0,0,0.0,0,4.800997103893391,2.909344116088163,7998.26927637493,6662.39223641172,1.2005101159704006,2.063643630935058,339.401332088614,0.0,0.0,0.0,1.990823839137063,9.911111111111111,0.6451612903225806,4961.417559132119,135,33.0514760017395
ring,200,1500000.0,5,3,exclude,launch,0,0.0,prior,0.0,sa,12600.0,43200,9116276.68509216,0,7670832.663604711,1445444.0214874505,0,21,0.27254421230341985,15,4.839334046393169,2.797025324677112,7932.266771253912,6832.28678466327,1.16099733826452,2.0931362795819517,358.48407772148107,0.0,0.0,0.0,1.6124109985831248,3.1095238095238096,0.3561320754716981,10124.46693417791,210,29.431278228759766
ring,200,1500000.0,2,4,exclude,launch,0,0.0,prior,0.0,sa,12600.0,43200,4015529.206780269,0,3171416.980345409,844112.22643486,0,0,0.0,0,4.846178161612115,2.9468489817218204,7920.593506759091,6597.120977734545,1.2006136515445602,2.0575370445600667,335.51538018505215,0.0,0.08333333333333333,0.0,3.8632595854021474,33.47222222222222,0.6153846153846154,5604.054046163878,36,27.357856035232544
ring,200,1500000.0,4,3,exclude,launch,0,0.0,prior,0.0,sa,12600.0,43200,3843847.190572628,0,3009809.3364419094,834037.8541307187,0,0,0.0,0,4.839334046393169,2.892262678312664,7932.266771253912,6700.614876452724,1.183811772129966,2.063990056166914,339.6224518866216,0.0,0.016666666666666666,0.0,1.9964906350189853,9.977611940298507,0.6453900709219859,4903.864519545342,134,34.32814931869507
ring,200,1500000.0,6,3,exclude,launch,0,0.0,prior,0.0,sa,12600.0,43200,24298862.64461597,0,22613852.698984206,1685009.9456317665,0,148,0.9649510084776166,176,4.839334046393169,2.9519631882877824,7932.266771253912,6384.488857227379,1.2424278510995308,2.1223789058010674,377.92032245616025,0.0,0.0,0.0,1.3609227007792446,1.570945945945946,0.2222222222222222,14125.256775134414,296,33.27124881744385
ring,200,1500000.0,2,5,exclude,launch,0,0.0,prior,0.0,sa,12600.0,43200,3914343.6458320967,0,3185270.8438833845,729072.8019487121,0,0,0.0,0,4.7908619966838,2.956614687417393,8015.8948489202385,6569.281584281882,1.2202087467371812,2.059431653456368,336.7186285035882,0.0,0.041666666666666664,0.0,3.859410159092594,34.19444444444444,0.6521739130434783,5474.911658038596,36,29.845219135284424
ring,200,1500000.0,3,4,exclude,launch,0,0.0,prior,0.0,sa,12600.0,43200,3196491.4699922064,0,2551492.91186789,644998.5581243163,0,0,0.0,0,4.846178161612115,2.947535560879015,7920.593506759091,6607.657056683971,1.1986992422294405,2.053777744209916,333.13426025764187,0.0,0.0196078431372549,0.0,2.6394542467309092,19.56,0.7038834951456311,4375.2066215134055,75,32.44502878189087
ring,200,1500000.0,5,4,exclude,launch,0,0.0,prior,0.0,sa,12600.0,43200,7462158.647968484,0,6235445.940981301,1226712.7069871845,0,15,0.2146662200229728,10,4.846178161612115,2.8277197208248266,7920.593506759091,6767.3848325085555,1.1704068414597697,2.090271778284847,356.60776515732056,0.0,0.0035842293906810036,0.0,1.6126729337069654,3.617224880382775,0.41204819277108434,8698.035002566014,209,30.660104036331177
ring,200,1500000.0,5,5,exclude,launch,0,0.0,prior,0.0,sa,12600.0,43200,7725556.135122933,0,6587254.042786216,1138302.092336717,0,14,0.17049452539004467,11,4.7908619966838,2.83151218184022,8015.8948489202385,6752.066698098419,1.187176490892448,2.0922078789249015,357.8754152356897,0.0,0.007194244604316547,0.025179856115107913,1.6123484134206272,3.291866028708134,0.34464751958224543,9569.319004696355,209,29.93379282951355
ring,200,1500000.0,6,4,exclude,launch,0,0.0,prior,0.0,sa,12600.0,43200,22643881.76851516,0,21018062.306732044,1625819.4617831171,0,147,0.9587547751652863,173,4.846178161612115,2.948153527264896,7920.593506759091,6379.318716450236,1.2416049203395962,2.126843796893361,380.9330827791139,0.0,0.0,0.012626262626262626,1.35919662976508,1.5993265993265993,0.22409638554216868,13871.32031048128,297,32.963810443878174
ring,200,1500000.0,4,5,exclude,launch,0,0.0,prior,0.0,sa,12600.0,43200,3504883.5698330537,0,2812458.3468096014,692425.2230234522,0,0,0.0,0,4.7908619966838,2.930234342651885,8015.8948489202385,6619.269489535072,1.210993881060924,2.0622797363128402,338.5314714542631,0.0,0.011111111111111112,0.0,2.005337234295712,10.149253731343284,0.6318537859007833,4854.355737366965,134,33.075278759002686
ring,200,1500000.0,4,4,exclude,launch,0,0.0,prior,0.0,sa,12600.0,43200,3440964.8833126873,0,2721972.811746664,718992.0715660235,0,0,0.0,0,4.846178161612115,2.932006031724629,7920.593506759091,6618.758128795303,1.1966887673837294,2.0611928206497465,337.8390607795694,0.0,0.005555555555555556,0.0,1.9961069501070683,10.462686567164178,0.6246973365617433,4685.068021100587,134,35.18087863922119
ring,200,1500000.0,3,5,exclude,launch,0,0.0,prior,0.0,sa,12600.0,43200,3152157.5797079136,0,2572339.0558234667,579818.5238844462,0,0,0.0,0,4.7908619966838,2.964059987529315,8015.8948489202385,6565.944938781282,1.220828825653857,2.0553025737443567,334.099056645439,0.0,0.019417475728155338,0.0,2.6307410768296586,19.38157894736842,0.6873385012919897,4474.746795742493,76,34.36495780944824
ring,200,1500000.0,2,6,exclude,launch,0,0.0,prior,0.0,sa,12600.0,43200,4328839.4119670065,0,3433293.5026367223,895545.9093302842,0,0,0.0,0,4.807696645954622,2.965805670610827,7986.659159050209,6546.669482522874,1.2199575952889574,2.0601407118207593,337.16949865794805,0.0,0.020833333333333332,0.0,3.853244052648681,32.94444444444444,0.5573394495412844,5676.3293317433745,36,27.13587999343872
ring,200,1500000.0,6,5,exclude,launch,0,0.0,prior,0.0,sa,12600.0,43200,24180343.03209092,0,22678336.67183567,1502006.3602552502,0,158,0.977541743555141,183,4.7908619966838,2.936376587554168,8015.8948489202385,6385.13003764334,1.2554004071432805,2.1334304640388986,385.39938504342996,0.0,0.0,0.020253164556962026,1.354544392756577,1.472972972972973,0.14659685863874344,15016.202975430673,296,31.631070375442505
ring,200,1500000.0,2,7,exclude,launch,0,0.0,prior,0.0,sa,12600.0,43200,3995387.717188233,0,3122940.1495689927,872447.5676192404,0,0,0.0,0,4.836229285138715,2.927634508668469,7937.573119120503,6634.552039728929,1.1963992552306233,2.059356471068334,336.670839838306,0.0,0.0425531914893617,0.0,3.8593004962657664,34.22857142857143,0.5780487804878048,5571.891703085895,35,26.54992365837097
ring,200,1500000.0,5,6,exclude,launch,0,0.0,prior,0.0,sa,12600.0,43200,8941104.199855605,0,7508843.826426163,1432260.3734294407,0,20,0.24738766101413512,14,4.807696645954622,2.8126032315808374,7986.659159050209,6801.6441675549995,1.1742247848171672,2.0909209406724885,357.0325496393242,0.0,0.0,0.007168458781362007,1.614790687898458,3.1291866028708135,0.3458823529411765,10065.944308137092,209,27.986355543136597
ring,200,1500000.0,3,6,exclude,launch,0,0.0,prior,0.0,sa,12600.0,43200,3551294.0482166163,0,2801563.133052591,749730.9151640254,0,0,0.0,0,4.807696645954622,2.9660199319972538,7986.659159050209,6560.026614323165,1.2174735909778376,2.0557974583213774,334.4124818993641,0.0,0.02912621359223301,0.0,2.6301203434023948,18.526315789473685,0.6588785046728972,4669.916131774285,76,30.974656581878662
ring,200,1500000.0,2,8,exclude,launch,0,0.0,prior,0.0,sa,12600.0,43200,3865280.125562576,0,3120523.1260167086,744756.9995458672,0,0,0.0,0,4.796976710386977,2.939223804741583,8005.252074719057,6608.078300823299,1.2114342037565875,2.059454277903579,336.7330100904582,0.0,0.02127659574468085,0.0,3.8490168780453176,33.6,0.6173469387755102,5652.3471766903485,35,25.108250617980957
ring,200,1500000.0,6,6,exclude,launch,0,0.0,prior,0.0,sa,12600.0,43200,24263193.17417032,0,22596507.38403736,1666685.7901329573,0,149,0.9606578881654158,181,4.807696645954622,2.9284608351281434,7986.659159050209,6402.4524630211,1.2474374788690858,2.1334094207571406,385.38507451831117,0.0,0.0,0.005050505050505051,1.3599839566927705,1.3918918918918919,0.16312056737588654,15970.72126863568,296,30.256940364837646
ring,200,1500000.0,4,6,exclude,launch,0,0.0,prior,0.0,sa,12600.0,43200,3956415.0785912722,0,3119944.7660623337,836470.3125289384,0,0,0.0,0,4.807696645954622,2.919462776962332,7986.659159050209,6639.415107989005,1.2029160745560412,2.063608112856973,339.37866532055125,0.0,0.005555555555555556,0.0,1.997061935122199,9.425373134328359,0.6084905660377359,5207.066688876667,134,30.81216263771057
ring,200,1500000.0,3,7,exclude,launch,0,0.0,prior,0.0,sa,12600.0,43200,3141440.159344866,0,2524652.049150231,616788.1101946348,0,0,0.0,0,4.836229285138715,2.956733166031376,7937.573119120503,6582.48835975403,1.2058620821347126,2.055217355304198,334.0451000805557,0.0,0.019417475728155338,0.0,2.62569495900417,19.06578947368421,0.6511056511056511,4547.310386155226,76,30.807671308517456
ring,200,1500000.0,5,7,exclude,launch,0,0.0,prior,0.0,sa,12600.0,43200,7609486.514336202,0,6436301.8746443745,1173184.6396918276,0,13,0.14833187148649202,10,4.836229285138715,2.815385008575547,7937.573119120503,6792.725651033719,1.1685402188902714,2.091597544036015,357.47555944363796,0.0,0.007194244604316547,0.0,1.6157085873680235,3.206730769230769,0.3358024691358025,9836.54167633412,208,28.00310492515564
ring,200,1500000.0,4,7,exclude,launch,0,0.0,prior,0.0,sa,12600.0,43200,3479693.213539561,0,2786923.035963669,692770.1775758917,0,0,0.0,0,4.836229285138715,2.920928461814617,7937.573119120503,6640.54024102985,1.1953203852416534,2.062223150630934,338.4954065208923,0.0,0.005555555555555556,0.0,2.0026045838019937,10.096296296296297,0.6172839506172839,4857.463189093344,135,32.22757148742676
ring,200,1500000.0,6,7,exclude,launch,0,0.0,prior,0.0,sa,12600.0,43200,23365409.651729163,0,21977995.15428784,1387414.4974413223,0,157,0.9759367207563872,174,4.836229285138715,2.9690147497933848,7937.573119120503,6375.403690990399,1.2450306684638233,2.1131968111561257,371.7621421104502,0.0,0.002531645569620253,0.035443037974683546,1.3559137152218501,1.5819397993311037,0.16296296296296298,13912.704079663252,299,31.520084142684937
ring,200,1500000.0,3,8,exclude,launch,0,0.0,prior,0.0,sa,12600.0,43200,3023526.387282176,0,2416044.1881035776,607482.1991785987,0,0,0.0,0,4.796976710386977,2.94347050277613,8005.252074719057,6610.0266117381925,1.2110771325040055,2.0558768459731,334.4627741586306,0.0,0.019417475728155338,0.0,2.624978299860599,19.5,0.6938775510204082,4434.22837473736,76,31.36653447151184
ring,200,1500000.0,2,9,exclude,launch,0,0.0,prior,0.0,sa,12600.0,43200,4089125.360671653,0,3185363.1037484515,903762.2569232011,0,0,0.0,0,4.853710806530296,2.9468270272092627,7907.783946703841,6594.03043592893,1.1992337650758562,2.0585167234196273,336.13729612770726,0.0,0.0425531914893617,0.0,3.8662300532617193,34.22857142857143,0.5843520782396088,5581.446060984182,35,27.72999358177185
ring,200,1500000.0,5,8,exclude,launch,0,0.0,prior,0.0,sa,12600.0,43200,7450057.007319914,0,6293064.808015707,1156992.199304208,0,17,0.2155680531530851,14,4.796976710386977,2.802295206639289,8005.252074719057,6809.68061980001,1.175569387416316,2.096135551125592,360.4539439324216,0.0,0.007168458781362007,0.0,1.6214030465750002,3.2966507177033493,0.3641025641025641,9558.144880326858,209,29.266820907592773
ring,200,1500000.0,2,10,exclude,launch,0,0.0,prior,0.0,sa,12600.0,43200,3975157.289665977,0,3171463.8752358067,803693.4144301702,0,0,0.0,0,4.8412324859166675,2.9502855470976166,7929.025501191047,6587.335679027417,1.2036771598622589,2.0581932268953045,335.93187163412915,0.0,0.06382978723404255,0.0,3.860167510408951,33.6,0.576271186440678,5678.897248464101,35,25.501675605773926
ring,200,1500000.0,6,8,exclude,launch,0,0.0,prior,0.0,sa,12600.0,43200,22648560.572570916,0,21220306.152917016,1428254.4196539011,0,150,0.9722222969212369,176,4.796976710386977,2.956943873462018,8005.252074719057,6370.064536232081,1.2566987397358766,2.123601766395553,378.74427883416223,0.0,0.0,0.030456852791878174,1.3577439662942759,1.679054054054054,0.16153846153846155,13272.553959006245,296,31.097010374069214
ring,200,1500000.0,4,8,exclude,launch,0,0.0,prior,0.0,sa,12600.0,43200,3447356.8386935955,0,2729260.7632729937,718096.0754206019,0,0,0.0,0,4.796976710386977,2.906797918128077,8005.252074719057,6667.3433615380045,1.200665938535439,2.063917480817404,339.5761217966554,0.0,0.016666666666666666,0.0,1.9940821814397784,9.917910447761194,0.6520618556701031,4922.304021570415,134,33.70118284225464
ring,200,1500000.0,5,9,exclude,launch,0,0.0,prior,0.0,sa,12600.0,43200,7268988.225629497,0,6046099.188830202,1222889.036799295,0,7,0.12487865886463377,9,4.853710806530296,2.821086868254037,7907.783946703841,6775.677505514,1.1670838732021322,2.0926220866677783,358.14690728227515,0.0,0.0035842293906810036,0.0035842293906810036,1.6126515620212152,3.4066985645933014,0.3582089552238806,9229.64210967454,209,30.703652143478394
ring,200,1500000.0,6,9,exclude,launch,0,0.0,prior,0.0,sa,12600.0,43200,22097292.71220301,0,20577661.710058894,1519631.0021441155,0,146,0.9524877982621831,174,4.853710806530296,2.9357637585082266,7907.783946703841,6381.835252277464,1.239108130201546,2.1349774770509624,386.4521620238903,0.0,0.0,0.0025252525252525255,1.3589160018272528,1.4135593220338982,0.17839195979899497,15719.291566852668,295,31.50376534461975
ring,200,1500000.0,3,9,exclude,launch,0,0.0,prior,0.0,sa,12600.0,43200,3016743.840499775,0,2437609.0994682843,579134.7410314904,0,0,0.0,0,4.853710806530296,2.9715785473272214,7907.783946703841,6552.270576194645,1.2068768917196389,2.054380828701658,333.51567958007854,0.0,0.038834951456310676,0.0,2.635569090250403,19.736842105263158,0.7174447174447175,4383.86768119236,76,34.52041482925415
ring,200,1500000.0,4,9,exclude,launch,0,0.0,prior,0.0,sa,12600.0,43200,3470115.103463858,0,2730733.9074495784,739381.1960142796,0,0,0.0,0,4.853710806530296,2.939418528809291,7907.783946703841,6598.686718798261,1.1983875403837918,2.0622487722388927,338.5117362369104,0.0,0.011111111111111112,0.0,1.9930842202540437,10.186567164179104,0.6666666666666666,4804.8832357103465,134,34.144787549972534
ring,200,1500000.0,3,10,exclude,launch,0,0.0,prior,0.0,sa,12600.0,43200,3304277.3357034386,0,2568490.4876023876,735786.8481010513,0,0,0.0,0,4.8412324859166675,2.9481581008313107,7929.025501191047,6602.714707140395,1.2008735577528944,2.05488105940065,333.83221484467134,0.0,0.029411764705882353,0.0,2.6371885311520953,18.946666666666665,0.656641604010025,4499.419362673849,75,31.193272590637207
ring,200,1500000.0,4,10,exclude,launch,0,0.0,prior,0.0,sa,12600.0,43200,3419710.8177011013,0,2726195.558785109,693515.2589159926,0,0,0.0,0,4.8412324859166675,2.9224649083638194,7929.025501191047,6635.233335623736,1.1949881941033034,2.06278747776134,338.8551668658931,0.0,0.016666666666666666,0.0,1.9967238873834054,10.373134328358208,0.6658354114713217,4715.51439259591,134,34.73491287231445
ring,200,1500000.0,2,11,exclude,launch,0,0.0,prior,0.0,sa,12600.0,43200,3956909.052948913,0,3074721.3305065148,882187.7224423985,0,0,0.0,0,4.810166257763029,2.914718818763687,7982.387549587255,6661.760329218056,1.1982399778894797,2.060033687360578,337.101425501779,0.0,0.06382978723404255,0.0,3.8558429453435306,34.51428571428571,0.5497630331753555,5518.14201300668,35,24.579840898513794
ring,200,1500000.0,5,10,exclude,launch,0,0.0,prior,0.0,sa,12600.0,43200,7840661.405177671,0,6650737.67071498,1189923.7344626924,0,13,0.18263323575655332,11,4.8412324859166675,2.788499365378702,7929.025501191047,6846.215874906658,1.158161770833607,2.095264487123216,359.8812890259844,0.0,0.0,0.0,1.613369861436494,3.22488038277512,0.36476426799007444,9805.770336576721,209,28.667553901672363
ring,200,1500000.0,6,10,exclude,launch,0,0.0,prior,0.0,sa,12600.0,43200,22174907.498657316,0,20760674.89746802,1414232.601189298,0,145,0.9592227215407628,176,4.8412324859166675,2.9428693997096245,7929.025501191047,6387.06072362186,1.2414200904441686,2.128080033544408,381.7693686244658,0.0,0.0,0.0,1.362068058210138,1.6317567567567568,0.208955223880597,13646.600132114436,296,33.39128398895264
ring,200,1500000.0,3,11,exclude,launch,0,0.0,prior,0.0,sa,12600.0,43200,3119440.585351314,0,2491402.3761175284,628038.2092337854,0,0,0.0,0,4.810166257763029,2.945259867728611,7982.387549587255,6607.647127389962,1.2080529416437404,2.0553677107522446,334.1403014695301,0.0,0.02912621359223301,0.0,2.6298802840226148,19.407894736842106,0.6921241050119332,4461.8986746595065,76,31.851259231567383
ring,200,1500000.0,2,12,exclude,launch,0,0.0,prior,0.0,sa,12600.0,43200,4046071.396067583,0,3156483.2345732073,889588.1614943758,0,0,0.0,0,4.793249881478669,2.942400785410357,8011.735459045254,6605.348252239996,1.2129164357576947,2.0580809072793445,335.86056190472425,0.0,0.06382978723404255,0.0,3.8583657286567785,34.857142857142854,0.6348039215686274,5461.439645731271,35,26.89006495475769
ring,200,1500000.0,5,11,exclude,launch,0,0.0,prior,0.0,sa,12600.0,43200,6988820.317872435,0,5840386.570305946,1148433.7475664893,0,15,0.15633153920656065,7,4.810166257763029,2.81784607984503,7982.387549587255,6778.102804991224,1.177672835488601,2.0942791687253424,359.2340697318678,0.0,0.0,0.0,1.60948242348772,3.550239234449761,0.37559808612440193,8866.90247283274,209,30.462154626846313
ring,200,1500000.0,4,11,exclude,launch,0,0.0,prior,0.0,sa,12600.0,43200,3386519.434601501,0,2658480.815052177,728038.6195493242,0,0,0.0,0,4.810166257763029,2.923646515301382,7982.387549587255,6630.757043828618,1.2038425622933397,2.063345775347085,339.211271384548,0.0,0.011049723756906077,0.0,1.9914173229556789,10.348148148148148,0.6578947368421053,4740.468407102012,135,33.65135645866394
ring,200,1500000.0,6,11,exclude,launch,0,0.0,prior,0.0,sa,12600.0,43200,22592764.792458713,0,21282500.043438725,1310264.74901999,0,151,0.9743841308515454,179,4.810166257763029,2.9611837874471862,7982.387549587255,6376.774273599627,1.2517908282617123,2.1183298419293637,375.1984906049267,0.0,0.0,0.020253164556962026,1.361815989756212,1.8758389261744965,0.21204819277108433,11763.802599484598,298,32.69453263282776
ring,200,1500000.0,5,12,exclude,launch,0,0.0,prior,0.0,sa,12600.0,43200,7438237.606423752,0,6126029.409952778,1312208.1964709735,0,15,0.11319724842784419,8,4.793249881478669,2.8085301091565853,8011.735459045254,6802.143373787887,1.1778251381643232,2.0937996629166853,358.9193107789963,0.0,0.0,0.0,1.6153215736133428,3.210526315789474,0.36228287841191065,9838.935514907884,209,29.087156057357788
ring,200,1500000.0,3,12,exclude,launch,0,0.0,prior,0.0,sa,12600.0,43200,3188680.877145981,0,2493570.462265314,695110.4148806671,0,0,0.0,0,4.793249881478669,2.9427554142665358,8011.735459045254,6616.865255896245,1.2108052906028348,2.0542511228727682,333.4336290235478,0.0,0.00980392156862745,0.0,2.640136792606012,19.8,0.7107231920199502,4327.926225849817,75,33.414095401763916
ring,200,1500000.0,4,12,exclude,launch,0,0.0,prior,0.0,sa,12600.0,43200,3620194.3574172803,0,2807170.3585998933,813023.9988173875,0,0,0.0,0,4.793249881478669,2.9308710374912312,8011.735459045254,6621.4909485253565,1.2099594368288782,2.061140003403885,337.8054320471993,0.0,0.011111111111111112,0.0,1.9967942203085858,10.238805970149254,0.6807980049875312,4780.415553207032,134,33.764644145965576
ring,200,1500000.0,6,12,exclude,launch,0,0.0,prior,0.0,sa,12600.0,43200,22206302.256838117,0,20612841.463551983,1593460.7932861324,0,140,0.9498172862740744,166,4.793249881478669,2.9487629502654555,8011.735459045254,6370.075550141042,1.2577143545601848,2.129489715397658,382.7241051567249,0.0,0.0025380710659898475,0.02284263959390863,1.3592005180551747,1.6283783783783783,0.22443890274314215,13657.617835279309,296,32.48616695404053
ring,200,3000000.0,4,1,exclude,launch,0,0.0,prior,0.0,sa,12600.0,43200,1708414.1758991834,0,1412728.2626771107,295685.9132220728,0,0,0.0,0,9.581282276682732,5.940399177970025,8016.279765394607,6626.60819702871,1.2097108395497125,2.0322777588932737,319.67921145171584,0.0,0.06521739130434782,0.0,3.9872304510770893,41.5,0.8805620608899297,2354.7898440019585,68,59.97492790222168
ring,200,3000000.0,5,1,exclude,launch,0,0.0,prior,0.0,sa,12600.0,43200,1358363.5132221438,0,1165411.0541627016,192952.4590594423,0,0,0.0,0,9.581282276682732,5.935846014227796,8016.279765394607,6640.1391509797795,1.2072457493924313,2.029692188758373,318.07980107700257,0.0,0.05714285714285714,0.0,3.2126644834580844,31.99047619047619,0.9090909090909091,1969.933032142282,105,64.10621070861816
ring,200,3000000.0,11,1,exclude,launch,0,0.0,prior,0.0,sa,12600.0,43200,10012987.796549397,0,9015207.788594924,997780.0079544726,0,51,0.7713605151225444,69,9.581282276682732,5.735642708058209,8016.279765394607,6685.243866354858,1.199100575184477,2.0863667022267602,354.05778351211404,0.0,0.0015015015015015015,0.012012012012012012,1.4830281159976808,2.6,0.5349397590361445,5073.181505139949,500,62.228700399398804
ring,200,3000000.0,10,1,exclude,launch,0,0.0,prior,0.0,sa,12600.0,43200,3506771.097616401,0,2985996.0514904973,520775.0461259039,0,9,0.3463039515165456,15,9.581282276682732,5.67700040752911,8016.279765394607,6836.162929504038,1.172628541487408,2.0613828411189354,337.9600606265108,0.0,0.0,0.0018148820326678765,1.6296040297964576,4.790754257907542,0.7440191387559809,3341.2164297632285,411,64.93915224075317
ring,200,3000000.0,12,1,exclude,launch,0,0.0,prior,0.0,sa,12600.0,43200,22395062.28301685,0,20872879.95001075,1522182.3330061026,0,136,0.9771347978927775,177,9.581282276682732,5.905184775142373,8016.279765394607,6439.554791332907,1.244849997422778,2.1037816022283664,365.50014762534585,0.0,0.0012658227848101266,0.002531645569620253,1.3643490695135367,1.6937394247038917,0.28502415458937197,6581.686299635449,591,62.98448157310486
ring,200,3000000.0,4,2,exclude,launch,0,0.0,prior,0.0,sa,12600.0,43200,1473257.008027654,0,1266149.9040308439,207107.10399680995,0,0,0.0,0,9.601994207786783,5.923212880383706,7998.26927637493,6646.598316328044,1.2033628174469893,2.0320444902862196,319.5347489790427,0.0,0.03260869565217391,0.0,3.9848241933168276,44.1764705882353,0.9002433090024331,2221.4766044833673,68,62.009917974472046
ring,200,3000000.0,7,1,exclude,launch,0,0.0,prior,0.0,sa,12600.0,43200,1180831.1793893492,0,1007640.7762012194,173190.40318812974,0,0,0.0,0,9.581282276682732,5.955034253608253,8016.279765394607,6618.014854139315,1.2112816217661904,2.0299156202392763,318.21785544385597,0.0,0.02197802197802198,0.0,2.310690248069044,18.970443349753694,0.8806682577565632,1710.432097621669,203,75.03360891342163
ring,200,3000000.0,6,1,exclude,launch,0,0.0,prior,0.0,sa,12600.0,43200,1228230.180024717,0,1044289.9570235617,183940.2230011554,0,0,0.0,0,9.581282276682732,5.959061701089353,8016.279765394607,6616.267415085647,1.2116015364065869,2.029079460228596,317.7013606393136,0.0,0.034653465346534656,0.0,2.692931293358703,25.074324324324323,0.9150943396226415,1765.7902011383947,148,76.17561674118042
ring,200,3000000.0,9,1,exclude,launch,0,0.0,prior,0.0,sa,12600.0,43200,1542100.645279404,0,1295630.1632325512,246470.48204685282,0,0,0.0,0,9.581282276682732,5.84587038829858,8016.279765394607,6705.049115264934,1.1955586942897232,2.0409804341128686,325.09207926174474,0.0,0.006666666666666667,0.0,1.8074583343544128,9.119402985074627,0.8854415274463007,2171.95743923092,335,74.98861718177795
ring,200,3000000.0,5,2,exclude,launch,0,0.0,prior,0.0,sa,12600.0,43200,1301749.2044909887,0,1123328.325272644,178420.87921834475,0,0,0.0,0,9.601994207786783,5.949844311070905,7998.26927637493,6624.111290281604,1.2074479014429282,2.029816436619216,318.15656793933,0.0,0.04285714285714286,0.0,3.2135836856738247,32.55238095238095,0.912718204488778,1935.860584762993,105,68.70245027542114
ring,200,3000000.0,8,1,exclude,launch,0,0.0,prior,0.0,sa,12600.0,43200,1222488.417491067,0,1062965.4568888347,159522.96060223237,0,0,0.0,0,9.581282276682732,5.924236468344935,8016.279765394607,6641.528411151953,1.2069932204060552,2.0332443162429383,320.27814511450106,0.0,0.008426966292134831,0.0,2.0265599169242474,13.842696629213483,0.9140811455847255,1800.4544015681124,267,81.28583526611328
ring,200,3000000.0,6,2,exclude,launch,0,0.0,prior,0.0,sa,12600.0,43200,1144247.6925436892,0,1005808.4338187509,138439.25872493826,0,0,0.0,0,9.601994207786783,5.941887304746984,7998.26927637493,6635.445611456685,1.205385402084407,2.0290627713073484,317.6910561872278,0.0,0.019704433497536946,0.0,2.6921845866948706,25.19333333333333,0.9213759213759214,1781.9170222799237,150,73.54059529304504
ring,200,3000000.0,7,2,exclude,launch,0,0.0,prior,0.0,sa,12600.0,43200,1088973.0865682953,0,955474.476864168,133498.6097041273,0,0,0.0,0,9.601994207786783,5.928482269514197,7998.26927637493,6647.059209817782,1.2032793787305813,2.030097583752657,318.33030961591857,0.0,0.01824817518248175,0.0,2.307739856736117,19.401960784313726,0.9037037037037037,1676.4784659841087,204,75.18486857414246
ring,200,3000000.0,10,2,exclude,launch,0,0.0,prior,0.0,sa,12600.0,43200,3311178.5503735826,0,2761578.0997495702,549600.4506240126,0,6,0.2749897913287988,11,9.601994207786783,5.683731669932015,7998.26927637493,6825.057029546622,1.171897793930411,2.062291898633249,338.53922337054985,0.0,0.003629764065335753,0.010889292196007259,1.6286519996375939,4.716019417475728,0.7381546134663342,3397.205757218056,412,63.01457691192627
ring,200,3000000.0,11,2,exclude,launch,0,0.0,prior,0.0,sa,12600.0,43200,9981572.343722377,0,9087104.69444351,894467.6492788686,0,55,0.7975761046753836,67,9.601994207786783,5.760986245328501,7998.26927637493,6653.696221769649,1.2020791165977927,2.0870371495624607,354.4949293586639,0.0,0.0,0.0014903129657228018,1.4725434469946201,2.7296222664015906,0.5162907268170426,4790.788370460892,503,63.07073497772217
ring,200,3000000.0,8,2,exclude,launch,0,0.0,prior,0.0,sa,12600.0,43200,1165943.365369917,0,1022318.475286321,143624.89008359585,0,0,0.0,0,9.601994207786783,5.90681202742359,7998.26927637493,6660.663553795358,1.2008216916792596,2.033383707872116,320.36456630865695,0.0,0.011235955056179775,0.0,2.028373568009493,13.973880597014926,0.9108910891089109,1780.2551323896241,268,75.31219148635864
ring,200,3000000.0,4,3,exclude,launch,0,0.0,prior,0.0,sa,12600.0,43200,1594202.214130035,0,1359763.2987804723,234438.91534956248,0,0,0.0,0,9.678668092786339,5.869164635901264,7932.266771253912,6707.308252853023,1.1826304192713732,2.0321952359364257,319.6281015269561,0.0,0.06521739130434782,0.0,3.9877327125631656,42.25,0.8937644341801386,2317.5671540111225,68,58.98514151573181
ring,200,3000000.0,12,2,exclude,launch,0,0.0,prior,0.0,sa,12600.0,43200,21320406.530982725,0,19966237.688609533,1354168.8423731944,0,138,0.9774261091521692,179,9.601994207786783,5.902351298948676,7998.26927637493,6435.847335904213,1.242768645513746,2.106004034434873,366.97347725586474,0.0,0.0,0.0,1.3634913239330604,1.7027027027027026,0.26,6536.760110141169,592,64.50976347923279
ring,200,3000000.0,9,2,exclude,launch,0,0.0,prior,0.0,sa,12600.0,43200,1443736.0726046378,0,1246599.3419776454,197136.73062699236,0,0,0.0,0,9.601994207786783,5.861764339068403,7998.26927637493,6686.866785944999,1.1961161381570131,2.040980996941011,325.0924307976901,0.0,0.0022222222222222222,0.0,1.8045257444117202,9.08955223880597,0.8631840796019901,2180.6370620315984,335,71.75123357772827
ring,200,3000000.0,5,3,exclude,launch,0,0.0,prior,0.0,sa,12600.0,43200,1386043.2758595024,0,1160983.7116773282,225059.56418217422,0,0,0.0,0,9.678668092786339,5.8757014588954775,7932.266771253912,6707.370642657544,1.182619418823566,2.0299155005820158,318.2177815017311,0.0,0.05,0.0,3.2157150365974045,32.13333333333333,0.8943661971830986,1964.4719215665582,105,65.47099328041077
ring,200,3000000.0,6,3,exclude,launch,0,0.0,prior,0.0,sa,12600.0,43200,1206890.3583066575,0,1030861.9399080087,176028.41839864885,0,0,0.0,0,9.678668092786339,5.989745687996851,7932.266771253912,6583.7404860577335,1.2048267680130966,2.0286582882603343,317.4413622020043,0.0,0.0297029702970297,0.0,2.6895850451883367,25.046979865771814,0.9182242990654206,1796.0178400693887,149,70.06296610832214
ring,200,3000000.0,7,3,exclude,launch,0,0.0,prior,0.0,sa,12600.0,43200,1121140.04474886,0,982669.8436316963,138470.20111716347,0,0,0.0,0,9.678668092786339,5.978242356033479,7932.266771253912,6593.646383956822,1.2030167087143349,2.0295082331743677,317.9661606521425,0.0,0.018315018315018316,0.0,2.3103205072315616,19.251231527093594,0.92,1682.765399274572,203,73.63883662223816
ring,200,3000000.0,9,3,exclude,launch,0,0.0,prior,0.0,sa,12600.0,43200,1592173.9726631439,0,1321487.9268279916,270686.04583515215,0,0,0.0,0,9.678668092786339,5.842025013044897,7932.266771253912,6709.02219686683,1.1823282944209585,2.0411143975907557,325.17575666122866,0.0,0.0066815144766146995,0.0,1.8104805416405922,8.937125748502995,0.863849765258216,2224.544323725459,334,71.42954707145691
ring,200,3000000.0,8,3,exclude,launch,0,0.0,prior,0.0,sa,12600.0,43200,1215482.1529226294,0,1060961.944802614,154520.2081200154,0,0,0.0,0,9.678668092786339,5.904090649115561,7932.266771253912,6664.033829167602,1.1903100996479672,2.033292117835464,320.30778023426956,0.0,0.008450704225352112,0.0,2.029750331096302,13.865168539325843,0.8925233644859814,1800.7974607629787,267,78.29442358016968
ring,200,3000000.0,10,3,exclude,launch,0,0.0,prior,0.0,sa,12600.0,43200,3795275.679370691,0,3195394.6126598273,599881.0667108641,0,9,0.31626394737727037,15,9.678668092786339,5.664848424459843,7932.266771253912,6848.8952286695385,1.1581819412347514,2.0619644363133784,338.3305391983174,0.0,0.0018148820326678765,0.009074410163339383,1.6290576211882948,4.367396593673966,0.7028301886792453,3664.6327901963696,411,60.66136813163757
ring,200,3000000.0,4,4,exclude,launch,0,0.0,prior,0.0,sa,12600.0,43200,1550431.566657118,0,1305249.188012924,245182.37864419413,0,0,0.0,0,9.69235632322423,5.903860496689082,7920.593506759091,6670.615243100836,1.187385753503181,2.031365201852487,319.11425387766644,0.0,0.06521739130434782,0.0,3.9921820338279224,42.411764705882355,0.9067599067599068,2321.485372980335,68,59.68735313415527
ring,200,3000000.0,11,3,exclude,launch,0,0.0,prior,0.0,sa,12600.0,43200,11634624.407984793,0,10639385.775577988,995238.6324068047,0,63,0.8519086980006123,73,9.678668092786339,5.798176398099162,7932.266771253912,6647.955995696207,1.1931888202011491,2.07544116833288,346.97211196355715,0.0,0.0,0.0029940119760479044,1.4803166125793552,2.844311377245509,0.5825471698113207,4633.82190623845,501,61.0447416305542
ring,200,3000000.0,12,3,exclude,launch,0,0.0,prior,0.0,sa,12600.0,43200,21835966.81612368,0,20455795.14614356,1380171.6699801206,0,133,0.9774872414439038,176,9.678668092786339,5.938933929331351,7932.266771253912,6420.1209560556035,1.2355322937914461,2.0981584523509005,361.7855959409176,0.0,0.0,0.0,1.3633478295040289,1.8494077834179357,0.32387706855791965,6021.845361789905,591,65.12507152557373
ring,200,3000000.0,5,4,exclude,launch,0,0.0,prior,0.0,sa,12600.0,43200,1274209.5059121524,0,1102038.963716717,172170.54219543518,0,0,0.0,0,9.69235632322423,5.977067539719364,7920.593506759091,6598.897724089944,1.2002903875664208,2.02829176023825,317.2151832521635,0.0,0.05,0.0,3.215229159125398,32.180952380952384,0.9228915662650602,1958.6857069819223,105,65.63549423217773
ring,200,3000000.0,6,4,exclude,launch,0,0.0,prior,0.0,sa,12600.0,43200,1125477.0001786016,0,969928.676638216,155548.32354038555,0,0,0.0,0,9.69235632322423,6.01786147117269,7920.593506759091,6555.996687879753,1.2081448304270965,2.0277250916091436,316.86565917690683,0.0,0.039603960396039604,0.0,2.690106491468208,25.63758389261745,0.9080188679245284,1753.7302827737644,149,69.44701480865479
ring,200,3000000.0,10,4,exclude,launch,0,0.0,prior,0.0,sa,12600.0,43200,2767798.327874747,0,2317199.327540853,450599.00033389375,0,6,0.2296551517585047,10,9.69235632322423,5.741296627208898,7920.593506759091,6771.284438027293,1.1697328002169454,2.057827393112011,335.69963808544594,0.0,0.003629764065335753,0.0,1.6276873277558646,5.1654501216545015,0.7518072289156627,3096.2990686431413,411,64.66706323623657
ring,200,3000000.0,7,4,exclude,launch,0,0.0,prior,0.0,sa,12600.0,43200,1102908.9277971415,0,963031.5970618338,139877.33073530754,0,0,0.0,0,9.69235632322423,5.966982834063512,7920.593506759091,6608.489510048194,1.1985482453616436,2.0287708378672296,317.5108310538124,0.0,0.01098901098901099,0.0,2.3137212378525787,18.91625615763547,0.927710843373494,1709.0371143015363,203,79.76458525657654
ring,200,3000000.0,8,4,exclude,launch,0,0.0,prior,0.0,sa,12600.0,43200,1133041.4006012331,0,990694.4305276753,142346.97007355766,0,0,0.0,0,9.69235632322423,5.952816594288698,7920.593506759091,6614.478581892518,1.1974630212640087,2.03175749396169,319.3570579038322,0.0,0.011235955056179775,0.0,2.0260657622382148,14.07865168539326,0.9090909090909091,1767.9968574562297,267,78.86042618751526
ring,200,3000000.0,9,4,exclude,launch,0,0.0,prior,0.0,sa,12600.0,43200,1394625.4299194692,0,1173996.108016998,220629.32190247098,0,0,0.0,0,9.69235632322423,5.892316450912571,7920.593506759091,6659.026680730383,1.1894521356521033,2.0388870578463254,323.7858956881783,0.0,0.0,0.0,1.807628351374565,9.561194029850746,0.8923444976076556,2075.5543420584545,335,74.39704251289368
ring,200,3000000.0,11,4,exclude,launch,0,0.0,prior,0.0,sa,12600.0,43200,9112591.86820283,0,8227633.272883429,884958.5953194008,0,49,0.7648008799792406,69,9.69235632322423,5.781338251271951,7920.593506759091,6649.591074900601,1.191139938913836,2.0809740703491375,350.5514822301546,0.0,0.0014947683109118087,0.0,1.4787699530778908,2.848303393213573,0.5734939759036145,4624.824690416972,501,64.5247368812561
ring,200,3000000.0,12,4,exclude,launch,0,0.0,prior,0.0,sa,12600.0,43200,18918307.17272358,0,17623827.481944345,1294479.6907792361,0,127,0.961775569898818,173,9.69235632322423,5.882060573457301,7920.593506759091,6428.015269481967,1.2321989252831085,2.1158437585449428,373.5321880451114,0.0,0.0,0.008860759493670886,1.362470968965232,1.6829679595278246,0.3228915662650602,6602.502738893596,593,66.02168083190918
ring,200,3000000.0,4,5,exclude,launch,0,0.0,prior,0.0,sa,12600.0,43200,1492750.8030294904,0,1286801.7196135588,205949.08341593135,0,0,0.0,0,9.5817239933676,5.9249651393560745,8015.8948489202385,6645.4173076367115,1.2062289661942849,2.0318045536915346,319.38619110557585,0.0,0.06521739130434782,0.0,3.9937677282246,42.44117647058823,0.8772378516624041,2311.8033531692236,68,58.59608268737793
ring,200,3000000.0,5,5,exclude,launch,0,0.0,prior,0.0,sa,12600.0,43200,1246711.0059526023,0,1094604.7203645017,152106.2855881005,0,0,0.0,0,9.5817239933676,5.977766503367733,8015.8948489202385,6594.663230630885,1.215512387605787,2.029356830081496,317.87264509062754,0.0,0.0425531914893617,0.0,3.2129188326941995,32.74528301886792,0.8948717948717949,1952.5217026531595,106,65.40912342071533
ring,200,3000000.0,6,5,exclude,launch,0,0.0,prior,0.0,sa,12600.0,43200,1123206.7907287658,0,985682.7789469947,137524.0117817712,0,0,0.0,0,9.5817239933676,6.013340081783045,8015.8948489202385,6559.376453484897,1.2220513498141299,2.028204138848286,317.1611253434236,0.0,0.019801980198019802,0.0,2.690637221546555,25.066666666666666,0.8935064935064935,1786.2039827684025,150,71.55524468421936
ring,200,3000000.0,7,5,exclude,launch,0,0.0,prior,0.0,sa,12600.0,43200,1100257.1077407468,0,954918.9697569037,145338.137983843,0,0,0.0,0,9.5817239933676,5.98520130583041,8015.8948489202385,6586.054095961426,1.217101276747118,2.029485400178566,317.9520567542467,0.0,0.02197802197802198,0.0,2.3120336336010943,19.266009852216747,0.9060052219321149,1680.8595306506654,203,75.99244809150696
ring,200,3000000.0,8,5,exclude,launch,0,0.0,prior,0.0,sa,12600.0,43200,1182543.896639604,0,1038003.1536697568,144540.74296984723,0,0,0.0,0,9.5817239933676,5.949726228503999,8015.8948489202385,6614.794154393443,1.2118131965748633,2.0327158358741837,319.9505992995942,0.0,0.008450704225352112,0.0,2.027473974841722,13.466165413533835,0.8880208333333334,1859.2206324478934,266,74.0114951133728
ring,200,3000000.0,9,5,exclude,launch,0,0.0,prior,0.0,sa,12600.0,43200,1414912.454543135,0,1215241.1694833424,199671.28505979257,0,0,0.0,0,9.5817239933676,5.9262683802846,8015.8948489202385,6620.752822337548,1.210722566454326,2.0389252179452155,323.80968254475385,0.0,0.0022222222222222222,0.0,1.806351333101158,9.2,0.8825065274151436,2154.337932279977,335,75.36162233352661
ring,200,3000000.0,10,5,exclude,launch,0,0.0,prior,0.0,sa,12600.0,43200,2746972.9008997623,0,2324345.790026162,422627.1108736006,0,5,0.1443043980129771,11,9.5817239933676,5.7440206913455665,8015.8948489202385,6765.867514084843,1.1847549234792363,2.0584982490705452,336.125562985623,0.0,0.005454545454545455,0.0,1.6313763899864817,4.753658536585366,0.7519582245430809,3351.1466299305116,410,65.30032896995544
ring,200,3000000.0,4,6,exclude,launch,0,0.0,prior,0.0,sa,12600.0,43200,1680304.8954437834,0,1403710.2739843403,276594.6214594432,0,0,0.0,0,9.615393291909244,5.963570027727657,7986.659159050209,6599.718593307109,1.2101514702686902,2.0326295999859543,319.89716723014556,0.0,0.05434782608695652,0.0,3.991734857402536,41.779411764705884,0.8761467889908257,2351.9751633254064,68,61.551472187042236
ring,200,3000000.0,12,5,exclude,launch,0,0.0,prior,0.0,sa,12600.0,43200,19576638.486243326,0,18481801.107558087,1094837.3786852416,0,130,0.9616478511597109,183,9.5817239933676,5.834815575081356,8015.8948489202385,6436.837870690938,1.245315636334305,2.1300523788814063,383.1055137046578,0.0,0.0,0.0025252525252525255,1.360917381885961,1.4536256323777403,0.31592689295039167,7617.576003699499,593,62.22213172912598
ring,200,3000000.0,11,5,exclude,launch,0,0.0,prior,0.0,sa,12600.0,43200,8724911.622200556,0,8062089.41421215,662822.2079884076,0,50,0.78230129025211,59,9.5817239933676,5.813499446476956,8015.8948489202385,6619.189367603741,1.211008539527874,2.078966760085712,349.2507808109575,0.0,0.0,0.0,1.4784462221805559,2.9661354581673307,0.6031331592689295,4431.529853337464,502,64.3994882106781
ring,200,3000000.0,5,6,exclude,launch,0,0.0,prior,0.0,sa,12600.0,43200,1344047.6455108654,0,1169144.1236494626,174903.52186140284,0,0,0.0,0,9.615393291909244,5.971832359614222,7986.659159050209,6599.388621387861,1.210211978298469,2.0299188458380746,318.2198487037294,0.0,0.028368794326241134,0.0,3.210814975620617,32.08490566037736,0.9009216589861752,1991.2188940232859,106,64.95581555366516
ring,200,3000000.0,6,6,exclude,launch,0,0.0,prior,0.0,sa,12600.0,43200,1227891.2048716994,0,1066885.4782383812,161005.72663331826,0,0,0.0,0,9.615393291909244,5.995617217267927,7986.659159050209,6576.8644301304175,1.2143566655351958,2.0287904839504702,317.52295796011276,0.0,0.029556650246305417,0.0,2.6906931289921134,24.386666666666667,0.8901869158878505,1837.4912833133894,150,72.68476605415344
ring,200,3000000.0,7,6,exclude,launch,0,0.0,prior,0.0,sa,12600.0,43200,1205538.0605762408,0,1046926.6493611792,158611.41121506155,0,0,0.0,0,9.615393291909244,5.994705867787696,7986.659159050209,6574.24109173983,1.21484123377906,2.029908589479291,318.21351080496675,0.0,0.014652014652014652,0.0,2.3112237036771193,18.507389162561577,0.8964705882352941,1750.0499144570679,203,75.6281065940857
ring,200,3000000.0,8,6,exclude,launch,0,0.0,prior,0.0,sa,12600.0,43200,1301376.2645919619,0,1120743.1258739466,180633.13871801514,0,0,0.0,0,9.615393291909244,5.949252004784029,7986.659159050209,6613.59109999123,1.2076130861886516,2.033247660124321,320.280218145715,0.0,0.005633802816901409,0.0,2.023908632450447,13.131578947368421,0.8852459016393442,1904.472871262734,266,75.16812705993652
ring,200,3000000.0,9,6,exclude,launch,0,0.0,prior,0.0,sa,12600.0,43200,1557523.1555998723,0,1303074.6236718479,254448.53192802443,0,0,0.0,0,9.615393291909244,5.900214147835222,7986.659159050209,6645.542947369884,1.2018068684983971,2.0402892595369027,324.6605230523512,0.0,0.006666666666666667,0.0,1.8063438571380466,9.148809523809524,0.8685446009389671,2160.9031178789137,336,73.3536970615387
ring,200,3000000.0,11,6,exclude,launch,0,0.0,prior,0.0,sa,12600.0,43200,10656687.890145566,0,9681990.248459434,974697.6416861314,0,59,0.7945743529026672,75,9.615393291909244,5.762577606717063,7986.659159050209,6667.94183671212,1.1977697698377545,2.082003220032145,351.21929044797923,0.0,0.0,0.0,1.4787989884567172,2.5555555555555554,0.5377358490566038,5133.673106323253,504,63.92601418495178
ring,200,3000000.0,10,6,exclude,launch,0,0.0,prior,0.0,sa,12600.0,43200,3591824.727548488,0,3080517.65512129,511307.0724271983,0,10,0.31195791804267475,14,9.615393291909244,5.688349708859059,7986.659159050209,6824.680759830691,1.1702612092947693,2.060731253698256,337.54523777168197,0.0,0.0036363636363636364,0.0,1.6290686488087573,4.587804878048781,0.7257683215130024,3479.0809381464123,410,65.24418044090271
ring,200,3000000.0,4,7,exclude,launch,0,0.0,prior,0.0,sa,12600.0,43200,1546770.350321189,0,1314829.4595774035,231940.89074378545,0,0,0.0,0,9.67245857027743,5.910807479331668,7937.573119120503,6659.040375991207,1.191999548123927,2.032504541298648,319.81968834069943,0.0,0.043478260869565216,0.0,3.9888051916705978,41.455882352941174,0.8905109489051095,2365.230395904512,68,62.09244632720947
ring,200,3000000.0,12,6,exclude,launch,0,0.0,prior,0.0,sa,12600.0,43200,21926757.386383545,0,20457586.713793408,1469170.6725901384,0,134,0.9737394735385857,181,9.615393291909244,5.916050595684569,7986.659159050209,6421.7474774045495,1.243689383170536,2.105740662904778,366.7987240803295,0.0,0.0,0.0025252525252525255,1.3598456348243024,1.6458684654300169,0.2789598108747045,6742.028689345655,593,64.76425170898438
ring,200,3000000.0,5,7,exclude,launch,0,0.0,prior,0.0,sa,12600.0,43200,1260285.6660071881,0,1094067.090272342,166218.5757348461,0,0,0.0,0,9.67245857027743,6.0110097865781515,7937.573119120503,6557.746843582232,1.2104116411399206,2.0294946222765446,317.9577531888975,0.0,0.03571428571428571,0.0,3.2161164682496413,31.81904761904762,0.9037037037037037,1978.9161229733213,105,65.85994076728821
ring,200,3000000.0,6,7,exclude,launch,0,0.0,prior,0.0,sa,12600.0,43200,1120032.3609036999,0,982711.2687608124,137321.09214288762,0,0,0.0,0,9.67245857027743,5.982562564487898,7937.573119120503,6590.436339810823,1.2044078282301336,2.029030468566714,317.67111157158917,0.0,0.024875621890547265,0.0,2.687659848084879,24.714285714285715,0.896551724137931,1801.3006150632698,147,71.44764637947083
ring,200,3000000.0,7,7,exclude,launch,0,0.0,prior,0.0,sa,12600.0,43200,1108704.8059732541,0,974903.5619738044,133801.2439994496,0,0,0.0,0,9.67245857027743,5.981113623775989,7937.573119120503,6588.653046146014,1.2047338148672937,2.030071319750683,318.31407713187394,0.0,0.014652014652014652,0.0,2.3134592332060198,18.645320197044335,0.928395061728395,1731.694357821338,203,74.6760618686676
ring,200,3000000.0,8,7,exclude,launch,0,0.0,prior,0.0,sa,12600.0,43200,1166027.5442416803,0,1006998.1820098606,159029.3622318197,0,0,0.0,0,9.67245857027743,5.939801860460371,7937.573119120503,6624.035274613885,1.198298739371249,2.0332715897185465,320.29505343584776,0.0,0.00847457627118644,0.0,2.029965444359402,13.659090909090908,0.8962962962962963,1830.6510082348364,264,80.03306365013123
ring,200,3000000.0,9,7,exclude,launch,0,0.0,prior,0.0,sa,12600.0,43200,1440770.7331008667,0,1223152.256238149,217618.47686271768,0,0,0.0,0,9.67245857027743,5.877827781509913,7937.573119120503,6669.503082675602,1.1901296124652498,2.0407022914505824,324.91837782914786,0.0,0.0022271714922048997,0.0,1.811021448567181,9.011940298507463,0.854320987654321,2198.011491262082,335,74.71718883514404
ring,200,3000000.0,10,7,exclude,launch,0,0.0,prior,0.0,sa,12600.0,43200,2900436.576922088,0,2441985.010034888,458451.56688720017,0,6,0.1986561309613918,10,9.67245857027743,5.731268522059507,7937.573119120503,6778.588631207873,1.1709772566189949,2.059206742318825,336.5756768920974,0.0,0.005434782608695652,0.0,1.6303523484625824,4.747572815533981,0.7185185185185186,3375.9715736963144,412,63.20637893676758
ring,200,3000000.0,4,8,exclude,launch,0,0.0,prior,0.0,sa,12600.0,43200,1535988.8984904708,0,1289311.5288152406,246677.36967523032,0,0,0.0,0,9.593953420773953,5.972612215877859,8005.252074719057,6591.913504695867,1.2144049021602563,2.031955387701,319.4795766615365,0.0,0.05434782608695652,0.0,3.995425385814513,40.75,0.9209183673469388,2419.1912918881603,68,55.20375418663025
ring,200,3000000.0,11,7,exclude,launch,0,0.0,prior,0.0,sa,12600.0,43200,9028251.580429623,0,8312267.608635972,715983.9717936505,0,55,0.7871558185091966,68,9.67245857027743,5.778598614821476,7937.573119120503,6647.921829895466,1.1939931488703015,2.082483426418754,351.5311105413857,0.0,0.0029850746268656717,0.0,1.477179712473005,2.804780876494024,0.5530864197530864,4679.313657501821,502,64.56345200538635
ring,200,3000000.0,5,8,exclude,launch,0,0.0,prior,0.0,sa,12600.0,43200,1194632.1386020512,0,1046569.7967906621,148062.34181138908,0,0,0.0,0,9.593953420773953,5.958548077121472,8005.252074719057,6615.338862967164,1.2101046130127457,2.029539199144369,317.9852887724487,0.0,0.02142857142857143,0.0,3.217415895395427,32.72380952380952,0.9461538461538461,1926.1119748062554,105,64.03421521186829
ring,200,3000000.0,12,7,exclude,launch,0,0.0,prior,0.0,sa,12600.0,43200,19806671.58067903,0,18645807.704353247,1160863.8763257812,0,137,0.9751069100018084,174,9.67245857027743,5.93395539594615,7937.573119120503,6426.924953319103,1.2350499152819958,2.097695665243733,361.4807320484642,0.0,0.0,0.0037926675094816687,1.3630097374062164,1.775337837837838,0.2814814814814815,6287.228716674704,592,65.62361526489258
ring,200,3000000.0,6,8,exclude,launch,0,0.0,prior,0.0,sa,12600.0,43200,1072490.983595793,0,940472.6759900526,132018.30760574032,0,0,0.0,0,9.593953420773953,5.973809219328102,8005.252074719057,6601.191563528011,1.2126980406005132,2.02869286723241,317.46270452845084,0.0,0.034653465346534656,0.0,2.6844225909276824,25.040268456375838,0.9489795918367347,1790.4889081788206,149,74.62206983566284
ring,200,3000000.0,10,8,exclude,launch,0,0.0,prior,0.0,sa,12600.0,43200,3130460.715020848,0,2671882.370425824,458578.34459502355,0,10,0.34564381622424534,14,9.593953420773953,5.734940385884908,8005.252074719057,6776.355442897593,1.1813506747361504,2.058566500052232,336.16891050984964,0.0,0.003629764065335753,0.007259528130671506,1.6295685360752623,4.939320388349515,0.7589743589743589,3250.3515339291735,412,64.12718152999878
ring,200,3000000.0,7,8,exclude,launch,0,0.0,prior,0.0,sa,12600.0,43200,1072579.3861000047,0,942334.8045967505,130244.5815032541,0,0,0.0,0,9.593953420773953,5.948141023902272,8005.252074719057,6625.9749969634,1.2081621313674986,2.029826591491549,318.1628425629304,0.0,0.014652014652014652,0.0,2.3132950367090355,18.56650246305419,0.928388746803069,1744.5154647844297,203,78.61777114868164
ring,200,3000000.0,8,8,exclude,launch,0,0.0,prior,0.0,sa,12600.0,43200,1111721.0598256988,0,962341.1701917122,149379.88963398672,0,0,0.0,0,9.593953420773953,5.9253586347205145,8005.252074719057,6641.248788753027,1.2053835550139265,2.0329448441792763,320.0925153349648,0.0,0.0056179775280898875,0.0,2.0270640122574504,14.026119402985074,0.9311224489795918,1774.9375772173057,268,76.92575788497925
ring,200,3000000.0,9,8,exclude,launch,0,0.0,prior,0.0,sa,12600.0,43200,1354319.6348585016,0,1162620.6243778833,191699.01048061854,0,0,0.0,0,9.593953420773953,5.8820472533481984,8005.252074719057,6665.870543146742,1.2009312246469215,2.0403496736028814,324.69823300968653,0.0,0.0044444444444444444,0.0,1.806247639999429,9.31044776119403,0.9053708439897699,2126.0862454083563,335,73.63039946556091
ring,200,3000000.0,11,8,exclude,launch,0,0.0,prior,0.0,sa,12600.0,43200,9117380.34386503,0,8242996.281266437,874384.0625985912,0,54,0.778967669713511,71,9.593953420773953,5.7492266901404125,8005.252074719057,6669.545743202136,1.2002694610616211,2.0863362232511227,354.03791698425385,0.0,0.0014947683109118087,0.004484304932735426,1.4793544184951888,2.648,0.5461538461538461,4969.942877744735,500,65.46426463127136
ring,200,3000000.0,12,8,exclude,launch,0,0.0,prior,0.0,sa,12600.0,43200,19396883.213443264,0,18159840.588133838,1237042.6253094238,0,128,0.9689609306391032,176,9.593953420773953,5.900440047976057,8005.252074719057,6419.072360508836,1.2471041959222415,2.1121916117971535,371.09105440558517,0.0,0.0,0.0,1.3622001256051177,1.7010135135135136,0.2846153846153846,6539.3592297515,592,66.24951529502869
ring,200,3000000.0,4,9,exclude,launch,0,0.0,prior,0.0,sa,12600.0,43200,1490210.2807666538,0,1254036.3975450308,236173.883221623,0,0,0.0,0,9.707421613060593,5.9764779044683545,7907.783946703841,6587.9467062283875,1.200341213936605,2.0318637933808112,319.42286642707114,0.0,0.043478260869565216,0.0,3.984985117825314,43.470588235294116,0.902200488997555,2247.7912234804835,68,62.777801752090454
ring,200,3000000.0,5,9,exclude,launch,0,0.0,prior,0.0,sa,12600.0,43200,1202520.3878176415,0,1040626.6355677949,161893.7522498467,0,0,0.0,0,9.707421613060593,5.982114891264699,7907.783946703841,6591.187403627536,1.1997510406625218,2.0289510869108827,317.62210177652605,0.0,0.04285714285714286,0.0,3.2121383155204537,33.57142857142857,0.9330024813895782,1883.038647500677,105,67.4221522808075
ring,200,3000000.0,6,9,exclude,launch,0,0.0,prior,0.0,sa,12600.0,43200,1106272.0887722154,0,960893.701473448,145378.3872987674,0,0,0.0,0,9.707421613060593,6.005285814019596,7907.783946703841,6567.561757869997,1.2040669335507714,2.0283931708704257,317.27775416787847,0.0,0.034482758620689655,0.0,2.6834604688193786,25.7,0.9336609336609336,1742.7871408499109,150,72.70862627029419
ring,200,3000000.0,8,9,exclude,launch,0,0.0,prior,0.0,sa,12600.0,43200,1088139.3087797782,0,947263.7910206668,140875.51775911127,0,0,0.0,0,9.707421613060593,5.969357918434609,7907.783946703841,6595.104398165511,1.1990384790426463,2.0320794908506894,319.5564226303855,0.0,0.014084507042253521,0.0,2.0292505583812233,14.541353383458647,0.9305210918114144,1722.8948719278835,266,77.68442177772522
ring,200,3000000.0,7,9,exclude,launch,0,0.0,prior,0.0,sa,12600.0,43200,1026906.4918730928,0,909724.9819556806,117181.50991741229,0,0,0.0,0,9.707421613060593,5.999131625081564,7907.783946703841,6571.765266284605,1.2032967743497271,2.029175235931845,317.76049987661077,0.0,0.018315018315018316,0.0,2.310327883804099,19.79310344827586,0.9354838709677419,1632.6745215470498,203,80.12519836425781
ring,200,3000000.0,11,9,exclude,launch,0,0.0,prior,0.0,sa,12600.0,43200,8444439.247235652,0,7547789.697593149,896649.5496425027,0,46,0.7353454074269986,59,9.707421613060593,5.763585197621116,7907.783946703841,6659.8667195422,1.1873787088711323,2.0841632404662063,352.6229795934553,0.0,0.0,0.004477611940298508,1.4799318123047864,2.749502982107356,0.5024875621890548,4774.802804911833,503,60.718727588653564
ring,200,3000000.0,10,9,exclude,launch,0,0.0,prior,0.0,sa,12600.0,43200,2610030.786718264,0,2181423.6925813737,428607.0941368911,0,3,0.10715190180745782,9,9.707421613060593,5.713267748002683,7907.783946703841,6796.160614264219,1.163566371593172,2.060353669743728,337.30497148169724,0.0,0.007259528130671506,0.0,1.6323086421670907,4.888077858880779,0.75,3262.7494793321257,411,65.80233573913574
ring,200,3000000.0,4,10,exclude,launch,0,0.0,prior,0.0,sa,12600.0,43200,1499038.9712624105,0,1296768.7425260858,202270.22873632485,0,0,0.0,0,9.682464971833335,5.95784934529558,7929.025501191047,6608.868903518052,1.1997553010879434,2.0317643359447657,319.361293478263,0.0,0.07608695652173914,0.0,3.9969846146432553,42.25,0.8599033816425121,2335.116686482096,68,60.24510478973389
ring,200,3000000.0,12,9,exclude,launch,0,0.0,prior,0.0,sa,12600.0,43200,19170788.948118947,0,17880817.446267277,1289971.501851669,0,126,0.9697093858819891,174,9.707421613060593,5.922160257496423,7907.783946703841,6412.0379143203445,1.2332715514739812,2.1067536247806107,367.4710757895063,0.0,0.0,0.0025252525252525255,1.3637758328402563,1.9191919191919191,0.30423940149625933,5792.432597179392,594,66.34460520744324
ring,200,3000000.0,9,9,exclude,launch,0,0.0,prior,0.0,sa,12600.0,43200,1334273.9970185426,0,1141974.1077163846,192299.88930215812,0,0,0.0,0,9.707421613060593,5.9081173819699515,7907.783946703841,6639.533734262726,1.1910149512301476,2.0394041087137396,324.1082703633011,0.0,0.0022222222222222222,0.0,1.8041344566761492,9.602985074626865,0.913151364764268,2057.7265032915734,335,75.41936421394348
ring,200,3000000.0,5,10,exclude,launch,0,0.0,prior,0.0,sa,12600.0,43200,1291020.0284162168,0,1100453.4646042355,190566.56381198132,0,0,0.0,0,9.682464971833335,6.033824333943123,7929.025501191047,6535.046115672012,1.213308270644956,2.0288440620214905,317.55603118706415,0.0,0.02142857142857143,0.0,3.2153521639189964,31.98095238095238,0.9057071960297767,1974.8983677260792,105,63.72825789451599
ring,200,3000000.0,6,10,exclude,launch,0,0.0,prior,0.0,sa,12600.0,43200,1123707.1143284664,0,983762.4142210226,139944.70010744376,0,0,0.0,0,9.682464971833335,6.016202117959338,7929.025501191047,6556.5208335186035,1.2093342952036161,2.0281222203029508,317.1105899642008,0.0,0.0297029702970297,0.0,2.6895223931293657,24.986577181208055,0.9164619164619164,1800.7306734851725,149,67.5934362411499
ring,200,3000000.0,7,10,exclude,launch,0,0.0,prior,0.0,sa,12600.0,43200,1051801.2728939697,0,925466.2735063322,126334.9993876374,0,0,0.0,0,9.682464971833335,5.988562510241687,7929.025501191047,6583.613817457675,1.204357625012233,2.0290981352500315,317.7128915925276,0.0,0.018315018315018316,0.0,2.3124607496164526,19.34975369458128,0.9230769230769231,1670.4172150047273,203,77.16036415100098
ring,200,3000000.0,8,10,exclude,launch,0,0.0,prior,0.0,sa,12600.0,43200,1115131.3253232855,0,975604.6480638422,139526.67725944324,0,0,0.0,0,9.682464971833335,5.984149419545773,7929.025501191047,6579.09684676778,1.2051844935352285,2.031988653682779,319.50017439899835,0.0,0.014044943820224719,0.0,2.024013568979461,14.04868913857678,0.9207920792079208,1773.5805267256885,267,77.57703447341919
ring,200,3000000.0,10,10,exclude,launch,0,0.0,prior,0.0,sa,12600.0,43200,3149075.082538382,0,2704912.196056333,444162.8864820489,0,7,0.3031930298428776,11,9.682464971833335,5.709839130215703,7929.025501191047,6802.680850281858,1.165573643053168,2.0596148670247976,336.8350999259937,0.0,0.0,0.0,1.630371485474353,4.8463414634146345,0.7475,3275.78136916064,410,64.69702291488647
ring,200,3000000.0,9,10,exclude,launch,0,0.0,prior,0.0,sa,12600.0,43200,1365180.0779069385,0,1177583.7941996239,187596.2837073146,0,0,0.0,0,9.682464971833335,5.887496847646501,7929.025501191047,6662.790859619423,1.1900456832955357,2.0394033018891218,324.10776719340254,0.0,0.004454342984409799,0.0,1.811126600630285,9.434131736526947,0.8712871287128713,2106.9188646300645,334,75.90378785133362
ring,200,3000000.0,4,11,exclude,launch,0,0.0,prior,0.0,sa,12600.0,43200,1534526.6545545047,0,1274437.3805410708,260089.2740134339,0,0,0.0,0,9.620332515526059,5.949806705626994,7982.387549587255,6616.169899721235,1.2064967602968575,2.03226567059776,319.671724408393,0.0,0.08695652173913043,0.0,3.985781438445806,42.220588235294116,0.8747044917257684,2318.5841146930165,68,58.61849617958069
ring,200,3000000.0,11,10,exclude,launch,0,0.0,prior,0.0,sa,12600.0,43200,9898119.036122525,0,9182009.27246588,716109.7636566472,0,56,0.8231378706279392,70,9.682464971833335,5.809932006469523,7929.025501191047,6630.552657706348,1.195831767051205,2.076678222826732,347.77079865279893,0.0,0.0,0.0029985007496251873,1.4800213308885943,3.029940119760479,0.5533498759305211,4358.7710309895465,501,64.76525497436523
ring,200,3000000.0,12,10,exclude,launch,0,0.0,prior,0.0,sa,12600.0,43200,19528166.673884816,0,18413334.480360575,1114832.1935242421,0,130,0.9699524472499867,176,9.682464971833335,5.914364611387114,7929.025501191047,6422.797380034777,1.2345127881253688,2.1059966249451456,366.9685603170158,0.0,0.0,0.007594936708860759,1.3629294525453806,1.8057432432432432,0.3316708229426434,6160.186217531313,592,65.86663508415222
ring,200,3000000.0,5,11,exclude,launch,0,0.0,prior,0.0,sa,12600.0,43200,1212116.3105763157,0,1037935.722453409,174180.58812290675,0,0,0.0,0,9.620332515526059,5.953266868519804,7982.387549587255,6620.950331296506,1.2056256504229286,2.0296180000602204,318.0339678144023,0.0,0.05714285714285714,0.0,3.204383992545092,33.38461538461539,0.9036144578313253,1888.3922667723955,104,66.33938455581665
ring,200,3000000.0,6,11,exclude,launch,0,0.0,prior,0.0,sa,12600.0,43200,1073755.253412824,0,939187.6695554858,134567.5838573381,0,0,0.0,0,9.620332515526059,5.977554625431018,7982.387549587255,6596.439838104936,1.210105412237108,2.0288821793681513,317.57956170640705,0.0,0.019704433497536946,0.0,2.6817586570425065,25.566666666666666,0.9021479713603818,1749.2667032975664,150,75.12941765785217
ring,200,3000000.0,7,11,exclude,launch,0,0.0,prior,0.0,sa,12600.0,43200,1046222.7812373966,0,904862.8557500599,141359.9254873368,0,0,0.0,0,9.620332515526059,5.966721916398901,7982.387549587255,6605.627604177499,1.2084222768687525,2.0297385624484705,318.1084520980328,0.0,0.02564102564102564,0.0,2.30996401384347,19.724137931034484,0.9186602870813397,1636.3682646913583,203,81.66968607902527
ring,200,3000000.0,8,11,exclude,launch,0,0.0,prior,0.0,sa,12600.0,43200,1102440.8656193786,0,959768.9595998953,142671.90601948355,0,0,0.0,0,9.620332515526059,5.931888820953707,7982.387549587255,6633.735881571187,1.2033019842955586,2.0330066912154594,320.13084722877335,0.0,0.008426966292134831,0.0,2.026810568283008,14.194756554307116,0.9164677804295943,1760.1224752860699,267,84.27151131629944
ring,200,3000000.0,9,11,exclude,launch,0,0.0,prior,0.0,sa,12600.0,43200,1290568.8934545938,0,1119053.2636007997,171515.6298537941,0,0,0.0,0,9.620332515526059,5.87528841924765,7982.387549587255,6673.042735001535,1.1962140610486318,2.040501365665903,324.7929275857825,0.0,0.008908685968819599,0.0,1.8060934584878807,9.698507462686567,0.8827751196172249,2043.1422627755182,335,81.02564263343811
ring,200,3000000.0,10,11,exclude,launch,0,0.0,prior,0.0,sa,12600.0,43200,2629479.9161306326,0,2205935.9247204936,423543.99141013843,0,5,0.18081577725487064,7,9.620332515526059,5.720453773438252,7982.387549587255,6788.7202360699375,1.1758309772694868,2.060020749560021,337.09319684933644,0.0,0.0018181818181818182,0.0,1.6317444818261222,5.175609756097561,0.7475961538461539,3086.453001923124,410,70.80014133453369
ring,200,3000000.0,11,11,exclude,launch,0,0.0,prior,0.0,sa,12600.0,43200,8722889.871397609,0,7900223.674740355,822666.1966572534,0,52,0.7597232245007002,66,9.620332515526059,5.756258621352327,7982.387549587255,6665.49975522774,1.1975677507641767,2.0850523921541564,353.20160811583725,0.0,0.0029895366218236174,0.0029895366218236174,1.4808983295677238,2.726546906187625,0.5263157894736842,4833.6623323755975,501,66.16742706298828
ring,200,3000000.0,4,12,exclude,launch,0,0.0,prior,0.0,sa,12600.0,43200,1538805.2712062614,0,1292683.0334987792,246122.23770748242,0,0,0.0,0,9.586499762957338,5.9435263483150305,8011.735459045254,6624.141339539894,1.209475318894953,2.0319649118316603,319.4854737755178,0.0,0.05434782608695652,0.0,3.9983106897491147,43.13235294117647,0.8932038834951457,2280.444676034524,68,62.70355415344238
ring,200,3000000.0,5,12,exclude,launch,0,0.0,prior,0.0,sa,12600.0,43200,1252918.8546185084,0,1085129.36208955,167789.49252895845,0,0,0.0,0,9.586499762957338,5.928463471502355,8011.735459045254,6649.844990009866,1.204800333102707,2.0292535613412728,317.8088680601078,0.0,0.02857142857142857,0.0,3.2191652091419427,33.076190476190476,0.9405940594059405,1911.8425113738142,105,69.2981276512146
ring,200,3000000.0,12,11,exclude,launch,0,0.0,prior,0.0,sa,12600.0,43200,20026004.72636557,0,18769323.321244027,1256681.4051215437,0,134,0.9765418947629849,179,9.620332515526059,5.917082577951222,7982.387549587255,6425.178187697629,1.2423604943550413,2.104249246733512,365.8099196734587,0.0,0.0,0.0,1.363189506600388,1.8766891891891893,0.2751196172248804,5950.210624081195,592,70.47340416908264
ring,200,3000000.0,6,12,exclude,launch,0,0.0,prior,0.0,sa,12600.0,43200,1167110.2489848437,0,1008823.3900821453,158286.85890269844,0,0,0.0,0,9.586499762957338,5.951495596643536,8011.735459045254,6625.742516647584,1.2091830370581529,2.028753656822173,317.5002259274981,0.0,0.024752475247524754,0.0,2.6909460822985167,25.120805369127517,0.9434889434889435,1794.677167816159,149,76.27976989746094
ring,200,3000000.0,7,12,exclude,launch,0,0.0,prior,0.0,sa,12600.0,43200,1091171.1014873616,0,950261.8019498404,140909.2995375212,0,0,0.0,0,9.586499762957338,5.963812080614844,8011.735459045254,6610.452488231553,1.2119798869000837,2.0292467003125787,317.8046310312994,0.0,0.018315018315018316,0.0,2.314852348810634,19.408866995073893,0.9257425742574258,1665.9873170535789,203,77.21339154243469
ring,200,3000000.0,8,12,exclude,launch,0,0.0,prior,0.0,sa,12600.0,43200,1182921.749222549,0,1017121.4377062077,165800.3115163412,0,0,0.0,0,9.586499762957338,5.932190060730234,8011.735459045254,6635.072646243765,1.20748270383759,2.03249388603788,319.81308741168107,0.0,0.0,0.0,2.0309637915782046,13.981203007518797,0.9135802469135802,1793.077676020945,266,79.50143504142761
ring,200,3000000.0,9,12,exclude,launch,0,0.0,prior,0.0,sa,12600.0,43200,1412768.5891097407,0,1195291.5032804918,217477.08582924906,0,0,0.0,0,9.586499762957338,5.876237122480546,8011.735459045254,6674.314290943708,1.2003833067789864,2.039783248979896,324.34476145775676,0.0,0.0,0.0,1.807080453693656,9.438805970149254,0.9034653465346535,2097.1092172846056,335,76.60487723350525
ring,200,3000000.0,10,12,exclude,launch,0,0.0,prior,0.0,sa,12600.0,43200,2706179.241314607,0,2269323.5835786876,436855.65773591964,0,8,0.22140586603590603,8,9.586499762957338,5.765753034103198,8011.735459045254,6749.378310934521,1.1870330999324212,2.0557494333424344,334.3820598008615,0.0,0.0036363636363636364,0.005454545454545455,1.630570304165711,5.175609756097561,0.7855361596009975,3079.2021376989633,410,69.10030508041382
ring,200,3000000.0,11,12,exclude,launch,0,0.0,prior,0.0,sa,12600.0,43200,9019336.121653536,0,8150960.959887313,868375.1617662234,0,48,0.770621854013691,63,9.586499762957338,5.794039093386631,8011.735459045254,6642.216552240259,1.2061840194510203,2.0787178018952224,349.08962883769806,0.0,0.0,0.004484304932735426,1.4801989130055389,2.8489065606361827,0.5486284289276808,4612.273835868544,503,64.2731077671051
ring,200,3000000.0,12,12,exclude,launch,0,0.0,prior,0.0,sa,12600.0,43200,18935909.872532427,0,17620346.73180839,1315563.1407240396,0,122,0.9594848324096861,166,9.586499762957338,5.9055777152012565,8011.735459045254,6413.321298305453,1.2492334449487412,2.1122465038814644,371.12768561896206,0.0,0.0,0.0012626262626262627,1.362404219871954,1.7567567567567568,0.3516209476309227,6328.256974232079,592,69.54908394813538
core,200,1500000.0,2,1,exclude,launch,0,0.0,prior,0.0,sa,12600.0,43200,1807746.385694656,0,1470833.123514435,336913.2621802212,0,0,0.0,0,5.817375238242085,37.66382000328491,6542.619886436506,519.8438439567346,12.585740819085341,2.042973438747948,326.33807818011616,0.0,0.041666666666666664,0.0,3.82441679764729,76.91666666666667,0.8735362997658079,2424.7173253573787,36,65.38769435882568
core,200,1500000.0,2,2,exclude,launch,0,0.0,prior,0.0,sa,12600.0,43200,1696259.246757641,0,1424744.9607079688,271514.28604967246,0,0,0.0,0,5.159223286643748,43.940785096506104,7419.771693842448,445.6481171408052,16.649395360281815,2.0426789011880175,326.15378729479545,0.0,0.08333333333333333,0.0,3.8375626120069795,77.69444444444444,0.824390243902439,2417.8661102853157,36,65.65422224998474
core,200,1500000.0,3,1,exclude,launch,0,0.0,prior,0.0,sa,12600.0,43200,1018366.6015109896,0,885062.0879638665,133304.51354712312,0,0,0.0,0,5.817375238242085,39.07062829763538,6542.619886436506,504.4878946562154,12.968834249025917,2.0293588344299316,317.8738830056844,0.0,0.04854368932038835,0.0,2.6272735951657897,59.46052631578947,0.9170616113744076,1452.2317196999816,76,105.53079605102539
core,200,1500000.0,3,2,exclude,launch,0,0.0,prior,0.0,sa,12600.0,43200,985496.3937691851,0,870410.0391756507,115086.3545935345,0,0,0.0,0,5.159223286643748,41.71602741134453,7419.771693842448,472.5387894660653,15.701931480008772,2.0291753724802106,317.76058419593414,0.0,0.10576923076923077,0.0,2.6211245326792634,58.87012987012987,0.9211822660098522,1459.6242739596128,77,107.45923352241516
core,200,1500000.0,4,1,exclude,launch,0,0.0,prior,0.0,sa,12600.0,43200,714856.6519980311,0,644822.2688934777,70034.38310455337,0,0,0.0,0,5.817375238242085,38.18528690592953,6542.619886436506,517.9864710344677,12.63087021051009,2.0222996955174173,313.52900023650136,0.0,0.04419889502762431,0.0,1.9962500876071696,46.91851851851852,0.9474940334128878,1049.2223528745787,135,143.58360171318054
core,200,1500000.0,4,2,exclude,launch,0,0.0,prior,0.0,sa,12600.0,43200,704520.7619743975,0,637900.0300565024,66620.731917895,0,0,0.0,0,5.159223286643748,40.63337170441107,7419.771693842448,486.7573999148892,15.243264293752523,2.0223884099495493,313.5834182397501,0.0,0.06077348066298342,0.0,1.9970568216930482,46.614814814814814,0.9553349875930521,1058.1776010279486,135,143.7264473438263
core,200,1500000.0,5,1,exclude,launch,0,0.0,prior,0.0,sa,12600.0,43200,549998.0838349591,0,506738.94971368136,43259.1341212777,0,0,0.0,0,5.817375238242085,38.95060490954855,6542.619886436506,508.8599060162516,12.857408903871377,2.0181226247702684,310.97210372073005,0.0,0.03571428571428571,0.0,1.60869920715787,38.78947368421053,0.9401913875598086,814.2630957789326,209,186.041100025177
core,200,1500000.0,6,1,exclude,launch,0,0.0,prior,0.0,sa,12600.0,43200,516905.7310695686,0,487256.2336607754,29649.49740879319,0,1,0.14216291234828,1,5.817375238242085,36.77555327237471,6542.619886436506,539.6980059165057,12.122742375758722,2.0153476007722118,309.2792251181662,0.0,0.0275,0.0,1.3468373346873224,32.32775919732441,0.961352657004831,681.094652683327,299,202.52627420425415
core,200,1500000.0,2,3,exclude,launch,0,0.0,prior,0.0,sa,12600.0,43200,1690927.4207412745,0,1382105.7698920472,308821.65084922744,0,0,0.0,0,4.838213115042605,51.883212323970426,7934.181769636198,377.43164437472376,21.021506510882112,2.042654075005413,326.13825603761796,0.0,0.0625,0.0,3.833038912205401,82.86111111111111,0.8868360277136259,2255.9522805235797,36,66.91266870498657
core,200,1500000.0,5,2,exclude,launch,0,0.0,prior,0.0,sa,12600.0,43200,554044.9860642975,0,504264.28061113146,49780.70545316604,0,0,0.0,0,5.159223286643748,42.109652940396494,7419.771693842448,470.69863698510034,15.763316718670074,2.018066106886577,310.9375793973575,0.0,0.03225806451612903,0.0,1.6109116764327829,38.69377990430622,0.9575,816.2595671903442,209,180.47598600387573
core,200,1500000.0,7,1,exclude,launch,0,0.0,prior,0.0,sa,12600.0,43200,453090.9257609849,0,432416.2119784995,20674.71378248537,0,1,0.16417473606695446,1,5.817375238242085,36.31302155307588,6542.619886436506,547.0973845796583,11.958784799278984,2.013413449202951,308.10204570762687,0.0,0.025830258302583026,0.0,1.158522620412563,27.817733990147783,0.9710144927536232,582.5839319169174,406,221.96735334396362
core,200,1500000.0,6,2,exclude,launch,0,0.0,prior,0.0,sa,12600.0,43200,578049.3911775892,0,536901.6971310343,41147.69404655482,0,1,0.24224433844163176,1,5.159223286643748,37.846498766330214,7419.771693842448,524.4433694150949,14.14789875619483,2.0152813409755606,309.2388603999398,0.0,0.034912718204488775,0.0,1.3454716748078706,31.883333333333333,0.965,689.2458029595482,300,192.98577904701233
core,200,1500000.0,3,3,exclude,launch,0,0.0,prior,0.0,sa,12600.0,43200,932795.7834375596,0,840695.7642084274,92100.01922913219,0,0,0.0,0,4.838213115042605,44.67261411249318,7934.181769636198,441.30984836687935,17.978709967605756,2.028967100678036,317.6319882833289,0.0,0.04854368932038835,0.0,2.6237148490478996,63.21052631578947,0.9364705882352942,1363.0617134938984,76,110.2958345413208
core,200,1500000.0,8,1,exclude,launch,0,0.0,prior,0.0,sa,12600.0,43200,401833.2856612414,0,386315.2927663513,15517.992894890102,0,1,0.18511677804075935,1,5.817375238242085,35.74560947268582,6542.619886436506,556.192456493736,11.763230173385478,2.0119268693225036,307.198796657053,0.0,0.01272984441301273,0.0,1.0152852412930178,24.39924670433145,0.9781553398058253,507.4558640496599,531,260.8418357372284
core,200,1500000.0,9,1,exclude,launch,0,0.0,prior,0.0,sa,12600.0,43200,365563.1906653355,0,352081.58428014914,13481.60638518637,0,1,0.20348351543752818,1,5.817375238242085,34.72263119134209,6542.619886436506,572.9015533760123,11.420146878433039,2.0107929970821,306.51074488506407,0.0,0.0011148272017837235,0.0,0.8985215861064714,21.5625,0.9732360097323601,451.7352778888652,672,291.60032391548157
core,200,1500000.0,7,2,exclude,launch,0,0.0,prior,0.0,sa,12600.0,43200,510367.46742647287,0,478925.80432071484,31441.663105758056,0,1,0.27436935402348184,1,5.159223286643748,38.567427531146734,7419.771693842448,515.1517268884905,14.403080309286294,2.013279906896352,308.020850915964,0.0,0.027624309392265192,0.0,1.1571137052161773,27.5012285012285,0.9674185463659147,588.5043846472553,407,217.83754014968872
core,200,1500000.0,4,3,exclude,launch,0,0.0,prior,0.0,sa,12600.0,43200,669119.1662860875,0,616419.9610608288,52699.20522525873,0,0,0.0,0,4.838213115042605,47.93365787022086,7934.181769636198,412.67643995238086,19.226156381865973,2.0221331283579236,313.42683962602655,0.0,0.0718232044198895,0.0,1.99604189333159,50.08888888888889,0.9648711943793911,983.4211103657436,135,147.54085659980774
core,200,1500000.0,3,4,exclude,launch,0,0.0,prior,0.0,sa,12600.0,43200,913223.2918447343,0,811739.4037418497,101483.8881028846,0,0,0.0,0,6.029864771348001,51.88626643137704,6300.314603527087,380.1266441439311,16.57425150430007,2.0280528035573098,317.0677700706133,0.0,0.04854368932038835,0.0,2.631482752431468,62.53947368421053,0.9216152019002375,1382.464453657081,76,107.677903175354
core,200,1500000.0,8,2,exclude,launch,0,0.0,prior,0.0,sa,12600.0,43200,463493.4695044691,0,436893.71811221377,26599.751392255286,0,1,0.30211686154307593,1,5.159223286643748,37.47493911270267,7419.771693842448,530.5534109193998,13.984966529542564,2.0118238134368487,307.13622883136605,0.0,0.0113314447592068,0.0,1.014469367616767,23.880907372400756,0.9597989949748744,519.4573919128486,529,251.3212811946869
core,200,1500000.0,5,3,exclude,launch,0,0.0,prior,0.0,sa,12600.0,43200,586176.5153121671,0,553821.2412943443,32355.274017822863,0,1,0.13421863093274367,1,4.838213115042605,45.90425612122003,7934.181769636198,431.8467841487559,18.372677673809314,2.0177964211743764,310.77286648661055,0.0,0.07142857142857142,0.0,1.6067771665774948,41.03809523809524,0.9693396226415094,767.8455296236351,210,176.7273428440094
core,200,1500000.0,4,4,exclude,launch,0,0.0,prior,0.0,sa,12600.0,43200,639504.0558216393,0,586146.4709905989,53357.584831040294,0,0,0.0,0,6.029864771348001,46.007037240591636,6300.314603527087,430.1302632328095,14.647457159081641,2.021323033822785,312.93022182509355,0.0,0.04419889502762431,0.0,1.9975018302291092,49.82222222222222,0.9521531100478469,990.5021769919778,135,148.64126658439636
core,200,1500000.0,6,3,exclude,launch,0,0.0,prior,0.0,sa,12600.0,43200,500656.11228949885,0,477118.4913465088,23537.620942990026,0,1,0.15948876581734717,1,4.838213115042605,44.822858467861195,7934.181769636198,442.86589586525156,17.915540220442463,2.015061032582619,309.10466996030783,0.0,0.04239401496259352,0.0,1.3466947660428241,34.193333333333335,0.9834905660377359,642.7795337415956,300,208.9856379032135
core,200,1500000.0,2,5,exclude,launch,0,0.0,prior,0.0,sa,12600.0,43200,1628830.1298922696,0,1389071.6003095026,239758.52958276702,0,0,0.0,0,5.1150318495492835,49.19256460089952,7486.75482575108,398.1336497237107,18.804627116915633,2.0423569218069315,325.95238573164653,0.0,0.10416666666666667,0.0,3.8342147685267958,78.58333333333333,0.8491048593350383,2396.7932232710673,36,67.48284316062927
core,200,1500000.0,5,4,exclude,launch,0,0.0,prior,0.0,sa,12600.0,43200,500654.45512650727,0,464128.07047164364,36526.38465486362,0,0,0.0,0,6.029864771348001,48.215437069793644,6300.314603527087,411.25817364511863,15.31960945039777,2.017248219584756,310.43818207450664,0.0,0.06093189964157706,0.0,1.6101959531064898,40.49760765550239,0.9518072289156626,778.7553853771838,209,191.36063241958618
core,200,1500000.0,7,3,exclude,launch,0,0.0,prior,0.0,sa,12600.0,43200,435804.89205811295,0,420579.31271168496,15225.579346427974,0,1,0.18322195758490023,1,4.838213115042605,45.7985564682946,7934.181769636198,433.86483511335035,18.287220183593202,2.013046235542804,307.87880260423407,0.0,0.022099447513812154,0.0,1.1573130568793735,29.48157248157248,0.9739952718676123,548.2933924597543,407,239.6470856666565
core,200,1500000.0,3,5,exclude,launch,0,0.0,prior,0.0,sa,12600.0,43200,940544.0727831058,0,838862.2502293044,101681.82255380138,0,0,0.0,0,5.1150318495492835,50.286516358147274,7486.75482575108,392.0637034442876,19.095761122439505,2.0288587056824507,317.5650708775703,0.0,0.07766990291262135,0.0,2.623777485039702,60.53947368421053,0.9347258485639687,1421.7441024983327,76,103.0188057422638
core,200,1500000.0,8,3,exclude,launch,0,0.0,prior,0.0,sa,12600.0,43200,393494.63507287507,0,379195.23487173434,14299.400201140743,0,1,0.20292278046732487,1,4.838213115042605,43.39814614950056,7934.181769636198,458.1844285250103,17.316567905151114,2.01163177871776,307.01965671349774,0.0,0.039660056657223795,0.0,1.0153371703998364,25.839319470699433,0.9787234042553191,479.7119584201644,529,264.7990574836731
core,200,1500000.0,6,4,exclude,launch,0,0.0,prior,0.0,sa,12600.0,43200,413443.36293166724,0,390933.903095865,22509.45983580231,0,0,0.0,0,6.029864771348001,45.033453494641094,6300.314603527087,440.8920277073009,14.28992634838418,2.014616990525836,308.8342912391114,0.0,0.03508771929824561,0.0,1.3486685082245398,34.15436241610738,0.963855421686747,646.2848780576521,298,222.64477491378784
core,200,1500000.0,2,6,exclude,launch,0,0.0,prior,0.0,sa,12600.0,43200,1767442.914194613,0,1479982.0623785798,287460.8518160333,0,0,0.0,0,4.910322515263031,48.3491135517848,7812.771097824855,404.9936614227883,19.291094755354223,2.0427877705757886,326.22190033872704,0.0,0.10416666666666667,0.0,3.825992839186543,76.88888888888889,0.8561484918793504,2432.4597678103937,36,61.192344188690186
core,200,1500000.0,4,5,exclude,launch,0,0.0,prior,0.0,sa,12600.0,43200,665002.0486117974,0,614985.1425296152,50016.90608218211,0,0,0.0,0,5.1150318495492835,51.60816620949471,7486.75482575108,383.35234184400394,19.52969633559102,2.0218244450030607,313.23755892174387,0.0,0.08287292817679558,0.0,1.9976551780429408,47.71851851851852,0.9505208333333334,1033.4521444828124,135,145.8208622932434
core,200,1500000.0,7,4,exclude,launch,0,0.0,prior,0.0,sa,12600.0,43200,423971.70419271983,0,396640.6908182217,27331.01337449807,0,1,0.1784029878168337,1,6.029864771348001,44.656799615303235,6300.314603527087,445.05319481562344,14.156318114146288,2.0126139230147917,307.6160871250221,0.0,0.03136531365313653,0.0,1.1588789857201791,29.039408866995075,0.9516908212560387,557.9160762836741,406,232.35675263404846
core,200,1500000.0,8,4,exclude,launch,0,0.0,prior,0.0,sa,12600.0,43200,376846.2029789923,0,354769.11966449284,22077.083314499432,0,1,0.200725530723898,1,6.029864771348001,44.433280489171004,6300.314603527087,447.6120219883438,14.075391843901707,2.011175041492333,306.74248936110615,0.0,0.018387553041018388,0.0,1.0148832454321997,25.571698113207546,0.9636803874092009,484.43766594799257,530,265.5943672657013
core,200,1500000.0,5,5,exclude,launch,0,0.0,prior,0.0,sa,12600.0,43200,519483.9390976812,0,483824.3523587533,35659.58673892795,0,0,0.0,0,5.1150318495492835,45.60331305541263,7486.75482575108,434.68928272600533,17.223233061557107,2.01783041295988,310.793624863824,0.0,0.039285714285714285,0.0,1.6098939233268137,39.79047619047619,0.9556135770234987,793.0835378915875,210,181.00698471069336
core,200,1500000.0,3,6,exclude,launch,0,0.0,prior,0.0,sa,12600.0,43200,1002490.7784978902,0,890867.5499132595,111623.22858463072,0,0,0.0,0,4.910322515263031,45.7134872919656,7812.771097824855,431.14932934314925,18.120800766935012,2.029494708717775,317.9578065833686,0.0,0.08737864077669903,0.0,2.626759804715194,60.73684210526316,0.9295774647887324,1420.3341670064924,76,107.80350375175476
core,200,1500000.0,6,5,exclude,launch,0,0.0,prior,0.0,sa,12600.0,43200,713187.1694874684,0,651211.0217645252,61976.147722943235,0,1,0.42766042272779625,1,5.1150318495492835,45.097539260728105,7486.75482575108,440.20025971808525,17.007611105331414,2.0149155640633056,309.0160806533815,0.0,0.0199501246882793,0.0,1.3449698521698716,33.10666666666667,0.9399477806788512,663.3840452356887,300,188.174067735672
core,200,1500000.0,9,4,exclude,launch,0,0.0,prior,0.0,sa,12600.0,43200,343742.0823439025,0,324634.8473755748,19107.23496832767,0,1,0.22005487529676018,1,6.029864771348001,43.77935073345621,6300.314603527087,454.55052854432097,13.860537405387207,2.0100576232971843,306.06492071422707,0.0,0.0,0.0,0.90053668216042,22.498511904761905,0.975669099756691,433.1272040607676,672,298.18949484825134
core,200,1500000.0,4,6,exclude,launch,0,0.0,prior,0.0,sa,12600.0,43200,719875.5371493741,0,644133.9336293824,75741.60351999168,0,0,0.0,0,4.910322515263031,46.34430192055981,7812.771097824855,426.7767997688451,18.306456916253374,2.0223803831911065,313.57849438019804,0.0,0.049723756906077346,0.0,1.9980000893554164,48.214814814814815,0.9342723004694836,1020.4175763863336,135,143.15687322616577
core,200,1500000.0,7,5,exclude,launch,0,0.0,prior,0.0,sa,12600.0,43200,656475.6215923964,0,598778.1524534621,57697.46913893428,0,1,0.4646013514027812,1,5.1150318495492835,44.141018472550776,7486.75482575108,450.17353010876514,16.63081972843278,2.0129717805422565,307.83354845248476,0.0,0.022099447513812154,0.0,1.154321642261812,28.147058823529413,0.9503916449086162,572.5600949177846,408,215.98163199424744
core,200,1500000.0,10,4,exclude,launch,0,0.0,prior,0.0,sa,12600.0,43200,317653.8587464908,0,299557.3701854229,18096.488561067865,0,1,0.2381226754715792,1,6.029864771348001,43.000660249241626,6300.314603527087,462.9811822883963,13.608144012217213,2.009192404712854,305.5407929190338,0.0,0.0,0.0,0.8063210623516363,20.03717026378897,0.9708029197080292,391.8653494681057,834,320.63111090660095
core,200,1500000.0,2,7,exclude,launch,0,0.0,prior,0.0,sa,12600.0,43200,1567979.8638794932,0,1341771.2928307897,226208.57104870368,0,0,0.0,0,5.136971107610754,48.6392529921232,7453.356364169037,402.5115304989143,18.51712509932468,2.0431242058403174,326.4324326429978,0.0,0.041666666666666664,0.0,3.8208010156883927,79.44444444444444,0.8777506112469438,2340.269454140044,36,67.32685279846191
core,200,1500000.0,8,5,exclude,launch,0,0.0,prior,0.0,sa,12600.0,43200,611168.1728559595,0,556973.4804168624,54194.69243909707,0,1,0.4990501889204758,1,5.1150318495492835,45.257149054574306,7486.75482575108,439.40030269599026,17.038574574972408,2.0114648473937726,306.9183412539923,0.0,0.007062146892655367,0.0,1.0126650273445958,24.806026365348398,0.9451697127937336,498.5521496163763,531,246.827698469162
core,200,1500000.0,5,6,exclude,launch,0,0.0,prior,0.0,sa,12600.0,43200,737012.5300919163,0,678414.4359960594,58598.094095856795,0,1,0.2742173100712087,1,4.910322515263031,44.13070932605956,7812.771097824855,449.1440968982232,17.394798577515854,2.018056806886212,310.9318986142051,0.0,0.06428571428571428,0.0,1.6086874026276874,38.71904761904762,0.9458823529411765,814.6508366540613,210,163.89396595954895
core,200,1500000.0,3,7,exclude,launch,0,0.0,prior,0.0,sa,12600.0,43200,908237.257307855,0,800706.9737839673,107530.28352388764,0,0,0.0,0,5.136971107610754,46.981601896949755,7453.356364169037,419.5392931897371,17.765574012153966,2.0293620219972084,317.8758516990546,0.0,0.05825242718446602,0.0,2.623546770622421,62.11842105263158,0.9407407407407408,1385.9975453683358,76,110.82744336128235
core,200,1500000.0,2,8,exclude,launch,0,0.0,prior,0.0,sa,12600.0,43200,1512575.0581197273,0,1300448.3271110128,212126.7310087145,0,0,0.0,0,5.966948405413719,44.3016599341579,6370.260745628138,442.04898254438365,14.41075762455473,2.0425354224128083,326.0640320956358,0.0,0.125,0.0,3.8309211425272083,79.22222222222223,0.8979591836734694,2367.6063075699117,36,64.7110710144043
core,200,1500000.0,6,6,exclude,launch,0,0.0,prior,0.0,sa,12600.0,43200,648188.650318488,0,593868.1949434368,54320.455375051315,0,1,0.3158483395017636,1,4.910322515263031,45.58419732896996,7812.771097824855,435.4473623284327,17.94194149218921,2.015162232707187,309.16630761451216,0.0,0.032418952618453865,0.0,1.3453332745846118,33.07333333333333,0.9481132075471698,664.7124565706171,300,192.33270406723022
core,200,1500000.0,4,7,exclude,launch,0,0.0,prior,0.0,sa,12600.0,43200,641254.0805361248,0,589626.951272083,51627.12926404174,0,0,0.0,0,5.136971107610754,47.014417818386754,7453.356364169037,420.7094776923618,17.716159866546207,2.0223048940924233,313.5321889455963,0.0,0.09944751381215469,0.0,1.9951824578695248,48.87407407407407,0.9482758620689655,1008.1408734078257,135,147.766615152359
core,200,1500000.0,7,6,exclude,launch,0,0.0,prior,0.0,sa,12600.0,43200,584913.8224427258,0,541703.4107333574,43210.41170936835,0,1,0.35001475792694037,1,4.910322515263031,42.56543423240664,7812.771097824855,466.7705627385339,16.73792591372403,2.013258141382799,308.0076183235572,0.0,0.022099447513812154,0.0,1.1560673241127346,27.936117936117935,0.9621749408983451,578.3721284569542,407,217.35519790649414
core,200,1500000.0,3,8,exclude,launch,0,0.0,prior,0.0,sa,12600.0,43200,888795.588964293,0,793800.1179513831,94995.47101290982,0,0,0.0,0,5.966948405413719,46.0339175582819,6370.260745628138,428.23789756787215,14.875518448524291,2.0290696621195736,317.695310848468,0.0,0.0970873786407767,0.0,2.6206679676264,61.18421052631579,0.9538461538461539,1403.0928484028843,76,110.46860861778259
core,200,1500000.0,5,7,exclude,launch,0,0.0,prior,0.0,sa,12600.0,43200,509049.1023238837,0,473091.6703947459,35957.43192913782,0,0,0.0,0,5.136971107610754,43.229672487406894,7453.356364169037,458.479081437382,16.25669886792207,2.01817359949271,311.0032436111826,0.0,0.07168458781362007,0.0,1.611967912089278,40.11057692307692,0.9530864197530864,787.907987528074,208,189.35793614387512
core,200,1500000.0,8,6,exclude,launch,0,0.0,prior,0.0,sa,12600.0,43200,535229.1501283866,0,495506.25377935905,39722.89634902754,0,1,0.38249169646075654,1,4.910322515263031,44.16594090174729,7812.771097824855,450.19991603118046,17.354003898312033,2.011717966926321,307.0719733804588,0.0,0.031117397454031116,0.0,1.0132244498903364,24.743396226415094,0.9692671394799054,500.4902444806451,530,247.90838837623596
core,200,1500000.0,4,8,exclude,launch,0,0.0,prior,0.0,sa,12600.0,43200,618305.8209787863,0,572274.0900219171,46031.73095686929,0,0,0.0,0,5.966948405413719,42.58986333983031,6370.260745628138,464.45050609921543,13.715693409681265,2.0221543609213724,313.4398612651737,0.0,0.06629834254143646,0.0,1.9961512503922578,48.644444444444446,0.9769820971867008,1014.4012244309847,135,149.49069333076477
core,200,1500000.0,6,7,exclude,launch,0,0.0,prior,0.0,sa,12600.0,43200,427786.15366482944,0,407199.41046631214,20586.74319851736,0,1,0.07171134148319733,1,5.136971107610754,44.80816176553424,7453.356364169037,442.9676337335169,16.825961529850446,2.0152589980991618,309.2252499663942,0.0,0.03508771929824561,0.0,1.3478971134423825,34.080536912751676,0.9555555555555556,645.726071275293,298,217.7146713733673
core,200,1500000.0,2,9,exclude,launch,0,0.0,prior,0.0,sa,12600.0,43200,1648917.4612503655,0,1354881.146992042,294036.3142583234,0,0,0.0,0,5.152246859207978,44.164112285629635,7430.26982720097,443.4706490988084,16.754817578796413,2.0423285309519548,325.934629930938,0.0,0.0625,0.0,3.83755773159659,79.83333333333333,0.8777506112469438,2353.1753087979623,36,68.00225615501404
core,200,1500000.0,5,8,exclude,launch,0,0.0,prior,0.0,sa,12600.0,43200,485520.6116133862,0,452534.930891682,32985.68072170415,0,0,0.0,0,5.966948405413719,41.73047731853165,6370.260745628138,474.9964142351203,13.411176494639594,2.017977445627274,310.88342394174896,0.0,0.05357142857142857,0.0,1.6099764245016284,39.74285714285714,0.9743589743589743,794.1747165498425,210,186.48417401313782
core,200,1500000.0,7,7,exclude,launch,0,0.0,prior,0.0,sa,12600.0,43200,371535.66824177065,0,354315.4876417649,17220.180600005704,0,1,0.08256843573704895,1,5.136971107610754,44.539834842846,7453.356364169037,446.081829384971,16.708495780797094,2.0132460510053964,308.00026796340916,0.0,0.03136531365313653,0.0,1.158252090575012,29.366995073891626,0.9703703703703703,551.5758239456248,406,245.88004326820374
core,200,1500000.0,3,9,exclude,launch,0,0.0,prior,0.0,sa,12600.0,43200,934236.5230538186,0,827500.4888859502,106736.03416786845,0,0,0.0,0,5.152246859207978,47.20240482262289,7430.26982720097,417.7004203825521,17.788514123102715,2.0287613090937473,317.5049493264843,0.0,0.07766990291262135,0.0,2.6277075498319045,60.63157894736842,0.9354838709677419,1424.1810004653662,76,105.12577652931213
core,200,1500000.0,8,7,exclude,launch,0,0.0,prior,0.0,sa,12600.0,43200,329283.444669102,0,316301.52455805585,12981.920111046167,0,1,0.09316325932531966,1,5.136971107610754,44.02483832677487,7453.356364169037,451.63513284437556,16.50304819562679,2.0117522840491073,307.0928052835755,0.0,0.02553191489361702,0.0,1.016751914045646,25.601134215500945,0.9629629629629629,485.17922711694246,529,280.7768335342407
core,200,1500000.0,6,8,exclude,launch,0,0.0,prior,0.0,sa,12600.0,43200,401722.8628703136,0,378212.5430058529,23510.319864460667,0,0,0.0,1,5.966948405413719,39.644572572139374,6370.260745628138,500.66017941105895,12.723721613174149,2.015269818655229,309.23184140166643,0.0,0.045112781954887216,0.0,1.350130434205626,33.68456375838926,0.9768637532133676,655.638112064708,298,224.36545276641846
core,200,1500000.0,7,8,exclude,launch,0,0.0,prior,0.0,sa,12600.0,43200,462627.13457878877,0,442255.5559578574,20371.578620931356,0,1,0.27718580435349893,1,5.966948405413719,40.35975371311103,6370.260745628138,492.2964064725483,12.939888778130578,2.0131902494726233,307.966344487919,0.0,0.016574585635359115,0.0,1.1562897243843242,28.457002457002456,0.9794344473007712,568.0527103205437,407,226.70810079574585
core,200,1500000.0,2,10,exclude,launch,0,0.0,prior,0.0,sa,12600.0,43200,1625021.891192823,0,1367684.0455835653,257337.84560925746,0,0,0.0,0,5.798634922030512,40.01876265909776,6564.841933405682,489.4488708743551,13.412722603033487,2.0421564190294057,325.8270005172582,0.0,0.0625,0.0,3.8304481691609205,78.30555555555556,0.8716707021791767,2385.1257811466976,36,64.77845358848572
core,200,1500000.0,4,9,exclude,launch,0,0.0,prior,0.0,sa,12600.0,43200,655075.1644097398,0,594977.1121643959,60098.052245343875,0,0,0.0,0,5.152246859207978,47.97024235604569,7430.26982720097,412.4131849706105,18.01656711758735,2.0218807496107303,313.2720799274965,0.0,0.09944751381215469,0.0,1.9947216905640643,48.955555555555556,0.9578163771712159,1006.1068964875388,135,147.7729218006134
core,200,1500000.0,8,8,exclude,launch,0,0.0,prior,0.0,sa,12600.0,43200,420190.46667059796,0,403309.0669534694,16881.399717128566,0,1,0.3051798757597784,1,5.966948405413719,40.43397013411414,6370.260745628138,491.75811295488074,12.95405317738523,2.011694700229272,307.05784994159904,0.0,0.009900990099009901,0.0,1.0142151683750595,24.928301886792454,0.974293059125964,495.76920709333274,530,257.6541941165924
core,200,1500000.0,3,10,exclude,launch,0,0.0,prior,0.0,sa,12600.0,43200,955011.3626445448,0,842704.8174794653,112306.54516507954,0,0,0.0,0,5.798634922030512,51.261699244790094,6564.841933405682,384.67932461420617,17.065751948040212,2.028467940587513,317.3238914448958,0.0,0.08737864077669903,0.0,2.6323305679893605,59.276315789473685,0.9408866995073891,1458.1067851263194,76,107.18030905723572
core,200,1500000.0,5,9,exclude,launch,0,0.0,prior,0.0,sa,12600.0,43200,514210.40439721866,0,477792.92575912253,36417.47863809617,0,0,0.0,0,5.152246859207978,45.79478709425695,7430.26982720097,432.89861712119614,17.163995294354937,2.017705364119857,310.7172624474991,0.0,0.053763440860215055,0.0,1.6124415504312735,39.31730769230769,0.96,803.8076753712342,208,191.12269520759583
core,200,1500000.0,6,9,exclude,launch,0,0.0,prior,0.0,sa,12600.0,43200,592030.8620046327,0,546245.8990631852,45784.962941447484,0,1,0.305710556009346,1,5.152246859207978,43.09295124146032,7430.26982720097,460.66926978938,16.129293431268213,2.014951100226329,309.0377207551907,0.0,0.05,0.0,1.3457269981042628,32.97658862876254,0.9624060150375939,668.0429750466683,299,193.25971364974976
core,200,1500000.0,9,8,exclude,launch,0,0.0,prior,0.0,sa,12600.0,43200,385143.58864297566,0,371143.9533696974,13999.635273278256,0,1,0.33295030268009124,1,5.966948405413719,40.44579463496306,6370.260745628138,491.90025967610546,12.95030978398481,2.0105254138067967,306.3484835848193,0.0,0.0,0.0,0.8969545853496177,22.057777777777776,0.9845360824742269,440.55606413194903,675,297.46632504463196
core,200,1500000.0,2,11,exclude,launch,0,0.0,prior,0.0,sa,12600.0,43200,1662273.8065396948,0,1392730.4283662112,269543.37817348336,0,0,0.0,0,5.637899989482576,41.342842154276084,6761.506957310247,473.72432991404304,14.273083585420066,2.0423678804526095,325.9592394597797,0.0,0.0625,0.0,3.829657952227349,75.30555555555556,0.8744075829383886,2478.983614008332,36,64.8455274105072
core,200,1500000.0,4,10,exclude,launch,0,0.0,prior,0.0,sa,12600.0,43200,674449.0688265425,0,612915.1026380182,61533.96618852429,0,0,0.0,0,5.798634922030512,46.44907177398852,6564.841933405682,425.93956228999133,15.412613700664314,2.0217850063654517,313.21337976997364,0.0,0.03888888888888889,0.0,1.9999317877910685,46.94736842105263,0.9454094292803971,1054.8861839922608,133,148.25552368164062
core,200,1500000.0,7,9,exclude,launch,0,0.0,prior,0.0,sa,12600.0,43200,525131.1696595093,0,486713.01220354834,38418.157455961,0,1,0.3446583799473806,1,5.152246859207978,45.08998185175031,7430.26982720097,440.7087028746115,16.859820962770954,2.01292829217532,307.80711752676314,0.0,0.016574585635359115,0.0,1.1567142273121966,28.727272727272727,0.9673366834170855,561.9931112239736,407,226.3109393119812
core,200,1500000.0,3,11,exclude,launch,0,0.0,prior,0.0,sa,12600.0,43200,946720.5676200526,0,841640.0183939222,105080.54922613042,0,0,0.0,0,5.637899989482576,43.283574197211706,6761.506957310247,455.40094879026094,14.847371256629334,2.0292845282755527,317.8279920442281,0.0,0.04807692307692308,0.0,2.627979864334547,58.506493506493506,0.9166666666666666,1472.9343957121769,77,104.67401576042175
core,200,1500000.0,5,10,exclude,launch,0,0.0,prior,0.0,sa,12600.0,43200,509586.8782100062,0,474031.3395429192,35555.538667087014,0,0,0.0,0,5.798634922030512,44.864472950291606,6564.841933405682,441.8728660956834,14.856856886035015,2.017716229635064,310.72389721878307,0.0,0.06810035842293907,0.0,1.6123386007264928,39.56459330143541,0.9578163771712159,799.1141768313994,209,189.08670616149902
core,200,1500000.0,6,10,exclude,launch,0,0.0,prior,0.0,sa,12600.0,43200,566574.6906312855,0,542995.3536250388,23579.33700624677,0,1,0.2717635999964301,1,5.798634922030512,44.472823786528636,6564.841933405682,446.4004916022057,14.706170931495551,2.014840265553742,308.970229376757,0.0,0.0325,0.0,1.3466663531437328,32.635451505016725,0.9600997506234414,675.1791343747359,299,193.01394128799438
core,200,1500000.0,8,9,exclude,launch,0,0.0,prior,0.0,sa,12600.0,43200,484419.37523643824,0,448979.7049503741,35439.67028606416,0,1,0.37362680809134086,1,5.152246859207978,44.38112221369771,7430.26982720097,448.07390129660826,16.58268827017088,2.0114630691342676,306.91726206675366,0.0,0.008486562942008486,0.0,1.0147213356209965,24.850943396226416,0.9798994974874372,498.7190571662306,530,262.26168155670166
core,200,1500000.0,7,10,exclude,launch,0,0.0,prior,0.0,sa,12600.0,43200,512968.1815569114,0,493168.76015156455,19799.42140534682,0,1,0.30385266802880984,1,5.798634922030512,42.08613679962664,6564.841933405682,472.1595310920384,13.903864056756682,2.0129462014164483,307.8180020892037,0.0,0.022099447513812154,0.0,1.156382791371616,27.776412776412776,0.9600997506234414,582.7942607068204,407,218.66419196128845
core,200,1500000.0,4,11,exclude,launch,0,0.0,prior,0.0,sa,12600.0,43200,659219.7153284544,0,608323.6897819841,50896.02554647032,0,0,0.0,0,5.637899989482576,41.34559331802735,6761.506957310247,478.4010171699677,14.133554726343736,2.0222678077399876,313.509441222456,0.0,0.09392265193370165,0.0,2.000541417211119,46.49629629629629,0.937799043062201,1059.8802921193462,135,144.476824760437
core,200,1500000.0,2,12,exclude,launch,0,0.0,prior,0.0,sa,12600.0,43200,1641779.7208225452,0,1376035.4767472767,265744.24407526857,0,0,0.0,0,5.280353234319941,45.85794359611564,7241.91745481808,427.12598507186067,16.954991519890047,2.0421583859416925,325.82823041657826,0.0,0.10416666666666667,0.0,3.842407137620101,80.5,0.8707317073170732,2329.135445302483,36,67.5252583026886
core,200,1500000.0,8,10,exclude,launch,0,0.0,prior,0.0,sa,12600.0,43200,458942.72418064065,0,445849.70988191466,13093.01429872597,0,1,0.33962135658262316,1,5.798634922030512,42.71853195076079,6564.841933405682,465.51372914961473,14.102359441467216,2.0114589687422346,306.91477363473143,0.0,0.00847457627118644,0.0,1.0139003265567321,24.73446327683616,0.9725,500.0082556150999,531,250.00095057487488
core,200,1500000.0,5,11,exclude,launch,0,0.0,prior,0.0,sa,12600.0,43200,520606.40122840664,0,479804.8759470553,40801.525281351336,0,0,0.0,0,5.637899989482576,43.75185817960067,6761.506957310247,453.02121799538264,14.925364836618233,2.0181105154832233,310.9647065212545,0.0,0.05017921146953405,0.0,1.6130747927707914,38.72727272727273,0.9545454545454546,815.4711267539979,209,186.71828317642212
core,200,1500000.0,3,12,exclude,launch,0,0.0,prior,0.0,sa,12600.0,43200,950608.3293824065,0,839685.2719419963,110923.05744041018,0,0,0.0,0,5.280353234319941,46.289676256056815,7241.91745481808,426.00636037115,16.99955242102183,2.0284287839149036,317.29972907540616,0.0,0.06796116504854369,0.0,2.629773051562452,60.223684210526315,0.9407407407407408,1434.395691248572,76,105.99269962310791
core,200,1500000.0,6,11,exclude,launch,0,0.0,prior,0.0,sa,12600.0,43200,492261.41152138537,0,462547.4543511315,29713.957170253885,0,1,0.15018579002737234,1,5.637899989482576,42.71875040352098,6761.506957310247,464.6541933147589,14.551696841633733,2.0151695405487016,309.17075881735855,0.0,0.022443890274314215,0.0,1.3467473723770709,32.15,0.9521531100478469,685.1457295272284,300,195.57709431648254
core,200,1500000.0,9,10,exclude,launch,0,0.0,prior,0.0,sa,12600.0,43200,424963.8298670077,0,415167.27468337497,9796.555183632774,0,1,0.36677651043556353,1,5.798634922030512,42.64640137414891,6564.841933405682,466.5735098112646,14.070327173227753,2.010284497893945,306.2024300054462,0.0,0.0011135857461024498,0.0,0.8972737975998342,21.818991097922847,0.975,445.40846306575645,674,280.83538699150085
core,200,1500000.0,4,12,exclude,launch,0,0.0,prior,0.0,sa,12600.0,43200,671657.4397561597,0,611723.5784265116,59933.861329648214,0,0,0.0,0,5.280353234319941,45.84156459689966,7241.91745481808,431.59208858820796,16.77954171613132,2.021748289181949,313.19086993387185,0.0,0.08888888888888889,0.0,1.999569572746617,48.32835820895522,0.9750623441396509,1018.2240343091956,134,152.65424919128418
core,200,1500000.0,7,11,exclude,launch,0,0.0,prior,0.0,sa,12600.0,43200,428439.4309200878,0,406116.3575483045,22323.073371783314,0,1,0.17255804123948182,1,5.637899989482576,42.18889329174102,6761.506957310247,470.9560198753451,14.356981696719613,2.0131748941800316,307.9570098590155,0.0,0.01841620626151013,0.0,1.1581366748131003,27.855036855036854,0.9542168674698795,580.56394099207,407,227.1165759563446
core,200,1500000.0,8,11,exclude,launch,0,0.0,prior,0.0,sa,12600.0,43200,384789.05401323276,0,367486.4019527464,17302.652060486394,0,1,0.19213298356139394,1,5.637899989482576,41.488532478947846,6761.506957310247,479.2524826599049,14.108444300138263,2.0117200605427534,307.0732442713896,0.0,0.014164305949008499,0.0,1.016191818441097,24.224528301886792,0.966183574879227,511.71434316127943,530,255.1776945590973
core,200,1500000.0,5,12,exclude,launch,0,0.0,prior,0.0,sa,12600.0,43200,533599.1100400297,0,492970.2906355785,40628.819404451235,0,0,0.0,0,5.280353234319941,45.93379122208072,7241.91745481808,431.61253656119817,16.778746772549436,2.017593399998512,310.6488983161593,0.0,0.06428571428571428,0.0,1.6117009004513803,39.042857142857144,0.9678217821782178,809.1925104219775,210,191.13546991348267
core,200,3000000.0,5,1,exclude,launch,0,0.0,prior,0.0,sa,12600.0,43200,744071.5507268662,0,668942.7823792354,75128.76834763086,0,0,0.0,0,11.63475047648417,62.309617606126345,6542.619886436506,636.3232568847584,10.281912244520413,2.017702371766463,310.7154352497252,0.0,0.13986013986013987,0.0,3.2106917815940514,64.37142857142857,0.9316037735849056,995.3391378009857,105,147.82048988342285
core,200,1500000.0,6,12,exclude,launch,0,0.0,prior,0.0,sa,12600.0,43200,459589.4665170737,0,435366.25355256285,24223.212964510793,0,1,0.09219692127244407,1,5.280353234319941,43.64338286256287,7241.91745481808,454.8803914291324,15.92048721217812,2.0148576530356666,308.98081677751827,0.0,0.035,0.0,1.3471700393670196,33.46488294314381,0.9850374064837906,657.8253145512199,299,203.06843948364258
core,200,3000000.0,6,1,exclude,launch,0,0.0,prior,0.0,sa,12600.0,43200,637561.3503534943,0,584834.2016202481,52727.14873324622,0,0,0.0,0,11.63475047648417,56.425237090344304,6542.619886436506,703.620079031757,9.298512196297363,2.0150154020598645,309.07687992562467,0.0,0.15609756097560976,0.004878048780487805,2.6584798935781007,51.00662251655629,0.9433962264150944,867.2454495914718,151,153.86393308639526
core,200,1500000.0,9,11,exclude,launch,0,0.0,prior,0.0,sa,12600.0,43200,348601.28092565184,0,333741.88149617915,14859.3994294727,0,1,0.21207801874111984,1,5.637899989482576,40.60456226138874,6761.506957310247,489.9724879625233,13.799768606247575,2.010543451321269,306.3594201024906,0.0,0.0011160714285714285,0.0,0.8997465860621897,21.40118870728083,0.9733656174334141,455.2417398517499,673,280.66365909576416
core,200,1500000.0,7,12,exclude,launch,0,0.0,prior,0.0,sa,12600.0,43200,403204.1376705257,0,380230.3198376606,22973.817832865054,0,1,0.10509002736659405,1,5.280353234319941,44.445684238756456,7241.91745481808,447.10404364288047,16.197387515918965,2.0128981333578455,307.78878856794233,0.0,0.033210332103321034,0.0,1.1588628801929823,28.74137931034483,0.9825436408977556,563.4192185606508,406,240.26868557929993
core,200,3000000.0,7,1,exclude,launch,0,0.0,prior,0.0,sa,12600.0,43200,557508.4349808416,0,513928.46721455856,43579.96776628303,0,0,0.0,0,11.63475047648417,54.14961124921395,6542.619886436506,733.9154452980852,8.914678016864972,2.0130224408205075,307.8643396817814,0.0,0.13523131672597866,0.0,2.249021920986379,42.02857142857143,0.9548693586698337,746.6124673397613,210,179.0987105369568
core,200,1500000.0,8,12,exclude,launch,0,0.0,prior,0.0,sa,12600.0,43200,353103.31553915696,0,339992.8998787945,13110.415660362449,0,1,0.12000095155555211,1,5.280353234319941,43.09671750902307,7241.91745481808,461.42967862252544,15.694520292749445,2.011454781409719,306.9122324509747,0.0,0.0169971671388102,0.0,1.0152726912405647,25.024528301886793,0.9800498753117207,495.56919938229646,530,270.9018301963806
core,200,3000000.0,8,1,exclude,launch,0,0.0,prior,0.0,sa,12600.0,43200,476765.67412698996,0,444576.36597631586,32189.308150674144,0,0,0.0,0,11.63475047648417,55.798007897848024,6542.619886436506,712.8107204195975,9.17862161582696,2.0113936293417707,306.8751220419356,0.0,0.0584958217270195,0.0,2.0208406740509286,37.830827067669176,0.9617224880382775,659.0131332659454,266,214.9798300266266
core,200,3000000.0,9,1,exclude,launch,0,0.0,prior,0.0,sa,12600.0,43200,421522.6713027443,0,392559.21809469984,28963.453208044473,0,0,0.0,0,11.63475047648417,57.338850315101865,6542.619886436506,694.0467870288608,9.426770656838213,2.0102601247809084,306.187655916701,0.0,0.05555555555555555,0.0,1.804131053809162,34.67365269461078,0.9688995215311005,571.9419363668299,334,256.01213026046753
core,200,3000000.0,10,1,exclude,launch,0,0.0,prior,0.0,sa,12600.0,43200,363777.73266159877,0,344765.1006193762,19012.632042222627,0,0,0.0,0,11.63475047648417,58.929030170636096,6542.619886436506,675.6330527039845,9.683688298332894,2.0093232323168344,305.62001618835086,0.0,0.03804347826086957,0.0,1.6272427388188413,32.087167070217916,0.9688995215311005,500.274820324352,413,297.92610454559326
core,200,3000000.0,5,2,exclude,launch,0,0.0,prior,0.0,sa,12600.0,43200,745015.7758761726,0,681503.0635857353,63512.71229043737,0,0,0.0,0,10.318446573287495,64.97944143131143,7419.771693842448,610.1813803832987,12.159944456485311,2.01769288310666,310.70964129778395,0.0,0.125,0.0,3.1830747689441345,62.06666666666667,0.946078431372549,1037.461981391708,105,137.1644356250763
core,200,3000000.0,11,1,exclude,launch,0,0.0,prior,0.0,sa,12600.0,43200,357582.53209262225,0,336837.28961242654,20745.24248019573,0,0,0.0,0,11.63475047648417,46.46761433282854,6542.619886436506,857.0366112813317,7.634002795580479,2.0088163574042674,305.3131328899246,0.0,0.03869047619047619,0.0,1.4650985344995016,26.371031746031747,0.9807692307692307,497.6322590222072,504,297.6456000804901
core,200,3000000.0,6,2,exclude,launch,0,0.0,prior,0.0,sa,12600.0,43200,604408.9702496094,0,558361.8345820843,46047.13566752503,0,0,0.0,0,10.318446573287495,66.32062117033992,7419.771693842448,598.682237979774,12.393505641457029,2.0148607106256105,308.9826785914555,0.0,0.11219512195121951,0.0,2.687865676780171,53.21333333333333,0.9530864197530864,834.5846106820208,150,176.69436526298523
core,200,3000000.0,13,1,exclude,launch,0,0.0,prior,0.0,sa,12600.0,43200,362851.9404130276,0,350331.34459911566,12520.595813911927,0,1,0.20500395579108593,1,11.63475047648417,59.00682392701939,6542.619886436506,675.4122714481828,9.686853738100096,2.00733011823872,304.41419013325014,0.0,0.007494646680942184,0.0,1.2496741507837739,22.69,0.9685990338164251,414.20414232856933,700,295.99838042259216
core,200,3000000.0,14,1,exclude,launch,0,0.0,prior,0.0,sa,12600.0,43200,340862.7579271426,0,329348.59794334875,11514.159983793812,0,1,0.21822883674209329,1,11.63475047648417,56.389584035584,6542.619886436506,706.9029061377297,9.255330300144179,2.0069258594645847,304.1699059375478,0.0,0.017625231910946195,0.0,1.1630931766420352,21.054388133498147,0.9734299516908212,386.3916453054401,809,315.40664172172546
core,200,3000000.0,12,1,exclude,launch,0,0.0,prior,0.0,sa,12600.0,43200,305938.4068234792,0,292801.6949969229,13136.71182655631,0,0,0.0,1,11.63475047648417,51.48183175500313,6542.619886436506,773.8599531737411,8.454527023402653,2.0080458425384826,304.84692619773597,0.0,0.034220532319391636,0.0,1.3668505885064532,26.20508474576271,0.9686746987951808,426.9523272102852,590,338.035765171051
core,200,3000000.0,15,1,exclude,launch,0,0.0,prior,0.0,sa,12600.0,43200,319020.6630094495,0,309855.5579163953,9165.105093054166,0,1,0.23317011020361103,1,11.63475047648417,57.0187463090833,6542.619886436506,699.2479442669161,9.356652300630955,2.0065090581337,303.9181452315564,0.0,0.010509296685529508,0.0,1.086803546265879,19.89978448275862,0.9782082324455206,356.273988854141,928,350.31766152381897
core,200,3000000.0,7,2,exclude,launch,0,0.0,prior,0.0,sa,12600.0,43200,521089.4048099832,0,485375.9315118613,35713.47329812197,0,0,0.0,0,10.318446573287495,63.413842049889325,7419.771693842448,626.739587106771,11.838683635885316,2.0128842110050256,307.78032747098183,0.0,0.08727272727272728,0.0,2.308473229057089,44.90686274509804,0.9604938271604938,729.6661268427466,204,196.08056640625
core,200,3000000.0,16,1,exclude,launch,0,0.0,prior,0.0,sa,12600.0,43200,306630.34959269216,0,297778.11529638834,8852.234296303845,0,1,0.24259204364457593,1,11.63475047648417,56.60352155513693,6542.619886436506,704.4909266496434,9.28701795713868,2.0061857048835003,303.7229018135719,0.0,0.008516678495386799,0.0,1.0174829913971335,18.33050047214353,0.9854368932038835,338.73054023283385,1059,373.14213514328003
core,200,3000000.0,8,2,exclude,launch,0,0.0,prior,0.0,sa,12600.0,43200,504203.2512192639,0,470926.29980125476,33276.95141800918,0,0,0.0,0,10.318446573287495,57.014795292117775,7419.771693842448,697.5899807286669,10.636293379804759,2.0114173100669364,306.8894925309111,0.0,0.06944444444444445,0.002777777777777778,1.9949040617253402,34.833333333333336,0.9625935162094763,702.8705251680652,270,209.24530816078186
core,200,3000000.0,17,1,exclude,launch,0,0.0,prior,0.0,sa,12600.0,43200,289978.24283167004,0,282624.9186631771,7353.324168492909,0,1,0.2565229805683138,1,11.63475047648417,58.215934232194954,6542.619886436506,685.0955828628558,9.549937337351398,2.005843051160886,303.51607307059203,0.0,0.005031446540880503,0.0,0.9565302812712824,17.374161073825505,0.9829683698296837,316.4822889727346,1192,400.63300251960754
core,200,3000000.0,18,1,exclude,launch,0,0.0,prior,0.0,sa,12600.0,43200,278011.7241691432,0,271857.4892500553,6154.234919087855,0,1,0.26756455460088896,1,11.63475047648417,56.14342675933435,6542.619886436506,710.4701610228237,9.208859492448587,2.005604187072906,303.37193431756805,0.0,0.0016741071428571428,0.0,0.9000187745613972,16.230312035661218,0.9878640776699029,300.1585592060113,1346,418.55097556114197
core,200,3000000.0,9,2,exclude,launch,0,0.0,prior,0.0,sa,12600.0,43200,402819.2394503841,0,377552.21674335364,25267.022707030526,0,0,0.0,0,10.318446573287495,65.43675067122197,7419.771693842448,608.1868619934245,12.199822386039422,2.0101627774524893,306.12865108515814,0.0,0.05555555555555555,0.0,1.8080018941889267,35.6036036036036,0.9776119402985075,557.5223628515384,333,261.6929633617401
core,200,3000000.0,4,3,exclude,launch,0,0.0,prior,0.0,sa,12600.0,43200,992180.9145046694,0,861625.8996942285,130555.01481044076,0,0,0.0,0,9.67642623008521,66.90786350557383,7934.181769636198,591.3868695637478,13.416229169053173,2.0218137556125524,313.2310053477086,0.0,0.26881720430107525,0.0,3.9857462338995515,77.1470588235294,0.930715935334873,1300.2041031259962,68,105.73262858390808
core,200,3000000.0,11,2,exclude,launch,0,0.0,prior,0.0,sa,12600.0,43200,480420.47190123954,0,451591.80347696785,28828.668424271633,0,1,0.2914721593737327,1,10.318446573287495,59.16658885330754,7419.771693842448,673.2065590388028,11.02153803200658,2.0084689255366914,305.1028721319386,0.0,0.03268945022288262,0.0,1.465614488536232,26.139165009940356,0.9675810473815462,501.980852267065,503,239.94385433197021
core,200,3000000.0,10,2,exclude,launch,0,0.0,prior,0.0,sa,12600.0,43200,368133.0554419161,0,350694.88684233447,17438.16859958159,0,0,0.0,0,10.318446573287495,60.28563575550528,7419.771693842448,660.4362972816434,11.234651584690662,2.0093019600638264,305.60713397660453,0.0,0.0433996383363472,0.0,1.6287678246450719,30.953995157384988,0.9625935162094763,516.8156382729244,413,278.8840970993042
core,200,3000000.0,12,2,exclude,launch,0,0.0,prior,0.0,sa,12600.0,43200,442817.30796932575,0,418870.336024489,23946.971944836685,0,1,0.31622339468741395,1,10.318446573287495,63.70566636390161,7419.771693842448,625.4546335497959,11.863005397739562,2.0077799358986548,304.6861197599691,0.0,0.01631116687578419,0.0,1.3528081555636946,24.614478114478114,0.9725,449.6443361321573,594,258.06457471847534
core,200,3000000.0,5,3,exclude,launch,0,0.0,prior,0.0,sa,12600.0,43200,779915.2504708198,0,708293.8032007123,71621.44727010743,0,0,0.0,0,9.67642623008521,67.42079793621296,7934.181769636198,588.1309038247668,13.490503080246539,2.0175397426808095,310.6161383804785,0.0,0.20833333333333334,0.0,3.1753411987220606,60.5188679245283,0.9375,1054.0693553370768,106,128.90593719482422
core,200,3000000.0,13,2,exclude,launch,0,0.0,prior,0.0,sa,12600.0,43200,423800.827610013,0,399891.3360001187,23909.491609894372,0,1,0.33041273926264864,1,10.318446573287495,62.335326864181205,7419.771693842448,639.3691254088728,11.604832637324405,2.007262102705431,304.3730830639699,0.0,0.019251336898395723,0.0,1.2475764674664318,22.312410841654778,0.9725,420.7230190101206,701,284.51032519340515
core,200,3000000.0,6,3,exclude,launch,0,0.0,prior,0.0,sa,12600.0,43200,618896.1045702979,0,568105.5083300272,50790.59624027061,0,0,0.0,0,9.67642623008521,69.76281997621636,7934.181769636198,569.1705051423077,13.939903241564569,2.0147611736275106,308.92207185056486,0.0,0.1323529411764706,0.0,2.664458933132786,53.43046357615894,0.955607476635514,827.5291817761228,151,167.8566131591797
core,200,3000000.0,14,2,exclude,launch,0,0.0,prior,0.0,sa,12600.0,43200,399762.8174952204,0,376457.49535822653,23305.322136993876,0,1,0.3502806820048429,1,10.318446573287495,62.283804751960986,7419.771693842448,640.0442462768426,11.59259182002415,2.0068035221070892,304.0959996381721,0.0,0.015769944341372914,0.0,1.1614598247509715,21.21410891089109,0.9849246231155779,383.2398178366532,808,309.247398853302
core,200,3000000.0,7,3,exclude,launch,0,0.0,prior,0.0,sa,12600.0,43200,521910.04098235484,0,482500.13624080195,39409.90474155289,0,0,0.0,0,9.67642623008521,70.36999034067904,7934.181769636198,564.8114739520804,14.047486879328778,2.012792404461319,307.7245363603617,0.0,0.09090909090909091,0.0,2.3123970865870156,47.083333333333336,0.9672897196261683,693.6219281450827,204,195.08793687820435
core,200,3000000.0,15,2,exclude,launch,0,0.0,prior,0.0,sa,12600.0,43200,378544.66802660964,0,358071.96424886765,20472.703777742056,0,1,0.36991458123657783,1,10.318446573287495,61.69854578188411,7419.771693842448,646.240398314807,11.481442065817758,2.006415875841158,303.86187454353745,0.0,0.010475423045930701,0.0,1.0847227461869977,19.694951664876477,0.9849246231155779,358.81369693726816,931,333.6351137161255
core,200,3000000.0,16,2,exclude,launch,0,0.0,prior,0.0,sa,12600.0,43200,369548.9404073342,0,349795.85858755343,19753.08181978076,0,1,0.3789192094504618,1,10.318446573287495,60.35407446181614,7419.771693842448,660.7386753428964,11.229510199311232,2.0061050183398192,303.67419237857035,0.0,0.00851063829787234,0.0,1.0154808478253508,18.10396975425331,0.9773869346733668,343.0821698831896,1058,364.7735106945038
core,200,3000000.0,8,3,exclude,launch,0,0.0,prior,0.0,sa,12600.0,43200,452688.9480759198,0,420642.4339009805,32046.514174939235,0,0,0.0,0,9.67642623008521,75.67035869664173,7934.181769636198,525.6646324323754,15.09361916346331,2.011200815264293,306.7581266373511,0.0,0.08100558659217877,0.002793296089385475,2.026399885528386,41.515037593984964,0.9742990654205608,603.670372865481,266,239.7377483844757
core,200,3000000.0,9,3,exclude,launch,0,0.0,prior,0.0,sa,12600.0,43200,420472.9999038575,0,393394.3962174931,27078.60368636438,0,0,0.0,0,9.67642623008521,66.80991402443597,7934.181769636198,595.6885820031747,13.319345056027803,2.0101561658305895,306.1246438096672,0.0,0.08167770419426049,0.002207505518763797,1.794635831925609,34.541666666666664,0.9741784037558685,571.1016474929953,336,247.44971776008606
core,200,3000000.0,10,3,exclude,launch,0,0.0,prior,0.0,sa,12600.0,43200,417019.0683199945,0,397656.45919161715,19362.60912837734,0,1,0.12082334991502702,1,9.67642623008521,68.82124176780904,7934.181769636198,578.5768440852884,13.713272231245078,2.0091225783789373,305.4985134582463,0.0,0.044964028776978415,0.0,1.6198395825719996,31.127403846153847,0.9788235294117648,510.61154765197296,416,230.90816044807434
core,200,3000000.0,6,4,exclude,launch,0,0.0,prior,0.0,sa,12600.0,43200,613788.9056308068,0,566337.5169840589,47451.38864674796,0,0,0.0,0,12.059729542696003,67.90748390746054,6300.314603527087,584.8301833967508,10.772895760841624,2.0143854178267513,308.6933327698658,0.0,0.13106796116504854,0.0,2.640265954661334,50.21052631578947,0.9481132075471698,871.6531505229632,152,153.20421147346497
core,200,3000000.0,11,3,exclude,launch,0,0.0,prior,0.0,sa,12600.0,43200,409573.8616220783,0,394100.245827909,15473.615794169287,0,1,0.19495635080746815,1,9.67642623008521,71.63758443217895,7934.181769636198,556.0576904984562,14.268630584937888,2.008302838449005,305.0023842072962,0.0,0.026865671641791045,0.0,1.4778494989642956,28.248,0.9811320754716981,467.44406465309055,500,251.3829629421234
core,200,3000000.0,12,3,exclude,launch,0,0.0,prior,0.0,sa,12600.0,43200,389143.28971179103,0,374820.3549126485,14322.934799142553,0,1,0.2051918343680082,1,9.67642623008521,68.42030844711985,7934.181769636198,582.3725082045469,13.623894771573717,2.007724386169163,304.6525315440047,0.0,0.03245942571785269,0.0,1.3469053215142508,25.188333333333333,0.9881796690307328,435.51081251871454,600,268.93587493896484
core,200,3000000.0,13,3,exclude,launch,0,0.0,prior,0.0,sa,12600.0,43200,364953.1478370573,0,353005.4735306421,11947.674306415145,0,1,0.21879253794959375,1,9.67642623008521,70.03114888567272,7934.181769636198,569.1312103406439,13.940865701052184,2.0071800580667087,304.3235008101778,0.0,0.019251336898395723,0.0010695187165775401,1.2423454736045672,23.245363766048502,0.9905437352245863,403.2268483767354,701,297.9422664642334
core,200,3000000.0,7,4,exclude,launch,0,0.0,prior,0.0,sa,12600.0,43200,506739.08404715196,0,472575.7375148363,34163.34653231567,0,0,0.0,0,12.059729542696003,66.66586688928113,6300.314603527087,596.328232616421,10.56517913948855,2.0123387264435233,307.4489091171884,0.0,0.0931899641577061,0.0,2.2870957745300275,44.94711538461539,0.9572446555819477,706.8435717827207,208,191.8401460647583
core,200,3000000.0,14,3,exclude,launch,0,0.0,prior,0.0,sa,12600.0,43200,347402.3610694936,0,336552.25910684234,10850.101962651259,0,1,0.2298459492392209,1,9.67642623008521,69.67481555425906,7934.181769636198,572.1735196474054,13.86674059038163,2.006718269696922,304.0445023624692,0.0,0.027752081406105456,0.0,1.1588167301502406,21.324290998766955,0.9787234042553191,380.6378480238191,811,321.3935606479645
core,200,3000000.0,8,4,exclude,launch,0,0.0,prior,0.0,sa,12600.0,43200,433125.9337847449,0,406339.5206844345,26786.41310031039,0,0,0.0,0,12.059729542696003,68.68378176432243,6300.314603527087,579.2321420697447,10.877011384441564,2.010866014288145,306.5550296528399,0.0,0.06685236768802229,0.0,2.0259366465615876,41.1390977443609,0.9665071770334929,607.5672089378519,266,232.0163218975067
core,200,3000000.0,15,3,exclude,launch,0,0.0,prior,0.0,sa,12600.0,43200,323389.5659025795,0,313655.7110339867,9733.854868592824,0,1,0.24691280692716644,1,9.67642623008521,69.84313929759428,7934.181769636198,570.9126918027376,13.89736448945091,2.006303068915247,303.79375995247335,0.0,0.016129032258064516,0.0,1.0833389923437227,20.351235230934478,0.9763593380614657,346.33818261992667,931,343.1596050262451
core,200,3000000.0,9,4,exclude,launch,0,0.0,prior,0.0,sa,12600.0,43200,390209.21559752757,0,366713.3329053143,23495.88269221331,0,0,0.0,0,12.059729542696003,72.30375567034494,6300.314603527087,550.5389136638989,11.443904231215516,2.009745704058677,305.87591605948575,0.0,0.06430155210643015,0.0,1.8079142195180886,36.25748502994012,0.9688995215311005,546.234033994295,334,256.11713194847107
core,200,3000000.0,10,4,exclude,launch,0,0.0,prior,0.0,sa,12600.0,43200,364886.6761339651,0,343352.1202181734,21534.555915791658,0,0,0.0,0,12.059729542696003,67.02055026676123,6300.314603527087,594.184795091026,10.603291527447974,2.008909920940417,305.3697685715994,0.0,0.05357142857142857,0.0017857142857142857,1.6099693035550604,30.579952267303103,0.9663461538461539,513.0414658968965,419,267.4962363243103
core,200,3000000.0,11,4,exclude,launch,0,0.0,prior,0.0,sa,12600.0,43200,327952.6084509813,0,312172.3068279744,15780.301623006912,0,0,0.0,0,12.059729542696003,66.14217727668004,6300.314603527087,602.311801746259,10.46022107695853,2.008122152925663,304.8930825658421,0.0,0.04626865671641791,0.0,1.4754773152891247,27.842942345924452,0.9686746987951808,470.93530143683677,503,310.0627501010895
core,200,3000000.0,13,4,exclude,launch,0,0.0,prior,0.0,sa,12600.0,43200,358356.33752092463,0,337606.5836115377,20749.753909386938,0,1,0.21107713811165316,1,12.059729542696003,67.64691057540522,6300.314603527087,589.2606748658109,10.691897274430918,2.00694079510233,304.1789294523939,0.0,0.023479188900747065,0.0,1.2407543515730939,22.480113636363637,0.9686746987951808,416.3858219515443,704,289.15539717674255
core,200,3000000.0,14,4,exclude,launch,0,0.0,prior,0.0,sa,12600.0,43200,328678.4418206729,0,310267.4883552042,18410.953465468752,0,1,0.23014024758621363,1,12.059729542696003,68.9732016818457,6300.314603527087,578.0680388004831,10.89891531903497,2.0064606313789484,303.88890075471346,0.0,0.016697588126159554,0.0,1.163088953813165,21.588380716934488,0.9589371980676329,376.2542370781216,809,315.12406611442566
core,200,3000000.0,12,4,exclude,launch,0,0.0,prior,0.0,sa,12600.0,43200,293346.2523849205,0,279904.9521726398,13441.300212280734,0,0,0.0,0,12.059729542696003,65.47885222642758,6300.314603527087,608.5963194911377,10.352206219049984,2.0075187363596396,304.5282012347174,0.0,0.041719342604298354,0.0,1.3642227926291564,26.71186440677966,0.9759036144578314,417.9658508602247,590,346.3390374183655
core,200,3000000.0,5,5,exclude,launch,0,0.0,prior,0.0,sa,12600.0,43200,723651.591845201,0,655738.2946214355,67913.29722376555,0,0,0.0,0,10.230063699098567,78.58194121875763,7486.75482575108,504.65809178308604,14.835301261688803,2.017297697142262,310.4683813832847,0.0,0.11888111888111888,0.0,3.210834485762401,64.22857142857143,0.9381443298969072,1000.015512789603,105,143.8393316268921
core,200,3000000.0,6,5,exclude,launch,0,0.0,prior,0.0,sa,12600.0,43200,600771.802780432,0,547299.7960866276,53472.00669380444,0,0,0.0,0,10.230063699098567,76.33109685343923,7486.75482575108,520.2138904343665,14.391685734304046,2.0146821545933893,308.8739624550849,0.0,0.17475728155339806,0.0,2.657468339534038,53.56578947368421,0.9637305699481865,804.956108794685,152,166.20192170143127
core,200,3000000.0,15,4,exclude,launch,0,0.0,prior,0.0,sa,12600.0,43200,320184.6950499965,0,302228.2543206244,17956.44072937214,0,1,0.2362478493827408,1,12.059729542696003,68.67630459672283,6300.314603527087,580.6682350749762,10.850110653484577,2.006111187338599,303.67791638636567,0.0,0.014504431909750202,0.0008058017727639,1.0833259049433344,19.54184549356223,0.9734299516908212,360.6952110530089,932,340.892751455307
core,200,3000000.0,7,5,exclude,launch,0,0.0,prior,0.0,sa,12600.0,43200,519476.7743379176,0,483038.89195203217,36437.882385885474,0,0,0.0,0,10.230063699098567,77.70959158832667,7486.75482575108,511.51632743620996,14.636394625516106,2.012592545222753,307.60309879220773,0.0,0.14028776978417265,0.0,2.290999059176661,44.73913043478261,0.9584415584415584,723.1474680728023,207,199.0220193862915
core,200,3000000.0,16,4,exclude,launch,0,0.0,prior,0.0,sa,12600.0,43200,297077.7672289567,0,281045.3283616007,16032.438867355975,0,1,0.2546109455145323,1,12.059729542696003,67.7390166650362,6300.314603527087,588.8030296195888,10.70020751693069,2.0057696849620053,303.4717977565713,0.0,0.0099361249112846,0.0,1.0178229604050912,18.599243856332702,0.9685230024213075,334.2505606248477,1058,365.1364781856537
core,200,3000000.0,17,4,exclude,launch,0,0.0,prior,0.0,sa,12600.0,43200,281067.3567494944,0,266774.2197848522,14293.136964642215,0,1,0.2691242772574549,1,12.059729542696003,68.74835190466014,6300.314603527087,580.2467541399569,10.8579919811278,2.005464487371493,303.2876506095656,0.0,0.006922592825676526,0.0,0.9564538798637139,17.639261744966444,0.9636803874092009,312.43158160473143,1192,393.67342925071716
core,200,3000000.0,8,5,exclude,launch,0,0.0,prior,0.0,sa,12600.0,43200,442579.7802915021,0,419223.1966653757,23356.583626126387,0,0,0.0,0,10.230063699098567,73.58789900053834,7486.75482575108,540.5549173085151,13.850128055496175,2.011146747708322,306.7253236203353,0.0,0.07242339832869081,0.002785515320334262,2.0287356899594116,40.35849056603774,0.9635416666666666,622.937982405165,265,226.43302822113037
core,200,3000000.0,9,5,exclude,launch,0,0.0,prior,0.0,sa,12600.0,43200,386861.82190066896,0,367273.07000350935,19588.751897159622,0,0,0.0,0,10.230063699098567,77.6667143871042,7486.75482575108,512.471461707316,14.609115599937413,2.0099505290271424,306.0000213246614,0.0,0.046875,0.0,1.810200349582443,36.55421686746988,0.95822454308094,545.167450691573,332,257.7753746509552
core,200,3000000.0,11,5,exclude,launch,0,0.0,prior,0.0,sa,12600.0,43200,622983.0196939978,0,567995.287569618,54987.73212437986,0,1,0.4895862148031031,1,10.230063699098567,74.83646391333335,7486.75482575108,532.3159571842658,14.06449445053828,2.0082012972787044,304.9409567503388,0.0,0.01788375558867362,0.0,1.4728251517178217,27.47117296222664,0.9530026109660574,478.9800718118714,503,236.89854836463928
core,200,3000000.0,18,4,exclude,launch,0,0.0,prior,0.0,sa,12600.0,43200,270945.8886221859,0,256782.67382640447,14163.214795781454,0,1,0.2791672999551051,1,12.059729542696003,68.71551629002023,6300.314603527087,580.6014156309645,10.851359355850457,2.0051971685870935,303.12640432065297,0.0,0.0016769144773616546,0.0,0.8993992799175424,16.41387024608501,0.9732360097323601,297.94653194573146,1341,420.97620677948
core,200,3000000.0,12,5,exclude,launch,0,0.0,prior,0.0,sa,12600.0,43200,600080.0520876432,0,546452.6329781304,53627.41910951286,0,1,0.5082726513331616,1,10.230063699098567,72.31135492908832,7486.75482575108,551.0719375278343,13.585803079244856,2.0075907777198774,304.5717526038443,0.0,0.01507537688442211,0.0,1.3513971489327476,24.96638655462185,0.9477806788511749,444.5610595043042,595,258.89766669273376
core,200,3000000.0,19,4,exclude,launch,0,0.0,prior,0.0,sa,12600.0,43200,254948.70694080135,0,241656.6023662598,13292.104574541572,0,1,0.2966949907810966,1,12.059729542696003,68.37393963810341,6300.314603527087,583.5679176374771,10.79619768857985,2.0049704432662274,302.9896775516155,0.0,0.0,0.0,0.852563941171078,15.909151636606547,0.9781021897810219,275.4841184950555,1497,449.9900186061859
core,200,3000000.0,4,6,exclude,launch,0,0.0,prior,0.0,sa,12600.0,43200,999158.7620564463,0,881486.3275576811,117672.43449876517,0,0,0.0,0,9.820645030526062,70.37328875575444,7812.771097824855,562.2212093028459,13.896258213938049,2.02197096361466,313.3273951414431,0.0,0.26881720430107525,0.0,3.979333051388614,76.6470588235294,0.9267734553775744,1312.0697016219199,68,111.23467588424683
core,200,3000000.0,10,5,exclude,launch,0,0.0,prior,0.0,sa,12600.0,43200,351323.8451382972,0,334244.4335175928,17079.41162070439,0,0,0.0,0,10.230063699098567,69.04539278793696,7486.75482575108,576.7081376728823,12.981878244273503,2.009089124744234,305.4782585031252,0.0,0.048824593128390596,0.0,1.6325629296462112,32.355932203389834,0.9738903394255874,495.78282937477775,413,292.52957224845886
core,200,3000000.0,5,6,exclude,launch,0,0.0,prior,0.0,sa,12600.0,43200,782347.3490532376,0,708526.2392527981,73821.10980043937,0,0,0.0,0,9.820645030526062,74.96260061173942,7812.771097824855,528.8637308023849,14.77274890068832,2.017908909783503,310.8415645849921,0.0,0.20833333333333334,0.0,3.186870576094961,62.38461538461539,0.9511627906976744,1019.7449505436203,104,142.45815706253052
core,200,3000000.0,13,5,exclude,launch,0,0.0,prior,0.0,sa,12600.0,43200,574267.6394610025,0,523439.4770206071,50828.16244039545,0,1,0.5311123893400396,1,10.230063699098567,69.06306173485332,7486.75482575108,577.1327152010244,12.972327904065056,2.0070974810958835,304.273600928902,0.0,0.011789924973204717,0.0,1.2472367038578915,22.9,0.9556135770234987,408.5582189838631,700,283.7020387649536
core,200,3000000.0,14,5,exclude,launch,0,0.0,prior,0.0,sa,12600.0,43200,556914.7658941059,0,508274.5200632065,48640.24583089947,0,1,0.54766639231657,1,10.230063699098567,67.67726679113476,7486.75482575108,589.0756260817304,12.70932711229227,2.006670760232729,304.0158058522621,0.0,0.011059907834101382,0.0,1.1552500070043132,21.073619631901842,0.9608355091383812,383.6228344519622,815,304.22030425071716
core,200,3000000.0,6,6,exclude,launch,0,0.0,prior,0.0,sa,12600.0,43200,668823.010018855,0,613061.9504516515,55761.059567203476,0,0,0.0,0,9.820645030526062,66.65492209323395,7812.771097824855,595.6155622959556,13.11713728182066,2.0150773679322187,309.11461886646043,0.0,0.16585365853658537,0.004878048780487805,2.6631858540195723,50.32666666666667,0.9462616822429907,871.5956571573336,150,152.36477303504944
core,200,3000000.0,7,6,exclude,launch,0,0.0,prior,0.0,sa,12600.0,43200,544140.4719285426,0,508115.6749440614,36024.79698448121,0,0,0.0,0,9.820645030526062,68.50999183689534,7812.771097824855,580.0927818923578,13.468140514243798,2.012976058745944,307.8361486777398,0.0,0.09454545454545454,0.0,2.297005465291288,45.15121951219512,0.9695550351288056,705.5105495185549,205,196.09570026397705
core,200,3000000.0,15,5,exclude,launch,0,0.0,prior,0.0,sa,12600.0,43200,534106.833668405,0,485627.8820730566,48478.951595348306,0,1,0.5710499851780932,1,10.230063699098567,70.67475635670584,7486.75482575108,564.2114996369544,13.269411967973857,2.0062439190702337,303.7580473997469,0.0,0.005649717514124294,0.0,1.08315523440693,20.1875,0.95822454308094,349.52165552136654,928,335.4258291721344
core,200,3000000.0,8,6,exclude,launch,0,0.0,prior,0.0,sa,12600.0,43200,477770.8192286698,0,444541.49826056854,33229.32096810128,0,0,0.0,0,9.820645030526062,65.58206653748299,7812.771097824855,606.464427550412,12.882488638915962,2.011405147902993,306.88211196140253,0.0,0.0670391061452514,0.0,2.020974841809609,39.349624060150376,0.9553990610328639,631.9560304963763,266,225.88401317596436
core,200,3000000.0,16,5,exclude,launch,0,0.0,prior,0.0,sa,12600.0,43200,517996.9556039185,0,470756.93608566286,47240.01951825567,0,1,0.5888130392136786,1,10.230063699098567,70.24288814993778,7486.75482575108,567.7781629040227,13.186056306671734,2.0058984451319626,303.5495045756698,0.0,0.006382978723404255,0.0,1.016783050903817,18.930122757318223,0.9660574412532638,327.94072812856456,1059,351.4777112007141
core,200,3000000.0,11,6,exclude,launch,0,0.0,prior,0.0,sa,12600.0,43200,551166.698980379,0,512194.7293549521,38971.969625426864,0,1,0.37145222480826023,1,9.820645030526062,72.55613943991858,7812.771097824855,548.9963707796746,14.231006822011045,2.0083821218509783,305.05035110060436,0.0,0.03115727002967359,0.002967359050445104,1.4696094684600145,26.926,0.9552941176470588,491.19355592407095,500,228.31527042388916
core,200,3000000.0,5,7,exclude,launch,0,0.0,prior,0.0,sa,12600.0,43200,745332.5973101519,0,677796.1504733294,67536.44683682254,0,0,0.0,0,10.273942215221508,74.3549843178322,7453.356364169037,533.2024090208297,13.978474661913745,2.0178449754365744,310.80251820644435,0.0,0.19444444444444445,0.0,3.188916829147864,61.05769230769231,0.9486552567237164,1038.3774286249704,104,127.42117285728455
core,200,3000000.0,9,6,exclude,launch,0,0.0,prior,0.0,sa,12600.0,43200,419093.4539387494,0,393998.01230022806,25095.441638521348,0,0,0.0,0,9.820645030526062,66.55566445972278,7812.771097824855,597.9428621263612,13.066083053557398,2.0102278130744455,306.168070292753,0.0,0.044543429844097995,0.0,1.8067016927729311,35.616766467065865,0.9741176470588235,557.0164278483434,334,252.80945324897766
core,200,3000000.0,10,6,exclude,launch,0,0.0,prior,0.0,sa,12600.0,43200,378220.8335140066,0,355329.64507308044,22891.188440926173,0,0,0.0,1,9.820645030526062,54.98788400430651,7812.771097824855,724.0029102050362,10.791076924832103,2.0094752765038635,305.7121001617656,0.0,0.050724637681159424,0.0,1.633926528467176,32.24574209245742,0.9741176470588235,498.6832346663102,411,275.4700539112091
core,200,3000000.0,12,6,exclude,launch,0,0.0,prior,0.0,sa,12600.0,43200,517987.6803356734,0,479785.5221843443,38202.15815132913,0,1,0.39524850059039873,1,9.820645030526062,71.79035797952801,7812.771097824855,555.0272272916761,14.076374479767841,2.0077497465928724,304.6678655273994,0.0,0.02258469259723965,0.0,1.3540570694651675,25.03030303030303,0.9669811320754716,443.7062029445194,594,268.4747395515442
core,200,3000000.0,6,7,exclude,launch,0,0.0,prior,0.0,sa,12600.0,43200,602102.318096065,0,556723.716452893,45378.60164317191,0,0,0.0,0,10.273942215221508,56.07238402387062,7453.356364169037,708.0049877147394,10.527265334989492,2.015137330668452,309.15114003500105,0.0,0.09803921568627451,0.0,2.659168102055333,50.626666666666665,0.9630541871921182,856.4537605518366,150,159.067316532135
core,200,3000000.0,13,6,exclude,launch,0,0.0,prior,0.0,sa,12600.0,43200,504347.55348333466,0,469117.9665914692,35229.58689186543,0,1,0.4059352355204198,1,9.820645030526062,66.8667200580643,7812.771097824855,596.0383817794147,13.107832207886656,2.0072697480004145,304.3777035710456,0.0,0.02328042328042328,0.0010582010582010583,1.2353412369622574,22.071830985915494,0.9739952718676123,417.5077696998303,710,282.77878308296204
core,200,3000000.0,7,7,exclude,launch,0,0.0,prior,0.0,sa,12600.0,43200,504076.8126752451,0,471950.5797941337,32126.232881111395,0,0,0.0,0,10.273942215221508,66.96974325645004,7453.356364169037,593.4554395295161,12.559251912962434,2.0129048122897415,307.79284762791497,0.0,0.08273381294964029,0.0,2.297067070501245,44.90686274509804,0.9753694581280788,726.8282278369063,204,195.48259711265564
core,200,3000000.0,14,6,exclude,launch,0,0.0,prior,0.0,sa,12600.0,43200,470054.42671943095,0,437696.79779552686,32357.628923904118,0,1,0.43554210397460374,1,9.820645030526062,68.38861773429258,7812.771097824855,582.9163368790087,13.402902961435597,2.0067807851488415,304.0822648034753,0.0,0.012048192771084338,0.0,1.1609379787455443,21.374074074074073,0.9645390070921985,380.2660310530842,810,299.44933104515076
core,200,3000000.0,8,7,exclude,launch,0,0.0,prior,0.0,sa,12600.0,43200,453068.4187283856,0,427482.2158818528,25586.202846532753,0,0,0.0,0,10.273942215221508,63.23877300408521,7453.356364169037,628.939838428719,11.850666643712321,2.011395375672758,306.87618177967164,0.0,0.06685236768802229,0.0,2.005929567883953,37.350746268656714,0.9753086419753086,658.7319163650697,268,216.0182011127472
core,200,3000000.0,15,6,exclude,launch,0,0.0,prior,0.0,sa,12600.0,43200,455573.79595650575,0,422952.1454064344,32621.650550071252,0,1,0.4493987090857813,1,9.820645030526062,66.95472063014195,7812.771097824855,595.5087066637658,13.119490966965957,2.006414553098109,303.8610758063,0.0,0.008058017727639,0.0008058017727639,1.0823863681857988,19.76047261009667,0.9739952718676123,357.8417750945793,931,333.39436531066895
core,200,3000000.0,9,7,exclude,launch,0,0.0,prior,0.0,sa,12600.0,43200,419808.4115874951,0,396165.01347041497,23643.39811708017,0,0,0.0,0,10.273942215221508,53.41729646631399,7453.356364169037,744.9192395881012,10.005589825133699,2.0104759940708425,306.31852037803725,0.0,0.04357298474945534,0.002178649237472767,1.7657601552221969,31.795321637426902,0.9753086419753086,605.6663605084623,342,234.46213030815125
core,200,3000000.0,5,8,exclude,launch,0,0.0,prior,0.0,sa,12600.0,43200,709220.2303769051,0,633636.7402614519,75583.49011545311,0,0,0.0,0,11.933896810827438,62.38988735343365,6370.260745628138,635.5159884012697,10.023761576248347,2.0176661334552324,310.69330775451687,0.0,0.1048951048951049,0.0,3.1909414353016796,62.179245283018865,0.9693877551020408,1021.6103042059344,106,123.29610753059387
core,200,3000000.0,11,7,exclude,launch,0,0.0,prior,0.0,sa,12600.0,43200,348582.717513895,0,334930.46899804584,13652.248515849147,0,1,0.08800527796108937,1,10.273942215221508,69.2758215394949,7453.356364169037,574.9759921042231,12.96290013239023,2.0084387456843977,305.08461113925654,0.0,0.03288490284005979,0.0,1.4789598308180487,28.05189620758483,0.9728395061728395,470.2924073822375,501,253.9604775905609
core,200,3000000.0,10,7,exclude,launch,0,0.0,prior,0.0,sa,12600.0,43200,367093.1956247072,0,349812.5156686246,17280.67995608256,0,0,0.0,0,10.273942215221508,46.16236814042765,7453.356364169037,862.3375195730439,8.643200829136259,2.009669421938854,305.82970247950175,0.0,0.053475935828877004,0.0,1.5979414611147287,29.3729216152019,0.9728395061728395,535.5126613607133,421,273.05364060401917
core,200,3000000.0,6,8,exclude,launch,0,0.0,prior,0.0,sa,12600.0,43200,557054.6066291988,0,516059.95558029454,40994.651048904285,0,0,0.0,0,11.933896810827438,69.48929629696634,6370.260745628138,571.3941618419599,11.14862763926886,2.0148200991713177,308.95795010462484,0.0,0.13725490196078433,0.004901960784313725,2.6716159811643614,53.58,0.9744897959183674,826.8419861343924,150,168.61967945098877
core,200,3000000.0,12,7,exclude,launch,0,0.0,prior,0.0,sa,12600.0,43200,329390.8932844224,0,317911.5240375462,11479.369246876213,0,1,0.09313286910076497,1,10.273942215221508,66.48070498098166,7453.356364169037,599.3353943885306,12.436035705472213,2.007818468255283,304.70941948692746,0.0,0.03379224030037547,0.0,1.3485169704495925,24.866666666666667,0.9851851851851852,442.5786080438651,600,286.8677508831024
core,200,3000000.0,13,7,exclude,launch,0,0.0,prior,0.0,sa,12600.0,43200,299401.6475183453,0,289797.71173707733,9603.935781267952,0,1,0.102461423313852,1,10.273942215221508,70.752340862302,7453.356364169037,563.3127067355134,13.231294581232547,2.007241493068005,304.3606276073593,0.0,0.017130620985010708,0.0,1.2514128518182424,23.51645207439199,0.9728395061728395,400.4350861257496,699,306.7487154006958
core,200,3000000.0,7,8,exclude,launch,0,0.0,prior,0.0,sa,12600.0,43200,484372.4305046331,0,452888.8346422885,31483.59586234461,0,0,0.0,0,11.933896810827438,60.777497258852534,6370.260745628138,653.9311614815988,9.741485221770384,2.012867285603148,307.77004147352676,0.0,0.11552346570397112,0.0,2.2836711388292144,44.58252427184466,0.9821428571428571,724.0904259054814,206,201.93024849891663
core,200,3000000.0,14,7,exclude,launch,0,0.0,prior,0.0,sa,12600.0,43200,278824.4531768875,0,269684.85189938644,9139.60127750101,0,1,0.11002305786924874,1,10.273942215221508,67.9512026012681,7453.356364169037,586.6600966531443,12.704726990449709,2.006810156132623,304.1000071475391,0.0,0.02040816326530612,0.0,1.1666642903053477,21.992592592592594,0.9827160493827161,369.69287530767224,810,349.9117555618286
core,200,3000000.0,8,8,exclude,launch,0,0.0,prior,0.0,sa,12600.0,43200,412043.68807934027,0,388122.8437790844,23920.84430025586,0,0,0.0,0,11.933896810827438,70.65134222639587,6370.260745628138,562.9943835812741,11.314963224155369,2.0112474556055235,306.7864249405936,0.0,0.07242339832869081,0.0,2.0235907085524145,40.95849056603774,0.9846938775510204,614.0647876447231,265,225.72103643417358
core,200,3000000.0,15,7,exclude,launch,0,0.0,prior,0.0,sa,12600.0,43200,266638.23326458933,0,259470.26782670303,7167.965437886264,0,1,0.11505146344410769,1,10.273942215221508,65.23584305690318,7453.356364169037,611.1919719023692,12.194787737427323,2.006439489134694,303.8761335869113,0.0,0.017684887459807074,0.0,1.0769378781271393,19.874866310160428,0.9753086419753086,353.5375674606467,935,348.1951220035553
core,200,3000000.0,9,8,exclude,launch,0,0.0,prior,0.0,sa,12600.0,43200,378913.7699323966,0,359591.3458337312,19322.42409866547,0,0,0.0,0,11.933896810827438,69.33992550741564,6370.260745628138,573.9637472540699,11.098716210047128,2.0101207833362382,306.10319907834474,0.0,0.06181015452538632,0.0,1.7914594444821526,34.62202380952381,0.9846153846153847,567.4539730581943,336,243.85993933677673
core,200,3000000.0,16,7,exclude,launch,0,0.0,prior,0.0,sa,12600.0,43200,251088.35441199742,0,243717.09587160347,7371.258540393959,0,1,0.12217659006560617,1,10.273942215221508,66.24344946344495,7453.356364169037,602.0008899567406,12.380972334948924,2.0060876972575956,303.66373637192726,0.0,0.01559177888022679,0.0007087172218284905,1.0132517148399665,18.79811320754717,0.9777777777777777,329.64539862869805,1060,383.0914897918701
core,200,3000000.0,10,8,exclude,launch,0,0.0,prior,0.0,sa,12600.0,43200,345862.52714691666,0,328079.17440286645,17783.352744050204,0,0,0.0,0,11.933896810827438,60.83284005012966,6370.260745628138,654.5027540556034,9.732977754723017,2.009279790909467,305.5937089014773,0.0,0.04642857142857143,0.0017857142857142857,1.6026462648112667,30.241050119331742,0.9897435897435898,520.4564544171377,419,265.6966187953949
core,200,3000000.0,11,8,exclude,launch,0,0.0,prior,0.0,sa,12600.0,43200,313182.7705339363,0,300633.2945710571,12549.475962879209,0,0,0.0,0,11.933896810827438,63.021005254058615,6370.260745628138,632.0434396882824,10.078833740873709,2.008434776665312,305.0822096364051,0.0,0.04769001490312966,0.0,1.471015956359043,27.660039761431413,0.9820051413881749,472.18545693213457,503,301.75426506996155
core,200,3000000.0,5,9,exclude,launch,0,0.0,prior,0.0,sa,12600.0,43200,713288.264378287,0,646943.399831026,66344.86454726098,0,0,0.0,0,10.304493718415957,78.29303539649469,7430.26982720097,506.5288873210692,14.668995220584938,2.0172635343366756,310.44752948734344,0.0,0.1056338028169014,0.0,3.205511446795226,63.55238095238095,0.9508599508599509,1009.5461681127466,105,135.3056571483612
core,200,3000000.0,13,8,exclude,launch,0,0.0,prior,0.0,sa,12600.0,43200,383345.4645528578,0,370279.8812143578,13065.58333850003,0,1,0.3345120427172658,1,11.933896810827438,64.54482773501165,6370.260745628138,617.4955669701974,10.316285794381402,2.0072187113322313,304.34685973732803,0.0,0.015021459227467811,0.0,1.249814341751171,23.106017191977077,0.982051282051282,407.8897317753283,698,281.5377984046936
core,200,3000000.0,14,8,exclude,launch,0,0.0,prior,0.0,sa,12600.0,43200,368978.8037123841,0,356258.2183260022,12720.585386381916,0,1,0.34753669621069216,1,11.933896810827438,63.801800267880196,6370.260745628138,624.8266283262061,10.195245299792804,2.006769649653637,304.07553823911206,0.0,0.012962962962962963,0.0,1.1611562885899396,21.22564734895191,0.9769230769230769,382.7765706846036,811,306.99911427497864
core,200,3000000.0,12,8,exclude,launch,0,0.0,prior,0.0,sa,12600.0,43200,273584.52281713154,0,264321.0081978435,9263.514619288075,0,0,0.0,1,11.933896810827438,61.97634848807327,6370.260745628138,642.8914225796759,9.908766118027726,2.0078273721639457,304.71480362486517,0.0,0.03670886075949367,0.0,1.364377505952071,26.866328257191203,0.9923076923076923,415.9776128390158,591,338.7129850387573
core,200,3000000.0,6,9,exclude,launch,0,0.0,prior,0.0,sa,12600.0,43200,584737.3672116431,0,541093.7105818421,43643.65662980098,0,0,0.0,0,10.304493718415957,73.31271347553002,7430.26982720097,541.6613683733154,13.717555397231125,2.014572171071279,308.80700709368665,0.0,0.1330049261083744,0.0,2.6780632635132653,53.52,0.972972972972973,835.7072343813845,150,168.49674320220947
core,200,3000000.0,7,9,exclude,launch,0,0.0,prior,0.0,sa,12600.0,43200,490356.4740915111,0,460965.29970513424,29391.17438637686,0,0,0.0,0,10.304493718415957,80.73417702785282,7430.26982720097,492.36723112313683,15.090910518662692,2.0125349126903807,307.56808482507506,0.0,0.05818181818181818,0.0,2.304827369163048,46.745098039215684,0.967741935483871,694.6963452844083,204,196.72560667991638
core,200,3000000.0,15,8,exclude,launch,0,0.0,prior,0.0,sa,12600.0,43200,354612.1936959145,0,344003.7255204583,10608.468175456232,0,1,0.36161665248302166,1,11.933896810827438,61.756461646446596,6370.260745628138,645.6335194760624,9.86668218650987,2.0064184481864737,303.863427855021,0.0,0.012067578439259855,0.0008045052292839903,1.079618577082913,19.463022508038584,0.987146529562982,361.87269653009315,933,332.90891337394714
core,200,3000000.0,8,9,exclude,launch,0,0.0,prior,0.0,sa,12600.0,43200,443861.7994770677,0,417634.20759032376,26227.59188674396,0,0,0.0,0,10.304493718415957,70.12013115225629,7430.26982720097,567.2854299428977,13.097938771226492,2.0111554393643543,306.73059676683624,0.0,0.08310249307479224,0.0,2.008235536559846,39.651685393258425,0.9801488833746899,630.3968686740087,267,217.02698802947998
core,200,3000000.0,16,8,exclude,launch,0,0.0,prior,0.0,sa,12600.0,43200,337239.9512371238,0,327144.49039352365,10095.460843600187,0,1,0.38024461201457915,1,11.933896810827438,62.7238887293876,6370.260745628138,635.790957542879,10.019426464080396,2.0060542076018857,303.64352059003727,0.0,0.008516678495386799,0.0,1.0154532537988616,18.426679280983915,0.987146529562982,336.55164215575945,1057,356.8464844226837
core,200,3000000.0,17,8,exclude,launch,0,0.0,prior,0.0,sa,12600.0,43200,321744.8289777536,0,311942.1524303127,9802.676547440858,0,1,0.3985570640603576,1,11.933896810827438,63.67330070613415,6370.260745628138,626.4140574347285,10.16940898758791,2.0057238019278176,303.4441097292433,0.0,0.005653266331658292,0.0,0.955989248492075,17.59178541492037,0.9896907216494846,312.150694908622,1193,383.30122113227844
core,200,3000000.0,9,9,exclude,launch,0,0.0,prior,0.0,sa,12600.0,43200,391804.5101129732,0,370162.77394942107,21641.73616355212,0,0,0.0,0,10.304493718415957,65.65136120328864,7430.26982720097,606.2374636743572,12.256368621903857,2.010034357710036,306.0508211264176,0.0,0.0728476821192053,0.0,1.7912565772772078,35.232142857142854,0.9652605459057072,556.9392242701805,336,246.21137189865112
core,200,3000000.0,11,9,exclude,launch,0,0.0,prior,0.0,sa,12600.0,43200,502367.60564798187,0,466984.3322475203,35383.2734004616,0,1,0.36027666828700616,1,10.304493718415957,67.75868626153795,7430.26982720097,587.8989765882043,12.638684745330874,2.008270948016177,304.9830913840323,0.0,0.029717682020802376,0.0014858841010401188,1.467675890058445,27.12948207171315,0.9676616915422885,483.40660474647626,502,238.42192935943604
core,200,3000000.0,18,8,exclude,launch,0,0.0,prior,0.0,sa,12600.0,43200,309866.8753302919,0,300686.0488035386,9180.826526753266,0,1,0.41383472911484576,1,11.933896810827438,62.9140909976979,6370.260745628138,634.0553415815757,10.046852897316942,2.0054641147090133,303.2874257902739,0.0,0.0033519553072625698,0.0,0.9002148011198623,16.524517087667164,0.9845758354755784,295.0237292118738,1346,413.1195125579834
core,200,3000000.0,10,9,exclude,launch,0,0.0,prior,0.0,sa,12600.0,43200,350324.06656241766,0,333812.9736623933,16511.092900024338,0,0,0.0,0,10.304493718415957,70.89508787857567,7430.26982720097,561.6741195655944,13.228791515171878,2.009043908758586,305.4508829408416,0.0,0.050724637681159424,0.0,1.6320557064129546,32.220873786407765,0.967741935483871,497.0707490910605,412,288.0229926109314
core,200,3000000.0,12,9,exclude,launch,0,0.0,prior,0.0,sa,12600.0,43200,477123.796895804,0,443217.3648410938,33906.43205471021,0,1,0.3793345251266497,1,10.304493718415957,69.82080531922745,7430.26982720097,570.7221944871102,13.01906584144378,2.0076147203866945,304.58622742198713,0.0,0.01877346683354193,0.0,1.3477261516426773,24.590301003344482,0.975,448.5021840900463,598,260.4726982116699
core,200,3000000.0,5,10,exclude,launch,0,0.0,prior,0.0,sa,12600.0,43200,700612.4863179809,0,639281.14636526,61331.33995272099,0,0,0.0,0,11.597269844061024,72.71596721958828,6564.841933405682,545.3754905379801,12.037288157063788,2.0172725791253105,310.4530500720782,0.0,0.14583333333333334,0.0,3.2031088585074894,64.65384615384616,0.9387254901960784,986.9176493338226,104,142.25761723518372
core,200,3000000.0,13,9,exclude,launch,0,0.0,prior,0.0,sa,12600.0,43200,452796.6284037237,0,420101.4422024061,32695.186201317585,0,1,0.3997185795166866,1,10.304493718415957,67.43624037493272,7430.26982720097,591.0471416554687,12.571365807453983,2.0071254399455114,304.29049553563203,0.0,0.024520255863539446,0.0021321961620469083,1.2430210584165715,22.780938833570413,0.9675,411.5352509302512,703,281.5037724971771
core,200,3000000.0,6,10,exclude,launch,0,0.0,prior,0.0,sa,12600.0,43200,610582.4738080518,0,560962.6793080017,49619.7945000501,0,0,0.0,0,11.597269844061024,69.59858599129812,6564.841933405682,570.5534515471469,11.506094504562304,2.0146204298429584,308.8363849964129,0.0,0.14215686274509803,0.0,2.655428046411184,51.32666666666667,0.9482758620689655,856.1179427678431,150,159.34859585762024
core,200,3000000.0,14,9,exclude,launch,0,0.0,prior,0.0,sa,12600.0,43200,431009.3992881238,0,401164.79879398644,29844.600494137336,0,1,0.41992375600023063,1,10.304493718415957,67.51683979778142,7430.26982720097,590.4764554655309,12.583515834417064,2.0066669377913753,304.01349709267953,0.0,0.012903225806451613,0.0,1.1550965880567303,21.128676470588236,0.9799498746867168,381.52871158309864,816,305.6358439922333
core,200,3000000.0,7,10,exclude,launch,0,0.0,prior,0.0,sa,12600.0,43200,514241.9144846779,0,482517.4211603274,31724.493324350544,0,0,0.0,0,11.597269844061024,67.68299991965905,6564.841933405682,587.2936604496728,11.178124974785499,2.0125889059708744,307.60088774858764,0.0,0.06498194945848375,0.0,2.2991898191577085,43.75609756097561,0.9533169533169533,744.2460240751356,205,183.84085297584534
core,200,3000000.0,15,9,exclude,launch,0,0.0,prior,0.0,sa,12600.0,43200,416697.7729473959,0,386187.26003905624,30510.512908339646,0,1,0.43434814695623924,1,10.304493718415957,67.67609819577176,7430.26982720097,589.2026537855286,12.61072023261051,2.0062727796301694,303.77547210738834,0.0,0.008863819500402902,0.0,1.081300204583145,19.75080558539205,0.9723618090452262,357.0514658505359,931,336.60701632499695
core,200,3000000.0,8,10,exclude,launch,0,0.0,prior,0.0,sa,12600.0,43200,435788.37992631894,0,408177.6599081706,27610.72001814839,0,0,0.0,0,11.597269844061024,72.74482105955877,6564.841933405682,546.850695600496,12.00481591450997,2.011032726755205,306.6561523710196,0.0,0.055865921787709494,0.0,2.023686759038133,40.64661654135338,0.9630541871921182,615.2527599638004,266,230.2600803375244
core,200,3000000.0,16,9,exclude,launch,0,0.0,prior,0.0,sa,12600.0,43200,395613.61865108536,0,367093.024074416,28520.59457666931,0,1,0.4574783735385567,1,10.304493718415957,66.64012498573204,7430.26982720097,598.460409333708,12.415641387996597,2.005943788117156,303.5768714554479,0.0,0.008516678495386799,0.0,1.016257607717018,18.736991485335857,0.9849246231155779,331.4958084201324,1057,356.10874819755554
core,200,3000000.0,9,10,exclude,launch,0,0.0,prior,0.0,sa,12600.0,43200,388127.5448042638,0,366223.0327010305,21904.51210323334,0,0,0.0,0,11.597269844061024,72.09944105556407,6564.841933405682,552.0547495644537,11.891650128153133,2.0099068875438437,305.97357645254834,0.0,0.06,0.0,1.8094992139168653,35.955089820359284,0.967741935483871,552.2441198523043,334,265.6118929386139
core,200,3000000.0,10,10,exclude,launch,0,0.0,prior,0.0,sa,12600.0,43200,352488.5913028236,0,336902.4999797535,15586.091323070112,0,0,0.0,0,11.597269844061024,67.96554192018559,6564.841933405682,585.8812852260628,11.205071912943305,2.0090538488202374,305.45690094568033,0.0,0.06666666666666667,0.0,1.626253952423284,31.45301204819277,0.9727047146401985,506.5771158197929,415,282.25781297683716
core,200,3000000.0,13,10,exclude,launch,0,0.0,prior,0.0,sa,12600.0,43200,425015.2571201283,0,413395.4871019688,11619.770018159566,0,1,0.3667321301265629,1,11.597269844061024,73.01073272814098,6564.841933405682,545.9491483902449,12.024639937185372,2.0070171664180583,304.22507203819663,0.0,0.022508038585209004,0.0,1.251133240071797,23.014306151645208,0.9750623441396509,409.16096927472285,699,284.7578704357147
core,200,3000000.0,5,11,exclude,launch,0,0.0,prior,0.0,sa,12600.0,43200,707176.5278176671,0,645910.0446450558,61266.483172611406,0,0,0.0,0,11.275799978965152,72.63687918979218,6761.506957310247,545.8997627712369,12.385986253201038,2.0175295517422005,310.60991660060506,0.0,0.07746478873239436,0.0,3.205234632957078,62.72380952380952,0.9404761904761905,1022.3632631997212,105,135.50975704193115
core,200,3000000.0,11,10,exclude,launch,0,0.0,prior,0.0,sa,12600.0,43200,316561.543282054,0,302010.54962167685,14550.993660377153,0,0,0.0,0,11.597269844061024,67.98064681060859,6564.841933405682,585.9743265675589,11.20329276516315,2.0082885213020405,304.9937226568366,0.0,0.05105105105105105,0.0,1.4858598400484178,29.14629258517034,0.9652605459057072,454.9753616484265,499,319.32941579818726
core,200,3000000.0,14,10,exclude,launch,0,0.0,prior,0.0,sa,12600.0,43200,401285.8610000969,0,392230.0404711869,9055.820528909968,0,1,0.38841824676179443,1,11.597269844061024,68.72640199504474,6564.841933405682,580.1010947005753,11.316720470583126,2.006608714021235,303.9783309430455,0.0,0.011111111111111112,0.0,1.1620214935652902,21.438271604938272,0.9825436408977556,379.046031273281,810,304.25568985939026
core,200,3000000.0,6,11,exclude,launch,0,0.0,prior,0.0,sa,12600.0,43200,582534.0579583731,0,536913.6057563554,45620.45220201759,0,0,0.0,0,11.275799978965152,67.94944360106008,6761.506957310247,584.3563305422184,11.570862851843005,2.014773958402533,308.92985599558364,0.0,0.09852216748768473,0.0,2.6881222702633676,52.70469798657718,0.9474940334128878,850.4531566436929,149,165.0564227104187
core,200,3000000.0,12,10,exclude,launch,0,0.0,prior,0.0,sa,12600.0,43200,289957.6411620984,0,277486.67508137954,12470.966080718777,0,0,0.0,1,11.597269844061024,53.34050903258365,6564.841933405682,746.946778984815,8.788901857677255,2.0079050513432897,304.76177775699597,0.0,0.043202033036848796,0.0,1.3697323446862613,26.565365025466892,0.972636815920398,421.96999742485264,589,340.17812943458557
core,200,3000000.0,15,10,exclude,launch,0,0.0,prior,0.0,sa,12600.0,43200,391242.0994523311,0,383734.31159777555,7507.7878545555495,0,1,0.3983895158474546,1,11.597269844061024,67.08810129541783,6564.841933405682,594.3787684384788,11.04487959866483,2.006232208642543,303.7509773128951,0.0,0.004827031375703942,0.0,1.0827415941401626,19.470525187566988,0.9750623441396509,361.3987330365421,933,326.1949474811554
core,200,3000000.0,16,10,exclude,launch,0,0.0,prior,0.0,sa,12600.0,43200,374695.23319825693,0,367926.8971377466,6768.336060510273,0,1,0.41598274215963044,1,11.597269844061024,65.67425229265429,6564.841933405682,607.2772680133444,10.81028762180083,2.005893288852236,303.54639256739034,0.0,0.012756909992912827,0.0,1.013564125849932,18.249056603773585,0.9775,338.68897009358363,1060,343.0470221042633
core,200,3000000.0,7,11,exclude,launch,0,0.0,prior,0.0,sa,12600.0,43200,495673.6676762802,0,462003.60093529994,33670.066740980255,0,0,0.0,0,11.275799978965152,73.08603894162651,6761.506957310247,543.820651663504,12.43333980904796,2.012796488293194,307.72701800970793,0.0,0.08695652173913043,0.0,2.297420460938714,45.33170731707317,0.9688995215311005,708.247636356908,205,197.77373552322388
core,200,3000000.0,8,11,exclude,launch,0,0.0,prior,0.0,sa,12600.0,43200,428916.7937228046,0,402594.59948689904,26322.194235905554,0,0,0.0,0,11.275799978965152,71.08391496150868,6761.506957310247,559.5663087901953,12.083477598801284,2.0112547852096787,306.7908721828421,0.0,0.06442577030812324,0.0,2.031161938119932,40.61132075471698,0.9593301435406698,618.3593723225721,265,225.89899230003357
core,200,3000000.0,17,10,exclude,launch,0,0.0,prior,0.0,sa,12600.0,43200,355912.23986429203,0,349885.0544110756,6027.185453216437,0,1,0.4379359098169447,1,11.597269844061024,66.81415670640637,6564.841933405682,597.0056285103892,10.996281475244816,2.005594223125013,303.3659224747196,0.0,0.0018856065367693275,0.0,0.9565490993730448,17.67001675041876,0.9825,311.2275255585182,1194,381.21437072753906
core,200,3000000.0,9,11,exclude,launch,0,0.0,prior,0.0,sa,12600.0,43200,385489.77306078456,0,362136.2803432447,23353.492717539833,0,0,0.0,0,11.275799978965152,69.24829569181531,6761.506957310247,574.7251824659056,11.764765428059802,2.010113919496913,306.0990391084248,0.0,0.060133630289532294,0.0,1.8093691111171402,35.656716417910445,0.9712918660287081,556.4980018752871,335,262.09440779685974
core,200,3000000.0,18,10,exclude,launch,0,0.0,prior,0.0,sa,12600.0,43200,346198.40743150585,0,340458.05506135005,5740.352370155817,0,1,0.4502237654307939,1,11.597269844061024,66.45917470855532,6564.841933405682,600.2744667726377,10.936400424794693,2.0053268670521485,303.2046328850663,0.0,0.0,0.0,0.8999039670665521,16.475482912332836,0.98,295.7344035437558,1346,416.49758434295654
core,200,3000000.0,10,11,exclude,launch,0,0.0,prior,0.0,sa,12600.0,43200,344917.9688835887,0,326271.8572678555,18646.11161573323,0,0,0.0,0,11.275799978965152,66.14358998516953,6761.506957310247,601.9694407084289,11.23230931682006,2.009221327823048,305.5583065598748,0.0,0.045372050816696916,0.0,1.632664501645401,31.9683698296837,0.9641148325358851,502.29986440306607,411,286.6705994606018
core,200,3000000.0,12,11,exclude,launch,0,0.0,prior,0.0,sa,12600.0,43200,367180.6010961758,0,351227.6477850617,15952.95331111412,0,1,0.20134688153082672,1,11.275799978965152,67.30070964573602,6761.506957310247,592.0553813498526,11.420396081688162,2.0077424917826665,304.6634789233013,0.0,0.025157232704402517,0.0,1.3537891224174865,24.739864864864863,0.9734939759036144,448.1332758625565,592,268.6722710132599
core,200,3000000.0,5,12,exclude,launch,0,0.0,prior,0.0,sa,12600.0,43200,776263.0660642533,0,692337.415402425,83925.65066182827,0,0,0.0,0,10.560706468639882,65.80200647486312,7241.91745481808,602.6649958693278,12.016489267593537,2.0173204124621567,310.4822464836518,0.0,0.08391608391608392,0.0,3.1898811950994164,59.83018867924528,0.941320293398533,1065.23313476034,106,135.27656173706055
core,200,3000000.0,11,11,exclude,launch,0,0.0,prior,0.0,sa,12600.0,43200,322756.4199673755,0,307421.77688563184,15334.643081743689,0,0,0.0,0,11.275799978965152,57.060865488183225,6761.506957310247,698.0151261454982,9.686762799321974,2.008569197850247,305.16354805568704,0.0,0.052316890881913304,0.0,1.480952054213891,27.68063872255489,0.9688995215311005,477.03856141638136,501,313.40202736854553
core,200,3000000.0,13,11,exclude,launch,0,0.0,prior,0.0,sa,12600.0,43200,345385.98381885904,0,330284.028575732,15101.955243127011,0,1,0.21405231379656275,1,11.275799978965152,66.51023854221792,6761.506957310247,599.2484085732973,11.283312330204062,2.0072182277085315,304.34656746849464,0.0,0.01929260450160772,0.0,1.252127210232518,22.82546494992847,0.973621103117506,412.1765191011086,699,292.32335448265076
core,200,3000000.0,6,12,exclude,launch,0,0.0,prior,0.0,sa,12600.0,43200,622156.4260967469,0,565738.4525683308,56417.973528416085,0,0,0.0,0,10.560706468639882,80.88967073771313,7241.91745481808,490.94381701555085,14.75101061225645,2.0144900400593206,308.7570124138685,0.0,0.11219512195121951,0.0,2.6862393785691006,52.96,0.9631449631449631,846.0296307670691,150,169.5139729976654
core,200,3000000.0,14,11,exclude,launch,0,0.0,prior,0.0,sa,12600.0,43200,320214.9870832736,0,307911.61221839563,12303.37486487793,0,1,0.23087822860115817,1,11.275799978965152,68.66652397823742,6761.506957310247,580.572272389952,11.646279505351156,2.0067285677524698,304.05072273868194,0.0,0.013927576601671309,0.0,1.1647291836596272,21.409653465346533,0.9734939759036144,380.2279352669158,808,320.7280900478363
core,200,3000000.0,15,11,exclude,launch,0,0.0,prior,0.0,sa,12600.0,43200,307195.76094105217,0,296160.2858574177,11035.475083634454,0,1,0.24066305069722232,1,11.275799978965152,64.09608048191862,6761.506957310247,622.077478448942,10.869236054275849,2.0063839060597877,303.84256991284667,0.0,0.018578352180936994,0.0,1.086234706663392,19.518837459634014,0.9734939759036144,362.67323916488164,929,336.3087730407715
core,200,3000000.0,7,12,exclude,launch,0,0.0,prior,0.0,sa,12600.0,43200,519143.68510131363,0,482251.0166135578,36892.66848775583,0,0,0.0,0,10.560706468639882,71.38828911671712,7241.91745481808,556.8084248933674,13.006120473491322,2.0125988274563644,307.6069156098013,0.0,0.11272727272727273,0.0,2.305470191141142,45.36945812807882,0.9728395061728395,716.7426049806562,203,198.52762293815613
core,200,3000000.0,16,11,exclude,launch,0,0.0,prior,0.0,sa,12600.0,43200,290943.6903988143,0,280372.2831691609,10571.407229653414,0,1,0.25410645231036777,1,11.275799978965152,66.14037097457829,6761.506957310247,602.9616976698393,11.213824996579818,2.0060125025508198,303.6183465865689,0.0,0.0078125,0.0,1.018585714013667,18.520833333333332,0.9782608695652174,336.0588613694477,1056,365.01687717437744
ring,100,1500000.0,2,1,exclude,launch,0,0.0,prior,0.0,sa,12600.0,43200,1033333.5357371952,0,856238.0536156795,177095.48212151576,0,0,0.0,0,4.85758743485816,2.9701655897692922,7901.207071016175,6626.683314800556,1.1923320755903632,2.032277984736302,319.6793513313724,0.0,0.043478260869565216,0.0,3.9704521255519407,33.3235294117647,0.8378378378378378,2894.0356772511163,34,22.757789611816406
ring,100,1500000.0,3,1,exclude,launch,0,0.0,prior,0.0,sa,12600.0,43200,820439.0277435462,0,698979.1976550877,121459.83008845853,0,0,0.0,0,4.85758743485816,3.011698714958318,7901.207071016175,6546.18283455705,1.2069945601436616,2.0288985731322864,317.5896821380965,0.0,0.0196078431372549,0.0,2.6743505576878532,17.986666666666668,0.8967391304347826,2416.436893197052,75,29.202026844024658
core,200,3000000.0,8,12,exclude,launch,0,0.0,prior,0.0,sa,12600.0,43200,451025.9320060937,0,426529.04613544367,24496.88587064999,0,0,0.0,0,10.560706468639882,70.11937072256684,7241.91745481808,567.3181197729042,12.765179186797345,2.0110613624819313,306.67352361114564,0.0,0.08635097493036212,0.0,2.0260512796787062,39.13257575757576,0.9776674937965261,640.9216949859346,264,231.7733919620514
ring,100,1500000.0,4,1,exclude,launch,0,0.0,prior,0.0,sa,12600.0,43200,827156.6850511689,0,713474.4479498699,113682.23710129895,0,0,0.0,0,4.85758743485816,2.9653992943564575,7901.207071016175,6633.808375813164,1.191051447886849,2.0333581889878136,320.3487440244522,0.0,0.0111731843575419,0.0,2.018308917664379,10.014925373134329,0.907103825136612,2467.623367595094,134,27.680584192276
ring,100,1500000.0,5,1,exclude,launch,0,0.0,prior,0.0,sa,12600.0,43200,1966489.088015053,0,1663742.9402460395,302746.14776901336,0,5,0.25629559835911403,7,4.85758743485816,2.873950852312701,7901.207071016175,6765.465971845384,1.1678733000649475,2.057230433269611,335.3208567094349,0.0,0.0,0.0,1.614914281941579,3.6698564593301435,0.6775956284153005,4294.9390625236265,209,24.41741633415222
core,200,3000000.0,17,11,exclude,launch,0,0.0,prior,0.0,sa,12600.0,43200,276357.03427955764,0,266774.01953392103,9583.014745636587,0,1,0.2675186798919772,1,11.275799978965152,66.6946275221296,6761.506957310247,598.0447597785507,11.306021575732824,2.0056975602392706,303.42827480136623,0.0,0.0037735849056603774,0.0,0.9574955124910214,17.41994970662196,0.9806763285024155,316.15645577294805,1193,397.22613501548767
ring,100,1500000.0,6,1,exclude,launch,0,0.0,prior,0.0,sa,12600.0,43200,10567041.520589685,0,9970021.161216594,597020.3593730897,0,68,0.9697666794744957,92,4.85758743485816,2.945285989401912,7901.207071016175,6431.052051289498,1.2286025689112396,2.1117888629282966,370.8223427194185,0.0,0.0,0.0,1.3574328230912625,1.3423728813559321,0.25824175824175827,8252.855163735949,295,23.826641082763672
ring,100,1500000.0,2,2,exclude,launch,0,0.0,prior,0.0,sa,12600.0,43200,992550.88690137,0,826117.8440702566,166433.04283111345,0,0,0.0,0,4.889237330012543,2.9451886408579635,7847.90175510476,6679.889399485818,1.1748550441132826,2.0331883038517935,320.2434213648439,0.0,0.021739130434782608,0.0,3.9652494064432986,34.05882352941177,0.8565022421524664,2849.1813178824887,34,24.839854955673218
ring,100,1500000.0,3,2,exclude,launch,0,0.0,prior,0.0,sa,12600.0,43200,816738.2403481286,0,689191.6900498838,127546.55029824478,0,0,0.0,0,4.889237330012543,2.988650222331375,7847.90175510476,6594.43529983822,1.1900794227668428,2.029585210333263,318.0137116010968,0.0,0.029411764705882353,0.0,2.673929964527379,18.32,0.8733031674208145,2370.2380440384136,75,27.907874822616577
ring,100,1500000.0,4,2,exclude,launch,0,0.0,prior,0.0,sa,12600.0,43200,881507.108628865,0,723537.8861274682,157969.2225013968,0,0,0.0,0,4.889237330012543,2.946663645898366,7847.90175510476,6672.589987364563,1.1761402648695343,2.0343936275471495,320.99105301304525,0.0,0.0,0.0,2.0136369103695886,9.903703703703703,0.8416289592760181,2486.0326433795403,135,30.395116090774536
core,200,3000000.0,9,12,exclude,launch,0,0.0,prior,0.0,sa,12600.0,43200,404229.1625233741,0,379628.5054489198,24600.657074454317,0,0,0.0,0,10.560706468639882,69.01273714274718,7241.91745481808,576.7343453597268,12.556764675252824,2.0099484520382855,305.99876273235884,0.0,0.06444444444444444,0.0,1.8053777013791157,34.84131736526946,0.9776119402985075,568.786952450778,334,254.06555819511414
ring,100,1500000.0,5,2,exclude,launch,0,0.0,prior,0.0,sa,12600.0,43200,1909453.4905423115,0,1565147.3950228803,344306.09551943146,0,2,0.16230376417751927,2,4.889237330012543,2.8416908858764804,7847.90175510476,6815.320667971502,1.151508804565258,2.0653652338323054,340.5009244375689,0.0,0.0035971223021582736,0.0,1.6187239041391697,3.6875,0.7104072398190046,4285.076482074195,208,23.951871395111084
ring,100,1500000.0,6,2,exclude,launch,0,0.0,prior,0.0,sa,12600.0,43200,10985473.371114807,0,10227976.426221224,757496.944893585,0,67,0.9825329042926051,84,4.889237330012543,3.003417389559919,7847.90175510476,6394.904689513234,1.2272116843233398,2.0826209089559296,351.620409752569,0.0,0.0,0.0,1.3626869621361049,2.006779661016949,0.27601809954751133,5545.838229870463,295,29.067287921905518
ring,100,1500000.0,2,3,exclude,launch,0,0.0,prior,0.0,sa,12600.0,43200,1024523.6445057525,0,845295.9009817378,179227.74352401472,0,0,0.0,0,4.827164603858858,2.949791731754702,7953.104624059671,6681.525663174339,1.1903126658472214,2.0295184161747897,317.97245077291427,0.0,0.043478260869565216,0.0,3.9813061717604254,31.705882352941178,0.8349056603773585,3072.4536108165044,34,22.09049940109253
core,200,3000000.0,11,12,exclude,launch,0,0.0,prior,0.0,sa,12600.0,43200,373242.47677572747,0,356128.47476644214,17114.00200928529,0,1,0.11200352987286014,1,10.560706468639882,72.96933536789032,7241.91745481808,545.9468122524991,13.264877259634426,2.008164391327814,304.91863198241447,0.0,0.025373134328358207,0.0,1.4727916445775562,27.53876739562624,0.9850374064837906,476.32226575292106,503,258.94183135032654
ring,100,1500000.0,3,3,exclude,launch,0,0.0,prior,0.0,sa,12600.0,43200,745903.3693027011,0,632054.482192284,113848.88711041726,0,0,0.0,0,4.827164603858858,2.98673697941477,7953.104624059671,6608.853944579925,1.203401480915189,2.026454505587025,316.0826556119713,0.0,0.0196078431372549,0.0,2.6841525446402117,18.906666666666666,0.9056603773584906,2316.3469122727597,75,28.034820556640625
ring,100,1500000.0,4,3,exclude,launch,0,0.0,prior,0.0,sa,12600.0,43200,783879.5800452242,0,680248.0652079605,103631.51483726357,0,0,0.0,0,4.827164603858858,2.9559467672980384,7953.104624059671,6663.902852983196,1.1934604689651718,2.0306483629437855,318.67081441161156,0.0,0.0056179775280898875,0.0,2.0170030670265384,10.022556390977444,0.8894230769230769,2480.273903256197,133,28.494454383850098
ring,100,1500000.0,5,3,exclude,launch,0,0.0,prior,0.0,sa,12600.0,43200,1694175.6513422315,0,1408263.785352262,285911.8659899698,0,3,0.165786122626972,5,4.827164603858858,2.865517759054605,7953.104624059671,6791.804243201551,1.1709855495350232,2.0552834589422613,334.0869536151431,0.0,0.0,0.0,1.6184099764535937,3.826923076923077,0.6778846153846154,4140.956537161892,208,25.130009174346924
core,200,3000000.0,10,12,exclude,launch,0,0.0,prior,0.0,sa,12600.0,43200,368968.99779720965,0,348370.86147349543,20598.13632371422,0,0,0.0,0,10.560706468639882,58.66428688098816,7241.91745481808,678.7251826981786,10.669881771630799,2.009195644878552,305.54275489255093,0.0,0.06486486486486487,0.0,1.6264905202131639,30.83855421686747,0.9801488833746899,517.8028945546514,415,279.27956461906433
ring,100,1500000.0,2,4,exclude,launch,0,0.0,prior,0.0,sa,12600.0,43200,1103037.8175241938,0,865144.8738610233,237892.94366317053,0,0,0.0,0,4.803136565354838,2.9961585564180386,7994.558130032741,6572.83519657868,1.2163028420664044,2.031152144611764,318.982423601232,0.0,0.043478260869565216,0.0,3.9849892615674816,32.205882352941174,0.8055555555555556,3024.5677701001846,34,22.957964420318604
ring,100,1500000.0,6,3,exclude,launch,0,0.0,prior,0.0,sa,12600.0,43200,10078091.840728654,0,9524159.956725817,553931.8840028363,0,68,0.9690399232965893,91,4.827164603858858,2.923854227407472,7953.104624059671,6436.82095406346,1.2355640588447634,2.12536167891224,379.9316725092525,0.0,0.0,0.002512562814070352,1.3556924834455455,1.4175084175084176,0.35096153846153844,7784.271814674542,297,26.509918451309204
ring,100,1500000.0,3,4,exclude,launch,0,0.0,prior,0.0,sa,12600.0,43200,870542.7571795243,0,719545.0591075507,150997.69807197366,0,0,0.0,0,4.803136565354838,2.9863837570993277,7994.558130032741,6606.265090516462,1.2101479460019287,2.027488407897872,316.71972850935106,0.0,0.0196078431372549,0.0,2.6832068473535107,16.773333333333333,0.8785046728971962,2603.021364665659,75,25.254863023757935
ring,100,1500000.0,5,4,exclude,launch,0,0.0,prior,0.0,sa,12600.0,43200,2446667.5881253416,0,2082668.3741498643,363999.21397547703,0,7,0.4135568532460111,9,4.803136565354838,2.846305760038007,7994.558130032741,6824.16153875089,1.1715077500196578,2.0593451484211123,336.66364304500445,0.0,0.0,0.0,1.6091423496569293,3.533333333333333,0.6666666666666666,4451.511308811014,210,24.128934621810913
ring,100,1500000.0,4,4,exclude,launch,0,0.0,prior,0.0,sa,12600.0,43200,915933.5081928305,0,740105.1931095371,175828.31508329336,0,0,0.0,0,4.803136565354838,2.955599856788492,7994.558130032741,6659.438387809032,1.2004853359207917,2.032248207860076,319.6609087891014,0.0,0.0,0.0,2.014983238054756,9.355555555555556,0.8341232227488151,2632.8823704367123,135,28.660630464553833
ring,100,1500000.0,6,4,exclude,launch,0,0.0,prior,0.0,sa,12600.0,43200,10115015.362741956,0,9471995.28714975,643020.0755922063,0,67,0.9694837719079366,86,4.803136565354838,2.965338379156997,7994.558130032741,6406.63242174034,1.2478565342540826,2.105503295938147,366.6412611990318,0.0,0.0,0.0,1.3550402760394382,1.4966442953020134,0.2761904761904762,7405.798321575448,298,26.144161224365234
ring,100,1500000.0,2,5,exclude,launch,0,0.0,prior,0.0,sa,12600.0,43200,1059604.906800808,0,843462.6359077358,216142.27089307204,0,0,0.0,0,4.796428451629647,2.9377198785880685,8006.205221945124,6705.806662749815,1.1939212722041201,2.0304793699702914,318.56631958031073,0.0,0.021739130434782608,0.0,3.9815074281994645,31.558823529411764,0.827433628318584,3077.027864170466,34,23.804392099380493
core,200,3000000.0,12,12,exclude,launch,0,0.0,prior,0.0,sa,12600.0,43200,349776.5161316127,0,335588.51269774773,14188.003433864955,0,1,0.12114230632389208,1,10.560706468639882,69.00635452932832,7241.91745481808,577.4643817612875,12.540890284401552,2.007593125954403,304.5731722411696,0.0,0.02386934673366834,0.0,1.3567971634540603,24.894117647058824,0.9850374064837906,444.5811961195753,595,278.965451002121
ring,100,1500000.0,3,5,exclude,launch,0,0.0,prior,0.0,sa,12600.0,43200,778345.4462122917,0,642482.4085614155,135863.03765087624,0,0,0.0,0,4.796428451629647,3.011780332702167,8006.205221945124,6551.355450097991,1.2220685143599364,2.027241719751985,316.5676652397048,0.0,0.0196078431372549,0.0,2.6824053658532163,18.426666666666666,0.8716814159292036,2366.469443982219,75,26.615112781524658
ring,100,1500000.0,4,5,exclude,launch,0,0.0,prior,0.0,sa,12600.0,43200,813555.427950186,0,684793.5871269059,128761.84082328012,0,0,0.0,0,4.796428451629647,2.948829596606668,8006.205221945124,6677.175360619445,1.199040730480738,2.0315033012692307,319.19971815879654,0.0,0.011235955056179775,0.0,2.023335869929283,9.661654135338345,0.8222222222222222,2589.325247982042,133,28.92233943939209
ring,100,1500000.0,5,5,exclude,launch,0,0.0,prior,0.0,sa,12600.0,43200,1711519.462037743,0,1411206.9033832008,300312.558654542,0,4,0.2620867403253493,4,4.796428451629647,2.8861074564352167,8006.205221945124,6744.576641482171,1.1870582317507332,2.054909975297506,333.8505167946554,0.0,0.0,0.0,1.6141975119244016,4.090909090909091,0.7219730941704036,3857.9431465743387,209,27.945255517959595
ring,100,1500000.0,6,5,exclude,launch,0,0.0,prior,0.0,sa,12600.0,43200,9791084.375253892,0,9125697.882454189,665386.4927997026,0,64,0.9693836449846682,89,4.796428451629647,2.9511696251583026,8006.205221945124,6427.461653606023,1.245624735458884,2.1087559682077806,368.8019391109118,0.0,0.0,0.010126582278481013,1.3618730940052686,1.5389830508474576,0.3004484304932735,7212.248578862795,295,26.471609592437744
ring,100,1500000.0,2,6,exclude,launch,0,0.0,prior,0.0,sa,12600.0,43200,1182460.2380463406,0,934858.5149659639,247601.7230803768,0,0,0.0,0,4.911996387275881,2.943508785574708,7809.995131568775,6689.766133152032,1.167454134587052,2.0313451397726867,319.10183919982273,0.0,0.043478260869565216,0.0,3.976453393866321,30.08823529411765,0.7946428571428571,3219.600564482475,34,23.448442459106445
ring,100,1500000.0,3,6,exclude,launch,0,0.0,prior,0.0,sa,12600.0,43200,856447.4039917034,0,714400.0704603287,142047.33353137472,0,0,0.0,0,4.911996387275881,2.985764532151574,7809.995131568775,6605.705539318396,1.1823105170344366,2.0280806722363103,317.0849605877591,0.0,0.0,0.0,2.684854719079498,17.453333333333333,0.875,2502.124485941333,75,27.271138191223145
ring,100,1500000.0,5,6,exclude,launch,0,0.0,prior,0.0,sa,12600.0,43200,2008001.4480124516,0,1596707.1643161313,411294.28369632026,0,1,0.08618735394714225,5,4.911996387275881,2.8261786234354833,7809.995131568775,6856.927336383726,1.1389934220431286,2.0641004899815063,339.6929558336646,0.0,0.0,0.0,1.6141740837988954,3.2057416267942584,0.6816143497757847,4907.290932642182,209,25.266417503356934
core,200,3000000.0,13,12,exclude,launch,0,0.0,prior,0.0,sa,12600.0,43200,320737.47955246875,0,309632.2186435162,11105.260908952509,0,1,0.13211032873751682,1,10.560706468639882,66.51566331876926,7241.91745481808,599.2375003584862,12.085220718806308,2.0070910616611384,304.2697219433276,0.0,0.03329752953813104,0.0,1.2539127468357356,23.121951219512194,0.9925187032418953,408.0576386139272,697,298.0061078071594
ring,100,1500000.0,4,6,exclude,launch,0,0.0,prior,0.0,sa,12600.0,43200,913152.881928686,0,725546.3931804111,187606.488748275,0,0,0.0,0,4.911996387275881,2.9506557839369063,7809.995131568775,6668.320656099936,1.1712086947145346,2.0329419010481433,320.0906912822857,0.0,0.005555555555555556,0.0,2.017537231401561,9.696296296296296,0.8430493273542601,2545.0472766666016,135,28.75965714454651
ring,100,1500000.0,6,6,exclude,launch,0,0.0,prior,0.0,sa,12600.0,43200,10922740.907071391,0,10147887.180987513,774853.7260838787,0,70,0.9731071190128304,91,4.911996387275881,2.972129337986254,7809.995131568775,6416.852546367632,1.2171068409526964,2.097346699530914,361.250933691417,0.0,0.0,0.0025188916876574307,1.3568720719563019,1.5252525252525253,0.27802690582959644,7260.014011762414,297,26.474706411361694
ring,100,1500000.0,2,7,exclude,launch,0,0.0,prior,0.0,sa,12600.0,43200,1003039.9430429562,0,815399.5401830113,187640.4028599449,0,0,0.0,0,5.015469727232141,2.950496494989822,7641.991446879142,6671.756879880306,1.1454241490610555,2.032004550253235,319.5100175230147,0.0,0.021739130434782608,0.0,3.9796540813356422,33.55882352941177,0.8154506437768241,2888.1026006251986,34,23.520731210708618
ring,100,1500000.0,3,7,exclude,launch,0,0.0,prior,0.0,sa,12600.0,43200,732093.7988840109,0,610406.6429257179,121687.15595829305,0,0,0.0,0,5.015469727232141,2.9996094531539916,7641.991446879142,6574.050998254772,1.162447849721257,2.028440200209668,317.3067736221908,0.0,0.0196078431372549,0.0,2.6784868495859047,19.4,0.8491379310344828,2256.4550572744192,75,26.915416479110718
ring,100,1500000.0,5,7,exclude,launch,0,0.0,prior,0.0,sa,12600.0,43200,1616390.637054547,0,1267093.6401005867,349296.9969539603,0,0,0.0,0,5.015469727232141,2.84425072702528,7641.991446879142,6816.785632515597,1.1210549750057226,2.063062935051832,339.0308411643045,0.0,0.0,0.0,1.617510126081164,3.5673076923076925,0.6008771929824561,4418.547896406153,208,24.115580081939697
ring,100,1500000.0,4,7,exclude,launch,0,0.0,prior,0.0,sa,12600.0,43200,725234.968021031,0,611174.3608834349,114060.60713759616,0,0,0.0,0,5.015469727232141,2.9452305294589936,7641.991446879142,6679.722792634173,1.1440581718909169,2.033210098218272,320.2569321180637,0.0,0.0,0.0,2.0164170553914813,10.903703703703703,0.8478260869565217,2262.2202539276223,135,28.272849559783936
ring,100,1500000.0,2,8,exclude,launch,0,0.0,prior,0.0,sa,12600.0,43200,1047701.4998778359,0,889558.3740785855,158143.12579925027,0,0,0.0,0,4.857512498705388,2.975504922189234,7901.334104096977,6617.546029577743,1.193997604063685,2.031432271929459,319.1557594732699,0.0,0.043478260869565216,0.0,3.967766097065955,30.647058823529413,0.8378378378378378,3155.0773095590253,34,21.111774682998657
ring,100,1500000.0,6,7,exclude,launch,0,0.0,prior,0.0,sa,12600.0,43200,10274023.163170295,0,9642303.897395035,631719.2657752596,0,69,0.9794377979849418,90,5.015469727232141,2.9882182181458834,7641.991446879142,6404.006799512221,1.1933140744730653,2.0902387650616996,356.58616945297797,0.0,0.0,0.025380710659898477,1.3589002477604437,1.760135135135135,0.2687224669603524,6292.052112672737,296,26.000208139419556
ring,100,1500000.0,3,8,exclude,launch,0,0.0,prior,0.0,sa,12600.0,43200,763715.2247585778,0,658137.8888162399,105577.33594233794,0,0,0.0,0,4.857512498705388,2.980284194469722,7901.334104096977,6616.560154029372,1.1941755111657528,2.028476807277817,317.3293629325115,0.0,0.00980392156862745,0.0,2.6788278284917566,18.84,0.8864864864864865,2314.024070526955,75,28.32039523124695
ring,100,1500000.0,4,8,exclude,launch,0,0.0,prior,0.0,sa,12600.0,43200,779934.7529909862,0,666575.3362449091,113359.41674607711,0,0,0.0,0,4.857512498705388,2.946390862449397,7901.334104096977,6679.025440749998,1.1830070381061049,2.032621591826681,319.89220557200036,0.0,0.005555555555555556,0.0,2.020952408402129,10.459259259259259,0.8532608695652174,2359.82076717636,135,30.348520755767822
ring,100,1500000.0,5,8,exclude,launch,0,0.0,prior,0.0,sa,12600.0,43200,1539664.9313685861,0,1288182.0929541064,251482.83841447977,0,1,0.11114977484612588,3,4.857512498705388,2.855933718805891,7901.334104096977,6792.297146038009,1.163278627865372,2.062031001461568,338.37295441963823,0.0,0.0,0.0,1.6134668967082664,3.942857142857143,0.7417582417582418,3981.280982450292,210,26.6688129901886
ring,100,1500000.0,6,8,exclude,launch,0,0.0,prior,0.0,sa,12600.0,43200,9330052.557715256,0,8760315.249776082,569737.307939175,0,62,0.9614841872799842,89,4.857512498705388,2.9572062104916244,7901.334104096977,6407.285362109569,1.2331796786861853,2.1110781710246824,370.3484106382659,0.0,0.0,0.0,1.3606358720951592,1.587837837837838,0.29444444444444445,6992.53138025525,296,28.08924174308777
ring,100,1500000.0,2,9,exclude,launch,0,0.0,prior,0.0,sa,12600.0,43200,1036615.082724738,0,873723.1916975643,162891.89102717378,0,0,0.0,0,4.806060742643757,2.9777015215981772,7989.491146408152,6615.899160457293,1.207619849190071,2.0304390223592863,318.5413736402286,0.0,0.043478260869565216,0.0,3.9863336891185677,31.852941176470587,0.8333333333333334,3047.7303206005954,34,21.960582494735718
ring,100,1500000.0,3,9,exclude,launch,0,0.0,prior,0.0,sa,12600.0,43200,806518.8716728288,0,685888.3882282466,120630.48344458229,0,0,0.0,0,4.806060742643757,2.9815541462282122,7989.491146408152,6616.607133585401,1.2074906345661804,2.027598409077192,316.7875471013927,0.0,0.0196078431372549,0.0,2.6769427961082797,17.76,0.8888888888888888,2452.151617606045,75,27.56923508644104
ring,100,1500000.0,5,9,exclude,launch,0,0.0,prior,0.0,sa,12600.0,43200,1894992.8151293674,0,1602873.814067651,292119.00106171647,0,4,0.1867414253894297,7,4.806060742643757,2.84860331404125,7989.491146408152,6815.208831325097,1.1723032036356158,2.060387223335643,337.32631902404245,0.0,0.0,0.0,1.614295646063591,3.6794258373205744,0.7247191011235955,4285.012312216089,209,25.51481580734253
ring,100,1500000.0,2,10,exclude,launch,0,0.0,prior,0.0,sa,12600.0,43200,1231388.3866335705,0,970787.6949530555,260600.6916805152,0,0,0.0,0,4.810047486139929,2.97992922470223,7982.5928847049145,6608.270972230192,1.2079699694897514,2.0312631926283298,319.0511317409927,0.0,0.021739130434782608,0.0,3.9761984493450293,28.352941176470587,0.7945205479452054,3407.9953585206404,34,20.00333046913147
ring,100,1500000.0,4,9,exclude,launch,0,0.0,prior,0.0,sa,12600.0,43200,831006.3374132918,0,719175.8568797319,111830.48053355997,0,0,0.0,0,4.806060742643757,2.963828171272252,7989.491146408152,6642.369624303924,1.2028073712090959,2.031813917137228,319.39198787942127,0.0,0.0,0.0,2.0205171645660487,9.835820895522389,0.8539325842696629,2518.4326635182283,134,29.374558925628662
ring,100,1500000.0,6,9,exclude,launch,0,0.0,prior,0.0,sa,12600.0,43200,9549340.979052555,0,8973268.53946436,576072.4395881956,0,64,0.9561043592540459,89,4.806060742643757,2.920445074417537,7989.491146408152,6432.189385371654,1.2421106823406316,2.129374875609985,382.6462828977206,0.0,0.0,0.0,1.3573915000495498,1.2939189189189189,0.3409090909090909,8538.1419303798,296,25.46280074119568
ring,100,1500000.0,3,10,exclude,launch,0,0.0,prior,0.0,sa,12600.0,43200,884299.9810169353,0,718471.2820112895,165828.69900564585,0,0,0.0,0,4.810047486139929,3.0153345666623164,7982.5928847049145,6541.504268728012,1.2202992701336448,2.0279014972584637,316.9744464198576,0.0,0.00980392156862745,0.0,2.681946683600753,17.24,0.863013698630137,2537.392366229516,75,26.44228219985962
ring,100,1500000.0,5,10,exclude,launch,0,0.0,prior,0.0,sa,12600.0,43200,2407213.433826537,0,2018309.624204699,388903.8096218379,0,7,0.3392435626129808,11,4.810047486139929,2.8462563749235135,7982.5928847049145,6828.276411945836,1.1690494647726388,2.0581398506038084,335.8979830307551,0.0,0.0,0.0,1.6148383284824412,3.331730769230769,0.6232558139534884,4766.087099757169,208,24.265865325927734
core,200,3000000.0,14,12,exclude,launch,0,0.0,prior,0.0,sa,12600.0,43200,298052.6548309363,0,288824.88833931496,9227.766491621334,0,1,0.1421652623297524,1,10.560706468639882,69.13082028402408,7241.91745481808,576.7059359410224,12.557383240734813,2.0066140802185757,303.9815719482866,0.0,0.02042711234911792,0.0,1.1656834539400547,21.612623762376238,0.9875311720698254,377.4041263031408,808,338.6029074192047
ring,100,1500000.0,4,10,exclude,launch,0,0.0,prior,0.0,sa,12600.0,43200,930834.6989842873,0,757312.5758845954,173522.12309969182,0,0,0.0,0,4.810047486139929,2.963555709678028,7982.5928847049145,6642.925283512712,1.2016683229174903,2.031830746531461,319.4024068463015,0.0,0.0,0.0,2.020869367236201,9.223880597014926,0.8341013824884793,2694.8199226893307,134,28.297959804534912
ring,100,1500000.0,6,10,exclude,launch,0,0.0,prior,0.0,sa,12600.0,43200,9492249.173697958,0,8727497.128154954,764752.0455430046,0,63,0.959168566589162,89,4.810047486139929,2.942217203738482,7982.5928847049145,6412.8974895716465,1.2447716336781982,2.1199760910361274,376.30393334776903,0.0,0.0,0.0025252525252525255,1.3575395083528732,1.4763513513513513,0.3051643192488263,7513.216759081419,296,26.857453107833862
ring,100,1500000.0,2,11,exclude,launch,0,0.0,prior,0.0,sa,12600.0,43200,1124286.1767207717,0,929570.4696204629,194715.7071003089,0,0,0.0,0,4.8192721668644065,2.9982565975459408,7966.675177293168,6575.424458273478,1.2115834084701802,2.0289315737493903,317.61005503751903,0.0,0.021739130434782608,0.0,3.9884427680574532,31.941176470588236,0.8333333333333334,3038.551357763659,34,22.995487928390503
ring,100,1500000.0,3,11,exclude,launch,0,0.0,prior,0.0,sa,12600.0,43200,874493.3398165245,0,724697.2642489929,149796.07556753154,0,0,0.0,0,4.8192721668644065,3.017966822100816,7966.675177293168,6540.351244745693,1.2180806319375184,2.02648996663605,316.10449548134363,0.0,0.0,0.0,2.679813326594528,18.48,0.8564593301435407,2351.078173916771,75,26.49688744544983
ring,100,1500000.0,6,11,exclude,launch,0,0.0,prior,0.0,sa,12600.0,43200,10763207.378655577,0,10112325.944399618,650881.4342559598,0,70,0.968022759360928,93,4.8192721668644065,2.954579484214421,7966.675177293168,6423.278209664675,1.240281818294317,2.1076941035322188,368.09586810001394,0.0,0.0,0.0025188916876574307,1.3560387392494544,1.3535353535353536,0.27884615384615385,8189.057243925167,297,23.890917539596558
ring,100,1500000.0,5,11,exclude,launch,0,0.0,prior,0.0,sa,12600.0,43200,1846315.9329223924,0,1581669.3176411374,264646.615281255,0,3,0.21040210449808577,4,4.8192721668644065,2.906998342152963,7966.675177293168,6710.091958437429,1.1872676599127203,2.050627301877288,331.145318234985,0.0,0.0,0.0,1.6203025196006189,3.951923076923077,0.7307692307692307,4022.9745236351723,208,25.099870443344116
ring,100,1500000.0,4,11,exclude,launch,0,0.0,prior,0.0,sa,12600.0,43200,904700.0235198229,0,759080.6796402289,145619.34387959394,0,0,0.0,0,4.8192721668644065,2.9787930474787436,7966.675177293168,6614.196295591895,1.204481213023969,2.0302175612537647,318.40446705469634,0.0,0.00558659217877095,0.0,2.019164419297382,9.76865671641791,0.8605769230769231,2534.9133366219135,134,28.248242616653442
ring,100,1500000.0,2,12,exclude,launch,0,0.0,prior,0.0,sa,12600.0,43200,1137610.7424279624,0,904361.4561493626,233249.2862785996,0,0,0.0,0,4.795621096983025,2.943108117386012,8007.609203841761,6689.063938222189,1.1971195488333175,2.031834955236784,319.40501245454885,0.0,0.043478260869565216,0.0,3.963935139241512,30.529411764705884,0.813953488372093,3166.085364079775,34,22.46434450149536
core,200,3000000.0,15,12,exclude,launch,0,0.0,prior,0.0,sa,12600.0,43200,280106.16643331206,0,271053.01981117204,9053.146622140037,0,1,0.15127383449520457,1,10.560706468639882,70.13731945685983,7241.91745481808,568.5451702886864,12.737629010445906,2.006207495175234,303.73605700404556,0.0,0.015384615384615385,0.0,1.0875990528805373,20.24271844660194,0.9900249376558603,350.3300936823637,927,352.604612827301
ring,100,1500000.0,5,12,exclude,launch,0,0.0,prior,0.0,sa,12600.0,43200,1775882.7437308342,0,1466525.864293023,309356.879437811,0,3,0.17718763797663944,4,4.795621096983025,2.8571285486004583,8007.609203841761,6802.01628871814,1.1772405216263926,2.0582235498949726,335.9511244656953,0.0,0.0,0.0,1.6173214667306812,3.7548076923076925,0.6571428571428571,4208.10046548427,208,23.650092363357544
ring,100,1500000.0,3,12,exclude,launch,0,0.0,prior,0.0,sa,12600.0,43200,782275.3987642644,0,670477.7228335716,111797.67593069274,0,0,0.0,0,4.795621096983025,2.9706547441160236,8007.609203841761,6637.085814991052,1.2064947519218654,2.028758620822284,317.5032899748503,0.0,0.00980392156862745,0.0,2.680684443349463,18.24,0.8691588785046729,2385.4461241787753,75,26.561042547225952
ring,100,1500000.0,6,12,exclude,launch,0,0.0,prior,0.0,sa,12600.0,43200,9697346.897585621,0,9072000.040142654,625346.8574429684,0,64,0.9622968938384241,88,4.795621096983025,2.9255290230022863,8007.609203841761,6408.706026060847,1.2494892371843884,2.13346356232379,385.4218941347211,0.0,0.0,0.007556675062972292,1.3533291378876704,1.4747474747474747,0.3619047619047619,7528.2863441539275,297,24.387131452560425
ring,100,1500000.0,4,12,exclude,launch,0,0.0,prior,0.0,sa,12600.0,43200,883731.8839783749,0,732719.3412936338,151012.54268474109,0,0,0.0,0,4.795621096983025,2.937682729080867,8007.609203841761,6695.75519103179,1.1959232342554955,2.0335531818630512,320.46965392177134,0.0,0.0,0.0,2.0150117916115673,9.488888888888889,0.8497652582159625,2594.6841078281423,135,28.256314516067505
ring,100,3000000.0,4,1,exclude,launch,0,0.0,prior,0.0,sa,12600.0,43200,621103.2910739497,0,545023.6738589442,76079.61721500543,0,0,0.0,0,9.71517486971632,5.916114543683863,7901.207071016175,6706.125598232767,1.1782074396426967,2.0164234065229247,309.9349623983,0.0,0.043478260869565216,0.0,3.9812021140290526,26.397058823529413,0.9197860962566845,1842.1344596988422,68,37.38322973251343
ring,100,3000000.0,5,1,exclude,launch,0,0.0,prior,0.0,sa,12600.0,43200,493853.83130090946,0,443856.395815034,49997.43548587548,0,0,0.0,0,9.71517486971632,5.967698161172777,7901.207071016175,6652.908292249232,1.187632043601328,2.0149839961672984,309.05775374272156,0.0,0.02127659574468085,0.0,3.2047138099308916,20.462264150943398,0.93048128342246,1553.8669220009638,106,43.197420597076416
ring,100,3000000.0,6,1,exclude,launch,0,0.0,prior,0.0,sa,12600.0,43200,418329.9855471059,0,382670.51264590083,35659.47290120508,0,0,0.0,0,9.71517486971632,5.966663636930559,7901.207071016175,6654.713833078164,1.1873098181535842,2.0147865668680685,308.93753288876417,0.0,0.014705882352941176,0.0,2.651018780556517,16.153333333333332,0.9617486338797814,1324.5634484625875,150,47.520106077194214
ring,100,3000000.0,7,1,exclude,launch,0,0.0,prior,0.0,sa,12600.0,43200,369361.74544609187,0,340182.4427227268,29179.30272336506,0,0,0.0,0,9.71517486971632,6.006684855253042,7901.207071016175,6609.722135953636,1.1953917136754504,2.014985555810312,309.05870355107027,0.0,0.0,0.0,2.3077855000425473,13.31527093596059,0.9617486338797814,1207.1323927421945,203,51.48905968666077
core,200,3000000.0,16,12,exclude,launch,0,0.0,prior,0.0,sa,12600.0,43200,266255.80621784716,0,258573.05884396823,7682.747373878927,0,1,0.1591429477689985,1,10.560706468639882,66.94283730557673,7241.91745481808,595.7635850595692,12.155690002593856,2.005912188111302,303.55779905726024,0.0,0.014245014245014245,0.0,1.0193087741773512,18.801707779886147,0.9900249376558603,331.59333178230884,1054,364.8274073600769
ring,100,3000000.0,4,2,exclude,launch,0,0.0,prior,0.0,sa,12600.0,43200,573941.1428481333,0,501577.2319354957,72363.91091263774,0,0,0.0,0,9.778474660025086,5.944841257982937,7847.90175510476,6673.114417212381,1.1760478338063822,2.0166064563818304,310.0466061471666,0.0,0.05434782608695652,0.0,4.030011379413801,29.47761194029851,0.9213973799126638,1705.400977924785,67,42.10914468765259
ring,100,3000000.0,5,2,exclude,launch,0,0.0,prior,0.0,sa,12600.0,43200,481220.0975974102,0,424497.148273422,56722.94932398817,0,0,0.0,0,9.778474660025086,5.942207115007643,7847.90175510476,6679.998126971309,1.1748359214979265,2.0154213797011584,309.32417350626145,0.0,0.02127659574468085,0.0070921985815602835,3.21564009196006,21.81904761904762,0.9107142857142857,1470.3971950750513,105,43.29388999938965
ring,100,3000000.0,8,1,exclude,launch,0,0.0,prior,0.0,sa,12600.0,43200,360031.0346002169,0,332252.28254753444,27778.752052682503,0,0,0.0,0,9.71517486971632,5.98256736172261,7901.207071016175,6630.905649890454,1.1915728390957738,2.016645405307216,310.07036403968203,0.0,0.0,0.0,2.0245857155809786,10.551851851851852,0.9565217391304348,1169.6945291619681,270,58.779703855514526
ring,100,3000000.0,10,1,exclude,launch,0,0.0,prior,0.0,sa,12600.0,43200,665215.6614100203,0,587339.0744132882,77876.58699673215,0,2,0.1565696718209599,7,9.71517486971632,5.789247390465744,7901.207071016175,6802.2511211355495,1.1615576858763734,2.031492472988959,319.19301654986367,0.0,0.0,0.0,1.6253977422534935,4.536585365853658,0.9230769230769231,1746.3784985731634,410,53.40402126312256
ring,100,3000000.0,9,1,exclude,launch,0,0.0,prior,0.0,sa,12600.0,43200,416074.5545128461,0,375945.7086413316,40128.84587151449,0,0,0.0,0,9.71517486971632,5.934824871161338,7901.207071016175,6672.240367874458,1.1841910116216667,2.0202745622605196,312.28805471876825,0.0,0.0,0.0,1.8029856567773241,7.431137724550898,0.9508196721311475,1326.657478916629,334,57.00791096687317
ring,100,3000000.0,12,1,exclude,launch,0,0.0,prior,0.0,sa,12600.0,43200,9097500.366302684,0,8605133.309872014,492367.05643067055,0,59,0.9747502685628887,92,9.71517486971632,5.9098200965100744,7901.207071016175,6462.358600969044,1.222650669653549,2.094713698429044,359.51942445845884,0.0,0.0,0.006329113924050633,1.359616148325225,1.3779661016949152,0.3825136612021858,4060.558529865474,590,49.99338364601135
ring,100,3000000.0,11,1,exclude,launch,0,0.0,prior,0.0,sa,12600.0,43200,3566767.500541447,0,3356244.7390052024,210522.76153624503,0,21,0.8713782686809004,27,9.71517486971632,5.89340900355063,7901.207071016175,6630.920146154541,1.1915702341247933,2.047149722557381,328.9567624356002,0.0,0.0,0.0014903129657228018,1.4699387021524633,2.948207171314741,0.7582417582417582,2214.5425945184734,502,51.43757891654968
ring,100,3000000.0,6,2,exclude,launch,0,0.0,prior,0.0,sa,12600.0,43200,426947.7881061015,0,388075.8994052275,38871.888700874006,0,0,0.0,0,9.778474660025086,5.964498420169049,7847.90175510476,6656.070492542154,1.179059290898136,2.015107160787672,309.1327643647226,0.0,0.014705882352941176,0.0,2.6684922156729676,16.173333333333332,0.9592760180995475,1328.858206108157,150,51.499435901641846
ring,100,3000000.0,7,2,exclude,launch,0,0.0,prior,0.0,sa,12600.0,43200,367463.04024027963,0,336217.2316139827,31245.808626296966,0,0,0.0,0,9.778474660025086,5.961038217300622,7847.90175510476,6658.071524174976,1.178704933794958,2.0156708933706593,309.47620909210593,0.0,0.014652014652014652,0.0,2.2910703879317005,13.48768472906404,0.9409090909090909,1183.6585431137012,203,53.6587028503418
ring,100,3000000.0,4,3,exclude,launch,0,0.0,prior,0.0,sa,12600.0,43200,645796.1327383104,0,560412.0653802828,85384.06735802759,0,0,0.0,0,9.654329207717716,5.952461453359342,7953.104624059671,6670.129323866644,1.1923463905868157,2.014926185853628,309.022548819418,0.0,0.043478260869565216,0.0,4.013874438757279,24.808823529411764,0.9292452830188679,1965.6206347754382,68,36.553343057632446
ring,100,3000000.0,5,3,exclude,launch,0,0.0,prior,0.0,sa,12600.0,43200,486089.56755966786,0,428015.25794237934,58074.30961728855,0,0,0.0,0,9.654329207717716,5.922658295870224,7953.104624059671,6707.6834746217355,1.1856708287070996,2.0137277240114044,308.29316952880265,0.0,0.007142857142857143,0.0,3.234397756577375,20.83653846153846,0.9330143540669856,1531.3660477097205,104,42.571847438812256
ring,100,3000000.0,11,2,exclude,launch,0,0.0,prior,0.0,sa,12600.0,43200,3387327.226105727,0,3139623.7019296633,247703.52417606337,0,21,0.8257360451734823,30,9.778474660025086,5.780462397099425,7847.90175510476,6713.0290451937935,1.169055236059716,2.061621242175086,338.1118985512117,0.0,0.0,0.0,1.4688306895986614,2.4661354581673307,0.6832579185520362,2651.5385833028568,502,49.74180626869202
ring,100,3000000.0,8,2,exclude,launch,0,0.0,prior,0.0,sa,12600.0,43200,350249.27440365223,0,318209.9619210797,32039.312482572546,0,0,0.0,0,9.778474660025086,5.95839491623483,7847.90175510476,6656.232459706707,1.1790306006606268,2.017122259131,310.36130700592474,0.0,0.0028089887640449437,0.0,2.0252133518356144,10.932584269662922,0.9411764705882353,1142.904731088701,267,60.83297252655029
ring,100,3000000.0,10,2,exclude,launch,0,0.0,prior,0.0,sa,12600.0,43200,608879.2417811074,0,518918.0795364042,89961.16224470308,0,0,0.0,2,9.778474660025086,5.764713071832111,7847.90175510476,6823.4781337296945,1.1501321761860939,2.03379177612949,320.6176309178896,0.0,0.0,0.0,1.6262751829301676,4.452554744525547,0.8823529411764706,1795.7507228840334,411,52.98076558113098
ring,100,3000000.0,6,3,exclude,launch,0,0.0,prior,0.0,sa,12600.0,43200,417072.82910280774,0,378403.30982396833,38669.51927883945,0,0,0.0,0,9.654329207717716,5.947518754196045,7953.104624059671,6680.089248455993,1.1905686179114923,2.0135939699770917,308.2118207921765,0.0,0.014705882352941176,0.0,2.672905666149399,16.06,0.9521531100478469,1339.4361242903753,150,48.08681845664978
ring,100,3000000.0,9,2,exclude,launch,0,0.0,prior,0.0,sa,12600.0,43200,393747.60689513927,0,355441.9758516496,38305.631043489666,0,0,0.0,0,9.778474660025086,5.898190406208924,7847.90175510476,6710.415147237558,1.1695106163939,2.0212582683637903,312.8905352104222,0.0,0.0,0.0,1.8033965116507635,7.892537313432836,0.9547511312217195,1248.2105105614912,335,61.183247089385986
ring,100,3000000.0,12,2,exclude,launch,0,0.0,prior,0.0,sa,12600.0,43200,10171491.826077014,0,9451368.54615503,720123.2799219851,0,61,0.9652950687086518,84,9.778474660025086,6.025363530694235,7847.90175510476,6431.036978657496,1.220316689384523,2.06455152339728,339.980983790241,0.0,0.0,0.0037926675094816687,1.3603627546924417,1.9172297297297298,0.3393665158371041,2898.6723399397288,592,55.16423177719116
ring,100,3000000.0,7,3,exclude,launch,0,0.0,prior,0.0,sa,12600.0,43200,365932.26691536506,0,334109.3048746184,31822.96204074664,0,0,0.0,0,9.654329207717716,5.953445488900248,7953.104624059671,6671.918230149293,1.1920266930312349,2.0140529796625835,308.4910336687691,0.0,0.003663003663003663,0.0,2.3068211748943854,13.211822660098521,0.961352657004831,1211.8816819051372,203,56.09931778907776
ring,100,3000000.0,8,3,exclude,launch,0,0.0,prior,0.0,sa,12600.0,43200,349045.5643322143,0,317876.2649608393,31169.299371374997,0,0,0.0,0,9.654329207717716,5.925011592569239,7953.104624059671,6699.088565259767,1.1871920406162413,2.015510491551895,309.3784675355914,0.0,0.0,0.0,2.0311762936850846,10.618867924528303,0.9521531100478469,1184.2011269698417,265,59.88159394264221
ring,100,3000000.0,9,3,exclude,launch,0,0.0,prior,0.0,sa,12600.0,43200,400616.38815142063,0,361926.7536777145,38689.634473706115,0,0,0.0,0,9.654329207717716,5.899751587938199,7953.104624059671,6716.341286843488,1.1841424198676227,2.0189404285720745,311.47187909359263,0.0,0.0,0.0,1.808226859154116,7.523809523809524,0.9425837320574163,1311.0151076675559,336,61.18901205062866
ring,100,3000000.0,4,4,exclude,launch,0,0.0,prior,0.0,sa,12600.0,43200,593578.0658156284,0,520863.2724297972,72714.79338583123,0,0,0.0,0,9.606273130709676,5.990843432918853,7994.558130032741,6625.411657340415,1.206650777869089,2.0155294570575184,309.3900234454614,0.0,0.05434782608695652,0.0,4.000516221255992,27.235294117647058,0.9259259259259259,1793.4830772713963,68,38.9283766746521
ring,100,3000000.0,10,3,exclude,launch,0,0.0,prior,0.0,sa,12600.0,43200,766632.6406382093,0,695102.0109674077,71530.6296708016,0,2,0.32517271135515835,5,9.654329207717716,5.8115766003655525,7953.104624059671,6784.372835351151,1.1722682135950195,2.0290199349613474,317.66460796435683,0.0,0.0,0.0,1.6217573317198002,4.63768115942029,0.9134615384615384,1715.9219339779297,414,56.18567204475403
ring,100,3000000.0,11,3,exclude,launch,0,0.0,prior,0.0,sa,12600.0,43200,3597395.0911687957,0,3357424.683772489,239970.40739630707,0,23,0.8661837432283517,32,9.654329207717716,5.850615845288796,7953.104624059671,6674.380012144898,1.191587025249981,2.0486957852591168,329.92885500607053,0.0,0.0,0.0014814814814814814,1.4652458411146043,2.733201581027668,0.7115384615384616,2389.16620389782,506,54.12515163421631
ring,100,3000000.0,5,4,exclude,launch,0,0.0,prior,0.0,sa,12600.0,43200,513994.3439540231,0,440795.74124123226,73198.6027127908,0,0,0.0,0,9.606273130709676,5.915652411110989,7994.558130032741,6713.373735511468,1.190840618293637,2.0144037155198706,308.70446941815567,0.0,0.02127659574468085,0.0,3.2021424906329075,20.17924528301887,0.9255813953488372,1570.9587997318818,106,43.89262580871582
ring,100,3000000.0,6,4,exclude,launch,0,0.0,prior,0.0,sa,12600.0,43200,418738.61684936425,0,377542.9813754308,41195.63547393339,0,0,0.0,0,9.606273130709676,5.9553376166281335,7994.558130032741,6669.675086737811,1.19864281633889,2.014090226041728,308.51369596600875,0.0,0.014705882352941176,0.0,2.6725733217030836,15.946666666666667,0.9198113207547169,1352.8114899630782,150,47.721271276474
ring,100,3000000.0,12,3,exclude,launch,0,0.0,prior,0.0,sa,12600.0,43200,9069263.81659841,0,8634895.10007758,434368.7165208279,0,62,0.9801842528584835,91,9.654329207717716,5.897433130281654,7953.104624059671,6462.025294952645,1.2307448920498156,2.099221704823827,362.48650690674015,0.0,0.0,0.0037735849056603774,1.3561202024512744,1.4983221476510067,0.4423076923076923,3692.653226200002,596,51.693979024887085
ring,100,3000000.0,7,4,exclude,launch,0,0.0,prior,0.0,sa,12600.0,43200,363056.4647617206,0,328021.60236491566,35034.86239680495,0,0,0.0,0,9.606273130709676,5.951938406441137,7994.558130032741,6671.966354746447,1.1982311817782774,2.014548424403058,308.7925516376184,0.0,0.003663003663003663,0.0,2.304033874591511,13.38423645320197,0.9471153846153846,1194.4273379471042,203,50.5339891910553
ring,100,3000000.0,10,4,exclude,launch,0,0.0,prior,0.0,sa,12600.0,43200,1115904.1888748242,0,991346.0995258339,124558.0893489903,0,5,0.487107163105089,9,9.606273130709676,5.74616902928109,7994.558130032741,6850.420423380691,1.1670171516403685,2.0323306371696352,319.7119633317194,0.0,0.0017953321364452424,0.003590664272890485,1.6137381014906953,4.16546762589928,0.8761904761904762,1896.5074672088854,417,51.63139271736145
ring,100,3000000.0,8,4,exclude,launch,0,0.0,prior,0.0,sa,12600.0,43200,369536.4829336074,0,332858.1294677685,36678.35346583893,0,0,0.0,0,9.606273130709676,5.918823679989235,7994.558130032741,6703.573396642119,1.1925815765718755,2.016267805111753,309.84007551199795,0.0,0.0,0.0,2.023035054394946,10.321033210332104,0.9342723004694836,1192.7194179022429,271,58.443716049194336
ring,100,3000000.0,9,4,exclude,launch,0,0.0,prior,0.0,sa,12600.0,43200,434090.3909498962,0,379638.1269674154,54452.2639824808,0,0,0.0,0,9.606273130709676,5.872770598068124,7994.558130032741,6743.9437544205875,1.1854425868828442,2.019914611041409,312.06774414472454,0.0,0.0,0.0,1.8080500934474446,7.286567164179105,0.9380952380952381,1358.224650540999,335,59.1156964302063
ring,100,3000000.0,11,4,exclude,launch,0,0.0,prior,0.0,sa,12600.0,43200,4635138.897100898,0,4325518.670306148,309620.2267947512,0,28,0.9116657179396851,38,9.606273130709676,5.882395595896915,7994.558130032741,6655.959948529613,1.201112715799746,2.043266709560929,326.5216281834265,0.0,0.0,0.0,1.4700117288726255,2.7301587301587302,0.680952380952381,2399.462317184603,504,52.41924810409546
ring,100,3000000.0,4,5,exclude,launch,0,0.0,prior,0.0,sa,12600.0,43200,603664.9291952518,0,524486.5945402823,79178.33465496953,0,0,0.0,0,9.592856903259294,5.880680367631922,8006.205221945124,6749.505151008076,1.1861914381603744,2.0155356260223316,309.39378231617053,0.0,0.021739130434782608,0.0,3.964877905226839,25.691176470588236,0.9070796460176991,1882.6541478679244,68,36.76680135726929
ring,100,3000000.0,5,5,exclude,launch,0,0.0,prior,0.0,sa,12600.0,43200,480540.88462861214,0,431994.0897299825,48546.79489862966,0,0,0.0,0,9.592856903259294,5.900826770605923,8006.205221945124,6730.41349812945,1.1895562173364607,2.0143520495143514,308.67302410618964,0.0,0.014285714285714285,0.0,3.194581287364137,19.542857142857144,0.9237668161434978,1588.2623464670826,105,41.00036096572876
ring,100,3000000.0,12,4,exclude,launch,0,0.0,prior,0.0,sa,12600.0,43200,8951759.115370002,0,8414304.656017294,537454.4593527074,0,61,0.9798385986359861,86,9.606273130709676,5.960242375793153,7994.558130032741,6441.211390078086,1.2411575472196736,2.0838119003487754,352.3944706012872,0.0,0.0,0.0,1.3561640490291709,1.5457627118644068,0.3719806763285024,3579.8920061525296,590,50.80480408668518
ring,100,3000000.0,6,5,exclude,launch,0,0.0,prior,0.0,sa,12600.0,43200,402550.3321573221,0,363687.7748997703,38862.55725755177,0,0,0.0,0,9.592856903259294,5.981838745610481,8006.205221945124,6640.947568928417,1.2055817545382315,2.0138412580711327,308.3622289701773,0.0,0.014705882352941176,0.0,2.677344876262106,16.086666666666666,0.9422222222222222,1345.6151312137783,150,47.27496385574341
ring,100,3000000.0,7,5,exclude,launch,0,0.0,prior,0.0,sa,12600.0,43200,356755.4330039414,0,324128.6124192029,32626.8205847384,0,0,0.0,0,9.592856903259294,5.972640597546907,8006.205221945124,6649.664430542747,1.2040013906824552,2.0142987140490707,308.6405643964795,0.0,0.007326007326007326,0.0,2.311681197041017,13.192118226600986,0.9641255605381166,1213.3300776075503,203,50.78421902656555
ring,100,3000000.0,4,6,exclude,launch,0,0.0,prior,0.0,sa,12600.0,43200,636732.9538135843,0,545672.4690508674,91060.48476271691,0,0,0.0,0,9.823992774551762,5.912036358540168,7809.995131568775,6712.211306788104,1.1635502481381172,2.0159848806037246,309.6675832846095,0.0,0.05434782608695652,0.0,3.97614589248077,26.073529411764707,0.9375,1851.4836609537888,68,35.40545868873596
ring,100,3000000.0,8,5,exclude,launch,0,0.0,prior,0.0,sa,12600.0,43200,343575.85633656493,0,311133.53918149567,32442.317155069297,0,0,0.0,0,9.592856903259294,5.95274723208457,8006.205221945124,6666.937196998932,1.200882052038686,2.015794153073665,309.5513284255933,0.0,0.005681818181818182,0.0,2.0336434717246883,10.642585551330798,0.9551569506726457,1161.0785873087075,263,55.74380874633789
ring,100,3000000.0,9,5,exclude,launch,0,0.0,prior,0.0,sa,12600.0,43200,393316.66922675754,0,349403.09379547427,43913.575431283316,0,0,0.0,0,9.592856903259294,5.893003790569853,8006.205221945124,6720.726019008379,1.191270883428516,2.0199335166933903,312.0793135423639,0.0,0.0,0.0,1.8005442176812951,7.565868263473054,0.9596412556053812,1305.2926895966882,334,56.33626341819763
ring,100,3000000.0,5,6,exclude,launch,0,0.0,prior,0.0,sa,12600.0,43200,483522.67944520543,0,433871.4195063149,49651.25993889056,0,0,0.0,0,9.823992774551762,5.933950016970486,7809.995131568775,6692.309965102637,1.1670103704542019,2.0145129120700043,308.77093462702817,0.0,0.014184397163120567,0.0,3.223130408999973,20.798076923076923,0.9419642857142857,1564.639227020428,104,40.18681812286377
ring,100,3000000.0,10,5,exclude,launch,0,0.0,prior,0.0,sa,12600.0,43200,930106.7839469411,0,840035.9219449324,90070.86200200867,0,4,0.482274255548765,4,9.592856903259294,5.869336800310956,8006.205221945124,6722.846734547982,1.1908950981735313,2.027438761040682,316.6891223066436,0.0,0.0036036036036036037,0.005405405405405406,1.619680831611129,4.773493975903614,0.8973214285714286,1664.316841371936,415,55.29791784286499
ring,100,3000000.0,11,5,exclude,launch,0,0.0,prior,0.0,sa,12600.0,43200,3213818.3238944258,0,2959570.661984478,254247.6619099477,0,18,0.8480323769701725,26,9.592856903259294,5.871212044642957,8006.205221945124,6661.127441158092,1.2019294470296427,2.045570625945617,327.96538015209273,0.0,0.0,0.0,1.475138783303247,2.8667992047713717,0.726457399103139,2284.5218510226055,503,52.30469465255737
ring,100,3000000.0,12,5,exclude,launch,0,0.0,prior,0.0,sa,12600.0,43200,8675940.15947062,0,8115385.394562515,560554.7649081044,0,54,0.9676758828639037,89,9.592856903259294,5.931057828854665,8006.205221945124,6450.517073164636,1.2411726271142578,2.0910446165008283,357.1135065586319,0.0,0.0,0.0,1.3598950094056517,1.5422297297297298,0.4080717488789238,3613.4760776064363,592,52.13506269454956
ring,100,3000000.0,6,6,exclude,launch,0,0.0,prior,0.0,sa,12600.0,43200,426402.78735665063,0,380360.2173519204,46042.570004730216,0,0,0.0,0,9.823992774551762,5.9495983776234524,7809.995131568775,6675.481847700601,1.1699522685780297,2.014279429769238,308.6288284959031,0.0,0.00980392156862745,0.0,2.675950089293237,16.153333333333332,0.968609865470852,1339.300727133985,150,53.19889163970947
ring,100,3000000.0,7,6,exclude,launch,0,0.0,prior,0.0,sa,12600.0,43200,378228.9915238242,0,344975.0684997641,33253.92302406012,0,0,0.0,0,9.823992774551762,5.97079512426405,7809.995131568775,6650.366630600165,1.1743706122355482,2.0147085483604164,308.89003143471086,0.0,0.01098901098901099,0.0,2.312330761341714,13.10344827586207,0.9551569506726457,1222.4106087602804,203,53.778876543045044
ring,100,3000000.0,8,6,exclude,launch,0,0.0,prior,0.0,sa,12600.0,43200,363752.59830318054,0,329084.6162251126,34667.98207806801,0,0,0.0,0,9.823992774551762,5.954990723160256,7809.995131568775,6662.673624123963,1.1722013672245075,2.016324179556366,309.874451385276,0.0,0.0056657223796034,0.0,2.028881928581735,10.58867924528302,0.9417040358744395,1183.446980715455,265,59.184490442276
ring,100,3000000.0,10,6,exclude,launch,0,0.0,prior,0.0,sa,12600.0,43200,645347.8780568934,0,538448.4264808473,106899.45157604612,0,0,0.0,5,9.823992774551762,5.80113640488345,7809.995131568775,6790.2795716098335,1.1501728388654826,2.030903341107872,318.828509612212,0.0,0.0,0.0,1.6263536546753332,4.305825242718447,0.8834080717488789,1857.5342228340405,412,52.428913831710815
ring,100,3000000.0,9,6,exclude,launch,0,0.0,prior,0.0,sa,12600.0,43200,414937.5616242114,0,369925.7509972132,45011.810626998165,0,0,0.0,0,9.823992774551762,5.910345252633396,7809.995131568775,6700.324728785514,1.1656144213452768,2.0201391483765025,312.2051646151008,0.0,0.0,0.0,1.8033257255288384,7.513432835820896,0.9506726457399103,1313.480485443283,335,58.54178547859192
ring,100,3000000.0,5,7,exclude,launch,0,0.0,prior,0.0,sa,12600.0,43200,460245.759919554,0,406513.6383723677,53732.12154718626,0,0,0.0,0,10.030939454464281,5.8803327844457725,7641.991446879142,6751.912625127125,1.1318261759548849,2.014936057716768,309.02856037609615,0.0,0.014084507042253521,0.0,3.2164648551356483,21.5188679245283,0.9141630901287554,1483.0083321750953,106,47.03332257270813
ring,100,3000000.0,11,6,exclude,launch,0,0.0,prior,0.0,sa,12600.0,43200,3824976.7868405343,0,3511333.8090734626,313642.9777670717,0,22,0.8319351779088139,34,9.823992774551762,5.8015131868893395,7809.995131568775,6719.7614856426335,1.1622429082126684,2.052082633347039,332.06336021713236,0.0,0.0,0.0,1.4759728877888048,2.367063492063492,0.7130044843049327,2771.209745068045,504,52.97560906410217
ring,100,3000000.0,12,6,exclude,launch,0,0.0,prior,0.0,sa,12600.0,43200,10248270.482818196,0,9511234.976369897,737035.5064482987,0,66,0.9862225017370436,91,9.823992774551762,5.95956145371583,7809.995131568775,6440.811769992811,1.212579316159319,2.084179295462882,352.6334234131174,0.0,0.0,0.0037688442211055275,1.3535131250231447,1.4463087248322148,0.3452914798206278,3833.0027268859635,596,51.38671612739563
ring,100,3000000.0,6,7,exclude,launch,0,0.0,prior,0.0,sa,12600.0,43200,384712.8335083306,0,343098.6004642442,41614.23304408642,0,0,0.0,0,10.030939454464281,5.974546518996053,7641.991446879142,6647.413195888784,1.1496188399429532,2.014338090261078,308.66452840634713,0.0,0.00980392156862745,0.0,2.6846639242424732,17.44,0.9307359307359307,1260.8314892976018,150,51.91614580154419
ring,100,3000000.0,7,7,exclude,launch,0,0.0,prior,0.0,sa,12600.0,43200,343942.389847401,0,310821.36962336797,33121.02022403299,0,0,0.0,0,10.030939454464281,5.978413561522219,7641.991446879142,6640.610164884639,1.150796576990738,2.015097418850587,309.12683092713735,0.0,0.007326007326007326,0.0,2.2860400359720847,13.620689655172415,0.9469026548672567,1163.4839970345952,203,54.38044309616089
ring,100,3000000.0,9,7,exclude,launch,0,0.0,prior,0.0,sa,12600.0,43200,387813.1023008254,0,341994.82362085,45818.2786799754,0,0,0.0,0,10.030939454464281,5.877546820432538,7641.991446879142,6735.62117060786,1.1345637252027174,2.0207669779187447,312.5895669628101,0.0,0.0,0.0,1.8016045653207982,7.7253731343283585,0.9344978165938864,1278.4472452128277,335,59.81768774986267
ring,100,3000000.0,8,7,exclude,launch,0,0.0,prior,0.0,sa,12600.0,43200,329792.039854728,0,297803.789976303,31988.249878424933,0,0,0.0,0,10.030939454464281,5.949858332894743,7641.991446879142,6667.393946161494,1.1461736787397627,2.0166347446240236,310.063861193026,0.0,0.002785515320334262,0.0,2.023797536539081,11.122222222222222,0.9391304347826087,1108.2487168895536,270,63.667131185531616
ring,100,3000000.0,10,7,exclude,launch,0,0.0,prior,0.0,sa,12600.0,43200,520736.02936023375,0,447252.7738232401,73483.25553699372,0,0,0.0,0,10.030939454464281,5.79431090447938,7641.991446879142,6795.711621034362,1.1245314505732322,2.0316703917179217,319.30313914422305,0.0,0.0,0.0,1.6251989111444767,4.790243902439024,0.9066666666666666,1651.6271554502005,410,58.14739537239075
ring,100,3000000.0,4,8,exclude,launch,0,0.0,prior,0.0,sa,12600.0,43200,566329.9904056144,0,496086.4926153299,70243.4977902845,0,0,0.0,0,9.715024997410776,5.947560605347597,7901.334104096977,6672.211760572569,1.184215128001113,2.015957116143926,309.6506585530447,0.0,0.043478260869565216,0.0,3.984600425885234,28.582089552238806,0.9301075268817204,1725.6894960797597,67,40.40141677856445
ring,100,3000000.0,11,7,exclude,launch,0,0.0,prior,0.0,sa,12600.0,43200,2860431.168236742,0,2623054.702040642,237376.4661960999,0,18,0.7927112907999742,32,10.030939454464281,5.794512940715761,7641.991446879142,6710.960684838172,1.138732858939915,2.0572560838367755,335.3371280429624,0.0,0.0,0.004477611940298508,1.4730782306684416,2.5288270377733597,0.7149122807017544,2597.17732928549,503,51.69770908355713
ring,100,3000000.0,5,8,exclude,launch,0,0.0,prior,0.0,sa,12600.0,43200,444901.41294250096,0,400654.88156889763,44246.53137360331,0,0,0.0,0,9.715024997410776,5.917315392613104,7901.334104096977,6710.19251521172,1.177512282424832,2.014792330388447,308.9410421445646,0.0,0.02097902097902098,0.006993006993006993,3.20668956978734,22.69811320754717,0.9411764705882353,1411.2761469724624,106,46.40678286552429
ring,100,3000000.0,12,7,exclude,launch,0,0.0,prior,0.0,sa,12600.0,43200,9172504.037987094,0,8600038.07195146,572465.9660356347,0,60,0.9817025148360676,90,10.030939454464281,5.973146435507034,7641.991446879142,6439.328700609068,1.186768342196341,2.079918082108876,349.86691921971385,0.0,0.0,0.0037831021437578815,1.3596347575384105,1.6184873949579832,0.34934497816593885,3429.8207239435314,595,53.42846488952637
ring,100,3000000.0,6,8,exclude,launch,0,0.0,prior,0.0,sa,12600.0,43200,402545.21998840093,0,365062.4182279561,37482.80176044484,0,0,0.0,0,9.715024997410776,5.884375447837862,7901.334104096977,6747.324645330559,1.1710321526569858,2.0149209185003407,309.0193412428726,0.0,0.00980392156862745,0.0,2.6292932778427307,16.453333333333333,0.9722222222222222,1285.114673566581,150,52.117480516433716
ring,100,3000000.0,7,8,exclude,launch,0,0.0,prior,0.0,sa,12600.0,43200,352859.4081551149,0,322171.6739348759,30687.734220239046,0,0,0.0,0,9.715024997410776,5.920367740347074,7901.334104096977,6704.826219065753,1.1784547199193396,2.0153653036850416,309.290009978225,0.0,0.010714285714285714,0.0,2.2696857440044464,13.547619047619047,0.9456521739130435,1161.8476990745123,210,60.947500228881836
ring,100,3000000.0,8,8,exclude,launch,0,0.0,prior,0.0,sa,12600.0,43200,336609.7973797723,0,311085.93743208545,25523.859947686833,0,0,0.0,0,9.715024997410776,5.9292113818209895,7901.334104096977,6690.427411459103,1.180990931993953,2.0166902110082185,310.09769554798095,0.0,0.008333333333333333,0.0,2.017996213535386,10.911111111111111,0.9619565217391305,1124.8115751117446,270,62.206695795059204
ring,100,3000000.0,10,8,exclude,launch,0,0.0,prior,0.0,sa,12600.0,43200,524876.0156409147,0,463671.09904965723,61204.91659125746,0,0,0.0,3,9.715024997410776,5.796365503938575,7901.334104096977,6793.37995954358,1.1630932100297002,2.031647312899118,319.2888534635913,0.0,0.0018018018018018018,0.0,1.6222166568930514,4.8265060240963855,0.9175824175824175,1646.5027603858844,415,56.260393381118774
ring,100,3000000.0,9,8,exclude,launch,0,0.0,prior,0.0,sa,12600.0,43200,363917.6328947284,0,335147.5994692106,28770.033425517777,0,0,0.0,0,9.715024997410776,5.900147926795926,7901.334104096977,6711.615962497103,1.177262547238658,2.0202261503454704,312.2584193546214,0.0,0.0,0.0,1.804168884621999,8.08358208955224,0.9558011049723757,1220.6731211164927,335,61.13900637626648
ring,100,3000000.0,4,9,exclude,launch,0,0.0,prior,0.0,sa,12600.0,43200,651391.8345041233,0,570253.8293166789,81138.00518744437,0,0,0.0,0,9.612121485287513,5.9135218394028195,7989.491146408152,6711.547556408758,1.190409675154444,2.0156777880892385,309.4804107653545,0.0,0.043478260869565216,0.0,3.968467187713612,24.88235294117647,0.95,1945.5586836092855,68,35.236857891082764
ring,100,3000000.0,5,9,exclude,launch,0,0.0,prior,0.0,sa,12600.0,43200,512677.020463045,0,453125.2202021552,59551.800260889795,0,0,0.0,0,9.612121485287513,5.877154487661566,7989.491146408152,6756.9891351787965,1.1824040244215581,2.01451107632161,308.7698171937695,0.0,0.02127659574468085,0.0,3.2100475612252675,19.80188679245283,0.9340659340659341,1610.1727615383043,106,39.37509775161743
ring,100,3000000.0,11,8,exclude,launch,0,0.0,prior,0.0,sa,12600.0,43200,2165026.8121567373,0,2010305.457946614,154721.35421012357,0,12,0.6999000126487441,23,9.715024997410776,5.809729043421713,7901.334104096977,6683.471544194158,1.1822200561264842,2.0603073204143714,337.2754841172912,0.0,0.0,0.0,1.468191657382103,2.6341948310139167,0.7679558011049724,2496.4366217049856,503,52.70447039604187
ring,100,3000000.0,12,8,exclude,launch,0,0.0,prior,0.0,sa,12600.0,43200,8532891.570725258,0,8041105.191449208,491786.3792760491,0,57,0.9802967889275601,89,9.715024997410776,5.981285086274842,7901.334104096977,6422.605803667861,1.2302380600074558,2.0824961965171553,351.5394046422323,0.0,0.0,0.0012610340479192938,1.3562680156125158,1.8279932546374367,0.35359116022099446,3037.9016526861947,593,54.10407471656799
ring,100,3000000.0,6,9,exclude,launch,0,0.0,prior,0.0,sa,12600.0,43200,428003.0139658508,0,379990.93206916173,48012.08189668908,0,0,0.0,0,9.612121485287513,5.894830094574962,7989.491146408152,6737.225884516729,1.185872536167941,2.0143623076722807,308.6792673678703,0.0,0.0196078431372549,0.0,2.6455783676130418,15.94,0.9662921348314607,1341.329753149974,150,49.384565353393555
ring,100,3000000.0,7,9,exclude,launch,0,0.0,prior,0.0,sa,12600.0,43200,370509.4523590502,0,337791.39547526615,32718.05688378408,0,0,0.0,0,9.612121485287513,5.935528409030921,7989.491146408152,6690.100172879691,1.1942259368246726,2.0146424396150886,308.8497840804175,0.0,0.003663003663003663,0.0,2.302383941080615,13.206896551724139,0.9661016949152542,1209.1312942440488,203,56.140387773513794
ring,100,3000000.0,8,9,exclude,launch,0,0.0,prior,0.0,sa,12600.0,43200,357270.386166387,0,326598.0288593275,30672.35730705948,0,0,0.0,0,9.612121485287513,5.9481942304765205,7989.491146408152,6671.293786141395,1.1975924614510478,2.016019735915501,309.6888311309414,0.0,0.002793296089385475,0.0,2.0264170059164632,10.628252788104088,0.9662921348314607,1167.0249283802843,269,58.69908928871155
ring,100,3000000.0,4,10,exclude,launch,0,0.0,prior,0.0,sa,12600.0,43200,643681.7383148245,0,554728.484343272,88953.25397155242,0,0,0.0,0,9.620094972279858,5.931403746691089,7982.5928847049145,6690.782027313767,1.1930732240443032,2.015837955768146,309.5780257137616,0.0,0.021739130434782608,0.0,3.9983506785237886,25.0,0.905829596412556,1948.2272070306515,68,36.19101428985596
ring,100,3000000.0,9,9,exclude,launch,0,0.0,prior,0.0,sa,12600.0,43200,403307.536162033,0,370320.82010444364,32986.71605758933,0,0,0.0,0,9.612121485287513,5.886579599806768,7989.491146408152,6728.727317470107,1.1873703256876922,2.019733352314573,311.9568329468151,0.0,0.006666666666666667,0.0,1.80926037675014,7.450746268656716,0.9719101123595506,1328.0058184864351,335,56.59791350364685
ring,100,3000000.0,5,10,exclude,launch,0,0.0,prior,0.0,sa,12600.0,43200,524565.2814403126,0,450956.2613901154,73609.02005019723,0,0,0.0,0,9.620094972279858,5.935850852518527,7982.5928847049145,6690.572046174776,1.1931106682079344,2.0143909203258623,308.69668177186486,0.0,0.02142857142857143,0.0,3.238851297351631,19.714285714285715,0.9078341013824884,1607.2928734652432,105,40.055984020233154
ring,100,3000000.0,11,9,exclude,launch,0,0.0,prior,0.0,sa,12600.0,43200,3467997.589903101,0,3264067.320208714,203930.26969438736,0,21,0.8605902914230489,31,9.612121485287513,5.847096636118553,7989.491146408152,6680.78949768602,1.1958902685341932,2.047962157668164,329.467405171354,0.0,0.0,0.0014903129657228018,1.4729533421759329,2.729083665338645,0.7528089887640449,2412.976326631578,502,50.76907253265381
ring,100,3000000.0,10,9,exclude,launch,0,0.0,prior,0.0,sa,12600.0,43200,788539.3382974695,0,714830.8172466198,73708.52105084974,0,3,0.29328009594144155,7,9.612121485287513,5.779025293450672,7989.491146408152,6817.161426945739,1.1719674283828199,2.0306347489788306,318.6623957407971,0.0,0.0018083182640144665,0.0018083182640144665,1.6230769490118637,4.380145278450363,0.9101123595505618,1818.8631896253967,413,53.79488205909729
ring,100,3000000.0,12,9,exclude,launch,0,0.0,prior,0.0,sa,12600.0,43200,8480220.945166094,0,8007250.454924897,472970.490241196,0,56,0.9726821283746525,89,9.612121485287513,5.92751264683253,7989.491146408152,6448.7219097329,1.2389262955113334,2.092877690800684,358.3144941149504,0.0,0.0,0.0,1.357705961107505,1.5042301184433164,0.4293785310734463,3698.3210877741217,591,50.123331785202026
ring,100,3000000.0,6,10,exclude,launch,0,0.0,prior,0.0,sa,12600.0,43200,452992.8989873735,0,392051.10919426434,60941.789793109165,0,0,0.0,0,9.620094972279858,5.950269134912437,7982.5928847049145,6674.773568473096,1.1959346340090142,2.014266082482662,308.62070582241796,0.0,0.00980392156862745,0.0,2.6831968166149776,15.773333333333333,0.9311926605504587,1379.8575266910836,150,50.891361474990845
ring,100,3000000.0,7,10,exclude,launch,0,0.0,prior,0.0,sa,12600.0,43200,373182.1510687826,0,338438.66655999125,34743.48450879139,0,0,0.0,0,9.620094972279858,6.02960562823745,7982.5928847049145,6586.172325059771,1.2120230827140515,2.0145033301155175,308.7651020446426,0.0,0.007326007326007326,0.0,2.3026586570941534,13.10344827586207,0.92018779342723,1220.5948482867675,203,53.97329592704773
ring,100,3000000.0,8,10,exclude,launch,0,0.0,prior,0.0,sa,12600.0,43200,379316.66526292934,0,340305.68876319774,39010.97649973165,0,0,0.0,0,9.620094972279858,5.9517384401245925,7982.5928847049145,6666.7626111116315,1.1973717005312536,2.0161886183683277,309.7917924303991,0.0,0.0028328611898017,0.0,2.0310799653454765,10.18939393939394,0.9124423963133641,1236.267757715014,264,57.33445143699646
ring,100,3000000.0,9,10,exclude,launch,0,0.0,prior,0.0,sa,12600.0,43200,441012.28030336887,0,389731.596983699,51280.68331966982,0,0,0.0,0,9.620094972279858,5.89330052530228,7982.5928847049145,6719.870114346804,1.1879088061035912,2.0200890750403566,312.1745163050069,0.0,0.0022222222222222222,0.0,1.808903150196097,7.050898203592815,0.9488372093023256,1400.4183558470534,334,58.32812166213989
ring,100,3000000.0,4,11,exclude,launch,0,0.0,prior,0.0,sa,12600.0,43200,669412.8363954377,0,581093.8346234687,88319.00177196902,0,0,0.0,0,9.638544333728813,5.9402286466423435,7966.675177293168,6683.634071251422,1.1919675871485158,2.0149958726322996,309.0649864381809,0.0,0.02197802197802198,0.0,4.040177498880146,26.46268656716418,0.9436619718309859,1888.7502241572472,67,37.57838225364685
ring,100,3000000.0,10,10,exclude,launch,0,0.0,prior,0.0,sa,12600.0,43200,968249.2343690936,0,848555.354274465,119693.88009462865,0,3,0.36188759466668413,11,9.620094972279858,5.747008337313137,7982.5928847049145,6852.183226928499,1.1649707283561832,2.0315110660691658,319.20452382694407,0.0,0.0,0.005454545454545455,1.627331874373433,4.068292682926829,0.8497652582159625,1963.9776925404815,410,49.344878911972046
ring,100,3000000.0,5,11,exclude,launch,0,0.0,prior,0.0,sa,12600.0,43200,547636.4532368921,0,486572.21785230585,61064.23538458632,0,0,0.0,0,9.638544333728813,5.924091459772488,7966.675177293168,6705.986088675768,1.1879945875143247,2.0137501418519075,308.3068050314288,0.0,0.014285714285714285,0.0,3.215034202080726,19.866666666666667,0.9423076923076923,1578.4791574617595,105,39.60414981842041
ring,100,3000000.0,11,10,exclude,launch,0,0.0,prior,0.0,sa,12600.0,43200,3955598.5918931807,0,3619739.5983686876,335858.99352449295,0,27,0.8718964918569192,41,9.620094972279858,5.849537107783433,7982.5928847049145,6679.541666111444,1.1950809327538867,2.0474901604620976,329.17069087947345,0.0,0.0,0.0,1.4685098497438938,2.460159362549801,0.6854460093896714,2665.905210804358,502,49.36586809158325
ring,100,3000000.0,12,10,exclude,launch,0,0.0,prior,0.0,sa,12600.0,43200,8420391.90219042,0,7773785.490883427,646606.4113069933,0,54,0.9689241672215687,89,9.620094972279858,5.945713364933206,7982.5928847049145,6427.617533172712,1.2419209518156655,2.0933217778303526,358.605752963437,0.0,0.0,0.0012578616352201257,1.3552909450881674,1.5311973018549747,0.42990654205607476,3629.682786486393,593,52.47225522994995
ring,100,3000000.0,6,11,exclude,launch,0,0.0,prior,0.0,sa,12600.0,43200,452622.1486294622,0,405596.99504758685,47025.15358187529,0,0,0.0,0,9.638544333728813,6.003431377888218,7966.675177293168,6618.85771148437,1.203632941598095,2.01329488990151,308.0299601701539,0.0,0.014705882352941176,0.0,2.6821603619587377,16.198675496688743,0.9571428571428572,1372.3663651358258,151,47.83419919013977
ring,100,3000000.0,7,11,exclude,launch,0,0.0,prior,0.0,sa,12600.0,43200,389136.34247712715,0,359408.94456306286,29727.39791406429,0,0,0.0,0,9.638544333728813,6.001230877113714,7966.675177293168,6619.822410345049,1.2034575375984922,2.0137396119635858,308.3004002592245,0.0,0.003663003663003663,0.0,2.310975366529293,13.389162561576354,0.9423076923076923,1197.1396130261967,203,53.090092420578
ring,100,3000000.0,8,11,exclude,launch,0,0.0,prior,0.0,sa,12600.0,43200,405217.70448953996,0,359352.6035702119,45865.10091932806,0,0,0.0,0,9.638544333728813,6.015808421533956,7966.675177293168,6599.559016605303,1.2071526532678976,2.015027941846733,309.0845168188846,0.0,0.005649717514124294,0.0,2.0294896765016013,10.31578947368421,0.9234449760765551,1214.761933480501,266,57.190980672836304
ring,100,3000000.0,4,12,exclude,launch,0,0.0,prior,0.0,sa,12600.0,43200,630743.5241573612,0,545663.709997892,85079.81415946921,0,0,0.0,0,9.59124219396605,5.863717470507654,8007.609203841761,6766.8108377144745,1.18336530987563,2.016196767489709,309.79676107696025,0.0,0.03260869565217391,0.0,4.021254987929876,25.691176470588236,0.9128440366972477,1907.0543211156735,68,34.0399215221405
ring,100,3000000.0,10,11,exclude,launch,0,0.0,prior,0.0,sa,12600.0,43200,823556.0761562372,0,732345.5932177355,91210.4829385017,0,2,0.31098548960046785,4,9.638544333728813,5.843562225108588,7966.675177293168,6752.399131960382,1.179828831442352,2.0274689349585313,316.7077236914456,0.0,0.0,0.0,1.625747758563931,4.601941747572815,0.8894230769230769,1738.077646408961,412,55.142534017562866
ring,100,3000000.0,9,11,exclude,launch,0,0.0,prior,0.0,sa,12600.0,43200,433155.85645786347,0,392217.7105327405,40938.145925122975,0,0,0.0,0,9.638544333728813,5.953566255693781,7966.675177293168,6657.232477604565,1.1966947532767809,2.01845500483574,311.17517906249026,0.0,0.0,0.0,1.802302622618247,7.452095808383233,0.9375,1324.0992467410001,334,60.455073833465576
ring,100,3000000.0,11,11,exclude,launch,0,0.0,prior,0.0,sa,12600.0,43200,3143384.2341584554,0,2920372.4976668786,223011.7364915767,0,18,0.7845353562725429,35,9.638544333728813,5.843970593515637,7966.675177293168,6683.751485958605,1.1919466476319118,2.048149583039587,329.5852645278179,0.0,0.0,0.0029806259314456036,1.47500098294512,2.4563492063492065,0.7259615384615384,2660.734657638157,504,49.58639454841614
ring,100,3000000.0,5,12,exclude,launch,0,0.0,prior,0.0,sa,12600.0,43200,480537.0018599134,0,428940.6608837639,51596.34097614947,0,0,0.0,0,9.59124219396605,5.863329511894822,8007.609203841761,6770.999008228247,1.1826333446675685,2.015082981254198,309.118037649573,0.0,0.014184397163120567,0.0,3.1978728447803126,20.60377358490566,0.9162790697674419,1539.9811736726438,106,42.21709585189819
ring,100,3000000.0,12,11,exclude,launch,0,0.0,prior,0.0,sa,12600.0,43200,9539352.943534473,0,8984677.574990446,554675.3685440271,0,59,0.9749886800992783,93,9.638544333728813,5.953337146978627,7966.675177293168,6438.464498669953,1.2373563881479677,2.0871189611497094,354.5482907073672,0.0,0.0,0.0,1.3575966718417796,1.4324324324324325,0.3864734299516908,3865.0693075937684,592,49.974942684173584
ring,100,3000000.0,6,12,exclude,launch,0,0.0,prior,0.0,sa,12600.0,43200,414464.4531300358,0,377042.0871848139,37422.3659452218,0,0,0.0,0,9.59124219396605,5.863202130780348,8007.609203841761,6771.77881707491,1.1824971577114611,2.0148947066717176,309.0033796890814,0.0,0.004901960784313725,0.0,2.6670314536563877,16.12,0.9392523364485982,1335.5282600180137,150,50.603116512298584
ring,100,3000000.0,7,12,exclude,launch,0,0.0,prior,0.0,sa,12600.0,43200,371400.3326810688,0,331593.2378188431,39807.094862225706,0,0,0.0,0,9.59124219396605,5.8475866893710995,8007.609203841761,6787.600112842083,1.1797408613821299,2.015566214212643,309.4124206350601,0.0,0.003663003663003663,0.0,2.3022219384758684,13.241379310344827,0.9476190476190476,1205.8480673078896,203,54.62001132965088
ring,100,3000000.0,8,12,exclude,launch,0,0.0,prior,0.0,sa,12600.0,43200,349379.8047756861,0,319248.8249404983,30130.979835187907,0,0,0.0,0,9.59124219396605,5.884672409493597,8007.609203841761,6739.71800030036,1.188122292874108,2.0170932229420386,310.3435872463871,0.0,0.0,0.0,2.0227311466359224,10.555555555555555,0.9345794392523364,1169.4862226041212,270,58.857401609420776
ring,100,3000000.0,9,12,exclude,launch,0,0.0,prior,0.0,sa,12600.0,43200,399758.4868661045,0,362579.33035350987,37179.156512594585,0,0,0.0,0,9.59124219396605,5.869908311290437,8007.609203841761,6743.211974663168,1.1875066709943893,2.021118872458934,312.80512550754145,0.0,0.0,0.0,1.8009986811166543,7.544910179640719,0.9428571428571428,1304.1530017486764,334,59.089996576309204
ring,100,3000000.0,11,12,exclude,launch,0,0.0,prior,0.0,sa,12600.0,43200,3210186.972722666,0,2940618.1504150922,269568.8223075735,0,19,0.8330434213245793,30,9.59124219396605,5.8467411390795245,8007.609203841761,6675.2229873622355,1.1996017539791624,2.0497945914133577,330.6206052482216,0.0,0.0,0.0,1.4736835981700005,2.7335984095427435,0.7203791469194313,2405.9343032867964,503,51.75834274291992
ring,100,3000000.0,10,12,exclude,launch,0,0.0,prior,0.0,sa,12600.0,43200,800471.4326316346,0,723342.4396962132,77128.99293542134,0,3,0.3649904561499703,4,9.59124219396605,5.8272390470338005,8007.609203841761,6764.124885240531,1.1838352099788312,2.0296237463182063,318.03751769470136,0.0,0.0018083182640144665,0.0,1.6267185124548318,4.721549636803874,0.909952606635071,1690.9511998088392,413,56.09177088737488
core,100,1500000.0,2,1,exclude,launch,0,0.0,prior,0.0,sa,12600.0,43200,546604.9330009794,0,494941.33007906756,51663.60292191182,0,0,0.0,0,5.478029860560422,37.408007191025895,6968.561876837692,528.8324443930002,13.177258601892865,2.0219821934733737,313.3342811329946,0.0,0.10869565217391304,0.0,3.940324923746806,61.85294117647059,0.918918918918919,1569.759026249358,34,44.27346968650818
ring,100,3000000.0,12,12,exclude,launch,0,0.0,prior,0.0,sa,12600.0,43200,8729413.227899285,0,8170618.440168382,558794.7877309034,0,57,0.9677976997178143,88,9.59124219396605,5.9238660236460845,8007.609203841761,6424.479706161219,1.2464214333438217,2.1020681774003913,364.36628029158624,0.0,0.0,0.0012531328320802004,1.3518032517500889,1.587248322147651,0.41232227488151657,3484.8220034234955,596,54.13007640838623
core,100,1500000.0,3,1,exclude,launch,0,0.0,prior,0.0,sa,12600.0,43200,346780.52705221775,0,317733.39436268323,29047.13268953454,0,0,0.0,0,5.478029860560422,41.64913149720699,6968.561876837692,476.67619259015123,14.619068426665267,2.014793680344417,308.94186410008996,0.0,0.10891089108910891,0.0,2.6779523320516794,45.027027027027025,0.9728260869565217,977.8380481531284,74,75.36074995994568
core,100,1500000.0,4,1,exclude,launch,0,0.0,prior,0.0,sa,12600.0,43200,252961.1356823919,0,239915.77488722123,13045.360795170714,0,0,0.0,0,5.478029860560422,37.7669305370489,6968.561876837692,526.5889179788782,13.233400170258056,2.01129876376236,306.8175568761833,0.0,0.07303370786516854,0.0,2.02869339725329,33.68421052631579,0.9726775956284153,741.6181928238433,133,92.76174259185791
core,100,1500000.0,3,2,exclude,launch,0,0.0,prior,0.0,sa,12600.0,43200,345737.1271840031,0,315332.3508144922,30404.776369510942,0,0,0.0,0,6.024642709207431,33.00429408750746,6306.0645414764385,601.3985991370579,10.485665497932587,2.0152416525177994,309.2146839021215,0.0,0.049019607843137254,0.0,2.676433327086772,45.06666666666667,0.9414414414414415,975.3723295827323,75,76.65532636642456
core,100,1500000.0,5,1,exclude,launch,0,0.0,prior,0.0,sa,12600.0,43200,202363.90973009885,0,191711.50155664966,10652.408173449192,0,0,0.0,0,5.478029860560422,33.93157559338566,6968.561876837692,586.7043340437885,11.877467870073028,2.0092624526091374,305.58320947398323,0.0,0.03260869565217391,0.0,1.6261709178476942,27.237864077669904,0.9726775956284153,585.1120995682874,206,120.7957329750061
core,100,1500000.0,6,1,exclude,launch,0,0.0,prior,0.0,sa,12600.0,43200,372005.9793545083,0,358449.8017447255,13556.17760978282,0,1,0.5553563633689098,1,5.478029860560422,34.99632473268446,6968.561876837692,569.2874729801794,12.240848793594152,2.0077328563117085,304.65765290704644,0.0,0.01256281407035176,0.0,1.3517994267650504,21.35016835016835,0.9781420765027322,518.9344764914954,297,118.24503493309021
core,100,1500000.0,4,2,exclude,launch,0,0.0,prior,0.0,sa,12600.0,43200,258883.35600977196,0,236622.39553091195,22260.960478860026,0,0,0.0,0,6.024642709207431,32.554058065944375,6306.0645414764385,610.8199735416944,10.323933097524993,2.0116000034140153,307.0003700721709,0.0,0.061452513966480445,0.0,2.020952113847643,33.88721804511278,0.9547511312217195,733.1827841161369,133,98.39626669883728
core,100,1500000.0,7,1,exclude,launch,0,0.0,prior,0.0,sa,12600.0,43200,352346.6166025468,0,339638.6045347866,12708.01206776024,0,1,0.5863427605404099,1,5.478029860560422,34.563392306471144,6968.561876837692,576.7027540397454,12.083455173438326,2.006742299726553,304.05901741761244,0.0,0.011090573012939002,0.0,1.1592720950422162,17.945812807881772,0.9672131147540983,451.6920095725487,406,131.53292965888977
core,100,1500000.0,5,2,exclude,launch,0,0.0,prior,0.0,sa,12600.0,43200,201111.2342440883,0,190487.90285518407,10623.331388904226,0,0,0.0,0,6.024642709207431,33.00973504544428,6306.0645414764385,603.0128516454023,10.457595595631979,2.0095156128807,305.7365317949686,0.0,0.021660649819494584,0.0,1.6239049073462426,27.342995169082126,0.9638009049773756,582.5261873041912,207,123.28354382514954
core,100,1500000.0,2,3,exclude,launch,0,0.0,prior,0.0,sa,12600.0,43200,545179.275639331,0,476172.5671776518,69006.70846167926,0,0,0.0,0,4.940884818166719,39.23629444894666,7762.382610686937,504.67380045071826,15.380989866631564,2.020045942560895,312.1481174804835,0.0,0.10869565217391304,0.0,3.977413387942725,60.26470588235294,0.9292452830188679,1622.8573158453014,34,43.698421478271484
core,100,1500000.0,8,1,exclude,launch,0,0.0,prior,0.0,sa,12600.0,43200,331125.72938901174,0,320390.040516644,10735.688872367773,0,1,0.6239197667514951,1,5.478029860560422,34.38765936712312,6968.561876837692,579.8626741166082,12.017607250637312,2.006005970116219,303.61440357284243,0.0,0.00847457627118644,0.0,1.014282399260924,15.813207547169812,0.9781420765027322,390.0832912263178,530,156.6298267841339
core,100,1500000.0,7,2,exclude,launch,0,0.0,prior,0.0,sa,12600.0,43200,376066.0418077924,0,356991.3027738629,19074.739033929494,0,1,0.6204158217811376,1,6.024642709207431,29.09652642019298,6306.0645414764385,684.9419998423831,9.206713185828248,2.007081687201538,304.2640574090087,0.0,0.0073937153419593345,0.0,1.1566628720161602,17.960591133004925,0.9547511312217195,451.4924274113431,406,131.88753604888916
core,100,1500000.0,6,2,exclude,launch,0,0.0,prior,0.0,sa,12600.0,43200,167793.9089854072,0,160235.95808147857,7557.95090392862,0,0,0.0,0,6.024642709207431,29.650056082694498,6306.0645414764385,671.7926758767558,9.386920649657876,2.0081641395298293,304.9184796701762,0.0,0.027707808564231738,0.0,1.3601624935725884,22.552188552188554,0.9547511312217195,492.35024343173166,297,142.56252646446228
core,100,1500000.0,3,3,exclude,launch,0,0.0,prior,0.0,sa,12600.0,43200,381467.2583803204,0,346368.61470959923,35098.64367072115,0,0,0.0,0,4.940884818166719,38.00836009560564,7762.382610686937,522.622447566973,14.852753927474964,2.01369086457793,308.2707506786254,0.0,0.06862745098039216,0.0,2.6707193027897174,39.24,0.9571428571428572,1110.5115466671198,75,65.54931449890137
core,100,1500000.0,9,1,exclude,launch,0,0.0,prior,0.0,sa,12600.0,43200,313899.182282565,0,304263.79811366735,9635.384168897639,0,1,0.658160006482073,1,5.478029860560422,34.72005137526204,6968.561876837692,574.4803515944774,12.130200549934147,2.005415894203752,303.2583360952593,0.0,0.0011148272017837235,0.0,0.8979454089607768,14.330860534124628,0.978021978021978,338.7372016301639,674,175.09989142417908
core,100,1500000.0,2,4,exclude,launch,0,0.0,prior,0.0,sa,12600.0,43200,592463.2312164173,0,503265.2370181726,89197.99419824465,0,0,0.0,0,5.351491471317767,35.64703756100239,7141.218427495743,555.2201998932676,12.861957163785702,2.021023155763176,312.7464853813784,0.0,0.13043478260869565,0.0,3.9702417198106903,60.05882352941177,0.9023255813953488,1627.6160430091647,34,42.673060178756714
core,100,1500000.0,8,2,exclude,launch,0,0.0,prior,0.0,sa,12600.0,43200,356946.29766162887,0,339126.3976205639,17819.900041064902,0,1,0.6536482487719617,1,6.024642709207431,28.37899649126475,6306.0645414764385,702.515477974206,8.976406554999741,2.006351679608037,303.82311091497496,0.0,0.0014144271570014145,0.0,1.010475160888635,15.651600753295668,0.9631336405529954,392.17146213797884,531,151.38623237609863
core,100,1500000.0,4,3,exclude,launch,0,0.0,prior,0.0,sa,12600.0,43200,250161.26392979766,0,231961.3327669647,18199.931162832967,0,0,0.0,0,4.940884818166719,35.9080530646641,7762.382610686937,554.0938932096665,14.009146655131406,2.0104106178465715,306.2788849971273,0.0,0.06741573033707865,0.0,2.0251864845637013,33.090225563909776,0.9760765550239234,754.4171768177087,133,91.545006275177
core,100,1500000.0,3,4,exclude,launch,0,0.0,prior,0.0,sa,12600.0,43200,347984.00557919306,0,316724.02061693434,31259.984962258743,0,0,0.0,0,5.351491471317767,35.91923977450442,7141.218427495743,552.8906949015177,12.916148695119123,2.0141581785554745,308.5550433392875,0.0,0.08823529411764706,0.0,2.6789973752873593,43.306666666666665,0.9439252336448598,1012.3063391092444,75,69.68162894248962
core,100,1500000.0,9,2,exclude,launch,0,0.0,prior,0.0,sa,12600.0,43200,343133.6824041849,0,326229.2750730937,16904.407331091155,0,1,0.6799604187423665,1,6.024642709207431,28.452669171437112,6306.0645414764385,700.9066663829282,8.997010363761087,2.0057499336139983,303.4598786893686,0.0,0.0011135857461024498,0.0,0.8980561098739525,13.826666666666666,0.9634703196347032,350.56231404498715,675,167.82820749282837
core,100,1500000.0,5,3,exclude,launch,0,0.0,prior,0.0,sa,12600.0,43200,197676.8014494455,0,184860.30630466904,12816.495144776489,0,0,0.0,1,4.940884818166719,34.43458372098028,7762.382610686937,578.3556099524079,13.421470246178979,2.0084924411633978,305.11710116511273,0.0,0.04710144927536232,0.0,1.6300283290472692,27.66990291262136,0.9807692307692307,577.8579792041162,206,119.8293867111206
core,100,1500000.0,6,3,exclude,launch,0,0.0,prior,0.0,sa,12600.0,43200,286071.90036392544,0,259407.28044337837,26664.61992054704,0,1,0.3949568883625822,1,4.940884818166719,31.917975094338864,7762.382610686937,624.350317902472,12.432735898597679,2.0072262254762037,304.35140078611204,0.0,0.017369727047146403,0.0,1.3408320314168027,20.209302325581394,0.9468599033816425,537.3521379351652,301,111.70570230484009
core,100,1500000.0,4,4,exclude,launch,0,0.0,prior,0.0,sa,12600.0,43200,250836.231756211,0,234350.6857766027,16485.54597960828,0,0,0.0,0,5.351491471317767,34.2163599810343,7141.218427495743,581.3761158011422,12.283302037021372,2.0108005665706528,306.5153356138657,0.0,0.0335195530726257,0.0,2.022247789338214,33.17164179104478,0.9436619718309859,749.1749228331478,134,94.33738160133362
core,100,1500000.0,2,5,exclude,launch,0,0.0,prior,0.0,sa,12600.0,43200,548309.762394883,0,472758.7954801195,75550.96691476353,0,0,0.0,0,5.774317772611485,32.72516327255697,6593.891938148332,604.8577042424195,10.901558981392393,2.02080753497209,312.6144070367383,0.0,0.10869565217391304,0.0,3.974032784162733,61.23529411764706,0.9247787610619469,1596.721240552968,34,41.65259027481079
core,100,1500000.0,7,3,exclude,launch,0,0.0,prior,0.0,sa,12600.0,43200,251552.36574511227,0,226454.67639567956,25097.689349432723,0,1,0.4491640965521292,1,4.940884818166719,33.1416957876672,7762.382610686937,601.5883776540514,12.9031459034449,2.0062535925996277,303.7638877858973,0.0,0.00927643784786642,0.0,1.1642344540567664,18.306930693069308,0.9468599033816425,442.86875944266495,404,134.26431250572205
core,100,1500000.0,10,2,exclude,launch,0,0.0,prior,0.0,sa,12600.0,43200,330402.7018027589,0,313790.2448099735,16612.456992785428,0,1,0.70616045540525,1,6.024642709207431,27.961234056393643,6306.0645414764385,713.3792605601504,8.839708259145173,2.005317653677656,303.19907543878395,0.0,0.0,0.0,0.8050998933869864,12.511961722488039,0.9545454545454546,313.07949960539486,836,197.63859009742737
core,100,1500000.0,5,4,exclude,launch,0,0.0,prior,0.0,sa,12600.0,43200,196724.12608450823,0,186356.0293292368,10368.09675527142,0,0,0.0,0,5.351491471317767,27.690194837799513,7141.218427495743,719.055270045401,9.931390151754048,2.008961926246602,305.401250584576,0.0,0.036231884057971016,0.0,1.6284665726360859,26.650485436893202,0.9428571428571428,599.5600662602437,206,115.81434750556946
core,100,1500000.0,6,4,exclude,launch,0,0.0,prior,0.0,sa,12600.0,43200,351485.91753893706,0,327446.02221730625,24039.89532163078,0,1,0.5251041780365354,1,5.351491471317767,32.75537787764034,7141.218427495743,608.3439424646085,11.738784475381204,2.0073735129928227,304.44041840385023,0.0,0.010025062656641603,0.0,1.3479832898828696,20.73063973063973,0.9569377990430622,528.6885468596507,297,108.15885972976685
core,100,1500000.0,3,5,exclude,launch,0,0.0,prior,0.0,sa,12600.0,43200,338280.8925927119,0,304707.5998795904,33573.29271312156,0,0,0.0,0,5.774317772611485,38.368194038110566,6593.891938148332,517.6140694672786,12.73901218514921,2.0141071028082624,308.5239647898502,0.0,0.10891089108910891,0.0,2.6842275965995244,43.62162162162162,0.9377777777777778,1011.1177757687577,74,70.9362940788269
core,100,1500000.0,8,3,exclude,launch,0,0.0,prior,0.0,sa,12600.0,43200,232479.99500487992,0,209306.9931788205,23173.00182605944,0,1,0.48599911576157506,1,4.940884818166719,30.343947574114566,7762.382610686937,657.2581306240402,11.810249655362753,2.0056352073376313,303.3906510711001,0.0,0.00425531914893617,0.0,1.0161864474446805,15.935727788279774,0.9420289855072463,388.9504927461785,529,159.12263083457947
core,100,1500000.0,7,4,exclude,launch,0,0.0,prior,0.0,sa,12600.0,43200,324549.4308067331,0,303440.64157251007,21108.789234223008,0,1,0.5686860191432895,1,5.351491471317767,29.742231739133228,7141.218427495743,670.2610790733947,10.654383270125352,2.00651512053353,303.9218063587878,0.0,0.005545286506469501,0.0,1.1594771223377942,17.879310344827587,0.9567307692307693,452.4375181898739,406,131.5729513168335
core,100,1500000.0,4,5,exclude,launch,0,0.0,prior,0.0,sa,12600.0,43200,240855.51671095385,0,223630.08537187686,17225.431339077,0,0,0.0,0,5.774317772611485,35.5941524729187,6593.891938148332,558.9036618251753,11.797904341179459,2.010686582365107,306.44621033185797,0.0,0.06179775280898876,0.0,2.0270611234816984,33.5187969924812,0.96875,744.0735425210795,133,95.45768976211548
core,100,1500000.0,2,6,exclude,launch,0,0.0,prior,0.0,sa,12600.0,43200,555331.4538342024,0,480988.7901201413,74342.6637140611,0,0,0.0,0,5.052148291863248,35.372197052142,7584.090639439221,559.4427114543788,13.556509869836217,2.0213538009766356,312.94907603082646,0.0,0.08695652173913043,0.0,3.947962962218436,62.26470588235294,0.9285714285714286,1562.4766357552585,34,42.56291460990906
core,100,1500000.0,8,4,exclude,launch,0,0.0,prior,0.0,sa,12600.0,43200,304684.577837118,0,286151.74327426724,18532.834562850756,0,1,0.6057632622264485,1,5.351491471317767,30.163906705628445,7141.218427495743,661.1240167619203,10.80163213926532,2.005808504264202,303.4952241750572,0.0,0.00141643059490085,0.0,1.0155898900249103,15.629489603024574,0.9615384615384616,396.138941520242,529,145.64225435256958
core,100,1500000.0,3,6,exclude,launch,0,0.0,prior,0.0,sa,12600.0,43200,352340.40229838656,0,318145.9528307903,34194.44946759627,0,0,0.0,0,5.052148291863248,33.78426933162489,7584.090639439221,587.7133469443605,12.904404296534064,2.014558610411812,308.7987521882238,0.0,0.12871287128712872,0.0,2.6854752301874134,44.189189189189186,0.9598214285714286,1000.8496666758545,74,64.84152817726135
core,100,1500000.0,5,5,exclude,launch,0,0.0,prior,0.0,sa,12600.0,43200,192770.79934464899,0,182979.45307169863,9791.346272950363,0,0,0.0,0,5.774317772611485,36.93855768348544,6593.891938148332,539.0917146064296,12.2314844756282,2.0087107342584765,305.2492036224824,0.0,0.028985507246376812,0.0,1.627538972264644,26.524271844660195,0.9775784753363229,602.3724846283725,206,118.80954241752625
core,100,1500000.0,9,4,exclude,launch,0,0.0,prior,0.0,sa,12600.0,43200,291597.6674021548,0,273818.73778390954,17778.929618245278,0,1,0.6329499322302792,1,5.351491471317767,28.928076892075282,7141.218427495743,689.5445932640586,10.356427267004962,2.0052940751735893,303.18485327373645,0.0,0.0,0.0,0.8986118902601282,13.75519287833828,0.9567307692307693,353.71479754690904,674,162.70150637626648
core,100,1500000.0,6,5,exclude,launch,0,0.0,prior,0.0,sa,12600.0,43200,163153.09949356667,0,156018.4087057822,7134.690787784452,0,0,0.0,1,5.774317772611485,21.505254576843175,6593.891938148332,926.3307687257635,7.118290961249962,2.007933445055537,304.7789488984571,0.0,0.015267175572519083,0.0,1.3733978716736723,22.2320819112628,0.9730941704035875,501.53734999723645,293,129.7485454082489
core,100,1500000.0,4,6,exclude,launch,0,0.0,prior,0.0,sa,12600.0,43200,259030.65433940067,0,240336.91260366482,18693.741735735846,0,0,0.0,0,5.052148291863248,31.011185998026686,7584.090639439221,641.3567459162476,11.825073467660383,2.011138354044707,306.72023130607175,0.0,0.055865921787709494,0.0,2.021406439989979,33.28358208955224,0.9641255605381166,746.5449906753701,134,95.30666041374207
core,100,1500000.0,7,5,exclude,launch,0,0.0,prior,0.0,sa,12600.0,43200,298564.4888905859,0,283351.0322885183,15213.456602067607,0,1,0.5597994823840522,1,5.774317772611485,33.53623609837927,6593.891938148332,594.4685881907192,11.092077982147073,2.0063964997209847,303.8501743951949,0.0,0.0018450184501845018,0.0,1.1593366606845916,18.213759213759214,0.9820627802690582,443.38224761203577,407,130.74881196022034
core,100,1500000.0,2,7,exclude,launch,0,0.0,prior,0.0,sa,12600.0,43200,540923.7001640863,0,470497.39731118485,70426.30285290144,0,0,0.0,0,4.789315478557099,32.30331378899097,8018.5908986554505,612.4819137819629,13.091963563694689,2.0217136645985367,313.1696437282113,0.0,0.10869565217391304,0.0,3.9600768052227417,61.11764705882353,0.9227467811158798,1597.0739345942018,34,39.36824440956116
core,100,1500000.0,8,5,exclude,launch,0,0.0,prior,0.0,sa,12600.0,43200,284914.4422863156,0,270497.4924239963,14416.949862319312,0,1,0.5866190741262985,1,5.774317772611485,30.509244351022986,6593.891938148332,653.6526411234303,10.087761485695882,2.0057717939988633,303.4730704811075,0.0,0.004243281471004243,0.0,1.0157341426142146,15.628301886792453,0.9775784753363229,395.86073080753715,530,146.27558541297913
core,100,1500000.0,5,6,exclude,launch,0,0.0,prior,0.0,sa,12600.0,43200,202752.97769843956,0,191056.1101511946,11696.867547244965,0,0,0.0,0,5.052148291863248,30.896598595593773,7584.090639439221,644.3936805110751,11.769343599745117,2.0090837825841437,305.475024082297,0.0,0.03985507246376811,0.0,1.6271348425198955,27.320388349514563,0.9775784753363229,584.561580092393,206,112.46394729614258
core,100,1500000.0,3,7,exclude,launch,0,0.0,prior,0.0,sa,12600.0,43200,328411.09406268614,0,298343.3733804011,30067.72068228503,0,0,0.0,0,4.789315478557099,33.30349975852923,8018.5908986554505,596.1756780021574,13.450047015548382,2.014632624438017,308.8438087721935,0.0,0.09803921568627451,0.0,2.67984875086195,44.56578947368421,0.9396551724137931,992.169933647528,76,65.90970039367676
core,100,1500000.0,6,6,exclude,launch,0,0.0,prior,0.0,sa,12600.0,43200,443861.3295223969,0,394748.2820569719,49113.047465424985,0,1,0.6223929827056648,1,5.052148291863248,32.46393987922317,7584.090639439221,613.746177597682,12.357047450991512,2.0075666178937315,304.55714684814376,0.0,0.007518796992481203,0.0,1.3482384079259342,21.198653198653197,0.9461883408071748,518.2017727050292,297,107.12369322776794
core,100,1500000.0,9,5,exclude,launch,0,0.0,prior,0.0,sa,12600.0,43200,269724.12741303473,0,255862.56209017924,13861.565322855477,0,1,0.6196562685816702,1,5.774317772611485,32.537828204250246,6593.891938148332,613.0820338785504,10.755317516700483,2.005177579710894,303.11459002603544,0.0,0.0011160714285714285,0.0,0.8997081302917677,14.031203566121842,0.9820627802690582,347.3696150120323,673,173.3617033958435
core,100,1500000.0,2,8,exclude,launch,0,0.0,prior,0.0,sa,12600.0,43200,536289.8436373587,0,476551.7317899185,59738.111847440196,0,0,0.0,0,5.687677066694433,32.43002612638951,6699.414751861177,610.1325788225914,10.980260658739827,2.021568572808857,313.0807046852175,0.0,0.06521739130434782,0.0,3.9384216288417986,63.11764705882353,0.9293478260869565,1532.5626461620568,34,40.67403721809387
core,100,1500000.0,4,7,exclude,launch,0,0.0,prior,0.0,sa,12600.0,43200,271783.158791448,0,252182.84451060224,19600.314280845723,0,0,0.0,0,4.789315478557099,30.799886549234202,8018.5908986554505,645.7330868464851,12.417810178839062,2.0112119216067,306.76486511985456,0.0,0.03333333333333333,0.0,2.012651760520489,29.598484848484848,0.9517543859649122,827.6327438878184,132,82.06851506233215
core,100,1500000.0,7,6,exclude,launch,0,0.0,prior,0.0,sa,12600.0,43200,412845.90504800965,0,367424.88680664456,45421.01824136512,0,1,0.6691135575153375,1,5.052148291863248,32.62504601828155,7584.090639439221,611.0136550846007,12.412309571688919,2.006586760002513,303.9650716237069,0.0,0.007380073800738007,0.0,1.1566036458969784,18.773399014778324,0.9684684684684685,429.9186873176208,406,132.5211534500122
core,100,1500000.0,5,7,exclude,launch,0,0.0,prior,0.0,sa,12600.0,43200,357076.24514891225,0,326547.8899094101,30528.355239502165,0,1,0.43832258856526224,1,4.789315478557099,30.088584845735543,8018.5908986554505,661.6908112492699,12.118334972064035,2.0091072716177347,305.48924568953663,0.0,0.02491103202846975,0.0,1.6009284926499,24.376190476190477,0.9429824561403509,643.4881743681843,210,91.24439358711243
core,100,1500000.0,8,6,exclude,launch,0,0.0,prior,0.0,sa,12600.0,43200,396303.6221587221,0,353095.011494079,43208.610664643,0,1,0.6970330231147653,1,5.052148291863248,31.89463957846037,7584.090639439221,625.2210789548132,12.1302542328189,2.005897240589293,303.5487775875462,0.0,0.004231311706629055,0.0,1.0132772342151908,16.097744360902254,0.968609865470852,383.6260981216867,532,149.19236850738525
core,100,1500000.0,3,8,exclude,launch,0,0.0,prior,0.0,sa,12600.0,43200,317992.4684655803,0,292629.73284049565,25362.735625084682,0,0,0.0,0,5.687677066694433,35.444522991829764,6699.414751861177,560.2089952894132,11.958777542299456,2.0144698752936328,308.74473836348363,0.0,0.0297029702970297,0.0,2.6765278984339336,46.733333333333334,0.9456521739130435,948.144450508108,75,75.56198596954346
core,100,1500000.0,6,7,exclude,launch,0,0.0,prior,0.0,sa,12600.0,43200,314901.3748523112,0,285432.6497286714,29468.72512363982,0,1,0.4970536673586408,1,4.789315478557099,31.42850079735981,8018.5908986554505,633.9260041083702,12.649096024911868,2.007695101254014,304.6348251274013,0.0,0.010050251256281407,0.0,1.3535685144400522,21.315436241610737,0.9559471365638766,517.5377576741598,298,114.88287425041199
core,100,1500000.0,7,7,exclude,launch,0,0.0,prior,0.0,sa,12600.0,43200,299061.60192176705,0,271023.4927795377,28038.10914222942,0,1,0.5233662206593617,1,4.789315478557099,29.855217124465913,8018.5908986554505,667.6483324673904,12.010201342107145,2.0067440719665797,304.06008793195474,0.0,0.009174311926605505,0.0,1.1472941135608967,17.52322738386308,0.947136563876652,456.1771070395357,409,129.21535348892212
core,100,1500000.0,4,8,exclude,launch,0,0.0,prior,0.0,sa,12600.0,43200,233968.6800351572,0,219445.38162109305,14523.298414064138,0,0,0.0,0,5.687677066694433,31.532647519351865,6699.414751861177,630.7500112888258,10.621347018563045,2.01113992741538,306.72118584407406,0.0,0.05027932960893855,0.0,2.022999539179582,35.66417910447761,0.9782608695652174,697.6490128475226,134,95.19424986839294
core,100,1500000.0,2,9,exclude,launch,0,0.0,prior,0.0,sa,12600.0,43200,572442.0842717227,0,504858.03410007927,67584.05017164351,0,0,0.0,0,4.852417850747997,33.08331820791446,7909.979841733408,598.31127305264,13.220509453843235,2.0208019091511655,312.61096131799945,0.0,0.08695652173913043,0.0,3.9724347138599057,60.0,0.9505494505494505,1631.4256178756048,34,43.639443159103394
core,100,1500000.0,3,9,exclude,launch,0,0.0,prior,0.0,sa,12600.0,43200,345969.81559392065,0,318508.12748727645,27461.6881066442,0,0,0.0,0,4.852417850747997,36.41447687796253,7909.979841733408,545.3837567652092,14.503511964949661,2.014112463030289,308.52722630200793,0.0,0.08823529411764706,0.0,2.677909402941347,43.693333333333335,0.9722222222222222,1003.9846398454227,75,66.78347849845886
core,100,1500000.0,8,7,exclude,launch,0,0.0,prior,0.0,sa,12600.0,43200,271987.7585777091,0,247516.1509946492,24471.607583059886,0,1,0.5754887445386696,1,4.789315478557099,29.230197222978457,8018.5908986554505,682.1615286494291,11.754680617259346,2.006046623691851,303.63894271253184,0.0,0.0056657223796034,0.0,1.0147807719420214,15.907372400756143,0.9515418502202643,389.86954595416864,529,156.43062925338745
core,100,1500000.0,5,8,exclude,launch,0,0.0,prior,0.0,sa,12600.0,43200,184426.34184945672,0,175339.66999286646,9086.671856590254,0,0,0.0,0,5.687677066694433,33.38151924529447,6699.414751861177,596.4387893453965,11.23235924882404,2.0090373607280947,305.44691860353555,0.0,0.021660649819494584,0.0,1.6243517276107733,28.89855072463768,0.9723756906077348,551.1720291014258,207,119.19393157958984
core,100,1500000.0,6,8,exclude,launch,0,0.0,prior,0.0,sa,12600.0,43200,308112.82868299744,0,297755.1325071896,10357.69617580786,0,1,0.49277443954941974,1,5.687677066694433,30.052933322083874,6699.414751861177,662.9523597175818,10.105424098218963,2.0076629420454073,304.6153814314817,0.0,0.0199501246882793,0.0,1.3486552819415787,22.006688963210703,0.9834254143646409,497.90730150165894,299,114.78700160980225
core,100,1500000.0,2,10,exclude,launch,0,0.0,prior,0.0,sa,12600.0,43200,556475.8247369175,0,491565.1057090165,64910.719027901054,0,0,0.0,0,4.842340003327892,42.75019601384454,7927.135773030543,462.90783780541426,17.124652307923885,2.0212840398327474,312.90632700512907,0.0,0.10869565217391304,0.0,3.954344987142432,60.970588235294116,0.9269406392694064,1594.5714564470636,34,41.396607398986816
core,100,1500000.0,7,8,exclude,launch,0,0.0,prior,0.0,sa,12600.0,43200,282626.15168860543,0,274469.54550075496,8156.606187850478,0,1,0.5372118806597095,1,5.687677066694433,29.643885183085843,6699.414751861177,672.4225492130512,9.963102456486073,2.0067006903236058,304.0338839694073,0.0,0.011090573012939002,0.0,1.159090295125652,19.04433497536946,0.9944444444444445,423.31978296006884,406,135.75690031051636
core,100,1500000.0,4,9,exclude,launch,0,0.0,prior,0.0,sa,12600.0,43200,249711.72222876054,0,234109.0783323885,15602.643896372028,0,0,0.0,0,4.852417850747997,36.69403354936642,7909.979841733408,542.1280995222141,14.590610316463204,2.0107710296202645,306.4974222958827,0.0,0.03910614525139665,0.0,2.0227548412463636,34.14179104477612,0.9775280898876404,728.3255421204782,134,94.8852288722992
core,100,1500000.0,5,9,exclude,launch,0,0.0,prior,0.0,sa,12600.0,43200,399215.1821192679,0,381570.21227960015,17644.969839667756,0,1,0.48597053951770836,1,4.852417850747997,31.59753323198286,7909.979841733408,630.2026188272988,12.5514867844449,2.0087533242743216,305.2749807703483,0.0,0.017921146953405017,0.0,1.6182870658896535,24.679425837320576,0.9943820224719101,640.0451800433481,209,95.90682768821716
core,100,1500000.0,8,8,exclude,launch,0,0.0,prior,0.0,sa,12600.0,43200,271107.7095156798,0,262368.30566063174,8739.403855048093,0,1,0.5600361817208631,1,5.687677066694433,28.34505078434629,6699.414751861177,703.4751092060224,9.52331456250453,2.0060142618530623,303.6194085155287,0.0,0.007062146892655367,0.0,1.0116532816606987,16.159774436090224,0.9722222222222222,380.76985671791607,532,152.88773322105408
core,100,1500000.0,3,10,exclude,launch,0,0.0,prior,0.0,sa,12600.0,43200,356834.4570287916,0,316637.3073550122,40197.14967377936,0,0,0.0,0,4.842340003327892,41.243497647604634,7927.135773030543,481.48242582395994,16.4640189295899,2.0142995835631172,308.641093564894,0.0,0.049019607843137254,0.0,2.6778228347780946,43.49333333333333,0.9497716894977168,1008.4437511600224,75,69.06908106803894
core,100,1500000.0,6,9,exclude,launch,0,0.0,prior,0.0,sa,12600.0,43200,366395.0501525971,0,349832.25104682794,16562.799105769118,0,1,0.5370638785206716,1,4.852417850747997,30.709198819308625,7909.979841733408,648.8598863018177,12.190582294763825,2.0074307806229537,304.4750333239721,0.0,0.022443890274314215,0.0,1.3471562765412657,20.49,0.9719101123595506,535.7824485002301,300,105.92461252212524
core,100,1500000.0,4,10,exclude,launch,0,0.0,prior,0.0,sa,12600.0,43200,263216.2145721893,0,240261.30577113095,22954.908801058373,0,0,0.0,0,4.842340003327892,35.207336615962284,7927.135773030543,564.9669376763998,14.031149868049493,2.010961636080832,306.6130288881698,0.0,0.033707865168539325,0.0,2.025731132973727,32.338345864661655,0.9585253456221198,771.8246959444936,133,86.28924679756165
core,100,1500000.0,9,8,exclude,launch,0,0.0,prior,0.0,sa,12600.0,43200,254833.73342692392,0,248002.690136174,6831.043290749915,0,1,0.5958007381145644,1,5.687677066694433,29.840437043100543,6699.414751861177,668.4259963524424,10.022672350296745,2.005402166179815,303.2500547277192,0.0,0.0,0.0,0.8978298416775243,14.570579494799405,0.9888888888888889,334.6047970736309,673,177.89858222007751
core,100,1500000.0,2,11,exclude,launch,0,0.0,prior,0.0,sa,12600.0,43200,591539.1588000304,0,509292.88201613014,82246.27678390022,0,0,0.0,0,4.789315478557101,35.710547296907905,8018.590898655449,554.5101986256377,14.46067343491545,2.020011988631265,312.12733708545227,0.0,0.043478260869565216,0.0,3.965149906864002,63.73529411764706,0.9380952380952381,1534.7397159017473,34,45.18794250488281
core,100,1500000.0,7,9,exclude,launch,0,0.0,prior,0.0,sa,12600.0,43200,333252.4752638733,0,320030.1687116849,13222.30655218836,0,1,0.5904758743349701,1,4.852417850747997,31.81329777198274,7909.979841733408,626.6439967556339,12.622764891527371,2.00645958939962,303.88827152833574,0.0,0.00922509225092251,0.0,1.1583490760649249,18.304668304668304,0.9775280898876404,441.86414378640467,407,129.89966535568237
core,100,1500000.0,5,10,exclude,launch,0,0.0,prior,0.0,sa,12600.0,43200,327290.8904944372,0,309603.63722623035,17687.253268206827,0,1,0.31933758078934044,1,4.842340003327892,33.05255654325762,7927.135773030543,602.4324973820296,13.158546073592023,2.0088455311246256,305.33079170103844,0.0,0.014285714285714285,0.0,1.602447863535336,23.14761904761905,0.9577464788732394,672.7458304476124,210,90.15200400352478
core,100,1500000.0,8,9,exclude,launch,0,0.0,prior,0.0,sa,12600.0,43200,322068.07463064976,0,309266.76822118636,12801.306409463406,0,1,0.6109812247966344,1,4.852417850747997,31.45658636351843,7909.979841733408,633.9648436784494,12.477000768429669,2.0057796684956486,303.477822467765,0.0,0.0084985835694051,0.0,1.0142830990670741,15.633962264150943,0.9887005649717514,396.3889728632974,530,149.67777585983276
core,100,1500000.0,3,11,exclude,launch,0,0.0,prior,0.0,sa,12600.0,43200,386676.55068129895,0,342602.81625546666,44073.73442583224,0,0,0.0,0,4.789315478557101,36.741301368811605,8018.590898655449,540.6706051757394,14.830824575804503,2.0135976592720035,308.2140644645053,0.0,0.049019607843137254,0.0,2.6667974926621576,44.13333333333333,0.9473684210526315,985.50073773911,75,65.77164769172668
core,100,1500000.0,2,12,exclude,launch,0,0.0,prior,0.0,sa,12600.0,43200,585931.9549127804,0,518810.41107222135,67121.54384055916,0,0,0.0,0,4.789315478557099,33.888037084622624,8018.5908986554505,583.8065766184759,13.735012964569066,2.0218298057232804,313.24084555934326,0.0,0.17391304347826086,0.0,3.9651363531137,57.294117647058826,0.9124423963133641,1700.564245822954,34,40.9254469871521
core,100,1500000.0,6,10,exclude,launch,0,0.0,prior,0.0,sa,12600.0,43200,270519.50011288637,0,259292.13432667873,11227.36578620763,0,1,0.39190731498757025,1,4.842340003327892,33.96027604577185,7927.135773030543,586.7247861017062,13.510824769650021,2.0074944083470267,304.5134948551577,0.0,0.015113350125944584,0.0,1.3558304690096137,21.161616161616163,0.9812206572769953,524.2326069190545,297,110.3989589214325
core,100,1500000.0,4,11,exclude,launch,0,0.0,prior,0.0,sa,12600.0,43200,293959.5665888539,0,268365.8203787391,25593.746210114787,0,0,0.0,0,4.789315478557101,29.729116421556913,8018.590898655449,669.223023638051,11.981941169723264,2.010514065563842,306.34160301070955,0.0,0.04419889502762431,0.0,1.9876880537123622,30.904411764705884,0.9712918660287081,793.040910561119,136,92.16559529304504
core,100,1500000.0,7,10,exclude,launch,0,0.0,prior,0.0,sa,12600.0,43200,252101.1605156201,0,240794.2784853592,11306.882030260937,0,1,0.4205397972947941,1,4.842340003327892,33.36749975865046,7927.135773030543,597.4293911274868,13.26874086002065,2.0065488674192884,303.9421867509157,0.0,0.00922509225092251,0.0,1.159713504959473,17.74692874692875,0.9671361502347418,454.44343306455403,407,128.90906715393066
core,100,1500000.0,3,12,exclude,launch,0,0.0,prior,0.0,sa,12600.0,43200,360049.5891187707,0,324500.6694820519,35548.919636718725,0,0,0.0,0,4.789315478557099,33.38384610909983,8018.5908986554505,594.7019736176268,13.48337697599627,2.0147642764289646,308.9239610149199,0.0,0.09803921568627451,0.0,2.678011474016173,42.4,0.9441860465116279,1033.6955464584248,75,65.37548565864563
core,100,1500000.0,5,11,exclude,launch,0,0.0,prior,0.0,sa,12600.0,43200,239154.3568797446,0,225950.33937632228,13204.0175034223,0,1,0.13989840897184788,1,4.789315478557101,39.18187919705133,8018.590898655449,508.33071165196094,15.774358532453851,2.008299041125264,305.0000869002381,0.0,0.017857142857142856,0.0,1.6094186700755917,27.37799043062201,0.9519230769230769,576.9688543333539,209,103.79537987709045
core,100,1500000.0,8,10,exclude,launch,0,0.0,prior,0.0,sa,12600.0,43200,231166.64862474165,0,221994.25512715126,9172.393497590356,0,1,0.45862399083841987,1,4.842340003327892,31.667610762192773,7927.135773030543,629.7118050982621,12.588513838951407,2.0058703464362404,303.5325461519287,0.0,0.0,0.0,1.016828233285574,15.60943396226415,0.9671361502347418,396.31723217141183,530,149.5310685634613
core,100,1500000.0,5,12,exclude,launch,0,0.0,prior,0.0,sa,12600.0,43200,494483.5294219448,0,437769.69481758546,56713.834604359334,0,1,0.5536296773633484,1,4.789315478557099,31.254205234638537,8018.5908986554505,637.0139798961156,12.5877785287587,2.009104693390829,305.4876846670197,0.0,0.02857142857142857,0.0,1.6089402957722416,22.923809523809524,0.9380952380952381,677.3818112505523,210,78.7879741191864
core,100,1500000.0,4,12,exclude,launch,0,0.0,prior,0.0,sa,12600.0,43200,258613.96647677047,0,244362.91053722904,14251.05593954145,0,0,0.0,0,4.789315478557099,34.13297905304719,8018.5908986554505,582.6603169981623,13.762033666488293,2.0112699100774574,306.8000493084207,0.0,0.0449438202247191,0.0,2.0241150829332297,31.601503759398497,0.9436619718309859,790.0206180219586,133,86.36525297164917
core,100,1500000.0,6,11,exclude,launch,0,0.0,prior,0.0,sa,12600.0,43200,210139.2323462972,0,197764.38835614306,12374.84399015418,0,1,0.15921498166999185,1,4.789315478557101,37.227250462574666,8018.590898655449,535.3543160104174,14.97810078082833,2.0070478278926034,304.24359829896315,0.0,0.02756892230576441,0.0,1.3495671894914987,22.37458193979933,0.9519230769230769,493.0575863856322,299,125.49217510223389
core,100,3000000.0,5,1,exclude,launch,0,0.0,prior,0.0,sa,12600.0,43200,355029.6700501144,0,327826.08379824535,27203.58625186906,0,0,0.0,0,10.956059721120845,35.15370125768579,6968.561876837692,1132.5843323869096,6.152797348124638,2.0093166351188696,305.616020978303,0.0,0.09937888198757763,0.0,2.877254737624408,29.344827586206897,0.9619565217391305,980.0986046737002,116,49.571280002593994
core,100,1500000.0,7,11,exclude,launch,0,0.0,prior,0.0,sa,12600.0,43200,181176.708845523,0,172789.16087235432,8387.547973168683,0,1,0.1846667501543405,1,4.789315478557101,34.52919240081689,8018.590898655449,577.432975286478,13.886617567479997,2.0061896666607146,303.72529358843997,0.0,0.012962962962962963,0.0,1.1601142808534606,19.199507389162562,0.9519230769230769,422.0765478599378,406,145.58824729919434
core,100,3000000.0,6,1,exclude,launch,0,0.0,prior,0.0,sa,12600.0,43200,299101.6677317758,0,277893.679422098,21207.988309677778,0,0,0.0,0,10.956059721120845,39.45334380457725,6968.561876837692,1009.8621929173497,6.900507738294962,2.007909139421738,304.76424999896057,0.0,0.14345991561181434,0.016877637130801686,2.278294179353745,23.960227272727273,0.967391304347826,793.327365951148,176,74.5364100933075
core,100,1500000.0,6,12,exclude,launch,0,0.0,prior,0.0,sa,12600.0,43200,439523.5500765224,0,389783.7511858753,49739.79889064705,0,1,0.6228596392018194,1,4.789315478557099,30.84427939033471,8018.5908986554505,645.919615017304,12.414224173143642,2.007737310705208,304.6603462162096,0.0,0.005025125628140704,0.0,1.3509831155618057,20.456375838926174,0.9380952380952381,540.6721809417138,298,109.86048245429993
core,100,3000000.0,7,1,exclude,launch,0,0.0,prior,0.0,sa,12600.0,43200,241463.54372898492,0,230506.48003942738,10957.063689557555,0,0,0.0,0,10.956059721120845,44.42122752819192,6968.561876837692,897.4255808221303,7.765058212909199,2.006785648902299,304.085202850687,0.0,0.052805280528052806,0.006600660066006601,2.0771271559644027,22.36,0.967391304347826,656.3941593812293,225,86.1975576877594
core,100,1500000.0,8,11,exclude,launch,0,0.0,prior,0.0,sa,12600.0,43200,162664.1144589583,0,155650.2661453168,7013.848313641509,0,1,0.2056834363095087,1,4.789315478557101,34.975406669496735,8018.590898655449,570.2665049102453,14.061129015314517,2.0054847079528573,303.2998493781126,0.0,0.0028208744710860366,0.0,1.0098289334129924,16.855805243445694,0.961352657004831,364.1930233810145,534,170.16460800170898
core,100,1500000.0,7,12,exclude,launch,0,0.0,prior,0.0,sa,12600.0,43200,413782.90249898605,0,366803.62911881786,46979.27338016818,0,1,0.6616002818273924,1,4.789315478557099,29.822178123369284,8018.5908986554505,668.3697149682229,11.997238532922887,2.0067989654549105,304.09324705232365,0.0,0.0018484288354898336,0.0,1.1597019206190542,17.440886699507388,0.9428571428571428,465.15072480899386,406,121.0004665851593
core,100,3000000.0,8,1,exclude,launch,0,0.0,prior,0.0,sa,12600.0,43200,218285.51051611445,0,207289.40877579615,10996.1017403183,0,0,0.0,0,10.956059721120845,44.74409829266519,6968.561876837692,891.2799785500737,7.818600265400425,2.0060422510899443,303.6363032934368,0.0,0.08706467661691543,0.009950248756218905,1.7830785718713609,19.20469798657718,0.9782608695652174,569.8478042472251,298,101.28416347503662
core,100,1500000.0,8,12,exclude,launch,0,0.0,prior,0.0,sa,12600.0,43200,399150.61867179105,0,352438.3591446379,46712.25952715314,0,1,0.6858769687870915,1,4.789315478557099,28.957555610139043,8018.5908986554505,688.5691930182566,11.645294300064405,2.0060904204784666,303.66538025356135,0.0,0.0014124293785310734,0.0,1.0121773424297793,15.052631578947368,0.9523809523809523,409.2880898661698,532,145.904771566391
core,100,3000000.0,9,1,exclude,launch,0,0.0,prior,0.0,sa,12600.0,43200,186830.7442204258,0,179464.12777963272,7366.61644079309,0,0,0.0,0,10.956059721120845,42.478571388265244,6968.561876837692,939.0838204336728,7.420596250523815,2.005467953203807,303.28974147595596,0.0,0.050200803212851405,0.014056224899598393,1.620137968109867,17.70189701897019,0.9890710382513661,505.3596463985743,369,120.14886784553528
core,100,3000000.0,6,2,exclude,launch,0,0.0,prior,0.0,sa,12600.0,43200,297283.4037230067,0,269566.24604579073,27717.157677216004,0,0,0.0,0,12.049285418414861,39.629370115715155,6306.0645414764385,1005.2974527587439,6.272834497064818,2.008067167281993,304.85982412558246,0.0,0.09956709956709957,0.008658008658008658,2.345162793256066,24.842105263157894,0.9459459459459459,786.8563450575375,171,70.74138593673706
core,100,3000000.0,10,1,exclude,launch,0,0.0,prior,0.0,sa,12600.0,43200,171241.7612941421,0,165157.64988348432,6084.111410657791,0,0,0.0,0,10.956059721120845,44.58998941799934,6968.561876837692,894.8499271271644,7.787408442005058,2.0049447560904756,302.9741888381236,0.0,0.04975124378109453,0.01658374792703151,1.4837487277561499,15.834821428571429,0.9836065573770492,465.8105602053703,448,135.25835824012756
core,100,3000000.0,12,1,exclude,launch,0,0.0,prior,0.0,sa,12600.0,43200,340223.7854438561,0,328989.65788504144,11234.127558814655,0,1,0.6072352865520105,1,10.956059721120845,49.22145779319132,6968.561876837692,810.9916681248981,8.592642995888939,2.0040987746351826,302.4643047671624,0.0,0.0070838252656434475,0.004722550177095631,1.263215295388011,13.548895899053628,0.9726775956284153,383.20856076982034,634,152.84677076339722
core,100,3000000.0,11,1,exclude,launch,0,0.0,prior,0.0,sa,12600.0,43200,153319.83074276388,0,148449.52648518505,4870.304257578809,0,0,0.0,1,10.956059721120845,36.88077007665744,6968.561876837692,1082.0320426058659,6.4402546342853695,2.004702280843835,302.82800193984116,0.0,0.031292517006802724,0.013605442176870748,1.3563196854442092,14.574585635359115,0.9781420765027322,414.1883373867399,543,158.9728434085846
core,100,3000000.0,7,2,exclude,launch,0,0.0,prior,0.0,sa,12600.0,43200,255458.23836919726,0,238719.25855146046,16738.979817736792,0,0,0.0,0,12.049285418414861,41.828266249272545,6306.0645414764385,952.9234527535007,6.617598216577499,2.0070680961782346,304.2558451020163,0.0,0.0625,0.029605263157894735,2.028309296731226,21.33920704845815,0.9638009049773756,676.145613601326,227,76.2763922214508
core,100,3000000.0,13,1,exclude,launch,0,0.0,prior,0.0,sa,12600.0,43200,329942.86217548087,0,319580.8354282469,10362.026747234004,0,1,0.626156560816677,1,10.956059721120845,46.465751960874805,6968.561876837692,859.1772619875319,8.110738243604516,2.0038916805856477,302.3395519047229,0.0,0.018886679920477135,0.009940357852882704,1.1589181155339106,12.347129506008011,0.9726775956284153,354.8562416389452,749,164.36057209968567
core,100,3000000.0,8,2,exclude,launch,0,0.0,prior,0.0,sa,12600.0,43200,216247.51642841965,0,203303.71633701175,12943.80009140793,0,0,0.0,0,12.049285418414861,38.05826266977623,6306.0645414764385,1047.7159149830095,6.018868713642383,2.0063074546690896,303.7964079967746,0.0,0.06582278481012659,0.012658227848101266,1.8309211953905415,19.5979381443299,0.9547511312217195,580.669595682254,291,99.7902181148529
core,100,3000000.0,14,1,exclude,launch,0,0.0,prior,0.0,sa,12600.0,43200,319512.0504252847,0,309130.8260438896,10381.224381395064,0,1,0.6465981097452228,1,10.956059721120845,44.4556490159825,6968.561876837692,898.1354015479701,7.75892127715611,2.0036470293040702,302.19220782926567,0.0,0.004405286343612335,0.0026431718061674008,1.1098169615379878,11.816254416961131,0.9781420765027322,327.0709654713319,849,179.9833550453186
core,100,3000000.0,9,2,exclude,launch,0,0.0,prior,0.0,sa,12600.0,43200,195721.44375516186,0,184357.99042329742,11363.453331864426,0,0,0.0,0,12.049285418414861,38.24933599662379,6306.0645414764385,1042.794208216474,6.04727614690334,2.0057069359534783,303.4339323074799,0.0,0.05835010060362173,0.01609657947686117,1.615156816347349,17.094850948509485,0.9592760180995475,515.1480699796008,369,105.75565266609192
core,100,3000000.0,15,1,exclude,launch,0,0.0,prior,0.0,sa,12600.0,43200,312679.8025109392,0,302899.4796664157,9780.32284452342,0,1,0.6607266800949904,1,10.956059721120845,46.70306230151231,6968.561876837692,854.987317675499,8.150485665428938,2.0034797455791193,302.09147993626027,0.0,0.003849114703618168,0.015396458814472672,1.0175542817210748,10.949743589743589,0.9836065573770492,308.36590036408404,975,209.0908989906311
core,100,3000000.0,10,2,exclude,launch,0,0.0,prior,0.0,sa,12600.0,43200,173601.00858176925,0,164027.9102854677,9573.098296301547,0,0,0.0,0,12.049285418414861,38.29694991964851,6306.0645414764385,1041.7331113695398,6.05343582982211,2.005253724866689,303.1605154075059,0.0,0.04276315789473684,0.01644736842105263,1.4634125821940618,15.7682119205298,0.9683257918552036,455.6264948290035,453,131.95340824127197
core,100,3000000.0,16,1,exclude,launch,0,0.0,prior,0.0,sa,12600.0,43200,304970.95246634266,0,295762.9304843607,9208.021981981936,0,1,0.6774280834782461,1,10.956059721120845,45.68970699402904,6968.561876837692,874.0352914986911,7.972860986984674,2.0032845667944525,301.97397659037966,0.0,0.0033921302578018998,0.005427408412483039,0.9636348126842756,10.2773261065944,0.9781420765027322,288.80208725019634,1107,215.33393454551697
core,100,3000000.0,17,1,exclude,launch,0,0.0,prior,0.0,sa,12600.0,43200,299442.15705574804,0,290170.8472537763,9271.309801971847,0,1,0.6899358790263698,1,10.956059721120845,46.42505649118484,6968.561876837692,860.254927419258,8.100577694734271,2.003135728587753,301.88438699078455,0.0,0.0,0.007207207207207207,0.9035488140884519,9.620303756994405,0.9835164835164835,272.4712234846409,1251,224.80854058265686
core,100,3000000.0,11,2,exclude,launch,0,0.0,prior,0.0,sa,12600.0,43200,155028.1888155136,0,148381.1476160023,6647.041199511295,0,0,0.0,0,12.049285418414861,37.729807659182406,6306.0645414764385,1057.593925369376,5.962652006793608,2.0048710655303053,302.92975750200344,0.0,0.026027397260273973,0.01643835616438356,1.3321664756611395,14.315018315018316,0.9773755656108597,417.90271422984944,546,156.90371131896973
core,100,3000000.0,4,3,exclude,launch,0,0.0,prior,0.0,sa,12600.0,43200,481130.8488381481,0,427606.12909189437,53524.71974625378,0,0,0.0,0,9.881769636333438,37.921809356445124,7762.382610686937,1049.2969697036265,7.397698492238493,2.0104927797411882,306.32869737272205,0.0,0.205607476635514,0.009345794392523364,3.415767410857985,32.67088607594937,0.9485981308411215,1318.8223774258213,79,35.44764566421509
core,100,3000000.0,5,3,exclude,launch,0,0.0,prior,0.0,sa,12600.0,43200,347498.14118450746,0,314305.61635153106,33192.52483297644,0,0,0.0,0,9.881769636333438,40.81570338820986,7762.382610686937,975.8974367598214,7.954096730143724,2.008438438226365,305.0844251077289,0.0,0.14634146341463414,0.006097560975609756,2.8140138712251166,29.176470588235293,0.9622641509433962,964.6312554336945,119,55.49198842048645
core,100,3000000.0,12,2,exclude,launch,0,0.0,prior,0.0,sa,12600.0,43200,141904.61069096788,0,135918.0858008807,5986.524890087193,0,0,0.0,0,12.049285418414861,36.12135368166091,6306.0645414764385,1104.8738904740867,5.707497114236802,2.004533223247253,302.72609898225477,0.0,0.0176678445229682,0.016489988221436984,1.2652115426509525,13.474683544303797,0.9592760180995475,387.56622019674757,632,166.07168865203857
core,100,3000000.0,13,2,exclude,launch,0,0.0,prior,0.0,sa,12600.0,43200,358488.8532844219,0,339321.9175005295,19166.935783892375,0,1,0.6508356403122187,1,12.049285418414861,41.32705385184074,6306.0645414764385,965.9226447142908,6.528539915680001,2.0040714136253817,302.4478210979016,0.0,0.007099391480730223,0.010141987829614604,1.1815956010102553,12.494565217391305,0.9547511312217195,356.3964711805197,736,168.00270223617554
core,100,3000000.0,14,2,exclude,launch,0,0.0,prior,0.0,sa,12600.0,43200,347702.6136830287,0,329937.6874298252,17764.92625320357,0,1,0.6710255062530415,1,12.049285418414861,40.843081218340004,6306.0645414764385,977.4768184970623,6.451369917060996,2.0038491393612015,302.3139283788674,0.0,0.007860262008733625,0.00960698689956332,1.097074926788716,11.626025791324736,0.9638009049773756,331.68728113365006,853,179.72505831718445
core,100,3000000.0,6,3,exclude,launch,0,0.0,prior,0.0,sa,12600.0,43200,277946.7531053194,0,258432.70639706508,19514.046708254322,0,0,0.0,0,9.881769636333438,40.61890137353753,7762.382610686937,981.2476364196915,7.910727447976111,2.007165532440216,304.31472292067525,0.0,0.08520179372197309,0.004484304932735426,2.4591394196324647,26.14723926380368,0.9669811320754716,786.7379468334319,163,64.77467751502991
core,100,3000000.0,7,3,exclude,launch,0,0.0,prior,0.0,sa,12600.0,43200,241344.19059170297,0,224390.38750665012,16953.803085052834,0,0,0.0,0,9.881769636333438,39.20039960272434,7762.382610686937,1017.1781714872054,7.631290985469772,2.006330434505185,303.81028302341815,0.0,0.06688963210702341,0.016722408026755852,2.107814256064317,22.243243243243242,0.9809523809523809,677.1131444247154,222,82.26120162010193
core,100,3000000.0,15,2,exclude,launch,0,0.0,prior,0.0,sa,12600.0,43200,341291.6092549696,0,323094.63388849446,18196.975366475104,0,1,0.6836304088503242,1,12.049285418414861,40.98926504682491,6306.0645414764385,974.0846749646652,6.473836108452471,2.003655924690036,302.1975645496231,0.0,0.0038910505836575876,0.008560311284046693,1.0341481559076313,10.826583592938734,0.9547511312217195,311.931222291671,963,195.39468908309937
core,100,3000000.0,8,3,exclude,launch,0,0.0,prior,0.0,sa,12600.0,43200,208443.86915770592,0,196453.68415983056,11990.18499787536,0,0,0.0,0,9.881769636333438,41.745271676586434,7762.382610686937,955.5251888835345,8.123681825443814,2.0055826091993367,303.3589151772438,0.0,0.06766917293233082,0.015037593984962405,1.8206255768504345,19.428571428571427,0.9665071770334929,581.6482293392619,294,101.45757699012756
core,100,3000000.0,16,2,exclude,launch,0,0.0,prior,0.0,sa,12600.0,43200,333496.1492276432,0,316438.397819348,17057.751408295157,0,1,0.6996102441137876,1,12.049285418414861,40.54818229072818,6306.0645414764385,984.7634110655964,6.403634081665107,2.0034877563777305,302.09630316000346,0.0,0.0034083162917518746,0.006134969325153374,0.9661721521293103,10.086206896551724,0.9457013574660633,295.44717787682674,1102,218.81392812728882
core,100,3000000.0,5,4,exclude,launch,0,0.0,prior,0.0,sa,12600.0,43200,355710.4771087369,0,320611.1235685499,35099.35354018694,0,0,0.0,0,10.702982942635535,38.73745263047017,7141.218427495743,1028.0634854910759,6.9462815558365945,2.0088106147141827,305.30965690800207,0.0,0.12738853503184713,0.0,2.8850420485713744,29.452173913043477,0.9436619718309859,984.0683157354787,115,47.545981884002686
core,100,3000000.0,17,2,exclude,launch,0,0.0,prior,0.0,sa,12600.0,43200,326957.416601193,0,310429.960925284,16527.455675909026,0,1,0.7136015594861052,1,12.049285418414861,40.41844255561688,6306.0645414764385,987.9878927300313,6.382734634582792,2.0033590377102515,302.0188075664525,0.0,0.0,0.011452682338758288,0.9064585462520789,9.527375201288244,0.9590909090909091,275.5228133429815,1242,232.05645489692688
core,100,3000000.0,9,3,exclude,launch,0,0.0,prior,0.0,sa,12600.0,43200,187559.9978817916,0,174112.2223797523,13447.775502039338,0,0,0.0,0,9.881769636333438,36.477290589018146,7762.382610686937,1093.774330368277,7.096877660379285,2.0051168533041155,303.0779666387899,0.0,0.030303030303030304,0.006060606060606061,1.62770882399959,17.462162162162162,0.9807692307692307,511.6518489141798,370,123.38166117668152
core,100,3000000.0,10,3,exclude,launch,0,0.0,prior,0.0,sa,12600.0,43200,166260.9776508417,0,156651.34519323532,9609.632457606394,0,0,0.0,1,9.881769636333438,31.868851188054418,7762.382610686937,1252.1493539779951,6.199246588297446,2.004783341525056,302.8768690218772,0.0,0.030252100840336135,0.0033613445378151263,1.513076540767311,16.126696832579185,0.9663461538461539,463.01543866804514,442,140.9230079650879
core,100,3000000.0,18,2,exclude,launch,0,0.0,prior,0.0,sa,12600.0,43200,319044.8584829252,0,302930.5687313842,16114.289751541073,0,1,0.7312994275525887,1,12.049285418414861,41.06624195096497,6306.0645414764385,972.5005115268254,6.484381721893307,2.00315791315727,301.8977396190147,0.0,0.0,0.003820960698689956,0.8779103644872984,9.279035792549307,0.9590909090909091,258.3410680605928,1369,248.27333068847656
core,100,3000000.0,11,3,exclude,launch,0,0.0,prior,0.0,sa,12600.0,43200,259582.45216962838,0,233811.29695785398,25771.155211774407,0,1,0.43526642525877524,1,9.881769636333438,43.26167576157209,7762.382610686937,922.6856271912369,8.412814052730548,2.004162322804513,302.5025911620465,0.0,0.021917808219178082,0.00684931506849315,1.3738680766008429,14.309124767225326,0.9423076923076923,425.33017330901043,537,138.61194682121277
core,100,3000000.0,6,4,exclude,launch,0,0.0,prior,0.0,sa,12600.0,43200,283380.2039114508,0,263358.5294022935,20021.67450915734,0,0,0.0,0,10.702982942635535,39.043839189283496,7141.218427495743,1020.6440681517224,6.996776496656398,2.007535139284737,304.5381170680543,0.0,0.07929515418502203,0.013215859030837005,2.368445873398447,24.886904761904763,0.9436619718309859,797.8084529093404,168,69.60567140579224
core,100,3000000.0,12,3,exclude,launch,0,0.0,prior,0.0,sa,12600.0,43200,245702.46627349497,0,221415.07434878955,24287.39192470541,0,1,0.4598072174775226,1,9.881769636333438,43.26403270351855,7762.382610686937,922.7721946427448,8.412024826660687,2.0038651348800283,302.3235627083093,0.0,0.007075471698113208,0.009433962264150943,1.2786968212604082,13.457006369426752,0.9519230769230769,385.0596421357527,628,150.75588750839233
core,100,3000000.0,13,3,exclude,launch,0,0.0,prior,0.0,sa,12600.0,43200,236803.09425620118,0,212030.63216039506,24772.462095806106,0,1,0.4771252515151933,1,9.881769636333438,44.34293539087647,7762.382610686937,900.4322618749842,8.620729109065024,2.003616045483987,302.17355002587476,0.0,0.005065856129685917,0.008105369807497468,1.1702426141165605,12.36302294197031,0.961352657004831,355.1658362540011,741,168.75972390174866
core,100,3000000.0,19,2,exclude,launch,0,0.0,prior,0.0,sa,12600.0,43200,315173.7519200965,0,299421.4306977396,15752.321222356939,0,1,0.7402815778621988,1,12.049285418414861,39.87630546590153,6306.0645414764385,1001.559208056163,6.296247381835086,2.003080691901387,301.85126233960955,0.0,0.0,0.0048567265662943174,0.8201114445235118,8.563025210084033,0.95,247.427333030688,1547,265.4830803871155
core,100,3000000.0,7,4,exclude,launch,0,0.0,prior,0.0,sa,12600.0,43200,238890.08452113194,0,222695.5914630671,16194.493058064825,0,0,0.0,0,10.702982942635535,42.562567523734096,7141.218427495743,936.7978258988718,7.623009180922932,2.0063943426092505,303.8488718507718,0.0,0.0576271186440678,0.003389830508474576,2.153426328997796,22.723502304147466,0.9380952380952381,667.0304063136982,217,78.90525078773499
core,100,3000000.0,8,4,exclude,launch,0,0.0,prior,0.0,sa,12600.0,43200,214355.15669865534,0,198498.18345987462,15856.973238780736,0,0,0.0,0,10.702982942635535,37.67855595539487,7141.218427495743,1058.5211581788092,6.746410662005324,2.0058395662081194,303.51396988492144,0.0,0.06615776081424936,0.01272264631043257,1.8440889618327592,19.7,0.9575471698113207,581.7272717523185,290,97.85270929336548
core,100,3000000.0,14,3,exclude,launch,0,0.0,prior,0.0,sa,12600.0,43200,225919.72757410977,0,202804.98197212777,23114.745601981973,0,1,0.500058270226333,1,9.881769636333438,43.97410177394999,7762.382610686937,908.0884476902686,8.548046867494714,2.0033870353827337,302.03566283224535,0.0,0.00530035335689046,0.006183745583038869,1.104788913350259,11.63679245283019,0.9565217391304348,333.7829103764569,848,186.72369074821472
core,100,3000000.0,9,4,exclude,launch,0,0.0,prior,0.0,sa,12600.0,43200,189144.28529221012,0,178156.25868882018,10988.026603389948,0,0,0.0,0,10.702982942635535,37.95089817921007,7141.218427495743,1051.2054762601645,6.793361135162457,2.0053044315340838,303.19110001862026,0.0,0.05702647657841141,0.016293279022403257,1.6259228989507444,17.10810810810811,0.9619047619047619,522.8595934353735,370,120.25656247138977
core,100,3000000.0,15,3,exclude,launch,0,0.0,prior,0.0,sa,12600.0,43200,216877.81571197746,0,194369.8124610498,22508.00325092767,0,1,0.5209771503864591,1,9.881769636333438,44.5866467792619,7762.382610686937,895.6968395834958,8.666305682508035,2.0031991788093784,301.92257770914347,0.0,0.001549186676994578,0.006196746707978312,1.0336418293569378,10.900826446280991,0.9565217391304348,311.5933275566889,968,202.9025595188141
core,100,3000000.0,5,5,exclude,launch,0,0.0,prior,0.0,sa,12600.0,43200,331052.2165196488,0,303865.5326238824,27186.68389576637,0,0,0.0,0,11.54863554522297,40.70046174278008,6593.891938148332,978.5168490865311,6.738659578834936,2.008733592961378,305.26303847063116,0.0,0.10759493670886076,0.012658227848101266,2.857788920930453,30.162393162393162,0.9424778761061947,952.4133799451387,117,55.26494884490967
core,100,3000000.0,10,4,exclude,launch,0,0.0,prior,0.0,sa,12600.0,43200,166245.93805300735,0,157239.73829037824,9006.199762629107,0,0,0.0,0,10.702982942635535,37.864557617427415,7141.218427495743,1053.8365438898795,6.776400447394205,2.004859049797549,302.92251298801,0.0,0.04180602006688963,0.01839464882943144,1.4936052255370822,16.044843049327355,0.9619047619047619,460.0314139056731,446,139.55406022071838
core,100,3000000.0,11,4,exclude,launch,0,0.0,prior,0.0,sa,12600.0,43200,152390.04961401934,0,144680.91867762795,7709.130936391392,0,0,0.0,1,10.702982942635535,30.19722920541095,7141.218427495743,1321.5125230713224,5.403821986415129,2.0047102392622977,302.83279946355105,0.0,0.028011204481792718,0.018207282913165267,1.3791937516786619,14.511320754716982,0.9619047619047619,429.6921766257575,530,155.872878074646
core,100,3000000.0,12,4,exclude,launch,0,0.0,prior,0.0,sa,12600.0,43200,318156.20444468653,0,297820.02997471194,20336.174469974514,0,1,0.5801135456177762,1,10.702982942635535,39.721915511192215,7141.218427495743,1004.9692628288901,7.10590730645225,2.004042948758006,302.43067288520155,0.0,0.011682242990654205,0.011682242990654205,1.2743629306205202,13.2015873015873,0.9476190476190476,391.46607082267,630,157.3856086730957
core,100,3000000.0,6,5,exclude,launch,0,0.0,prior,0.0,sa,12600.0,43200,272351.17807602027,0,252544.0927687298,19807.08530729048,0,0,0.0,0,11.54863554522297,39.6455740044418,6593.891938148332,1005.2086546959174,6.559724597817983,2.0074237486330375,304.47078279295266,0.0,0.08888888888888889,0.0044444444444444444,2.4390430408355783,26.042424242424243,0.9513274336283186,772.7504208071512,165,73.54641938209534
core,100,3000000.0,7,5,exclude,launch,0,0.0,prior,0.0,sa,12600.0,43200,241146.35208380577,0,222684.00324175024,18462.348842055555,0,0,0.0,0,11.54863554522297,41.165212070112,6593.891938148332,968.5580334443052,6.807947185879698,2.006476059545069,303.8982175312108,0.0,0.1182108626198083,0.003194888178913738,2.02100343913865,21.29310344827586,0.9555555555555556,674.5094634138089,232,84.29863333702087
core,100,3000000.0,13,4,exclude,launch,0,0.0,prior,0.0,sa,12600.0,43200,307363.1788218015,0,288040.46927068575,19322.70955111576,0,1,0.6004841716180546,1,10.702982942635535,41.63178054909891,7141.218427495743,958.9925030048144,7.446584206988208,2.0037788547403705,302.271596767167,0.0,0.007099391480730223,0.016227180527383367,1.174444245168666,12.290760869565217,0.9519230769230769,362.686836691779,736,171.85742855072021
core,100,3000000.0,14,4,exclude,launch,0,0.0,prior,0.0,sa,12600.0,43200,298614.23415934265,0,279754.0077257173,18860.226433625296,0,1,0.6180774481172739,1,10.702982942635535,40.87644125761956,7141.218427495743,976.8270402311871,7.310627299798765,2.003545618137129,302.1311423046698,0.0,0.006222222222222222,0.008888888888888889,1.1084461578737923,11.465558194774347,0.9521531100478469,340.66655193162757,842,172.61593174934387
core,100,3000000.0,8,5,exclude,launch,0,0.0,prior,0.0,sa,12600.0,43200,199631.05159426635,0,188944.3745304389,10686.677063827497,0,0,0.0,0,11.54863554522297,41.246044872204635,6593.891938148332,967.0315575177901,6.818693647468714,2.0057048758080196,303.4326891672073,0.0,0.038560411311053984,0.005141388174807198,1.86811986473345,20.174825174825173,0.96875,574.3015784026329,286,98.69007849693298
core,100,3000000.0,15,4,exclude,launch,0,0.0,prior,0.0,sa,12600.0,43200,289512.56360195193,0,271452.6372378472,18059.926364104766,0,1,0.637508512668421,1,10.702982942635535,42.52928881567611,7141.218427495743,938.9623022164617,7.605436779132222,2.00333560697437,302.0047020667884,0.0,0.00234192037470726,0.00858704137392662,1.035125569927,10.75440414507772,0.9615384615384616,316.0511915840227,965,189.9893341064453
core,100,3000000.0,9,5,exclude,launch,0,0.0,prior,0.0,sa,12600.0,43200,184181.65153803874,0,174175.32439729254,10006.327140746193,0,0,0.0,0,11.54863554522297,38.99083556240055,6593.891938148332,1023.1842083779014,6.444481730813571,2.0052735074274235,303.1724474206302,0.0,0.049800796812749,0.0199203187250996,1.5953117049282453,16.880636604774537,0.9642857142857143,518.8759865891652,377,117.49374389648438
core,100,3000000.0,16,4,exclude,launch,0,0.0,prior,0.0,sa,12600.0,43200,282227.8513192738,0,264538.6738045221,17689.17751475175,0,1,0.6539635367591946,1,10.702982942635535,39.540598543029006,7141.218427495743,1010.0002932210446,7.070511241854506,2.00320431948989,301.92567199295195,0.0,0.0020689655172413794,0.0020689655172413794,0.9844088934525351,10.170036764705882,0.9567307692307693,296.4881302422554,1088,217.5163471698761
core,100,3000000.0,10,5,exclude,launch,0,0.0,prior,0.0,sa,12600.0,43200,161838.4859352933,0,153510.61551061316,8327.870424680148,0,0,0.0,0,11.54863554522297,41.323339418624975,6593.891938148332,965.6872216842186,6.828185969622933,2.0047401663301736,302.85084055115544,0.0,0.026490066225165563,0.019867549668874173,1.476043746699551,15.758314855875831,0.9598214285714286,463.61558857482686,451,131.08857941627502
core,100,3000000.0,17,4,exclude,launch,0,0.0,prior,0.0,sa,12600.0,43200,275472.7072474268,0,257861.3283441164,17611.37890331037,0,1,0.6700000361739126,1,10.702982942635535,40.52016235790087,7141.218427495743,985.6607264735808,7.24510801302293,2.0030480047722725,301.83158996329104,0.0,0.0,0.004895960832313341,0.9278722190142841,9.608979591836734,0.9567307692307693,278.98777070076926,1225,223.91599822044373
core,100,3000000.0,5,6,exclude,launch,0,0.0,prior,0.0,sa,12600.0,43200,366245.15498601366,0,328195.2342962923,38049.920689721344,0,0,0.0,0,10.104296583726496,39.636064311762766,7584.090639439221,1004.629263975125,7.549143660647941,2.0090633813328163,305.46267226404507,0.0,0.13253012048192772,0.0,2.7203476019312958,28.624,0.9598214285714286,947.8251421777479,125,46.316312074661255
core,100,3000000.0,11,5,exclude,launch,0,0.0,prior,0.0,sa,12600.0,43200,146038.6721034716,0,139568.77026635007,6469.901837121501,0,0,0.0,0,11.54863554522297,36.75350649252936,6593.891938148332,1085.927268825098,6.072130360334803,2.004428035834049,302.66270375083366,0.0,0.025069637883008356,0.006963788300835654,1.3781976081967044,14.586915887850468,0.9776785714285714,423.15378517622514,535,156.12347388267517
core,100,3000000.0,6,6,exclude,launch,0,0.0,prior,0.0,sa,12600.0,43200,293057.13874608645,0,267977.59722057293,25079.541525513538,0,0,0.0,0,10.104296583726496,40.04708142226794,7584.090639439221,995.0384233621095,7.6219073167180165,2.0076096053704915,304.5831350504633,0.0,0.07589285714285714,0.008928571428571428,2.4345209274400177,26.01818181818182,0.96875,778.1444355125326,165,60.21478724479675
core,100,3000000.0,13,5,exclude,launch,0,0.0,prior,0.0,sa,12600.0,43200,282850.4252385325,0,269455.93120347534,13394.494035057143,0,1,0.5908997527518638,1,11.54863554522297,44.33704157108605,6593.891938148332,900.5181115849786,7.322331281646956,2.003691353049203,302.2188996557221,0.0,0.003051881993896236,0.00508646998982706,1.1781177772687887,12.449728260869565,0.9775784753363229,359.40728988163477,736,163.38551259040833
core,100,3000000.0,12,5,exclude,launch,0,0.0,prior,0.0,sa,12600.0,43200,130504.78657055578,0,125977.76006236706,4527.026508188715,0,0,0.0,1,11.54863554522297,32.89576894233244,6593.891938148332,1213.389411773321,5.434275158633219,2.0042400837998535,302.54944377310125,0.0,0.015795868772782502,0.009720534629404616,1.3084537940150267,13.936274509803921,0.9730941704035875,382.2783616646054,612,171.61918926239014
core,100,3000000.0,7,6,exclude,launch,0,0.0,prior,0.0,sa,12600.0,43200,251352.10256442285,0,233279.16045743003,18072.94210699282,0,0,0.0,0,10.104296583726496,38.57236682507679,7584.090639439221,1033.5244941974197,7.3380850497680985,2.006748398221415,304.06270119641545,0.0,0.09646302250803858,0.00964630225080386,2.0387527619700876,21.99561403508772,0.9776785714285714,650.220989905832,228,80.23687219619751
core,100,3000000.0,14,5,exclude,launch,0,0.0,prior,0.0,sa,12600.0,43200,275276.5812755382,0,261049.8654967926,14226.715778745638,0,1,0.6071575197743123,1,11.54863554522297,45.28208452543347,6593.891938148332,881.8165589976079,7.47762317555461,2.0034814516992308,302.09250717131874,0.0,0.0035398230088495575,0.01327433628318584,1.100729053418588,11.665879574970484,0.9730941704035875,331.3802704906287,847,175.90872931480408
core,100,3000000.0,8,6,exclude,launch,0,0.0,prior,0.0,sa,12600.0,43200,218790.9079234014,0,204477.77916152388,14313.12876187751,0,0,0.0,0,10.104296583726496,40.077892955604355,7584.090639439221,995.11393245871,7.6213289675289575,2.0059139526751606,303.5588640559695,0.0,0.09620253164556962,0.017721518987341773,1.831196188949346,19.554794520547944,0.9820627802690582,584.0530597775445,292,92.94951581954956
core,100,3000000.0,15,5,exclude,launch,0,0.0,prior,0.0,sa,12600.0,43200,268928.68826645816,0,254852.1860933588,14076.502173099374,0,1,0.6214890922072502,1,11.54863554522297,45.4631373347397,6593.891938148332,878.3822974467175,7.506858866936939,2.0033047004535174,301.9860965856368,0.0,0.0015455950540958269,0.01313755795981453,1.0260346368376312,10.828689370485035,0.9730941704035875,311.9077751196307,969,193.11423468589783
core,100,3000000.0,9,6,exclude,launch,0,0.0,prior,0.0,sa,12600.0,43200,195733.48550179784,0,181838.1226150031,13895.362886794732,0,0,0.0,0,10.104296583726496,39.02193783817607,7584.090639439221,1022.2752017416452,7.418834601991953,2.0054568794605876,303.2830609363869,0.0,0.05976095617529881,0.02390438247011952,1.5774707027801458,16.96551724137931,0.9820627802690582,512.6142160443137,377,114.2894856929779
core,100,3000000.0,16,5,exclude,launch,0,0.0,prior,0.0,sa,12600.0,43200,261161.98608499975,0,248362.49463949542,12799.491445504325,0,1,0.6399715703066052,1,11.54863554522297,43.3768400764797,6593.891938148332,920.708266592053,7.16176032887728,2.003134141885357,301.8834319848216,0.0,0.0020297699594046007,0.005412719891745603,0.9699070971648293,10.13417951042611,0.9820627802690582,293.9090418806151,1103,214.16075253486633
core,100,3000000.0,4,7,exclude,launch,0,0.0,prior,0.0,sa,12600.0,43200,441721.5463657073,0,394087.9237228102,47633.62264289711,0,0,0.0,0,9.578630957114198,38.50252923085634,8018.5908986554505,1033.1478640800185,7.761319727254841,2.011121206824119,306.70982846683876,0.0,0.1346153846153846,0.0,3.506633696680587,35.01315789473684,0.9313304721030042,1247.071759388815,76,37.59739446640015
core,100,3000000.0,10,6,exclude,launch,0,0.0,prior,0.0,sa,12600.0,43200,169118.9690149775,0,160365.08346298142,8753.885551996125,0,0,0.0,0,10.104296583726496,35.253362550435256,7584.090639439221,1131.8034013152308,6.700890482062524,2.0050187804350976,303.0188247081753,0.0,0.03820598006644518,0.011627906976744186,1.4790358088364848,16.026785714285715,0.9775784753363229,455.7015504732428,448,128.82163953781128
core,100,3000000.0,17,5,exclude,launch,0,0.0,prior,0.0,sa,12600.0,43200,256253.8856892973,0,242694.692762195,13559.192927102333,0,1,0.6522291199199908,1,11.54863554522297,46.06503992348918,6593.891938148332,867.0406493731361,7.605055129670871,2.002991361005397,301.7975010754374,0.0,0.0006053268765133172,0.012711864406779662,0.9088893848453216,9.6045197740113,0.9820627802690582,274.50422872162125,1239,229.4499888420105
core,100,3000000.0,5,7,exclude,launch,0,0.0,prior,0.0,sa,12600.0,43200,334670.10413180786,0,303663.2012704706,31006.902861337243,0,0,0.0,0,9.578630957114198,39.80420700179854,8018.5908986554505,1000.354073347868,8.015752734249153,2.0091264261197823,305.50084316798535,0.0,0.0949367088607595,0.0189873417721519,2.9447017863848024,30.902654867256636,0.927038626609442,962.5376270247682,113,45.341705083847046
core,100,3000000.0,11,6,exclude,launch,0,0.0,prior,0.0,sa,12600.0,43200,422768.8758799613,0,376634.2060926154,46134.66978734592,0,1,0.6534435657341147,1,10.104296583726496,45.34681324225697,7584.090639439221,880.1771748051475,8.616550004399032,2.004347933459034,302.6144314330297,0.0,0.0125,0.008333333333333333,1.3615777346147666,14.560521415270019,0.963963963963964,418.959255367932,537,136.88151955604553
core,100,3000000.0,6,7,exclude,launch,0,0.0,prior,0.0,sa,12600.0,43200,279529.8724664714,0,258074.8072068049,21455.0652596665,0,0,0.0,0,9.578630957114198,38.91305734987921,8018.5908986554505,1023.9347193610512,7.831154415448631,2.0078088476199314,304.7036020023041,0.0,0.11255411255411256,0.021645021645021644,2.3708587569804966,24.935294117647057,0.9523809523809523,779.7005711610597,170,69.63569450378418
core,100,3000000.0,12,6,exclude,launch,0,0.0,prior,0.0,sa,12600.0,43200,409368.90607290005,0,363964.1618363295,45404.74423657054,0,1,0.6748170301428673,1,10.104296583726496,42.34191948535625,7584.090639439221,942.7611007892482,8.044551936954202,2.0040926265162327,302.4606007872801,0.0,0.013002364066193853,0.009456264775413711,1.2691882066223348,13.739268680445152,0.9641255605381166,380.8369012045153,629,158.15966057777405
core,100,3000000.0,13,6,exclude,launch,0,0.0,prior,0.0,sa,12600.0,43200,400328.1711082059,0,356366.760617272,43961.41049093392,0,1,0.6900608307102338,1,10.104296583726496,42.431392610109775,7584.090639439221,940.8946080914372,8.060510257172385,2.00383390933567,302.30475525964033,0.0,0.0050968399592252805,0.007135575942915392,1.1861525254945349,12.493844049247606,0.9596412556053812,360.19334097435416,731,158.542405128479
core,100,3000000.0,18,5,exclude,launch,0,0.0,prior,0.0,sa,12600.0,43200,249624.90916656677,0,237284.82248917205,12340.086677394705,0,1,0.6695495529562083,1,11.54863554522297,45.13972044235624,6593.891938148332,884.8711424816021,7.451810350212014,2.0028622905430824,301.7198321379953,0.0,0.0,0.010804970286331712,0.8591070023854287,9.082733812949641,0.9865470852017937,259.5306823912748,1390,259.9375822544098
core,100,3000000.0,7,7,exclude,launch,0,0.0,prior,0.0,sa,12600.0,43200,236321.29095317624,0,219930.21828793432,16391.07266524192,0,0,0.0,0,9.578630957114198,37.11184648492802,8018.5908986554505,1074.1540787590804,7.465028581299016,2.0068311895486666,304.1127132743949,0.0,0.10032362459546926,0.012944983818770227,2.0382872801207172,21.67105263157895,0.9393939393939394,668.4257824772828,228,85.56576228141785
core,100,3000000.0,14,6,exclude,launch,0,0.0,prior,0.0,sa,12600.0,43200,391885.8992443574,0,347513.6067612131,44372.29248314437,0,1,0.7049112979983141,1,10.104296583726496,42.62462509415262,7584.090639439221,936.6954615394134,8.09664501520605,2.0036921596862527,302.2193854246963,0.0,0.010407632263660017,0.023417172593235037,1.0634027966282427,11.335260115606937,0.9641255605381166,335.5749574430277,865,181.25186324119568
core,100,3000000.0,8,7,exclude,launch,0,0.0,prior,0.0,sa,12600.0,43200,199039.87040807845,0,188589.1457068727,10450.724701205785,0,0,0.0,0,9.578630957114198,33.674748140005036,8018.5908986554505,1184.2326509535515,6.771128031471545,2.006081624010247,303.660070251329,0.0,0.04580152671755725,0.005089058524173028,1.8503748099563548,19.7439446366782,0.956140350877193,575.6338030688744,289,105.87770676612854
core,100,3000000.0,15,6,exclude,launch,0,0.0,prior,0.0,sa,12600.0,43200,382129.85700045346,0,339524.97398894763,42604.88301150583,0,1,0.7229304204878398,1,10.104296583726496,42.52335483466557,7584.090639439221,939.0597653037808,8.07625980758084,2.003407214133693,302.0478112126618,0.0,0.0038314176245210726,0.006130268199233717,1.0250501570611732,10.844102564102563,0.972972972972973,309.15056503235803,975,196.17711186408997
core,100,3000000.0,5,8,exclude,launch,0,0.0,prior,0.0,sa,12600.0,43200,342951.8052220484,0,318404.3639530413,24547.441269007068,0,0,0.0,0,11.375354133388866,38.23682628132811,6699.414751861177,1041.3526248488574,6.433377697428414,2.0091406146627895,305.5094340485977,0.0,0.11834319526627218,0.01775147928994083,2.683992225337353,28.016,0.946524064171123,960.4543898656513,125,55.29074501991272
core,100,3000000.0,9,7,exclude,launch,0,0.0,prior,0.0,sa,12600.0,43200,182745.53026195272,0,172867.22483195274,9878.30542999998,0,0,0.0,0,9.578630957114198,33.98773139323231,8018.5908986554505,1173.6344167060965,6.832273137626876,2.005556830964583,303.3433620898605,0.0,0.052845528455284556,0.012195121951219513,1.6370658780573764,17.24590163934426,0.9650655021834061,525.1050783069686,366,122.83756113052368
core,100,3000000.0,10,7,exclude,launch,0,0.0,prior,0.0,sa,12600.0,43200,312575.6940520098,0,282941.6510272238,29634.04302478594,0,1,0.5006901759332827,1,9.578630957114198,44.63433521051645,8018.5908986554505,894.0112168878953,8.9692285143453,2.0048318283219846,302.90610096267073,0.0,0.01675041876046901,0.01675041876046901,1.5034615987581625,16.0744920993228,0.9475982532751092,465.6488357283455,443,121.2492847442627
core,100,3000000.0,16,6,exclude,launch,0,0.0,prior,0.0,sa,12600.0,43200,374902.64170749526,0,332196.78583535395,42705.85587214136,0,1,0.7368726659476632,1,10.104296583726496,43.01990293246795,7584.090639439221,928.2785102095676,8.170059476791122,2.003282809413162,301.9729186991899,0.0,0.006064690026954178,0.014150943396226415,0.9492843612940517,10.1695067264574,0.968609865470852,289.7630837334954,1115,219.60023951530457
core,100,3000000.0,6,8,exclude,launch,0,0.0,prior,0.0,sa,12600.0,43200,282563.4367797156,0,261275.65490065486,21287.78187906071,0,0,0.0,0,11.375354133388866,37.58124261731622,6699.414751861177,1060.277519201841,6.31854833336878,2.007702213714035,304.6391254572502,0.0,0.10300429184549356,0.008583690987124463,2.3357140475864915,25.00581395348837,0.9623655913978495,765.0293164128017,172,63.72728109359741
core,100,3000000.0,11,7,exclude,launch,0,0.0,prior,0.0,sa,12600.0,43200,298140.76317214925,0,269809.44469619176,28331.318475957527,0,1,0.5249669124258881,1,9.578630957114198,43.12125065833584,8018.5908986554505,925.5466897825695,8.66362657570434,2.004473443211376,302.69006943507503,0.0,0.017955801104972375,0.013812154696132596,1.3616103707428215,14.45910780669145,0.9605263157894737,421.12786276875033,538,142.64438700675964
core,100,3000000.0,7,8,exclude,launch,0,0.0,prior,0.0,sa,12600.0,43200,241619.1772823433,0,224568.31978753014,17050.857494813175,0,0,0.0,0,11.375354133388866,36.19612330173459,6699.414751861177,1101.3172857647908,6.083092346279559,2.0068525852978234,304.1256385562732,0.0,0.07430340557275542,0.015479876160990712,1.9445038589534374,21.01673640167364,0.9513513513513514,664.9415788254132,239,82.0144567489624
core,100,3000000.0,12,7,exclude,launch,0,0.0,prior,0.0,sa,12600.0,43200,284594.30183070526,0,258573.76624545734,26020.535585247904,0,1,0.5499993166559277,1,9.578630957114198,43.04109170082416,8018.5908986554505,927.4202353677256,8.64612458609559,2.0041496220720845,302.49493905225296,0.0,0.005917159763313609,0.011834319526627219,1.2651330071486289,13.426307448494454,0.9605263157894737,389.2642789954499,631,157.4171757698059
core,100,3000000.0,8,8,exclude,launch,0,0.0,prior,0.0,sa,12600.0,43200,205695.2743811313,0,195325.1196184776,10370.154762653727,0,0,0.0,0,11.375354133388866,35.914010389156175,6699.414751861177,1110.3630008327518,6.03353565170736,2.0061393708812463,303.694930091193,0.0,0.08232445520581114,0.01694915254237288,1.6868992386633868,18.36190476190476,0.9782608695652174,573.6248672842024,315,100.9278929233551
core,100,3000000.0,13,7,exclude,launch,0,0.0,prior,0.0,sa,12600.0,43200,273724.99075287505,0,248913.35496061918,24811.63579225591,0,1,0.5717750823011895,1,9.578630957114198,42.51252043172413,8018.5908986554505,939.0746295273475,8.53882177893715,2.0038860673821643,302.33617088520805,0.0,0.005076142131979695,0.01015228426395939,1.1721015278518216,12.335142469470828,0.9647577092511013,357.3781546293429,737,172.6063437461853
core,100,3000000.0,14,7,exclude,launch,0,0.0,prior,0.0,sa,12600.0,43200,264639.714725722,0,240163.35892623122,24476.355799490757,0,1,0.5914503930575791,1,9.578630957114198,41.67268591568351,8018.5908986554505,958.1179014697942,8.369106647892275,2.0036392912850944,302.1875481033741,0.0,0.0026690391459074734,0.005338078291814947,1.117319381341418,11.75952380952381,0.9473684210526315,333.3709354314737,840,191.34642243385315
core,100,3000000.0,9,8,exclude,launch,0,0.0,prior,0.0,sa,12600.0,43200,183241.30241371263,0,173802.82158355138,9438.480830161252,0,0,0.0,0,11.375354133388866,35.94898090032617,6699.414751861177,1109.6379153556954,6.037478225240414,2.005497458331819,303.30754161352434,0.0,0.06470588235294118,0.013725490196078431,1.5693602906357185,16.88051948051948,0.9619565217391305,506.4526189882567,385,119.49549078941345
core,100,3000000.0,15,7,exclude,launch,0,0.0,prior,0.0,sa,12600.0,43200,257199.6555800623,0,233492.26836933225,23707.38721073006,0,1,0.6085754173915282,1,9.578630957114198,41.32296943637665,8018.5908986554505,966.3104392782875,8.298151994140031,2.0034651558513135,302.08269570231005,0.0,0.0015600624024961,0.00546021840873635,1.0411000484087587,10.892819979188346,0.960352422907489,313.52189016239913,961,202.54696798324585
core,100,3000000.0,10,8,exclude,launch,0,0.0,prior,0.0,sa,12600.0,43200,164252.75675328108,0,155964.18211062273,8288.574642658361,0,0,0.0,0,11.375354133388866,37.59981879601154,6699.414751861177,1061.1633917145878,6.313273529947651,2.0050350821222365,303.0286548889351,0.0,0.04032258064516129,0.01935483870967742,1.4271180353527477,15.546436285097192,0.9725274725274725,460.0150537682355,463,137.06802988052368
core,100,3000000.0,4,9,exclude,launch,0,0.0,prior,0.0,sa,12600.0,43200,445225.0554812713,0,407406.10636807216,37818.94911319909,0,0,0.0,0,9.704835701495995,45.84350892632743,7909.979841733408,867.869806763578,9.114247068037725,2.0107475849219956,306.4832041276942,0.0,0.1414141414141414,0.0,3.6829678190370583,36.93055555555556,0.9611111111111111,1257.6651144420812,72,41.41639232635498
core,100,3000000.0,11,8,exclude,launch,0,0.0,prior,0.0,sa,12600.0,43200,148573.8001089837,0,142261.32713551627,6312.472973467433,0,0,0.0,0,11.375354133388866,34.74931789687444,6699.414751861177,1148.3912232735447,5.8337390743584505,2.004720531095803,302.83900368162983,0.0,0.03234501347708895,0.01752021563342318,1.3102387102479718,14.275675675675675,0.9834254143646409,416.34968310148884,555,154.46325421333313
core,100,3000000.0,5,9,exclude,launch,0,0.0,prior,0.0,sa,12600.0,43200,356085.62997647154,0,318322.88390174916,37762.746074722454,0,0,0.0,0,9.704835701495995,41.97540349632322,7909.979841733408,948.7838829425493,8.33696691516457,2.0087588758286445,305.27834086892136,0.0,0.13043478260869565,0.0,2.893652259155611,30.42241379310345,0.9720670391061452,919.2589296188444,116,54.2755081653595
core,100,3000000.0,12,8,exclude,launch,0,0.0,prior,0.0,sa,12600.0,43200,282213.4368899294,0,273397.3970006111,8816.039889318321,0,1,0.53799751048519,1,11.375354133388866,42.399506372437514,6699.414751861177,941.4647726589994,7.115948409774138,2.0041264147309743,302.48095702814413,0.0,0.013856812933025405,0.012702078521939953,1.2383260793112871,13.406201550387596,0.9834254143646409,379.1540483861121,645,155.79131698608398
core,100,3000000.0,13,8,exclude,launch,0,0.0,prior,0.0,sa,12600.0,43200,271147.753753301,0,263819.1885584591,7328.565194841885,0,1,0.5599534732284424,1,11.375354133388866,42.56771592249038,6699.414751861177,937.8431883059591,7.1434274251780145,2.0039155297256928,302.35391724732534,0.0,0.015873015873015872,0.018849206349206348,1.1357172341907256,12.214569536423841,0.9834254143646409,357.2562079682388,755,170.3438777923584
core,100,3000000.0,6,9,exclude,launch,0,0.0,prior,0.0,sa,12600.0,43200,287145.109073084,0,266466.6356284788,20678.473444605243,0,0,0.0,0,9.704835701495995,38.879289985711736,7909.979841733408,1024.995165826608,7.717089899984455,2.007473609139738,304.50092193391464,0.0,0.11013215859030837,0.0,2.4138078841098447,25.50595238095238,0.9833333333333333,782.5693599039186,168,68.53550481796265
core,100,3000000.0,7,9,exclude,launch,0,0.0,prior,0.0,sa,12600.0,43200,246517.02101006816,0,229600.32557778325,16916.695432284898,0,0,0.0,0,9.704835701495995,39.213313809550314,7909.979841733408,1016.7278926884954,7.779839521090883,2.0065579372465168,303.9476643101888,0.0,0.08881578947368421,0.009868421052631578,2.0578801599025107,21.823788546255507,0.9720670391061452,669.9522899998616,227,87.69455885887146
core,100,3000000.0,14,8,exclude,launch,0,0.0,prior,0.0,sa,12600.0,43200,262775.6423571196,0,254736.90743058413,8038.734926535446,0,1,0.5777937601458132,1,11.375354133388866,41.79982921070098,6699.414751861177,955.1829972097562,7.0137500054243525,2.0036824603794887,302.21354438202707,0.0,0.0026086956521739132,0.017391304347826087,1.074167158478221,11.680603948896632,0.9779005524861878,326.33730773358525,861,195.92260885238647
core,100,3000000.0,8,9,exclude,launch,0,0.0,prior,0.0,sa,12600.0,43200,214195.18107467046,0,202058.93525531684,12136.245819353628,0,0,0.0,0,9.704835701495995,41.03956693585985,7909.979841733408,971.8452017127861,8.139135561705515,2.00581152765026,303.4970487462447,0.0,0.07788944723618091,0.01256281407035176,1.7817846889406508,18.94314381270903,0.9887640449438202,587.9267512026166,299,102.22465896606445
core,100,3000000.0,15,8,exclude,launch,0,0.0,prior,0.0,sa,12600.0,43200,253744.91083655434,0,247511.57681722462,6233.334019329712,0,1,0.5983573265437836,1,11.375354133388866,41.5280201572123,6699.414751861177,961.5226618998097,6.967505829373009,2.003499488264134,302.10336688391374,0.0,0.003779289493575208,0.012849584278155708,0.9979245294873307,10.766064257028113,0.9833333333333333,304.5517257790521,996,202.0876431465149
core,100,3000000.0,9,9,exclude,launch,0,0.0,prior,0.0,sa,12600.0,43200,186161.5872437177,0,176574.4534593496,9587.133784368076,0,0,0.0,0,9.704835701495995,38.275524908802836,7909.979841733408,1042.2972193936303,7.588986801994099,2.005290297542639,303.18257470001015,0.0,0.037037037037037035,0.012345679012345678,1.6615623336750365,17.944444444444443,0.9775280898876404,513.5261130786042,360,114.71443796157837
core,100,3000000.0,4,10,exclude,launch,0,0.0,prior,0.0,sa,12600.0,43200,462837.3661235887,0,411006.3696309404,51830.99649264833,0,0,0.0,0,9.684680006655784,44.924730093664486,7927.135773030543,885.5375232523324,8.951778512915391,2.010932726350445,306.5954931619033,0.0,0.2079207920792079,0.019801980198019802,3.6609435598886693,36.205479452054796,0.9103139013452914,1281.2895248010834,73,40.87611103057861
core,100,3000000.0,16,8,exclude,launch,0,0.0,prior,0.0,sa,12600.0,43200,245345.51058756205,0,239534.98382638214,5810.526761179914,0,1,0.6188420815552848,1,11.375354133388866,41.57387064905813,6699.414751861177,960.5738484562561,6.974388031308417,2.0032666806712447,301.963209763529,0.0,0.0020463847203274215,0.006139154160982265,0.9702978161675426,10.490018148820326,0.9888888888888889,284.0039987045676,1102,227.07119178771973
core,100,3000000.0,5,10,exclude,launch,0,0.0,prior,0.0,sa,12600.0,43200,350174.65471745795,0,315507.94423638965,34666.710481068294,0,0,0.0,0,9.684680006655784,43.44389264223558,7927.135773030543,916.64235770821,8.648013815169936,2.0089139439319315,305.3722038780855,0.0,0.08496732026143791,0.006535947712418301,3.004868345783846,31.35135135135135,0.9406392694063926,957.7126863190139,111,46.78641366958618
core,100,3000000.0,10,9,exclude,launch,0,0.0,prior,0.0,sa,12600.0,43200,168517.795257715,0,160499.6118002925,8018.183457422502,0,0,0.0,1,9.704835701495995,26.40832951596719,7909.979841733408,1510.689086469512,5.236007801061879,2.0052751172469154,303.17341840674,0.0,0.052805280528052806,0.0231023102310231,1.4717265001916693,15.640176600441501,0.9887640449438202,466.87353895972706,453,141.0147602558136
core,100,3000000.0,11,9,exclude,launch,0,0.0,prior,0.0,sa,12600.0,43200,341949.5209294756,0,329306.16254260275,12643.358386872844,0,1,0.5754578809493716,1,9.704835701495995,44.47257094198407,7909.979841733408,897.5049313723371,8.813299587823535,2.0042916026465827,302.5804869439325,0.0,0.016551724137931035,0.011034482758620689,1.3506841780289933,14.375690607734807,0.9831460674157303,423.3570999266326,543,143.4501359462738
core,100,3000000.0,17,8,exclude,launch,0,0.0,prior,0.0,sa,12600.0,43200,240207.18329306715,0,234048.90727444127,6158.276018625868,0,1,0.6320798753424846,1,11.375354133388866,42.78767925666546,6699.414751861177,933.3879409251051,7.177524433432483,2.003129697935562,301.88075726408783,0.0,0.0005973715651135006,0.011350059737156512,0.9001949028167622,9.770151636073424,0.9833333333333333,268.1535579094341,1253,240.046569108963
core,100,3000000.0,6,10,exclude,launch,0,0.0,prior,0.0,sa,12600.0,43200,295190.70075821504,0,269401.05318250094,25789.64757571416,0,0,0.0,0,9.684680006655784,39.84036521569396,7927.135773030543,1000.1959694526489,7.925582600946312,2.0076202886815087,304.58959384878204,0.0,0.06578947368421052,0.0043859649122807015,2.3445072385728167,24.352941176470587,0.9493087557603687,790.235516950849,170,69.60721945762634
core,100,3000000.0,12,9,exclude,launch,0,0.0,prior,0.0,sa,12600.0,43200,330175.5866705353,0,316730.6650194697,13444.921651065655,0,1,0.5959784873558256,1,9.704835701495995,42.48806439112969,7909.979841733408,939.5572524746435,8.418837511923607,2.004009570128657,302.41056507297924,0.0,0.005875440658049354,0.009400705052878966,1.2568973267151609,13.307210031347962,0.9831460674157303,388.3573932345616,638,150.76668691635132
core,100,3000000.0,18,8,exclude,launch,0,0.0,prior,0.0,sa,12600.0,43200,234266.534828085,0,228770.94822456082,5495.586603524142,0,1,0.6481084743225093,1,11.375354133388866,42.03969700021567,6699.414751861177,950.046473449572,7.051670564636624,2.003021263134144,301.8154962897643,0.0,0.0005379236148466917,0.011834319526627219,0.8528976961148685,9.253934191702433,0.9888888888888889,252.87597244253038,1398,260.8204412460327
core,100,3000000.0,13,9,exclude,launch,0,0.0,prior,0.0,sa,12600.0,43200,318033.51758230233,0,305693.4985731061,12340.019009196269,0,1,0.6187321015773342,1,9.704835701495995,42.89388390525494,7909.979841733408,930.8008946515589,8.498036354696966,2.0037236441748165,302.23834616267203,0.0,0.011156186612576065,0.015212981744421906,1.1792344568159847,12.563858695652174,0.9831460674157303,356.615518418653,736,165.56279683113098
core,100,3000000.0,7,10,exclude,launch,0,0.0,prior,0.0,sa,12600.0,43200,242003.1520411089,0,227162.16629502355,14840.98574608536,0,0,0.0,0,9.684680006655784,44.18268812348294,7927.135773030543,902.398712126539,8.784515831532968,2.0065010201192885,303.9132910503506,0.0,0.05423728813559322,0.006779661016949152,2.1486212225253882,22.69724770642202,0.944954128440367,674.7004495327483,218,90.08475232124329
core,100,3000000.0,4,11,exclude,launch,0,0.0,prior,0.0,sa,12600.0,43200,477945.4308568489,0,426468.1350312109,51477.29582563801,0,0,0.0,0,9.578630957114202,46.78222105758188,8018.590898655449,850.6365041440325,9.426577462395988,2.010319726204826,306.2237847475785,0.0,0.15384615384615385,0.0,3.5133695616346863,36.63157894736842,0.9478672985781991,1227.550090430377,76,33.09159731864929
core,100,3000000.0,8,10,exclude,launch,0,0.0,prior,0.0,sa,12600.0,43200,216770.98108477687,0,201857.09261487602,14913.888469900838,0,0,0.0,0,9.684680006655784,40.32745824497078,7927.135773030543,988.9631380589894,8.015602875339633,2.005898864341601,303.5497575851168,0.0,0.04871794871794872,0.007692307692307693,1.8407464967297875,19.536332179930795,0.9723502304147466,590.2332846180288,289,103.54410099983215
core,100,3000000.0,14,9,exclude,launch,0,0.0,prior,0.0,sa,12600.0,43200,308985.5688732692,0,297736.2154463857,11249.353426883466,0,1,0.6368502821128094,1,9.704835701495995,43.786222115222884,7909.979841733408,911.9465044961519,8.673732288829433,2.0034714047318753,302.08645803436895,0.0,0.005314437555358724,0.006200177147918512,1.1149638884427813,11.805225653206652,0.9887005649717514,330.27065395717153,842,179.31034636497498
core,100,3000000.0,9,10,exclude,launch,0,0.0,prior,0.0,sa,12600.0,43200,190018.0688952181,0,179626.93989439576,10391.129000822364,0,0,0.0,0,9.684680006655784,33.31016872539875,7927.135773030543,1197.5594173473153,6.6194091568247595,2.0054696049663825,303.2907379533762,0.0,0.048879837067209775,0.012219959266802444,1.6483872150106698,17.24175824175824,0.9720930232558139,524.9941647526879,364,112.83175754547119
core,100,3000000.0,15,9,exclude,launch,0,0.0,prior,0.0,sa,12600.0,43200,300598.6381351819,0,290404.04078240856,10194.597352773355,0,1,0.6546188895813865,1,9.704835701495995,43.554957025759066,7909.979841733408,916.8611263626417,8.627238754372504,2.003313131477506,301.99117193855983,0.0,0.0031007751937984496,0.008527131782945736,1.0355659646915516,10.900826446280991,0.9887005649717514,310.7975026936945,968,194.16060185432434
core,100,3000000.0,5,11,exclude,launch,0,0.0,prior,0.0,sa,12600.0,43200,360959.1886016994,0,329409.9428182201,31549.245783479328,0,0,0.0,0,9.578630957114202,45.62170323540052,8018.590898655449,873.1491996919963,9.183528887713589,2.0083066742909086,305.0047048258776,0.0,0.0880503144654088,0.0,2.9920202290164277,31.858407079646017,0.9571428571428572,930.3746408595248,113,56.52801561355591
core,100,3000000.0,10,10,exclude,launch,0,0.0,prior,0.0,sa,12600.0,43200,169046.20620141353,0,161041.8137295494,8004.39247186413,0,0,0.0,1,9.684680006655784,26.566403118987285,7927.135773030543,1501.7174281043758,5.278713308293291,2.0052522285338075,303.1596128916558,0.0,0.02577319587628866,0.010309278350515464,1.5426965290043833,16.03448275862069,0.9720930232558139,473.04139673943354,435,134.30770182609558
core,100,3000000.0,11,10,exclude,launch,0,0.0,prior,0.0,sa,12600.0,43200,273888.2430025381,0,243990.98611357893,29897.25688895918,0,1,0.45708087764737504,1,9.684680006655784,42.55308769951629,7927.135773030543,937.9616031836181,8.451450193829206,2.0043513285250327,302.6164773329994,0.0,0.01276595744680851,0.00425531914893617,1.3982739059422087,14.601134215500945,0.9534883720930233,423.9941579978168,529,135.2920286655426
core,100,3000000.0,6,11,exclude,launch,0,0.0,prior,0.0,sa,12600.0,43200,306373.3076168924,0,281825.90329054306,24547.4043263493,0,0,0.0,0,9.578630957114202,44.48783105949483,8018.590898655449,895.968438005268,8.949635454243872,2.0070400691307855,304.23891025048096,0.0,0.06363636363636363,0.0,2.4691729761154715,26.14723926380368,0.9569377990430622,777.2383809005293,163,68.43523812294006
core,100,3000000.0,7,11,exclude,launch,0,0.0,prior,0.0,sa,12600.0,43200,264285.74580936146,0,240737.59725453472,23548.148554826766,0,0,0.0,0,9.578630957114202,44.062465117513675,8018.590898655449,905.005637160938,8.86026624520295,2.0061800718888847,303.7195011198962,0.0,0.07028753993610223,0.009584664536741214,2.060408821165126,22.213973799126638,0.9521531100478469,647.3367612708192,229,86.14472889900208
core,100,3000000.0,12,10,exclude,launch,0,0.0,prior,0.0,sa,12600.0,43200,245024.9369361801,0,233961.42510118757,11063.511834992534,0,1,0.4326848208459488,1,9.684680006655784,42.82129749105932,7927.135773030543,932.2232109744931,8.503473931682056,2.0040578441185866,302.43964630081916,0.0,0.017772511848341232,0.014218009478672985,1.2762852914708254,13.181818181818182,0.9577464788732394,398.19071067462295,627,158.99545741081238
core,100,3000000.0,13,10,exclude,launch,0,0.0,prior,0.0,sa,12600.0,43200,231312.20826949718,0,222370.8641806879,8941.344088809246,0,1,0.4583353889281151,1,9.684680006655784,42.503939099771976,7927.135773030543,939.303550830675,8.439375924875579,2.003802168491868,302.28563804069273,0.0,0.007113821138211382,0.009146341463414634,1.1861530023227833,12.366120218579235,0.9765258215962441,361.9510827550426,732,162.79287147521973
core,100,3000000.0,8,11,exclude,launch,0,0.0,prior,0.0,sa,12600.0,43200,229936.56007908715,0,211500.65032744905,18435.909751638097,0,0,0.0,0,9.578630957114202,38.11541657029142,8018.590898655449,1046.5096601896928,7.662223487934149,2.00560809926902,303.37429479463543,0.0,0.05513784461152882,0.015037593984962405,1.8158561574358871,19.663265306122447,0.9569377990430622,571.4036356235441,294,109.28549146652222
core,100,3000000.0,14,10,exclude,launch,0,0.0,prior,0.0,sa,12600.0,43200,221853.51048933598,0,213790.54681768347,8062.9636716525,0,1,0.4778764631994303,1,9.684680006655784,42.064645459113734,7927.135773030543,949.214934369056,8.351254795943257,2.0035869376073485,302.1560224008287,0.0,0.005314437555358724,0.0044286979627989375,1.1120114393524334,11.536266349583828,0.9671361502347418,337.9076030228607,841,175.83401107788086
core,100,3000000.0,4,12,exclude,launch,0,0.0,prior,0.0,sa,12600.0,43200,466196.68216320325,0,412047.19897079375,54149.483192409534,0,0,0.0,0,9.578630957114198,39.24113391494845,8018.5908986554505,1013.6643861135491,7.91049878885379,2.0111953227717274,306.7547942386253,0.0,0.1553398058252427,0.0,3.565673084550153,35.421052631578945,0.9495412844036697,1235.499707002106,76,39.318784952163696
core,100,3000000.0,9,11,exclude,launch,0,0.0,prior,0.0,sa,12600.0,43200,199283.87080820987,0,185928.33649294515,13355.534315264733,0,0,0.0,0,9.578630957114202,37.19009202772152,8018.590898655449,1072.8197615117147,7.47431319437705,2.005099687344236,303.06761444984437,0.0,0.038461538461538464,0.008097165991902834,1.6348901688114972,17.918032786885245,0.9663461538461539,501.0805949602985,366,127.72980761528015
core,100,3000000.0,15,10,exclude,launch,0,0.0,prior,0.0,sa,12600.0,43200,213727.77596019412,0,206044.5358312879,7683.240128906204,0,1,0.4960448891807436,1,9.684680006655784,43.894122936540676,7927.135773030543,909.7463187566411,8.713567298480124,2.003379864276627,302.0313456107348,0.0,0.003105590062111801,0.008540372670807454,1.028609230433765,10.688016528925619,0.9765258215962441,315.86848439224605,968,197.25761079788208
core,100,3000000.0,10,11,exclude,launch,0,0.0,prior,0.0,sa,12600.0,43200,211091.1589167182,0,200021.01888848233,11070.140028235877,0,1,0.15849699342150858,1,9.578630957114202,47.13018281198005,8018.590898655449,846.7954553664351,9.469336246243257,2.0045290019686277,302.72355473882624,0.0,0.026687598116169546,0.01726844583987441,1.3918852501868608,15.213080168776372,0.9519230769230769,452.24493008003077,474,132.83379077911377
core,100,3000000.0,5,12,exclude,launch,0,0.0,prior,0.0,sa,12600.0,43200,348386.2623330949,0,318631.80503475474,29754.45729834023,0,0,0.0,0,9.578630957114198,42.89596923727752,8018.5908986554505,928.2221512495026,8.638654968383838,2.0091926165161595,305.5409211692195,0.0,0.12578616352201258,0.006289308176100629,2.875137448986098,29.60169491525424,0.944954128440367,957.320061543036,118,52.80574369430542
core,100,3000000.0,6,12,exclude,launch,0,0.0,prior,0.0,sa,12600.0,43200,304801.64601456455,0,275334.34939136065,29467.29662320391,0,0,0.0,0,9.578630957114198,38.859437307076675,8018.5908986554505,1025.351058418664,7.82033707657359,2.0078020591748365,304.6994971431121,0.0,0.12608695652173912,0.004347826086956522,2.351923408874722,24.17058823529412,0.9532710280373832,807.8587973130958,170,67.57497954368591
core,100,3000000.0,11,11,exclude,launch,0,0.0,prior,0.0,sa,12600.0,43200,192618.22783704885,0,182940.21741579473,9678.010421254115,0,1,0.1736975487826929,1,9.578630957114202,46.82599908228797,8018.590898655449,852.4730844234214,9.406268708271185,2.0041132486005946,302.47302480457165,0.0,0.026737967914438502,0.020053475935828877,1.326019546426464,14.536101083032491,0.9519230769230769,410.9957942364887,554,149.46338415145874
core,100,3000000.0,12,11,exclude,launch,0,0.0,prior,0.0,sa,12600.0,43200,182226.23979032485,0,174234.41460137727,7991.825188947585,0,1,0.1836031631046037,1,9.578630957114202,47.938266810908075,8018.590898655449,832.7974266088049,9.62850105253996,2.0038641897736094,302.32299345294746,0.0,0.017201834862385322,0.021788990825688075,1.2193046654818678,13.2073732718894,0.9663461538461539,380.8405260144251,651,163.02013874053955
core,100,3000000.0,7,12,exclude,launch,0,0.0,prior,0.0,sa,12600.0,43200,240380.5824860341,0,226897.26636643754,13483.316119596586,0,0,0.0,0,9.578630957114198,38.790764446515546,8018.5908986554505,1027.6993641774386,7.8024675096237495,2.0067605778357898,304.07005832527585,0.0,0.08754208754208755,0.006734006734006734,2.1323575785628535,22.442922374429223,0.9579439252336449,658.6372674343387,219,90.0631856918335
core,100,3000000.0,8,12,exclude,launch,0,0.0,prior,0.0,sa,12600.0,43200,214048.95795454524,0,200500.83077664083,13548.127177904411,0,0,0.0,0,9.578630957114198,36.84107555027625,8018.5908986554505,1082.452132937362,7.4078018368313945,2.0060834073545992,303.6611467662721,0.0,0.041666666666666664,0.010416666666666666,1.8552400080458138,19.571428571428573,0.9858490566037735,589.1724389143875,287,99.91776514053345
ring,50,1500000.0,2,1,exclude,launch,0,0.0,prior,0.0,sa,12600.0,43200,331062.12189724867,0,273169.35683439777,57892.7650628509,0,0,0.0,0,4.934279871545503,2.9819591437566983,7773.219404112283,6658.340007113507,1.1674410432341518,2.0146162558500995,308.8338439905824,0.0,0.0,0.0,4.012888815027744,23.5,0.9090909090909091,2065.941264877541,34,17.25568389892578
core,100,3000000.0,13,11,exclude,launch,0,0.0,prior,0.0,sa,12600.0,43200,170862.14453488876,0,162519.70822418173,8342.436310707062,0,1,0.19581466753350857,1,9.578630957114202,46.448172586181435,8018.590898655449,859.6428155198098,9.327817035040022,2.0035644484579533,302.14248066261496,0.0,0.013779527559055118,0.008858267716535433,1.1401539951074053,12.187418086500655,0.9663461538461539,353.68981458223277,763,176.4718370437622
ring,50,1500000.0,3,1,exclude,launch,0,0.0,prior,0.0,sa,12600.0,43200,237124.1511669252,0,207980.88176746803,29143.269399457156,0,0,0.0,0,4.934279871545503,3.0064844115919005,7773.219404112283,6609.008982643383,1.1761550672009005,2.013096958950527,307.9096344704419,0.0,0.0,0.0,2.702143629952648,14.04109589041096,0.9351851851851852,1582.9857372130232,73,19.112107276916504
ring,50,1500000.0,4,1,exclude,launch,0,0.0,prior,0.0,sa,12600.0,43200,251145.7363340774,0,217267.97937755176,33877.75695652564,0,0,0.0,0,4.934279871545503,2.9466080293297563,7773.219404112283,6734.530276426476,1.1542333444281379,2.0157205048135376,309.50644316960023,0.0,0.005555555555555556,0.0,2.016430445194723,7.432835820895522,0.9158878504672897,1661.9787858469813,134,21.46697449684143
ring,50,1500000.0,5,1,exclude,launch,0,0.0,prior,0.0,sa,12600.0,43200,394636.8931728007,0,326646.67425164825,67990.21892115247,0,0,0.0,2,4.934279871545503,2.883544685441896,7773.219404112283,6826.030838458638,1.1387612491167014,2.032193506883151,319.62703069552117,0.0,0.0,0.0,1.6038977219026134,3.1857142857142855,0.8504672897196262,2450.449662902027,210,17.404401540756226
core,100,3000000.0,14,11,exclude,launch,0,0.0,prior,0.0,sa,12600.0,43200,158326.19103140174,0,151308.83905268877,7017.351978712976,0,1,0.21131888418591474,1,9.578630957114202,47.65549001715336,8018.590898655449,837.9505709364441,9.56928866304649,2.0033583764861778,302.01840949949366,0.0,0.006944444444444444,0.015625,1.0778794787634154,11.664719626168225,0.9565217391304348,326.9828916739513,856,191.74116587638855
ring,50,1500000.0,2,2,exclude,launch,0,0.0,prior,0.0,sa,12600.0,43200,292808.1066546983,0,257494.8431910754,35313.263463622934,0,0,0.0,0,4.841458625364342,3.007448140689315,7928.639575087385,6596.162061580786,1.2020080011780772,2.0163713903642453,309.9032409452848,0.0,0.0,0.0,4.02021752580155,23.323529411764707,0.9272727272727272,2082.130155990702,34,13.30316424369812
core,100,3000000.0,9,12,exclude,launch,0,0.0,prior,0.0,sa,12600.0,43200,186429.77300687076,0,177740.58133018305,8689.1916766877,0,0,0.0,0,9.578630957114198,34.99690850473336,8018.5908986554505,1139.7867909433623,7.035167421109292,2.0055647383185264,303.348132884882,0.0,0.050505050505050504,0.014141414141414142,1.6425440042578743,17.281420765027324,0.9811320754716981,514.7735866530174,366,118.67192220687866
ring,50,1500000.0,6,1,exclude,launch,0,0.0,prior,0.0,sa,12600.0,43200,4583161.543815954,0,4251277.318429179,331884.2253867757,0,31,0.982124282821568,46,4.934279871545503,2.987244196865924,7773.219404112283,6420.86839362591,1.2106180858384936,2.085429423678724,353.4471101362581,0.0,0.0,0.005012531328320802,1.350902589129138,1.3311036789297659,0.35514018691588783,4149.686782795235,299,20.511836767196655
ring,50,1500000.0,3,2,exclude,launch,0,0.0,prior,0.0,sa,12600.0,43200,249098.38262583062,0,214956.34258931773,34142.040036512895,0,0,0.0,0,4.841458625364342,2.9892133705732467,7928.639575087385,6641.899016297303,1.1937308224097947,2.014701950472979,308.8860144881003,0.0,0.00980392156862745,0.0,2.6960915144848125,12.733333333333333,0.9074074074074074,1709.0072991914499,75,17.89665651321411
core,100,3000000.0,10,12,exclude,launch,0,0.0,prior,0.0,sa,12600.0,43200,434272.27137416374,0,384498.31131384225,49773.96006032152,0,1,0.6304012787668383,1,9.578630957114198,43.109780898800885,8018.5908986554505,925.627519651576,8.662870029700287,2.0048316660636303,302.9060031372631,0.0,0.011824324324324325,0.010135135135135136,1.521324864534276,15.929545454545455,0.95260663507109,472.8928566390994,440,126.39637541770935
ring,50,1500000.0,4,2,exclude,launch,0,0.0,prior,0.0,sa,12600.0,43200,236236.51926902783,0,205641.50857194423,30595.01069708359,0,0,0.0,0,4.841458625364342,2.9514050902336817,7928.639575087385,6717.870263568648,1.1802311244509738,2.0174350274229944,310.55221050816897,0.0,0.0,0.0,2.0114370612995236,7.266666666666667,0.9074074074074074,1697.740487724903,135,20.580852270126343
ring,50,1500000.0,2,3,exclude,launch,0,0.0,prior,0.0,sa,12600.0,43200,410833.68123013875,0,344271.7284597604,66561.95277037837,0,0,0.0,0,4.789496627266479,2.9754231889943092,8018.275011535528,6671.641000679632,1.2018444953376113,2.0150163712893736,309.07747019563413,0.0,0.021739130434782608,0.0,4.037737765239216,22.41176470588235,0.9150943396226415,2197.763658476332,34,15.352246046066284
ring,50,1500000.0,5,2,exclude,launch,0,0.0,prior,0.0,sa,12600.0,43200,439951.1508027498,0,369589.45855338406,70361.69224936569,0,1,0.1643587187327669,3,4.841458625364342,2.8760526572748613,7928.639575087385,6825.836583893062,1.1615630520362308,2.0375452923571684,322.9500701077566,0.0,0.0,0.0,1.5975053612412757,3.2180094786729856,0.8317757009345794,2435.7785882759767,211,20.605827569961548
ring,50,1500000.0,6,2,exclude,launch,0,0.0,prior,0.0,sa,12600.0,43200,4047781.930115386,0,3799225.0045249555,248556.92559043047,0,31,0.9794453141465814,42,4.841458625364342,2.979540817235207,7928.639575087385,6394.384292324495,1.2399379224993616,2.0994808561124567,362.6574458873343,0.0,0.0,0.007462686567164179,1.3436549792906054,1.372093023255814,0.3925233644859813,3992.794175875571,301,23.8789119720459
ring,50,1500000.0,3,3,exclude,launch,0,0.0,prior,0.0,sa,12600.0,43200,296748.6468437165,0,264947.51496347936,31801.131880237106,0,0,0.0,0,4.789496627266479,2.9702714759877638,8018.275011535528,6688.118028686472,1.198883598815659,2.013538407182441,308.1780308501759,0.0,0.0,0.0,2.6996959693243423,12.72972972972973,0.9339622641509434,1736.5275387282418,74,20.733726024627686
ring,50,1500000.0,5,3,exclude,launch,0,0.0,prior,0.0,sa,12600.0,43200,1031801.9682251761,0,892491.715265806,139310.25295937012,0,3,0.4756445095821441,5,4.789496627266479,2.8398057384024256,8018.275011535528,6917.376802086583,1.159149666260318,2.036244507014592,322.14080349537437,0.0,0.0,0.0,1.5989089266871657,2.5545023696682465,0.7619047619047619,3042.5431259390925,211,17.808160543441772
ring,50,1500000.0,4,3,exclude,launch,0,0.0,prior,0.0,sa,12600.0,43200,334988.32987322926,0,288353.50071424653,46634.829158982684,0,0,0.0,0,4.789496627266479,2.9158045924004368,8018.275011535528,6803.37935377765,1.178572382132902,2.0164009248577117,309.92125201548356,0.0,0.0,0.0,2.014815642659319,6.5851851851851855,0.9523809523809523,1863.6178161793166,135,20.70434880256653
core,100,3000000.0,15,11,exclude,launch,0,0.0,prior,0.0,sa,12600.0,43200,151735.8125966518,0,145100.12522841827,6635.687368233515,0,1,0.2204971486533536,1,9.578630957114202,46.55738588497684,8018.590898655449,857.7655323862302,9.34823165061018,2.003239193196399,301.9466636296087,0.0,0.008276899924755455,0.020316027088036117,0.9858081779471952,10.61138861138861,0.961352657004831,308.02473192790916,1001,209.61487364768982
core,100,3000000.0,11,12,exclude,launch,0,0.0,prior,0.0,sa,12600.0,43200,419725.8314120597,0,371409.4691430948,48316.36226896492,0,1,0.6521862799923422,1,9.578630957114198,40.81303218458883,8018.5908986554505,977.8879702458788,8.199907497214907,2.004481358710576,302.6948399991136,0.0,0.014144271570014143,0.007072135785007072,1.3986457097476108,14.479087452471482,0.9620853080568721,432.7202930411669,526,140.7686038017273
ring,50,1500000.0,2,4,exclude,launch,0,0.0,prior,0.0,sa,12600.0,43200,404344.6893183393,0,338369.72358545125,65974.96573288797,0,0,0.0,0,4.816998253248284,2.958921958100749,7970.593281758647,6707.101222384659,1.1883812421314202,2.0155409207710067,309.39700852812723,0.0,0.043478260869565216,0.0,4.020157162157036,23.470588235294116,0.9107142857142857,2070.362821763515,34,16.175756692886353
ring,50,1500000.0,6,3,exclude,launch,0,0.0,prior,0.0,sa,12600.0,43200,5337633.4406161215,0,5020332.013980548,317301.4266355738,0,33,0.9835906700142653,47,4.789496627266479,2.9924173452308414,8018.275011535528,6427.38602834909,1.247517260698136,2.0797131770689417,349.7341634208925,0.0,0.0,0.002506265664160401,1.3511511385206787,1.2909698996655519,0.3523809523809524,4272.202748532695,299,20.522382974624634
core,100,3000000.0,12,12,exclude,launch,0,0.0,prior,0.0,sa,12600.0,43200,407006.1068314412,0,359897.1006487703,47109.006182670964,0,1,0.6725917480154663,1,9.578630957114198,41.61588473542331,8018.5908986554505,959.1875518503489,8.359773730577459,2.004136608231585,302.48709839724944,0.0,0.008413461538461538,0.007211538461538462,1.29601011587562,13.352657004830919,0.9619047619047619,397.19890268061,621,148.3977346420288
ring,50,1500000.0,3,4,exclude,launch,0,0.0,prior,0.0,sa,12600.0,43200,322123.07664512534,0,272183.17154366185,49939.905101463446,0,0,0.0,0,4.816998253248284,3.001551744268696,7970.593281758647,6616.777621509514,1.204603469798987,2.014037802063715,308.48179920426315,0.0,0.0,0.0,2.6772500089175715,13.44,0.9553571428571429,1611.1213920422842,75,20.354235887527466
ring,50,1500000.0,2,5,exclude,launch,0,0.0,prior,0.0,sa,12600.0,43200,361550.214549452,0,307653.0244039279,53897.19014552409,0,0,0.0,0,4.830749747681187,3.00195547364362,7946.954839160066,6611.712042603145,1.2019511418454354,2.0153097888740747,309.2561902150555,0.0,0.0,0.0,4.015783080616212,23.294117647058822,0.912,2098.636318784546,34,16.469997882843018
ring,50,1500000.0,4,4,exclude,launch,0,0.0,prior,0.0,sa,12600.0,43200,327080.2637054936,0,276614.27934394096,50465.98436155266,0,0,0.0,0,4.816998253248284,2.9342697638522677,7970.593281758647,6758.332952772166,1.1793726851662776,2.0170672087113246,310.3277121107536,0.0,0.0,0.0,1.993935998233292,7.014814814814815,0.9196428571428571,1752.7441523558907,135,22.73937153816223
ring,50,1500000.0,6,4,exclude,launch,0,0.0,prior,0.0,sa,12600.0,43200,4669539.625075548,0,4344976.719932272,324562.9051432761,0,27,0.9671208337135623,41,4.816998253248284,2.9515017215237576,7970.593281758647,6432.448601021441,1.2391227316597533,2.1068840037711456,367.5576593413324,0.0,0.0,0.002512562814070352,1.3535607824170346,1.4646464646464648,0.41818181818181815,3773.21680449323,297,21.46679449081421
ring,50,1500000.0,3,5,exclude,launch,0,0.0,prior,0.0,sa,12600.0,43200,289452.4774650738,0,249280.44188019162,40172.03558488219,0,0,0.0,0,4.830749747681187,3.0605267980525603,7946.954839160066,6490.875633076968,1.2243270844172451,2.013541183473394,308.1797191789945,0.0,0.00980392156862745,0.0,2.6940685287951,13.24,0.928,1638.7754845966904,75,16.847897052764893
ring,50,1500000.0,5,4,exclude,launch,0,0.0,prior,0.0,sa,12600.0,43200,709485.336643095,0,608258.2279518672,101227.10869122788,0,2,0.36666430976709546,4,4.816998253248284,2.8854186676674667,7970.593281758647,6816.721339784312,1.1692708098892077,2.033647200727489,320.5279606715321,0.0,0.0035587188612099642,0.0,1.5976787957225167,3.3175355450236967,0.8363636363636363,2361.5751867108943,211,23.977174043655396
ring,50,1500000.0,4,5,exclude,launch,0,0.0,prior,0.0,sa,12600.0,43200,290123.5663891003,0,244177.6455325097,45945.9208565906,0,0,0.0,0,4.830749747681187,2.994117070480768,7946.954839160066,6627.482685561789,1.1990909997355095,2.0157775876174884,309.54123225180126,0.0,0.0,0.0,2.018205149359402,7.350746268656716,0.9112903225806451,1683.0482820983186,134,19.62384533882141
ring,50,1500000.0,5,5,exclude,launch,0,0.0,prior,0.0,sa,12600.0,43200,824533.0964844684,0,718895.9716819708,105637.12480249771,0,2,0.4786663057110375,2,4.830749747681187,2.9058899681131973,7946.954839160066,6781.693493708195,1.171824537120847,2.0297505521274997,318.11585988206707,0.0,0.0,0.0,1.6146379362436083,3.0956937799043063,0.7903225806451613,2541.258058294164,209,19.509024620056152
ring,50,1500000.0,2,6,exclude,launch,0,0.0,prior,0.0,sa,12600.0,43200,331095.90842877765,0,288584.6669262895,42511.241502488156,0,0,0.0,0,4.886337746151113,2.9724075766897973,7852.756551981561,6673.762435323406,1.1766610855696455,2.016419499541705,309.9325797145828,0.0,0.021739130434782608,0.0,4.021717702758065,22.794117647058822,0.8762886597938144,2135.4851782190426,34,14.7213876247406
ring,50,1500000.0,6,5,exclude,launch,0,0.0,prior,0.0,sa,12600.0,43200,5287974.042154457,0,4921232.859529377,366741.1826250806,0,33,0.9788255756284219,46,4.830749747681187,2.9297717743644,7946.954839160066,6397.846463042297,1.2421296580132588,2.1339900350053553,385.7800198474341,0.0,0.0,0.0,1.3370196731247566,1.0365448504983388,0.3064516129032258,5262.546230882612,301,21.470402717590332
ring,50,1500000.0,3,6,exclude,launch,0,0.0,prior,0.0,sa,12600.0,43200,267888.05976935336,0,229920.40730886336,37967.65246049,0,0,0.0,0,4.886337746151113,2.9427294734802243,7852.756551981561,6746.264360074582,1.164015539986154,2.0148665956280216,308.9862620764832,0.0,0.00980392156862745,0.0,2.6846680871932693,12.693333333333333,0.9175257731958762,1717.4264454535821,75,20.10375666618347
ring,50,1500000.0,4,6,exclude,launch,0,0.0,prior,0.0,sa,12600.0,43200,260744.95155873976,0,236936.9325879824,23808.018970757363,0,0,0.0,0,4.886337746151113,2.9391964342427,7852.756551981561,6745.145209845604,1.1642086727086651,2.017623258291263,310.6671287445979,0.0,0.0,0.0,2.010555972042669,6.768656716417911,0.8631578947368421,1824.007134175609,134,19.515546321868896
ring,50,1500000.0,2,7,exclude,launch,0,0.0,prior,0.0,sa,12600.0,43200,387963.82570447016,0,312983.4858826948,74980.33982177539,0,0,0.0,0,4.904499792679758,2.980405369911587,7822.442319813243,6657.843346396484,1.1749213540818877,2.0158168995085433,309.56519199814477,0.0,0.021739130434782608,0.0,4.023675483158189,22.0,0.9223300970873787,2216.2784962863757,34,15.49627161026001
ring,50,1500000.0,5,6,exclude,launch,0,0.0,prior,0.0,sa,12600.0,43200,570545.8096789888,0,513562.2774662112,56983.53221277753,0,2,0.3647631320676262,2,4.886337746151113,2.8768534213727417,7852.756551981561,6830.60295515435,1.1496432457775778,2.035556750978971,321.71333534943705,0.0,0.0,0.014285714285714285,1.5987390725314987,3.0095238095238095,0.7446808510638298,2598.1348173826736,210,21.523200273513794
ring,50,1500000.0,6,6,exclude,launch,0,0.0,prior,0.0,sa,12600.0,43200,4603786.686598439,0,4349427.430357981,254359.2562404584,0,34,0.9830947230417815,45,4.886337746151113,2.9205434537968418,7852.756551981561,6453.156036898599,1.2168862037552113,2.1223849263732335,377.9243768849545,0.0,0.0,0.0,1.3498100502564365,1.1683501683501682,0.22580645161290322,4680.847248934237,297,22.28644108772278
ring,50,1500000.0,3,7,exclude,launch,0,0.0,prior,0.0,sa,12600.0,43200,289418.0203861618,0,253760.46414619384,35657.55623996797,0,0,0.0,0,4.904499792679758,2.9989860219123683,7822.442319813243,6621.252795818663,1.1814142370086116,2.014398458662849,308.70126988126924,0.0,0.0,0.0,2.6874546918844135,12.106666666666667,0.9215686274509803,1850.4476414104079,75,19.705121994018555
ring,50,1500000.0,4,7,exclude,launch,0,0.0,prior,0.0,sa,12600.0,43200,295501.06116707064,0,252690.91254299998,42810.14862407066,0,0,0.0,0,4.904499792679758,2.96574357366969,7822.442319813243,6687.588783297182,1.1696954722082273,2.0167721368356757,310.1476734736156,0.0,0.0,0.0,2.01421276869592,6.7388059701492535,0.93,1830.0392801881273,134,20.708723545074463
ring,50,1500000.0,5,7,exclude,launch,0,0.0,prior,0.0,sa,12600.0,43200,538711.9610077569,0,464086.24371798174,74625.71728977512,0,2,0.19764336152654732,3,4.904499792679758,2.8750430753797787,7822.442319813243,6827.543190938049,1.145718467251249,2.037751301863017,323.07832935551596,0.0,0.0,0.0,1.585563040334796,2.858490566037736,0.8181818181818182,2713.0415941902297,212,19.71931219100952
ring,50,1500000.0,2,8,exclude,launch,0,0.0,prior,0.0,sa,12600.0,43200,356501.98502652295,0,313939.7778548979,42562.207171625,0,0,0.0,0,4.830167068576244,2.944535844547252,7947.95371783911,6740.105176534208,1.1792032185951709,2.0154706226707164,309.3541756521756,0.0,0.0,0.0,4.016195354673882,23.38235294117647,0.8936170212765957,2080.2064741047275,34,15.898972988128662
core,100,3000000.0,13,12,exclude,launch,0,0.0,prior,0.0,sa,12600.0,43200,395093.52931178355,0,349145.68533163634,45947.84398014722,0,1,0.6929039456155284,1,9.578630957114198,42.644594496413106,8018.5908986554505,936.1623778507852,8.565384690062318,2.003894318810928,302.3411410022573,0.0,0.004098360655737705,0.01331967213114754,1.191717442712695,12.484848484848484,0.9476190476190476,362.81865107931674,726,168.28651881217957
ring,50,1500000.0,3,8,exclude,launch,0,0.0,prior,0.0,sa,12600.0,43200,294791.96546217374,0,259844.57726223592,34947.38819993785,0,0,0.0,0,4.830167068576244,2.997723914100857,7947.95371783911,6626.5003966658105,1.1994194887301601,2.0136506681744404,308.2463031271469,0.0,0.0,0.0,2.7010931694950964,12.662162162162161,0.9247311827956989,1746.6062314756234,74,17.664034128189087
ring,50,1500000.0,6,7,exclude,launch,0,0.0,prior,0.0,sa,12600.0,43200,5582448.360129777,0,5250866.909238563,331581.4508912138,0,36,0.988187614821901,49,4.904499792679758,2.8643912595405467,7822.442319813243,6480.980747192998,1.206984347731823,2.1547005383792515,400.0,0.0,0.0,0.0,1.35250162810479,1.0,0.2727272727272727,5524.776597620487,296,21.023205995559692
ring,50,1500000.0,4,8,exclude,launch,0,0.0,prior,0.0,sa,12600.0,43200,291955.54669990967,0,257777.2732595268,34178.273440382894,0,0,0.0,0,4.830167068576244,2.9597247568877947,7947.95371783911,6703.044347412599,1.1857229798736229,2.016213755759842,309.807119218657,0.0,0.0,0.0,2.0086516373402037,6.814814814814815,0.9139784946236559,1810.4886679699991,135,20.459614992141724
ring,50,1500000.0,2,9,exclude,launch,0,0.0,prior,0.0,sa,12600.0,43200,342082.69392471795,0,297926.2240182732,44156.46990644478,0,0,0.0,0,4.846704792834819,2.933291026967564,7919.696655027925,6764.772431392544,1.1707262491604078,2.0158195193785713,309.56678878515345,0.0,0.043478260869565216,0.0,4.017446905081923,22.352941176470587,0.9065420560747663,2178.888217528651,34,15.915929794311523
ring,50,1500000.0,5,8,exclude,launch,0,0.0,prior,0.0,sa,12600.0,43200,514437.3866248069,0,439051.66588431137,75385.72074049556,0,1,0.15078383227079908,3,4.830167068576244,2.89560921704359,7947.95371783911,6798.828442113989,1.1690181309190115,2.0318234033662197,319.3978607202745,0.0,0.0,0.0,1.6081720131827215,3.2057416267942584,0.8279569892473119,2452.40595863553,209,20.650556802749634
ring,50,1500000.0,6,8,exclude,launch,0,0.0,prior,0.0,sa,12600.0,43200,5297646.6563985525,0,4972589.797044891,325056.85935366235,0,32,0.9873516145175095,46,4.830167068576244,2.9893838867783065,7947.95371783911,6434.030439189382,1.2352993652980706,2.079673657731077,349.70856215952074,0.0,0.0,0.002512562814070352,1.353760627440909,1.587248322147651,0.3225806451612903,3488.763466976479,298,20.191189289093018
ring,50,1500000.0,3,9,exclude,launch,0,0.0,prior,0.0,sa,12600.0,43200,258055.60760634096,0,226642.1212379836,31413.486368357342,0,0,0.0,0,4.846704792834819,2.9355338649688587,7919.696655027925,6764.546992123533,1.170765265471497,2.014346500433159,308.66964688229905,0.0,0.0,0.0,2.690863709991453,13.32,0.8952380952380953,1635.8928672823245,75,21.671313524246216
ring,50,1500000.0,4,9,exclude,launch,0,0.0,prior,0.0,sa,12600.0,43200,266194.582346485,0,232466.7025251279,33727.87982135706,0,0,0.0,0,4.846704792834819,2.9210702021822446,7919.696655027925,6788.3508256457435,1.166659894050859,2.0172221024106545,310.4222416898256,0.0,0.0,0.0,2.004796291496059,7.133333333333334,0.9306930693069307,1709.1730226887223,135,22.9307382106781
ring,50,1500000.0,2,10,exclude,launch,0,0.0,prior,0.0,sa,12600.0,43200,369378.8136344068,0,311377.1625466067,58001.65108780014,0,0,0.0,0,4.875077529902852,2.9690676142137726,7871.664383040849,6682.768295312626,1.1779047297752534,2.0159673769850537,309.65691332936706,0.0,0.0,0.0,4.013845085089466,23.205882352941178,0.9052631578947369,2091.370648889328,34,17.18985342979431
ring,50,1500000.0,3,10,exclude,launch,0,0.0,prior,0.0,sa,12600.0,43200,292229.9682187291,0,248289.980490752,43939.98772797706,0,0,0.0,0,4.875077529902852,3.021210064489205,7871.664383040849,6573.2287990283,1.197533909698152,2.014189460819946,308.57407873147594,0.0,0.0,0.0,2.691600633866106,12.853333333333333,0.9263157894736842,1699.3594939594084,75,17.738919734954834
core,100,3000000.0,14,12,exclude,launch,0,0.0,prior,0.0,sa,12600.0,43200,388772.42754257773,0,342676.69453113957,46095.7330114382,0,1,0.7041789976541069,1,9.578630957114198,40.80587288173095,8018.5908986554505,978.4338649396186,8.195332547233836,2.0037144901342807,302.2328333116557,0.0,0.00354924578527063,0.009760425909494233,1.1029943641139948,11.28150765606596,0.9619047619047619,343.77969619646734,849,180.1017324924469
ring,50,1500000.0,5,9,exclude,launch,0,0.0,prior,0.0,sa,12600.0,43200,532982.2890307012,0,457655.61914898135,75326.66988171982,0,1,0.29376962168086235,2,4.846704792834819,2.8818602246251195,7919.696655027925,6819.379694409246,1.1613514732902692,2.0353645508730556,321.5939259613693,0.0,0.0,0.0,1.5970878495022136,3.323809523809524,0.8514851485148515,2333.0824235346167,210,23.235923051834106
ring,50,1500000.0,6,9,exclude,launch,0,0.0,prior,0.0,sa,12600.0,43200,4475025.633686463,0,4212087.02456955,262938.60911691346,0,33,0.979474388728765,43,4.846704792834819,2.9838968091039484,7919.696655027925,6390.362978857038,1.2393187493778983,2.097735192082605,361.5067655809902,0.0,0.0,0.0,1.3434399471776683,1.2166666666666666,0.2871287128712871,4476.908348075149,300,22.43467879295349
ring,50,1500000.0,2,11,exclude,launch,0,0.0,prior,0.0,sa,12600.0,43200,365760.7408637571,0,317576.24967512034,48184.49118863672,0,0,0.0,0,4.9817880798455585,2.962826857934311,7695.912262605395,6699.982401604001,1.1486466383498208,2.015023226597116,309.08164515948613,0.0,0.043478260869565216,0.0,4.006457144550727,23.676470588235293,0.9191919191919192,2047.2439704211654,34,15.261427164077759
ring,50,1500000.0,5,10,exclude,launch,0,0.0,prior,0.0,sa,12600.0,43200,564804.5329404513,0,482405.099935294,82399.4330051573,0,0,0.0,2,4.875077529902852,2.916617793570815,7871.664383040849,6752.31032315148,1.1657734917856881,2.03108489762465,318.9408198328906,0.0,0.0,0.0,1.610625623393074,3.138095238095238,0.7849462365591398,2508.6105935951264,210,20.09888744354248
ring,50,1500000.0,4,10,exclude,launch,0,0.0,prior,0.0,sa,12600.0,43200,296831.9178048351,0,256090.6863594991,40741.231445335965,0,0,0.0,0,4.875077529902852,2.991773945908386,7871.664383040849,6630.13104223003,1.1872562296134093,2.0165505045164034,310.0124784697663,0.0,0.0,0.0,2.014056879732961,7.059701492537314,0.9130434782608695,1743.8456612521873,134,22.835705041885376
ring,50,1500000.0,6,10,exclude,launch,0,0.0,prior,0.0,sa,12600.0,43200,4428402.914585932,0,4175902.248217047,252500.6663688848,0,31,0.977092233189841,43,4.875077529902852,2.991129411937858,7871.664383040849,6402.823616528534,1.2294051584867314,2.088590267297821,355.5086310166624,0.0,0.0,0.0024937655860349127,1.3472055306801778,1.4566666666666668,0.3804347826086957,3777.586789277648,300,22.88151526451111
ring,50,1500000.0,3,11,exclude,launch,0,0.0,prior,0.0,sa,12600.0,43200,279832.05930713704,0,248881.66722289153,30950.392084245545,0,0,0.0,0,4.9817880798455585,2.968973189217899,7695.912262605395,6691.5918773764315,1.1500869155849844,2.013373138763917,308.0775355104698,0.0,0.0,0.0,2.705168978536656,13.666666666666666,0.9489795918367347,1638.5483351454154,75,21.333927631378174
ring,50,1500000.0,2,12,exclude,launch,0,0.0,prior,0.0,sa,12600.0,43200,441016.95162706956,0,356235.6022783408,84781.34934872879,0,0,0.0,0,4.931473114997353,2.981579754194044,7777.833262780507,6653.448431791268,1.1689927926121353,2.0163539268824566,309.89259140681696,0.0,0.0,0.0,4.029547315802214,22.764705882352942,0.8962264150943396,2146.3782800643016,34,16.495410203933716
ring,50,1500000.0,5,11,exclude,launch,0,0.0,prior,0.0,sa,12600.0,43200,395132.8065652267,0,346692.8864241076,48439.92014111909,0,0,0.0,1,4.9817880798455585,2.9002683027810545,7695.912262605395,6791.791471178611,1.1331196334963283,2.030661205036498,318.6787558701857,0.0,0.0,0.0,1.6114344251741282,3.557142857142857,0.9175257731958762,2207.3731710611496,210,20.27025318145752
ring,50,1500000.0,4,11,exclude,launch,0,0.0,prior,0.0,sa,12600.0,43200,291239.4726200845,0,260911.43742620645,30328.03519387805,0,0,0.0,0,4.9817880798455585,2.9580245057028844,7695.912262605395,6707.477267299096,1.147363152481367,2.0160393949076267,309.7008156012768,0.0,0.0,0.0,2.0030416857050253,7.301470588235294,0.9381443298969072,1662.7224091381524,136,22.55508852005005
ring,50,1500000.0,6,11,exclude,launch,0,0.0,prior,0.0,sa,12600.0,43200,5323990.963054744,0,4999058.300337611,324932.6627171329,0,29,0.977469404541676,42,4.9817880798455585,2.9484640445423635,7695.912262605395,6439.285687524609,1.1951499958318914,2.106815290611405,367.51202625936253,0.0,0.0,0.0,1.3512030511527657,1.24496644295302,0.3958333333333333,4422.458960018534,298,20.793966054916382
core,100,3000000.0,15,12,exclude,launch,0,0.0,prior,0.0,sa,12600.0,43200,378664.81750488485,0,333898.3843354384,44766.43316944651,0,1,0.7229794502687255,1,9.578630957114198,41.07995321513126,8018.5908986554505,972.0103823033326,8.24949099787816,2.0034990595352715,302.10310874645216,0.0,0.002325581395348837,0.006201550387596899,1.0326808339806934,10.575257731958763,0.9571428571428572,319.367493121006,970,186.35522198677063
ring,50,1500000.0,3,12,exclude,launch,0,0.0,prior,0.0,sa,12600.0,43200,327411.2781129572,0,284196.98512568907,43214.292987268105,0,0,0.0,0,4.931473114997353,3.0061334797091845,7777.833262780507,6604.545180290443,1.1776485814634805,2.0146927122570135,308.8803900922484,0.0,0.0,0.0,2.6902535319387035,12.906666666666666,0.9134615384615384,1687.2582630353866,75,20.099064588546753
ring,50,1500000.0,4,12,exclude,launch,0,0.0,prior,0.0,sa,12600.0,43200,320406.9094494886,0,275724.3983560884,44682.511093400244,0,0,0.0,0,4.931473114997353,2.9821284074713565,7777.833262780507,6648.707109041674,1.169826424178517,2.017420593989551,310.5433995222151,0.0,0.0,0.0,1.992890556937712,7.007407407407407,0.8942307692307693,1753.373995933217,135,22.558462142944336
ring,50,1500000.0,5,12,exclude,launch,0,0.0,prior,0.0,sa,12600.0,43200,486968.4653790735,0,418317.05441746395,68651.4109616096,0,0,0.0,2,4.931473114997353,2.918813743628511,7777.833262780507,6744.2610006054,1.1532521149585295,2.031979114671294,319.49426793532433,0.0,0.0,0.0,1.615792785580776,3.1285714285714286,0.8076923076923077,2511.2636240818356,210,19.807445764541626
ring,50,1500000.0,6,12,exclude,launch,0,0.0,prior,0.0,sa,12600.0,43200,5588112.288381402,0,5230385.481727287,357726.80665411474,0,30,0.972384881257816,45,4.931473114997353,2.898280633667618,7777.833262780507,6434.252332820994,1.2088169472474577,2.1449712117353217,393.2877227107954,0.0,0.0,0.0025,1.3480051898739218,1.020066889632107,0.37254901960784315,5378.75107788818,299,20.08141589164734
ring,50,3000000.0,4,1,exclude,launch,0,0.0,prior,0.0,sa,12600.0,43200,234516.68122822564,0,205524.06079638863,28992.620431836993,0,0,0.0,0,9.868559743091007,6.058703463259062,7773.219404112283,6576.816197122147,1.1819122157486555,2.007680428120093,304.6259535648879,0.0,0.010416666666666666,0.03125,3.764051664539847,16.140845070422536,0.9459459459459459,1487.3228197898745,71,21.86846375465393
ring,50,3000000.0,5,1,exclude,launch,0,0.0,prior,0.0,sa,12600.0,43200,180735.52856932255,0,164767.02565549558,15968.502913826942,0,0,0.0,0,9.868559743091007,5.9025837349504915,7773.219404112283,6753.22580976778,1.1510379814146294,2.0069500266400677,304.18450684513004,0.0,0.0,0.006896551724137931,3.1586203129020145,12.981132075471699,0.9357798165137615,1215.0168670926837,106,27.34509038925171
ring,50,3000000.0,6,1,exclude,launch,0,0.0,prior,0.0,sa,12600.0,43200,165504.36944192712,0,149780.39093755808,15723.978504369055,0,0,0.0,0,9.868559743091007,5.9686931821174145,7773.219404112283,6677.87273347064,1.164026287166507,2.007116560162749,304.2851297262142,0.0,0.0,0.004672897196261682,2.5438295288444355,9.525,0.963302752293578,1089.5301343577614,160,29.703288078308105
ring,50,3000000.0,4,2,exclude,launch,0,0.0,prior,0.0,sa,12600.0,43200,224171.10400720284,0,194811.0093119792,29360.09469522366,0,0,0.0,0,9.682917250728684,5.892746183336105,7928.639575087385,6759.034228204415,1.1730432643767932,2.008572933182177,305.16580846431,0.0,0.041666666666666664,0.010416666666666666,3.834848564882181,15.681159420289855,0.9351851851851852,1518.481359438511,69,21.8042995929718
ring,50,3000000.0,5,2,exclude,launch,0,0.0,prior,0.0,sa,12600.0,43200,176429.18804233044,0,157332.92127997425,19096.266762356187,0,0,0.0,0,9.682917250728684,5.941327151094367,7928.639575087385,6706.047626462533,1.1823118499487566,2.0078898606656885,304.75259136981043,0.0,0.013605442176870748,0.006802721088435374,3.0941178132941056,12.333333333333334,0.9444444444444444,1254.7403005367098,108,26.967082977294922
ring,50,3000000.0,7,1,exclude,launch,0,0.0,prior,0.0,sa,12600.0,43200,146895.07590095518,0,132397.74537980638,14497.330521148779,0,0,0.0,0,9.868559743091007,6.162625514281929,7773.219404112283,6465.120428687642,1.2023317260449196,2.0079254772934876,304.77413033319135,0.0,0.0033222591362126247,0.029900332225913623,2.0831152073560575,7.571428571428571,0.9719626168224299,962.3493745612615,224,35.202669858932495
ring,50,3000000.0,6,2,exclude,launch,0,0.0,prior,0.0,sa,12600.0,43200,142147.46894909212,0,131357.81714372497,10789.65180536715,0,0,0.0,0,9.682917250728684,5.950136992289302,7928.639575087385,6696.479021239361,1.184001256472238,2.0077817836076584,304.6872370114298,0.0,0.0047169811320754715,0.0047169811320754715,2.5923209217586938,10.10828025477707,0.9444444444444444,1041.7792173425055,157,30.865309238433838
ring,50,3000000.0,8,1,exclude,launch,0,0.0,prior,0.0,sa,12600.0,43200,130641.78467641103,0,122760.6502663006,7881.134410110433,0,0,0.0,0,9.868559743091007,5.9775939289599185,7773.219404112283,6661.96806232631,1.166805264058551,2.008912548341079,305.37135906002703,0.0,0.0026595744680851063,0.015957446808510637,1.9022417270278025,6.214285714285714,0.9626168224299065,934.1585373324324,280,41.949857234954834
ring,50,3000000.0,7,2,exclude,launch,0,0.0,prior,0.0,sa,12600.0,43200,134165.32185847705,0,122671.6636151142,11493.658243362857,0,0,0.0,0,9.682917250728684,6.044509667391512,7928.639575087385,6589.169906617404,1.203283522424391,2.0086219494274156,305.19547106002784,0.0,0.0,0.020477815699658702,2.1428747998141446,7.576036866359447,0.9351851851851852,1004.360103366937,217,32.49584484100342
ring,50,3000000.0,9,1,exclude,launch,0,0.0,prior,0.0,sa,12600.0,43200,130204.57081179875,0,118877.19270259058,11327.378109208166,0,0,0.0,0,9.868559743091007,5.856229196349107,7773.219404112283,6794.434181497658,1.1440569143020056,2.0105673496610104,306.37391046026346,0.0,0.0,0.0,1.7678882060128522,5.178362573099415,0.9626168224299065,920.66926457138,342,41.1879563331604
ring,50,3000000.0,11,1,exclude,launch,0,0.0,prior,0.0,sa,12600.0,43200,1405045.8895565502,0,1283152.0042266143,121893.88532993606,0,8,0.8882341124625646,18,9.868559743091007,5.837390017630094,7773.219404112283,6738.280660983965,1.153590922551034,2.0338652668523345,320.6632170010947,0.0,0.0,0.0,1.4607609483239021,2.0927021696252464,0.7757009345794392,1557.3463821022601,507,41.414153814315796
ring,50,3000000.0,10,1,exclude,launch,0,0.0,prior,0.0,sa,12600.0,43200,186683.6077371572,0,159612.20565428786,27071.40208286933,0,0,0.0,2,9.868559743091007,5.804885608270036,7773.219404112283,6831.772906935606,1.137804126396081,2.017264748934034,310.448270827147,0.0,0.0,0.0,1.5951832982296192,3.161520190023753,0.9532710280373832,1240.6384304515957,421,43.82521986961365
ring,50,3000000.0,12,1,exclude,launch,0,0.0,prior,0.0,sa,12600.0,43200,3867126.67491066,0,3556169.217531542,310957.45737911796,0,26,0.9744241989776832,46,9.868559743091007,5.957171478290677,7773.219404112283,6464.030006587817,1.2025345482911134,2.077526258442587,348.3188512899844,0.0,0.0,0.0,1.3543269324654001,1.2804054054054055,0.42990654205607476,2173.6405723062803,592,46.36154246330261
ring,50,3000000.0,8,2,exclude,launch,0,0.0,prior,0.0,sa,12600.0,43200,123496.39829691386,0,114502.44412277192,8993.954174141945,0,0,0.0,0,9.682917250728684,5.927083988118598,7928.639575087385,6714.9932433629565,1.1807367911984106,2.0100336390322133,306.0503855929967,0.0,0.0,0.0026595744680851063,1.9073686937404404,6.142857142857143,0.9439252336448598,939.09519222919,280,37.55745053291321
ring,50,3000000.0,4,3,exclude,launch,0,0.0,prior,0.0,sa,12600.0,43200,272163.4211845833,0,237261.73455722636,34901.686627356954,0,0,0.0,0,9.578993254532959,5.880368810017774,8018.275011535528,6775.6695761882565,1.1833922716234808,2.007858958601263,304.73390412984656,0.0,0.031578947368421054,0.0,3.8440697642162207,16.308823529411764,0.9339622641509434,1467.7820301630677,68,20.31869387626648
ring,50,3000000.0,5,3,exclude,launch,0,0.0,prior,0.0,sa,12600.0,43200,222555.5876425611,0,197516.9146517071,25038.672990853996,0,0,0.0,0,9.578993254532959,5.846374835326563,8018.275011535528,6817.7582508830355,1.176086730634223,2.0070663652925442,304.2547992310608,0.0,0.013986013986013986,0.006993006993006993,3.1944951570515423,12.41904761904762,0.9619047619047619,1274.688292162601,105,25.119221210479736
ring,50,3000000.0,10,2,exclude,launch,0,0.0,prior,0.0,sa,12600.0,43200,205935.63438165962,0,191923.93452479035,14011.69985686925,0,1,0.35122767905651253,3,9.682917250728684,5.810195679079196,7928.639575087385,6822.680198227194,1.1621004275046578,2.0181071125210233,310.9626277697686,0.0,0.0,0.0,1.6023356058767553,3.657957244655582,0.9345794392523364,1071.2795012686272,421,41.07149147987366
ring,50,3000000.0,9,2,exclude,launch,0,0.0,prior,0.0,sa,12600.0,43200,124880.0816161456,0,116442.93364112456,8437.14797502105,0,0,0.0,0,9.682917250728684,5.8444842545267734,7928.639575087385,6801.680895381918,1.1656882610400952,2.012461316570012,307.5233752652047,0.0,0.002178649237472767,0.0,1.7486188071370126,4.859649122807017,0.9523809523809523,966.1192148281042,342,43.94744277000427
ring,50,3000000.0,6,3,exclude,launch,0,0.0,prior,0.0,sa,12600.0,43200,201783.37197610375,0,179771.13905618343,22012.23291992032,0,0,0.0,0,9.578993254532959,5.907987431568156,8018.275011535528,6745.054886811575,1.1887634935652558,2.007543369479761,304.5430924147891,0.0,0.004629629629629629,0.013888888888888888,2.5018752121417576,8.876543209876543,0.9339622641509434,1139.0839247677966,162,30.363590717315674
ring,50,3000000.0,12,2,exclude,launch,0,0.0,prior,0.0,sa,12600.0,43200,3744447.086466534,0,3505113.3377904827,239333.7486760514,0,28,0.9861698259669207,42,9.682917250728684,5.991229886313513,7928.639575087385,6420.66467430091,1.2348627404296995,2.079668022066661,349.70491136200064,0.0,0.0,0.0,1.3445903074169097,1.315,0.4205607476635514,2085.8441202416643,600,40.54304313659668
ring,50,3000000.0,11,2,exclude,launch,0,0.0,prior,0.0,sa,12600.0,43200,1517689.1678568341,0,1426382.7373903506,91306.43046648362,0,11,0.912889259689481,18,9.682917250728684,5.878439001966626,7928.639575087385,6682.829736782697,1.186419509006443,2.036421035464258,322.25056882584147,0.0,0.0,0.0,1.4477777594271366,2.037475345167653,0.7714285714285715,1583.8288244737387,507,43.38744282722473
ring,50,3000000.0,7,3,exclude,launch,0,0.0,prior,0.0,sa,12600.0,43200,167862.23337523738,0,154633.2932810156,13228.940094221774,0,0,0.0,0,9.578993254532959,5.963435441984782,8018.275011535528,6681.069168104026,1.2001484806975855,2.0079250458601052,304.7738694216284,0.0,0.0,0.013559322033898305,2.1530447618681228,7.458715596330276,0.9622641509433962,1014.9959720569448,218,36.26859712600708
ring,50,3000000.0,8,3,exclude,launch,0,0.0,prior,0.0,sa,12600.0,43200,165426.78238089007,0,151039.8490741542,14386.933306735884,0,0,0.0,0,9.578993254532959,5.848483163664717,8018.275011535528,6809.52992965801,1.177507859479843,2.008767206919611,305.28338332691794,0.0,0.0,0.0,1.96337898966898,5.8901098901098905,0.9714285714285714,1028.2048392679148,273,37.769813537597656
ring,50,3000000.0,10,3,exclude,launch,0,0.0,prior,0.0,sa,12600.0,43200,528432.8877224866,0,493942.44609174255,34490.44163074404,0,2,0.5719789061767453,5,9.578993254532959,5.7135388785126535,8018.275011535528,6935.721116545679,1.1560838270165357,2.0187994516408714,311.38569679912206,0.0,0.0,0.0,1.5979952156040182,2.683215130023641,0.9333333333333333,1455.5181187857263,423,36.25589418411255
ring,50,3000000.0,4,4,exclude,launch,0,0.0,prior,0.0,sa,12600.0,43200,293260.0633551428,0,256947.17401049187,36312.88934465088,0,0,0.0,0,9.633996506496567,5.80215186954807,7970.593281758647,6866.022433765248,1.160874925569922,2.0081478137345314,304.9086043013148,0.0,0.08333333333333333,0.0,3.8286402591947266,15.957142857142857,0.9553571428571429,1514.1007208868962,70,23.04206085205078
ring,50,3000000.0,9,3,exclude,launch,0,0.0,prior,0.0,sa,12600.0,43200,170622.04655120012,0,157553.05091916342,13068.995632036711,0,0,0.0,0,9.578993254532959,5.794712090213403,8018.275011535528,6864.842746081531,1.1680202020814503,2.0110715897216145,306.6797278626578,0.0,0.0,0.0,1.7750108916811789,4.578947368421052,0.9523809523809523,1047.2031057376535,342,44.39262056350708
ring,50,3000000.0,5,4,exclude,launch,0,0.0,prior,0.0,sa,12600.0,43200,227479.35304699952,0,203433.59198689496,24045.761060104545,0,0,0.0,0,9.633996506496567,5.888477727860331,7970.593281758647,6768.467688877881,1.1776067565272017,2.0072274621758095,304.35214816833644,0.0,0.027777777777777776,0.006944444444444444,3.1835145993774923,12.8,0.9375,1239.705160862677,105,26.744296073913574
ring,50,3000000.0,12,3,exclude,launch,0,0.0,prior,0.0,sa,12600.0,43200,5217629.251267204,0,4910365.332573161,307263.9186940431,0,32,0.9912011136529532,47,9.578993254532959,6.032530975137407,8018.275011535528,6434.4134528877785,1.2461547692333805,2.0610164719291646,337.72678611150343,0.0,0.0,0.0,1.3474739407392535,1.254575707154742,0.37142857142857144,2188.009458042294,601,40.3800094127655
ring,50,3000000.0,6,4,exclude,launch,0,0.0,prior,0.0,sa,12600.0,43200,195973.0311189839,0,179243.229870435,16729.801248548905,0,0,0.0,0,9.633996506496567,5.886058068960637,7970.593281758647,6769.618777558398,1.1774065192831147,2.0077111552965015,304.64453175270273,0.0,0.004694835680751174,0.004694835680751174,2.5216075902126973,9.616352201257861,0.954954954954955,1062.4199215941549,159,28.866989612579346
ring,50,3000000.0,11,3,exclude,launch,0,0.0,prior,0.0,sa,12600.0,43200,2950166.5795877464,0,2739316.2517371722,210850.32785057466,0,18,0.9667002842283285,21,9.578993254532959,5.989660492809989,8018.275011535528,6598.24806330217,1.2152127253492027,2.0242266660460446,314.71207903193874,0.0,0.0,0.0,1.435491613200599,2.1566731141199225,0.6190476190476191,1481.880351255439,517,46.45401430130005
ring,50,3000000.0,7,4,exclude,launch,0,0.0,prior,0.0,sa,12600.0,43200,180623.7897728647,0,167529.84149528446,13093.948277580204,0,0,0.0,0,9.633996506496567,5.924759461302779,7970.593281758647,6723.2071733398925,1.1855343850424722,2.0083655801864095,305.04034299140244,0.0,0.006896551724137931,0.010344827586206896,2.1539203030009406,7.381395348837209,0.9464285714285714,1046.923355508074,215,34.7231969833374
ring,50,3000000.0,4,5,exclude,launch,0,0.0,prior,0.0,sa,12600.0,43200,274967.4807071667,0,239277.50180250514,35689.97890466155,0,0,0.0,0,9.661499495362374,6.142908735416614,7946.954839160066,6485.6003837259905,1.2253229260163767,2.0080093846016274,304.8248758334853,0.0,0.030927835051546393,0.030927835051546393,3.774436073799829,15.647887323943662,0.936,1534.3679466190029,71,18.051323175430298
ring,50,3000000.0,9,4,exclude,launch,0,0.0,prior,0.0,sa,12600.0,43200,167359.3272659806,0,154466.34919999563,12892.978065984946,0,0,0.0,0,9.633996506496567,5.86606084860482,7970.593281758647,6779.743406495986,1.1756482220435736,2.0115469149186946,306.9681483244588,0.0,0.0,0.0,1.7499276675568138,4.830409356725146,0.9541284403669725,970.859763375059,342,40.87322974205017
ring,50,3000000.0,5,5,exclude,launch,0,0.0,prior,0.0,sa,12600.0,43200,206714.0510819089,0,183895.97670930804,22818.074372600862,0,0,0.0,0,9.661499495362374,5.948748414534383,7946.954839160066,6700.168496968525,1.186082833999719,2.0071445956005434,304.3020709342147,0.0,0.006944444444444444,0.0,3.1951900242854183,12.971428571428572,0.952,1235.3623261713979,105,27.373883724212646
ring,50,3000000.0,8,4,exclude,launch,0,0.0,prior,0.0,sa,12600.0,43200,161021.6915048076,0,150985.6979320435,10035.993572764091,0,0,0.0,0,9.633996506496567,5.789344595061759,7970.593281758647,6874.99069341631,1.1593605922101855,2.0099648927929428,306.0087254022782,0.0,0.0026595744680851063,0.0,1.9168228621868075,6.085714285714285,0.9636363636363636,958.1003867242767,280,42.81131863594055
ring,50,3000000.0,10,4,exclude,launch,0,0.0,prior,0.0,sa,12600.0,43200,422986.8036810048,0,381782.7476816095,41204.05599939528,0,1,0.5286639366389121,4,9.633996506496567,5.812211965672937,7970.593281758647,6820.8044327493735,1.168570857051506,2.017961820677095,310.8738805068679,0.0,0.0,0.0,1.5917255485707624,3.4028103044496487,0.9099099099099099,1139.8713583495169,427,42.34261751174927
ring,50,3000000.0,11,4,exclude,launch,0,0.0,prior,0.0,sa,12600.0,43200,1875656.5638377217,0,1782358.9288068058,93297.63503091603,0,11,0.9134090123610337,15,9.633996506496567,5.9531096786053,7970.593281758647,6621.656558788085,1.203715899638481,2.029455118457369,317.9333522754227,0.0,0.0,0.0,1.4436956850536091,2.1996086105675148,0.7706422018348624,1458.3053165756712,511,42.07672691345215
ring,50,3000000.0,6,5,exclude,launch,0,0.0,prior,0.0,sa,12600.0,43200,185694.84698881174,0,166506.64207458514,19188.204914226582,0,0,0.0,0,9.661499495362374,5.98987112353369,7946.954839160066,6653.945956259185,1.1943221197467921,2.007211975808553,304.3427892636507,0.0,0.004784688995215311,0.009569377990430622,2.608775438797941,9.72258064516129,0.976,1089.6717203861076,155,31.856056690216064
ring,50,3000000.0,12,4,exclude,launch,0,0.0,prior,0.0,sa,12600.0,43200,4319749.755617865,0,4034047.255798219,285702.4998196461,0,26,0.9836258280447273,41,9.633996506496567,5.985464585715247,7970.593281758647,6442.850572508249,1.2371221700793904,2.0745029773370325,346.36699449184437,0.0,0.0,0.0,1.3509304298640064,1.601010101010101,0.45871559633027525,1732.2138586998537,594,46.10606861114502
ring,50,3000000.0,4,6,exclude,launch,0,0.0,prior,0.0,sa,12600.0,43200,246332.0336338983,0,218723.8950490785,27608.13858481981,0,0,0.0,0,9.772675492302225,5.953968441677597,7852.756551981561,6689.657641984667,1.1738652367943645,2.0085357504013537,305.1433079512866,0.0,0.021052631578947368,0.021052631578947368,3.781782189360482,15.257142857142858,0.9072164948453608,1562.2817372410016,70,16.709128379821777
ring,50,3000000.0,7,5,exclude,launch,0,0.0,prior,0.0,sa,12600.0,43200,163554.23201058438,0,149125.23022797873,14429.001782605637,0,0,0.0,0,9.661499495362374,6.069682119457255,7946.954839160066,6562.890236052882,1.2108925417499594,2.0083014386251783,305.00153734008114,0.0,0.003355704697986577,0.016778523489932886,2.1135895015634256,7.4343891402714934,0.952,994.0574405899673,221,36.98999357223511
ring,50,3000000.0,8,5,exclude,launch,0,0.0,prior,0.0,sa,12600.0,43200,151393.53452824263,0,137838.76112105887,13554.77340718376,0,0,0.0,0,9.661499495362374,5.958423811605311,7946.954839160066,6682.7159056267,1.1891804097895144,2.009118707805335,305.49616993281285,0.0,0.00267379679144385,0.0053475935828877,1.9249621787892046,6.182795698924731,0.9516129032258065,946.0619749098852,279,39.66449546813965
ring,50,3000000.0,5,6,exclude,launch,0,0.0,prior,0.0,sa,12600.0,43200,187452.4800509768,0,175352.69851285694,12099.781538119885,0,0,0.0,0,9.772675492302225,5.837667126597795,7852.756551981561,6825.746526945682,1.1504612017134828,2.0077077851940155,304.64249410218855,0.0,0.006944444444444444,0.006944444444444444,3.1668151366100994,12.342857142857143,0.9263157894736842,1271.2599943931252,105,25.666048526763916
ring,50,3000000.0,9,5,exclude,launch,0,0.0,prior,0.0,sa,12600.0,43200,156534.50107368856,0,141377.5392155856,15156.961858102948,0,0,0.0,0,9.661499495362374,5.88555145347633,7946.954839160066,6759.796590655844,1.1756204099610403,2.0108014902630322,306.51589581539014,0.0,0.0,0.0,1.7708531845761613,4.868035190615836,0.9516129032258065,983.6398997716475,341,42.702138900756836
ring,50,3000000.0,6,6,exclude,launch,0,0.0,prior,0.0,sa,12600.0,43200,167212.83202779436,0,153799.92828854398,13412.903739250352,0,0,0.0,0,9.772675492302225,5.947626559433009,7852.756551981561,6698.388817134066,1.1723351340690604,2.008056562177575,304.8534097647813,0.0,0.004629629629629629,0.018518518518518517,2.515031475273823,9.179012345679013,0.9278350515463918,1127.6320640995946,162,26.776275873184204
ring,50,3000000.0,11,5,exclude,launch,0,0.0,prior,0.0,sa,12600.0,43200,2198507.2806782927,0,2062512.7685181207,135994.51216017193,0,14,0.9285637360769297,20,9.661499495362374,5.918935826430568,7946.954839160066,6676.0632404167645,1.190365422401835,2.024537911020605,314.9033793355398,0.0,0.0,0.0029585798816568047,1.4610981733940396,1.8893280632411067,0.717741935483871,1728.7797942201619,506,41.788968086242676
ring,50,3000000.0,10,5,exclude,launch,0,0.0,prior,0.0,sa,12600.0,43200,206806.4299824445,0,185524.02777931117,21282.40220313334,0,0,0.0,2,9.661499495362374,5.754697928583946,7946.954839160066,6888.017736041542,1.1537361173705516,2.0182418080623945,311.0449139058521,0.0,0.0,0.0,1.6074580658889928,3.0833333333333335,0.959349593495935,1262.8901067245117,420,45.45596385002136
ring,50,3000000.0,12,5,exclude,launch,0,0.0,prior,0.0,sa,12600.0,43200,5214191.768351702,0,4873458.4647484515,340733.30360325123,0,33,0.9907704114887407,46,9.661499495362374,5.979405280039679,7946.954839160066,6399.347998252074,1.2418382062251823,2.090721900452334,356.9022792379052,0.0,0.0,0.0,1.3348213212738953,1.0831946755407653,0.3709677419354839,2520.6290009814566,601,40.927884101867676
ring,50,3000000.0,7,6,exclude,launch,0,0.0,prior,0.0,sa,12600.0,43200,140041.21440272444,0,131734.79799706422,8306.41640566022,0,0,0.0,0,9.772675492302225,6.069406004260522,7852.756551981561,6562.942173614383,1.1965299014141462,2.0083769082439935,305.04719672391457,0.0,0.0,0.02422145328719723,2.158607381563441,7.786046511627907,0.9484536082474226,1000.4911240392232,215,37.86698246002197
ring,50,3000000.0,8,6,exclude,launch,0,0.0,prior,0.0,sa,12600.0,43200,130740.95438257932,0,125166.48703779608,5574.467344783249,0,0,0.0,0,9.772675492302225,5.826841314998101,7852.756551981561,6830.709665102273,1.1496252859495508,2.009976453436809,306.0157309490386,0.0,0.0,0.0,1.9380413391257367,6.125899280575539,0.9479166666666666,961.8667641662327,278,38.46648192405701
ring,50,3000000.0,4,7,exclude,launch,0,0.0,prior,0.0,sa,12600.0,43200,251228.1384180202,0,228088.63818521582,23139.500232804356,0,0,0.0,0,9.808999585359516,5.835442350032514,7822.442319813243,6826.311482737632,1.1459251954140424,2.008307004400854,305.00490453714707,0.0,0.07526881720430108,0.0,3.959980869437494,15.942028985507246,0.9320388349514563,1541.5856344886165,69,24.981298446655273
ring,50,3000000.0,10,6,exclude,launch,0,0.0,prior,0.0,sa,12600.0,43200,167188.54044723118,0,154415.0707077168,12773.469739514388,0,0,0.0,2,9.772675492302225,5.777919351226753,7852.756551981561,6859.618625058437,1.1447803414748388,2.0184525317832858,311.1736678487356,0.0,0.0,0.0,1.6092231430496107,3.323809523809524,0.9574468085106383,1178.7950566077545,420,40.244165658950806
ring,50,3000000.0,11,6,exclude,launch,0,0.0,prior,0.0,sa,12600.0,43200,1662295.3875522795,0,1560896.920256207,101398.46729607251,0,13,0.9200344171999679,17,9.772675492302225,5.896885730235472,7852.756551981561,6680.329523113864,1.1755043706767927,2.0308104489448118,318.7710544961413,0.0,0.0,0.0,1.453283265700391,1.9724950884086443,0.6914893617021277,1638.2346095838848,509,38.60976505279541
ring,50,3000000.0,5,7,exclude,launch,0,0.0,prior,0.0,sa,12600.0,43200,217879.77566999235,0,192589.74836246602,25290.02730752634,0,0,0.0,0,9.808999585359516,5.904334011550679,7822.442319813243,6748.9543503676305,1.1590598948690676,2.0076249236601678,304.59239603434776,0.0,0.013793103448275862,0.006896551724137931,3.15252708378298,11.79245283018868,0.9509803921568627,1339.8351621093177,106,29.053510665893555
ring,50,3000000.0,9,6,exclude,launch,0,0.0,prior,0.0,sa,12600.0,43200,141524.17105944012,0,131124.84237123025,10399.328688209864,0,0,0.0,0,9.772675492302225,5.856138475544617,7852.756551981561,6790.547589892689,1.1564246399907283,2.0117492689867422,307.0909749885622,0.0,0.0,0.0,1.763156222468375,4.646198830409356,0.9468085106382979,1023.94402829697,342,45.600836753845215
ring,50,3000000.0,6,7,exclude,launch,0,0.0,prior,0.0,sa,12600.0,43200,186178.61937767462,0,167616.3117670055,18562.307610669115,0,0,0.0,0,9.808999585359516,5.8565385811365465,7822.442319813243,6803.485622810002,1.1497698023476366,2.0077863946001244,304.6900251423355,0.0,0.004761904761904762,0.0,2.5769766395880325,8.98076923076923,0.9595959595959596,1168.0075119810917,156,32.27448892593384
ring,50,3000000.0,12,6,exclude,launch,0,0.0,prior,0.0,sa,12600.0,43200,4257903.767567577,0,4011565.640907337,246338.12666023948,0,32,0.9878181659352973,45,9.772675492302225,5.849045910169712,7852.756551981561,6460.187241697153,1.2155617566772827,2.117190082742528,374.4341042934769,0.0,0.0,0.0012484394506866417,1.3476850824611823,1.1469115191986645,0.2127659574468085,2402.35383887665,599,43.32749390602112
ring,50,3000000.0,7,7,exclude,launch,0,0.0,prior,0.0,sa,12600.0,43200,161333.68433703674,0,148807.11459409227,12526.569742944484,0,0,0.0,0,9.808999585359516,5.963611200406094,7822.442319813243,6679.09915144289,1.171182242162606,2.008458093630967,305.09631798294134,0.0,0.0,0.010344827586206896,2.1784888910513494,7.267605633802817,0.9411764705882353,1063.9450306045449,213,34.82612109184265
ring,50,3000000.0,8,7,exclude,launch,0,0.0,prior,0.0,sa,12600.0,43200,152944.57566804174,0,139508.4165164048,13436.159151636923,0,0,0.0,0,9.808999585359516,5.915635466055672,7822.442319813243,6731.262640266227,1.1621062403685765,2.0090560206124106,305.45821582024615,0.0,0.0,0.0,1.9687644018258244,5.875457875457876,0.95,1035.1598544483363,273,40.373894691467285
ring,50,3000000.0,4,8,exclude,launch,0,0.0,prior,0.0,sa,12600.0,43200,274063.21484292013,0,243055.07900548787,31008.13583743224,0,0,0.0,0,9.660334137152487,6.036755597412249,7947.95371783911,6600.1576554009725,1.204206646690511,2.0078537868461215,304.73077669802035,0.0,0.021052631578947368,0.010526315789473684,3.8043064028295057,15.492753623188406,0.946236559139785,1528.8247624060682,69,22.212692737579346
ring,50,3000000.0,9,7,exclude,launch,0,0.0,prior,0.0,sa,12600.0,43200,148125.1886859118,0,137698.67151561388,10426.517170297933,0,0,0.0,0,9.808999585359516,5.927146237753701,7822.442319813243,6712.843435778112,1.1652949148376068,2.010656241071481,306.4278112850207,0.0,0.0,0.0,1.7857776635203613,4.850299401197605,0.94,1007.4231127081944,334,41.54465174674988
ring,50,3000000.0,10,7,exclude,launch,0,0.0,prior,0.0,sa,12600.0,43200,236308.27949308322,0,212844.5894106633,23463.69008241991,0,1,0.14975149152655912,3,9.808999585359516,5.833076060204885,7822.442319813243,6793.34854134514,1.15148549676274,2.018870445387623,311.4290953453119,0.0,0.0,0.0,1.5815006558086355,2.9953161592505855,0.9393939393939394,1292.411804493363,427,40.410404443740845
ring,50,3000000.0,5,8,exclude,launch,0,0.0,prior,0.0,sa,12600.0,43200,211655.24557634885,0,191795.63437877342,19859.611197575425,0,0,0.0,0,9.660334137152487,5.9014087053453,7947.95371783911,6752.84639947372,1.1769783062825967,2.0074624139202415,304.49415463860004,0.0,0.006711409395973154,0.006711409395973154,3.0549944183431084,12.0990990990991,0.9680851063829787,1261.57274982597,111,30.384759664535522
ring,50,3000000.0,12,7,exclude,launch,0,0.0,prior,0.0,sa,12600.0,43200,5488709.897652629,0,5164544.6258923225,324165.2717603062,0,35,0.993958614081309,49,9.808999585359516,5.734181184130687,7822.442319813243,6484.805333098677,1.206272496706604,2.1514023174799917,397.7181890094888,0.0,0.0,0.0,1.349765197503539,1.0067114093959733,0.29292929292929293,2747.5882052033858,596,37.42260265350342
ring,50,3000000.0,11,7,exclude,launch,0,0.0,prior,0.0,sa,12600.0,43200,2328827.620683765,0,2195442.786458262,133384.8342255034,0,13,0.9365337300980676,19,9.808999585359516,5.835359257070298,7822.442319813243,6734.002638215657,1.1616333910267067,2.0358656086723235,321.9052677690251,0.0,0.0,0.0,1.4526155915492789,1.7823529411764707,0.6666666666666666,1813.3647040562355,510,42.14932656288147
ring,50,3000000.0,6,8,exclude,launch,0,0.0,prior,0.0,sa,12600.0,43200,182266.97330984613,0,166347.5449099374,15919.42839990876,0,0,0.0,0,9.660334137152487,5.851476545298788,7947.95371783911,6810.384725842997,1.1670344683582181,2.007487603158772,304.5093811555824,0.0,0.004694835680751174,0.004694835680751174,2.5656037803811005,9.443037974683545,0.967741935483871,1115.0190665326033,158,31.81704568862915
ring,50,3000000.0,7,8,exclude,launch,0,0.0,prior,0.0,sa,12600.0,43200,158048.5387994723,0,150031.62379022923,8016.915009243074,0,0,0.0,0,9.660334137152487,6.066546882804244,7947.95371783911,6565.895837964497,1.2104903754158651,2.0084195493874564,305.07299627604004,0.0,0.003367003367003367,0.02356902356902357,2.087837386154868,7.32579185520362,0.967741935483871,1027.2069760909208,221,35.829806327819824
ring,50,3000000.0,8,8,exclude,launch,0,0.0,prior,0.0,sa,12600.0,43200,150486.77468023854,0,140109.46904813743,10377.305632101117,0,0,0.0,0,9.660334137152487,5.871764268607544,7947.95371783911,6781.06115280455,1.1720811151440436,2.009202520235661,305.5469180550027,0.0,0.0,0.0,1.933791387089873,6.035714285714286,0.978494623655914,973.1755642022043,280,39.44936513900757
ring,50,3000000.0,4,9,exclude,launch,0,0.0,prior,0.0,sa,12600.0,43200,232771.15113251246,0,210553.68561872997,22217.465513782478,0,0,0.0,0,9.693409585669638,5.986989413079966,7919.696655027925,6654.081207068615,1.1902013829670202,2.0081372865337115,304.90223654986636,0.0,0.020833333333333332,0.020833333333333332,3.8443400572874804,16.114285714285714,0.897196261682243,1470.372278120159,70,25.742896795272827
ring,50,3000000.0,9,8,exclude,launch,0,0.0,prior,0.0,sa,12600.0,43200,148968.77788053278,0,137122.83706865518,11845.94081187759,0,0,0.0,0,9.660334137152487,5.9015054576951425,7947.95371783911,6742.414552061711,1.1787993242582164,2.0105353925859557,306.3545339006554,0.0,0.0,0.0,1.7733698557042818,5.02046783625731,0.978494623655914,948.7411510518334,342,46.597140312194824
ring,50,3000000.0,5,9,exclude,launch,0,0.0,prior,0.0,sa,12600.0,43200,198656.4337393083,0,175021.39358487626,23635.04015443204,0,0,0.0,0,9.693409585669638,5.85692214730198,7919.696655027925,6804.15538774797,1.16394999874469,2.0074572830341317,304.4910531415544,0.0,0.006944444444444444,0.006944444444444444,3.1779475693827712,12.476190476190476,0.9428571428571428,1271.8143225839056,105,29.52986192703247
ring,50,3000000.0,10,8,exclude,launch,0,0.0,prior,0.0,sa,12600.0,43200,255450.79298327313,0,238890.6042788822,16560.188704390945,0,1,0.3036547262695021,3,9.660334137152487,5.8380502586313385,7947.95371783911,6796.463925861631,1.1694248368766995,2.0162256779549237,309.8143885604831,0.0,0.0,0.0,1.6034215880670062,3.39618138424821,0.9247311827956989,1143.8539869396343,419,47.27130365371704
ring,50,3000000.0,11,8,exclude,launch,0,0.0,prior,0.0,sa,12600.0,43200,992567.1049965807,0,923230.5987486175,69336.5062479634,0,6,0.785727812432091,11,9.660334137152487,5.834126704845747,7947.95371783911,6715.122665142077,1.1835902505693021,2.04202088615577,325.74225815545697,0.0,0.0,0.0,1.4485735574363112,1.9471624266144814,0.8064516129032258,1661.5502127424265,511,40.464682817459106
ring,50,3000000.0,6,9,exclude,launch,0,0.0,prior,0.0,sa,12600.0,43200,165860.13700274972,0,150673.06257507665,15187.074427673047,0,0,0.0,0,9.693409585669638,5.936267551333106,7919.696655027925,6713.161067060545,1.1797268940689485,2.007471799535569,304.49982805783156,0.0,0.0,0.004784688995215311,2.59235076789887,9.670967741935485,0.9702970297029703,1091.9713152701984,155,29.34131908416748
ring,50,3000000.0,12,8,exclude,launch,0,0.0,prior,0.0,sa,12600.0,43200,4981835.790376272,0,4697357.136370881,284478.65400539094,0,28,0.9918579836454324,46,9.660334137152487,6.0227632501882225,7947.95371783911,6458.957801173221,1.2305319159068393,2.0565143680501583,334.8667829689275,0.0,0.0,0.0,1.3574725688373597,1.6346801346801347,0.4731182795698925,1698.6317676718763,594,46.643885374069214
ring,50,3000000.0,7,9,exclude,launch,0,0.0,prior,0.0,sa,12600.0,43200,147493.94636826956,0,137332.4979067343,10161.448461535276,0,0,0.0,0,9.693409585669638,5.87694866742815,7919.696655027925,6777.3502632580685,1.1685535419296298,2.0085292395841225,305.1393681288386,0.0,0.00684931506849315,0.00684931506849315,2.162407482780095,7.441860465116279,0.9900990099009901,1008.3786332286404,215,38.65908479690552
ring,50,3000000.0,8,9,exclude,launch,0,0.0,prior,0.0,sa,12600.0,43200,137728.5234421585,0,128105.70246808545,9622.820974073047,0,0,0.0,0,9.693409585669638,5.783752575710171,7919.696655027925,6882.49260216126,1.1507018042476296,2.0097152491423005,305.8574653051495,0.0,0.0,0.0,1.9438601297038893,6.025735294117647,0.9702970297029703,974.6694106218742,272,40.33734965324402
ring,50,3000000.0,9,9,exclude,launch,0,0.0,prior,0.0,sa,12600.0,43200,127006.60504262723,0,119136.8116282566,7869.793414370621,0,0,0.0,0,9.693409585669638,5.793083655588292,7919.696655027925,6866.362039355157,1.1534050505399347,2.0111917944440676,306.75265354530404,0.0,0.0,0.0,1.792937030622808,5.2648809523809526,0.9509803921568627,937.8505004112794,336,44.85874915122986
ring,50,3000000.0,4,10,exclude,launch,0,0.0,prior,0.0,sa,12600.0,43200,246742.29413817305,0,222978.89652264977,23763.397615523263,0,0,0.0,0,9.750155059805705,6.086219056156531,7871.664383040849,6545.416579028793,1.2026223675757004,2.0081914574480226,304.9350044613503,0.0,0.05263157894736842,0.010526315789473684,3.8721936526158958,16.857142857142858,0.8631578947368421,1438.4485999067404,70,24.049903869628906
ring,50,3000000.0,10,9,exclude,launch,0,0.0,prior,0.0,sa,12600.0,43200,164148.9601339947,0,149441.93378534412,14707.026348650568,0,0,0.0,2,9.693409585669638,5.792571963937828,7919.696655027925,6844.110787653861,1.1571549468945361,2.017908724688949,310.84145153936475,0.0,0.0,0.0,1.6045120170437368,3.4463007159904535,0.9405940594059405,1131.6896059056573,419,44.44767355918884
ring,50,3000000.0,5,10,exclude,launch,0,0.0,prior,0.0,sa,12600.0,43200,205133.94423904858,0,183949.05027671898,21184.893962329625,0,0,0.0,0,9.750155059805705,5.983901833168354,7871.664383040849,6659.69739845846,1.1819852933352388,2.0074790906499347,304.50423542904593,0.0,0.013986013986013986,0.013986013986013986,3.1960810456720496,12.933962264150944,0.9368421052631579,1225.3451762248192,106,29.586215496063232
ring,50,3000000.0,11,9,exclude,launch,0,0.0,prior,0.0,sa,12600.0,43200,1157657.1724714125,0,1083554.1086477404,74103.06382367185,0,8,0.874994733262485,16,9.693409585669638,5.872301432397261,7919.696655027925,6704.080160768604,1.1813248745701086,2.0320877047283745,319.5615090754454,0.0,0.0,0.0,1.4643043989287934,2.2865731462925853,0.7326732673267327,1428.0998563335863,499,43.16004419326782
ring,50,3000000.0,6,10,exclude,launch,0,0.0,prior,0.0,sa,12600.0,43200,175486.24397098564,0,163097.0521346863,12389.191836299364,0,0,0.0,0,9.750155059805705,5.967360727459285,7871.664383040849,6677.350118848204,1.1788605124690774,2.007721855727252,304.6510015531127,0.0,0.004651162790697674,0.0,2.5404893163553823,9.360248447204969,0.9354838709677419,1091.0477104472407,161,35.822494983673096
ring,50,3000000.0,12,9,exclude,launch,0,0.0,prior,0.0,sa,12600.0,43200,4279456.082144971,0,4029043.385404085,250412.69674088655,0,30,0.9902097561140286,43,9.693409585669638,6.067171510584966,7919.696655027925,6416.148026600153,1.234338207627745,2.0550828735885345,333.95996104195166,0.0,0.0,0.0,1.349675914363699,1.407718120805369,0.297029702970297,1948.8281532068352,596,44.40812849998474
ring,50,3000000.0,7,10,exclude,launch,0,0.0,prior,0.0,sa,12600.0,43200,158937.25562836952,0,147923.85855208492,11013.39707628458,0,0,0.0,0,9.750155059805705,6.068883454306326,7871.664383040849,6563.137605038041,1.1993751855817174,2.0084900269565464,305.1156403412447,0.0,0.0,0.016891891891891893,2.1215655259670125,7.34703196347032,0.946236559139785,1030.981608250695,219,36.63517785072327
ring,50,3000000.0,4,11,exclude,launch,0,0.0,prior,0.0,sa,12600.0,43200,259634.18012414942,0,238773.220723122,20860.95940102738,0,0,0.0,0,9.963576159691117,6.051122029810668,7695.912262605395,6585.153683828892,1.168676181621119,2.007650729002198,304.60799749759843,0.0,0.021052631578947368,0.021052631578947368,3.8580781576982712,16.52173913043478,0.9494949494949495,1497.7434059799887,69,22.15153670310974
ring,50,3000000.0,8,10,exclude,launch,0,0.0,prior,0.0,sa,12600.0,43200,146323.8726352646,0,137466.12802431072,8857.744610953894,0,0,0.0,0,9.750155059805705,5.89088862121509,7871.664383040849,6757.761945803362,1.1648330388331054,2.0095845653063598,305.7782983514494,0.0,0.0,0.0,1.9308828996028269,6.018050541516246,0.9354838709677419,986.2226402062262,277,43.81418251991272
ring,50,3000000.0,9,10,exclude,launch,0,0.0,prior,0.0,sa,12600.0,43200,146215.73601205298,0,134925.0524037914,11290.683608261586,0,0,0.0,0,9.750155059805705,5.941595300291847,7871.664383040849,6694.841225590381,1.175780592518337,2.011160069911302,306.73340609490873,0.0,0.0,0.0,1.7561581676590943,4.979591836734694,0.945054945054945,959.6336504799264,343,42.254767417907715
ring,50,3000000.0,5,11,exclude,launch,0,0.0,prior,0.0,sa,12600.0,43200,213205.84242623614,0,196302.55716876453,16903.285257471598,0,0,0.0,0,9.963576159691117,5.961270507026434,7695.912262605395,6686.748208540117,1.150920002158359,2.006948311770025,304.183470772951,0.0,0.006944444444444444,0.006944444444444444,3.1673707537437212,12.68867924528302,0.9591836734693877,1238.5103780072966,106,27.918529748916626
ring,50,3000000.0,10,10,exclude,launch,0,0.0,prior,0.0,sa,12600.0,43200,188702.61384727815,0,168624.33365398654,20078.2801932916,0,0,0.0,2,9.750155059805705,5.850774683529539,7871.664383040849,6781.043278366816,1.1608338215674543,2.0164158256892435,309.93033921346387,0.0,0.0,0.0,1.613175976929311,3.3460620525059666,0.945054945054945,1176.8796110517462,419,44.12161588668823
ring,50,3000000.0,6,11,exclude,launch,0,0.0,prior,0.0,sa,12600.0,43200,186555.56072873125,0,169330.89422613216,17224.666502599077,0,0,0.0,0,9.963576159691117,6.007640196552097,7695.912262605395,6634.8884119987415,1.1599158546039545,2.0070234620192826,304.22887591719063,0.0,0.004761904761904762,0.009523809523809525,2.5836055947834797,9.916129032258064,0.9489795918367347,1082.1169346951197,155,32.71658682823181
ring,50,3000000.0,11,10,exclude,launch,0,0.0,prior,0.0,sa,12600.0,43200,1452890.1667628412,0,1354274.0272780627,98616.13948477844,0,6,0.8693123303766193,17,9.750155059805705,5.909774807978967,7871.664383040849,6663.717067636303,1.1812722994004634,2.0314330102937226,319.1562164170712,0.0,0.0,0.0,1.4598356528062602,1.9723865877712032,0.782608695652174,1649.5418236706619,507,45.83612608909607
ring,50,3000000.0,12,10,exclude,launch,0,0.0,prior,0.0,sa,12600.0,43200,3933916.3853853308,0,3722705.607721186,211210.77766414502,0,27,0.9827077325975266,43,9.750155059805705,5.990043620730558,7871.664383040849,6437.591813653464,1.2227653773179386,2.0746104728050283,346.4363004786739,0.0,0.0,0.0025031289111389237,1.3495175465242262,1.3886097152428811,0.5108695652173914,1990.5463291447793,597,46.56432104110718
ring,50,3000000.0,7,11,exclude,launch,0,0.0,prior,0.0,sa,12600.0,43200,162658.98556218352,0,150735.38722499367,11923.59833718982,0,0,0.0,0,9.963576159691117,6.129420414103153,7695.912262605395,6499.912348925196,1.1840024679529664,2.007997077202184,304.81743229444373,0.0,0.0,0.03333333333333333,2.0969187646400336,7.618834080717488,0.9693877551020408,975.2343181242505,223,37.07595419883728
ring,50,3000000.0,4,12,exclude,launch,0,0.0,prior,0.0,sa,12600.0,43200,287622.9458022583,0,252746.6729697844,34876.272832473915,0,0,0.0,0,9.862946229994707,5.94065957891365,7777.833262780507,6705.479878048354,1.159921945071031,2.008285519869487,304.9919068735444,0.0,0.010869565217391304,0.010869565217391304,4.0003261813009185,17.0,0.9038461538461539,1450.0936289833085,66,20.370462656021118
ring,50,3000000.0,8,11,exclude,launch,0,0.0,prior,0.0,sa,12600.0,43200,150698.53620233087,0,142066.4192416064,8632.116960724503,0,0,0.0,0,9.963576159691117,5.989043381229204,7695.912262605395,6648.900914719397,1.1574713417022224,2.009012630771907,305.43194671717333,0.0,0.0,0.007978723404255319,1.898895092595531,6.2,0.9484536082474226,933.9361259627585,280,41.85015320777893
ring,50,3000000.0,5,12,exclude,launch,0,0.0,prior,0.0,sa,12600.0,43200,238069.19160554762,0,212782.86353650448,25286.328069043175,0,0,0.0,0,9.862946229994707,6.021016606792934,7777.833262780507,6617.737408958929,1.1753009800979815,2.007754608914311,304.6708055364107,0.0,0.006802721088435374,0.013605442176870748,3.1293896683702678,12.411214953271028,0.9134615384615384,1255.3353618308875,107,27.396057605743408
ring,50,3000000.0,10,11,exclude,launch,0,0.0,prior,0.0,sa,12600.0,43200,177668.77827110147,0,163108.5651372665,14560.213133834972,0,0,0.0,1,9.963576159691117,5.857871061964428,7695.912262605395,6773.845504249417,1.1361216103581844,2.0161131006173005,309.7457499738313,0.0,0.0,0.0,1.5994141488152436,3.6738095238095236,0.9791666666666666,1060.1378213878627,420,43.53793001174927
ring,50,3000000.0,9,11,exclude,launch,0,0.0,prior,0.0,sa,12600.0,43200,148491.40429879367,0,138249.40822591592,10241.996072877757,0,0,0.0,0,9.963576159691117,5.91893886504199,7695.912262605395,6720.88815760385,1.1450736989126096,2.011034236987011,306.657068507972,0.0,0.0,0.0,1.7362328911660785,5.085470085470085,0.9690721649484536,918.3302162220073,351,44.06385135650635
ring,50,3000000.0,6,12,exclude,launch,0,0.0,prior,0.0,sa,12600.0,43200,208539.1687299473,0,185229.36939518334,23309.799334763935,0,0,0.0,0,9.862946229994707,5.955131690447927,7777.833262780507,6689.845123111555,1.1626327844138358,2.008087134333711,304.87190112274624,0.0,0.004672897196261682,0.009345794392523364,2.535662997795344,9.4375,0.9423076923076923,1092.6051411029935,160,28.49249577522278
ring,50,3000000.0,11,11,exclude,launch,0,0.0,prior,0.0,sa,12600.0,43200,2145100.480502413,0,2042358.49025512,102741.9902472931,0,12,0.9330976874310951,19,9.963576159691117,5.911112698761219,7695.912262605395,6681.676830368871,1.1517935479349621,2.025514147876292,315.5037802483313,0.0,0.0,0.0014727540500736377,1.4588702915637788,2.1414538310412574,0.7216494845360825,1513.7342436880517,509,44.60042381286621
ring,50,3000000.0,12,11,exclude,launch,0,0.0,prior,0.0,sa,12600.0,43200,4797631.055396103,0,4512311.936585256,285319.1188108471,0,26,0.9850752384765771,42,9.963576159691117,5.936141848263845,7695.912262605395,6466.3990434458,1.190138779079185,2.0841223706994247,352.59639439528223,0.0,0.0,0.0,1.352303187582924,1.2744107744107744,0.4742268041237113,2181.7941914358353,594,45.71325612068176
core,50,1500000.0,2,1,exclude,launch,0,0.0,prior,0.0,sa,12600.0,43200,263193.8292384436,0,215867.66734931563,47326.16188912796,0,0,0.0,0,4.789315478557101,20.76642326046207,8018.590898655449,958.151261350042,8.368815261336918,2.010315467353094,306.2212030718701,0.0,0.061224489795918366,0.0,3.7196752333652587,31.72222222222222,0.9537037037037037,1457.4627036168408,36,12.717101812362671
ring,50,3000000.0,7,12,exclude,launch,0,0.0,prior,0.0,sa,12600.0,43200,185306.23897498826,0,168813.39552082436,16492.843454163907,0,0,0.0,0,9.862946229994707,6.08754979212765,7777.833262780507,6543.482753938502,1.1886381542152078,2.0083458277703925,305.0283925145875,0.0,0.0,0.01384083044982699,2.161282646512368,7.311627906976744,0.9423076923076923,1063.5089240615375,215,32.42185306549072
ring,50,3000000.0,8,12,exclude,launch,0,0.0,prior,0.0,sa,12600.0,43200,162291.2023656555,0,150822.5457953116,11468.656570343921,0,0,0.0,0,9.862946229994707,6.01048196154976,7777.833262780507,6624.256033710404,1.1741444206261993,2.00929442338867,305.60256992504037,0.0,0.0,0.01084010840108401,1.9386418631375733,6.241758241758242,0.9038461538461539,962.7208874572109,273,38.25699496269226
ring,50,3000000.0,10,12,exclude,launch,0,0.0,prior,0.0,sa,12600.0,43200,215248.1084479302,0,192060.14746063142,23187.960987298786,0,0,0.0,2,9.862946229994707,5.874615038229945,7777.833262780507,6751.07700339196,1.1520877719025677,2.017146832882167,310.3763038926668,0.0,0.0,0.0,1.6035248816687158,3.3102625298329356,0.9313725490196079,1181.498370518054,419,41.6492600440979
core,50,1500000.0,2,2,exclude,launch,0,0.0,prior,0.0,sa,12600.0,43200,228522.94032532515,0,207299.1829813281,21223.757343997037,0,0,0.0,0,4.789315478557101,25.955326441068536,8018.590898655449,766.248799116278,10.46473535476123,2.0112390333880166,306.7813147942592,0.0,0.041666666666666664,0.0,3.784732555477535,31.714285714285715,0.9537037037037037,1490.440022786275,35,15.635650634765625
core,50,1500000.0,3,1,exclude,launch,0,0.0,prior,0.0,sa,12600.0,43200,159478.71680970682,0,142029.76270448533,17448.954105221528,0,0,0.0,0,4.789315478557101,23.001587564237134,8018.590898655449,866.4891151523975,9.254116131909106,2.006961622475357,304.1915127414611,0.0,0.04716981132075472,0.0,2.5727544952108614,22.962025316455698,0.9814814814814815,917.7014115556046,79,29.051122903823853
ring,50,3000000.0,9,12,exclude,launch,0,0.0,prior,0.0,sa,12600.0,43200,174254.27151171287,0,158965.06381070358,15289.207701009283,0,0,0.0,0,9.862946229994707,5.9399873771448055,7777.833262780507,6695.467588023844,1.1616564729090297,2.011516284911675,306.94955839245506,0.0,0.0,0.0,1.75482932493159,4.769005847953216,0.95,993.5081741062197,342,44.21521306037903
ring,50,3000000.0,11,12,exclude,launch,0,0.0,prior,0.0,sa,12600.0,43200,1646285.9466294586,0,1521553.1838616724,124732.76276778613,0,10,0.8898100183704977,17,9.862946229994707,5.927977897639445,7777.833262780507,6648.182562671332,1.1699187243220448,2.0299272534791317,318.22504423772034,0.0,0.0,0.0,1.4560058797188287,2.069169960474308,0.7019230769230769,1573.876524002928,506,44.13021969795227
ring,50,3000000.0,12,12,exclude,launch,0,0.0,prior,0.0,sa,12600.0,43200,5051242.142049469,0,4748259.41292491,302982.72912455874,0,27,0.9831879474492299,45,9.862946229994707,5.890880385509731,7777.833262780507,6454.148434726189,1.20509054624965,2.1041215933415827,365.7253478649466,0.0,0.0,0.0,1.3498493715304727,1.1185308848080133,0.41346153846153844,2464.8532587468153,599,40.40885591506958
core,50,1500000.0,4,1,exclude,launch,0,0.0,prior,0.0,sa,12600.0,43200,113146.75081320919,0,103016.14207809375,10130.608735115447,0,0,0.0,0,4.789315478557101,20.082750735505623,8018.590898655449,993.1842537129032,8.073618634889632,2.0054275088893188,303.26534268941435,0.0,0.020942408376963352,0.005235602094240838,1.900924961740209,17.638297872340427,0.9626168224299065,650.5410539306273,141,44.64744853973389
core,50,1500000.0,3,2,exclude,launch,0,0.0,prior,0.0,sa,12600.0,43200,142166.68815697698,0,129807.16467714995,12359.52347982701,0,0,0.0,0,4.789315478557101,16.009622703060685,8018.590898655449,1244.281205521367,6.444355876367653,2.0079844855634663,304.8098169409937,0.0,0.046296296296296294,0.0,2.517327246636037,22.469135802469136,0.9444444444444444,914.8168709666908,81,28.04108166694641
core,50,1500000.0,2,3,exclude,launch,0,0.0,prior,0.0,sa,12600.0,43200,299153.45190639276,0,254310.78146351883,44842.67044287396,0,0,0.0,0,5.810765870883612,19.030454566375788,6550.440834961872,1045.5404914713613,6.265124008486377,2.010342122600364,306.2373614101829,0.0,0.04,0.0,3.7002596696331604,30.675675675675677,0.9433962264150944,1471.7379457841896,37,12.094359636306763
core,50,1500000.0,5,1,exclude,launch,0,0.0,prior,0.0,sa,12600.0,43200,312036.37795152154,0,283445.6410296271,28590.736921894415,0,1,0.7415824837326628,1,4.789315478557101,19.016044513137903,8018.590898655449,1049.367258156629,7.64135800533867,2.004528782593572,302.7234225176772,0.0,0.012861736334405145,0.012861736334405145,1.4627401918513796,13.93859649122807,0.9439252336448598,519.108276766078,228,56.0149188041687
core,50,1500000.0,4,2,exclude,launch,0,0.0,prior,0.0,sa,12600.0,43200,107822.57329081059,0,97193.15336882514,10629.419921985453,0,0,0.0,0,4.789315478557101,18.009163767292343,8018.590898655449,1107.1161876045958,7.242772699408196,2.006195459391791,303.72879075019705,0.0,0.041884816753926704,0.005235602094240838,1.8600291376164388,16.923076923076923,0.9626168224299065,679.6376720417971,143,42.3829083442688
core,50,1500000.0,3,3,exclude,launch,0,0.0,prior,0.0,sa,12600.0,43200,178450.39349116513,0,157234.87652212274,21215.516969042423,0,0,0.0,0,5.810765870883612,18.51202802395587,6550.440834961872,1076.4274657884207,6.085352746145374,2.0073413076027364,304.4209530008372,0.0,0.06956521739130435,0.008695652173913044,2.362680774999312,22.270588235294117,0.9622641509433962,876.293379059218,85,27.048134803771973
core,50,1500000.0,6,1,exclude,launch,0,0.0,prior,0.0,sa,12600.0,43200,296807.396736658,0,269897.0626026906,26910.334133967423,0,1,0.7796325654968161,1,4.789315478557101,20.34045816209069,8018.590898655449,981.3583833793043,8.170909867854247,2.0038795971527064,302.3322736738441,0.0,0.013888888888888888,0.018518518518518517,1.2388566537003929,12.09375,0.9532710280373832,424.27155025491356,320,70.45440196990967
core,50,1500000.0,5,2,exclude,launch,0,0.0,prior,0.0,sa,12600.0,43200,150063.71445885336,0,142697.22998011913,7366.484478734226,0,1,0.4887297911111636,1,4.789315478557101,21.153434532408053,8018.590898655449,943.1263178099346,8.502138841036363,2.0049762689372264,302.99319033809667,0.0,0.013071895424836602,0.02287581699346405,1.4653276556425032,13.97787610619469,0.9439252336448598,521.4669681561461,226,53.781673431396484
core,50,1500000.0,4,3,exclude,launch,0,0.0,prior,0.0,sa,12600.0,43200,124422.49434325108,0,116889.79030093405,7532.704042317024,0,0,0.0,0,5.810765870883612,16.96807514013208,6550.440834961872,1175.3229786704983,5.57331129726707,2.0057194478007014,303.44148230536445,0.0,0.02564102564102564,0.0,1.836518698651933,17.404109589041095,0.9428571428571428,651.0608289869997,146,44.60127520561218
core,50,1500000.0,7,1,exclude,launch,0,0.0,prior,0.0,sa,12600.0,43200,287993.5306920119,0,261438.89244334502,26554.638248666874,0,1,0.803492743813396,1,4.789315478557101,19.84989644175389,8018.590898655449,1005.8365639417933,7.972061452241535,2.0034307116564225,302.06195792859415,0.0,0.005190311418685121,0.00865051903114187,1.0678047533187724,10.158256880733944,0.9345794392523364,368.70578730903117,436,83.74657106399536
core,50,1500000.0,6,2,exclude,launch,0,0.0,prior,0.0,sa,12600.0,43200,135757.0756616496,0,130284.00561176665,5473.070049882958,0,1,0.5404036179202748,1,4.789315478557101,19.82285801778355,8018.590898655449,1006.7560960127362,7.964780079716555,2.0043310437235373,302.60425361604297,0.0,0.011467889908256881,0.013761467889908258,1.2342391129870345,11.756172839506172,0.9439252336448598,430.81409268091323,324,68.55301475524902
core,50,1500000.0,2,4,exclude,launch,0,0.0,prior,0.0,sa,12600.0,43200,325436.94546698796,0,281829.4717219481,43607.47374503981,0,0,0.0,0,5.258009724989983,18.208789074497638,7274.107902442663,1092.3603697854828,6.659073419032172,2.0110042588664796,306.6388834338479,0.0,0.10204081632653061,0.0,3.7032130573193895,30.16216216216216,0.9375,1520.1307978950676,37,17.054846048355103
core,50,1500000.0,8,1,exclude,launch,0,0.0,prior,0.0,sa,12600.0,43200,279327.82530511706,0,253482.27588030338,25845.549424813715,0,1,0.8284198393893182,1,4.789315478557101,19.701471876457376,8018.590898655449,1013.5872606573487,7.911100711205759,2.0030886715733813,301.8560649116552,0.0,0.0,0.00945945945945946,0.9593394139777484,9.172972972972973,0.9626168224299065,320.95247167401504,555,91.63929152488708
core,50,1500000.0,5,3,exclude,launch,0,0.0,prior,0.0,sa,12600.0,43200,98769.07732730579,0,94388.16567934201,4380.911647963773,0,0,0.0,0,5.810765870883612,17.825286126897474,6550.440834961872,1119.3458061388396,5.852026066508868,2.0047453053744224,302.85393860158246,0.0,0.0231023102310231,0.013201320132013201,1.457076880383626,13.934782608695652,0.9714285714285714,515.653744001355,230,57.6536340713501
core,50,1500000.0,7,2,exclude,launch,0,0.0,prior,0.0,sa,12600.0,43200,126780.91931958868,0,121239.2248297364,5541.694489852277,0,1,0.5787043023475686,1,4.789315478557101,20.27772914175902,8018.590898655449,984.4429035685465,8.145308244478716,2.0037804771124534,302.27257386963146,0.0,0.0017452006980802793,0.010471204188481676,1.0920466780825375,10.456876456876456,0.9439252336448598,367.18212223332677,429,80.66558194160461
core,50,1500000.0,3,4,exclude,launch,0,0.0,prior,0.0,sa,12600.0,43200,188892.22515307905,0,171290.43443424883,17601.790718830227,0,0,0.0,0,5.258009724989983,21.87528047841925,7274.107902442663,910.8852869713435,7.985756281813241,2.0074404640409336,304.4808865761035,0.0,0.04672897196261682,0.009345794392523364,2.5249735025484608,22.65,0.9553571428571429,920.3697100418943,80,31.78799533843994
core,50,1500000.0,2,5,exclude,launch,0,0.0,prior,0.0,sa,12600.0,43200,279702.85617785587,0,241620.95408320942,38081.90209464648,0,0,0.0,0,5.537141230626804,20.611025272344605,6890.610997136995,965.2392368643957,7.138759733308523,2.0105988411424502,306.393005315539,0.0,0.020833333333333332,0.0,3.826886579109898,32.25714285714286,0.928,1479.9379899622052,35,12.613985300064087
core,50,1500000.0,6,3,exclude,launch,0,0.0,prior,0.0,sa,12600.0,43200,79924.18501955758,0,76152.07958086659,3772.105438690998,0,0,0.0,1,5.810765870883612,13.367722265231894,6550.440834961872,1492.9027919147595,4.38772093564139,2.004338401362749,302.60868733556475,0.0,0.009615384615384616,0.002403846153846154,1.3039681457759822,12.572815533980583,0.9904761904761905,425.6177998360878,309,74.66035461425781
core,50,1500000.0,4,4,exclude,launch,0,0.0,prior,0.0,sa,12600.0,43200,137125.44344876465,0,128999.64856949638,8125.794879268276,0,0,0.0,0,5.258009724989983,18.584510723264113,7274.107902442663,1073.04873030539,6.778916648428863,2.0058082555771453,303.4950740961418,0.0,0.047619047619047616,0.005291005291005291,1.9193647263541065,17.492857142857144,0.954954954954955,668.7840443956409,140,44.74354553222656
core,50,1500000.0,8,2,exclude,launch,0,0.0,prior,0.0,sa,12600.0,43200,119781.51481786453,0,115076.48769328617,4705.027124578364,0,1,0.6125231132038533,1,4.789315478557101,21.85516639699899,8018.590898655449,913.5384841019263,8.77750750318778,2.003452391222054,302.0750104347775,0.0,0.0,0.024096385542168676,0.9254217206300115,9.00886524822695,0.9622641509433962,322.84726724245564,564,106.80103015899658
core,50,1500000.0,7,3,exclude,launch,0,0.0,prior,0.0,sa,12600.0,43200,231928.5731964412,0,230326.03301208146,1602.5401843597213,0,1,0.7214016610692737,1,5.810765870883612,20.32430526320109,6550.440834961872,982.3252314436281,6.668301521009822,2.003498321280751,302.1026642439856,0.0,0.015332197614991482,0.018739352640545145,1.0551241408397247,10.203196347031964,1.0,367.9490971880276,438,79.93112182617188
core,50,1500000.0,3,5,exclude,launch,0,0.0,prior,0.0,sa,12600.0,43200,173352.66517014353,0,160167.54088865363,13185.124281489916,0,0,0.0,0,5.537141230626804,20.977772162320807,6890.610997136995,949.8566652491543,7.254369263524132,2.0074399024563387,304.4805471183711,0.0,0.07964601769911504,0.008849557522123894,2.4773369861263084,22.304878048780488,0.952,905.712916205957,82,29.94772982597351
core,50,1500000.0,5,4,exclude,launch,0,0.0,prior,0.0,sa,12600.0,43200,103795.57612351407,0,99509.08658441808,4286.48953909598,0,0,0.0,0,5.258009724989983,15.898518122317295,7274.107902442663,1254.8890869900354,5.796614201092677,2.0049244060057188,302.9619185357839,0.0,0.01718213058419244,0.006872852233676976,1.5447306994069123,14.300925925925926,0.9724770642201835,530.7150977774392,216,59.54813194274902
core,50,1500000.0,4,5,exclude,launch,0,0.0,prior,0.0,sa,12600.0,43200,121507.44507796074,0,112844.75212453872,8662.692953422025,0,0,0.0,0,5.537141230626804,20.78409029871819,6890.610997136995,959.5133385225929,7.181360300573609,2.005755327305572,303.46313352106154,0.0,0.030456852791878174,0.01015228426395939,1.8231305124959774,17.63013698630137,0.9919354838709677,635.0124304574409,146,44.68028688430786
core,50,1500000.0,8,3,exclude,launch,0,0.0,prior,0.0,sa,12600.0,43200,223216.0734625353,0,221423.1614915931,1792.911970942189,0,1,0.7495591843273821,1,5.810765870883612,19.02583635226559,6550.440834961872,1049.5418752013738,6.241238191382359,2.003163800669591,301.90128329215776,0.0,0.0,0.008075370121130552,0.9566182684760708,9.203237410071942,0.9809523809523809,319.55522219096054,556,97.63052654266357
core,50,1500000.0,2,6,exclude,launch,0,0.0,prior,0.0,sa,12600.0,43200,247242.973803886,0,225285.26496456834,21957.70883931767,0,0,0.0,0,4.998140959091332,20.078974605048078,7669.642238462474,990.4454209627879,7.743629357190628,2.0113512159441527,306.8493845975149,0.0,0.08333333333333333,0.0,3.8056716164582123,31.37142857142857,0.9175257731958762,1531.0038849164407,35,13.51255202293396
core,50,1500000.0,6,4,exclude,launch,0,0.0,prior,0.0,sa,12600.0,43200,230118.29472720437,0,219702.7542827658,10415.540444438573,0,1,0.6439478382974417,1,5.258009724989983,20.337968365420107,7274.107902442663,981.4206470780646,7.411814622098594,2.0039977677878986,302.403455316925,0.0,0.00702576112412178,0.00468384074941452,1.2706034453823418,11.94620253164557,0.9724770642201835,435.58662147982005,316,75.71244788169861
core,50,1500000.0,9,3,exclude,launch,0,0.0,prior,0.0,sa,12600.0,43200,217425.9000466338,0,215564.96604312726,1860.9340035065204,0,1,0.7695203649494077,1,5.810765870883612,19.472008656852086,6550.440834961872,1025.6265260589507,6.386770104447715,2.002903349197047,301.7445383491964,0.0,0.0,0.009594882729211088,0.8449485002391618,8.022598870056497,0.9904761904761905,288.7789715190543,708,106.73084712028503
core,50,1500000.0,7,4,exclude,launch,0,0.0,prior,0.0,sa,12600.0,43200,218708.7663287546,0,209129.4538911625,9579.3124375921,0,1,0.6775411014825617,1,5.258009724989983,20.638778138347675,7274.107902442663,967.3108735317221,7.519927772427873,2.0035949994526616,302.1608768779163,0.0,0.0,0.01730103806228374,1.0679211600182124,10.004608294930875,0.9724770642201835,376.2349284368035,434,85.10797476768494
core,50,1500000.0,5,5,exclude,launch,0,0.0,prior,0.0,sa,12600.0,43200,97508.37247761244,0,91443.0754102905,6065.29706732194,0,0,0.0,0,5.537141230626804,19.299585800461724,6890.610997136995,1033.7997617611402,6.6653246131518005,2.004820872200899,302.89949556317265,0.0,0.026490066225165563,0.009933774834437087,1.4878068551933512,14.26457399103139,0.9758064516129032,519.869349942059,223,64.5945897102356
core,50,1500000.0,3,6,exclude,launch,0,0.0,prior,0.0,sa,12600.0,43200,153869.67927151246,0,142554.04518661904,11315.63408489341,0,0,0.0,0,4.998140959091332,18.521547118837944,7669.642238462474,1075.65419316661,7.1302118163867085,2.0077519481094246,304.669196675502,0.0,0.03773584905660377,0.0,2.609513623393761,23.115384615384617,0.9381443298969072,920.6007204090387,78,30.178678035736084
core,50,1500000.0,8,4,exclude,launch,0,0.0,prior,0.0,sa,12600.0,43200,207558.92234947023,0,198465.92733502446,9092.995014445753,0,1,0.7139378869619346,1,5.258009724989983,20.62699591777361,7274.107902442663,968.0768176253504,7.513977992248309,2.0031533073223295,301.8949673975184,0.0,0.0,0.0,0.9814153479778548,9.272394881170019,0.981651376146789,321.79477455692,547,100.02398824691772
core,50,1500000.0,2,7,exclude,launch,0,0.0,prior,0.0,sa,12600.0,43200,259348.54875290056,0,225231.4169038993,34117.131849001256,0,0,0.0,0,5.781865362986433,21.741381572470576,6584.84920617487,914.8785783933699,7.197511627978664,2.010987607410634,306.62878270136343,0.0,0.043478260869565216,0.0,3.9833631723169565,33.484848484848484,0.9393939393939394,1474.6772836292253,33,8.672991514205933
core,50,1500000.0,6,5,exclude,launch,0,0.0,prior,0.0,sa,12600.0,43200,127450.38658789336,0,117190.76563339456,10259.620954498801,0,1,0.3950025062466549,1,5.537141230626804,20.679597673972935,6890.610997136995,965.162208066934,7.139329471817789,2.0040917387770154,302.46006596407494,0.0,0.0200445434298441,0.024498886414253896,1.1717313929267332,11.409495548961424,0.9435483870967742,428.30040321480953,337,72.6900327205658
core,50,1500000.0,4,6,exclude,launch,0,0.0,prior,0.0,sa,12600.0,43200,111688.07930951443,0,105233.27702757489,6454.802281939539,0,0,0.0,0,4.998140959091332,20.527960635645062,7669.642238462474,971.3614143331688,7.8957658038410115,2.006011125032279,303.6175151066136,0.0,0.03208556149732621,0.0053475935828877,1.8999431707136218,17.492857142857144,0.9468085106382979,671.0251586183282,140,44.89295029640198
core,50,1500000.0,7,5,exclude,launch,0,0.0,prior,0.0,sa,12600.0,43200,114668.10177935552,0,104858.36422447917,9809.737554876352,0,1,0.43903423308771194,1,5.537141230626804,22.2219263270491,6890.610997136995,898.4402333919995,7.6695262979508,2.0034988426912874,302.102978184826,0.0,0.008375209380234505,0.010050251256281407,1.0445733375036526,10.230425055928412,0.959349593495935,358.89702674019406,447,86.04826784133911
core,50,1500000.0,3,7,exclude,launch,0,0.0,prior,0.0,sa,12600.0,43200,158998.2670642268,0,148754.89834445313,10243.368719773633,0,0,0.0,0,5.781865362986433,21.09851450320975,6584.84920617487,944.3267935566853,6.973061922106312,2.0076398173886107,304.6014004760858,0.0,0.07142857142857142,0.0,2.404521561039549,21.80952380952381,0.9411764705882353,901.9211157622814,84,31.635140895843506
core,50,1500000.0,5,6,exclude,launch,0,0.0,prior,0.0,sa,12600.0,43200,87967.68408138742,0,83417.05087285249,4550.633208534925,0,0,0.0,1,4.998140959091332,14.928855989011302,7669.642238462474,1336.2140212913596,5.739830682999635,2.0051988093368376,303.1273938876589,0.0,0.013745704467353952,0.0,1.5517943906795626,14.119266055045872,0.9789473684210527,537.6920912579071,218,60.941441774368286
core,50,1500000.0,6,6,exclude,launch,0,0.0,prior,0.0,sa,12600.0,43200,308665.68569723814,0,295730.69599254045,12934.989704697662,0,1,0.7899042529268867,1,4.998140959091332,20.03206340444975,7669.642238462474,996.3157914458089,7.6980032880264115,2.004182618383759,302.51481931921865,0.0,0.004618937644341801,0.004618937644341801,1.255650490800597,11.88785046728972,0.9574468085106383,432.1110040565105,321,68.6624984741211
core,50,1500000.0,4,7,exclude,launch,0,0.0,prior,0.0,sa,12600.0,43200,115768.6459110433,0,108220.20779619165,7548.4381148516495,0,0,0.0,0,5.781865362986433,18.571918480856016,6584.84920617487,1073.6539906842636,6.133120412450755,2.006036727041086,303.6329688466623,0.0,0.030612244897959183,0.0,1.8551281688941552,17.680555555555557,0.9595959595959596,638.2830677567327,144,38.0041229724884
core,50,1500000.0,8,5,exclude,launch,0,0.0,prior,0.0,sa,12600.0,43200,105607.01825616615,0,96779.40422139515,8827.61403477099,0,1,0.4767033759272334,1,5.537141230626804,22.54751618076108,6890.610997136995,885.6208745275271,7.780542662584699,2.0031498531439045,301.89288835879097,0.0,0.001321003963011889,0.015852047556142668,0.9249797575269731,9.214411247803163,0.959349593495935,312.87698737985437,569,96.77914667129517
core,50,1500000.0,2,8,exclude,launch,0,0.0,prior,0.0,sa,12600.0,43200,267399.3030239685,0,241349.16821377803,26050.1348101904,0,0,0.0,0,5.526537023394481,17.156715906501336,6904.472155108215,1159.48161242073,5.954792280572065,2.0107680021582164,306.4955862560738,0.0,0.04081632653061224,0.0,3.81178535483232,32.583333333333336,0.9148936170212766,1443.5832863617643,36,15.2703218460083
core,50,1500000.0,7,6,exclude,launch,0,0.0,prior,0.0,sa,12600.0,43200,299742.0896172434,0,286660.24290069815,13081.846716545262,0,1,0.813420424793141,1,4.998140959091332,20.039920360286725,7669.642238462474,996.1337643419783,7.699409971841335,2.0037629359875524,302.26200949870525,0.0,0.0034662045060658577,0.019064124783362217,1.0826358217135938,10.320093457943925,0.9574468085106383,367.5451341053452,428,78.36939024925232
core,50,1500000.0,9,5,exclude,launch,0,0.0,prior,0.0,sa,12600.0,43200,98594.31265717125,0,90237.01636910473,8357.296288066522,0,1,0.5106097985527305,1,5.537141230626804,22.283052565362464,6890.610997136995,896.2552242684136,7.6882240801012856,2.0028738962789694,301.7268155513282,0.0,0.0,0.012725344644750796,0.8344085058599348,8.318373071528752,0.967479674796748,275.7125779431796,713,117.8106906414032
core,50,1500000.0,5,7,exclude,launch,0,0.0,prior,0.0,sa,12600.0,43200,89778.6070732903,0,84536.61029168188,5241.996781608433,0,0,0.0,0,5.781865362986433,18.290979558295685,6584.84920617487,1090.7330957597478,6.037085728647674,2.0049545677301603,302.9801049605139,0.0,0.010238907849829351,0.0034129692832764505,1.545204260202432,14.728110599078342,0.9595959595959596,515.3136324832038,217,64.88276958465576
core,50,1500000.0,3,8,exclude,launch,0,0.0,prior,0.0,sa,12600.0,43200,174900.31334416012,0,156968.08879402568,17932.224550134466,0,0,0.0,0,5.526537023394481,20.181261063895498,6904.472155108215,987.3968465917105,6.992600977956354,2.0073354526417875,304.41741424471036,0.0,0.06542056074766354,0.0,2.5111277972620956,22.475,0.946236559139785,915.7098238179417,80,33.06525230407715
core,50,1500000.0,8,6,exclude,launch,0,0.0,prior,0.0,sa,12600.0,43200,292252.7049644424,0,279627.0676622425,12625.637302199913,0,1,0.8342654617842016,1,4.998140959091332,19.658999453307867,7669.642238462474,1015.625586109,7.551643384493609,2.0033874434773193,302.03590851838527,0.0,0.0026917900403768506,0.006729475100942127,0.9618443700017189,9.052064631956911,0.956989247311828,323.4253037042277,557,94.32059049606323
core,50,1500000.0,4,8,exclude,launch,0,0.0,prior,0.0,sa,12600.0,43200,126734.48481766564,0,118883.93704703957,7850.547770626069,0,0,0.0,0,5.526537023394481,20.274345465232088,6904.472155108215,983.6552483096774,7.019199223480916,2.0057196784227034,303.4416214699998,0.0,0.041237113402061855,0.010309278350515464,1.8453588942590575,16.938356164383563,1.0,671.4520403057617,146,44.776907205581665
core,50,1500000.0,2,9,exclude,launch,0,0.0,prior,0.0,sa,12600.0,43200,257787.80162390962,0,225260.43174824433,32527.369875665303,0,0,0.0,0,5.246536392218966,15.356097796495769,7290.744155068959,1295.1144718551486,5.629420652388778,2.01127273238928,306.80176178222393,0.0,0.02040816326530612,0.0,3.6920702716376086,30.135135135135137,0.9345794392523364,1517.7961610848536,37,16.714602947235107
core,50,1500000.0,6,7,exclude,launch,0,0.0,prior,0.0,sa,12600.0,43200,74898.63315182888,0,71584.00296317575,3314.630188653126,0,0,0.0,1,5.781865362986433,13.941549532517515,6584.84920617487,1431.2557657825523,4.600749470221029,2.004618324656203,302.7773934705108,0.0,0.007159904534606206,0.0,1.2806994961743923,12.322784810126583,0.9595959595959596,423.2130959933099,316,85.83764314651489
core,50,1500000.0,5,8,exclude,launch,0,0.0,prior,0.0,sa,12600.0,43200,99998.64425963764,0,93731.9318393068,6266.712420330836,0,0,0.0,0,5.526537023394481,16.745223194876026,6904.472155108215,1191.4976372325996,5.794784596589468,2.0048222117341052,302.9003031582658,0.0,0.020134228187919462,0.0,1.5188557057150947,13.79185520361991,0.989247311827957,541.2345083250174,221,53.00313138961792
core,50,1500000.0,7,7,exclude,launch,0,0.0,prior,0.0,sa,12600.0,43200,183383.23448228155,0,177409.03462256552,5974.1998597160255,0,1,0.6678841260277991,1,5.781865362986433,22.725999805016766,6584.84920617487,878.4448837934395,7.49603000445416,2.003652833653178,302.1957031500161,0.0,0.0017301038062283738,0.01730103806228374,1.067915218878332,10.442396313364055,0.979381443298969,359.3553646306064,434,86.75171041488647
core,50,1500000.0,3,9,exclude,launch,0,0.0,prior,0.0,sa,12600.0,43200,154578.9351256676,0,143444.38875569613,11134.5463699715,0,0,0.0,0,5.246536392218966,16.845499472994483,7290.744155068959,1182.7507291531765,6.164227148935238,2.0076262912299354,304.5932228333385,0.0,0.04716981132075472,0.0,2.5543926759548814,22.582278481012658,0.9514563106796117,928.0123867411869,79,29.587822675704956
core,50,1500000.0,6,8,exclude,launch,0,0.0,prior,0.0,sa,12600.0,43200,293426.75153316197,0,280380.19496082206,13046.556572339914,0,1,0.7515542059335055,1,5.526537023394481,20.45305641191399,6904.472155108215,975.9336470299581,7.074735230330949,2.003925094395891,302.3596785473393,0.0,0.00234192037470726,0.00936768149882904,1.2466304170271,11.83177570093458,0.978494623655914,427.8733861396786,321,67.06333541870117
core,50,1500000.0,4,9,exclude,launch,0,0.0,prior,0.0,sa,12600.0,43200,112493.55164447892,0,105772.80333305759,6720.748311421322,0,0,0.0,0,5.246536392218966,16.51722954303693,7290.744155068959,1207.2438995973594,6.039164213213728,2.0059853986436287,303.60198668525413,0.0,0.03125,0.0,1.876763187776955,17.422535211267604,0.9801980198019802,662.7758092955625,142,36.877538204193115
core,50,1500000.0,2,10,exclude,launch,0,0.0,prior,0.0,sa,12600.0,43200,283712.8133764128,0,242838.43773012594,40874.37564628687,0,0,0.0,0,5.753442760502199,22.91414434676396,6619.025743670595,868.0488607555742,7.625176465192534,2.011000484819848,306.6365940917903,0.0,0.06382978723404255,0.0,3.8728196792810166,31.235294117647058,0.9347826086956522,1515.06285795984,34,14.082674980163574
core,50,1500000.0,8,7,exclude,launch,0,0.0,prior,0.0,sa,12600.0,43200,176026.45442427674,0,169570.3114721224,6456.142952154336,0,1,0.6957974111955881,1,5.781865362986433,21.41727782563091,6584.84920617487,932.2794531476168,7.063171009446486,2.0033166851751836,301.9933112252755,0.0,0.0,0.009234828496042216,0.9336227136426476,9.054481546572935,0.9690721649484536,318.1376719027351,569,98.12574625015259
core,50,1500000.0,7,8,exclude,launch,0,0.0,prior,0.0,sa,12600.0,43200,282205.24682297633,0,269943.80330091686,12261.443522059477,0,1,0.7814387284815002,1,5.526537023394481,19.556532620535844,6904.472155108215,1020.8968754995037,6.7631435856143645,2.003485759900096,302.09510109668184,0.0,0.0017391304347826088,0.008695652173913044,1.0868666148831312,10.278422273781903,0.978494623655914,369.0066591535955,431,80.41241669654846
core,50,1500000.0,3,10,exclude,launch,0,0.0,prior,0.0,sa,12600.0,43200,162345.59219112614,0,151878.88841597276,10466.703775153355,0,0,0.0,0,5.753442760502199,20.43382349284219,6619.025743670595,975.0402614601207,6.7884640309710065,2.0076490826659867,304.60700213928135,0.0,0.09009009009009009,0.0,2.446134354102333,22.146341463414632,0.967741935483871,912.7275276755923,82,30.021265745162964
core,50,1500000.0,5,9,exclude,launch,0,0.0,prior,0.0,sa,12600.0,43200,87166.47076749757,0,83204.93376136174,3961.5370061358326,0,0,0.0,0,5.246536392218966,14.484817917911974,7290.744155068959,1377.2526893013617,5.2936866355057415,2.0050874651671284,303.0602437908251,0.0,0.013377926421404682,0.0033444816053511705,1.5148559928680077,13.963963963963964,0.9702970297029703,534.6214727150663,222,55.75472974777222
core,50,1500000.0,9,7,exclude,launch,0,0.0,prior,0.0,sa,12600.0,43200,167367.15730432371,0,162393.1912561377,4973.966048186001,0,1,0.731796806870819,1,5.781865362986433,22.50509911913381,6584.84920617487,887.3767765558786,7.420578699086812,2.0029541257531784,301.77509350959673,0.0,0.0,0.007399577167019027,0.851913123126912,8.405673758865248,0.979381443298969,276.60432429930484,705,126.02704739570618
core,50,1500000.0,6,9,exclude,launch,0,0.0,prior,0.0,sa,12600.0,43200,295471.6217298942,0,280145.0231097556,15326.598620138644,0,1,0.777777162457044,1,5.246536392218966,17.608685481318588,7290.744155068959,1133.4356072475507,6.432429075326029,2.004177595829333,302.5117931896738,0.0,0.007058823529411765,0.009411764705882352,1.2649597685531893,12.041139240506329,0.9702970297029703,430.7124907094134,316,70.13841152191162
core,50,1500000.0,2,11,exclude,launch,0,0.0,prior,0.0,sa,12600.0,43200,273348.96888068726,0,247131.6143351794,26217.35454550785,0,0,0.0,0,4.7893154785571,19.14421490043432,8018.59089865545,1039.3341836812788,7.7151228397529765,2.010329377331632,306.229635209797,0.0,0.0625,0.0,3.867748038273274,32.8,0.9191919191919192,1464.6233574900068,35,13.194291353225708
core,50,1500000.0,8,8,exclude,launch,0,0.0,prior,0.0,sa,12600.0,43200,274337.7763762307,0,262679.149677829,11658.626698401667,0,1,0.8038488616519309,1,5.526537023394481,19.824104141885908,6904.472155108215,1007.2847654331537,6.854538450344919,2.0031531543177508,301.89487530529607,0.0,0.001364256480218281,0.005457025920873124,0.9671282807202554,9.181159420289855,0.989247311827957,323.84543535900303,552,100.870290517807
core,50,1500000.0,4,10,exclude,launch,0,0.0,prior,0.0,sa,12600.0,43200,121476.42117597391,0,113676.92159016307,7799.4995858108505,0,0,0.0,0,5.753442760502199,18.744508639246337,6619.025743670595,1063.798667309418,6.222066211467978,2.0059794928987724,303.59842203986136,0.0,0.04145077720207254,0.015544041450777202,1.876809807470659,17.412587412587413,0.956989247311828,665.1741116146455,143,46.45084881782532
core,50,1500000.0,7,9,exclude,launch,0,0.0,prior,0.0,sa,12600.0,43200,287224.13726224756,0,272719.38615408004,14504.75110816753,0,1,0.8001106095266345,1,5.246536392218966,16.76837893062027,7290.744155068959,1190.4633342554641,6.124291227859373,2.0037931511993494,302.28020711841594,0.0,0.0035026269702276708,0.0070052539404553416,1.0850821579532204,9.986078886310905,0.9900990099009901,378.92676345789397,431,80.76660203933716
core,50,1500000.0,9,8,exclude,launch,0,0.0,prior,0.0,sa,12600.0,43200,267483.09799527936,0,256359.35413713494,11123.743858144388,0,1,0.8244487629347202,1,5.526537023394481,20.208401996704875,6904.472155108215,988.2624278043421,6.986476426558204,2.0028837099741947,301.73272071948134,0.0,0.0010718113612004287,0.00857449088960343,0.8563742220473031,8.180515759312321,0.989247311827957,284.8599609216809,698,111.23529863357544
core,50,1500000.0,5,10,exclude,launch,0,0.0,prior,0.0,sa,12600.0,43200,93905.94821756287,0,89364.92986282903,4541.0183547338365,0,0,0.0,0,5.753442760502199,21.37563581120692,6619.025743670595,933.3582367623525,7.091624076336193,2.0048993976770135,302.9468398354873,0.0,0.006734006734006734,0.013468013468013467,1.498917072203568,14.493273542600896,0.967391304347826,510.4069563886547,223,58.90205001831055
core,50,1500000.0,8,9,exclude,launch,0,0.0,prior,0.0,sa,12600.0,43200,278747.37388443935,0,264532.1288479782,14215.24503646118,0,1,0.8244421331514737,1,5.246536392218966,17.019998408288547,7290.744155068959,1173.0869805148973,6.215007306507544,2.0034119566963744,302.0506664523739,0.0,0.0,0.005434782608695652,0.9651205509829687,8.980108499095842,0.9900990099009901,328.3012474828609,553,89.58743834495544
core,50,1500000.0,3,11,exclude,launch,0,0.0,prior,0.0,sa,12600.0,43200,173406.96956748352,0,155647.44702511356,17759.522542369967,0,0,0.0,0,4.7893154785571,21.6381690522045,8018.59089865545,921.063527782839,8.705795698975944,2.007011663636706,304.2217472101099,0.0,0.0761904761904762,0.0,2.615943805366911,24.2987012987013,0.9494949494949495,888.0040845561333,77,33.48491024971008
core,50,1500000.0,2,12,exclude,launch,0,0.0,prior,0.0,sa,12600.0,43200,296152.0183590082,0,266010.31063812954,30141.70772087865,0,0,0.0,0,5.470710591405869,23.430779936958416,6978.331089719389,848.7806838291671,8.221595074757742,2.011304191522596,306.82085033735154,0.0,0.061224489795918366,0.0,3.7676644125135774,31.97222222222222,0.9038461538461539,1453.5079676731827,36,18.526323556900024
core,50,1500000.0,6,10,exclude,launch,0,0.0,prior,0.0,sa,12600.0,43200,77371.17267026854,0,73166.51229473409,4204.660375534462,0,0,0.0,1,5.753442760502199,11.421783591753583,6619.025743670595,1746.803763670682,3.7892211371021833,2.0048502775485124,302.91722408679686,0.0,0.007334963325183374,0.0024449877750611247,1.3219131301992464,12.550819672131148,0.989010989010989,428.47952768803174,305,82.19795227050781
core,50,1500000.0,4,11,exclude,launch,0,0.0,prior,0.0,sa,12600.0,43200,126249.19921728005,0,118070.72793703346,8178.471280246585,0,0,0.0,0,4.7893154785571,16.71769717552324,8018.59089865545,1192.9669045305036,6.721553521898577,2.0056499710875952,303.3995593045444,0.0,0.015873015873015872,0.005291005291005291,1.920351072599087,17.73049645390071,0.9693877551020408,655.268073413426,141,42.97785711288452
core,50,1500000.0,3,12,exclude,launch,0,0.0,prior,0.0,sa,12600.0,43200,192582.4435428816,0,172446.88763096838,20135.555911913216,0,0,0.0,0,5.470710591405869,21.567259751102984,6978.331089719389,923.7031246475519,7.554733662270592,2.007856217108295,304.73224630915297,0.0,0.09821428571428571,0.0,2.4059488208430864,22.012048192771083,0.9230769230769231,888.3511220489597,83,33.38409948348999
core,50,1500000.0,7,10,exclude,launch,0,0.0,prior,0.0,sa,12600.0,43200,267643.48931960115,0,265144.63013984356,2498.8591797576223,0,1,0.768863723980565,1,5.753442760502199,21.688893978620083,6619.025743670595,920.4206245580556,7.191305330482737,2.00371635867525,302.233958601691,0.0,0.0017152658662092624,0.024013722126929673,1.0516339739584666,10.237442922374429,0.989010989010989,367.035767434431,438,83.154714345932
core,50,1500000.0,5,11,exclude,launch,0,0.0,prior,0.0,sa,12600.0,43200,380608.935185798,0,335060.6193163783,45548.31586941957,0,1,0.761345953486286,1,4.7893154785571,20.13292545219256,8018.59089865545,991.1397073431738,8.090273085869901,2.004556171694139,302.73993062663516,0.0,0.0,0.006211180124223602,1.4123204084252186,13.831223628691983,0.9484536082474226,494.863735634903,237,61.37619662284851
core,50,1500000.0,8,10,exclude,launch,0,0.0,prior,0.0,sa,12600.0,43200,258637.1615632538,0,256789.37491460083,1847.786648652973,0,1,0.7956372883681456,1,5.753442760502199,21.438075442906648,6619.025743670595,931.3912320939006,7.106600873609342,2.0032818263207615,301.97232690765696,0.0,0.0,0.006693440428380187,0.9501988409026838,9.314285714285715,0.978021978021978,313.50749171565246,560,102.81272959709167
core,50,3000000.0,4,1,exclude,launch,0,0.0,prior,0.0,sa,12600.0,43200,190968.7573471703,0,174714.04964873576,16254.707698434539,0,0,0.0,0,9.578630957114202,32.75553605957375,8018.590898655449,1217.9016039778223,6.583939845768907,2.0053633489840337,303.22663904411763,0.0,0.02962962962962963,0.022222222222222223,2.7739027621409753,16.515463917525775,0.954954954954955,1026.9253190200097,97,14.071437120437622
core,50,1500000.0,6,11,exclude,launch,0,0.0,prior,0.0,sa,12600.0,43200,363553.9966388974,0,320846.2887656618,42707.707873235595,0,1,0.7970619917355838,1,4.7893154785571,20.412115918432846,8018.59089865545,977.8706581435905,8.200052667372294,2.003966929965017,302.38487893901447,0.0,0.009153318077803204,0.02745995423340961,1.2098329020225207,11.892307692307693,0.9587628865979382,426.9351375896204,325,75.82321047782898
core,50,1500000.0,4,12,exclude,launch,0,0.0,prior,0.0,sa,12600.0,43200,136561.36740183507,0,126703.56067325789,9857.806728577165,0,0,0.0,0,5.470710591405869,22.76369309730539,6978.331089719389,875.9554963359167,7.966536107039046,2.0060198564125145,303.62278544887687,0.0,0.02577319587628866,0.010309278350515464,1.8398231028691137,17.52413793103448,0.9519230769230769,647.248239300539,145,48.87915229797363
core,50,1500000.0,7,11,exclude,launch,0,0.0,prior,0.0,sa,12600.0,43200,353693.81138119486,0,311728.58471240866,41965.22666878615,0,1,0.8192822812840307,1,4.7893154785571,20.13862325602892,8018.59089865545,991.360265141701,8.088473162185197,2.0035431768819567,302.12967235989925,0.0,0.001694915254237288,0.02711864406779661,1.0347278428326503,10.006772009029346,0.9791666666666666,370.1846783483772,443,85.42943477630615
core,50,3000000.0,5,1,exclude,launch,0,0.0,prior,0.0,sa,12600.0,43200,152709.9585106895,0,138842.2949219093,13867.663588780175,0,0,0.0,0,9.578630957114202,32.659668478124324,8018.590898655449,1221.9948711296665,6.561885886839039,2.004512791064095,302.7137842234135,0.0,0.027906976744186046,0.08837209302325581,2.1323866262955318,13.0,0.9719626168224299,829.1034146635373,152,20.90096950531006
core,50,1500000.0,5,12,exclude,launch,0,0.0,prior,0.0,sa,12600.0,43200,109909.24062969696,0,102397.64395470892,7511.596674988031,0,0,0.0,0,5.470710591405869,18.207359411639963,6978.331089719389,1095.666721359341,6.369027144551501,2.0050931580677194,303.06367691836266,0.0,0.010169491525423728,0.0,1.5319546096093963,14.34703196347032,0.9326923076923077,525.625886409684,219,64.08519172668457
core,50,1500000.0,9,10,exclude,launch,0,0.0,prior,0.0,sa,12600.0,43200,252438.86920255347,0,251186.18401724164,1252.6851853118135,0,1,0.8151730775354763,1,5.753442760502199,20.711473059150496,6619.025743670595,964.1976781886578,6.864801578971959,2.0030090969809784,301.8081745879791,0.0,0.0,0.003215434083601286,0.8583070012310998,8.175213675213675,0.989010989010989,286.0181353818249,702,120.33965063095093
core,50,3000000.0,6,1,exclude,launch,0,0.0,prior,0.0,sa,12600.0,43200,125616.34052052691,0,113843.36185605224,11772.978664474667,0,0,0.0,0,9.578630957114202,32.76120495485267,8018.590898655449,1218.636639232428,6.579968663756941,2.0038069976786232,302.28854657657155,0.0,0.016666666666666666,0.043333333333333335,1.7766507454627805,11.142857142857142,0.9814814814814815,668.1257634392945,224,33.60199785232544
core,50,3000000.0,7,1,exclude,launch,0,0.0,prior,0.0,sa,12600.0,43200,106994.86375679384,0,98799.70237582263,8195.161380971216,0,0,0.0,0,9.578630957114202,30.25647225653347,8018.590898655449,1319.7505471715815,6.075838283106199,2.003456171455181,302.07728640944697,0.0,0.015306122448979591,0.05102040816326531,1.5717242751052793,9.824742268041238,0.9629629629629629,584.4947365901065,291,37.55415058135986
core,50,1500000.0,8,11,exclude,launch,0,0.0,prior,0.0,sa,12600.0,43200,345782.20064215676,0,303410.3542556042,42371.846386552534,0,1,0.838027729959165,1,4.7893154785571,19.13740368455233,8018.59089865545,1043.409520388605,7.684989203154888,2.0031901604599556,301.91714941310124,0.0,0.0013297872340425532,0.013297872340425532,0.9301751740036582,8.86115992970123,0.96875,322.21625903308853,569,104.36853194236755
core,50,1500000.0,6,12,exclude,launch,0,0.0,prior,0.0,sa,12600.0,43200,357703.99544738024,0,340194.13749546965,17509.857951910595,0,1,0.7728072443097942,1,5.470710591405869,23.264043335650843,6978.331089719389,857.9057456656942,8.134146583089422,2.0041730445133648,302.50905099817203,0.0,0.004608294930875576,0.01152073732718894,1.2072148430345713,11.866261398176292,0.9423076923076923,417.14336719207586,329,78.56189203262329
core,50,1500000.0,7,12,exclude,launch,0,0.0,prior,0.0,sa,12600.0,43200,346679.62073853106,0,329096.40509420173,17583.215644329357,0,1,0.7973824316854894,1,5.470710591405869,20.751135784516396,6978.331089719389,962.0117808648366,7.253893588959956,2.0037232091610906,302.23808418259154,0.0,0.003424657534246575,0.005136986301369863,1.072817102605475,10.355504587155963,0.9509803921568627,363.50207452381125,436,86.78562641143799
core,50,3000000.0,8,1,exclude,launch,0,0.0,prior,0.0,sa,12600.0,43200,90795.39856017438,0,84540.91420248208,6254.484357692299,0,0,0.0,0,9.578630957114202,29.174191505892814,8018.590898655449,1368.9281454750567,5.85756887617558,2.0031363168463736,301.8847410528325,0.0,0.014084507042253521,0.04426559356136821,1.4134277912798558,8.997289972899729,0.9814814814814815,499.12750436806425,369,49.72093868255615
core,50,3000000.0,4,2,exclude,launch,0,0.0,prior,0.0,sa,12600.0,43200,183994.0464552739,0,162275.53292429668,21718.513530977223,0,0,0.0,0,9.578630957114202,28.291397238198506,8018.590898655449,1409.4321754468333,5.689235025526013,2.0062793757807773,303.7794546365252,0.0,0.06666666666666667,0.03333333333333333,2.290019011994366,14.172413793103448,0.9174311926605505,1025.834636357161,116,14.846332550048828
core,50,3000000.0,5,2,exclude,launch,0,0.0,prior,0.0,sa,12600.0,43200,139242.38568493232,0,125723.85453041732,13518.53115451499,0,0,0.0,0,9.578630957114202,29.15934254841932,8018.590898655449,1368.3429392506193,5.860074012620604,2.0050135117588357,303.0156476453482,0.0,0.019417475728155338,0.019417475728155338,2.1918229145177417,13.64,0.9532710280373832,806.3836762416986,150,19.2333083152771
core,50,3000000.0,9,1,exclude,launch,0,0.0,prior,0.0,sa,12600.0,43200,81791.31197168991,0,77511.738672183,4279.573299506902,0,0,0.0,0,9.578630957114202,30.718706753560674,8018.590898655449,1300.2479478141845,6.166970624437677,2.0029074497053037,301.7470058023189,0.0,0.019169329073482427,0.05591054313099041,1.2307632472732783,7.906382978723404,0.9813084112149533,446.38432878796516,470,54.99753284454346
core,50,1500000.0,8,12,exclude,launch,0,0.0,prior,0.0,sa,12600.0,43200,335741.5624253255,0,319208.7233186576,16532.83910666796,0,1,0.8233601970616217,1,5.470710591405869,21.989329852781257,6978.331089719389,908.0412533260769,7.685037507005726,2.003283517977355,301.9733452335051,0.0,0.0013531799729364006,0.0040595399188092015,0.9636315185045732,9.423423423423424,0.9509803921568627,313.3964556576168,555,100.86831855773926
core,50,3000000.0,6,2,exclude,launch,0,0.0,prior,0.0,sa,12600.0,43200,118348.4602292353,0,109809.92998923684,8538.530239998463,0,0,0.0,0,9.578630957114202,30.919651394439764,8018.590898655449,1290.8954629743766,6.211650074421721,2.0043073716976725,302.58998905388626,0.0,0.020761245674740483,0.02768166089965398,1.8523490816077466,11.098591549295774,0.9629629629629629,696.4591663972798,213,29.95508575439453
core,50,3000000.0,7,2,exclude,launch,0,0.0,prior,0.0,sa,12600.0,43200,99021.84786126693,0,92117.78803601614,6904.059825250799,0,0,0.0,0,9.578630957114202,29.311461818772614,8018.590898655449,1361.9804639904937,5.88744927747467,2.00392577233959,302.3600869102926,0.0,0.03553299492385787,0.04060913705583756,1.5645228328718486,9.76551724137931,0.9629629629629629,590.0676299695975,290,36.94480109214783
core,50,1500000.0,9,12,exclude,launch,0,0.0,prior,0.0,sa,12600.0,43200,328202.53517692914,0,312764.7330600833,15437.80211684586,0,1,0.8422733201962276,1,5.470710591405869,21.165035312655,6978.331089719389,943.5177151665654,7.3960785023389395,2.0030460562127015,301.8304172651563,0.0,0.0,0.006423982869379015,0.8543220857078698,8.344729344729345,0.98,278.89649700816886,702,117.01555228233337
core,50,3000000.0,10,1,exclude,launch,0,0.0,prior,0.0,sa,12600.0,43200,300864.67661315773,0,273542.56857480895,27322.108038348768,0,1,0.7691189101396594,1,9.578630957114202,37.60704554723545,8018.590898655449,1062.1648448888059,7.549290430050794,2.0027597177534684,301.6581154647047,0.0,0.012376237623762377,0.11014851485148515,1.0005080053139082,6.797004991680533,0.9532710280373832,401.5865500382536,601,89.18155694007874
core,50,3000000.0,8,2,exclude,launch,0,0.0,prior,0.0,sa,12600.0,43200,86449.55590537516,0,79477.0562651864,6972.499640188765,0,0,0.0,0,9.578630957114202,29.578451239954322,8018.590898655449,1349.9568326698195,5.939886894603157,2.003524582856847,302.11847651940263,0.0,0.027888446215139442,0.045816733067729085,1.3802638395440325,8.904509283819628,0.9537037037037037,494.5305465405861,377,51.86525344848633
core,50,3000000.0,11,1,exclude,launch,0,0.0,prior,0.0,sa,12600.0,43200,292506.5010232813,0,265539.658016719,26966.843006562278,0,1,0.7910959632237872,1,9.578630957114202,35.28902295160157,8018.590898655449,1132.0753701839785,7.083089262292061,2.002511463701433,301.50877045583695,0.0,0.008483563096500531,0.08271474019088017,0.9605313118159878,6.479490806223479,0.9439252336448598,358.72960208419,707,105.3520770072937
core,50,3000000.0,9,2,exclude,launch,0,0.0,prior,0.0,sa,12600.0,43200,75438.5955304206,0,70244.8137773996,5193.781753021001,0,0,0.0,0,9.578630957114202,26.8248699685685,8018.590898655449,1488.6422807732552,5.38651293344315,2.00337390144741,302.0277558317389,0.0,0.017770597738287562,0.05492730210016155,1.2599453215492644,8.080786026200874,0.9722222222222222,444.29314835968546,458,55.86059331893921
core,50,3000000.0,12,1,exclude,launch,0,0.0,prior,0.0,sa,12600.0,43200,286839.16112991155,0,260035.6766879041,26803.484442007437,0,1,0.8067263593461353,1,9.578630957114202,34.19672888319334,8018.590898655449,1168.3250397497434,6.863321957366454,2.002358045326433,301.4164953091881,0.0,0.0055147058823529415,0.08915441176470588,0.9168741744668861,6.124231242312423,0.9439252336448598,330.39007911649713,813,109.40652918815613
core,50,3000000.0,5,3,exclude,launch,0,0.0,prior,0.0,sa,12600.0,43200,178261.25869009673,0,160192.45159759946,18068.807092497296,0,0,0.0,0,11.621531741767225,33.07160508847133,6550.440834961872,1206.6680918852471,5.428535716667323,2.004688434620835,302.81965519825917,0.0,0.030837004405286344,0.05726872246696035,1.9820626093530396,12.43030303030303,0.9433962264150944,812.4329482325644,165,18.02509093284607
core,50,3000000.0,13,1,exclude,launch,0,0.0,prior,0.0,sa,12600.0,43200,283402.0241112939,0,257464.36447034494,25937.65964094897,0,1,0.8165104427248533,1,9.578630957114202,34.78293322752046,8018.590898655449,1148.711428031688,6.980509380319537,2.002224827232228,301.33638129620084,0.0,0.0008230452674897119,0.08477366255144032,0.88129059081332,5.726467331118494,0.9439252336448598,316.51761410151346,903,115.35913896560669
core,50,3000000.0,6,3,exclude,launch,0,0.0,prior,0.0,sa,12600.0,43200,142982.83138583731,0,130431.29777274038,12551.533613096934,0,0,0.0,0,11.621531741767225,30.222452137449775,6550.440834961872,1320.871164961758,4.9591822493539865,2.0040097448020013,302.4106702972138,0.0,0.026936026936026935,0.04377104377104377,1.806001845322079,11.191780821917808,0.9905660377358491,672.5265909875847,219,30.612349033355713
core,50,3000000.0,14,1,exclude,launch,0,0.0,prior,0.0,sa,12600.0,43200,278113.2846021333,0,252736.12559076332,25377.15901137,0,1,0.832037608369816,1,9.578630957114202,35.03389130669249,8018.590898655449,1140.543306584316,7.030501036097803,2.002118730461617,301.2725849826008,0.0,0.001430615164520744,0.07939914163090128,0.8212346866265489,5.483685220729367,0.9532710280373832,287.36349575792764,1042,127.36373805999756
core,50,3000000.0,10,2,exclude,launch,0,0.0,prior,0.0,sa,12600.0,43200,138849.9824022583,0,132179.78375357197,6670.198648686327,0,1,0.52828182150381,1,9.578630957114202,36.05698454675555,8018.590898655449,1107.6748353800317,7.239119859488686,2.0030338741190272,301.82308578906736,0.0,0.007444168734491315,0.09429280397022333,1.0101860419741306,6.822950819672132,0.9532710280373832,395.8316288922138,610,92.19542360305786
core,50,3000000.0,7,3,exclude,launch,0,0.0,prior,0.0,sa,12600.0,43200,120351.86673712819,0,112524.07356396204,7827.793173166139,0,0,0.0,0,11.621531741767225,31.021125848158203,6550.440834961872,1287.1625473945678,5.089054873621874,2.0035447028560034,302.1305911891034,0.0,0.022004889975550123,0.05378973105134474,1.529467086059907,9.74247491638796,0.9716981132075472,566.9970955760717,299,40.016111612319946
core,50,3000000.0,15,1,exclude,launch,0,0.0,prior,0.0,sa,12600.0,43200,275336.78730292665,0,249956.56190579795,25380.22539712873,0,1,0.8404278790456177,1,9.578630957114202,35.79042701278953,8018.590898655449,1116.4598827165603,7.1821576599283485,2.002073349910284,301.2452995801254,0.0,0.0,0.0949326491340603,0.7612018785146546,5.120409906063194,0.9626168224299065,273.8583980351161,1171,140.5246934890747
core,50,3000000.0,11,2,exclude,launch,0,0.0,prior,0.0,sa,12600.0,43200,133213.3132072251,0,127771.77855300288,5441.534654222219,0,1,0.5507438975229494,1,9.578630957114202,36.99300723855259,8018.590898655449,1079.753360591697,7.426317149187959,2.0028378267138782,301.7051120064644,0.0,0.009523809523809525,0.10158730158730159,0.9493579147996644,6.433666191155492,0.9439252336448598,361.84077882325016,701,101.42555665969849
core,50,3000000.0,8,3,exclude,launch,0,0.0,prior,0.0,sa,12600.0,43200,107745.87532902115,0,100669.9292526267,7075.946076394457,0,0,0.0,0,11.621531741767225,31.356972471936864,6550.440834961872,1273.5100364882012,5.143611473235971,2.0033345926549675,302.004091445433,0.0,0.01890359168241966,0.07939508506616257,1.2720524922276963,8.240506329113924,0.9714285714285714,506.98922429775826,395,44.83698081970215
core,50,3000000.0,9,3,exclude,launch,0,0.0,prior,0.0,sa,12600.0,43200,92604.40336568611,0,89232.96368716795,3371.4396785181666,0,0,0.0,0,11.621531741767225,32.253551805735235,6550.440834961872,1238.3215759716813,5.289773643669172,2.0029910112565337,301.79729059842117,0.0,0.013071895424836602,0.07679738562091504,1.2213810702831736,7.946351931330472,0.9714285714285714,446.2081916599424,466,50.57156991958618
core,50,3000000.0,12,2,exclude,launch,0,0.0,prior,0.0,sa,12600.0,43200,126556.69264864482,0,121491.02867380662,5065.663974838196,0,1,0.579700432578047,1,9.578630957114202,35.49018161087501,8018.590898655449,1125.6202540150587,7.1237087908229615,2.002579961820156,301.54997395299154,0.0,0.004655493482309125,0.08193668528864059,0.9290065468507839,6.158354114713217,0.9439252336448598,332.60936515798926,802,110.85983777046204
core,50,3000000.0,13,2,exclude,launch,0,0.0,prior,0.0,sa,12600.0,43200,122385.40957257492,0,117727.90458089887,4657.504991676049,0,1,0.5995069595878614,1,9.578630957114202,37.035186202120464,8018.590898655449,1078.69989879461,7.4335697144458805,2.002510567119253,301.5082311557296,0.0,0.004132231404958678,0.1,0.8510562074842694,5.788377192982456,0.9532710280373832,311.81252334001783,912,115.12625026702881
core,50,3000000.0,10,3,exclude,launch,0,0.0,prior,0.0,sa,12600.0,43200,84026.47457587866,0,79360.34196054703,4666.132615331637,0,0,0.0,0,11.621531741767225,30.928213857965066,6550.440834961872,1291.5068863011024,5.071936436763759,2.0028038664025978,301.68467834159986,0.0,0.018666666666666668,0.07866666666666666,1.1161230319762794,7.23581560283688,0.9714285714285714,403.1540873792799,564,63.7662456035614
core,50,3000000.0,5,4,exclude,launch,0,0.0,prior,0.0,sa,12600.0,43200,198004.77495477805,0,177005.7237874793,20999.051167298745,0,0,0.0,0,10.516019449979966,31.216725462925815,7274.107902442663,1278.232467757446,5.690755074626204,2.0049003763077393,302.94742989103077,0.0,0.02926829268292683,0.07317073170731707,2.1341722382054984,12.748344370860927,0.9464285714285714,866.7274716051555,151,22.83355736732483
core,50,3000000.0,14,2,exclude,launch,0,0.0,prior,0.0,sa,12600.0,43200,118442.66368263497,0,114110.37336410944,4332.29031852553,0,1,0.6194658878542548,1,9.578630957114202,36.2439271659086,8018.590898655449,1102.3275780672732,7.274235951453342,2.0023687796173597,301.4229511054787,0.0,0.000715307582260372,0.09012875536480687,0.8070519925871914,5.379277566539924,0.9626168224299065,290.3456026755098,1052,126.542245388031
core,50,3000000.0,11,3,exclude,launch,0,0.0,prior,0.0,sa,12600.0,43200,76084.17000848986,0,72113.4749475794,3970.695060910466,0,0,0.0,0,11.621531741767225,27.411362322094142,6550.440834961872,1457.3016116203141,4.494910856290555,2.0026724417724657,301.60560764698755,0.0,0.018161180476730987,0.060158910329171394,1.0625897319524087,6.764079147640792,0.9714285714285714,368.4527708354299,657,76.21660327911377
core,50,3000000.0,6,4,exclude,launch,0,0.0,prior,0.0,sa,12600.0,43200,154229.73510021038,0,141794.71465039844,12435.02044981195,0,0,0.0,0,10.516019449979966,29.67887401134296,7274.107902442663,1344.9760514277114,5.408354962693271,2.0041398123930603,302.48902884983113,0.0,0.03666666666666667,0.02666666666666667,1.7828661369403045,10.991150442477876,0.9553571428571429,675.2037949100662,226,31.333295822143555
core,50,3000000.0,12,3,exclude,launch,0,0.0,prior,0.0,sa,12600.0,43200,70500.54579134777,0,66669.89110734979,3830.6546839979787,0,0,0.0,1,11.621531741767225,26.443666268666334,6550.440834961872,1510.6760815791022,4.336098859865928,2.002612701585175,301.5696688139769,0.0,0.014619883040935672,0.07115009746588694,0.994417216691448,6.373844121532365,1.0,338.92586886070393,757,88.77013683319092
core,50,3000000.0,15,2,exclude,launch,0,0.0,prior,0.0,sa,12600.0,43200,115311.36314105031,0,111215.43578823732,4095.9273528130016,0,1,0.6361884763376269,1,9.578630957114202,34.50407031050533,8018.590898655449,1157.9767315727704,6.924656325144421,2.002257015983636,301.3557378265268,0.0,0.0006451612903225806,0.08838709677419355,0.7828303395547894,5.156410256410257,0.9716981132075472,272.1122933459099,1170,138.37897443771362
core,50,3000000.0,7,4,exclude,launch,0,0.0,prior,0.0,sa,12600.0,43200,128037.35806044369,0,119186.99722575276,8850.360834690913,0,0,0.0,0,10.516019449979966,32.94543846085996,7274.107902442663,1211.9133366404694,6.002168375015272,2.003655857845974,302.19752429656154,0.0,0.017857142857142856,0.06377551020408163,1.5351509587600378,9.791808873720136,0.9464285714285714,572.3169106601179,293,34.89359092712402
core,50,3000000.0,8,4,exclude,launch,0,0.0,prior,0.0,sa,12600.0,43200,112501.25983196108,0,106179.89553085927,6321.364301101807,0,0,0.0,0,10.516019449979966,29.015302461814198,7274.107902442663,1376.323243568561,5.285174058081149,2.003283622382988,301.973408082579,0.0,0.03278688524590164,0.05942622950819672,1.458656886864086,9.025139664804469,0.963963963963964,507.66785478348197,358,50.316879749298096
core,50,3000000.0,13,3,exclude,launch,0,0.0,prior,0.0,sa,12600.0,43200,227777.28703268085,0,225356.97295203555,2420.3140806453075,0,1,0.7345493492041356,1,11.621531741767225,35.50930214339358,6550.440834961872,1125.1885147508913,5.821638551307194,2.002269625752734,301.3633208119578,0.0,0.007371007371007371,0.095004095004095,0.8599595246251546,5.7576086956521735,0.9809523809523809,308.9146265561006,920,115.69915723800659
core,50,3000000.0,9,4,exclude,launch,0,0.0,prior,0.0,sa,12600.0,43200,98497.483160173,0,92800.78500787895,5696.69815229404,0,0,0.0,0,10.516019449979966,29.01024600775628,7274.107902442663,1376.7014704944952,5.2837220402110034,2.0030823261431454,301.85224590622283,0.0,0.01652892561983471,0.07107438016528926,1.2821978986529037,8.129175946547884,0.972972972972973,449.1752299859628,449,60.99886131286621
core,50,3000000.0,14,3,exclude,launch,0,0.0,prior,0.0,sa,12600.0,43200,223158.52438221042,0,221017.42213529552,2141.102246914899,0,1,0.7497524838745383,1,11.621531741767225,35.248789255781695,6550.440834961872,1133.5569835442843,5.77866038501272,2.002176805546705,301.3075048727394,0.0,0.0014367816091954023,0.09410919540229885,0.8059084362380414,5.411652340019102,0.9904761904761905,289.1503376251642,1047,130.75247502326965
core,50,3000000.0,10,4,exclude,launch,0,0.0,prior,0.0,sa,12600.0,43200,91706.69143593543,0,85549.3887366748,6157.302699260619,0,0,0.0,0,10.516019449979966,29.41774299002845,7274.107902442663,1357.7406561428616,5.357509086534476,2.002920976353834,301.75514544315826,0.0,0.018842530282637954,0.06729475100942127,1.1302478507867106,7.232974910394265,0.981651376146789,406.8925963790924,558,67.4944589138031
core,50,3000000.0,15,3,exclude,launch,0,0.0,prior,0.0,sa,12600.0,43200,219468.15324909223,0,217514.83512904102,1953.3181200511942,0,1,0.7623596201834392,1,11.621531741767225,34.038501504380555,6550.440834961872,1173.9216228519388,5.579964375345736,2.002075505354852,301.24659552965454,0.0,0.0006596306068601583,0.09234828496042216,0.7992088130463461,5.280282935455349,0.9904761904761905,272.25550324225725,1131,143.22143125534058
core,50,3000000.0,5,5,exclude,launch,0,0.0,prior,0.0,sa,12600.0,43200,169013.11656168333,0,153475.55439701764,15537.562164665716,0,0,0.0,0,11.074282461253608,31.4857331423162,6890.610997136995,1267.352145880511,5.43701371361915,2.0048360925606774,302.9086718737831,0.0,0.03982300884955752,0.03982300884955752,1.9241086569256411,12.041176470588235,0.952,825.7255347464442,170,20.481160402297974
core,50,3000000.0,16,3,exclude,launch,0,0.0,prior,0.0,sa,12600.0,43200,215588.42961884002,0,214153.99576969424,1434.4338491457868,0,1,0.7760790235781632,1,11.621531741767225,34.18838063194117,6550.440834961872,1168.8117440584003,5.60435918637944,2.0020129843682977,301.20900625279853,0.0,0.0005920663114268798,0.09177027827116636,0.7491392126247041,4.992150706436421,0.9904761904761905,257.6277873798971,1274,153.0032377243042
core,50,3000000.0,6,5,exclude,launch,0,0.0,prior,0.0,sa,12600.0,43200,137653.77720842915,0,123374.6851413148,14279.09206711435,0,0,0.0,0,11.074282461253608,34.5849411257734,6890.610997136995,1154.2129810866868,5.969964911198203,2.00408894279592,302.45838151350836,0.0,0.03225806451612903,0.054838709677419356,1.69775434475062,11.117903930131005,0.967741935483871,651.8081344065585,229,29.754199266433716
core,50,3000000.0,17,3,exclude,launch,0,0.0,prior,0.0,sa,12600.0,43200,211587.04276037178,0,210431.87122568508,1155.1715346867177,0,1,0.7907556898123762,1,11.621531741767225,33.94615191148764,6550.440834961872,1177.249678047283,5.564189956566529,2.0018468834786756,301.1091533807806,0.0,0.0,0.06698564593301436,0.7451784963658977,4.887544483985765,0.9904761904761905,238.88792262365124,1405,157.32703924179077
core,50,3000000.0,11,4,exclude,launch,0,0.0,prior,0.0,sa,12600.0,43200,226430.707856913,0,215249.88733656373,11180.820520349267,0,1,0.6544349918117891,1,10.516019449979966,35.167435076973206,7274.107902442663,1135.930794997637,6.403654108574277,2.0026147898487023,301.57092504700717,0.0,0.013230429988974642,0.0926130099228225,0.9982046836813662,6.511045655375552,0.9724770642201835,370.45022321496054,679,99.27234292030334
core,50,3000000.0,7,5,exclude,launch,0,0.0,prior,0.0,sa,12600.0,43200,118532.09227962639,0,109228.54217596092,9303.55010366548,0,0,0.0,0,11.074282461253608,34.389287892804774,6890.610997136995,1161.0879337357183,5.934615972596444,2.0035569536239706,302.1379677501071,0.0,0.014669926650366748,0.05134474327628362,1.53892306963998,9.719594594594595,0.9758064516129032,576.9787718688546,296,35.8691782951355
core,50,3000000.0,18,3,exclude,launch,0,0.0,prior,0.0,sa,12600.0,43200,209918.66230404255,0,208309.67784338794,1608.984460654574,0,1,0.7970404161160511,1,11.621531741767225,34.00562789098007,6550.440834961872,1175.179673490629,5.573990924728248,2.001865604530055,301.1204068621118,0.0,0.0,0.08066083576287658,0.6922675476758215,4.591231463571889,0.9809523809523809,229.9208629731209,1551,163.1218957901001
core,50,3000000.0,12,4,exclude,launch,0,0.0,prior,0.0,sa,12600.0,43200,217405.63932682778,0,207513.89011427457,9891.749212553179,0,1,0.6816022753646693,1,10.516019449979966,34.55900505376012,7274.107902442663,1156.0351348754916,6.292289639818002,2.0024317496883395,301.46082383496764,0.0,0.0,0.08120868744098206,0.9449243579292191,6.182278481012658,0.9724770642201835,337.1139885875834,790,110.35256218910217
core,50,3000000.0,8,5,exclude,launch,0,0.0,prior,0.0,sa,12600.0,43200,101225.21354659392,0,94244.32095224761,6980.89259434631,0,0,0.0,0,11.074282461253608,30.803119459819115,6890.610997136995,1296.4047080886953,5.315169679764511,2.003340114305035,302.00741549209215,0.0,0.03007518796992481,0.05827067669172932,1.3344001700774328,8.709844559585493,0.9596774193548387,492.7341549503592,386,47.595101833343506
core,50,3000000.0,13,4,exclude,launch,0,0.0,prior,0.0,sa,12600.0,43200,213714.88389427276,0,203477.1803316797,10237.703562593057,0,1,0.6933732257767548,1,10.516019449979966,34.02070200645829,7274.107902442663,1174.3883368919821,6.193954481610048,2.0023269216729656,301.3977773731211,0.0,0.0016680567139282735,0.08757297748123437,0.8949289009291215,5.760942760942761,0.9724770642201835,319.44663891774263,891,118.27658319473267
core,50,3000000.0,9,5,exclude,launch,0,0.0,prior,0.0,sa,12600.0,43200,90677.84221736793,0,85213.93588702085,5463.90633034707,0,0,0.0,0,11.074282461253608,32.361930926399054,6890.610997136995,1234.1257962926597,5.583394349130808,2.003070016572723,301.84483744416076,0.0,0.014106583072100314,0.06896551724137931,1.1971375240764313,7.842105263157895,0.9838709677419355,441.2717988266541,475,56.582733392715454
core,50,3000000.0,4,6,exclude,launch,0,0.0,prior,0.0,sa,12600.0,43200,193284.13718829508,0,179048.76351182928,14235.373676465802,0,0,0.0,0,9.996281918182664,33.37328321028117,7669.642238462474,1194.9322486707497,6.418474559536102,2.006077796246452,303.6577596300353,0.0,0.08053691275167785,0.026845637583892617,2.445455865685573,14.963963963963964,0.9285714285714286,1028.9864742663467,111,14.828227281570435
core,50,3000000.0,14,4,exclude,launch,0,0.0,prior,0.0,sa,12600.0,43200,208334.80747454465,0,198405.49507873415,9929.312395810482,0,1,0.7112790235994662,1,10.516019449979966,34.355640257398115,7274.107902442663,1163.0039211937697,6.254585878761378,2.0022152341927604,301.3306126944149,0.0,0.001467351430667645,0.08217168011738811,0.8373875847692032,5.458904109589041,0.9724770642201835,293.8084077176145,1022,128.53248858451843
core,50,3000000.0,10,5,exclude,launch,0,0.0,prior,0.0,sa,12600.0,43200,80084.55029008031,0,75815.6529576418,4268.897332438512,0,0,0.0,0,11.074282461253608,32.85605850451663,6890.610997136995,1215.6793410429739,5.668115566745832,2.002882571026494,301.73203538061335,0.0,0.015037593984962405,0.08020050125313283,1.0604957795915269,7.156996587030717,0.9758064516129032,393.8409045014274,586,67.3553831577301
core,50,3000000.0,15,4,exclude,launch,0,0.0,prior,0.0,sa,12600.0,43200,203930.48969199482,0,194821.05353400233,9109.436157992475,0,1,0.7266406247838963,1,10.516019449979966,34.22250433910248,7274.107902442663,1167.574206813454,6.230103285936037,2.0021366121750486,301.28333683850514,0.0,0.0,0.08862433862433862,0.7993228030398686,5.183583406884377,0.9724770642201835,278.86735547705814,1133,135.53994035720825
core,50,3000000.0,5,6,exclude,launch,0,0.0,prior,0.0,sa,12600.0,43200,154341.16418493039,0,138253.169237951,16087.994946979401,0,0,0.0,0,9.996281918182664,31.6475764729619,7669.642238462474,1260.7369290521772,6.083459651037997,2.005049296873751,303.03722674392645,0.0,0.04326923076923077,0.057692307692307696,2.099371763707981,13.025641025641026,0.9072164948453608,830.0555517609313,156,20.918739557266235
core,50,3000000.0,11,5,exclude,launch,0,0.0,prior,0.0,sa,12600.0,43200,71762.93180996814,0,68580.20684928604,3182.724960682102,0,0,0.0,0,11.074282461253608,28.746352602370617,6890.610997136995,1389.5821156061602,4.9587648831614315,2.002732855896914,301.64195408855466,0.0,0.008839779005524863,0.056353591160221,1.0281180274666786,6.79295154185022,0.9919354838709677,356.323189503187,681,80.00186705589294
core,50,3000000.0,6,6,exclude,launch,0,0.0,prior,0.0,sa,12600.0,43200,121759.98648559015,0,113613.68393930998,8146.302546280182,0,0,0.0,0,9.996281918182664,33.87983352053808,7669.642238462474,1178.1199339490329,6.510069151239973,2.0042837943651945,302.57578188736574,0.0,0.03594771241830065,0.042483660130718956,1.7359966015465325,11.183035714285714,0.9680851063829787,659.6960889827914,224,30.150617837905884
core,50,3000000.0,7,6,exclude,launch,0,0.0,prior,0.0,sa,12600.0,43200,106848.12088423145,0,101734.39736370448,5113.723520526966,0,0,0.0,0,9.996281918182664,31.049102598806765,7669.642238462474,1285.7820551567956,5.964962885974632,2.003888598413873,302.33769540761114,0.0,0.027989821882951654,0.06615776081424936,1.5425447153426202,9.668941979522184,0.9381443298969072,582.8098271829858,293,41.158156633377075
core,50,3000000.0,16,4,exclude,launch,0,0.0,prior,0.0,sa,12600.0,43200,199779.58631126958,0,190379.77399602148,9399.812315248075,0,1,0.7417383386278346,1,10.516019449979966,32.859187431411755,7274.107902442663,1216.1113113983954,5.981449094555524,2.001980483281926,301.18946666336456,0.0,0.0,0.05916813122437024,0.7820105826991706,4.981279251170047,0.981651376146789,255.4928533441938,1282,168.70635342597961
core,50,3000000.0,8,6,exclude,launch,0,0.0,prior,0.0,sa,12600.0,43200,94309.7595135467,0,87937.33877991718,6372.420733629521,0,0,0.0,0,9.996281918182664,29.519458324713117,7669.642238462474,1352.6318508078589,5.670162382973447,2.0035583422258405,302.1388038753233,0.0,0.024096385542168676,0.06827309236947791,1.3804427673615023,8.64690026954178,0.96875,516.4632945176431,371,49.570682525634766
core,50,3000000.0,12,5,exclude,launch,0,0.0,prior,0.0,sa,12600.0,43200,114765.8223512267,0,104618.07086300835,10147.751488218348,0,1,0.43866040510086585,1,11.074282461253608,40.52233676768288,6890.610997136995,985.8702536632659,6.989369008277791,2.002514836821712,301.5107994142992,0.0,0.0052310374891020054,0.10897994768962511,0.8182543766025354,5.840462427745665,0.9516129032258065,325.2461721753804,865,127.59831118583679
core,50,3000000.0,9,6,exclude,launch,0,0.0,prior,0.0,sa,12600.0,43200,79936.39650561252,0,76148.42276398072,3787.9737416318007,0,0,0.0,0,9.996281918182664,28.6351517780552,7669.642238462474,1394.6400662589235,5.499370356565217,2.0032186729508683,301.93431172719033,0.0,0.017973856209150325,0.05555555555555555,1.2699391580937356,8.12253829321663,0.9680851063829787,441.53804971580394,457,57.42519545555115
core,50,3000000.0,13,5,exclude,launch,0,0.0,prior,0.0,sa,12600.0,43200,108955.51972819977,0,99394.12803579716,9561.391692402613,0,1,0.4620529758373816,1,11.074282461253608,40.55647311476439,6890.610997136995,985.1361113351976,6.994577620140076,2.0023203782704853,301.39384220888655,0.0,0.0045871559633027525,0.10091743119266056,0.7926939232733988,5.669724770642202,0.9596774193548387,295.7062176946096,981,137.4730670452118
core,50,3000000.0,10,6,exclude,launch,0,0.0,prior,0.0,sa,12600.0,43200,72508.69177410685,0,69709.34684723208,2799.3449268747636,0,0,0.0,1,9.996281918182664,26.30268858177602,7669.642238462474,1518.3990226719952,5.051137496760146,2.0031059842790935,301.86648470895864,0.0,0.016150740242261104,0.05383580080753701,1.1607263701212207,7.352087114337568,0.9680851063829787,407.52779882339786,551,63.98032999038696
core,50,3000000.0,14,5,exclude,launch,0,0.0,prior,0.0,sa,12600.0,43200,104944.25506352517,0,96242.32221588286,8701.932847642307,0,1,0.4797139404520001,1,11.074282461253608,39.92440138785491,6890.610997136995,1000.7835668067395,6.885215970445322,2.0022182163381417,301.3324059480018,0.0,0.0020718232044198894,0.10220994475138122,0.7592715785571424,5.36080586080586,0.9516129032258065,281.0468348269056,1092,144.2772409915924
core,50,3000000.0,5,7,exclude,launch,0,0.0,prior,0.0,sa,12600.0,43200,163489.1432897037,0,150165.5713820727,13323.571907631002,0,0,0.0,0,11.563730725972865,32.321671632459015,6584.84920617487,1234.4590192208495,5.334198303586468,2.005023633682687,303.0217512782257,0.0,0.045871559633027525,0.05045871559633028,2.05813599521976,12.742138364779874,0.9411764705882353,822.514754217755,159,20.299325466156006
core,50,3000000.0,15,5,exclude,launch,0,0.0,prior,0.0,sa,12600.0,43200,100928.45944539217,0,92308.55611154571,8619.90333384647,0,1,0.4988010557276126,1,11.074282461253608,39.95006671238943,6890.610997136995,1000.1944161829623,6.889271611246946,2.002110542253048,301.2676616684092,0.0,0.00125,0.106875,0.7318553977078024,5.118234804329726,0.9596774193548387,267.4313013645248,1201,146.30082869529724
core,50,3000000.0,6,7,exclude,launch,0,0.0,prior,0.0,sa,12600.0,43200,130992.68235899371,0,121766.63519161155,9226.047167382172,0,0,0.0,0,11.563730725972865,35.07721777096818,6584.84920617487,1137.9343784400476,5.786668661159353,2.004230328874341,302.54356602932023,0.0,0.043209876543209874,0.046296296296296294,1.6809073807148915,10.798283261802576,0.9313725490196079,656.7509108336575,233,26.931031942367554
core,50,3000000.0,7,7,exclude,launch,0,0.0,prior,0.0,sa,12600.0,43200,110815.90389347188,0,102921.02023957286,7894.883653899039,0,0,0.0,0,11.563730725972865,33.99418651664986,6584.84920617487,1174.4844188089346,5.60658711237113,2.003724804494133,302.2390449470357,0.0,0.017456359102244388,0.04987531172069826,1.5111336734697316,9.76079734219269,0.9411764705882353,566.8191907093433,301,38.36397409439087
core,50,3000000.0,16,5,exclude,launch,0,0.0,prior,0.0,sa,12600.0,43200,97003.62286954782,0,88639.18947213909,8364.43339740874,0,1,0.5189829063603691,1,11.074282461253608,38.63457916760376,6890.610997136995,1034.3005041921806,6.662097687478909,2.002013790020256,301.20949061722746,0.0,0.0011248593925759281,0.09673790776152981,0.7098029987213272,4.950524737631184,0.9512195121951219,248.70512536427336,1334,161.41748309135437
core,50,3000000.0,11,6,exclude,launch,0,0.0,prior,0.0,sa,12600.0,43200,304500.0650969439,0,291478.1685839595,13021.896512984342,0,1,0.8007102980001591,1,9.996281918182664,34.800474604499634,7669.642238462474,1147.8511860281717,6.681739176487847,2.0027153791876287,301.631439497817,0.0,0.006486486486486486,0.08324324324324324,0.9982442700528291,6.590711175616836,0.9574468085106383,364.06336701759676,689,102.26349472999573
core,50,3000000.0,8,7,exclude,launch,0,0.0,prior,0.0,sa,12600.0,43200,98578.51336271327,0,91383.90630802022,7194.607054693057,0,0,0.0,0,11.563730725972865,33.22169861894791,6584.84920617487,1201.9724404801464,5.478369540273695,2.0034275557238566,302.0600578757861,0.0,0.007827788649706457,0.06457925636007827,1.3450756448024852,8.74736842105263,0.9696969696969697,496.5856753635212,380,41.84754133224487
core,50,3000000.0,17,5,exclude,launch,0,0.0,prior,0.0,sa,12600.0,43200,94184.71364111043,0,86309.11770794283,7875.5959331676,0,1,0.5345158484651247,1,11.074282461253608,38.372921375557446,6890.610997136995,1041.401221914948,6.616672663842674,2.0019214838305923,301.1539979283887,0.0,0.0005138746145940391,0.09609455292908531,0.693054317460267,4.761019283746556,0.967479674796748,236.1885056153378,1452,170.3718798160553
core,50,3000000.0,9,7,exclude,launch,0,0.0,prior,0.0,sa,12600.0,43200,86194.29959706223,0,82132.05218401071,4062.247413051506,0,0,0.0,0,11.563730725972865,36.006464044211526,6584.84920617487,1109.1817842685036,5.936672689335161,2.003119155302133,301.8744119202195,0.0,0.026771653543307086,0.07086614173228346,1.2017197958430261,7.978768577494692,0.9595959595959596,436.6199787570116,471,51.301934242248535
core,50,3000000.0,12,6,exclude,launch,0,0.0,prior,0.0,sa,12600.0,43200,299804.6411060918,0,286307.7418697482,13496.89923634359,0,1,0.8132507120814162,1,9.996281918182664,36.10847821691715,7669.642238462474,1106.355536408188,6.932348586027025,2.002562539775597,301.5394938483886,0.0,0.005612722170252572,0.09260991580916744,0.9238447534300425,6.205771643663739,0.9574468085106383,331.72989005697184,797,103.10732102394104
core,50,3000000.0,10,7,exclude,launch,0,0.0,prior,0.0,sa,12600.0,43200,77577.49470331316,0,73069.61431259666,4507.88039071649,0,0,0.0,0,11.563730725972865,32.1615192613808,6584.84920617487,1241.9160048432655,5.3021695352141816,2.0029089493089174,301.7479081811752,0.0,0.020969855832241154,0.061598951507208385,1.1254935765777947,7.319787985865724,0.9595959595959596,398.4508525362969,566,63.63723587989807
core,50,3000000.0,13,6,exclude,launch,0,0.0,prior,0.0,sa,12600.0,43200,294758.4170386569,0,282339.5745911233,12418.842447533561,0,1,0.8271734538215578,1,9.996281918182664,37.13235120687568,7669.642238462474,1075.9200100047567,7.128450225987121,2.0024309671133103,301.4603531483179,0.0,0.0024311183144246355,0.09157212317666126,0.8450702888573296,5.709090909090909,0.967741935483871,307.6953279555174,935,119.87230277061462
core,50,3000000.0,5,8,exclude,launch,0,0.0,prior,0.0,sa,12600.0,43200,172018.7340950803,0,159118.00756390303,12900.72653117724,0,0,0.0,0,11.053074046788963,31.52884030380496,6904.472155108215,1265.654083582948,5.455260046696409,2.0047811282785237,302.8755347233989,0.0,0.04954954954954955,0.04954954954954955,1.9959960051789942,12.158536585365853,0.9680851063829787,841.9130102416608,164,17.86116123199463
core,50,3000000.0,14,6,exclude,launch,0,0.0,prior,0.0,sa,12600.0,43200,290923.5172793731,0,279052.4987019497,11871.018577423392,0,1,0.8380771006240326,1,9.996281918182664,36.02875070359578,7669.642238462474,1108.9338938432277,6.916230337123006,2.002327565228911,301.39816440531484,0.0,0.0,0.09740259740259741,0.8168484844167414,5.4854932301740815,0.9574468085106383,290.4796870624312,1034,133.18121004104614
core,50,3000000.0,11,7,exclude,launch,0,0.0,prior,0.0,sa,12600.0,43200,69367.93679243552,0,66968.7091494563,2399.227642979205,0,0,0.0,0,11.563730725972865,30.837583232951054,6584.84920617487,1295.3077823863555,5.083617419516736,2.0027958252822176,301.67984016103304,0.0,0.013333333333333334,0.06555555555555556,1.0267335139509033,6.784023668639053,0.9896907216494846,357.598203280298,676,79.06663727760315
core,50,3000000.0,6,8,exclude,launch,0,0.0,prior,0.0,sa,12600.0,43200,138389.4931247998,0,130152.11346807057,8237.379656729236,0,0,0.0,0,11.053074046788963,31.983245537830232,6904.472155108215,1248.0931764869133,5.532016587529681,2.0041048818876304,302.46798414917174,0.0,0.03215434083601286,0.04823151125401929,1.6985209549418907,10.752173913043478,1.0,673.7203711734519,230,30.744768857955933
core,50,3000000.0,15,6,exclude,launch,0,0.0,prior,0.0,sa,12600.0,43200,287570.5770389561,0,275140.2387278333,12430.338311122781,0,1,0.847848692920392,1,9.996281918182664,34.85342106354983,7669.642238462474,1146.3751874178292,6.690342152064613,2.002247667976068,301.35011638904,0.0,0.0,0.08354591836734694,0.7726471314764288,5.185689948892675,0.9574468085106383,268.5103970535784,1174,141.91288352012634
core,50,3000000.0,12,7,exclude,launch,0,0.0,prior,0.0,sa,12600.0,43200,64237.99552105142,0,61153.08920642112,3084.906314630292,0,0,0.0,1,11.563730725972865,28.3005754812293,6584.84920617487,1411.4412838311855,4.665336972644798,2.0027738121695315,301.6665955119045,0.0,0.011494252873563218,0.08237547892720307,0.9564964817292569,6.29305912596401,0.9797979797979798,336.13409295850613,778,89.27833199501038
core,50,3000000.0,7,8,exclude,launch,0,0.0,prior,0.0,sa,12600.0,43200,115582.7263031282,0,106871.26219970238,8711.464103425833,0,0,0.0,0,11.053074046788963,30.055295638017647,6904.472155108215,1328.5341046189171,5.19706052791827,2.0035319624080183,302.12291987234653,0.0,0.015306122448979591,0.05102040816326531,1.6127350940609784,10.104166666666666,0.978494623655914,568.9758396342922,288,40.92544364929199
core,50,3000000.0,8,8,exclude,launch,0,0.0,prior,0.0,sa,12600.0,43200,103783.41048515367,0,97322.10650189343,6461.303983260237,0,0,0.0,0,11.053074046788963,31.587691332129346,6904.472155108215,1264.2561123592598,5.461292286911398,2.0032587088564653,301.95841106890254,0.0,0.03143418467583497,0.05893909626719057,1.3645732857401518,8.626984126984127,1.0,508.9203229656337,378,50.16212868690491
core,50,3000000.0,13,7,exclude,launch,0,0.0,prior,0.0,sa,12600.0,43200,178475.64719339888,0,172642.93433613295,5832.712857265945,0,1,0.686249094576084,1,11.563730725972865,39.46996634680759,6584.84920617487,1012.2130956029177,6.5053981565538335,2.002402040476304,301.4429552253175,0.0,0.0031746031746031746,0.0992063492063492,0.8350008563293165,5.749464668094219,0.9696969696969697,305.25777874612896,934,118.23475766181946
core,50,3000000.0,9,8,exclude,launch,0,0.0,prior,0.0,sa,12600.0,43200,93454.66334712988,0,86427.6568326412,7027.006514488679,0,0,0.0,0,11.053074046788963,32.33055692060392,6904.472155108215,1235.3359089871633,5.589145514898135,2.0030497473199884,301.8326386796077,0.0,0.020602218700475437,0.07923930269413629,1.204676990449907,7.824894514767933,0.989247311827957,445.908189295452,474,60.52743196487427
core,50,3000000.0,14,7,exclude,launch,0,0.0,prior,0.0,sa,12600.0,43200,173654.61921395498,0,168247.95008361907,5406.669130335921,0,1,0.705300854332283,1,11.563730725972865,39.988875715883566,6584.84920617487,999.103751248919,6.590756163154777,2.0023509734951954,301.41224222002995,0.0,0.0020718232044198894,0.10980662983425414,0.7554164645728321,5.337638376383764,0.979381443298969,282.6605481894007,1084,137.13721585273743
core,50,3000000.0,15,7,exclude,launch,0,0.0,prior,0.0,sa,12600.0,43200,169710.70353188607,0,164061.45403322292,5649.249498663131,0,1,0.7216913768042811,1,11.563730725972865,39.15366852465147,6584.84920617487,1020.509672674953,6.452510331347187,2.002167473922908,301.30189373670663,0.0,0.0006261740763932373,0.09830932999373826,0.7480236269093566,5.215,0.9690721649484536,262.2937172667107,1200,135.6921262741089
core,50,3000000.0,10,8,exclude,launch,0,0.0,prior,0.0,sa,12600.0,43200,80203.03621774705,0,76819.12098300355,3383.9152347434983,0,0,0.0,0,11.053074046788963,30.596118988218954,6904.472155108215,1305.5171612565782,5.288687395317397,2.0028160391147414,301.69200249173355,0.0,0.010767160161507403,0.06460296096904442,1.140629612311356,7.32258064516129,0.989247311827957,403.05313810033044,558,67.19054794311523
core,50,3000000.0,11,8,exclude,launch,0,0.0,prior,0.0,sa,12600.0,43200,73097.91999016624,0,69472.64128451073,3625.278705655507,0,0,0.0,0,11.053074046788963,28.25519336124541,6904.472155108215,1413.7397160305009,4.8838354591144935,2.002729267429067,301.6397951276499,0.0,0.009248554913294798,0.06820809248554913,1.0668046595693605,6.830246913580247,1.0,373.5555078845696,648,74.25753092765808
core,50,3000000.0,5,9,exclude,launch,0,0.0,prior,0.0,sa,12600.0,43200,155781.98206102403,0,145224.34782797712,10557.634233046892,0,0,0.0,0,10.493072784437931,27.902379200292632,7290.744155068959,1430.0790980410832,5.098140491009058,2.0048814211302295,302.9360011598129,0.0,0.04245283018867924,0.02830188679245283,2.188430706383162,13.211920529801324,0.9702970297029703,826.9323798875524,151,20.53156042098999
core,50,3000000.0,16,7,exclude,launch,0,0.0,prior,0.0,sa,12600.0,43200,166628.0705287219,0,161717.54474163547,4910.525787086429,0,1,0.7350427266049304,1,11.563730725972865,37.47854717005009,6584.84920617487,1066.1652085149042,6.176199667354667,2.002086020554314,301.2529177771144,0.0,0.0,0.09148084619782733,0.7337446954923998,5.009181331293037,0.979381443298969,250.7229559052259,1307,156.83553504943848
core,50,3000000.0,6,9,exclude,launch,0,0.0,prior,0.0,sa,12600.0,43200,131072.31817775415,0,117968.7481908015,13103.569986952665,0,0,0.0,0,10.493072784437931,29.658272140612468,7290.744155068959,1345.873092768602,5.41711116318637,2.0041952590756997,302.5224355050334,0.0,0.03754266211604096,0.051194539249146756,1.7909481014902089,11.11520737327189,0.9702970297029703,681.7674179215526,217,30.82101535797119
core,50,3000000.0,17,7,exclude,launch,0,0.0,prior,0.0,sa,12600.0,43200,163523.3565311302,0,158792.0408813133,4731.315649816914,0,1,0.7489985154936195,1,11.563730725972865,37.9695493962494,6584.84920617487,1052.4345407277135,6.256777929030844,2.001978691651488,301.18838955708816,0.0,0.0,0.08190772420943494,0.7078648915414654,4.8408617095205,0.979381443298969,235.59207754798405,1439,167.8175458908081
core,50,3000000.0,7,9,exclude,launch,0,0.0,prior,0.0,sa,12600.0,43200,108720.66764755994,0,101033.05358881905,7687.614058740894,0,0,0.0,0,10.493072784437931,28.35656173341215,7290.744155068959,1407.9377124620823,5.178314417275977,2.003793548872604,302.28044662747715,0.0,0.01832460732984293,0.06806282722513089,1.5962420578832104,9.911032028469752,0.9702970297029703,590.7496024669912,281,38.15636467933655
core,50,3000000.0,12,8,exclude,launch,0,0.0,prior,0.0,sa,12600.0,43200,280984.0780355761,0,269064.20375498163,11919.874280594417,0,1,0.7848348945246415,1,11.053074046788963,33.94410357409402,6904.472155108215,1176.986804830021,5.866227324532623,2.002414811717067,301.45063642492875,0.0,0.006457564575645757,0.07472324723247233,0.9245102062499364,6.1462205700123915,0.989247311827957,330.2666903934731,807,113.82535934448242
core,50,3000000.0,18,7,exclude,launch,0,0.0,prior,0.0,sa,12600.0,43200,161026.6929941784,0,156235.69369120128,4790.999302977119,0,1,0.7606114800778869,1,11.563730725972865,36.954298718958434,6584.84920617487,1081.3773132262704,6.0893169531447695,2.0019248376754586,301.156014105298,0.0,0.0,0.07930549038010323,0.6750538401899007,4.615720524017467,0.979381443298969,221.0742794964709,1603,187.97878217697144
core,50,3000000.0,8,9,exclude,launch,0,0.0,prior,0.0,sa,12600.0,43200,96871.60061230368,0,90356.84375065898,6514.756861644707,0,0,0.0,0,10.493072784437931,26.84967245918795,7290.744155068959,1487.1556449050363,4.902475527727642,2.0035241006435838,302.1181861717541,0.0,0.02594810379241517,0.06786427145708583,1.3728536477661404,8.53083109919571,0.9803921568627451,521.0126046151628,373,43.94476270675659
core,50,3000000.0,13,8,exclude,launch,0,0.0,prior,0.0,sa,12600.0,43200,279041.4044778331,0,266052.03248369426,12989.371994138779,0,1,0.7902988793395148,1,11.053074046788963,36.61200650069243,6904.472155108215,1091.2700544514732,6.327005975233827,2.0023233795349995,301.3956471487389,0.0,0.0008326394671107411,0.10407993338884262,0.8558211518201416,5.794444444444444,0.978494623655914,314.64290297955836,900,118.61400032043457
core,50,3000000.0,9,9,exclude,launch,0,0.0,prior,0.0,sa,12600.0,43200,83420.23772768331,0,77837.27821188366,5582.959515799655,0,0,0.0,0,10.493072784437931,28.280428421235417,7290.744155068959,1412.2025754840104,5.162675866506029,2.0031201675274803,301.87502115010807,0.0,0.018456375838926176,0.05536912751677853,1.2972401653302812,8.143176733780761,0.9801980198019802,453.8144785701214,447,57.2383074760437
core,50,3000000.0,14,8,exclude,launch,0,0.0,prior,0.0,sa,12600.0,43200,273480.22239264933,0,262271.4342477408,11208.7881449086,0,1,0.806369496553701,1,11.053074046788963,36.02476457122555,6904.472155108215,1109.1042493289287,6.225268868355535,2.0022415360784818,301.34642899228646,0.0,0.0007173601147776184,0.10473457675753228,0.7870957601573573,5.311848341232228,0.989247311827957,291.7177261917811,1055,126.41008996963501
core,50,3000000.0,10,9,exclude,launch,0,0.0,prior,0.0,sa,12600.0,43200,73994.28227388479,0,70814.46416839249,3179.8181054923148,0,0,0.0,0,10.493072784437931,25.903009512800615,7290.744155068959,1541.8734375777833,4.728497149884366,2.003046517520771,301.8306948931639,0.0,0.017663043478260868,0.06657608695652174,1.1685953820834607,7.321033210332104,0.9900990099009901,412.70406343567277,542,67.57363891601562
core,50,3000000.0,5,10,exclude,launch,0,0.0,prior,0.0,sa,12600.0,43200,167368.14844404277,0,152076.05097246155,15292.097471581217,0,0,0.0,0,11.506885521004397,34.719996280248445,6619.025743670595,1149.2476647966296,5.7594424129997215,2.0049183329878772,302.95825679254034,0.0,0.034934497816593885,0.05240174672489083,1.974493792822806,12.518072289156626,0.9354838709677419,791.5326092114594,166,21.97822403907776
core,50,3000000.0,15,8,exclude,launch,0,0.0,prior,0.0,sa,12600.0,43200,269379.2614246398,0,257993.35248031418,11385.908944325596,0,1,0.8186454594978071,1,11.053074046788963,34.73863806698978,6904.472155108215,1150.2468250203156,6.002600489669918,2.0021017993572565,301.26240488251517,0.0,0.0,0.08413615928066795,0.7767540070218106,5.243986254295533,0.989247311827957,267.4734114425783,1164,146.40827441215515
core,50,3000000.0,6,10,exclude,launch,0,0.0,prior,0.0,sa,12600.0,43200,133247.54272397055,0,124306.53820306713,8941.004520903425,0,0,0.0,0,11.506885521004397,33.22158173961352,6619.025743670595,1201.5021062239841,5.508958918492878,2.0042188590407974,302.5366550559602,0.0,0.054838709677419356,0.025806451612903226,1.7671241385185439,11.446428571428571,0.9574468085106383,649.6808116674897,224,31.754762887954712
core,50,3000000.0,16,8,exclude,launch,0,0.0,prior,0.0,sa,12600.0,43200,266292.29200073576,0,255040.23538269484,11252.056618040935,0,1,0.8281355332941637,1,11.053074046788963,34.58336406219296,6904.472155108215,1155.4820260573276,5.975404203098923,2.001979177913295,301.18868189154097,0.0,0.0,0.0780885780885781,0.7540627979638843,4.941130906274206,0.989247311827957,257.0654534196414,1291,151.74137258529663
core,50,3000000.0,7,10,exclude,launch,0,0.0,prior,0.0,sa,12600.0,43200,117349.41904385359,0,108385.9751853984,8963.44385845519,0,0,0.0,0,11.506885521004397,32.06639840964628,6619.025743670595,1245.0549235686622,5.316252012962358,2.0037857915174166,302.275774575674,0.0,0.03194103194103194,0.05405405405405406,1.4976674088797817,9.697368421052632,0.946236559139785,562.5257256192862,304,41.40196990966797
core,50,3000000.0,11,9,exclude,launch,0,0.0,prior,0.0,sa,12600.0,43200,292817.7245482128,0,277139.50469047134,15678.219857741436,0,1,0.7848263963195301,1,10.493072784437931,32.69809408709456,7290.744155068959,1221.6391618240248,5.9680013402510586,2.0027401363470982,301.64633431241936,0.0,0.008839779005524863,0.10386740331491713,0.9968196492726604,6.557037037037037,0.9801980198019802,372.33905235836346,675,100.89440298080444
core,50,3000000.0,8,10,exclude,launch,0,0.0,prior,0.0,sa,12600.0,43200,101511.24470311185,0,95856.43957750575,5654.805125606102,0,0,0.0,0,11.506885521004397,32.157512854951705,6619.025743670595,1241.7421037617842,5.330435139163478,2.0034390200660432,302.06696009733025,0.0,0.030418250950570342,0.058935361216730035,1.3155372491529946,8.455242966751918,0.989010989010989,496.5426280859854,391,40.45266938209534
core,50,3000000.0,12,9,exclude,launch,0,0.0,prior,0.0,sa,12600.0,43200,285806.7078953505,0,270784.6495541708,15022.058341179692,0,1,0.8040786769070717,1,10.493072784437931,31.861981823906937,7290.744155068959,1253.8069061442875,5.814885944032233,2.0025646417690277,301.54075827763785,0.0,0.005703422053231939,0.0979087452471483,0.9383934159090987,6.178343949044586,0.9900990099009901,338.0357831702345,785,107.56148982048035
core,50,3000000.0,17,8,exclude,launch,0,0.0,prior,0.0,sa,12600.0,43200,262547.4586878154,0,252044.37467344315,10503.08401437227,0,1,0.8399476054741534,1,11.053074046788963,33.342959291132225,6904.472155108215,1198.5240847557588,5.760812188029782,2.001884786164493,301.13193742436147,0.0,0.0,0.06342494714587738,0.7368185088774639,4.764005602240896,0.989247311827957,238.50100247569472,1428,170.00147366523743
core,50,3000000.0,9,10,exclude,launch,0,0.0,prior,0.0,sa,12600.0,43200,89185.5395264019,0,84318.36832576549,4867.1712006364205,0,0,0.0,0,11.506885521004397,31.01540799600572,6619.025743670595,1287.6329628964804,5.140460002500521,2.0031819697572533,301.91221933381286,0.0,0.02190923317683881,0.056338028169014086,1.2262351610144662,7.855010660980811,0.956989247311828,449.4110424110565,469,52.63675832748413
core,50,3000000.0,13,9,exclude,launch,0,0.0,prior,0.0,sa,12600.0,43200,282050.15273479745,0,268182.66345706873,13867.489277728671,0,1,0.8147879988979884,1,10.493072784437931,31.96937821672534,7290.744155068959,1249.679179713398,5.834092680283768,2.002429630680145,301.45954933965953,0.0,0.002523128679562658,0.08746846089150546,0.8888592762632139,5.7861142217245245,0.9801980198019802,318.690988262843,893,116.3435046672821
core,50,3000000.0,14,9,exclude,launch,0,0.0,prior,0.0,sa,12600.0,43200,278674.29037298233,0,264047.9957580968,14626.294614885512,0,1,0.8246583465883223,1,10.493072784437931,32.709398342255994,7290.744155068959,1221.4663126859837,5.968845869385245,2.0023313051632963,301.400413593107,0.0,0.0007326007326007326,0.08791208791208792,0.82235546862167,5.357976653696498,0.9801980198019802,298.48709819274757,1028,126.48165512084961
core,50,3000000.0,10,10,exclude,launch,0,0.0,prior,0.0,sa,12600.0,43200,79314.06152411981,0,75629.46790104076,3684.593623079046,0,0,0.0,0,11.506885521004397,30.98052325476197,6619.025743670595,1289.208275881968,5.134178757224014,2.0029871061886433,301.7949405542007,0.0,0.02102496714848883,0.0735873850197109,1.1057179574314469,7.27112676056338,0.946236559139785,397.00541186608314,568,67.36629390716553
core,50,3000000.0,15,9,exclude,launch,0,0.0,prior,0.0,sa,12600.0,43200,274473.9855743001,0,260391.37014848492,14082.615425815155,0,1,0.8372781815909014,1,10.493072784437931,31.341692730237202,7290.744155068959,1274.8527244563822,5.7188913003091,2.0022002996883135,301.32163220860343,0.0,0.000664451827242525,0.08106312292358804,0.8097970937872773,5.243195785776997,0.9801980198019802,274.001284506204,1139,135.2559266090393
core,50,3000000.0,4,11,exclude,launch,0,0.0,prior,0.0,sa,12600.0,43200,226027.76675945843,0,210388.37663883108,15639.390120627379,0,0,0.0,0,9.5786309571142,31.452835017676513,8018.59089865545,1268.1645536978847,6.322989296045032,2.00564737739851,303.3979943005503,0.0,0.07092198581560284,0.03546099290780142,2.5415414085469648,15.45631067961165,0.9595959595959596,1065.1178047168855,103,17.33251118659973
core,50,3000000.0,11,10,exclude,launch,0,0.0,prior,0.0,sa,12600.0,43200,71382.06112054636,0,69049.1684831,2332.8926374463713,0,0,0.0,0,11.506885521004397,31.547073060131282,6619.025743670595,1266.1657586711685,5.2276139189052255,2.0028127655175423,301.69003280548236,0.0,0.01088139281828074,0.08378672470076169,1.0051787387419184,6.658357771260997,0.967032967032967,362.90368952756313,682,84.55990695953369
core,50,3000000.0,5,11,exclude,launch,0,0.0,prior,0.0,sa,12600.0,43200,172958.940206354,0,161389.5928297171,11569.347376636892,0,0,0.0,0,9.5786309571142,26.833064362156364,8018.59089865545,1487.2253845933928,5.39164472427811,2.0046701564843032,302.80863699905825,0.0,0.03827751196172249,0.028708133971291867,2.1311831864020836,12.724358974358974,0.9494949494949495,834.6423598097207,156,21.88182306289673
core,50,3000000.0,12,10,exclude,launch,0,0.0,prior,0.0,sa,12600.0,43200,65950.62699179682,0,62629.31337019964,3321.3136215971786,0,0,0.0,1,11.506885521004397,26.908944360208835,6619.025743670595,1484.4219356781673,4.45899214002564,2.002792529963331,301.67785744507734,0.0,0.007677543186180422,0.07677543186180422,0.9635725023321278,6.333759590792839,0.989010989010989,332.12148582394207,782,85.41633033752441
core,50,3000000.0,16,9,exclude,launch,0,0.0,prior,0.0,sa,12600.0,43200,271247.51169912715,0,257339.60083854516,13907.910860581984,0,1,0.8472375584059506,1,10.493072784437931,30.93497046364107,7290.744155068959,1291.6926978042197,5.644333336762432,2.0020783848659454,301.24832682466234,0.0,0.0,0.06201550387596899,0.7884479818560424,5.031821797931583,0.9900990099009901,259.9198598354926,1257,156.7360281944275
core,50,3000000.0,6,11,exclude,launch,0,0.0,prior,0.0,sa,12600.0,43200,142159.45599464036,0,133550.81948563686,8608.636509003487,0,0,0.0,0,9.5786309571142,27.303958399627838,8018.59089865545,1462.0251018421222,5.484578129713496,2.00405457516427,302.43767697249064,0.0,0.034129692832764506,0.05802047781569966,1.8213057162127089,11.26046511627907,0.9587628865979382,682.0818020614653,215,32.33427023887634
core,50,3000000.0,7,11,exclude,launch,0,0.0,prior,0.0,sa,12600.0,43200,119859.1874618338,0,114034.44119116869,5824.746270665115,0,0,0.0,0,9.5786309571142,28.57067653447411,8018.59089865545,1397.54392278484,5.737630687611639,2.0035675844676444,302.1443689782667,0.0,0.007874015748031496,0.05774278215223097,1.6118688039601552,9.98932384341637,0.9693877551020408,587.89286123794,281,39.559279918670654
core,50,3000000.0,13,10,exclude,launch,0,0.0,prior,0.0,sa,12600.0,43200,262318.9089666489,0,260345.78074702245,1973.1282196264417,0,1,0.7844702111184191,1,11.506885521004397,38.478917243192605,6619.025743670595,1038.2705461049031,6.375049131945454,2.00242661969287,301.45773836066246,0.0,0.003885003885003885,0.09401709401709402,0.8155838173624981,5.649013499480789,0.978021978021978,302.3363603082703,963,122.373770236969
core,50,3000000.0,8,11,exclude,launch,0,0.0,prior,0.0,sa,12600.0,43200,105534.44243853187,0,100137.62569478397,5396.816743747899,0,0,0.0,0,9.5786309571142,28.527024160614147,8018.59089865545,1399.8896507367094,5.728016415033546,2.0032710466997097,301.9658379437793,0.0,0.02131782945736434,0.05232558139534884,1.340223230185508,8.487046632124352,0.9795918367346939,506.19540540947037,386,52.9695086479187
core,50,3000000.0,9,11,exclude,launch,0,0.0,prior,0.0,sa,12600.0,43200,91172.43781275996,0,86697.70706781345,4474.73074494652,0,0,0.0,0,9.5786309571142,26.78667729777808,8018.59089865545,1491.0165469463936,5.377935553483661,2.003035646155887,301.8241522378075,0.0,0.011217948717948718,0.060897435897435896,1.2561764901460601,7.954446854663774,0.9896907216494846,452.75014201039335,461,58.48511219024658
core,50,3000000.0,14,10,exclude,launch,0,0.0,prior,0.0,sa,12600.0,43200,257617.87693281396,0,255926.10680363135,1691.7701291826259,0,1,0.7987852875252445,1,11.506885521004397,39.895397152636434,6619.025743670595,1001.4671796779304,6.6093286709598,2.0023061125860075,301.3852629981823,0.0,0.0006939625260235947,0.09993060374739764,0.7690469136818173,5.397412199630314,0.978021978021978,281.54587702483747,1082,144.55946803092957
core,50,3000000.0,5,12,exclude,launch,0,0.0,prior,0.0,sa,12600.0,43200,185916.33727839473,0,169666.62508056388,16249.712197830855,0,0,0.0,0,10.941421182811737,36.47208002016265,6978.331089719389,1093.9446060768275,6.379053428258598,2.0050911665585325,303.06247592819744,0.0,0.043478260869565216,0.043478260869565216,1.9253919637099126,12.570588235294117,0.9230769230769231,782.8628626520368,170,18.786656141281128
core,50,3000000.0,15,10,exclude,launch,0,0.0,prior,0.0,sa,12600.0,43200,253497.51836979657,0,252480.71142907368,1016.8069407228886,0,1,0.8117687747823705,1,11.506885521004397,39.44807312911701,6619.025743670595,1012.8682420106825,6.534932648822043,2.002217431729096,301.33193413849955,0.0,0.0,0.105625,0.732577925345218,5.150332225913621,0.989010989010989,264.9257129858979,1204,145.31316661834717
core,50,3000000.0,10,11,exclude,launch,0,0.0,prior,0.0,sa,12600.0,43200,368001.9170841214,0,323714.3788914308,44287.538192690554,0,1,0.7874281605934973,1,9.5786309571142,35.05974849262218,8018.59089865545,1139.328228640453,7.037998969115282,2.0027757898311815,301.66778540146515,0.0,0.011194029850746268,0.09577114427860696,1.0127907783268972,6.868988391376451,0.9587628865979382,396.46982963553586,603,92.57798147201538
core,50,3000000.0,6,12,exclude,launch,0,0.0,prior,0.0,sa,12600.0,43200,151988.86832788298,0,140113.65580262538,11875.212525257626,0,0,0.0,0,10.941421182811737,37.04231230599026,6978.331089719389,1077.478577727744,6.476538127037051,2.00439473672202,302.6426361464687,0.0,0.029940119760479042,0.05688622754491018,1.5786726540496672,10.654471544715447,0.9615384615384616,640.4277523631441,246,33.637333154678345
core,50,3000000.0,16,10,exclude,launch,0,0.0,prior,0.0,sa,12600.0,43200,250131.09042944096,0,248974.60552982293,1156.4848996180235,0,1,0.8226940903032942,1,11.506885521004397,36.84930746325416,6619.025743670595,1084.383883358463,6.103950681349766,2.0020623681868512,301.2386969208723,0.0,0.0,0.08404315729699034,0.7356245408966866,4.978835978835979,0.978021978021978,248.21020337445185,1323,163.5531108379364
core,50,3000000.0,7,12,exclude,launch,0,0.0,prior,0.0,sa,12600.0,43200,129003.1444097527,0,120516.36534759811,8486.779062154594,0,0,0.0,0,10.941421182811737,34.71591017538806,6978.331089719389,1150.061195682384,6.067791101828129,2.0037359072146943,302.2457314296317,0.0,0.014814814814814815,0.03209876543209877,1.5384742021725264,10.116666666666667,0.9326923076923077,545.6101951740342,300,39.30818843841553
core,50,3000000.0,11,11,exclude,launch,0,0.0,prior,0.0,sa,12600.0,43200,359137.49028905143,0,316767.78888096614,42369.701408085304,0,1,0.8068638905707276,1,9.5786309571142,34.64204103447397,8018.59089865545,1153.1808025281632,6.953455070597759,2.002576480788883,301.5478799493064,0.0,0.004232804232804233,0.09312169312169312,0.954642319041907,6.4491525423728815,0.9587628865979382,358.09009318829663,708,105.69686627388
core,50,3000000.0,12,11,exclude,launch,0,0.0,prior,0.0,sa,12600.0,43200,352020.7018769338,0,309722.834445135,42297.86743179876,0,1,0.8231762254872593,1,9.5786309571142,36.08825927147994,8018.59089865545,1107.045324447743,7.243236317045625,2.002436028811099,301.46339755757003,0.0,0.004562043795620438,0.10401459854014598,0.8806021742065357,6.130966952264382,0.9587628865979382,328.77547733742574,817,110.6194531917572
core,50,3000000.0,17,10,exclude,launch,0,0.0,prior,0.0,sa,12600.0,43200,247363.63248556305,0,246262.8338566573,1100.7986289057696,0,1,0.8318982375448064,1,11.506885521004397,36.86435255228608,6619.025743670595,1083.974429737042,6.106256348940153,2.002001223671943,301.20193567202153,0.0,0.0,0.07614213197969544,0.6958132717348477,4.772665764546685,0.978021978021978,232.19297601555851,1478,175.0846700668335
core,50,3000000.0,8,12,exclude,launch,0,0.0,prior,0.0,sa,12600.0,43200,114549.5564089902,0,107086.97323876098,7462.583170229222,0,0,0.0,0,10.941421182811737,34.686993161479485,6978.331089719389,1151.173360436279,6.061928923611207,2.003468882097655,302.0849392014952,0.0,0.025193798449612403,0.05813953488372093,1.34032694398176,8.877922077922078,0.9615384615384616,484.0804489230828,385,44.607733726501465
core,50,3000000.0,18,10,exclude,launch,0,0.0,prior,0.0,sa,12600.0,43200,245533.29501633294,0,244446.11055024475,1087.184466088213,0,1,0.8380996552167516,1,11.506885521004397,38.085228252202775,6619.025743670595,1049.2594438196502,6.308283220759167,2.0019376046565345,301.16368908746233,0.0,0.0,0.08504672897196262,0.6682820333990376,4.543054682589566,0.978021978021978,224.1514454934322,1591,181.6849126815796
core,50,3000000.0,13,11,exclude,launch,0,0.0,prior,0.0,sa,12600.0,43200,346728.45029195194,0,304754.1788696991,41974.27142225284,0,1,0.8357406853127739,1,9.5786309571142,34.44617133923284,8018.59089865545,1159.9057095411363,6.913140294677607,2.0022870719513044,301.3738123802158,0.0,0.004074979625101874,0.10105949470252648,0.8551034160108009,5.7861020629750275,0.9583333333333334,306.4941297652042,921,120.29757118225098
core,50,3000000.0,9,12,exclude,launch,0,0.0,prior,0.0,sa,12600.0,43200,98917.46800990718,0,92650.83734501534,6266.630664891849,0,0,0.0,0,10.941421182811737,35.889216686460244,6978.331089719389,1112.7846059386118,6.271052863670148,2.0031565817591344,301.8969382580013,0.0,0.0171875,0.065625,1.1948913873129972,8.04384133611691,0.9423076923076923,427.2779536873608,479,60.48968052864075
core,50,3000000.0,10,12,exclude,launch,0,0.0,prior,0.0,sa,12600.0,43200,92005.15221399863,0,85955.20114301321,6049.95107098542,0,0,0.0,0,10.941421182811737,32.49870447206933,6978.331089719389,1228.9642656157048,5.678221316079749,2.0030172212064117,301.8130638109895,0.0,0.014285714285714285,0.08051948051948052,1.0962200914438471,7.296875,0.9423076923076923,392.5615788875687,576,63.91106557846069
core,50,3000000.0,14,11,exclude,launch,0,0.0,prior,0.0,sa,12600.0,43200,344910.7640660486,0,302456.5037558149,42454.260310233694,0,1,0.8401450544725271,1,9.5786309571142,36.478023233951326,8018.59089865545,1095.3266303955725,7.320730343020666,2.002234981165744,301.3424872416897,0.0,0.0,0.10462633451957296,0.781318926790844,5.352716873212583,0.96875,291.5658177622243,1049,131.04649019241333
core,50,3000000.0,15,11,exclude,launch,0,0.0,prior,0.0,sa,12600.0,43200,339465.0237542539,0,297885.348898451,41579.67485580292,0,1,0.8536227663743217,1,9.5786309571142,35.22103287535476,8018.59089865545,1134.496547020676,7.067972943340578,2.0020951836206677,301.25842711072187,0.0,0.0,0.09390862944162437,0.7634118375775274,5.165670367207515,0.96875,270.89372878729694,1171,132.31508708000183
core,50,3000000.0,11,12,exclude,launch,0,0.0,prior,0.0,sa,12600.0,43200,80465.63513631409,0,77422.59545710144,3043.039679212649,0,0,0.0,1,10.941421182811737,29.77137737593057,6978.331089719389,1341.6266337254688,5.201395764141735,2.002900560020252,301.7428599866805,0.0,0.014301430143014302,0.06930693069306931,1.021912534264864,6.8703976435935195,0.9519230769230769,350.81381401345493,679,75.71131253242493
core,50,3000000.0,12,12,exclude,launch,0,0.0,prior,0.0,sa,12600.0,43200,343958.10699654167,0,327107.8303330504,16850.276663491277,0,1,0.8036915931830987,1,10.941421182811737,39.596131670013534,6978.331089719389,1008.894348090188,6.916810568846179,2.0025876712895814,301.5546115865598,0.0,0.0035842293906810036,0.0967741935483871,0.8665490568720557,6.202153110047847,0.9423076923076923,314.69934657503245,836,103.21870565414429
core,50,3000000.0,13,12,exclude,launch,0,0.0,prior,0.0,sa,12600.0,43200,340782.18609392503,0,323987.44135978713,16794.744734137927,0,1,0.8111816000972003,1,10.941421182811737,39.81842763302121,6978.331089719389,1003.3353678853935,6.955133161932444,2.0024411390578365,301.4664711826718,0.0,0.000779423226812159,0.08963367108339829,0.8166196285497127,5.697382198952879,0.9320388349514563,301.2803090748668,955,107.63837766647339
core,50,3000000.0,14,12,exclude,launch,0,0.0,prior,0.0,sa,12600.0,43200,334902.491367687,0,318159.7159764927,16742.77539119434,0,1,0.8254230593250357,1,10.941421182811737,38.89360679218793,6978.331089719389,1027.268470067551,6.79309381437601,2.00229383057448,301.3778768422993,0.0,0.0,0.08350586611456176,0.7791052236200041,5.468807339449541,0.941747572815534,276.4128410252081,1090,106.1561267375946
core,50,3000000.0,15,12,exclude,launch,0,0.0,prior,0.0,sa,12600.0,43200,330984.29397156724,0,315122.6623885819,15861.63158298534,0,1,0.8351944307787624,1,10.941421182811737,38.2641149384482,6978.331089719389,1044.225663119486,6.68278068255146,2.0021838422184155,301.31173608109964,0.0,0.0012360939431396785,0.08034610630407911,0.7463972258671789,5.1545380212591985,0.9509803921568627,260.9012021733503,1223,112.26614928245544
core,50,3000000.0,16,12,exclude,launch,0,0.0,prior,0.0,sa,12600.0,43200,326876.2307137419,0,310918.6027489192,15957.627964822708,0,1,0.8456908549045873,1,10.941421182811737,38.182435605945265,6978.331089719389,1046.5206153923996,6.66812577514569,2.0020668333192635,301.24138153154894,0.0,0.0,0.07748455923638406,0.7311161900829752,5.06981981981982,0.9705882352941176,243.1490264959605,1332,122.25059008598328
core,50,3000000.0,17,12,exclude,launch,0,0.0,prior,0.0,sa,12600.0,43200,323371.4932578522,0,307870.71406106994,15500.77919678223,0,1,0.8548565497078829,1,10.941421182811737,36.68416332150512,6978.331089719389,1089.288991493676,6.406317464156529,2.0020192732623716,301.21278719677525,0.0,0.0,0.0770408163265306,0.6979622432447385,4.768037761294673,0.9607843137254902,230.99608312449809,1483,127.1532814502716
