layout,M,Emax,K,seed,coord,replan,divert,q,belief,tau,planner,L,Th,J,n_diverts,J_age,J_event,n_replans,n_never,share_never,n_reach_inf,K_reach_i,K_commute_i,r_max,r_c,rmax_over_rc,regime_bnd,P_bar,dup_frac,trunc_frac,empty_frac,T_s_over_t_c,mean_n,catch_rate,T_rev,n_sorties,secs
paper,100,1500000.0,2,1,exclude,launch,0,0.0,prior,0.0,sa,12600.0,43200.0,1688590.1675672007,0,965323.6734685474,723266.4940986534,0,0,0.0,0,4.006611780687757,7.5160015044221264,8169.591647266075,2238.285573964985,3.649932672708133,2.0315818250007496,373.63877276479263,0.0,0.05555555555555555,0.0,3.349941073398183,22.975,0.5895765472312704,3565.3993435104185,40,21.33847999572754
paper,100,1500000.0,2,4,exclude,launch,0,0.0,prior,0.0,sa,12600.0,43200.0,1827517.3419867407,0,1026598.5524322977,800918.789554443,0,0,0.0,0,4.062252035839239,15.336365726606827,8052.7543083059945,1098.2171189175479,7.332570372098325,2.029205389292127,371.9192663755057,0.0,0.018518518518518517,0.0,3.3740643350392663,25.725,0.6183127572016461,3202.8687042836027,40,23.00299382209778
paper,100,1500000.0,2,3,exclude,launch,0,0.0,prior,0.0,sa,12600.0,43200.0,1544496.1115582886,0,918436.4445838801,626059.6669744084,0,0,0.0,0,4.3035662497473846,11.990653181183607,7580.990936890765,1404.9643651854424,5.395859941180888,2.0287499499983577,371.59017915603675,0.0,0.037037037037037035,0.0,3.360294974170983,26.6,0.5959488272921108,3064.375808903066,40,23.566808938980103
paper,100,1500000.0,2,2,exclude,launch,0,0.0,prior,0.0,sa,12600.0,43200.0,1666143.1891525763,0,973270.4963380519,692872.6928145245,0,0,0.0,0,3.866429804589205,13.485622230458706,8478.86425558954,1249.030840696228,6.788354602087565,2.0290489351816188,371.80620075055776,0.0,0.018518518518518517,0.0,3.3516402425714134,26.025,0.6159737417943107,3138.7454609294527,40,24.545291423797607
paper,100,1500000.0,3,1,exclude,launch,0,0.0,prior,0.0,sa,12600.0,43200.0,1006332.9268775932,0,640177.0370986565,366155.88977893663,0,0,0.0,0,4.489378352808207,8.248274898946377,8169.591647266075,2294.7273255604414,3.5601579134334904,2.0186217299031624,325.8801903255602,0.0,0.018867924528301886,0.0,2.560298516945475,17.848101265822784,0.6884531590413944,2362.5356199939515,79,30.7265408039093
paper,100,1500000.0,3,4,exclude,launch,0,0.0,prior,0.0,sa,12600.0,43200.0,1072974.2552036352,0,678069.111002738,394905.1442008971,0,0,0.0,0,4.551868042890856,14.501921407677116,8052.7543083059945,1306.268517409464,6.164700596379581,2.0169315096047793,324.7996079824234,0.0,0.02857142857142857,0.0,2.5680378204822376,20.141025641025642,0.7211238293444329,2079.184970120796,78,33.44909167289734
paper,100,1500000.0,3,2,exclude,launch,0,0.0,prior,0.0,sa,12600.0,43200.0,1016312.801025057,0,644849.8763119644,371462.92471309257,0,0,0.0,0,4.331957348325285,13.962093946170373,8478.86425558954,1356.7526645683774,6.249380949833561,2.0169629417823587,324.81968665367316,0.0,0.02857142857142857,0.0,2.5671983676779786,20.53846153846154,0.745928338762215,2040.9224087567018,78,34.49368238449097
paper,100,1500000.0,3,3,exclude,launch,0,0.0,prior,0.0,sa,12600.0,43200.0,915919.0846955505,0,599957.7230503976,315961.36164515297,0,0,0.0,0,4.822934703906539,11.62926339905497,7580.990936890765,1629.0117186344523,4.653736280820413,2.0168460188575397,324.7450001867892,0.0,0.02830188679245283,0.0,2.563755346736468,20.79746835443038,0.6969050160085379,2027.5300856090257,79,35.25791835784912
paper,100,1500000.0,4,1,exclude,launch,0,0.0,prior,0.0,sa,12600.0,43200.0,765505.5550103082,0,503162.07300480065,262343.4820055075,0,0,0.0,0,4.776396525926021,8.478462826216722,8169.591647266075,2378.4555873906156,3.434830438111677,2.013399480444588,303.5292031697623,0.0,0.011363636363636364,0.0,2.056650184582448,14.022727272727273,0.7829880043620502,1794.4914931131273,132,39.77937912940979
paper,100,1500000.0,5,1,exclude,launch,0,0.0,prior,0.0,sa,12600.0,43200.0,726127.5710946886,0,532840.6400030671,193286.9310916216,0,1,0.14213733564794934,1,4.96664300859797,7.6790139119602525,8169.591647266075,2731.8199287260154,2.9905308037912897,2.011065736957484,290.77444962115686,0.0,0.011406844106463879,0.0076045627376425855,1.7154737717365611,10.862244897959183,0.8013029315960912,1557.1846458723055,196,44.24063158035278
paper,100,1500000.0,4,3,exclude,launch,0,0.0,prior,0.0,sa,12600.0,43200.0,704773.9190844669,0,466832.51724104886,237941.40184341802,0,0,0.0,0,5.131735901367667,11.785952061497513,7580.990936890765,1712.3414252462644,4.427265979271913,2.0118105683055827,302.5781406131937,0.0,0.005714285714285714,0.0,2.0647250387448777,16.267175572519083,0.7634408602150538,1551.561934999969,131,44.908324003219604
paper,100,1500000.0,4,2,exclude,launch,0,0.0,prior,0.0,sa,12600.0,43200.0,708889.2899050984,0,479674.07579865796,229215.21410644037,0,0,0.0,0,4.608717105986413,14.337412299502835,8478.86425558954,1407.7186476500028,6.023124201518439,2.011664170627393,302.49058759878005,0.0,0.03428571428571429,0.0,2.0617756225956336,16.595419847328245,0.7883771929824561,1520.293836027608,131,45.7611768245697
paper,100,1500000.0,6,1,exclude,launch,0,0.0,prior,0.0,sa,12600.0,43200.0,1487989.5933507904,0,1314485.0727843703,173504.52056642005,0,7,0.6936914630703614,7,5.1019961821717175,8.119876918367186,8169.591647266075,2655.708283004321,3.0762383427234212,2.008693147431172,281.8746205646683,0.0,0.005449591280653951,0.0027247956403269754,1.4630090313925632,8.807272727272727,0.8096280087527352,1359.6590961779355,275,50.289992570877075
paper,100,1500000.0,5,3,exclude,launch,0,0.0,prior,0.0,sa,12600.0,43200.0,565550.1824138755,0,402275.03552801436,163275.1468858611,0,0,0.0,0,5.336429199039555,11.388074373292117,7580.990936890765,1843.7397700527763,4.11174671177905,2.0092495130289363,289.7307248495347,0.0,0.0038461538461538464,0.0,1.7253234157959363,12.989690721649485,0.806941431670282,1301.9204772606897,194,50.27488660812378
paper,100,1500000.0,5,2,exclude,launch,0,0.0,prior,0.0,sa,12600.0,43200.0,763920.9435270706,0,582031.6005044988,181889.34302257185,0,1,0.23469569802615095,1,4.792160472721051,13.09350102916603,8478.86425558954,1603.7271711688295,5.286974248500116,2.0090813222449935,289.6341660170535,0.0,0.007662835249042145,0.0,1.7196779102650022,13.025641025641026,0.8234649122807017,1295.6049728752992,195,51.12174320220947
paper,100,1500000.0,6,3,exclude,launch,0,0.0,prior,0.0,sa,12600.0,43200.0,1004824.9359155525,0,818505.236927178,186319.6989883746,0,3,0.4648353281127067,6,5.482064472871997,9.169676212801646,7580.990936890765,2352.1824251668327,3.2229604539933034,2.008252937549748,281.6286450318952,0.0,0.00273224043715847,0.0,1.4778465094551787,9.536496350364963,0.7798066595059077,1261.8619928786597,274,53.48730659484863
paper,100,1500000.0,2,5,exclude,launch,0,0.0,prior,0.0,sa,12600.0,43200.0,1682338.3956168513,0,989547.1307750809,692791.2648417705,0,0,0.0,0,4.017335684820536,9.313669284907359,8146.821061143593,1807.020230802782,4.508428252363455,2.0307330892320596,373.0242017679616,0.0,0.05555555555555555,0.0,3.359901175125017,24.05,0.5956989247311828,3389.845378112653,40,21.946481466293335
paper,100,1500000.0,6,2,exclude,launch,0,0.0,prior,0.0,sa,12600.0,43200.0,787023.7613367592,0,638651.4555396338,148372.30579712542,0,3,0.3547085235045285,4,4.92267191448128,11.761156687635479,8478.86425558954,1834.4183263609236,4.622099623486489,2.007682326709901,281.3099653072158,0.0,0.010958904109589041,0.0,1.4751057030158676,10.344322344322345,0.8223684210526315,1160.4550579220531,273,58.2245876789093
paper,100,1500000.0,7,1,exclude,launch,0,0.0,prior,0.0,sa,12600.0,43200.0,1963082.1614173092,0,1770700.5614564656,192381.59996084354,0,10,0.8050539574785891,12,5.20321782706719,7.943064876044801,8169.591647266075,2768.9995828918118,2.950376626179965,2.007737982663474,275.96783507856065,0.0,0.0,0.0,1.2857887713526313,7.2923497267759565,0.8119469026548672,1231.517121458239,366,58.41114807128906
paper,100,1500000.0,7,3,exclude,launch,0,0.0,prior,0.0,sa,12600.0,43200.0,2106325.9328343426,0,1780495.378693611,325830.5541407317,0,9,0.8166614301380842,10,5.590977364159475,9.612772442247998,7580.990936890765,2289.23262025388,3.3115861052381903,2.0066861250163415,275.392035835288,0.0,0.0,0.0,1.2867911566391392,7.9863387978142075,0.775974025974026,1132.4556131420034,366,62.08079743385315
paper,100,1500000.0,8,1,exclude,launch,0,0.0,prior,0.0,sa,12600.0,43200.0,2645669.429477006,0,2352401.1321590757,293268.29731793044,0,14,0.8249900580230148,18,5.281772266761499,7.727395895311898,8169.591647266075,2889.2534291766005,2.8275787664615843,2.007187356378599,271.64083930509736,0.0,0.0,0.0,1.1443414618745804,5.67590618336887,0.7911602209944751,1230.889838966858,469,64.97026181221008
paper,100,1500000.0,4,4,exclude,launch,0,0.0,prior,0.0,sa,12600.0,43200.0,805171.9261382223,0,521435.82687425433,283736.099263968,0,0,0.0,0,4.842962302125253,13.6806445664941,8052.7543083059945,1475.1015642196803,5.459118547247865,2.011933562956773,302.65170725890187,0.0,0.005714285714285714,0.0,2.067484520921235,15.923664122137405,0.802672147995889,1591.7314077640967,131,44.450538635253906
paper,100,1500000.0,3,5,exclude,launch,0,0.0,prior,0.0,sa,12600.0,43200.0,1027959.3391867223,0,649062.7608333295,378896.57835339283,0,0,0.0,0,4.501422082423204,9.645724163619521,8146.821061143593,1962.9005788858674,4.150399235078777,2.0179760914388463,325.46721247572646,0.0,0.009523809523809525,0.0,2.564411454614709,18.833333333333332,0.720173535791757,2218.759480085057,78,31.711018085479736
paper,100,1500000.0,7,2,exclude,launch,0,0.0,prior,0.0,sa,12600.0,43200.0,1692020.114796043,0,1521400.053207008,170620.06158903486,0,9,0.7905358155096139,9,5.020271931049932,11.792073390726715,8478.86425558954,1866.4787224501754,4.542706087996071,2.0063413241052173,275.2034186270404,0.0,0.002036659877800407,0.0,1.2817969229102546,9.290760869565217,0.8585526315789473,964.2435716905969,368,69.12719869613647
paper,100,1500000.0,2,6,exclude,launch,0,0.0,prior,0.0,sa,12600.0,43200.0,1698626.157574006,0,1000951.8406775444,697674.3168964614,0,0,0.0,0,4.0509234182198615,7.6921677765876835,8076.28272445257,2186.40623671513,3.6938619131394472,2.0321561090313773,374.0548997309003,0.0,0.018518518518518517,0.0,3.372545651855704,23.775,0.5673382820784729,3476.064571980706,40,21.700753211975098
paper,100,1500000.0,5,4,exclude,launch,0,0.0,prior,0.0,sa,12600.0,43200.0,706046.2170727676,0,473437.68004397966,232608.5370287879,0,0,0.0,0,5.035912012976284,11.522837037614167,8052.7543083059945,1821.797479320392,4.420224750398718,2.0096677971286256,289.9709327811049,0.0,0.011538461538461539,0.0,1.7318038568365564,12.205128205128204,0.8181818181818182,1387.9281999779043,195,49.947561264038086
paper,100,1500000.0,8,3,exclude,launch,0,0.0,prior,0.0,sa,12600.0,43200.0,2920869.631954548,0,2576211.3247971353,344658.30715741223,0,15,0.9041100846350932,18,5.675501814258765,10.308872681581827,7580.990936890765,2167.5101983324107,3.4975572169041023,2.0055541267712877,270.760581722101,0.0,0.0015873015873015873,0.0,1.1403232889302433,7.341101694915254,0.7676438653637351,947.6321760769727,472,74.96172332763672
paper,100,1500000.0,4,5,exclude,launch,0,0.0,prior,0.0,sa,12600.0,43200.0,752893.6950838563,0,511301.7556991319,241591.93938472445,0,0,0.0,0,4.7892256724830355,9.38917318050346,8146.821061143593,2148.121642949153,3.792532461038303,2.013056195058999,303.3235991737921,0.0,0.017142857142857144,0.0,2.0695920232723837,14.549618320610687,0.7569593147751607,1737.5518025173028,131,39.99758791923523
paper,100,1500000.0,6,4,exclude,launch,0,0.0,prior,0.0,sa,12600.0,43200.0,1245145.9096927291,0,1025690.8214700475,219455.08822268175,0,4,0.5535192357985331,6,5.173189089213476,10.746120617219944,8052.7543083059945,2007.3590010338787,4.011616409500478,2.008013608413491,281.4949604409617,0.0,0.010958904109589041,0.0,1.4755750181044198,9.886446886446887,0.8385093167701864,1220.324443733331,273,54.19259238243103
paper,100,1500000.0,3,6,exclude,launch,0,0.0,prior,0.0,sa,12600.0,43200.0,1022528.4702034426,0,647363.580449318,375164.8897541246,0,0,0.0,0,4.539144524870068,8.54709881038949,8076.28272445257,2214.218788567741,3.647463731294902,2.0188771916363057,326.0436668251516,0.0,0.018867924528301886,0.0,2.5554374961259603,18.645569620253166,0.7144373673036093,2248.4911775511887,79,31.74114727973938
paper,100,1500000.0,5,5,exclude,launch,0,0.0,prior,0.0,sa,12600.0,43200.0,679566.2351104952,0,478939.1537246233,200627.08138587195,0,1,0.07190125099941079,1,4.979993034236023,8.876452013278262,8146.821061143593,2364.085300142313,3.4460774578028857,2.010394271198191,290.3883614635015,0.0,0.003816793893129771,0.0,1.7227706467171349,11.355329949238579,0.7957446808510639,1480.6475160098714,197,45.40981459617615
paper,100,1500000.0,2,7,exclude,launch,0,0.0,prior,0.0,sa,12600.0,43200.0,1636789.6154046485,0,940583.8724692365,696205.742935412,0,0,0.0,0,4.4430408326884985,12.468420647973776,7331.690553245741,1349.7889743397764,5.431730953967747,2.030763508806815,373.04621989302785,0.0,0.037037037037037035,0.0,3.358677355534607,25.7,0.6060606060606061,3210.0130866824834,40,23.4959659576416
paper,100,1500000.0,7,4,exclude,launch,0,0.0,prior,0.0,sa,12600.0,43200.0,1919115.5297135029,0,1644475.2945573623,274640.2351561405,0,8,0.770828020075126,8,5.275849835815664,11.021659284135373,8052.7543083059945,1996.6614827727344,4.033109456853574,2.0066268246816934,275.35959204077744,0.0,0.00205761316872428,0.0,1.290678104486256,8.117808219178082,0.8321243523316062,1113.5634040455773,365,61.245590925216675
paper,100,1500000.0,4,6,exclude,launch,0,0.0,prior,0.0,sa,12600.0,43200.0,776425.2359621347,0,516117.6855348522,260307.5504272825,0,0,0.0,0,4.8294086722960206,8.696827309119143,8076.28272445257,2318.5094487946562,3.483394354356096,2.0135962893863892,303.64710941132233,0.0,0.011428571428571429,0.0,2.064821542150787,14.458015267175572,0.7713052858683926,1750.4398557197576,131,39.764331579208374
paper,100,1500000.0,6,5,exclude,launch,0,0.0,prior,0.0,sa,12600.0,43200.0,1001614.6677397548,0,794357.0461030117,207257.6216367431,0,5,0.4378063862297816,5,5.1157169188969815,8.009373130445619,8146.821061143593,2691.758900940712,3.026579036590704,2.0091331897976143,282.12060980512194,0.0,0.0,0.0,1.4726643502012837,8.574545454545454,0.7820927723840345,1393.0790525457192,275,50.84508800506592
paper,100,1500000.0,2,8,exclude,launch,0,0.0,prior,0.0,sa,12600.0,43200.0,1555728.1747937405,0,945860.1243257959,609868.0504679446,0,0,0.0,0,4.078158970035374,16.136804830443037,8019.937817272908,1043.649321319615,7.6845139966481355,2.0293853993307733,372.04937656922067,0.0,0.07407407407407407,0.0,3.3600411267708297,25.05,0.6266044340723453,3262.2316058300094,40,22.636194944381714
paper,100,1500000.0,3,7,exclude,launch,0,0.0,prior,0.0,sa,12600.0,43200.0,979713.6966934564,0,613946.9630036966,365766.73368975974,0,0,0.0,0,4.979639792699182,12.57669646154221,7331.690553245741,1505.340038902864,4.870454756912792,2.0181245498417275,325.5621496088432,0.0,0.018867924528301886,0.0,2.5674420354845697,20.88607594936709,0.7302083333333333,2019.5409534126372,79,34.8258740901947
paper,100,1500000.0,7,5,exclude,launch,0,0.0,prior,0.0,sa,12600.0,43200.0,1664360.9296532169,0,1397792.2359108604,266568.69374235655,0,9,0.7089914605643666,12,5.217215859254475,7.691135893380965,8146.821061143593,2858.939875799322,2.849595099954961,2.0082719764278574,276.2603796676112,0.0,0.0020491803278688526,0.0,1.289665214625796,6.736986301369863,0.7756202804746494,1336.195382256607,365,55.094842195510864
paper,100,1500000.0,8,4,exclude,launch,0,0.0,prior,0.0,sa,12600.0,43200.0,3350970.2391661154,0,2909267.284306946,441702.954859169,0,16,0.8942190860202381,22,5.35552130609258,10.542983166515365,8052.7543083059945,2119.318698580378,3.7996901144222046,2.005612048430927,270.7917751775737,0.0,0.0,0.0,1.1502829416213647,6.696581196581197,0.7900723888314375,1048.1114076539843,468,69.95095133781433
paper,100,1500000.0,5,6,exclude,launch,0,0.0,prior,0.0,sa,12600.0,43200.0,611432.7400676862,0,430842.4835313649,180590.2565363213,0,0,0.0,0,5.021807856157848,8.448697275064028,8076.28272445257,2483.1056225987404,3.2524926249412562,2.010938772153049,290.7014260742582,0.0,0.0,0.0,1.7153854540106719,11.785714285714286,0.802801724137931,1429.1371720458103,196,47.844815254211426
paper,100,1500000.0,6,6,exclude,launch,0,0.0,prior,0.0,sa,12600.0,43200.0,817694.1670650383,0,628171.2957476161,189522.87131742225,0,1,0.31151021699236875,1,5.158693117706923,8.234934827371928,8076.28272445257,2617.6597289240253,3.0853065565447966,2.0094169170007805,282.27927378550584,0.0,0.0027247956403269754,0.0,1.4714953335606038,9.014545454545454,0.7980665950590763,1330.5043851298296,275,50.66786456108093
paper,100,1500000.0,4,7,exclude,launch,0,0.0,prior,0.0,sa,12600.0,43200.0,682386.0805098114,0,474695.2078824063,207690.87262740516,0,0,0.0,0,5.298696570341492,11.740516910448045,7331.690553245741,1718.1147261635224,4.267288116211597,2.0128098089719213,303.1760740375895,0.0,0.005681818181818182,0.0,2.056430867137533,16.189393939393938,0.7780126849894292,1552.7993689424754,132,43.170978307724
paper,100,1500000.0,8,5,exclude,launch,0,0.0,prior,0.0,sa,12600.0,43200.0,3622639.907964574,0,3138404.853542865,484235.05442170927,0,21,0.9036700267894872,24,5.295985535215037,7.8876378402377005,8146.821061143593,2831.145214493965,2.8775708923145946,2.006770025184273,271.4157754998882,0.0,0.0,0.0,1.141478582757321,5.651162790697675,0.7283422459893049,1232.2547710081053,473,64.69564604759216
paper,100,1500000.0,3,8,exclude,launch,0,0.0,prior,0.0,sa,12600.0,43200.0,884287.4250298337,0,579963.7750484379,304323.6499813958,0,0,0.0,0,4.5697338877021645,20.77508335213033,8019.937817272908,912.0844437293165,8.79297730863725,2.0163751405185653,324.44430573036476,0.0,0.009433962264150943,0.0,2.560116411476016,21.151898734177216,0.7620689655172413,1989.828318505722,79,35.229331254959106
paper,100,1500000.0,2,9,exclude,launch,0,0.0,prior,0.0,sa,12600.0,43200.0,1655368.9757945167,0,970373.5752519158,684995.4005426008,0,0,0.0,0,4.037233782028578,8.52672225568242,8104.8909320055,1974.4355632496822,4.104915390941312,2.0300727013503854,372.5463637125118,0.0,0.018518518518518517,0.0,3.3604180693733117,24.675,0.6206896551724138,3328.899855081418,40,21.712558031082153
paper,100,1500000.0,7,6,exclude,launch,0,0.0,prior,0.0,sa,12600.0,43200.0,1469945.974759284,0,1223013.2283398006,246932.74641948316,0,6,0.6187074300219558,10,5.261060781534796,7.276834526803591,8076.28272445257,3020.4677529825763,2.6738516630338474,2.00909897631536,276.7137513855891,0.0,0.002061855670103093,0.0,1.2942890484508167,6.567493112947658,0.7630434782608696,1380.9789224792191,363,54.79813289642334
paper,100,1500000.0,5,7,exclude,launch,0,0.0,prior,0.0,sa,12600.0,43200.0,584466.9067530228,0,407591.70962689526,176875.19712612758,0,0,0.0,0,5.510191930516621,11.456814293625788,7331.690553245741,1831.9161321919762,4.002197712224423,2.010084568381754,290.2103709249292,0.0,0.007662835249042145,0.0,1.7211633620552964,12.77948717948718,0.8160676532769556,1320.0562319763408,195,50.501267433166504
paper,100,1500000.0,8,6,exclude,launch,0,0.0,prior,0.0,sa,12600.0,43200.0,3700862.3273394527,0,3224139.6302497354,476722.69708971697,0,20,0.9002166967281268,24,5.340504760536344,7.392948529503145,8076.28272445257,3019.2412686562648,2.674937842263589,2.0076648305723674,271.89845221795264,0.0,0.0,0.0,1.140945117978993,5.397027600849257,0.7181136120042872,1295.8234955376379,471,62.7767219543457
paper,100,1500000.0,4,8,exclude,launch,0,0.0,prior,0.0,sa,12600.0,43200.0,670505.1058297608,0,455391.19134739536,215113.9144823655,0,0,0.0,0,4.86199391178668,18.69448915815607,8019.937817272908,1079.7368005121211,7.427678498564685,2.011456352357441,302.36632380515823,0.0,0.022857142857142857,0.0,2.0600541603547997,16.523076923076925,0.831002331002331,1536.613053630421,130,45.256980419158936
paper,100,1500000.0,6,7,exclude,launch,0,0.0,prior,0.0,sa,12600.0,43200.0,753166.5030587455,0,579346.7694808929,173819.73357785254,0,2,0.2647343965569481,3,5.6606685631717175,10.215065007805153,7331.690553245741,2111.0862728571515,3.472946912455172,2.0086131229331823,281.82989738935686,0.0,0.00546448087431694,0.0,1.476992774109738,9.711678832116789,0.8159574468085107,1238.2643780841263,274,54.20225167274475
paper,100,1500000.0,3,9,exclude,launch,0,0.0,prior,0.0,sa,12600.0,43200.0,1002128.7776449776,0,652820.3914779505,349308.38616702706,0,0,0.0,0,4.523769494990807,8.820578496845057,8104.8909320055,2147.002842338348,3.774979134717067,2.0175275289479067,325.18044696202753,0.0,0.0,0.0,2.568369811900199,18.397435897435898,0.6924803591470258,2281.0924247770186,78,30.462844133377075
paper,100,1500000.0,2,10,exclude,launch,0,0.0,prior,0.0,sa,12600.0,43200.0,1625014.8374097836,0,953496.9296045463,671517.9078052373,0,0,0.0,0,4.461729726757196,8.937599276655508,7299.469724120093,1883.3183261728846,3.875855516657898,2.0304488878627653,372.8185241302722,0.0,0.037037037037037035,0.0,3.3647874294811,26.275,0.6051227321237994,3105.011356582115,40,23.7222843170166
paper,100,1500000.0,7,7,exclude,launch,0,0.0,prior,0.0,sa,12600.0,43200.0,1380445.8369352825,0,1190863.3289684746,189582.50796680772,0,8,0.6584262025672784,9,5.773202999989176,9.181991323924036,7331.690553245741,2395.574723107938,3.0605142400792458,2.0075734110623795,275.8777069682464,0.0,0.00411522633744856,0.006172839506172839,1.294799007141107,7.337912087912088,0.7921108742004265,1233.7757724962244,364,59.029382944107056
paper,100,1500000.0,5,8,exclude,launch,0,0.0,prior,0.0,sa,12600.0,43200.0,572533.4401142629,0,408304.4210210886,164229.01909317425,0,0,0.0,0,5.0557167563673495,17.22348047703797,8019.937817272908,1219.3155276615223,6.577409731387604,2.008846573561229,289.49942300052794,0.0,0.0,0.0,1.723206931862594,12.817258883248732,0.8442622950819673,1313.1594337345055,197,52.33600926399231
paper,100,1500000.0,4,9,exclude,launch,0,0.0,prior,0.0,sa,12600.0,43200.0,786408.4505672986,0,520763.0673695094,265645.3831977892,0,0,0.0,0,4.813030662926464,8.802481764995793,8104.8909320055,2291.8992079475474,3.536320839895761,2.0125258633082153,303.00610438766716,0.0,0.011428571428571429,0.0,2.061867090317385,13.938931297709924,0.7700892857142857,1815.0650118274898,131,37.701904296875
paper,100,1500000.0,8,7,exclude,launch,0,0.0,prior,0.0,sa,12600.0,43200.0,2617242.88147526,0,2263257.332802806,353985.54867245426,0,15,0.8516957604040161,16,5.860538580538731,8.990264047911278,7331.690553245741,2484.205658787347,2.951321895315491,2.006534904407132,271.2890175815108,0.0,0.0,0.0,1.1477068300097,6.1617021276595745,0.7670212765957447,1136.839877511047,470,67.01368832588196
paper,100,1500000.0,6,8,exclude,launch,0,0.0,prior,0.0,sa,12600.0,43200.0,845710.6815474161,0,699899.1541353832,145811.527412033,0,2,0.39791916602562666,2,5.193544079713077,14.743448800619218,8019.937817272908,1463.6005768736015,5.4795945997809765,2.0073437696727483,281.12097029010386,0.0,0.0027397260273972603,0.0,1.479431422868757,9.87912087912088,0.8466898954703833,1224.1266165649972,273,55.65191292762756
paper,100,1500000.0,5,9,exclude,launch,0,0.0,prior,0.0,sa,12600.0,43200.0,765372.9294137602,0,509053.938955577,256318.99045818314,0,0,0.0,0,5.004764676919097,7.876347287636793,8104.8909320055,2663.9001470008247,3.0424905156938644,2.0106708946080083,290.54738693909394,0.0,0.011538461538461539,0.0,1.7277320096238615,10.082474226804123,0.7826576576576577,1675.3356915777001,194,42.78504943847656
paper,100,1500000.0,2,11,exclude,launch,0,0.0,prior,0.0,sa,12600.0,43200.0,1529228.083677028,0,877660.9800000817,651567.1036769465,0,0,0.0,0,3.8833197609592887,20.851124896630232,8440.41818863996,807.7012374674571,10.449926033424001,2.0293475659400815,372.02202892904376,0.0,0.05555555555555555,0.0,3.3631127019610307,25.55,0.599128540305011,3220.2163254080033,40,22.54012370109558
paper,100,1500000.0,3,10,exclude,launch,0,0.0,prior,0.0,sa,12600.0,43200.0,982527.1059010845,0,635492.3706218988,347034.7352791857,0,0,0.0,0,5.000639392598002,10.922323566372809,7299.469724120093,1733.9321072470693,4.209778280021195,2.0174465220010003,325.12867278217715,0.0,0.01904761904761905,0.0,2.5690952162397562,20.46153846153846,0.7385120350109409,2047.7441278757346,78,35.840529680252075
paper,100,1500000.0,6,9,exclude,launch,0,0.0,prior,0.0,sa,12600.0,43200.0,1426044.3911531155,0,1104091.132618456,321953.25853465963,0,5,0.4930594428963915,7,5.141176532529772,7.0211217186914325,8104.8909320055,3070.1028107182456,2.6399412109946163,2.0094814016952514,282.3153406947111,0.0,0.005479452054794521,0.0,1.4769466276026024,7.172161172161172,0.7477578475336323,1677.7514269687902,273,45.56008696556091
paper,100,1500000.0,7,8,exclude,launch,0,0.0,prior,0.0,sa,12600.0,43200.0,1804955.0728198325,0,1582361.9893273776,222593.0834924547,0,8,0.7761956323943059,9,5.2966164194117855,14.37856049838246,8019.937817272908,1531.0136865150187,5.238318826220523,2.0059659320718017,274.9981405570349,0.0,0.0,0.0,1.288625080755223,8.275482093663912,0.8438967136150235,1088.4557932673933,363,63.38953375816345
paper,100,1500000.0,7,9,exclude,launch,0,0.0,prior,0.0,sa,12600.0,43200.0,3382426.2302592616,0,2865365.617725332,517060.61253392964,0,21,0.8754789341313861,24,5.243190082753822,7.2004530592641816,8104.8909320055,3055.4617805865746,2.6525911675614404,2.0071570535656824,275.6497533169281,0.0,0.004106776180698152,0.008213552361396304,1.28733580748028,6.126027397260274,0.7046979865771812,1471.6583258705664,365,51.21482706069946
paper,100,1500000.0,4,10,exclude,launch,0,0.0,prior,0.0,sa,12600.0,43200.0,734464.6652003014,0,491779.5456244223,242685.11957587907,0,0,0.0,0,5.3210715548025425,10.338652518953756,7299.469724120093,1951.3915218559157,3.7406484769277695,2.012490162345169,302.9847371921872,0.0,0.011363636363636364,0.0,2.0581882151930304,15.969696969696969,0.7625668449197861,1577.018687995133,132,43.44308876991272
paper,100,1500000.0,3,11,exclude,launch,0,0.0,prior,0.0,sa,12600.0,43200.0,907395.4564217259,0,591199.4303428503,316196.02607887564,0,0,0.0,0,4.350923024536296,19.426109559617252,8440.41818863996,975.0922389563824,8.65602027319337,2.0170544609634975,324.87815204731737,0.0,0.02830188679245283,0.0,2.557591320130247,19.658227848101266,0.7091108671789242,2135.464302078932,79,32.39049768447876
paper,100,1500000.0,2,12,exclude,launch,0,0.0,prior,0.0,sa,12600.0,43200.0,1809806.3979076263,0,1036200.199910143,773606.1979974833,0,0,0.0,0,3.784141444534972,12.3112279549149,8671.083820102498,1368.2495273129393,6.337355611685361,2.0289436864010786,371.73014965771847,0.0,0.05555555555555555,0.0,3.370615757627796,25.075,0.6122905027932961,3271.0237963968543,40,23.244545459747314
paper,100,1500000.0,8,8,exclude,launch,0,0.0,prior,0.0,sa,12600.0,43200.0,3120380.9595476342,0,2842616.5649238625,277764.3946237722,0,18,0.9134800351979101,21,5.376607369244926,13.802184549209464,8019.937817272908,1619.4732786596787,4.952189037605136,2.0048648250804515,270.3894992453732,0.0,0.0,0.0,1.1461961466838941,7.438297872340425,0.8319623971797885,940.5884585530424,470,75.74807500839233
paper,100,1500000.0,5,10,exclude,launch,0,0.0,prior,0.0,sa,12600.0,43200.0,589327.9618836138,0,425299.83842776873,164028.12345584505,0,0,0.0,0,5.533479165584943,9.900692407750961,7299.469724120093,2119.9728612693634,3.4431901735522374,2.0099623417487527,290.14014058684404,0.0,0.0038314176245210726,0.0,1.7202539387454991,12.551020408163266,0.7960741548527808,1346.6243726546493,196,51.71247410774231
paper,100,1500000.0,8,9,exclude,launch,0,0.0,prior,0.0,sa,12600.0,43200.0,4895080.986449581,0,4226456.893054124,668624.0933954566,0,30,0.9399582825374984,34,5.322359198574674,7.516467399532216,8104.8909320055,2972.4826040748085,2.726640324453022,2.0057352774537662,270.85814560435125,0.0,0.0,0.0,1.1408157479279635,5.188559322033898,0.6503340757238307,1344.9397132083209,472,61.321768045425415
paper,100,1500000.0,4,11,exclude,launch,0,0.0,prior,0.0,sa,12600.0,43200.0,688132.6466223,0,457778.9359589978,230353.71066330225,0,0,0.0,0,4.62891794147708,17.435913131400184,8440.41818863996,1157.5204659606854,7.29180903219264,2.0117256057995334,302.5273273116612,0.0,0.017142857142857144,0.0,2.061646415533333,15.557251908396946,0.7900552486187845,1626.271293958979,131,42.35750079154968
paper,100,1500000.0,6,10,exclude,launch,0,0.0,prior,0.0,sa,12600.0,43200.0,831107.1764980027,0,646447.5427562308,184659.6337417719,0,2,0.367764783536201,2,5.684605100598778,9.22467988752389,7299.469724120093,2337.7722437062707,3.122404136575605,2.0085835893012174,281.8133928676222,0.0,0.005479452054794521,0.0,1.4782819805220198,9.871794871794872,0.8206521739130435,1228.4151021920718,273,54.48839974403381
paper,100,1500000.0,3,12,exclude,launch,0,0.0,prior,0.0,sa,12600.0,43200.0,1065932.7912951834,0,682736.1160856598,383196.6752095237,0,0,0.0,0,4.239561274009592,12.076012280235503,8671.083820102498,1568.8062263475456,5.527186005814301,2.0167696989940054,324.69625423404494,0.0,0.03773584905660377,0.0,2.565070688182656,19.455696202531644,0.7192393736017897,2152.482875474089,79,32.793925046920776
paper,100,1500000.0,5,11,exclude,launch,0,0.0,prior,0.0,sa,12600.0,43200.0,908214.7465355352,0,702929.863026203,205284.88350933217,0,2,0.35340961808183186,3,4.8131804199631985,13.988958012880289,8440.41818863996,1501.0457606781667,5.623025233305753,2.009113589595094,289.6526895517852,0.0,0.007662835249042145,0.0,1.7213385919999031,11.571428571428571,0.789010989010989,1458.8137250251373,196,45.733397483825684
paper,100,1500000.0,7,10,exclude,launch,0,0.0,prior,0.0,sa,12600.0,43200.0,1729208.1819382405,0,1479357.4816612694,249850.70027697124,0,6,0.7301691458310517,9,5.797625248428998,8.52851732857974,7299.469724120093,2578.9628700492403,2.8303896147138885,2.007702729442875,275.94852731212285,0.0,0.002053388090349076,0.0,1.2919174754149108,7.7349726775956285,0.8124318429661941,1165.301686255687,366,61.44631910324097
paper,100,1500000.0,4,12,exclude,launch,0,0.0,prior,0.0,sa,12600.0,43200.0,785740.6356616785,0,532962.054105653,252778.58155602563,0,0,0.0,0,4.510306573063016,11.77567890753901,8671.083820102498,1713.8647252294084,5.059374694196962,2.0117760035067507,302.5574680204183,0.0,0.0,0.0,2.0633681472090073,15.053435114503817,0.7837837837837838,1680.0707022937663,131,40.375303745269775
paper,100,1500000.0,6,11,exclude,launch,0,0.0,prior,0.0,sa,12600.0,43200.0,1485395.0836407703,0,1294895.0209392149,190500.06270155532,0,6,0.7004130836318557,7,4.944274811686298,14.549753438836442,8440.41818863996,1483.245235405041,5.690507535212187,2.0071268311897796,280.99990061798894,0.0,0.0027247956403269754,0.0,1.4693628287954423,9.603636363636364,0.8057395143487859,1253.0854974890897,275,52.945796251297
paper,100,3000000.0,4,1,exclude,launch,0,0.0,prior,0.0,sa,12600.0,43200.0,764904.3611676412,0,493026.0690463005,271878.2921213408,0,0,0.0,0,8.013223561375513,15.09178253254703,8169.591647266075,2246.6032382432795,3.6364194211943928,2.016042807610936,362.46709317748986,0.0,0.02857142857142857,0.0,3.4499862120976563,23.68831168831169,0.7683189655172413,1811.2331310577279,77,41.934983253479004
paper,100,1500000.0,5,12,exclude,launch,0,0.0,prior,0.0,sa,12600.0,43200.0,830393.5482411016,0,606286.7690296018,224106.77921149982,0,1,0.1762075496489083,1,4.689761428767183,9.822098470164459,8671.083820102498,2137.245481261404,4.057130496298823,2.0096716167069433,289.9731267082274,0.0,0.0038314176245210726,0.0,1.7224119510089995,11.525510204081632,0.7990970654627539,1463.0184026232234,196,46.04644060134888
paper,100,1500000.0,8,10,exclude,launch,0,0.0,prior,0.0,sa,12600.0,43200.0,3105263.3103118245,0,2811847.0254067346,293416.2849050905,0,16,0.8987891546684526,17,5.88533785225543,8.943757560131946,7299.469724120093,2497.547542683887,2.922654964267874,2.006194015645367,271.10529078450253,0.0,0.0,0.0031847133757961785,1.1412108850271425,6.779661016949152,0.7954048140043763,1025.2039881475944,472,71.15096735954285
paper,100,1500000.0,7,11,exclude,launch,0,0.0,prior,0.0,sa,12600.0,43200.0,1846832.423540534,0,1675550.641170169,171281.7823703651,0,9,0.7864428157424348,11,5.042310873073845,12.17729350195349,8440.41818863996,1807.4542793044177,4.669782403507423,2.0063187927191004,275.19109548195604,0.0,0.006185567010309278,0.0,1.2940429607847421,7.856749311294766,0.8073089700996677,1154.952008683782,363,61.014867067337036
paper,100,1500000.0,6,12,exclude,launch,0,0.0,prior,0.0,sa,12600.0,43200.0,1371821.4977601587,0,1125936.2163886146,245885.2813715442,0,4,0.5594461394952049,4,4.817434329856389,8.997082999175062,8671.083820102498,2397.2591600677492,3.6170823599470334,2.008291261965608,281.65005525156926,0.0,0.0027472527472527475,0.0,1.4787483526175225,8.772058823529411,0.800453514739229,1379.403954031192,272,51.058024883270264
paper,100,3000000.0,5,1,exclude,launch,0,0.0,prior,0.0,sa,12600.0,43200.0,573364.0131811778,0,397011.40614434896,176352.60703682882,0,0,0.0,0,8.566304966522688,14.941582497558041,8169.591647266075,2427.3453881820487,3.3656486164025714,2.0120272871671228,336.847746745967,0.0,0.0196078431372549,0.0,2.964142126251393,20.38938053097345,0.8088552915766739,1436.39334679049,113,50.2911958694458
paper,100,1500000.0,7,12,exclude,launch,0,0.0,prior,0.0,sa,12600.0,43200.0,2036982.1288379664,0,1702992.926897341,333989.2019406254,0,8,0.7032546694813214,13,4.9129111394696885,8.18610690348829,8671.083820102498,2686.838435915509,3.227244222873389,2.0077011647195677,275.94767034757484,0.0,0.002066115702479339,0.0,1.2955531532450675,6.524861878453039,0.7905405405405406,1388.462160619138,362,54.68322801589966
paper,100,3000000.0,3,2,exclude,launch,0,0.0,prior,0.0,sa,12600.0,43200.0,1061810.9623872458,0,662755.8993788229,399055.0630084228,0,0,0.0,0,6.980348398231231,23.027483499108786,8478.86425558954,1327.5381295486043,6.386908267917369,2.02264767551214,405.92854263164514,0.0,0.09090909090909091,0.0,4.097341238444921,30.875,0.7231270358306189,2183.8966188883646,48,33.5990309715271
paper,100,3000000.0,6,1,exclude,launch,0,0.0,prior,0.0,sa,12600.0,43200.0,466391.81575642363,0,333648.38597536203,132743.42978106157,0,0,0.0,0,8.978756705616414,14.998203951380672,8169.591647266075,2535.369738152306,3.2222486228851985,2.0095489812765654,320.1008872095836,0.0,0.019138755980861243,0.0,2.597495661300105,17.38064516129032,0.8246187363834423,1228.716461774924,155,59.650274991989136
paper,100,3000000.0,4,2,exclude,launch,0,0.0,prior,0.0,sa,12600.0,43200.0,825387.1723019469,0,523350.4091079525,302036.76319399447,0,0,0.0,0,7.73285960917841,25.62146459176288,8478.86425558954,1324.0707250102723,6.403633956580197,2.014890890961196,361.645680550777,0.0,0.10476190476190476,0.0,3.445573526851484,25.2987012987013,0.7735042735042735,1693.796542614512,77,43.321725368499756
paper,100,3000000.0,7,1,exclude,launch,0,0.0,prior,0.0,sa,12600.0,43200.0,410489.5253778109,0,297826.99149722274,112662.53388058807,0,0,0.0,0,9.298154638640247,15.968594384079076,8169.591647266075,2466.3787071887027,3.3123833024727047,2.0078786011146406,308.2930877787535,0.0,0.003663003663003663,0.0,2.304045145058507,15.152709359605911,0.8382193268186754,1068.6626533851113,203,64.69474768638611
paper,100,3000000.0,5,2,exclude,launch,0,0.0,prior,0.0,sa,12600.0,43200.0,610449.8425626977,0,414407.1404623268,196042.70210037092,0,0,0.0,0,8.266196216129579,23.734390190797388,8478.86425558954,1528.8694908950708,5.545839135442242,2.0110068411138964,336.1687894473481,0.0,0.0457516339869281,0.0,2.9695020063281703,22.469026548672566,0.807733619763695,1310.7403426845708,113,55.204017877578735
paper,100,3000000.0,8,1,exclude,launch,0,0.0,prior,0.0,sa,12600.0,43200.0,353783.1239690844,0,266562.93278667633,87220.1911824081,0,0,0.0,0,9.552793051852042,15.538659110548306,8169.591647266075,2603.9665210284143,3.1373643175871417,2.0068881984957425,299.6412695286895,0.0,0.0028653295128939827,0.0,2.0741431769911145,13.233716475095786,0.8655097613882863,958.917691346041,261,71.03830409049988
paper,100,3000000.0,6,2,exclude,launch,0,0.0,prior,0.0,sa,12600.0,43200.0,505240.7203981525,0,361677.22694178147,143563.49345637107,0,0,0.0,0,8.66391469665057,23.828172817470836,8478.86425558954,1596.5702379658455,5.3106741275549965,2.0086320272878333,319.51966828415124,0.0,0.03333333333333333,0.0,2.5971772765701644,18.493589743589745,0.8363832077502691,1146.7014782006088,156,60.89005160331726
paper,100,3000000.0,9,1,exclude,launch,0,0.0,prior,0.0,sa,12600.0,43200.0,310971.76911526144,0,244627.13274910115,66344.6363661603,0,0,0.0,0,9.76055238745394,15.838722873720759,8169.591647266075,2610.1936512668917,3.129879518058308,2.0060685257797077,292.90562609324877,0.0,0.004640371229698376,0.0,1.8855044818887081,11.65015479876161,0.8773072747014115,884.9224493478974,323,79.11801218986511
paper,100,3000000.0,4,3,exclude,launch,0,0.0,prior,0.0,sa,12600.0,43200.0,744107.3300007858,0,484257.4949230525,259849.83507773327,0,0,0.0,0,8.607132499494769,20.940943923712336,7580.990936890765,1620.0957084744505,4.679347582513715,2.014789797932864,361.5736372671166,0.0,0.06666666666666667,0.0,3.4458838218842134,27.038961038961038,0.7421383647798742,1589.0595201233828,77,44.95136785507202
paper,100,3000000.0,10,1,exclude,launch,0,0.0,prior,0.0,sa,12600.0,43200.0,296396.13408198766,0,234184.58808281613,62211.545999171554,0,0,0.0,1,9.93328601719594,14.560148209307892,8169.591647266075,2889.161891663618,2.827668352832217,2.0057468197511406,287.72314039168947,0.0,0.0019230769230769232,0.0,1.7295568286717231,10.056410256410256,0.8770581778265643,841.5672932497388,390,82.97904324531555
paper,100,3000000.0,7,2,exclude,launch,0,0.0,prior,0.0,sa,12600.0,43200.0,431276.22288767336,0,314754.1280911922,116522.09479648112,0,0,0.0,0,8.971898515629011,23.86985576417474,8478.86425558954,1650.6249315004482,5.136760080245546,2.0070847352334136,307.8076186434246,0.0,0.02197802197802198,0.0,2.3103337277948537,16.36945812807882,0.8636859323882224,991.1489276009634,203,70.45373392105103
paper,100,3000000.0,11,1,exclude,launch,0,0.0,prior,0.0,sa,12600.0,43200.0,979134.8520961191,0,889312.2312181,89822.62087801905,0,4,0.7507462155599522,4,10.07916210363633,15.416392576888965,8169.591647266075,2769.098417494943,2.9502713213987795,2.0049605050558403,283.1928315172242,0.0,0.0,0.0,1.577547667551514,8.872068230277186,0.8681318681318682,796.5927215112597,469,83.48332333564758
paper,100,3000000.0,5,3,exclude,launch,0,0.0,prior,0.0,sa,12600.0,43200.0,593580.4623291831,0,411140.5204604462,182439.94186873693,0,0,0.0,0,9.202134741516693,20.7362120197989,7580.990936890765,1749.9942129706333,4.332009146488521,2.010925599733252,336.1147646511404,0.0,0.0457516339869281,0.0,2.965359339520941,21.893805309734514,0.7661375661375661,1341.401665809271,113,54.01698327064514
paper,100,3000000.0,12,1,exclude,launch,0,0.0,prior,0.0,sa,12600.0,43200.0,974926.2922433343,0,893208.7078351321,81717.58440820228,0,4,0.7444506576528417,7,10.203992364343435,13.959325448875736,8169.591647266075,3095.1828350720934,2.639453655110422,2.005038273796786,279.83564629026836,0.0,0.0,0.0,1.4744024816163006,7.494525547445256,0.8802197802197802,804.2620873221321,548,88.83502268791199
paper,100,3000000.0,8,2,exclude,launch,0,0.0,prior,0.0,sa,12600.0,43200.0,376342.4564154638,0,284278.9027224298,92063.5536930341,0,0,0.0,0,9.217434211972826,23.68785471420007,8478.86425558954,1708.8478908484258,4.961743114174936,2.0060556521784774,299.1459571383885,0.0,0.011560693641618497,0.0,2.076712101086108,14.255813953488373,0.8560523446019629,899.6758458008136,258,77.90311002731323
paper,100,3000000.0,6,3,exclude,launch,0,0.0,prior,0.0,sa,12600.0,43200.0,473867.8750431921,0,347813.36595562834,126054.50908756381,0,0,0.0,0,9.645869407813079,19.41052114514501,7580.990936890765,1959.8783759187543,3.868092545965735,2.0086896261825853,319.55616227747146,0.0,0.02857142857142857,0.0,2.598711887873764,18.73076923076923,0.8161530286928799,1137.5118236681524,156,62.96602272987366
paper,100,3000000.0,13,1,exclude,launch,0,0.0,prior,0.0,sa,12600.0,43200.0,1604761.6943857793,0,1465654.6848534998,139107.0095322795,0,9,0.8782082031793542,10,10.312024620529714,14.726059938762361,8169.591647266075,2965.5956253892737,2.7547894855670716,2.0043070202514177,276.5549873240608,0.0,0.0,0.0,1.3656626511856456,7.200934579439252,0.8849945235487404,716.8806061229814,642,99.36605072021484
paper,100,3000000.0,7,3,exclude,launch,0,0.0,prior,0.0,sa,12600.0,43200.0,453274.8754090313,0,321263.5487470631,132011.3266619682,0,0,0.0,0,9.989504004301985,19.08922330688773,7580.990936890765,2063.8492192647263,3.6732290644718675,2.0072324962881316,307.89794930455645,0.0,0.018315018315018316,0.0,2.300233380052798,15.45320197044335,0.8336886993603412,1037.5804060561338,203,67.45397996902466
paper,100,3000000.0,9,2,exclude,launch,0,0.0,prior,0.0,sa,12600.0,43200.0,342415.914821199,0,258351.3602656092,84064.55455558981,0,0,0.0,0,9.417764835583483,23.115846193106222,8478.86425558954,1789.1536248359628,4.739036457177856,2.0053086375117757,292.46332721001914,0.0,0.009302325581395349,0.0,1.8896976865205322,12.697819314641745,0.8779956427015251,813.8078798098888,321,86.83517503738403
paper,100,3000000.0,10,2,exclude,launch,0,0.0,prior,0.0,sa,12600.0,43200.0,499685.54850443103,0,409737.27779915195,89948.27070527908,0,1,0.39968468175110833,1,9.584320945442101,21.73916828772068,8478.86425558954,1936.001305359016,4.379575691462255,2.0047730500486884,287.166259798512,0.0,0.007662835249042145,0.0,1.7254622007782439,11.05626598465473,0.8925438596491229,765.8437599185783,391,84.1761417388916
paper,100,3000000.0,4,4,exclude,launch,0,0.0,prior,0.0,sa,12600.0,43200.0,860960.7477755123,0,544868.1819400368,316092.5658354754,0,0,0.0,0,8.124504071678478,25.734100886146056,8052.7543083059945,1318.0942367985394,6.109391941402438,2.0151677682581863,361.84303208495214,0.0,0.10476190476190476,0.0,3.463770028619592,25.38961038961039,0.7750511247443763,1696.0424995040225,77,44.48648166656494
paper,100,3000000.0,8,3,exclude,launch,0,0.0,prior,0.0,sa,12600.0,43200.0,377924.4415943686,0,277510.81544038304,100413.62615398564,0,0,0.0,0,10.263471802735333,19.903713942202817,7580.990936890765,2033.6584068905952,3.7277602330874635,2.00613422353901,299.1926846183719,0.0,0.011560693641618497,0.0,2.0790450101653004,14.12015503875969,0.8333333333333334,910.3411136003875,258,77.68736338615417
paper,100,3000000.0,11,2,exclude,launch,0,0.0,prior,0.0,sa,12600.0,43200.0,491034.12141736,0,430591.2659091696,60442.85550819031,0,2,0.4476030074469001,2,9.72497920024041,21.180708911016342,8478.86425558954,2016.1031799913376,4.205570597644695,2.004350774347608,282.84929765060684,0.0,0.0016129032258064516,0.0,1.5899381779688813,9.952586206896552,0.8867102396514162,716.9401140544072,464,92.03062057495117
paper,100,3000000.0,12,2,exclude,launch,0,0.0,prior,0.0,sa,12600.0,43200.0,532880.1326026004,0,475440.341980929,57439.79062167136,0,3,0.532708986089843,4,9.84534382896256,20.051746068767287,8478.86425558954,2155.7932345877234,3.9330600539763956,2.0040756310551737,279.2998403382877,0.0,0.0027397260273972603,0.0,1.473142731505978,8.877737226277372,0.891566265060241,679.3155032272704,548,98.17754006385803
paper,100,3000000.0,5,4,exclude,launch,0,0.0,prior,0.0,sa,12600.0,43200.0,652320.0295833448,0,441594.96299578465,210725.06658756017,0,0,0.0,0,8.68543039972593,25.576966023430156,8052.7543083059945,1418.6662824358202,5.676285119344335,2.0110958350433106,336.2279746022345,0.0,0.0457516339869281,0.0,2.9656377213897605,22.15929203539823,0.814663951120163,1322.3031996102202,113,54.371479511260986
paper,100,3000000.0,9,3,exclude,launch,0,0.0,prior,0.0,sa,12600.0,43200.0,314075.57424704236,0,244114.67906811618,69960.89517892616,0,0,0.0,0,10.487006276994054,20.593261495080174,7580.990936890765,2008.2973785979786,3.7748348514915473,2.005328368461261,292.4748075366554,0.0,0.009302325581395349,0.0,1.8854401706027522,13.012422360248447,0.8680257510729614,790.4806670393575,322,85.59733891487122
paper,100,3000000.0,6,4,exclude,launch,0,0.0,prior,0.0,sa,12600.0,43200.0,541086.8858486984,0,380232.23370160884,160854.65214708957,0,0,0.0,0,9.103736085781712,22.06939894049071,8052.7543083059945,1723.5890133999392,4.672084960916054,2.0088843301884696,319.6795399116525,0.0,0.023809523809523808,0.0,2.59709689887236,18.621794871794872,0.8498985801217038,1142.1105485146447,156,61.364556074142456
paper,100,3000000.0,10,3,exclude,launch,0,0.0,prior,0.0,sa,12600.0,43200.0,295819.3644824438,0,231393.14982086112,64426.214661582664,0,0,0.0,0,10.67285839807911,19.356205832650257,7580.990936890765,2174.204206692564,3.4867888276341326,2.004902338631414,287.2401664531585,0.0,0.009633911368015413,0.0,1.7372968068775476,11.368556701030927,0.8821621621621621,751.3540775407024,388,90.99114346504211
paper,100,3000000.0,4,5,exclude,launch,0,0.0,prior,0.0,sa,12600.0,43200.0,769224.503681168,0,507721.73323280434,261502.77044836356,0,0,0.0,0,8.034671369641073,17.01742092599301,8146.821061143593,1992.6192375422515,4.0884986492412345,2.0158054192268517,362.2977392387581,0.0,0.09433962264150944,0.0,3.4477024675165056,24.025641025641026,0.7539766702014846,1781.156853993359,78,42.505019664764404
paper,100,3000000.0,7,4,exclude,launch,0,0.0,prior,0.0,sa,12600.0,43200.0,457600.099473872,0,330275.9035071307,127324.1959667413,0,0,0.0,0,9.427669277125744,22.54655898485645,8052.7543083059945,1747.3212308705843,4.608628434219732,2.007293504952421,307.9352495536769,0.0,0.018315018315018316,0.0,2.3115993696572086,16.29064039408867,0.8654434250764526,1000.6412137633971,203,69.54622077941895
paper,100,3000000.0,11,3,exclude,launch,0,0.0,prior,0.0,sa,12600.0,43200.0,277478.9972292967,0,224080.8357101792,53398.16151911749,0,0,0.0,2,10.829815205475738,17.750190352767092,7580.990936890765,2405.401717443272,3.151652749690677,2.0046397744306046,283.01209979772733,0.0,0.0016207455429497568,0.0,1.6007673525874575,9.818181818181818,0.8735262593783494,728.6112580590461,462,95.74965715408325
paper,100,3000000.0,5,5,exclude,launch,0,0.0,prior,0.0,sa,12600.0,43200.0,604316.2110210021,0,413257.5873390405,191058.62368196168,0,0,0.0,0,8.589264426773036,16.97541590496399,8146.821061143593,2136.9118013796297,3.812427380429953,2.0116620317414338,336.60464408254757,0.0,0.0392156862745098,0.0,2.9649011571187884,20.424778761061948,0.7946808510638298,1438.9575095278824,113,51.24679374694824
paper,100,3000000.0,12,3,exclude,launch,0,0.0,prior,0.0,sa,12600.0,43200.0,694308.0447518183,0,599678.1270366337,94629.91771518457,0,2,0.6134245121790908,6,10.964128945743994,17.362759456439136,7580.990936890765,2489.390748572377,3.04531980013115,2.0042947468061483,279.4217548036644,0.0,0.0013698630136986301,0.0,1.4769795070135576,8.295620437956204,0.8736501079913607,729.5835982715075,548,95.74984192848206
paper,100,3000000.0,8,4,exclude,launch,0,0.0,prior,0.0,sa,12600.0,43200.0,400410.2108859126,0,294487.45655966137,105922.7543262512,0,0,0.0,0,9.685924604250506,20.98130041778572,8052.7543083059945,1929.0111813422886,4.174550353151682,2.0063420125605314,299.31627722333934,0.0,0.02023121387283237,0.0,2.081947737872875,14.36046511627907,0.8715025906735752,893.1354813969308,258,75.00469088554382
paper,100,3000000.0,6,5,exclude,launch,0,0.0,prior,0.0,sa,12600.0,43200.0,513330.1887830118,0,355839.69231866056,157490.49646435125,0,0,0.0,0,9.002844164846408,17.257471148305793,8146.821061143593,2203.7758029136703,3.6967558362209374,2.0092528237580556,319.9131075553854,0.0,0.01904761904761905,0.0,2.596444814586624,17.5,0.8237179487179487,1211.4216849345075,156,57.407658100128174
paper,100,3000000.0,13,3,exclude,launch,0,0.0,prior,0.0,sa,12600.0,43200.0,1476518.186919154,0,1285179.7554000893,191338.43151906485,0,7,0.8497578987950187,8,11.080369540218642,17.42131646698575,7580.990936890765,2507.3778577112153,3.023473671340005,2.0038351363267597,276.29516400040336,0.0,0.0,0.0,1.3712529560744606,7.650943396226415,0.8612903225806452,677.9596364326329,636,102.4740309715271
paper,100,3000000.0,9,4,exclude,launch,0,0.0,prior,0.0,sa,12600.0,43200.0,353734.28696747805,0,266914.1554508558,86820.13151662223,0,0,0.0,0,9.896635735660466,21.447266407424664,8052.7543083059945,1928.170465217166,4.1763705302886835,2.005493600850933,292.57095578882684,0.0,0.011627906976744186,0.0,1.8876823597385417,12.822429906542055,0.8988648090815273,805.1160200125171,321,84.54068899154663
paper,100,3000000.0,7,5,exclude,launch,0,0.0,prior,0.0,sa,12600.0,43200.0,440545.9810872153,0,317606.3537202528,122939.62736696251,0,0,0.0,0,9.323115993744286,17.005124171476588,8146.821061143593,2316.192623376649,3.517333134956105,2.007749015345202,308.21381666677416,0.0,0.014652014652014652,0.0,2.3102875565984973,14.891625615763546,0.8445154419595314,1087.683138148737,203,63.70714449882507
paper,100,3000000.0,10,4,exclude,launch,0,0.0,prior,0.0,sa,12600.0,43200.0,326454.3510325735,0,251713.43280400464,74740.91822856887,0,0,0.0,0,10.071824025952568,19.35429363179982,8052.7543083059945,2174.2122831034576,3.703757158804908,2.0050929744127677,287.3491590297327,0.0,0.009615384615384616,0.0,1.736493498905023,11.167095115681233,0.8953846153846153,764.1367788662467,389,90.34066987037659
paper,100,3000000.0,11,4,exclude,launch,0,0.0,prior,0.0,sa,12600.0,43200.0,480674.60989213013,0,386493.63537636393,94180.97451576623,0,1,0.32914499754557464,3,10.21977345475906,18.354229646749822,8052.7543083059945,2326.1397863209586,3.461853133530851,2.0047259113641416,283.06063229687044,0.0,0.006462035541195477,0.0,1.6000665914445202,9.367170626349893,0.8844169246646026,763.9865940288972,463,88.24804067611694
paper,100,3000000.0,4,6,exclude,launch,0,0.0,prior,0.0,sa,12600.0,43200.0,745471.5845311239,0,513084.01643504674,232387.56809607722,0,0,0.0,0,8.101846836439723,14.320408894479876,8076.28272445257,2366.9332199736136,3.412129525370641,2.0166254551071283,362.8829242745345,0.0,0.02857142857142857,0.0,3.446174981809385,24.454545454545453,0.7571884984025559,1753.207024048181,77,42.622050046920776
paper,100,3000000.0,8,5,exclude,launch,0,0.0,prior,0.0,sa,12600.0,43200.0,372947.711295708,0,276366.03849958297,96581.67279612506,0,0,0.0,0,9.578451344966071,16.511025095568467,8146.821061143593,2450.7915327985147,3.324159134759571,2.006742764658463,299.5547160612397,0.0,0.014367816091954023,0.0,2.0748581319332464,13.392307692307693,0.8528464017185822,956.6007626494285,260,71.37700128555298
paper,100,3000000.0,12,4,exclude,launch,0,0.0,prior,0.0,sa,12600.0,43200.0,977524.9582662019,0,857779.0412106075,119745.91705559439,0,4,0.7275720066341244,6,10.346378178426953,17.7704581481938,8052.7543083059945,2432.1685265188394,3.3109359900450217,2.0043848852092565,279.4719149008648,0.0,0.00273224043715847,0.0,1.4751900107586582,8.539162112932605,0.8872802481902792,703.2030508047536,549,94.39978957176208
paper,100,3000000.0,5,6,exclude,launch,0,0.0,prior,0.0,sa,12600.0,43200.0,579702.1344111166,0,405407.99722207704,174294.1371890395,0,0,0.0,0,8.661175536061995,15.653644561606116,8076.28272445257,2316.7416910102024,3.48605231035962,2.012189867128819,336.95598314111555,0.0,0.045454545454545456,0.0,2.960556757114689,21.37719298245614,0.7909186906019008,1360.065910514754,114,52.68109107017517
paper,100,3000000.0,9,5,exclude,launch,0,0.0,prior,0.0,sa,12600.0,43200.0,334009.8808303932,0,253192.3962965037,80817.4845338895,0,0,0.0,0,9.786779456212686,16.75936530661307,8146.821061143593,2466.9385362265575,3.302401313007585,2.0059622536760378,292.8437494869582,0.0,0.009280742459396751,0.0,1.8888645678106213,11.885448916408668,0.8660998937300743,865.5632716749441,323,78.9603214263916
paper,100,3000000.0,13,4,exclude,launch,0,0.0,prior,0.0,sa,12600.0,43200.0,1409338.8663059066,0,1262566.9461621402,146771.9201437664,0,6,0.8404112527021483,7,10.455946293387571,18.085863348079712,8052.7543083059945,2415.0559921896916,3.334396525111078,2.0039934355110867,276.3823112740452,0.0,0.0011792452830188679,0.0,1.372940315429556,7.932283464566929,0.8985507246376812,654.6625801163508,635,102.8852128982544
paper,100,3000000.0,10,5,exclude,launch,0,0.0,prior,0.0,sa,12600.0,43200.0,308443.53188763844,0,240268.81577841134,68174.71610922705,0,0,0.0,1,9.959986068472046,15.357528093781912,8146.821061143593,2739.337706609922,2.9740112150048574,2.0056118725651197,287.64593443382785,0.0,0.011560693641618497,0.0,1.7316169742278316,10.324742268041238,0.879144385026738,825.2164642840075,388,83.74632382392883
paper,100,3000000.0,6,6,exclude,launch,0,0.0,prior,0.0,sa,12600.0,43200.0,514916.15573575,0,359321.0601533711,155595.09558237888,0,0,0.0,0,9.078289049740135,15.472507188172315,8076.28272445257,2457.400112862722,3.2865151597328572,2.0097525418026247,320.2299873829552,0.0,0.03333333333333333,0.0,2.595669594580884,17.794871794871796,0.8076109936575053,1191.2144980907126,156,58.66913676261902
paper,100,3000000.0,11,5,exclude,launch,0,0.0,prior,0.0,sa,12600.0,43200.0,486710.82412819477,0,397225.110191979,89485.7139362158,0,3,0.4305766114837134,4,10.106261661389114,15.59461643664139,8146.821061143593,2737.3626258709764,2.976157044064058,2.005025700360536,283.22957612901774,0.0,0.00482315112540193,0.0,1.5882184039606217,8.935622317596566,0.8577586206896551,793.6829174501022,466,85.18060278892517
paper,100,3000000.0,4,7,exclude,launch,0,0.0,prior,0.0,sa,12600.0,43200.0,757460.2781579834,0,504564.9833212844,252895.29483669906,0,0,0.0,0,8.886081665376997,19.573531099833268,7331.690553245741,1732.0730635197517,4.2328991239820954,2.0161891836311296,362.5715382105922,0.0,0.0761904761904762,0.0,3.44543007958766,25.623376623376622,0.7632398753894081,1675.33458180919,77,44.020766258239746
paper,100,3000000.0,7,6,exclude,launch,0,0.0,prior,0.0,sa,12600.0,43200.0,412207.7338660345,0,310648.9689873772,101558.76487865731,0,0,0.0,0,9.401298618521254,15.49216173861837,8076.28272445257,2541.8718745069505,3.177297331722959,2.0081595971088966,308.46501562542545,0.0,0.01098901098901099,0.0,2.3102197602875956,15.733990147783251,0.83745963401507,1035.2482457537449,203,65.72757887840271
paper,100,3000000.0,12,5,exclude,launch,0,0.0,prior,0.0,sa,12600.0,43200.0,690168.5309022681,0,610172.1845260604,79996.34637620776,0,5,0.6189129788028676,5,10.231433837793963,14.875745012179621,8146.821061143593,2904.8688063781947,2.804540102897484,2.004786640474001,279.69553787797105,0.0,0.001366120218579235,0.0,1.4714046523576927,7.673952641165756,0.8675213675213675,784.2458254475215,549,90.93557524681091
paper,100,3000000.0,8,6,exclude,launch,0,0.0,prior,0.0,sa,12600.0,43200.0,354062.4647663618,0,271828.9467935721,82233.5179727897,0,0,0.0,0,9.658817344592041,16.381909215001066,8076.28272445257,2469.8503011027933,3.2699482721064075,2.006951920460703,299.67919694642933,0.0,0.011494252873563218,0.0,2.074590959163314,14.007692307692308,0.8554852320675106,912.407963340731,260,72.46448802947998
paper,100,3000000.0,5,7,exclude,launch,0,0.0,prior,0.0,sa,12600.0,43200.0,588256.3377079098,0,402926.14976300846,185330.18794490126,0,0,0.0,0,9.50081772516463,21.966832202536615,7331.690553245741,1651.301010266222,4.439947960828613,2.011723832190063,336.64577037324295,0.0,0.026143790849673203,0.0,2.955331934740135,22.150442477876105,0.805439330543933,1319.4490338920095,113,54.278319358825684
paper,100,3000000.0,13,5,exclude,launch,0,0.0,prior,0.0,sa,12600.0,43200.0,910017.2911667612,0,796347.7560966288,113669.53507013244,0,6,0.7226982445936699,8,10.339762033383213,14.664569899692252,8146.821061143593,2977.590613195035,2.7360447151604346,2.0046032363606674,276.71814883079463,0.0,0.0011806375442739079,0.0,1.3776570586236445,6.8878357030015795,0.8571428571428571,757.6956434328052,633,95.67249608039856
paper,100,3000000.0,9,6,exclude,launch,0,0.0,prior,0.0,sa,12600.0,43200.0,323710.92690166604,0,252873.58229226482,70837.34460940122,0,0,0.0,0,9.868927327516678,15.914039789336512,8076.28272445257,2597.634661558218,3.1090910681057546,2.0062273330890252,292.99810334384927,0.0,0.002325581395348837,0.0,1.8853115967801626,12.127329192546584,0.8704496788008566,853.2972235533025,322,80.27798867225647
paper,100,3000000.0,6,7,exclude,launch,0,0.0,prior,0.0,sa,12600.0,43200.0,496447.97112149344,0,354970.0037915299,141477.96732996352,0,0,0.0,0,9.959279585398365,19.224093239475522,7331.690553245741,1978.08350973664,3.70646159131162,2.009503037299731,320.07175266857024,0.0,0.03349282296650718,0.0,2.600936695143471,18.4,0.8328141225337488,1162.610875281255,155,60.647056102752686
paper,100,3000000.0,10,6,exclude,launch,0,0.0,prior,0.0,sa,12600.0,43200.0,296133.448246541,0,233438.62216093956,62694.82608560146,0,0,0.0,0,10.043615712315695,15.355725358056576,8076.28272445257,2739.5067445102477,2.9480791535325817,2.005723559599959,287.70983205956594,0.0,0.0019230769230769232,0.0,1.7254579875821399,10.835897435897436,0.8702127659574468,782.9800514559711,390,86.97017645835876
paper,100,3000000.0,11,6,exclude,launch,0,0.0,prior,0.0,sa,12600.0,43200.0,509125.6710869657,0,446570.9322234778,62554.73886348789,0,1,0.46536792020945733,1,10.191142892423413,15.523728075483996,8076.28272445257,2749.6025024967657,2.9372546457602264,2.005215409608533,283.33651138659746,0.0,0.0,0.0,1.5830590858841636,9.321961620469082,0.8864864864864865,755.8961088907697,469,87.54078221321106
paper,100,3000000.0,7,7,exclude,launch,0,0.0,prior,0.0,sa,12600.0,43200.0,412738.12737735687,0,304398.7376337768,108339.38974358013,0,0,0.0,0,10.314324758552788,20.771220403118015,7331.690553245741,1896.253787449562,3.866407862581925,2.007730552784377,308.2025234496638,0.0,0.018315018315018316,0.0,2.308248634973618,16.428571428571427,0.8498402555910544,983.2220846099511,203,68.56853699684143
paper,100,3000000.0,4,8,exclude,launch,0,0.0,prior,0.0,sa,12600.0,43200.0,703786.1404047877,0,475735.5016240207,228050.63878076704,0,0,0.0,0,8.156317940070748,31.84599738645331,8019.937817272908,1065.2966969185004,7.52836072849146,2.0148431026974487,361.6116236636187,0.0,0.0380952380952381,0.0,3.4470408401934085,26.31168831168831,0.7939814814814815,1628.0932897867474,77,45.12303113937378
paper,100,3000000.0,8,7,exclude,launch,0,0.0,prior,0.0,sa,12600.0,43200.0,367222.2322633918,0,279559.37719096843,87662.85507242332,0,0,0.0,0,10.597393140682984,20.158682280886058,7331.690553245741,2007.3902660561066,3.652349359873214,2.0066801773320115,299.5174716991489,0.0,0.011560693641618497,0.0,2.0788344915994226,14.15891472868217,0.8520084566596194,906.7331597268657,258,74.97887778282166
paper,100,3000000.0,12,6,exclude,launch,0,0.0,prior,0.0,sa,12600.0,43200.0,508557.0136492046,0,441045.6927260674,67511.32092313717,0,1,0.4918080216901455,1,10.317386235413846,15.1286998879319,8076.28272445257,2856.0178275330504,2.827812434010134,2.0049838845248353,279.8053595924672,0.0,0.001366120218579235,0.0,1.472833757249693,8.177330895795247,0.8911637931034483,738.7545246862352,547,92.44137382507324
paper,100,3000000.0,5,8,exclude,launch,0,0.0,prior,0.0,sa,12600.0,43200.0,579095.2226317223,0,408544.1326962346,170551.08993548766,0,0,0.0,0,8.719487872943235,30.0998589424518,8019.937817272908,1205.5713288364675,6.652395943268813,2.0109657262539242,336.1414478882187,0.0,0.039473684210526314,0.0,2.9644350697402158,21.366071428571427,0.8097447795823666,1381.6418000093793,112,53.01983952522278
paper,100,3000000.0,13,6,exclude,launch,0,0.0,prior,0.0,sa,12600.0,43200.0,594428.6897717732,0,520583.07877469214,73845.610997081,0,2,0.4836055739705878,3,10.426641562538094,14.24454485563633,8076.28272445257,3064.920103806723,2.635071209334815,2.0049105856921017,276.8874935929252,0.0,0.0,0.0,1.376190779136042,7.096062992125984,0.8796592119275826,728.8873364365719,635,97.90846705436707
paper,100,3000000.0,9,7,exclude,launch,0,0.0,prior,0.0,sa,12600.0,43200.0,316917.4575183606,0,245074.37105240094,71843.08646595964,0,0,0.0,0,10.828355019824894,19.65215101037196,7331.690553245741,2103.8818127659943,3.484839551707848,2.0058904986841912,292.80197405978987,0.0,0.013953488372093023,0.0,1.8885384827868146,12.798136645962733,0.8694267515923567,807.6924858779496,322,83.3931450843811
paper,100,3000000.0,6,8,exclude,launch,0,0.0,prior,0.0,sa,12600.0,43200.0,457252.8300390877,0,336068.8757104514,121183.95432863629,0,0,0.0,0,9.139467775404329,29.717854509533808,8019.937817272908,1280.228522199407,6.26445800746168,2.0085109456442094,319.44295915058603,0.0,0.01904761904761905,0.0,2.5930372173660907,19.03846153846154,0.8539719626168224,1114.311781198943,156,63.365233421325684
paper,100,3000000.0,10,7,exclude,launch,0,0.0,prior,0.0,sa,12600.0,43200.0,312530.20629922644,0,243108.8602046789,69421.34609454752,0,0,0.0,0,11.020383861033242,18.107536396609724,7331.690553245741,2323.4961278083388,3.1554563252754084,2.005452897058441,287.5549946889133,0.0,0.011538461538461539,0.0,1.7200807577271275,10.517948717948718,0.8941176470588236,794.4515880293271,390,86.82472801208496
paper,100,3000000.0,4,9,exclude,launch,0,0.0,prior,0.0,sa,12600.0,43200.0,752525.1926775187,0,500754.91259281605,251770.28008470265,0,0,0.0,0,8.074467564057157,15.470755305992892,8104.8909320055,2192.3405952139133,3.696912309017697,2.0153344358068797,361.96185469460767,0.0,0.02857142857142857,0.0,3.4524016166893348,24.337662337662337,0.8011049723756906,1762.9681762257856,77,40.271111249923706
paper,100,3000000.0,7,8,exclude,launch,0,0.0,prior,0.0,sa,12600.0,43200.0,384579.2301130268,0,291834.50201781164,92744.72809521524,0,0,0.0,0,9.464698051773654,30.012999494629103,8019.937817272908,1312.8551050849528,6.108776045589548,2.006955324399489,307.7285168957701,0.0,0.0072992700729927005,0.0,2.3067614067878854,16.563725490196077,0.8624708624708625,980.2566355314492,204,72.38773441314697
paper,100,3000000.0,11,7,exclude,launch,0,0.0,prior,0.0,sa,12600.0,43200.0,277390.8751096721,0,221451.70782331366,55939.167286358395,0,0,0.0,0,11.18255802231873,18.697382104763694,7331.690553245741,2283.2033060569706,3.211142228900925,2.0049409509940905,283.1818111513234,0.0,0.0016155088852988692,0.0,1.5994352366257056,9.870689655172415,0.8881856540084389,722.7475857337682,464,94.84953093528748
paper,100,3000000.0,12,7,exclude,launch,0,0.0,prior,0.0,sa,12600.0,43200.0,455518.39693074697,0,402166.8847865432,53351.51214420379,0,2,0.43771904941190976,3,11.321337126343435,18.196067882761888,7331.690553245741,2375.1044604555095,3.0868918295238403,2.0045326957736087,279.55417806847737,0.0,0.005457025920873124,0.0,1.4721993286165191,8.605454545454545,0.8900747065101388,699.0639928443641,550,95.24649024009705
paper,100,3000000.0,5,9,exclude,launch,0,0.0,prior,0.0,sa,12600.0,43200.0,579114.0073838492,0,406516.6368256364,172597.37055821292,0,0,0.0,0,8.631865919685936,15.401457520270696,8104.8909320055,2355.5341856264163,3.4407867996405814,2.0114572473596812,336.4683843533128,0.0,0.026143790849673203,0.0,2.968633895538857,20.601769911504423,0.8312985571587126,1419.4781976050344,113,49.634196519851685
paper,100,3000000.0,8,8,exclude,launch,0,0.0,prior,0.0,sa,12600.0,43200.0,341917.67798328085,0,263402.5403519147,78515.13763136619,0,0,0.0,0,9.72398782357336,31.379548313046246,8019.937817272908,1290.10073238201,6.216520629722529,2.005865481768912,299.0328752579762,0.0,0.005780346820809248,0.0,2.077398032753297,14.655038759689923,0.8664343786295006,881.0525088591245,258,80.05337357521057
paper,100,3000000.0,6,9,exclude,launch,0,0.0,prior,0.0,sa,12600.0,43200.0,521059.2297087047,0,365182.27205057436,155876.9576581303,0,0,0.0,0,9.047538989981614,16.00117911977503,8104.8909320055,2376.9709280915777,3.4097560202441155,2.009108063814315,319.82134208070545,0.0,0.009523809523809525,0.0,2.5959973605772193,17.064102564102566,0.8410596026490066,1249.2555017136897,156,55.783480167388916
paper,100,3000000.0,13,7,exclude,launch,0,0.0,prior,0.0,sa,12600.0,43200.0,663273.8083727525,0,596137.6557801544,67136.152592598,0,4,0.6432160021667191,5,11.441442726734065,17.100709278009962,7331.690553245741,2553.7703956810333,2.87092785069683,2.004318670053717,276.56140334933673,0.0,0.0,0.0,1.3719203713576376,7.516483516483516,0.8834745762711864,690.1117249344976,637,103.1391282081604
paper,100,3000000.0,9,8,exclude,launch,0,0.0,prior,0.0,sa,12600.0,43200.0,299950.4188140561,0,239691.70506657023,60258.71374748585,0,0,0.0,0,9.93554317856294,30.16604218395659,8019.937817272908,1371.1388237249105,5.849107091494578,2.0051131775930076,292.349612279443,0.0,0.006993006993006993,0.0,1.8894121133356607,13.046728971962617,0.8855140186915887,794.117492598923,321,83.25725197792053
paper,100,3000000.0,7,9,exclude,launch,0,0.0,prior,0.0,sa,12600.0,43200.0,423365.2548480121,0,315051.5192615037,108313.73558650838,0,0,0.0,0,9.369432594184532,16.056350924089628,8104.8909320055,2453.3035429706624,3.3036641369666913,2.007547204057733,308.09038355389026,0.0,0.018315018315018316,0.0,2.3064605223034396,14.876847290640393,0.8609566184649611,1089.4814756506305,203,61.288241386413574
paper,100,3000000.0,14,7,exclude,launch,0,0.0,prior,0.0,sa,12600.0,43200.0,1016587.2904348335,0,919532.9634310997,97054.32700373384,0,6,0.7764192042579611,9,11.546405999978353,16.597139271788667,7331.690553245741,2655.119962395632,2.761340601209817,2.004151945166136,274.00726552624747,0.0,0.0010224948875255625,0.0,1.2850486275152215,6.6204081632653065,0.87940234791889,678.1194574017394,735,107.21702194213867
paper,100,3000000.0,11,8,exclude,launch,0,0.0,prior,0.0,sa,12600.0,43200.0,471462.04390492453,0,418589.0859780962,52872.95792682839,0,1,0.435470383265518,1,10.259975928551917,25.014028152555465,8019.937817272908,1707.2153597968193,4.697672013815167,2.004264484187315,282.80069697568064,0.0,0.004830917874396135,0.0,1.595641869696839,9.653763440860216,0.9033760186263097,738.3824532015386,465,90.08396983146667
paper,100,3000000.0,10,8,exclude,launch,0,0.0,prior,0.0,sa,12600.0,43200.0,288525.5934704657,0,228243.8129247652,60281.78054570052,0,0,0.0,0,10.111433512734699,26.829186329032776,8019.937817272908,1568.8045143179281,5.112133311752835,2.004644901655243,287.09301430666574,0.0,0.0038535645472061657,0.0,1.731531484240347,11.170103092783505,0.9025821596244131,762.151235096485,388,92.3536958694458
paper,100,3000000.0,4,10,exclude,launch,0,0.0,prior,0.0,sa,12600.0,43200.0,765222.8054779863,0,505570.2300871563,259652.5753908301,0,0,0.0,0,8.923459453514392,17.687435020287115,7299.469724120093,1917.5496973352633,3.8066652114747552,2.015371824682962,361.9885130952918,0.0,0.04716981132075472,0.0,3.441717013972905,26.05128205128205,0.7697228144989339,1635.5804854626438,78,46.22706937789917
paper,100,3000000.0,8,9,exclude,launch,0,0.0,prior,0.0,sa,12600.0,43200.0,371500.2269285845,0,280474.87149409327,91025.35543449117,0,0,0.0,0,9.626061325852929,15.063593509321162,8104.8909320055,2686.3395474854988,3.0170761323124404,2.0067007874629557,299.529736085878,0.0,0.005763688760806916,0.0,2.0757532814945607,13.123552123552123,0.8928176795580111,976.7622209442826,259,69.98953032493591
paper,100,3000000.0,12,8,exclude,launch,0,0.0,prior,0.0,sa,12600.0,43200.0,582387.4371624413,0,529080.670680608,53306.766481833336,0,2,0.5778361063898542,2,10.387088159426154,24.292653605642347,8019.937817272908,1779.6088088101787,4.506573454553153,2.0038901185638567,279.1966432860429,0.0,0.0013736263736263737,0.0013736263736263737,1.4785873174365778,8.68131868131868,0.9066511085180864,696.0033699989197,546,97.21544480323792
paper,100,3000000.0,9,9,exclude,launch,0,0.0,prior,0.0,sa,12600.0,43200.0,337010.0695044421,0,261790.2576932865,75219.8118111556,0,0,0.0,0,9.835444975449416,15.364229558146114,8104.8909320055,2690.9943765617636,3.0118572534369163,2.0059267764729114,292.82309444955916,0.0,0.002325581395348837,0.0,1.893141031260334,11.313664596273291,0.8737541528239202,912.5729135954341,322,75.31511807441711
paper,100,3000000.0,5,10,exclude,launch,0,0.0,prior,0.0,sa,12600.0,43200.0,601985.9354151806,0,425093.0139521435,176892.92146303706,0,0,0.0,0,9.540841897233443,18.084512556592163,7299.469724120093,2006.0798800922487,3.6386735127339147,2.0114396669279646,336.456687945849,0.0,0.032679738562091505,0.0,2.957926494042471,22.0,0.797427652733119,1331.407267866874,113,55.010746002197266
paper,100,3000000.0,13,8,exclude,launch,0,0.0,prior,0.0,sa,12600.0,43200.0,790529.5673068952,0,711059.7141581534,79469.85314874176,0,3,0.7054617507196779,6,10.497095540297085,23.714409091794387,8019.937817272908,1842.2091901047054,4.353434919525659,2.003602162838,276.16693183076774,0.0,0.0,0.0,1.3766008820654916,7.6299212598425195,0.8968347010550997,681.076778210044,635,102.742835521698
paper,100,3000000.0,10,9,exclude,launch,0,0.0,prior,0.0,sa,12600.0,43200.0,334126.99565381394,0,260413.95565768148,73713.03999613243,0,0,0.0,0,10.009529353838195,14.213253013284522,8104.8909320055,2959.896088041796,2.7382349551897693,2.005597751451078,287.637856063563,0.0,0.0019230769230769232,0.0,1.7309352751269673,9.451282051282051,0.8849162011173184,892.7266363357281,390,78.71674585342407
paper,100,3000000.0,3,11,exclude,launch,0,0.0,prior,0.0,sa,12600.0,43200.0,959838.1158955886,0,604587.9396198023,355250.1762757863,0,0,0.0,0,7.010776961351883,35.76877765363534,8440.41818863996,854.4287925266274,9.878433712048537,2.0231763954911606,406.34839008600653,0.0,0.07462686567164178,0.0,4.083683529152828,30.612244897959183,0.7285559174809989,2213.588740370458,49,34.01896381378174
paper,100,3000000.0,11,9,exclude,launch,0,0.0,prior,0.0,sa,12600.0,43200.0,378190.58576515457,0,303253.6282927155,74936.95747243903,0,1,0.11233946370665705,3,10.156546356225606,13.215613890324864,8104.8909320055,3229.3964182947366,2.5097231439568013,2.005479714897068,283.4855285681718,0.0,0.0,0.0,1.599210150641481,7.879049676025918,0.8929765886287625,906.2331483196457,463,81.00716781616211
paper,100,3000000.0,6,10,exclude,launch,0,0.0,prior,0.0,sa,12600.0,43200.0,486968.7042114632,0,353144.4498356937,133824.2543757695,0,0,0.0,0,10.001278785196003,18.644610801687413,7299.469724120093,2040.0787641462207,3.578033285972144,2.0089951873556218,319.74979715354505,0.0,0.014285714285714285,0.0,2.5933148258173095,19.064102564102566,0.8203208556149733,1121.631331136779,156,63.292070150375366
paper,100,3000000.0,12,9,exclude,launch,0,0.0,prior,0.0,sa,12600.0,43200.0,942122.1913543624,0,794237.5748103568,147884.61654400564,0,5,0.6748301728165023,7,10.282353065059544,12.866436189572541,8104.8909320055,3357.9596888980186,2.413635565311173,2.0051167236838277,279.8793340426765,0.0,0.0,0.0,1.4726832606251754,6.769927536231884,0.87248322147651,883.7329230290397,552,84.479238986969
paper,100,3000000.0,7,10,exclude,launch,0,0.0,prior,0.0,sa,12600.0,43200.0,421700.125506439,0,315890.3698741804,105809.75563225862,0,0,0.0,0,10.35785423110814,19.15854433125929,7299.469724120093,2056.1785538326976,3.5500174391537884,2.0074307382484355,308.01916123923974,0.0,0.010948905109489052,0.0,2.2995653442241233,16.34313725490196,0.8526200873362445,995.8564512560204,204,70.56092596054077
paper,100,3000000.0,4,11,exclude,launch,0,0.0,prior,0.0,sa,12600.0,43200.0,694723.3302906553,0,474886.8707451802,219836.45954547502,0,0,0.0,0,7.766639521918577,28.456416056278066,8440.41818863996,1191.8980821602415,7.081493220747721,2.0153354562340247,361.9625822497354,0.0,0.09523809523809523,0.0,3.4476471853972894,24.805194805194805,0.7627856365614799,1728.1861934773758,77,41.64191031455994
paper,100,3000000.0,13,9,exclude,launch,0,0.0,prior,0.0,sa,12600.0,43200.0,1485841.4352413535,0,1273363.9207299154,212477.51451143794,0,9,0.8069977058648485,14,10.391230470070228,13.163855705465405,8104.8909320055,3316.9778913011187,2.4434564225649007,2.004643055548054,276.74008567072354,0.0,0.0,0.0,1.3748809129521389,5.921383647798742,0.8232662192393736,877.7187360072836,636,88.95058727264404
paper,100,3000000.0,8,10,exclude,launch,0,0.0,prior,0.0,sa,12600.0,43200.0,364912.9550706077,0,279530.9682307118,85381.98683989591,0,0,0.0,0,10.642143109605085,18.796259457502643,7299.469724120093,2153.1795137142713,3.3900887862008235,2.0064135133612093,299.35881169670006,0.0,0.0028735632183908046,0.0,2.0732322725074614,14.442307692307692,0.8671706263498921,883.3697328023626,260,79.99167537689209
paper,100,3000000.0,5,11,exclude,launch,0,0.0,prior,0.0,sa,12600.0,43200.0,555977.4568639339,0,381775.7750981546,174201.68176577933,0,0,0.0,0,8.302353584442344,33.32213913134395,8440.41818863996,1088.9515775975774,7.7509582264998755,2.011039487887679,336.19050048464607,0.0,0.0196078431372549,0.0,2.958666058133371,21.734513274336283,0.8013100436681223,1351.558478252736,113,52.36585235595703
paper,100,3000000.0,3,12,exclude,launch,0,0.0,prior,0.0,sa,12600.0,43200.0,1092533.38546594,0,683797.2017891281,408736.183676812,0,0,0.0,0,6.832091590392047,19.317468844385044,8671.083820102498,1582.5500494421922,5.479184575021074,2.0225815855476954,405.8760769844809,0.0,0.045454545454545456,0.0,4.11536630041245,30.6875,0.7491638795986622,2216.429309406484,48,34.75528168678284
paper,100,3000000.0,9,10,exclude,launch,0,0.0,prior,0.0,sa,12600.0,43200.0,338674.40650695225,0,263231.713305919,75442.6932010332,0,0,0.0,0,10.874101102575,18.388087199003717,7299.469724120093,2248.7446262539556,3.2460198632157833,2.0056814605569393,292.6802900065441,0.0,0.004629629629629629,0.0,1.8834992695643018,12.339506172839506,0.8793859649122807,828.7148885061927,324,84.2531099319458
paper,100,3000000.0,6,11,exclude,launch,0,0.0,prior,0.0,sa,12600.0,43200.0,447520.9168378479,0,325062.0930634465,122458.8237744014,0,0,0.0,0,8.701846049072593,26.515721325177946,8440.41818863996,1434.5932866190474,5.883492044307393,2.008847243450225,319.6560374086355,0.0,0.0430622009569378,0.0,2.595976357396988,18.490322580645163,0.8244274809160306,1156.281754996978,155,59.41837239265442
paper,100,3000000.0,4,12,exclude,launch,0,0.0,prior,0.0,sa,12600.0,43200.0,849455.7840403432,0,544525.0177149402,304930.7663254029,0,0,0.0,0,7.568282889069944,20.388142847427016,8671.083820102498,1663.9048563215945,5.211285841951156,2.0149325443982224,361.67536668717037,0.0,0.04807692307692308,0.0,3.462954313241249,25.0,0.7741573033707865,1709.7271680143333,76,42.01539397239685
paper,100,3000000.0,7,11,exclude,launch,0,0.0,prior,0.0,sa,12600.0,43200.0,374655.75865227944,0,282731.31714913255,91924.44150314688,0,0,0.0,0,9.011204185087504,29.61081244604853,8440.41818863996,1330.5683163268816,6.343468490171381,2.0071341581024837,307.83783081601877,0.0,0.014652014652014652,0.0,2.310490210571884,16.2807881773399,0.849015317286652,999.1934586485356,203,67.26278972625732
paper,100,3000000.0,10,10,exclude,launch,0,0.0,prior,0.0,sa,12600.0,43200.0,292446.9112554575,0,233921.20230312488,58525.708952332585,0,0,0.0,0,11.066958331169886,17.768114554919286,7299.469724120093,2368.202802504696,3.0822823604464586,2.005180855744582,287.39941056153884,0.0,0.009633911368015413,0.0,1.7326514576129433,11.424164524421593,0.8854961832061069,746.6326397933459,389,94.51580095291138
ring,100,1500000.0,2,1,exclude,launch,0,0.0,prior,0.0,sa,12600.0,43200.0,1170540.4851365408,0,971228.9077818948,199311.57735464594,0,0,0.0,0,4.136766262510873,2.487988013391794,7901.207071016175,6710.607110744064,1.1774206030279872,2.047041166315698,384.9214271680859,0.0,0.018518518518518517,0.0,3.3485537561450283,23.9,0.7868852459016393,3396.783622446362,40,18.89544129371643
paper,100,3000000.0,11,10,exclude,launch,0,0.0,prior,0.0,sa,12600.0,43200.0,276758.18559523346,0,224404.046210102,52354.13938513146,0,0,0.0,0,11.229832219811431,17.15528499411568,7299.469724120093,2488.5637398032522,2.933205851780672,2.0048425380763297,283.1263504126909,0.0,0.001610305958132045,0.0,1.5935950165762551,9.916309012875537,0.8919213973799127,716.7849769124168,466,97.87792468070984
paper,100,3000000.0,5,12,exclude,launch,0,0.0,prior,0.0,sa,12600.0,43200.0,624581.433969947,0,437433.0172404991,187148.41672944796,0,0,0.0,0,8.090042399745776,21.81889016439991,8671.083820102498,1663.2074707830775,5.213470942395387,2.0108651937316067,336.0745980109106,0.0,0.0392156862745098,0.0,2.96280452065445,21.38938053097345,0.8174778761061947,1371.0218707092874,113,52.20916438102722
paper,100,3000000.0,12,10,exclude,launch,0,0.0,prior,0.0,sa,12600.0,43200.0,561841.6460082151,0,476181.5577225075,85660.0882857077,0,2,0.5537587071590838,2,11.369210201197555,17.08236159883018,7299.469724120093,2530.080880678695,2.8850736669580335,2.0044309154494586,279.4975314833915,0.0,0.001366120218579235,0.0,1.4698195083955474,8.667272727272728,0.8810810810810811,691.1547130757922,550,98.99669551849365
paper,100,3000000.0,8,11,exclude,launch,0,0.0,prior,0.0,sa,12600.0,43200.0,342207.4937608977,0,252840.27275473688,89367.22100616082,0,0,0.0,0,9.25783588295416,28.600888499315523,8440.41818863996,1415.2774893566448,5.963790318234198,2.006092667658404,299.1679703040631,0.0,0.017341040462427744,0.0,2.0807552265935496,14.496124031007753,0.8736383442265795,885.5045384752993,258,74.3626651763916
ring,100,1500000.0,3,1,exclude,launch,0,0.0,prior,0.0,sa,12600.0,43200.0,873571.0759725084,0,728029.3903222608,145541.68565024767,0,0,0.0,0,4.635561376131289,2.8535651273389693,7901.207071016175,6585.896258849361,1.1997162968365092,2.0330426220441824,335.1726466659304,0.0,0.028037383177570093,0.0,2.5532065912495434,16.25,0.8695652173913043,2560.631047318572,80,25.53718638420105
paper,100,3000000.0,13,10,exclude,launch,0,0.0,prior,0.0,sa,12600.0,43200.0,560077.5946794976,0,478751.5366123971,81326.05806710047,0,2,0.5482288584756254,4,11.48983416378685,15.75202424998573,7299.469724120093,2772.22902854955,2.633068786506152,2.0044594056352043,276.63891810268717,0.0,0.002369668246445498,0.0,1.3809566135292368,7.530805687203792,0.8957189901207464,692.7075570367247,633,104.15086388587952
ring,100,1500000.0,4,1,exclude,launch,0,0.0,prior,0.0,sa,12600.0,43200.0,830300.9720012622,0,709143.3669114662,121157.60508979594,0,0,0.0,0,4.932118281788932,3.0085878042014844,7901.207071016175,6642.903735772647,1.1894206788617827,2.031521716356682,314.48206183322867,0.0,0.005681818181818182,0.0,2.0438277772858617,10.06060606060606,0.8961748633879781,2481.883793505352,132,26.556846857070923
paper,100,3000000.0,6,12,exclude,launch,0,0.0,prior,0.0,sa,12600.0,43200.0,518035.29770083015,0,374463.4736712967,143571.82402953343,0,0,0.0,0,8.479122548019184,20.54128384978549,8671.083820102498,1852.012386492524,4.681979388120848,2.008665788338715,319.5410586426248,0.0,0.02857142857142857,0.0,2.6014500108796224,18.397435897435898,0.8547671840354767,1156.2070435417772,156,63.234461307525635
paper,100,3000000.0,9,11,exclude,launch,0,0.0,prior,0.0,sa,12600.0,43200.0,300289.68456066103,0,233469.73936451654,66819.9451961445,0,0,0.0,0,9.459060944252732,26.65463570969026,8440.41818863996,1551.572055051011,5.439913770786794,2.005367410258525,292.49752442045485,0.0,0.011682242990654205,0.0,1.8940466306315669,12.675,0.8763796909492274,817.2517012584915,320,85.67434787750244
ring,100,1500000.0,2,2,exclude,launch,0,0.0,prior,0.0,sa,12600.0,43200.0,1145560.399559893,0,933675.9145946428,211884.48496525013,0,0,0.0,0,4.163630032728471,2.5153814786120554,7847.90175510476,6633.732282977879,1.1830296159587919,2.048211844864897,385.78265629106926,0.0,0.018518518518518517,0.0,3.347795053940342,25.55,0.8280542986425339,3185.89475198099,40,21.180694818496704
paper,100,3000000.0,14,10,exclude,launch,0,0.0,prior,0.0,sa,12600.0,43200.0,1470873.2339123855,0,1324693.8578573242,146179.3760550614,0,6,0.8537367793523957,9,11.595250496857997,16.08059731277844,7299.469724120093,2740.570217149362,2.6634857514115167,2.0040332390769517,273.9424856719618,0.0,0.0,0.0,1.286502085477537,6.916780354706685,0.8844056706652127,650.9066525682579,733,111.83923506736755
ring,100,1500000.0,5,1,exclude,launch,0,0.0,prior,0.0,sa,12600.0,43200.0,1165895.800158625,0,959876.6293751908,206019.17078343418,0,0,0.0,0,5.128690842123699,3.0682945931398034,7901.207071016175,6737.697811035676,1.1726864713455667,2.0406814026550464,308.05839127667895,0.0,0.0,0.0,1.707757876703891,5.040201005025126,0.8579234972677595,3299.4758501800975,199,29.32723832130432
ring,100,1500000.0,6,1,exclude,launch,0,0.0,prior,0.0,sa,12600.0,43200.0,4693430.382744787,0,4310288.215882993,383142.1668617948,0,24,0.7824608502835895,29,5.2685463504811265,3.17592293092945,7901.207071016175,6595.447858787284,1.1979788545351313,2.0678982516251407,315.9348864875469,0.0,0.0,0.0,1.463573910792398,2.4909090909090907,0.546448087431694,4809.914116889553,275,29.115603923797607
paper,100,3000000.0,10,11,exclude,launch,0,0.0,prior,0.0,sa,12600.0,43200.0,602596.1703987643,0,512502.78268205066,90093.38771671362,0,2,0.5304487092977493,3,9.626360839926397,23.23844541921015,8440.41818863996,1811.0770842822558,4.660441160617393,2.0047941144514487,287.178300426317,0.0,0.0038461538461538464,0.0,1.7328561247951597,10.27948717948718,0.8717105263157895,827.4081599060484,390,82.55064940452576
ring,100,1500000.0,3,2,exclude,launch,0,0.0,prior,0.0,sa,12600.0,43200.0,851080.9273728118,0,736236.6431765422,114844.28419626961,0,0,0.0,0,4.665736139552073,2.8456444233150293,7847.90175510476,6601.539000836564,1.1887988170804193,2.033870665728845,335.71018271463123,0.0,0.009345794392523364,0.0,2.5469314985366722,16.3625,0.8783783783783784,2542.115225208899,80,25.96088743209839
paper,100,3000000.0,7,12,exclude,launch,0,0.0,prior,0.0,sa,12600.0,43200.0,468569.76473673165,0,343112.44920053973,125457.31553619195,0,0,0.0,0,8.78041427131226,19.143577187942196,8671.083820102498,2057.9582653027182,4.213440071306311,2.0072628476334815,307.91650561171787,0.0,0.01098901098901099,0.0,2.3072106395569714,15.261083743842365,0.8701007838745801,1060.1196303373351,203,68.53452658653259
paper,100,3000000.0,11,11,exclude,launch,0,0.0,prior,0.0,sa,12600.0,43200.0,1037361.5875499267,0,947172.6264440976,90188.96110582912,0,4,0.7577262547288681,5,9.767647328809163,22.992213640686412,8440.41818863996,1857.3355865085641,4.5443689605422,2.004268072963993,282.802718177018,0.0,0.001610305958132045,0.0,1.5904596791440606,9.156652360515022,0.8713968957871396,776.096045618475,466,88.37437963485718
ring,100,1500000.0,2,3,exclude,launch,0,0.0,prior,0.0,sa,12600.0,43200.0,1174086.5523640716,0,946494.1439503748,227592.40841369677,0,0,0.0,0,4.1109429092124365,2.481113127266538,7953.104624059671,6740.605428908546,1.1798798650861626,2.0435779145170603,382.3792632433525,0.0,0.018518518518518517,0.0,3.361232346437864,24.075,0.8133971291866029,3397.2643913000506,40,20.291672945022583
ring,100,1500000.0,5,2,exclude,launch,0,0.0,prior,0.0,sa,12600.0,43200.0,1144060.498346066,0,905326.1023132051,238734.39603286106,0,0,0.0,0,5.162142933728223,3.0628670315892776,7847.90175510476,6745.5518436798875,1.163418788702617,2.0419173652294917,308.7905552972136,0.0,0.0,0.0,1.7071950570257466,5.4646464646464645,0.7918552036199095,3060.591443219581,198,29.179930448532104
ring,100,1500000.0,4,2,exclude,launch,0,0.0,prior,0.0,sa,12600.0,43200.0,864053.3298200383,0,716087.3215229213,147966.0082971169,0,0,0.0,0,4.964263524825623,2.988668869367532,7847.90175510476,6684.341248483419,1.1740725769925848,2.032383711496588,315.0078777612034,0.0,0.011363636363636364,0.0,2.051503391304778,10.090909090909092,0.8642533936651584,2480.1463885837666,132,30.999059200286865
paper,100,3000000.0,12,11,exclude,launch,0,0.0,prior,0.0,sa,12600.0,43200.0,1257873.1800440059,0,1151212.9141689343,106660.2658750715,0,6,0.8269420699742371,7,9.888549623372596,23.863537294751392,8440.41818863996,1811.705552628065,4.658824485246107,2.003784316097109,279.1377959353408,0.0,0.001366120218579235,0.0,1.472875497026852,8.366120218579235,0.8800880088008801,719.1973839516571,549,94.82741189002991
ring,100,1500000.0,6,2,exclude,launch,0,0.0,prior,0.0,sa,12600.0,43200.0,5144353.815868716,0,4650787.907705413,493565.9081633022,0,30,0.7819543742540839,34,5.302928552688912,3.138716989439887,7847.90175510476,6642.1629433787075,1.181528038683243,2.0776946849948374,321.75797180794785,0.0,0.0,0.0,1.4553516188395959,2.1594202898550723,0.5113122171945701,5514.889866216282,276,29.048032999038696
ring,100,1500000.0,2,4,exclude,launch,0,0.0,prior,0.0,sa,12600.0,43200.0,1301898.440372018,0,1031566.7425216218,270331.6978503962,0,0,0.0,0,4.090546796399036,2.493301892093409,7994.558130032741,6700.688932724932,1.1930949504294686,2.0457019031288155,383.9373562060931,0.0,0.018518518518518517,0.0,3.354157893299926,22.7,0.784037558685446,3628.4386159289015,40,17.48167395591736
paper,100,3000000.0,8,12,exclude,launch,0,0.0,prior,0.0,sa,12600.0,43200.0,406137.6361161113,0,303387.85726713843,102749.77884897287,0,0,0.0,0,9.020613146126031,18.985688074488397,8671.083820102498,2131.8571707969063,4.067384972540713,2.0062620975390306,299.26874086556745,0.0,0.002890173410404624,0.0,2.080527503161364,13.383720930232558,0.8674832962138085,960.8896805860107,258,77.64715433120728
ring,100,1500000.0,3,3,exclude,launch,0,0.0,prior,0.0,sa,12600.0,43200.0,844920.9540459401,0,698443.9835198167,146476.97052612345,0,0,0.0,0,4.606556138539778,2.839462365783214,7953.104624059671,6625.178304117084,1.2004363141618957,2.031025939329612,333.86529091103404,0.0,0.018867924528301886,0.0,2.5473454468888943,16.72151898734177,0.8899521531100478,2503.865576362367,79,28.406736850738525
ring,100,1500000.0,4,3,exclude,launch,0,0.0,prior,0.0,sa,12600.0,43200.0,779590.088877232,0,662119.5084519676,117470.58042526439,0,0,0.0,0,4.90121942638041,2.9989675968045946,7953.104624059671,6672.715203089639,1.1918843202504998,2.028933235688699,312.90573170253435,0.0,0.005681818181818182,0.0,2.050516313268488,10.492424242424242,0.8557692307692307,2381.434621250766,132,30.464385747909546
ring,100,1500000.0,6,3,exclude,launch,0,0.0,prior,0.0,sa,12600.0,43200.0,4590222.500218466,0,4228131.633125531,362090.8670929362,0,27,0.7767019456771941,33,5.235497812119263,3.1385961577262833,7953.104624059671,6653.90891836853,1.1952530041558924,2.074106831020575,319.6191490240394,0.0,0.0,0.0,1.4542987369887477,2.287769784172662,0.5528846153846154,5177.4532583195505,278,25.72746515274048
ring,100,1500000.0,3,4,exclude,launch,0,0.0,prior,0.0,sa,12600.0,43200.0,881734.2383465841,0,721183.6771776455,160550.56116893858,0,0,0.0,0,4.583647478531567,2.8483743209323538,7994.558130032741,6602.159495334094,1.2109004842555968,2.0317304256752022,334.321698234006,0.0,0.009345794392523364,0.0,2.5512573843057185,16.075,0.8691588785046729,2589.586548573843,80,26.844478368759155
ring,100,1500000.0,5,3,exclude,launch,0,0.0,prior,0.0,sa,12600.0,43200.0,1124225.9437405018,0,902344.2643974195,221881.67934308242,0,0,0.0,0,5.0965361231283675,3.0557000976189106,7953.104624059671,6770.656128898631,1.174643117690484,2.0391177491254115,307.1333536846111,0.0,0.0,0.0,1.7074083796197428,5.214285714285714,0.7884615384615384,3212.6583900417704,196,29.898579597473145
paper,100,3000000.0,9,12,exclude,launch,0,0.0,prior,0.0,sa,12600.0,43200.0,362457.4920028113,0,277841.02316206647,84616.46884074474,0,0,0.0,0,9.216588462853725,16.965828845086033,8671.083820102498,2437.2209510355647,3.5577750209385783,2.005712444142475,292.6983243938648,0.0,0.009324009324009324,0.0,1.8892628858925442,11.912772585669781,0.8855218855218855,868.397165822775,321,83.9141013622284
ring,100,1500000.0,2,5,exclude,launch,0,0.0,prior,0.0,sa,12600.0,43200.0,1139129.0864812077,0,890372.8785967143,248756.2078844935,0,0,0.0,0,4.084852519572088,2.508012889722948,8006.205221945124,6667.2299249656935,1.2008293267291694,2.043908624862537,382.6216539907958,0.0,0.037037037037037035,0.0,3.3622605157657732,25.15,0.7876106194690266,3275.8805302630035,40,22.466469287872314
ring,100,1500000.0,6,4,exclude,launch,0,0.0,prior,0.0,sa,12600.0,43200.0,5799667.200750784,0,5329060.510077388,470606.69067339617,0,34,0.8615542434116014,40,5.209396445498736,3.1866705237414794,7994.558130032741,6607.672236292514,1.2098902373097113,2.057111143573081,309.5844479481694,0.0,0.0,0.002702702702702703,1.4605384012254776,2.510869565217391,0.5190476190476191,4760.78948751173,276,26.86917734146118
ring,100,1500000.0,3,5,exclude,launch,0,0.0,prior,0.0,sa,12600.0,43200.0,845728.394250011,0,694100.5891161098,151627.80513390113,0,0,0.0,0,4.577251833358054,2.856524768375533,8006.205221945124,6585.094478972697,1.2158071911512083,2.031183469870469,333.96732131737696,0.0,0.018867924528301886,0.0,2.5568410985369066,16.11392405063291,0.8141592920353983,2610.0783583154025,79,23.168174982070923
ring,100,1500000.0,4,4,exclude,launch,0,0.0,prior,0.0,sa,12600.0,43200.0,880298.4905476744,0,729936.594450125,150361.89609754927,0,0,0.0,0,4.876815504799723,2.9940467171421856,7994.558130032741,6679.607123110731,1.1968605312687357,2.0301710345015973,313.6590309408227,0.0,0.005681818181818182,0.0,2.0497529527224643,9.636363636363637,0.861904761904762,2592.09750009645,132,29.162840843200684
ring,100,1500000.0,5,4,exclude,launch,0,0.0,prior,0.0,sa,12600.0,43200.0,1281602.7935870674,0,1019889.6038301847,261713.18975688273,0,0,0.0,0,5.0711405376107175,3.0228110053781574,7994.558130032741,6835.831815421142,1.169507727208501,2.041650626882862,308.6324703247526,0.0,0.0076045627376425855,0.0,1.7091648796831511,4.746192893401015,0.7523809523809524,3542.208131173297,197,28.42514729499817
paper,100,3000000.0,10,12,exclude,launch,0,0.0,prior,0.0,sa,12600.0,43200.0,459815.13867275784,0,392786.3656193384,67028.77305341943,0,1,0.3182183448813367,1,9.379522857534367,17.14870070578555,8671.083820102498,2453.844804260087,3.5336724657764607,2.005097397138749,287.35168788909175,0.0,0.003838771593090211,0.0,1.7243967667479378,10.439897698209718,0.8880179171332587,813.7968746475725,391,83.40852451324463
ring,100,1500000.0,2,6,exclude,launch,0,0.0,prior,0.0,sa,12600.0,43200.0,1204068.1690675511,0,970397.8579531119,233670.3111144393,0,0,0.0,0,4.182946730981578,2.496124987718412,7809.995131568775,6693.9107875407735,1.1667312845138815,2.0454573337774624,383.7577862363438,0.0,0.037037037037037035,0.0,3.3526123525373372,23.525,0.8116591928251121,3457.1849025111924,40,20.292612075805664
ring,100,1500000.0,4,5,exclude,launch,0,0.0,prior,0.0,sa,12600.0,43200.0,805319.9802121002,0,657202.8827752335,148117.0974368668,0,0,0.0,0,4.870002465548524,2.998951623453918,8006.205221945124,6669.952531526979,1.200339160451601,2.0297844241133616,313.4236504432953,0.0,0.005681818181818182,0.0,2.0493649404984984,10.25,0.8303571428571429,2446.049624372757,132,27.222988843917847
ring,100,1500000.0,6,5,exclude,launch,0,0.0,prior,0.0,sa,12600.0,43200.0,4360370.494056769,0,3895084.7842373373,465285.709819431,0,21,0.7430295533219862,28,5.202109575936604,3.1550200275497984,8006.205221945124,6628.39267661907,1.2078652567139145,2.0712525834179614,317.9227440425122,0.0,0.0,0.0,1.4594913446867186,2.368231046931408,0.5022421524663677,5036.7199536819035,277,26.346721410751343
ring,100,1500000.0,5,5,exclude,launch,0,0.0,prior,0.0,sa,12600.0,43200.0,1127431.7413490005,0,902562.2770618335,224869.46428716712,0,0,0.0,0,5.064050681806526,3.0484320524926454,8006.205221945124,6783.745486335749,1.1802042452907073,2.040035501329748,307.6761156341247,0.0,0.0037735849056603774,0.0,1.7058075499200878,5.101010101010101,0.8035714285714286,3281.136401460325,198,29.438894271850586
ring,100,1500000.0,2,7,exclude,launch,0,0.0,prior,0.0,sa,12600.0,43200.0,1105083.8869711808,0,867374.1160508506,237709.7709203302,0,0,0.0,0,4.270761959058498,2.4854687948546204,7641.991446879142,6717.371947081841,1.1376460179786492,2.047052409005998,384.92969346318137,0.0,0.05555555555555555,0.0,3.3524542087483904,26.325,0.7521739130434782,3105.8063992734938,40,20.21549391746521
ring,100,1500000.0,3,6,exclude,launch,0,0.0,prior,0.0,sa,12600.0,43200.0,895884.3773622889,0,725504.5111985778,170379.86616371106,0,0,0.0,0,4.687434219494889,2.8424808174241485,7809.995131568775,6613.993368485082,1.1808289933858271,2.032300201870842,334.6910605006034,0.0,0.009433962264150943,0.0,2.5456106520959456,16.11392405063291,0.874439461883408,2596.7507198404937,79,24.694984197616577
paper,100,3000000.0,11,12,exclude,launch,0,0.0,prior,0.0,sa,12600.0,43200.0,462685.80437806767,0,392580.00133564905,70105.80304241856,0,1,0.3162440061814937,1,9.517122066059846,16.360392280244834,8671.083820102498,2609.5354252430216,3.3228457970809018,2.004795435651287,283.0998076965364,0.0,0.0,0.0,1.5916897922799131,8.902807775377969,0.8850056369785795,799.046530457332,463,91.07449316978455
ring,100,1500000.0,5,6,exclude,launch,0,0.0,prior,0.0,sa,12600.0,43200.0,1208497.5501360968,0,976998.509790458,231499.04034563884,0,0,0.0,0,5.1861982155268125,3.058241425265637,7809.995131568775,6759.9047786950805,1.1553409977287286,2.040663727449898,308.0479270769536,0.0,0.0,0.0,1.7089398113173722,4.984924623115578,0.7623318385650224,3341.0888720701996,199,26.142470836639404
ring,100,1500000.0,6,6,exclude,launch,0,0.0,prior,0.0,sa,12600.0,43200.0,5492881.348857386,0,5013719.978420689,479161.370436697,0,32,0.7886912964140537,38,5.3276528172110265,3.14961935536417,7809.995131568775,6644.530601540609,1.1754020863050794,2.0697649860313074,317.0403887974984,0.0,0.0,0.0026954177897574125,1.4563497535981778,2.035971223021583,0.5291479820627802,5849.258232183372,278,26.08846354484558
ring,100,1500000.0,4,6,exclude,launch,0,0.0,prior,0.0,sa,12600.0,43200.0,840726.4257040842,0,698155.5168619382,142570.90884214608,0,0,0.0,0,4.987378858714926,3.0113535712868766,7809.995131568775,6640.520374255902,1.1761119146395085,2.030384339952392,313.78893579231953,0.0,0.011363636363636364,0.0,2.050146965657286,10.181818181818182,0.8475336322869955,2452.7677407300516,132,28.55606961250305
ring,100,1500000.0,2,8,exclude,launch,0,0.0,prior,0.0,sa,12600.0,43200.0,1118168.0588246386,0,919702.6795299036,198465.37929473506,0,0,0.0,0,4.136702656897363,2.5173657003405814,7901.334104096977,6636.493217184907,1.1905887409990596,2.0457459848402055,383.9697267553045,0.0,0.037037037037037035,0.0,3.349813780269735,25.35,0.8097826086956522,3234.9769223533435,40,19.48102378845215
ring,100,1500000.0,3,7,exclude,launch,0,0.0,prior,0.0,sa,12600.0,43200.0,803021.273909021,0,671721.288839401,131299.98506962013,0,0,0.0,0,4.786081455386198,2.845370963153705,7641.991446879142,6604.661016827714,1.1570603589508168,2.0331046341816474,335.2128877859708,0.0,0.018867924528301886,0.0,2.546948956466234,17.063291139240505,0.8608695652173913,2454.5763940551356,79,25.557674884796143
ring,100,1500000.0,2,9,exclude,launch,0,0.0,prior,0.0,sa,12600.0,43200.0,1125985.0754271,0,941845.75766331,184139.31776379008,0,0,0.0,0,4.093029009228694,2.53315080143378,7989.491146408152,6597.622459213525,1.2109651917488693,2.0449757779113362,383.4043366101815,0.0,0.018518518518518517,0.0,3.347979377374937,25.025,0.8426966292134831,3255.8070372414877,40,19.716453075408936
paper,100,3000000.0,12,12,exclude,launch,0,0.0,prior,0.0,sa,12600.0,43200.0,798649.1523547779,0,690093.6595102848,108555.4928444931,0,3,0.6373347542813026,4,9.634868659712778,14.95576031984581,8671.083820102498,2889.503361874713,3.0008907186308615,2.0046645355308628,279.62756298413933,0.0,0.0013698630136986301,0.0,1.4750295757242282,7.733576642335766,0.8891402714932126,777.7399901924695,548,96.06611204147339
ring,100,1500000.0,6,7,exclude,launch,0,0.0,prior,0.0,sa,12600.0,43200.0,4480987.64614538,0,4039674.766151021,441312.87999435957,0,25,0.7427389010867239,34,5.440065533420098,3.1253961492740223,7641.991446879142,6665.163229336994,1.1465572835849838,2.0793497757532506,322.7470229396692,0.0,0.0,0.0,1.460694279721297,2.104693140794224,0.4780701754385965,5658.905846319188,277,25.91659927368164
ring,100,1500000.0,3,8,exclude,launch,0,0.0,prior,0.0,sa,12600.0,43200.0,802988.808641538,0,686980.7146475592,116008.09399397885,0,0,0.0,0,4.635489932149588,2.8350248988984688,7901.334104096977,6631.717661903651,1.1914460938961144,2.032199088070837,334.62549773603683,0.0,0.018691588785046728,0.0,2.541263164276167,16.775,0.8486486486486486,2482.7496761976627,80,25.36640238761902
ring,100,1500000.0,4,7,exclude,launch,0,0.0,prior,0.0,sa,12600.0,43200.0,741164.7892765226,0,625753.4747886668,115411.31448785575,0,0,0.0,0,5.092472821385533,2.995291257114812,7641.991446879142,6673.991490243574,1.1450406339370744,2.0310350184812873,314.1853707589249,0.0,0.011363636363636364,0.0,2.04949382686058,10.954545454545455,0.8464912280701754,2274.1566076516287,132,29.174821615219116
ring,100,1500000.0,5,7,exclude,launch,0,0.0,prior,0.0,sa,12600.0,43200.0,1029537.6615906563,0,840012.5647791808,189525.0968114754,0,0,0.0,0,5.295567825389065,3.0683021403584965,7641.991446879142,6738.52996394133,1.134073972776309,2.04042437640164,307.9062422786108,0.0,0.0,0.0,1.7104720318149147,5.517766497461929,0.7685589519650655,3042.1508036378423,197,28.43785786628723
ring,100,1500000.0,6,8,exclude,launch,0,0.0,prior,0.0,sa,12600.0,43200.0,3746121.7571822596,0,3369776.5100476965,376345.2471345632,0,18,0.6163408276214578,27,5.2684649459989,3.1325713210966053,7901.334104096977,6646.167932774505,1.1888556208657959,2.0805163545997845,323.4450604567001,0.0,0.0,0.0,1.4636139815858917,2.2246376811594204,0.585635359116022,5380.403427748723,276,26.425766468048096
ring,100,1500000.0,2,10,exclude,launch,0,0.0,prior,0.0,sa,12600.0,43200.0,1318906.0632425805,0,1018989.3684374316,299916.69480514893,0,0,0.0,0,4.096413174547485,2.542087927875852,7982.5928847049145,6574.799658172864,1.214119562530256,2.044860005041243,383.31938658065826,0.0,0.018518518518518517,0.0,3.3513040652342094,22.575,0.7188940092165899,3616.0805587385316,40,19.000123977661133
ring,100,1500000.0,3,9,exclude,launch,0,0.0,prior,0.0,sa,12600.0,43200.0,876164.263910458,0,742160.8900096881,134003.37390076971,0,0,0.0,0,4.586435440446533,2.8184415701790675,7989.491146408152,6670.344593243971,1.1977628793721202,2.03231888040553,334.70317247177184,0.0,0.009433962264150943,0.0,2.5497327024704113,16.0,0.9101123595505618,2608.60645287413,79,25.64256715774536
ring,100,1500000.0,4,8,exclude,launch,0,0.0,prior,0.0,sa,12600.0,43200.0,743811.9147328266,0,642909.4154617488,100902.49927107782,0,0,0.0,0,4.932042172971035,2.998913061348955,7901.334104096977,6667.271356203415,1.185092623648107,2.0306267921350596,313.9366239125738,0.0,0.011363636363636364,0.0,2.049304751460436,10.901515151515152,0.8729281767955801,2294.0526345463663,132,29.83292508125305
ring,100,1500000.0,5,8,exclude,launch,0,0.0,prior,0.0,sa,12600.0,43200.0,957508.6271815754,0,806615.0466913923,150893.5804901831,0,0,0.0,0,5.128611639535324,3.089624467526243,7901.334104096977,6694.900152595545,1.1802019334125111,2.0395482787455324,307.3879107819516,0.0,0.0037735849056603774,0.0,1.705529822077001,5.949748743718593,0.8406593406593407,2790.651330509801,199,30.903826236724854
ring,100,1500000.0,4,9,exclude,launch,0,0.0,prior,0.0,sa,12600.0,43200.0,808888.3324485266,0,694152.15191857,114736.1805299566,0,0,0.0,0,4.879785422627063,3.001458902524231,7989.491146408152,6663.602495705658,1.198974751503704,2.030021490489195,313.56797339034335,0.0,0.0,0.0,2.0533929793070613,10.295454545454545,0.8764044943820225,2437.8168058913193,132,30.089418411254883
ring,100,1500000.0,5,9,exclude,launch,0,0.0,prior,0.0,sa,12600.0,43200.0,1151467.988888832,0,953803.5439815454,197664.4449072867,0,0,0.0,0,5.074231129085206,3.0580582988385343,7989.491146408152,6762.656277175245,1.1814131635484149,2.0399556015121725,307.6288435531504,0.0,0.0,0.0,1.7097210690726299,5.181818181818182,0.8089887640449438,3224.3037427219924,198,28.706166982650757
ring,100,1500000.0,3,10,exclude,launch,0,0.0,prior,0.0,sa,12600.0,43200.0,899488.6407505024,0,738906.230424974,160582.4103255283,0,0,0.0,0,4.5902364665488005,2.8547149683571704,7982.5928847049145,6587.644907976581,1.2117521506114082,2.0316842985826042,334.2918048765607,0.0,0.02830188679245283,0.0,2.553311834005312,15.670886075949367,0.8401826484018264,2684.6740367370953,79,25.443928718566895
ring,100,1500000.0,2,11,exclude,launch,0,0.0,prior,0.0,sa,12600.0,43200.0,1200350.1669944546,0,1002615.214575308,197734.9524191467,0,0,0.0,0,4.104243516346271,2.536102444698405,7966.675177293168,6598.730739475792,1.2073041758824739,2.042252671294669,381.40871037710673,0.0,0.018518518518518517,0.0,3.3541981889510075,24.55,0.7942583732057417,3330.166054890898,40,21.14661931991577
ring,100,1500000.0,6,9,exclude,launch,0,0.0,prior,0.0,sa,12600.0,43200.0,4815520.684245722,0,4417830.263406704,397690.42083901743,0,26,0.7822737301559667,35,5.212572921959987,3.154366480902306,7989.491146408152,6642.957498005681,1.202700927833231,2.0671395170210425,315.4861067012415,0.0,0.0,0.0,1.4653699838116587,2.3003663003663,0.536723163841808,5223.307374638313,273,28.126732349395752
ring,100,1500000.0,4,10,exclude,launch,0,0.0,prior,0.0,sa,12600.0,43200.0,876961.7547389427,0,728877.7701947651,148083.98454417774,0,0,0.0,0,4.883834529259078,3.0036877323982853,7982.5928847049145,6658.144430956409,1.1989215565211544,2.0301780420883295,313.6632981940566,0.0,0.0,0.0,2.0499239093761186,9.734848484848484,0.8465116279069768,2561.074730563371,132,28.87960958480835
ring,100,1500000.0,6,10,exclude,launch,0,0.0,prior,0.0,sa,12600.0,43200.0,5477869.911383099,0,4922714.792779817,555155.1186032817,0,33,0.8232137076361984,41,5.216903653011458,3.163793649908046,7982.5928847049145,6632.712451002513,1.2035186122833308,2.064163492169304,313.72891321234994,0.0,0.0,0.002702702702702703,1.4604406943839023,2.1949458483754514,0.49767441860465117,5442.1455234389705,277,27.029469966888428
ring,100,1500000.0,5,10,exclude,launch,0,0.0,prior,0.0,sa,12600.0,43200.0,1316650.4107892842,0,1007882.9156500343,308767.49513924983,0,0,0.0,0,5.078444763521304,3.0475084896989446,7982.5928847049145,6785.003457237381,1.1765053525787224,2.0402753977549946,307.8180702362487,0.0,0.0,0.0,1.7095537007590742,4.842639593908629,0.7534883720930232,3471.0656031345097,197,29.450515508651733
ring,100,1500000.0,3,11,exclude,launch,0,0.0,prior,0.0,sa,12600.0,43200.0,924386.862363989,0,763440.945772885,160945.91659110406,0,0,0.0,0,4.599031404779316,2.8641555946356894,7966.675177293168,6570.459621770611,1.2124989172593537,2.0302840369156927,333.3849803042056,0.0,0.018867924528301886,0.0,2.5520056183076933,16.39240506329114,0.861244019138756,2561.5434438925854,79,27.63297390937805
ring,100,1500000.0,2,12,exclude,launch,0,0.0,prior,0.0,sa,12600.0,43200.0,1148749.1252915184,0,922262.150267724,226486.9750237945,0,0,0.0,0,4.084167181706687,2.4912030911941923,8007.609203841761,6704.190447399991,1.194418515802644,2.046356031397819,384.41784271539933,0.0,0.018518518518518517,0.0,3.3568423203172677,24.925,0.8301886792452831,3275.023779186405,40,21.99552869796753
ring,100,1500000.0,4,11,exclude,launch,0,0.0,prior,0.0,sa,12600.0,43200.0,878484.8350241455,0,745774.7108758093,132710.1241483362,0,0,0.0,0,4.893203515881725,3.03100101584813,7966.675177293168,6604.668341443619,1.2062188084908207,2.0281731213540874,312.44359038705744,0.0,0.0,0.0,2.0515457820632843,10.053030303030303,0.8653846153846154,2491.286872622029,132,30.28761625289917
ring,100,1500000.0,6,11,exclude,launch,0,0.0,prior,0.0,sa,12600.0,43200.0,4756962.476103326,0,4317500.3104725415,439462.16563078546,0,25,0.710024724667133,37,5.226924308526516,3.1326261124497043,7966.675177293168,6671.566599895833,1.1941236077022084,2.0725595739197065,318.69898578737156,0.0,0.0,0.0,1.4613350270548917,1.989090909090909,0.5721153846153846,6028.853484255268,275,28.83585262298584
ring,100,1500000.0,5,11,exclude,launch,0,0.0,prior,0.0,sa,12600.0,43200.0,1177550.9013816721,0,970186.0647498891,207364.83663178302,0,0,0.0,0,5.0881944614743455,3.0889977456160302,7966.675177293168,6706.9247427484415,1.187828324137195,2.03630470911283,305.47269692570393,0.0,0.0,0.0,1.7104223539680616,5.304568527918781,0.8028846153846154,3167.765284270695,197,30.258726596832275
ring,100,1500000.0,3,12,exclude,launch,0,0.0,prior,0.0,sa,12600.0,43200.0,828409.8107738136,0,706235.1328801878,122174.67789362582,0,0,0.0,0,4.576482084729411,2.805935468263653,8007.609203841761,6696.563247864515,1.1957789253159565,2.0333844786441047,335.39451542065206,0.0,0.0,0.0,2.547029569397803,16.27848101265823,0.8511627906976744,2579.1747917275616,79,28.601516246795654
ring,100,1500000.0,4,12,exclude,launch,0,0.0,prior,0.0,sa,12600.0,43200.0,834836.6731410132,0,688652.8816690014,146183.7914720119,0,0,0.0,0,4.869182482978112,2.9834234811627907,8007.609203841761,6699.001935023267,1.1953436170807659,2.031501335091389,314.46963460283854,0.0,0.017045454545454544,0.0,2.0481139164687017,10.128787878787879,0.8625592417061612,2466.3548388594254,132,30.52962064743042
ring,100,1500000.0,5,12,exclude,launch,0,0.0,prior,0.0,sa,12600.0,43200.0,1131041.088096504,0,915801.5945084363,215239.49358806803,0,0,0.0,0,5.063197384019083,3.045539477932226,8007.609203841761,6785.878772831147,1.1800401203602542,2.04133113622132,308.44317447508894,0.0,0.0,0.0,1.7086326429891245,5.236180904522613,0.8160377358490566,3185.6188829313896,199,31.015819787979126
ring,100,1500000.0,6,12,exclude,launch,0,0.0,prior,0.0,sa,12600.0,43200.0,4465911.606568174,0,4039621.6947477865,426289.9118203877,0,24,0.715349397287975,33,5.201232567311386,3.128322223421488,8007.609203841761,6663.934988986199,1.2016337519913258,2.0777877470595696,321.81354367717915,0.0,0.0,0.0,1.4578125115362393,2.061818181818182,0.5142857142857142,5787.380394522515,275,29.818885326385498
ring,100,3000000.0,4,1,exclude,launch,0,0.0,prior,0.0,sa,12600.0,43200.0,518872.7744591817,0,467962.9499438448,50909.82451533687,0,0,0.0,0,8.273532525021746,5.06713532887597,7901.207071016175,6665.76771202789,1.185340895806949,2.0237366178984777,367.97731717009265,0.0,0.018867924528301886,0.0,3.422656065128337,25.71794871794872,0.9411764705882353,1650.4729129446587,78,41.539684772491455
ring,100,3000000.0,5,1,exclude,launch,0,0.0,prior,0.0,sa,12600.0,43200.0,475589.7938949104,0,428586.4884843867,47003.30541052373,0,0,0.0,0,8.8449719425545,5.446733579381274,7901.207071016175,6635.80049146522,1.190693885564897,2.018982650714892,341.49376685283596,0.0,0.01935483870967742,0.0,2.9318930956517644,18.956521739130434,0.9565217391304348,1503.9901066267105,115,46.89664673805237
ring,100,3000000.0,4,2,exclude,launch,0,0.0,prior,0.0,sa,12600.0,43200.0,566772.4716645333,0,497341.5919025199,69430.87976201333,0,0,0.0,0,8.327260065456942,5.0009574422112895,7847.90175510476,6751.692526960932,1.1623606560527502,2.0244210923225228,368.46954389878397,0.0,0.027777777777777776,0.0,3.418233839956068,24.125,0.9213973799126638,1723.8144386389579,80,41.541680335998535
ring,100,3000000.0,6,1,exclude,launch,0,0.0,prior,0.0,sa,12600.0,43200.0,414169.69784724835,0,375791.8967996356,38377.80104761278,0,0,0.0,0,9.271122752262578,5.741402035307604,7901.207071016175,6599.666086547321,1.1972131570598548,2.0166904046687932,324.64561235032,0.0,0.014285714285714285,0.0,2.557236167655917,15.673076923076923,0.9508196721311475,1325.8669004509084,156,50.32835865020752
ring,100,3000000.0,5,2,exclude,launch,0,0.0,prior,0.0,sa,12600.0,43200.0,460264.3937787264,0,409425.37086924125,50839.022909485124,0,0,0.0,0,8.902491629677662,5.441842265377275,7847.90175510476,6638.753278089362,1.1821348717696876,2.0198985705444694,342.10795098088994,0.0,0.012903225806451613,0.0,2.9063569016779076,20.347826086956523,0.9321266968325792,1392.6548507656264,115,47.77091193199158
ring,100,3000000.0,4,3,exclude,launch,0,0.0,prior,0.0,sa,12600.0,43200.0,543461.3630502922,0,474036.52422981063,69424.83882048161,0,0,0.0,0,8.221885818424873,5.067990383224698,7953.104624059671,6671.321190140189,1.1921333716946323,2.0217108236949164,366.5224336585433,0.0,0.018867924528301886,0.0,3.4326441495099522,24.78205128205128,0.9198113207547169,1708.9573363793256,78,40.22493934631348
ring,100,3000000.0,6,2,exclude,launch,0,0.0,prior,0.0,sa,12600.0,43200.0,408676.58886311395,0,365928.79885481304,42747.7900083009,0,0,0.0,0,9.331472279104146,5.782839184893688,7847.90175510476,6551.652420754658,1.197850748346139,2.0169131119886785,324.78785599246476,0.0,0.004761904761904762,0.0,2.551326656496403,16.205128205128204,0.9400921658986175,1277.3309142644866,156,51.302160024642944
ring,100,3000000.0,7,1,exclude,launch,0,0.0,prior,0.0,sa,12600.0,43200.0,371606.2074189057,0,337983.11477490474,33623.09264400091,0,0,0.0,0,9.60113392833911,5.913733718012734,7901.207071016175,6633.883360170134,1.1910379851498532,2.0157390375202016,313.12058967599904,0.0,0.007168458781362007,0.0,2.2800098657075867,13.196172248803828,0.9565217391304348,1207.3835368491177,209,58.469603300094604
ring,100,3000000.0,8,1,exclude,launch,0,0.0,prior,0.0,sa,12600.0,43200.0,349636.33841507416,0,325339.15010215575,24297.18831291839,0,0,0.0,0,9.864236563577863,6.074801555389995,7901.207071016175,6631.711832331666,1.1914279858324548,2.0156465172783458,304.876741759847,0.0,0.005681818181818182,0.0,2.0539921270595687,10.916666666666666,0.9562841530054644,1142.5559419459244,264,61.60635042190552
ring,100,3000000.0,4,4,exclude,launch,0,0.0,prior,0.0,sa,12600.0,43200.0,559416.1777890051,0,487205.85839687014,72210.319392135,0,0,0.0,0,8.181093592798073,5.038338641477347,7994.558130032741,6706.712952767439,1.192023303566897,2.0228775530122878,367.3600026135826,0.0,0.028037383177570093,0.0,3.4237370840138204,23.848101265822784,0.9305555555555556,1762.7526514844076,79,40.59287142753601
ring,100,3000000.0,10,1,exclude,launch,0,0.0,prior,0.0,sa,12600.0,43200.0,432951.40566763014,0,395470.50817517436,37480.89749245582,0,0,0.0,0,10.257381684247399,6.21925874976495,7901.207071016175,6714.4833162527,1.1767408896364309,2.0205172425526317,296.2362147121,0.0,0.0,0.0,1.7139279946246668,6.040609137055838,0.9453551912568307,1392.0033045081227,394,62.13663148880005
ring,100,3000000.0,5,3,exclude,launch,0,0.0,prior,0.0,sa,12600.0,43200.0,457627.5618330421,0,412249.05975077645,45378.50208226569,0,0,0.0,0,8.78968094671424,5.418848466034529,7953.104624059671,6674.352279350371,1.1915919764477525,2.017650355093652,340.6013606508688,0.0,0.012903225806451613,0.0,2.926654028568416,19.16521739130435,0.9473684210526315,1486.2013127180314,115,48.58917236328125
ring,100,3000000.0,9,1,exclude,launch,0,0.0,prior,0.0,sa,12600.0,43200.0,370595.7125998172,0,339160.6774958414,31435.035103975813,0,0,0.0,0,10.078903660842537,6.193941968138733,7901.207071016175,6639.785078169116,1.1899793408968125,2.016589488808502,299.06378005480263,0.0,0.0023148148148148147,0.0,1.8740708402992097,8.54320987654321,0.9672131147540983,1190.2841361612557,324,64.89836287498474
ring,100,3000000.0,7,2,exclude,launch,0,0.0,prior,0.0,sa,12600.0,43200.0,376332.0013214297,0,339001.2122059875,37330.78911544217,0,0,0.0,0,9.6636758904098,5.8822319841431225,7847.90175510476,6667.418277456385,1.1770525604550384,2.016341337154713,313.4920400668621,0.0,0.017857142857142856,0.0,2.2690836579518523,13.261904761904763,0.9502262443438914,1188.6991996617005,210,58.95183324813843
ring,100,3000000.0,6,3,exclude,launch,0,0.0,prior,0.0,sa,12600.0,43200.0,398742.1650397708,0,357360.93828141614,41381.22675835466,0,0,0.0,0,9.213112277079556,5.747678900300613,7953.104624059671,6596.901893965041,1.205581764272606,2.0153321367088397,323.778758134448,0.0,0.009523809523809525,0.0,2.5601570882311906,16.083333333333332,0.9660194174757282,1288.4773493477596,156,53.341477394104004
ring,100,3000000.0,8,2,exclude,launch,0,0.0,prior,0.0,sa,12600.0,43200.0,355049.18389025657,0,325124.0499686907,29925.133921565804,0,0,0.0,0,9.928527049651246,6.037502852049675,7847.90175510476,6670.850468762268,1.1764469600771739,2.0161997651626598,305.20898009180837,0.0,0.002840909090909091,0.0,2.0598011020445375,10.93560606060606,0.9547511312217195,1146.7038135504436,264,61.95388960838318
ring,100,3000000.0,7,3,exclude,launch,0,0.0,prior,0.0,sa,12600.0,43200.0,367627.57761943096,0,331370.5543649633,36257.02325446758,0,0,0.0,0,9.541016533210346,5.850650607186567,7953.104624059671,6708.646371482723,1.1855006485163566,2.0147670515269143,312.5216106141535,0.0,0.010714285714285714,0.0,2.2801686003956196,13.138095238095238,0.9714285714285714,1203.8462706462142,210,55.61461925506592
ring,100,3000000.0,10,2,exclude,launch,0,0.0,prior,0.0,sa,12600.0,43200.0,414044.7232107273,0,374176.2015285099,39868.52168221733,0,0,0.0,0,10.324285867456446,6.189668358023079,7847.90175510476,6744.038451755561,1.163679865001637,2.0212794837250434,296.67890741409883,0.0,0.0,0.0,1.71617109814414,6.450381679389313,0.9276018099547512,1310.2910280281196,393,64.07544922828674
ring,100,3000000.0,9,2,exclude,launch,0,0.0,prior,0.0,sa,12600.0,43200.0,371040.28448673914,0,337150.76977451105,33889.51471222807,0,0,0.0,0,10.144621155044092,6.1369550789352285,7847.90175510476,6698.264151117347,1.1716321688799987,2.0175459684008237,299.62680568688336,0.0,0.0023148148148148147,0.0,1.8693511191661227,8.598765432098766,0.9502262443438914,1177.713982299575,324,64.95883059501648
ring,100,3000000.0,5,4,exclude,launch,0,0.0,prior,0.0,sa,12600.0,43200.0,474186.6791343391,0,418822.1422848535,55364.53684948564,0,0,0.0,0,8.746011030461352,5.452413637856255,7994.558130032741,6631.317356077052,1.2055761624357175,2.0182428945315682,340.9981147890575,0.0,0.01935483870967742,0.0,2.923629175606249,19.043478260869566,0.9380952380952381,1490.5563791640911,115,44.94775199890137
ring,100,3000000.0,8,3,exclude,launch,0,0.0,prior,0.0,sa,12600.0,43200.0,331179.75494044553,0,304137.2685365138,27042.486403931754,0,0,0.0,0,9.80243885276082,6.052665746454326,7953.104624059671,6660.054239892196,1.194150128150969,2.0144090198754583,304.1342505053857,0.0,0.008522727272727272,0.0,2.0621636740805465,11.280303030303031,0.9617224880382775,1108.047953199859,264,63.12806844711304
ring,100,3000000.0,10,3,exclude,launch,0,0.0,prior,0.0,sa,12600.0,43200.0,418953.7523784281,0,376178.39821728715,42775.354161141026,0,0,0.0,0,10.193072246256735,6.167346052074915,7953.104624059671,6774.34954674622,1.174002694897788,2.019518641929806,295.65674986450347,0.0,0.0019157088122605363,0.0,1.7153635678845287,6.150895140664962,0.9375,1372.5484890373784,391,62.307799100875854
ring,100,3000000.0,9,3,exclude,launch,0,0.0,prior,0.0,sa,12600.0,43200.0,351646.3211597171,0,323347.0903938903,28299.230765826855,0,0,0.0,0,10.015734613000713,6.121240582223366,7953.104624059671,6721.619724118915,1.183212521756009,2.0156970759021107,298.53894434454963,0.0,0.0,0.0,1.8781132343946467,8.63888888888889,0.9423076923076923,1175.8251196985295,324,64.158935546875
ring,100,3000000.0,6,4,exclude,launch,0,0.0,prior,0.0,sa,12600.0,43200.0,405642.2382745655,0,366195.6555520115,39446.582722554005,0,0,0.0,0,9.167294957063135,5.698999700695652,7994.558130032741,6650.924758830899,1.2020220375246022,2.016036936537374,324.2284206793324,0.0,0.014285714285714285,0.0,2.5609890968059665,15.679487179487179,0.9468599033816425,1322.2859462107958,156,50.81075048446655
ring,100,3000000.0,4,5,exclude,launch,0,0.0,prior,0.0,sa,12600.0,43200.0,536166.4386432291,0,473982.12124264333,62184.31740058576,0,0,0.0,0,8.169705039144176,5.06362008430197,8006.205221945124,6674.536647682145,1.199514759533971,2.0224809181163117,367.07516002242704,0.0,0.009433962264150943,0.0,3.434171030633191,23.935897435897434,0.920704845814978,1777.0263448693445,78,40.29216241836548
ring,100,3000000.0,5,5,exclude,launch,0,0.0,prior,0.0,sa,12600.0,43200.0,462640.8688821494,0,405569.3458199478,57071.52306220166,0,0,0.0,0,8.733819178530151,5.463336012940198,8006.205221945124,6618.572694071279,1.2096573675343696,2.01808653627965,340.8933975830587,0.0,0.012903225806451613,0.0,2.9316860530338875,18.808695652173913,0.9377777777777778,1515.2179041470774,115,44.121758699417114
ring,100,3000000.0,7,4,exclude,launch,0,0.0,prior,0.0,sa,12600.0,43200.0,370933.44089167065,0,335872.8429232911,35060.59796837954,0,0,0.0,0,9.493535518447514,5.8644928935462115,7994.558130032741,6691.46871977551,1.194738922772839,2.0151713808033653,312.77070583381413,0.0,0.0036231884057971015,0.0,2.285608417103784,13.097087378640778,0.9295774647887324,1230.5102421133795,206,55.833903789520264
ring,100,3000000.0,4,6,exclude,launch,0,0.0,prior,0.0,sa,12600.0,43200.0,556655.7139193652,0,489377.9071399505,67277.80677941466,0,0,0.0,0,8.365893461963156,5.064629122590119,7809.995131568775,6671.062104306548,1.1707273908493494,2.023131149629591,367.5421804357651,0.0,0.037383177570093455,0.0,3.4103105899047628,24.50632911392405,0.9508928571428571,1707.0645731989737,79,40.308993101119995
ring,100,3000000.0,8,4,exclude,launch,0,0.0,prior,0.0,sa,12600.0,43200.0,358326.3344004365,0,325339.9654991194,32986.36890131711,0,0,0.0,0,9.753631009599445,6.023113375168332,7994.558130032741,6690.344396480567,1.1949397005987092,2.0151278352396984,304.5654253551823,0.0,0.0,0.0,2.061635921396526,10.662878787878787,0.9528301886792453,1175.0362410671844,264,60.13524007797241
ring,100,3000000.0,6,5,exclude,launch,0,0.0,prior,0.0,sa,12600.0,43200.0,397962.8335580831,0,353753.9138467084,44208.919711374685,0,0,0.0,0,9.154503666716108,5.754509877878608,8006.205221945124,6587.841703264757,1.2153001821488008,2.0157081816972715,324.01863614482505,0.0,0.009523809523809525,0.0,2.568291872153204,15.756410256410257,0.9417040358744395,1317.6091713169649,156,51.554189920425415
ring,100,3000000.0,9,4,exclude,launch,0,0.0,prior,0.0,sa,12600.0,43200.0,382204.43520380487,0,342350.2752429755,39854.15996082934,0,0,0.0,0,9.96584392373715,6.120080506425252,7994.558130032741,6720.2897599894495,1.1896150933297394,2.016478143771847,298.99827191347833,0.0,0.0,0.0,1.8723765677749558,8.296296296296296,0.9521531100478469,1225.028914666123,324,61.24004554748535
ring,100,3000000.0,10,4,exclude,launch,0,0.0,prior,0.0,sa,12600.0,43200.0,456633.6583021157,0,405774.79610758886,50858.862194526824,0,0,0.0,0,10.142281075221435,6.125262099808292,7994.558130032741,6816.634331367585,1.1728013769558965,2.0207803559252104,296.38898774550734,0.0,0.0,0.0,1.7144083249967474,5.753180661577608,0.9428571428571428,1464.5003579110487,393,62.285781383514404
ring,100,3000000.0,5,6,exclude,launch,0,0.0,prior,0.0,sa,12600.0,43200.0,481210.3903927936,0,423225.2621896377,57985.12820315583,0,0,0.0,0,8.943852461317746,5.459372979347146,7809.995131568775,6621.981535796525,1.1794045467131236,2.018511874897631,341.1782955944625,0.0,0.012903225806451613,0.0,2.9229234381903617,19.139130434782608,0.9551569506726457,1483.0519202750456,115,46.17222547531128
ring,100,3000000.0,6,6,exclude,launch,0,0.0,prior,0.0,sa,12600.0,43200.0,423581.96436193155,0,374664.19105827564,48917.77330365594,0,0,0.0,0,9.374868438989777,5.69333683149621,7809.995131568775,6656.438974408393,1.1732992913471285,2.0163704320708575,324.4412997034596,0.0,0.009523809523809525,0.0,2.5592246954236666,15.602564102564102,0.9504504504504504,1326.6783640802444,156,50.53008580207825
ring,100,3000000.0,7,5,exclude,launch,0,0.0,prior,0.0,sa,12600.0,43200.0,356561.31727451365,0,321761.29990102723,34800.01737348642,0,0,0.0,0,9.480279816360582,5.856808318325517,8006.205221945124,6700.4993985687,1.1948669413589288,2.0150959029111344,312.72419862040135,0.0,0.0035714285714285713,0.0,2.280461994833255,13.0,0.9336283185840708,1213.641269621913,210,57.53752660751343
ring,100,3000000.0,8,5,exclude,launch,0,0.0,prior,0.0,sa,12600.0,43200.0,346885.08438348456,0,313938.9945137299,32946.0898697547,0,0,0.0,0,9.740004931097047,6.033604714203321,8006.205221945124,6679.208564031737,1.198675733089008,2.01497775160926,304.47537382848424,0.0,0.002840909090909091,0.0,2.0600199229843574,10.734848484848484,0.9419642857142857,1165.9021301890034,264,61.741748332977295
ring,100,3000000.0,4,7,exclude,launch,0,0.0,prior,0.0,sa,12600.0,43200.0,501549.12002141995,0,436609.78541215014,64939.334609269834,0,0,0.0,0,8.541523918116996,5.026661616009122,7641.991446879142,6720.178012779897,1.1371709845105613,2.0235141269767096,367.8173879180037,0.0,0.028037383177570093,0.0,3.4210080428383254,26.29113924050633,0.9055793991416309,1594.1100079375203,79,43.309250831604004
ring,100,3000000.0,9,5,exclude,launch,0,0.0,prior,0.0,sa,12600.0,43200.0,346595.6086116503,0,314667.1885627879,31928.4200488624,0,0,0.0,0,9.951915575581793,6.116221588492391,8006.205221945124,6725.335710014542,1.1904543605196196,2.01623650638623,298.85613295332575,0.0,0.0,0.0,1.875267021760048,8.601851851851851,0.9641255605381166,1183.7711258257566,324,63.093199729919434
ring,100,3000000.0,10,5,exclude,launch,0,0.0,prior,0.0,sa,12600.0,43200.0,403641.29104079,0,361598.91028097103,42042.38075981897,0,0,0.0,0,10.128101363613052,6.187374238398559,8006.205221945124,6752.049343801229,1.185744477607422,2.01962990911351,295.7212875545101,0.0,0.0,0.0,1.7166096793800274,6.21227621483376,0.9196428571428571,1367.0967352463774,391,63.59677195549011
ring,100,3000000.0,5,7,exclude,launch,0,0.0,prior,0.0,sa,12600.0,43200.0,444772.4583320708,0,396361.53248262877,48410.925849441985,0,0,0.0,0,9.131888897829981,5.4074339591831135,7641.991446879142,6684.432285870484,1.1432521297332523,2.0188603923852755,341.41182639417497,0.0,0.012903225806451613,0.0,2.9211437174834325,19.443478260869565,0.9385964912280702,1464.1224217652357,115,47.10764837265015
ring,100,3000000.0,7,6,exclude,launch,0,0.0,prior,0.0,sa,12600.0,43200.0,390939.3072318844,0,348123.74238424696,42815.56484763743,0,0,0.0,0,9.708648941497886,5.877063715056689,7809.995131568775,6676.311590569347,1.1698068650062436,2.0154262312097284,312.9277625598493,0.0,0.007142857142857143,0.0,2.2826844013458065,12.81904761904762,0.9553571428571429,1233.2372541809668,210,59.26585626602173
ring,100,3000000.0,8,6,exclude,launch,0,0.0,prior,0.0,sa,12600.0,43200.0,357207.38844922226,0,323668.6936630164,33538.69478620583,0,0,0.0,0,9.974757717429853,6.04222125053612,7809.995131568775,6668.43217504816,1.1711891081073147,2.0153559053270937,304.7022949470801,0.0,0.005681818181818182,0.0,2.057585331668535,10.825757575757576,0.9641255605381166,1155.6053039347835,264,62.983667850494385
ring,100,3000000.0,6,7,exclude,launch,0,0.0,prior,0.0,sa,12600.0,43200.0,381483.45957396243,0,345752.1260688763,35731.33350508611,0,0,0.0,0,9.572162910772397,5.766434176366366,7641.991446879142,6571.913414145375,1.1628259481371943,2.0164152892309017,324.46993854615636,0.0,0.009523809523809525,0.0,2.5472980399790455,16.08974358974359,0.9594594594594594,1272.311635238163,156,52.395488262176514
ring,100,3000000.0,9,6,exclude,launch,0,0.0,prior,0.0,sa,12600.0,43200.0,374037.95395222335,0,337647.8217953173,36390.13215690608,0,0,0.0,0,10.191878194081312,6.14910485881846,7809.995131568775,6688.270021244266,1.1677152846343704,2.0165683931969998,299.0513682249965,0.0,0.0023148148148148147,0.0,1.871846567340746,8.540123456790123,0.9461883408071748,1187.2620317556396,324,64.17899370193481
ring,100,3000000.0,10,6,exclude,launch,0,0.0,prior,0.0,sa,12600.0,43200.0,431867.1409168264,0,386221.545523968,45645.5953928584,0,0,0.0,0,10.372396431053625,6.232858265552487,7809.995131568775,6703.3932273533555,1.1650808578109224,2.0194441109666936,295.61352402052904,0.0,0.0,0.0,1.7188075621537229,6.1461538461538465,0.9461883408071748,1379.246200987829,390,61.685879945755005
ring,100,3000000.0,4,8,exclude,launch,0,0.0,prior,0.0,sa,12600.0,43200.0,547846.4985605759,0,485193.3211228785,62653.17743769739,0,0,0.0,0,8.273405313794726,5.0391747850086475,7901.334104096977,6704.259158679402,1.178554396106217,2.0232821606111284,367.65068461232613,0.0,0.027777777777777776,0.0,3.3938710974645208,24.25,0.9090909090909091,1681.7192440972312,80,40.134990215301514
ring,100,3000000.0,5,8,exclude,launch,0,0.0,prior,0.0,sa,12600.0,43200.0,429976.6052813823,0,395338.6243286114,34637.980952770886,0,0,0.0,0,8.844835753870644,5.430225727462208,7901.334104096977,6657.03415352396,1.1869150618544348,2.01866090396926,341.27814559282115,0.0,0.012903225806451613,0.0,2.9243403195705673,20.31304347826087,0.9456521739130435,1410.3029418646588,115,48.165748834609985
ring,100,3000000.0,7,7,exclude,launch,0,0.0,prior,0.0,sa,12600.0,43200.0,352690.3107572557,0,316552.9825461713,36137.32821108441,0,0,0.0,0,9.91311625967382,5.926302489289046,7641.991446879142,6620.397804185969,1.1543100086896947,2.0155612597411645,313.0109926052158,0.0,0.007142857142857143,0.0,2.2668075696769354,13.342857142857143,0.9434782608695652,1176.8537523855198,210,62.87525916099548
ring,100,3000000.0,8,7,exclude,launch,0,0.0,prior,0.0,sa,12600.0,43200.0,332609.9339325605,0,304741.3922754601,27868.541657100348,0,0,0.0,0,10.184945642771066,6.039797404279929,7641.991446879142,6670.161145303272,1.145698174362725,2.015642083483592,304.87407989289915,0.0,0.0,0.0,2.05422002355517,11.075757575757576,0.9517543859649122,1124.5324979898764,264,67.10080099105835
ring,100,3000000.0,4,9,exclude,launch,0,0.0,prior,0.0,sa,12600.0,43200.0,550775.0185281085,0,488052.2605763147,62722.75795179378,0,0,0.0,0,8.186058018457388,5.049762105783508,7989.491146408152,6692.035617033223,1.1938805475082228,2.0227280907565803,367.252653609713,0.0,0.028037383177570093,0.0,3.4287141522262505,24.658227848101266,0.945054945054945,1699.1190202991183,79,42.44286823272705
ring,100,3000000.0,10,7,exclude,launch,0,0.0,prior,0.0,sa,12600.0,43200.0,395588.0180018372,0,349201.5401219377,46386.477879899525,0,0,0.0,0,10.59113565077813,6.206355223050891,7641.991446879142,6729.4278889752895,1.1356078960885947,2.0202216137663407,296.06460905130564,0.0,0.0,0.0,1.7130084425527898,6.464467005076142,0.925764192139738,1301.8156503798743,394,66.47709631919861
ring,100,3000000.0,9,7,exclude,launch,0,0.0,prior,0.0,sa,12600.0,43200.0,336582.58808371006,0,301063.406097406,35519.18198630411,0,0,0.0,0,10.406734878153223,6.145049438036949,7641.991446879142,6692.065189108161,1.1419481476834772,2.016754845890469,299.16107859361284,0.0,0.0023148148148148147,0.0,1.8720083064045003,9.151234567901234,0.9427312775330396,1102.0888484475736,324,67.01331377029419
ring,100,3000000.0,6,8,exclude,launch,0,0.0,prior,0.0,sa,12600.0,43200.0,388793.8921959161,0,356475.8545868702,32318.03760904596,0,0,0.0,0,9.270979864299177,5.723255351537083,7901.334104096977,6621.2778527546,1.1933246542145706,2.0164813875319183,324.51214099873874,0.0,0.009302325581395349,0.0,2.540532707334505,16.161490683229815,0.9354838709677419,1276.86185086016,161,54.97265434265137
ring,100,3000000.0,5,9,exclude,launch,0,0.0,prior,0.0,sa,12600.0,43200.0,473753.6351518765,0,423282.9573913088,50470.67776056769,0,0,0.0,0,8.751325639548536,5.384980991618613,7989.491146408152,6713.943981109874,1.1899847792723792,2.0183670707753563,341.08129032057275,0.0,0.012903225806451613,0.0,2.9417849793680104,19.121739130434783,0.9664804469273743,1496.4414554706573,115,46.343693256378174
ring,100,3000000.0,7,8,exclude,launch,0,0.0,prior,0.0,sa,12600.0,43200.0,351711.5570247783,0,320400.1147121594,31311.442312618878,0,0,0.0,0,9.60098585008513,5.8517130054797475,7901.334104096977,6703.901579193636,1.1786172590331154,2.0158269880819173,313.17481684066496,0.0,0.007142857142857143,0.0,2.254350314123103,13.5,0.9613259668508287,1162.573857070424,210,63.07626128196716
ring,100,3000000.0,4,10,exclude,launch,0,0.0,prior,0.0,sa,12600.0,43200.0,572361.2192828004,0,495127.3927921554,77233.82649064505,0,0,0.0,0,8.19282634909497,5.033849654486449,7982.5928847049145,6711.879641752372,1.1893230079764627,2.0231229099722112,367.5362605506241,0.0,0.028037383177570093,0.0,3.4239170126875793,23.481012658227847,0.905829596412556,1790.0552107488004,79,39.27895522117615
ring,100,3000000.0,6,9,exclude,launch,0,0.0,prior,0.0,sa,12600.0,43200.0,409989.23384026444,0,374757.23361249594,35232.00022776848,0,0,0.0,0,9.172870880893067,5.662169691130742,7989.491146408152,6693.961044146732,1.1935371439596658,2.016104747366878,324.27170046779185,0.0,0.014285714285714285,0.0,2.563299702233385,15.423076923076923,0.9772727272727273,1345.0518930724809,156,51.29414224624634
ring,100,3000000.0,8,8,exclude,launch,0,0.0,prior,0.0,sa,12600.0,43200.0,332494.6826851586,0,308564.09448389075,23930.588201267878,0,0,0.0,0,9.86408434594207,6.0036381475628104,7901.334104096977,6709.90374287984,1.1775629587058405,2.0157715713733513,304.9518238510403,0.0,0.002840909090909091,0.0,2.0457413111784803,11.155303030303031,0.9668508287292817,1111.2635974155771,264,67.30257940292358
ring,100,3000000.0,5,10,exclude,launch,0,0.0,prior,0.0,sa,12600.0,43200.0,486955.656908266,0,429636.44606871234,57319.210839553634,0,0,0.0,0,8.758571412915062,5.447359990679488,7982.5928847049145,6637.171872826133,1.2027099851650966,2.018333363785681,341.058711756135,0.0,0.01935483870967742,0.0,2.9435808488226614,18.669565217391305,0.9174311926605505,1532.4437299988476,115,45.08546996116638
ring,100,3000000.0,9,8,exclude,launch,0,0.0,prior,0.0,sa,12600.0,43200.0,329604.1552126314,0,305782.04755578196,23822.107656849457,0,0,0.0,0,10.078748064974098,6.12491332678593,7901.334104096977,6713.494575023841,1.1769331181844171,2.0169264600625625,299.26207563099723,0.0,0.0,0.0,1.8654422683630698,9.145962732919255,0.9611111111111111,1110.3602942071634,322,69.52754783630371
ring,100,3000000.0,7,9,exclude,launch,0,0.0,prior,0.0,sa,12600.0,43200.0,376612.96752613864,0,339848.8221976389,36764.145328499704,0,0,0.0,0,9.499313894683695,5.849988537368797,7989.491146408152,6707.527615398284,1.19112310891824,2.015331155177642,312.8691654186325,0.0,0.0,0.0,2.2710586760206835,12.89047619047619,0.9719101123595506,1223.7984133355494,210,58.87420725822449
ring,100,3000000.0,10,8,exclude,launch,0,0.0,prior,0.0,sa,12600.0,43200.0,372544.91234961455,0,344749.9561983893,27794.956151225288,0,0,0.0,0,10.257223279070647,6.218593547210223,7901.334104096977,6716.925610553343,1.1763319355037583,2.019998632435578,295.9352064484834,0.0,0.0,0.0,1.7121076992057414,6.80352644836272,0.9184782608695652,1228.5490612966141,397,68.6339361667633
ring,100,3000000.0,6,10,exclude,launch,0,0.0,prior,0.0,sa,12600.0,43200.0,427991.90387436847,0,379077.659249588,48914.244624780506,0,0,0.0,0,9.180472933097601,5.732305144359107,7982.5928847049145,6612.098815612508,1.20727065751897,2.016092794219981,324.2640712455451,0.0,0.014285714285714285,0.0,2.5757623609165075,15.403846153846153,0.9483568075117371,1355.6967108769138,156,52.61325740814209
ring,100,3000000.0,8,9,exclude,launch,0,0.0,prior,0.0,sa,12600.0,43200.0,352488.69845606125,0,325256.1997504452,27232.498705616053,0,0,0.0,0,9.759570845254126,6.011356740462002,7989.491146408152,6702.7061248055825,1.1919799253678147,2.0153451490455847,304.6958391884961,0.0,0.005681818181818182,0.0,2.0503138373172805,10.75,0.9662921348314607,1159.309870752412,264,64.4108476638794
ring,100,3000000.0,9,9,exclude,launch,0,0.0,prior,0.0,sa,12600.0,43200.0,378458.43529841525,0,339357.2352573412,39101.20004107402,0,0,0.0,0,9.971915528875472,6.152641901661852,7989.491146408152,6685.692178006776,1.1950133110660326,2.016186198023158,298.82654419008287,0.0,0.004629629629629629,0.0,1.8732284133732404,8.45679012345679,0.9662921348314607,1205.4726838242175,324,62.89636993408203
ring,100,3000000.0,10,9,exclude,launch,0,0.0,prior,0.0,sa,12600.0,43200.0,431923.34862259636,0,392344.56591659953,39578.78270599682,0,0,0.0,0,10.148462258170412,6.201461879905295,7989.491146408152,6735.752688308084,1.1861319018253607,2.019917232383686,295.887974659754,0.0,0.0,0.0,1.7104924123624823,6.042929292929293,0.9606741573033708,1380.8303690152038,396,64.12104606628418
ring,100,3000000.0,7,10,exclude,launch,0,0.0,prior,0.0,sa,12600.0,43200.0,385209.42487875343,0,348666.9768088712,36542.44806988221,0,0,0.0,0,9.507191972482813,5.889855230633051,7982.5928847049145,6662.2347983018835,1.198185462742858,2.015298346117695,312.84894585321774,0.0,0.0036363636363636364,0.0,2.288512957791561,12.751219512195123,0.9216589861751152,1270.6512814024068,205,58.037776947021484
ring,100,3000000.0,4,11,exclude,launch,0,0.0,prior,0.0,sa,12600.0,43200.0,580200.988946534,0,509710.0235901295,70490.96535640451,0,0,0.0,0,8.208487032692542,5.115379541151297,7966.675177293168,6610.041477274479,1.2052383036752246,2.021550624998346,366.40750522367296,0.0,0.028037383177570093,0.0,3.429237365047884,24.810126582278482,0.9333333333333333,1695.9411871654493,79,44.01448321342468
ring,100,3000000.0,8,10,exclude,launch,0,0.0,prior,0.0,sa,12600.0,43200.0,371885.5711557902,0,336779.7742678423,35105.796887947894,0,0,0.0,0,9.767669058518155,6.034416206385072,7982.5928847049145,6677.15450476655,1.1955081882569085,2.015326556837053,304.6846805854931,0.0,0.0,0.0,2.0603487168104446,10.412878787878787,0.9493087557603687,1202.705536453987,264,61.99240255355835
ring,100,3000000.0,5,11,exclude,launch,0,0.0,prior,0.0,sa,12600.0,43200.0,512358.4757297803,0,455513.30326058844,56845.17246919182,0,0,0.0,0,8.775336875869144,5.4535448228105095,7966.675177293168,6632.44833677188,1.2011665636540303,2.017480182493942,340.4874587147778,0.0,0.01935483870967742,0.0,2.9338117835152033,18.973913043478262,0.937799043062201,1501.1414101067453,115,47.719921827316284
ring,100,3000000.0,4,12,exclude,launch,0,0.0,prior,0.0,sa,12600.0,43200.0,553240.6585445206,0,489237.31513397425,64003.343410546375,0,0,0.0,0,8.168334363413374,5.0244838929163995,8007.609203841761,6722.740484877851,1.1911227604061316,2.0236195363414584,367.8931531520546,0.0,0.018691588785046728,0.0,3.416153644078299,23.632911392405063,0.9036697247706422,1774.3097135247108,79,40.07500648498535
ring,100,3000000.0,9,10,exclude,launch,0,0.0,prior,0.0,sa,12600.0,43200.0,395309.534967245,0,349541.9146138164,45767.62035342861,0,0,0.0,0,9.980193398106103,6.15255782228017,7982.5928847049145,6685.235054118819,1.1940631586000532,2.016351615671756,298.9238397598287,0.0,0.0023148148148148147,0.0,1.8739967164401599,8.052469135802468,0.9116279069767442,1267.9063760474687,324,61.98800826072693
ring,100,3000000.0,10,10,exclude,launch,0,0.0,prior,0.0,sa,12600.0,43200.0,469722.01931594696,0,414432.6304657994,55289.3888501475,0,0,0.0,0,10.156889527042608,6.181738692033938,7982.5928847049145,6756.509253724418,1.1814670246036645,2.0201367384839424,296.01535010265746,0.0,0.0,0.0,1.7186331833110462,5.6479591836734695,0.9027777777777778,1498.7274616753823,392,62.26704454421997
ring,100,3000000.0,6,11,exclude,launch,0,0.0,prior,0.0,sa,12600.0,43200.0,431373.78409294365,0,388665.53167649,42708.25241645369,0,0,0.0,0,9.198062809558632,5.786562640996155,7966.675177293168,6553.09571862846,1.2157117062469165,2.0151713643817004,323.67622903829334,0.0,0.014218009478672985,0.0,2.5566175417938894,15.94267515923567,0.937799043062201,1334.1735198284675,157,52.5783326625824
ring,100,3000000.0,7,11,exclude,launch,0,0.0,prior,0.0,sa,12600.0,43200.0,399462.9339289586,0,365686.98332230677,33775.95060665183,0,0,0.0,0,9.525420560820285,5.942901675411293,7966.675177293168,6606.0850396297665,1.2059601306221839,2.014286296756061,312.2255610630128,0.0,0.0035714285714285713,0.0,2.2875101365079766,12.966666666666667,0.9569377990430622,1221.119318640615,210,57.89857482910156
ring,100,3000000.0,5,12,exclude,launch,0,0.0,prior,0.0,sa,12600.0,43200.0,459235.56544803415,0,408831.29851497617,50404.26693305802,0,0,0.0,0,8.73235182456807,5.408469370747656,8007.609203841761,6683.033864398275,1.1981997048525725,2.018896261102449,341.43586544778975,0.0,0.012903225806451613,0.0,2.9446487296091344,19.52173913043478,0.9302325581395349,1471.1372336894053,115,48.96303987503052
ring,100,3000000.0,8,11,exclude,launch,0,0.0,prior,0.0,sa,12600.0,43200.0,378321.6710282014,0,344930.13697558193,33391.53405261954,0,0,0.0,0,9.78640703176345,6.111167189908856,7966.675177293168,6597.409515162397,1.2075459555729984,2.014069749909102,303.93084860340963,0.0,0.0,0.0,2.0616643935994508,10.708333333333334,0.9569377990430622,1168.9085101836515,264,62.951677322387695
ring,100,3000000.0,6,12,exclude,launch,0,0.0,prior,0.0,sa,12600.0,43200.0,409237.3946583687,0,366870.6007354955,42366.793922873185,0,0,0.0,0,9.152964169458823,5.670710482469769,8007.609203841761,6681.795165629708,1.198421832059724,2.0167335382623492,324.67315943618513,0.0,0.004761904761904762,0.0,2.5596605838074638,15.679487179487179,0.9571428571428572,1319.9557822177826,156,50.34782910346985
ring,100,3000000.0,9,11,exclude,launch,0,0.0,prior,0.0,sa,12600.0,43200.0,388681.70573411963,0,358870.35812759935,29811.347606520285,0,0,0.0,0,9.999347088584939,6.190390658376451,7966.675177293168,6648.234157597348,1.1983144679387017,2.0151820630820954,298.23627062978824,0.0,0.0023148148148148147,0.0,1.876076819008282,8.373456790123457,0.9471153846153846,1215.2596972032559,324,65.18418431282043
ring,100,3000000.0,10,11,exclude,launch,0,0.0,prior,0.0,sa,12600.0,43200.0,463579.76789508085,0,414753.3006023221,48826.467292758716,0,0,0.0,0,10.176388922948691,6.248223925833325,7966.675177293168,6690.902383409837,1.1906727554487453,2.018238592774434,294.9147966052296,0.0,0.0,0.0,1.7182640348067746,6.10230179028133,0.9326923076923077,1388.4636827147503,391,64.96705770492554
ring,100,3000000.0,7,12,exclude,launch,0,0.0,prior,0.0,sa,12600.0,43200.0,360049.9928068171,0,329249.0043305523,30800.98847626478,0,0,0.0,0,9.478684426508629,5.810338399405099,8007.609203841761,6750.448320487786,1.1862336875520487,2.0161825871197707,313.3941143331274,0.0,0.007142857142857143,0.0,2.266549676990443,13.157142857142857,0.9626168224299065,1197.2314005311523,210,57.13572382926941
core,100,1500000.0,2,1,exclude,launch,0,0.0,prior,0.0,sa,12600.0,43200.0,499168.8101079215,0,449323.8732423768,49844.93686554473,0,0,0.0,0,4.663174168570314,36.37311155512847,6968.561876837692,463.14047691609983,15.046324439701436,2.028819823864233,371.64065852491785,0.0,0.12962962962962962,0.0,3.338797837473361,55.9,0.9453551912568307,1465.1239671591557,40,53.74997091293335
ring,100,3000000.0,9,12,exclude,launch,0,0.0,prior,0.0,sa,12600.0,43200.0,359903.35281534784,0,328532.2095513822,31371.143263965583,0,0,0.0,0,9.950239231906052,6.093648535127646,8007.609203841761,6746.3767042264935,1.1869496108666933,2.017393716793892,299.53714831279524,0.0,0.004618937644341801,0.0,1.8685806888706937,8.5,0.9107981220657277,1208.2037770443644,324,63.47717571258545
ring,100,3000000.0,10,12,exclude,launch,0,0.0,prior,0.0,sa,12600.0,43200.0,419231.40214515117,0,383342.1815123142,35889.22063283698,0,0,0.0,0,10.126394768038166,6.136163396968024,8007.609203841761,6801.338819606085,1.1773577844347916,2.021726760557095,296.9388297211721,0.0,0.0,0.0,1.708615170121571,6.075376884422111,0.9245283018867925,1369.5055284144698,398,65.79304146766663
ring,100,3000000.0,8,12,exclude,launch,0,0.0,prior,0.0,sa,12600.0,43200.0,343037.40716061514,0,314683.74130412994,28353.665856485186,0,0,0.0,0,9.738364965956224,5.948878101634516,8007.609203841761,6770.04692691005,1.1827996600751116,2.016254573877518,305.24190386063935,0.0,0.002840909090909091,0.0,2.054106710396338,10.924242424242424,0.9619047619047619,1142.859079704963,264,69.85198402404785
core,100,1500000.0,3,1,exclude,launch,0,0.0,prior,0.0,sa,12600.0,43200.0,330499.74838259985,0,307291.55523918825,23208.193143411645,0,0,0.0,0,5.227019121186437,40.479073016438896,6968.561876837692,468.16062485535633,14.884980724277506,2.016154063164236,324.3031777452732,0.0,0.09433962264150944,0.0,2.5503384525232278,43.78481012658228,0.9726775956284153,956.8440588969733,79,77.62004685401917
core,100,1500000.0,2,3,exclude,launch,0,0.0,prior,0.0,sa,12600.0,43200.0,497592.4430685898,0,427445.4197749093,70147.02329368054,0,0,0.0,0,4.207464860494142,34.12703813254715,7762.382610686937,494.1726075766917,15.707836678264844,2.026559721824188,370.00961837897165,0.0,0.16666666666666666,0.0,3.3510404662396116,56.675,0.937799043062201,1452.9922873127268,40,52.95063757896423
core,100,1500000.0,4,1,exclude,launch,0,0.0,prior,0.0,sa,12600.0,43200.0,252896.22511986262,0,240251.9792594984,12644.245860364223,0,0,0.0,0,5.562294157505461,37.749260649498474,6968.561876837692,534.8632597461008,13.028679292994743,2.0109019812110365,302.0349655044022,0.0,0.03977272727272727,0.0,2.0559991015762265,34.18320610687023,0.9726775956284153,739.2745019905842,131,102.0927004814148
core,100,1500000.0,3,2,exclude,launch,0,0.0,prior,0.0,sa,12600.0,43200.0,336869.41421182064,0,307040.7496087355,29828.66460308513,0,0,0.0,0,5.747978949392344,31.201032715823494,6306.0645414764385,607.1895884674576,10.385659868432366,2.0167676806428796,324.6949651507837,0.0,0.05660377358490566,0.0,2.5524899521325217,44.0126582278481,0.9638009049773756,951.9035204915414,79,82.14303970336914
core,100,1500000.0,3,3,exclude,launch,0,0.0,prior,0.0,sa,12600.0,43200.0,337600.1662275656,0,304810.2328085433,32789.9334190223,0,0,0.0,0,4.7149756605093875,36.3169005507606,7762.382610686937,522.1333765413254,14.866666180403746,2.0149251862084956,323.51926566410964,0.0,0.09433962264150944,0.0,2.5606286641895752,42.31645569620253,0.9619047619047619,991.7199599491389,79,74.48784852027893
core,100,1500000.0,4,2,exclude,launch,0,0.0,prior,0.0,sa,12600.0,43200.0,260068.15121763584,0,238226.12421397254,21842.027003663283,0,0,0.0,0,6.117522384031546,31.548315473286312,6306.0645414764385,639.8637524082874,9.855323915039705,2.0113073252377927,302.27722957464283,0.0,0.06818181818181818,0.0,2.0532771227523003,34.3206106870229,0.9638009049773756,735.3945595173777,131,104.7015290260315
core,100,1500000.0,5,1,exclude,launch,0,0.0,prior,0.0,sa,12600.0,43200.0,205761.3360672558,0,195908.94407031414,9852.391996941635,0,0,0.0,0,5.784546898931235,40.37169415313032,6968.561876837692,520.359612833265,13.391819243801644,2.008182757316522,289.1185698560982,0.0,0.03816793893129771,0.0,1.7151719979855897,28.331632653061224,0.9781420765027322,595.4263484613411,196,126.65922212600708
core,100,1500000.0,2,4,exclude,launch,0,0.0,prior,0.0,sa,12600.0,43200.0,513786.4526142337,0,444056.8811369978,69729.5714772359,0,0,0.0,0,4.5558500222368625,32.1555527137274,7141.218427495743,524.1277383422766,13.624958011346916,2.027886058439064,370.9663563623919,0.0,0.07407407407407407,0.0,3.34911562417788,57.075,0.9476190476190476,1441.0425140006162,40,51.48609256744385
core,100,1500000.0,4,3,exclude,launch,0,0.0,prior,0.0,sa,12600.0,43200.0,269462.55853511486,0,249890.1422405322,19572.41629458265,0,0,0.0,0,5.016719611074149,29.99713807963996,7762.382610686937,673.3103163622292,11.528685098166402,2.010235915389531,301.6370854017973,0.0,0.028409090909090908,0.0,2.0477006280681107,31.515151515151516,0.9567307692307693,794.4627881330927,132,95.04341053962708
core,100,1500000.0,7,1,exclude,launch,0,0.0,prior,0.0,sa,12600.0,43200.0,358032.54394990526,0,345128.5648210081,12903.979128897141,0,1,0.5770310306616049,1,6.060942513495723,38.23088236349816,6968.561876837692,575.9762882725967,12.098695760092866,2.005391218068513,274.68401434035275,0.0,0.01016260162601626,0.0,1.2773055039434447,19.275956284153004,0.9781420765027322,464.0620560965014,366,138.1833872795105
core,100,1500000.0,5,2,exclude,launch,0,0.0,prior,0.0,sa,12600.0,43200.0,207875.6444519672,0,195976.59422906814,11899.050222899063,0,0,0.0,0,6.3625071566016205,34.440847008936636,6306.0645414764385,609.8818633356856,10.339813200848559,2.008464907867718,289.28041824729456,0.0,0.05343511450381679,0.0,1.7144086864294739,27.984615384615385,0.9411764705882353,602.8733393482102,195,126.97233462333679
core,100,1500000.0,6,1,exclude,launch,0,0.0,prior,0.0,sa,12600.0,43200.0,175574.10243132882,0,168187.770709752,7386.331721576858,0,0,0.0,1,5.942680330961141,27.33109935851674,6968.561876837692,789.7428571083935,8.823836536303418,2.0067838845494723,280.8085611337099,0.0,0.0410958904109589,0.0,1.4751367926397219,23.626373626373628,0.9836065573770492,512.5336315840723,273,148.20296430587769
core,100,1500000.0,6,2,exclude,launch,0,0.0,prior,0.0,sa,12600.0,43200.0,195896.04619979192,0,185004.07874373213,10891.967456059823,0,0,0.0,0,6.5368216087696265,26.832058028824857,6306.0645414764385,804.3715572345872,7.839740832155426,2.0069322988744362,280.89135762162385,0.0,0.013440860215053764,0.0,1.4549552026537813,20.899280575539567,0.9592760180995475,567.8043805016799,278,133.04591584205627
core,100,1500000.0,7,2,exclude,launch,0,0.0,prior,0.0,sa,12600.0,43200.0,385069.9770601708,0,366357.7724640377,18712.204596133033,0,1,0.6059088899981995,1,6.6671886889617795,31.393048470436145,6306.0645414764385,701.3313102996364,8.991562830386453,2.0056784883687686,274.84100762042664,0.0,0.004032258064516129,0.0,1.2696924513030796,18.766937669376695,0.9547511312217195,471.5745639526202,369,130.28168511390686
core,100,1500000.0,6,3,exclude,launch,0,0.0,prior,0.0,sa,12600.0,43200.0,282602.9026606337,0,255455.2510863593,27147.651574274434,0,1,0.3997165092892162,1,5.3590362447937565,35.213731687083055,7762.382610686937,613.1921136596227,12.658973326254754,2.0060178856023017,280.38142431166347,0.0,0.018970189701897018,0.0,1.465724583868974,22.565693430656935,0.9423076923076923,532.0664955998291,274,111.87526488304138
core,100,1500000.0,8,1,exclude,launch,0,0.0,prior,0.0,sa,12600.0,43200.0,337012.97353803756,0,324822.96004289493,12190.013495142679,0,1,0.6130205780416111,1,6.1527241813791065,37.26582490821169,6968.561876837692,599.875475498818,11.616680730351716,2.004632959487784,270.2647326363257,0.0,0.006359300476947536,0.0,1.1390222614408954,17.286624203821656,0.978021978021978,402.528054318738,471,153.7840974330902
core,100,1500000.0,5,3,exclude,launch,0,0.0,prior,0.0,sa,12600.0,43200.0,227193.3266317182,0,212588.3451302587,14604.981501459511,0,0,0.0,0,5.216732310312477,21.570453313334767,7762.382610686937,974.0346676971621,7.969308350224291,2.007937097494911,288.97769031295,0.0,0.018867924528301886,0.0,1.70572609593251,24.266331658291456,0.9712918660287081,686.2230401162027,199,117.98797607421875
core,100,1500000.0,3,4,exclude,launch,0,0.0,prior,0.0,sa,12600.0,43200.0,338536.5929001879,0,302167.1734566016,36369.41944358628,0,0,0.0,0,5.106403618727249,31.389663587566144,7141.218427495743,603.8987992117881,11.825190639253629,2.015572065211308,323.9317975750562,0.0,0.03773584905660377,0.0,2.557626387480675,43.35443037974684,0.9295774647887324,968.5157523978531,79,80.41590976715088
core,100,1500000.0,8,2,exclude,launch,0,0.0,prior,0.0,sa,12600.0,43200.0,371815.8024091934,0,352065.16915059456,19750.6332585989,0,1,0.6275078166672068,1,6.768366923701899,31.94423336294138,6306.0645414764385,699.7183627700317,9.012289625374573,2.0048919485518795,270.40409623524306,0.0,0.004709576138147566,0.0,1.1244228181050275,16.245283018867923,0.9502262443438914,423.8967083281485,477,152.20080542564392
core,100,1500000.0,9,1,exclude,launch,0,0.0,prior,0.0,sa,12600.0,43200.0,325441.61954551423,0,314586.9397998743,10854.679745639889,0,1,0.6348170468618166,1,6.22602360935053,36.440215073607085,6968.561876837692,620.7927890274833,11.225262277537801,2.004074622984018,266.8527875590058,0.0,0.0037974683544303796,0.0,1.020932771197764,15.129848229342327,0.9835164835164835,364.8502395630418,593,173.55442190170288
core,100,1500000.0,2,5,exclude,launch,0,0.0,prior,0.0,sa,12600.0,43200.0,485268.9709194211,0,425418.00902511535,59850.961894305765,0,0,0.0,0,4.914400014065929,31.140309265600614,6593.891938148332,541.3332080569503,12.180837680023927,2.0274450008630094,370.6480673514347,0.0,0.1111111111111111,0.0,3.3436940737532326,55.15,0.9419642857142857,1492.7730899053468,40,53.76845717430115
core,100,1500000.0,7,3,exclude,launch,0,0.0,prior,0.0,sa,12600.0,43200.0,263535.0241303317,0,238504.4611596016,25030.562970730105,0,1,0.4287267852317915,1,5.465457186943383,34.293865894639914,7762.382610686937,642.2211039374064,12.086775976523333,2.005012189127951,274.476943572434,0.0,0.00816326530612245,0.0,1.2815640075626709,18.967391304347824,0.9516908212560387,469.89544213313536,368,137.74707341194153
core,100,1500000.0,4,4,exclude,launch,0,0.0,prior,0.0,sa,12600.0,43200.0,250268.6102683906,0,229642.04453223056,20626.56573616003,0,0,0.0,0,5.433766710026706,34.36496093552865,7141.218427495743,587.6525279491677,12.152110452783523,2.0105073057135496,301.79917107057963,0.0,0.03977272727272727,0.0,2.0556721931203996,34.49242424242424,0.9528301886792453,731.1457458465517,132,100.23301458358765
core,100,1500000.0,9,2,exclude,launch,0,0.0,prior,0.0,sa,12600.0,43200.0,350777.258050828,0,332746.25157588295,18031.006474945058,0,1,0.6651438113994043,1,6.849172015739486,30.576178907455727,6306.0645414764385,739.7641039052627,8.524426243698924,2.0043105807928487,266.97822325094484,0.0,0.005069708491761723,0.0,1.0207266576123302,14.925801011804385,0.9547511312217195,370.9843991726608,593,170.63338589668274
core,100,1500000.0,8,3,exclude,launch,0,0.0,prior,0.0,sa,12600.0,43200.0,245549.11316124498,0,221510.5469430788,24038.56621816618,0,1,0.4600036598634949,1,5.548047347324025,32.21894261882521,7762.382610686937,693.9387556298398,11.185976496789785,2.004353351320752,270.1143140983595,0.0,0.006339144215530904,0.0,1.1374356519982787,16.61522198731501,0.9516908212560387,417.8383572508499,473,156.35317254066467
core,100,1500000.0,2,6,exclude,launch,0,0.0,prior,0.0,sa,12600.0,43200.0,518336.6294067728,0,456882.613995368,61454.015411404755,0,0,0.0,0,4.3018871718061975,33.2625790954789,7584.090639439221,506.53803182247236,14.972401207768021,2.0284704900988832,371.38832165037667,0.0,0.07407407407407407,0.0,3.3426004693505735,56.375,0.9372197309417041,1457.4226586210266,40,50.990715980529785
core,100,1500000.0,5,4,exclude,launch,0,0.0,prior,0.0,sa,12600.0,43200.0,206249.73658137894,0,194314.25772907358,11935.478852305352,0,0,0.0,0,5.65077146750292,33.21516913923836,7141.218427495743,632.559103964177,11.289408978137422,2.0079191016949514,288.96737153750985,0.0,0.011450381679389313,0.0,1.7179213950447472,27.45408163265306,0.9619047619047619,615.1358244388773,196,117.90164875984192
core,100,1500000.0,3,5,exclude,launch,0,0.0,prior,0.0,sa,12600.0,43200.0,326615.74663044186,0,294832.69869286474,31783.04793757713,0,0,0.0,0,5.509415625562356,35.607918097615766,6593.891938148332,532.4117022361577,12.384949298547783,2.0153708979752034,323.8034797280797,0.0,0.07547169811320754,0.0,2.560087441843965,42.29113924050633,0.9555555555555556,991.9358424290405,79,80.91133546829224
core,100,1500000.0,10,2,exclude,launch,0,0.0,prior,0.0,sa,12600.0,43200.0,342186.60994274303,0,324729.9321952223,17456.677747520735,0,1,0.6818423503222417,1,6.915194418250087,30.3176681989653,6306.0645414764385,753.2627704830475,8.371666287758423,2.0038695852970503,264.2555311679281,0.0,0.0,0.0,0.9215427174391739,13.192886456908345,0.95,339.645714276528,731,193.44258451461792
core,100,1500000.0,6,4,exclude,launch,0,0.0,prior,0.0,sa,12600.0,43200.0,327669.7794776897,0,304161.90989661275,23507.86958107698,0,1,0.4829575013058925,1,5.805169495167739,34.66235886951317,7141.218427495743,622.8945221912427,11.464570923459217,2.0061841104952745,280.47408712275893,0.0,0.01092896174863388,0.0,1.4684014887409718,22.302919708029197,0.937799043062201,538.5107148709567,274,116.93674564361572
core,100,1500000.0,3,6,exclude,launch,0,0.0,prior,0.0,sa,12600.0,43200.0,335488.70501453336,0,305840.4598862909,29648.245128242488,0,0,0.0,0,4.821048347586732,36.226176317853586,7584.090639439221,523.2132119889865,14.495220047308104,2.0158024062886346,324.0787556560258,0.0,0.0660377358490566,0.0,2.549798005191851,43.721518987341774,0.9775784753363229,957.4596091067008,79,76.61213064193726
core,100,1500000.0,7,4,exclude,launch,0,0.0,prior,0.0,sa,12600.0,43200.0,336002.21945599216,0,314096.8613788784,21905.358077113713,0,1,0.5493020972287831,1,5.920637351144612,31.993703250766142,7141.218427495743,688.329957308177,10.374702352666162,2.005196101772988,274.5774088205673,0.0,0.00408997955010225,0.0,1.2799422957193562,18.56986301369863,0.9519230769230769,483.75498017032254,365,126.01261448860168
core,100,1500000.0,4,5,exclude,launch,0,0.0,prior,0.0,sa,12600.0,43200.0,245279.5156785443,0,226774.81564221086,18504.700036333456,0,0,0.0,0,5.863247309199158,36.18081553418924,6593.891938148332,558.1864378189097,11.813063685161701,2.010409309779183,301.74063877191816,0.0,0.08522727272727272,0.0,2.0591354794327636,33.57575757575758,0.9733333333333334,753.037298002857,132,104.58146548271179
core,100,1500000.0,2,7,exclude,launch,0,0.0,prior,0.0,sa,12600.0,43200.0,482762.3880046725,0,422779.0276247678,59983.36037990473,0,0,0.0,0,4.078814515459319,29.983172150086663,8018.5908986554505,561.9453621516395,14.269342606464388,2.028453251918103,371.37587208485695,0.0,0.12962962962962962,0.0,3.3468660257510763,55.725,0.908695652173913,1478.9542026956306,40,52.8430392742157
core,100,1500000.0,8,4,exclude,launch,0,0.0,prior,0.0,sa,12600.0,43200.0,314886.5741546252,0,295045.4619573093,19841.11219731588,0,1,0.5861371648385088,1,6.010249948445917,32.02458152423014,7141.218427495743,698.1035099161156,10.229454982046766,2.0044878491357174,270.18666357085914,0.0,0.0,0.0,1.1401558476641838,16.611464968152866,0.9521531100478469,419.82476214337527,471,151.2231104373932
core,100,1500000.0,5,5,exclude,launch,0,0.0,prior,0.0,sa,12600.0,43200.0,195509.73948444266,0,184680.51637971707,10829.22310472559,0,0,0.0,0,6.097809278384392,36.259745139486334,6593.891938148332,579.4779660647484,11.37902098836931,2.0078077019314824,288.90349911393145,0.0,0.030534351145038167,0.0,1.718322327511573,27.959183673469386,0.9642857142857143,603.6137359095723,196,125.87464308738708
core,100,1500000.0,4,6,exclude,launch,0,0.0,prior,0.0,sa,12600.0,43200.0,256752.5288156434,0,239497.13891121704,17255.389904426364,0,0,0.0,0,5.129726177535332,32.69118186480588,7584.090639439221,617.6643475023245,12.278660198062799,2.0107541015831694,301.946605698528,0.0,0.08,0.0,2.062438937634731,34.18320610687023,0.9641255605381166,740.7996479330832,131,100.49867725372314
core,100,1500000.0,7,5,exclude,launch,0,0.0,prior,0.0,sa,12600.0,43200.0,312347.5653138128,0,295718.99801937357,16628.567294439286,0,1,0.5350970037857936,1,6.389521124393563,33.25780631870818,6593.891938148332,662.1726170089491,9.957965292997335,2.005179325042718,274.5682434991409,0.0,0.010183299389002037,0.0,1.2747548022440673,18.730978260869566,0.9775784753363229,477.6460007145201,368,134.6122772693634
core,100,1500000.0,3,7,exclude,launch,0,0.0,prior,0.0,sa,12600.0,43200.0,314722.0225466835,0,289161.54962073284,25560.47292595065,0,0,0.0,0,4.570470169369156,31.391818985818993,8018.5908986554505,603.7264772366261,13.281827451660073,2.0160089400486827,324.2105529583342,0.0,0.05660377358490566,0.0,2.554528678140115,43.22784810126582,0.9304347826086956,969.3004379143633,79,79.93712615966797
core,100,1500000.0,6,5,exclude,launch,0,0.0,prior,0.0,sa,12600.0,43200.0,187450.6108674028,0,177767.7956904924,9682.815176910422,0,0,0.0,0,6.264704444138564,26.612269304444194,6593.891938148332,811.2153883812643,8.128410817386095,2.0064360498869163,280.6145610514669,0.0,0.016172506738544475,0.0,1.4552243304029615,20.512544802867385,0.9775784753363229,576.9402520045489,279,140.1073408126831
core,100,1500000.0,9,4,exclude,launch,0,0.0,prior,0.0,sa,12600.0,43200.0,304446.0998222682,0,285138.3822210892,19307.71760117893,0,1,0.6062377673041284,1,6.081816830626009,32.13349597080224,7141.218427495743,704.038953504886,10.143214934265968,2.0039497071236028,266.78639394389756,0.0,0.001256281407035176,0.0,1.0120071192303528,14.29382303839733,0.9663461538461539,383.5567351144751,599,171.3594765663147
core,100,1500000.0,6,6,exclude,launch,0,0.0,prior,0.0,sa,12600.0,43200.0,452202.1947348767,0,403669.9940439078,48532.200690968915,0,1,0.6108206991375871,1,5.4799146902671945,31.808732006753516,7584.090639439221,678.7000865017931,11.17443594051934,2.0064075373960026,280.598661567763,0.0,0.013440860215053764,0.0,1.4440560973290675,21.755395683453237,0.9506726457399103,542.4208036449893,278,109.74731922149658
core,100,1500000.0,2,8,exclude,launch,0,0.0,prior,0.0,sa,12600.0,43200.0,446654.4754009775,0,408185.6285690854,38468.846831892115,0,0,0.0,0,4.840946850020634,29.71433091587488,6699.414751861177,567.0148708231502,11.815236418994555,2.028505867253747,371.4138719958011,0.0,0.12727272727272726,0.0,3.3330780653796,60.58536585365854,0.9518716577540107,1354.2170266201776,41,58.782257318496704
core,100,1500000.0,5,6,exclude,launch,0,0.0,prior,0.0,sa,12600.0,43200.0,213300.49580484102,0,200152.57711203955,13147.918692801479,0,0,0.0,0,5.334337652733325,33.37166101417864,7584.090639439221,629.5484718388254,12.046873241209092,2.008060496992572,289.0484524364548,0.0,0.030534351145038167,0.0,1.7169054306367757,27.413265306122447,0.9641255605381166,615.527164262302,196,122.35481882095337
core,100,1500000.0,8,5,exclude,launch,0,0.0,prior,0.0,sa,12600.0,43200.0,292198.0968989396,0,275720.98227718327,16477.114621756296,0,1,0.571996354914707,1,6.486390746396796,36.20852504348537,6593.891938148332,617.463386953927,10.679000694563198,2.0044012639615136,270.1400863004934,0.0,0.0031847133757961785,0.0,1.1401240580567906,17.00212765957447,0.9820627802690582,410.34015763232355,470,149.88793802261353
core,100,1500000.0,4,7,exclude,launch,0,0.0,prior,0.0,sa,12600.0,43200.0,247417.55070094822,0,226638.8225886714,20778.728112276833,0,0,0.0,0,4.862778240496588,34.272673399632964,8018.5908986554505,589.1321463701477,13.610852756993207,2.0108580567961427,302.0087188036146,0.0,0.03977272727272727,0.0,2.0531579794746633,34.25,0.9650655021834061,734.8520156503608,132,98.79363250732422
core,100,1500000.0,5,7,exclude,launch,0,0.0,prior,0.0,sa,12600.0,43200.0,230384.04101899866,0,217375.95821227087,13008.082806727798,0,0,0.0,0,5.0565329498867655,19.864930480724983,8018.5908986554505,1057.2939557033744,7.584069553600171,2.008634839407412,289.37791694689133,0.0,0.03773584905660377,0.0,1.6966252778099882,23.29145728643216,0.960352422907489,707.7725102583792,199,107.95545864105225
core,100,1500000.0,3,8,exclude,launch,0,0.0,prior,0.0,sa,12600.0,43200.0,308481.1550970575,0,289343.22964002844,19137.925457029036,0,0,0.0,0,5.426840395851422,30.206052984828073,6699.414751861177,627.4271537102926,10.677597729464154,2.01600622126589,324.2088178222378,0.0,0.09433962264150944,0.0,2.5490482784723834,44.20253164556962,0.9565217391304348,947.0401663010798,79,80.51493787765503
core,100,1500000.0,7,6,exclude,launch,0,0.0,prior,0.0,sa,12600.0,43200.0,426578.5423319151,0,380274.8667450324,46303.67558688271,0,1,0.6475778349398802,1,5.58878401867154,34.21110840699836,7584.090639439221,643.6844838218758,11.78231079054243,2.0052930542545497,274.6303780768792,0.0,0.024439918533604887,0.0,1.2816430395910432,19.240437158469945,0.968609865470852,468.0186612891073,366,136.96130561828613
core,100,1500000.0,9,5,exclude,launch,0,0.0,prior,0.0,sa,12600.0,43200.0,278490.15169143176,0,264064.2874385316,14425.864252900205,0,1,0.6001513709698328,1,6.563754231330233,35.420916680849125,6593.891938148332,638.7222721190183,10.323566636047472,2.0038703868798624,266.7442389919596,0.0,0.0038119440914866584,0.0,1.0239480342057439,15.138983050847457,0.9775784753363229,366.2624944264674,590,177.4972062110901
core,100,1500000.0,6,7,exclude,launch,0,0.0,prior,0.0,sa,12600.0,43200.0,329355.0408078441,0,298438.06395267724,30916.976855166868,0,1,0.47519705270386686,1,5.194382951773639,33.34337526417286,8018.5908986554505,647.4553718530744,12.384777773494312,2.0064300040025738,280.6111896339083,0.0,0.026881720430107527,0.0,1.4545940871626017,21.68345323741007,0.9605263157894737,547.5543483283187,278,115.43334412574768
core,100,1500000.0,2,9,exclude,launch,0,0.0,prior,0.0,sa,12600.0,43200.0,504580.402365991,0,448957.1196727917,55623.28269319929,0,0,0.0,0,4.132378317634815,27.53987740662967,7909.979841733408,611.8697688122581,12.927554595625807,2.0282228633732187,371.2095034858235,0.0,0.09259259259259259,0.0,3.3473023393774755,56.5,0.949438202247191,1455.673496279795,40,52.505452394485474
core,100,1500000.0,4,8,exclude,launch,0,0.0,prior,0.0,sa,12600.0,43200.0,257128.64749700227,0,240024.66952483478,17103.97797216748,0,0,0.0,0,5.775241247299919,27.50759718708385,6699.414751861177,734.0080675279357,9.127167735940727,2.010891459038891,302.02867795640987,0.0,0.056818181818181816,0.0,2.0433345957226465,32.57251908396947,0.9777777777777777,768.3121342855295,131,102.23574876785278
core,100,1500000.0,8,6,exclude,launch,0,0.0,prior,0.0,sa,12600.0,43200.0,386301.69851530204,0,363457.42612481915,22844.272390482925,0,1,0.6571253646934073,1,5.673274654436272,33.963600010134606,7584.090639439221,658.2252880425755,11.5220286689269,2.004557102090753,270.22392010888234,0.0,0.01263823064770932,0.0,1.1340518586270618,16.858947368421052,0.9775784753363229,410.7681565648171,475,156.03731203079224
core,100,1500000.0,7,7,exclude,launch,0,0.0,prior,0.0,sa,12600.0,43200.0,303181.46268373466,0,276057.54044315335,27123.922240581287,0,1,0.5162362309727775,1,5.297472255378913,32.032694323520545,8018.5908986554505,687.4191706011134,11.664776371662137,2.0054088456671044,274.69364653507427,0.0,0.010101010101010102,0.00202020202020202,1.2798731898019269,18.8125,0.9692982456140351,474.9133852989302,368,135.68672513961792
core,100,1500000.0,3,9,exclude,launch,0,0.0,prior,0.0,sa,12600.0,43200.0,335868.9801770059,0,306455.33475794893,29413.64541905701,0,0,0.0,0,4.630632699889489,37.70822453606789,7909.979841733408,502.7264747243191,15.734162092957241,2.0154931048048983,323.8814283439019,0.0,0.08490566037735849,0.0,2.5536681990201324,43.48101265822785,0.9719101123595506,964.3545899000412,79,72.34366989135742
core,100,1500000.0,2,10,exclude,launch,0,0.0,prior,0.0,sa,12600.0,43200.0,503024.40183173696,0,441000.233397614,62024.168434122985,0,0,0.0,0,4.123824148417892,34.23612723804992,7927.135773030543,492.2279392527021,16.104603458847702,2.028083259012784,371.10871026455777,0.0,0.1111111111111111,0.0,3.3463457517352926,55.925,0.8986175115207373,1468.627585995467,40,52.934085845947266
core,100,1500000.0,5,8,exclude,launch,0,0.0,prior,0.0,sa,12600.0,43200.0,211094.6630748544,0,197980.56691082145,13114.096164032973,0,0,0.0,0,6.006200677945408,23.938808814564762,6699.414751861177,877.5038949352177,7.634626798272805,2.008316706673302,289.19540080540264,0.0,0.03018867924528302,0.0,1.6969910672014006,26.241206030150753,0.988950276243094,630.3831463598142,199,121.94024586677551
core,100,1500000.0,8,7,exclude,launch,0,0.0,prior,0.0,sa,12600.0,43200.0,289634.3886113332,0,262930.63629890414,26703.75231242911,0,1,0.5404143726925521,1,5.3774763726472665,30.843285029616094,8018.5908986554505,724.7694549288194,11.063643540887035,2.0046852903683114,270.29288930719156,0.0,0.009433962264150943,0.0015723270440251573,1.1194039708131673,15.997907949790795,0.9647577092511013,429.8353986984685,478,152.30700135231018
core,100,1500000.0,4,9,exclude,launch,0,0.0,prior,0.0,sa,12600.0,43200.0,261115.77706223997,0,242587.03545925958,18528.74160298038,0,0,0.0,0,4.926867801255067,33.9590489800445,7909.979841733408,594.6719929907414,13.301416469863177,2.0105233174578148,301.8087353150023,0.0,0.045454545454545456,0.0,2.0536427471864624,33.083333333333336,0.9943820224719101,760.8316153620839,132,102.38965511322021
core,100,1500000.0,3,10,exclude,launch,0,0.0,prior,0.0,sa,12600.0,43200.0,339475.82042089436,0,304641.7501850898,34834.07023580456,0,0,0.0,0,4.6210244621092365,36.56814741951218,7927.135773030543,518.3273131408819,15.293687158785591,2.0157752305498606,324.06141574475254,0.0,0.05660377358490566,0.0,2.5592629919749115,43.30379746835443,0.9400921658986175,970.6717069235353,79,74.1178617477417
core,100,1500000.0,2,11,exclude,launch,0,0.0,prior,0.0,sa,12600.0,43200.0,519819.39297219005,0,456711.06675600173,63108.32621618829,0,0,0.0,0,4.078814515459319,39.050982366437324,8018.590898655449,431.91203921182944,18.565333148129184,2.0263263855188978,369.8414316416467,0.0,0.07407407407407407,0.0,3.3494510046581154,59.5,0.9234449760765551,1380.3969045217837,40,53.61756682395935
core,100,1500000.0,7,8,exclude,launch,0,0.0,prior,0.0,sa,12600.0,43200.0,297030.0836908335,0,287965.34190734976,9064.741783483683,0,1,0.5111607706049224,1,6.29342983243991,31.22737215064552,6699.414751861177,705.1517646719046,9.500670759830408,2.005395329297642,274.68626081159624,0.0,0.018108651911468814,0.002012072434607646,1.2666764524954899,19.43243243243243,0.9777777777777777,457.15829962987914,370,137.03305053710938
core,100,1500000.0,6,8,exclude,launch,0,0.0,prior,0.0,sa,12600.0,43200.0,179883.19310875775,0,173032.48394343856,6850.709165319192,0,0,0.0,0,6.1705315079127905,20.00942474062646,6699.414751861177,1078.645808782566,6.210949597461096,2.006919482362104,280.88420714161276,0.0,0.043010752688172046,0.0,1.4476261719518804,21.455197132616487,0.9777777777777777,549.4845386581321,279,141.1133952140808
core,100,1500000.0,6,9,exclude,launch,0,0.0,prior,0.0,sa,12600.0,43200.0,374365.1755960514,0,357851.93709458347,16513.238501467924,0,1,0.525629945126243,1,5.262930548177969,31.647943727915823,7909.979841733408,682.1962624113255,11.59487419906757,2.006266303402599,280.51991158367474,0.0,0.026881720430107527,0.0,1.4536905725676326,21.543478260869566,0.9831460674157303,550.9285992592886,276,109.75278687477112
core,100,1500000.0,5,9,exclude,launch,0,0.0,prior,0.0,sa,12600.0,43200.0,205347.088124544,0,195799.5675330214,9547.52059152259,0,0,0.0,0,5.123226937585659,32.17981059201041,7909.979841733408,652.912021638957,12.114924491476765,2.007916467786245,288.96586127209264,0.0,0.04597701149425287,0.0,1.7198460058142069,27.91794871794872,0.9831460674157303,606.2485138524394,195,120.31916332244873
core,100,1500000.0,4,10,exclude,launch,0,0.0,prior,0.0,sa,12600.0,43200.0,276322.4366456217,0,252405.20239221264,23917.23425340909,0,0,0.0,0,4.916632259948086,36.56807885196378,7927.135773030543,552.2183897177904,14.355073863225892,2.0106158826052334,301.8640299314133,0.0,0.056818181818181816,0.0,2.0513233388892833,31.727272727272727,0.958139534883721,789.9739975165362,132,95.38784551620483
core,100,1500000.0,3,11,exclude,launch,0,0.0,prior,0.0,sa,12600.0,43200.0,376470.9118752846,0,343098.34148314333,33372.57039214129,0,0,0.0,0,4.570470169369157,36.476942552876224,8018.590898655449,519.8784707393108,15.423971851060381,2.014785867924112,323.43045309712653,0.0,0.06481481481481481,0.0,2.5187154064200317,40.80246913580247,0.9569377990430622,1001.3038459122887,81,73.50695276260376
core,100,1500000.0,2,12,exclude,launch,0,0.0,prior,0.0,sa,12600.0,43200.0,533110.8078730841,0,468280.9597941164,64829.84807896772,0,0,0.0,0,4.078814515459319,31.560504122548192,8018.5908986554505,533.7066073739745,15.024342565496344,2.0290379117545196,371.7982350329785,0.0,0.1111111111111111,0.0,3.3422885282459434,52.4,0.9107981220657277,1566.1913580109078,40,49.8875687122345
core,100,3000000.0,4,1,exclude,launch,0,0.0,prior,0.0,sa,12600.0,43200.0,390891.68420531135,0,359956.28994855,30935.394256761425,0,0,0.0,0,9.326348337140628,36.204000288210054,6968.561876837692,936.9464488670699,7.437524188563698,2.015094136605963,361.7905439447672,0.0,0.1826086956521739,0.008695652173913044,3.1939896990065204,36.602409638554214,0.9510869565217391,1100.106410019369,83,56.62083697319031
core,100,3000000.0,5,1,exclude,launch,0,0.0,prior,0.0,sa,12600.0,43200.0,331391.96065274783,0,303706.2010860922,27685.759566655608,0,0,0.0,0,9.972287986961975,37.68593376197642,6968.561876837692,962.8646812507701,7.2373221414513464,2.011025154666223,336.1809683965408,0.0,0.1853932584269663,0.016853932584269662,2.622880146936044,29.085271317829456,0.967741935483871,892.3896260818864,129,68.46487617492676
core,100,1500000.0,3,12,exclude,launch,0,0.0,prior,0.0,sa,12600.0,43200.0,350745.44881191564,0,312397.89332235616,38347.55548955948,0,0,0.0,0,4.570470169369156,35.36015856089292,8018.5908986554505,535.9559292478212,14.961287787055577,2.0160712399977894,324.25031426242487,0.0,0.05660377358490566,0.0,2.549608256906252,41.139240506329116,0.9575471698113207,1016.8485239764157,79,72.93067836761475
core,100,1500000.0,4,12,exclude,launch,0,0.0,prior,0.0,sa,12600.0,43200.0,253267.56242360076,0,237109.86196857216,16157.700455028596,0,0,0.0,0,4.862778240496588,33.28174271993275,8018.5908986554505,606.6419549727377,13.217995941305778,2.0109608573639006,302.07014829159954,0.0,0.056818181818181816,0.0,2.0575920213437273,33.11363636363637,0.9485981308411215,762.1120219676849,132,96.14900755882263
core,100,1500000.0,4,11,exclude,launch,0,0.0,prior,0.0,sa,12600.0,43200.0,281738.22636709764,0,263848.61838453397,17889.607982563717,0,0,0.0,0,4.8627782404965885,34.39237557252831,8018.590898655449,587.305541713494,13.65318446555229,2.010091584443525,301.55090264925093,0.0,0.07865168539325842,0.0,2.023825580688819,32.23134328358209,0.9711538461538461,765.5169076009846,134,98.17934727668762
core,100,1500000.0,6,12,exclude,launch,0,0.0,prior,0.0,sa,12600.0,43200.0,458568.50874425453,0,407812.6110096681,50755.89773458645,0,1,0.5969129684644121,1,5.194382951773639,32.11412520948397,8018.5908986554505,672.2136596860068,11.92863427143233,2.0065037824295695,280.65233270580825,0.0,0.010752688172043012,0.0,1.4496218841192925,20.339285714285715,0.9571428571428572,578.2548145964321,280,103.99744629859924
core,100,1500000.0,5,10,exclude,launch,0,0.0,prior,0.0,sa,12600.0,43200.0,229666.36978008595,0,213810.58998703214,15855.779793053798,0,0,0.0,0,5.112575362705266,23.446801831307653,7927.135773030543,895.9144174360604,8.8480948835677,2.008323415437796,289.19924910084035,0.0,0.03787878787878788,0.0,1.7074242953436178,24.537688442211056,0.9583333333333334,679.4833533025682,199,109.52274489402771
core,100,1500000.0,6,10,exclude,launch,0,0.0,prior,0.0,sa,12600.0,43200.0,288574.1870332214,0,274057.9482408229,14516.238792398513,0,1,0.36738757555199,1,5.2519828749394835,34.25269772862957,7927.135773030543,630.3003434663979,12.57675940557876,2.006324084239433,280.55212798711455,0.0,0.010723860589812333,0.0,1.4549407140738024,21.411552346570396,0.9579439252336449,556.1773815902078,277,112.36279201507568
core,100,1500000.0,5,12,exclude,launch,0,0.0,prior,0.0,sa,12600.0,43200.0,208711.6040532942,0,196807.9460622092,11903.657991084981,0,0,0.0,0,5.0565329498867655,28.94271498241665,8018.5908986554505,725.7900808238703,11.048085542245577,2.008322684732217,289.19882995074425,0.0,0.019083969465648856,0.0,1.7203006985111402,27.352040816326532,0.9905660377358491,618.4812104158609,196,116.10459899902344
core,100,1500000.0,5,11,exclude,launch,0,0.0,prior,0.0,sa,12600.0,43200.0,221127.46924182927,0,207548.0383775842,13579.430864245056,0,0,0.0,0,5.056532949886766,25.516722576157136,8018.590898655449,823.4467777581211,9.737837484149857,2.0078134715730878,288.9068070355056,0.0,0.026022304832713755,0.0,1.6914355224964353,27.56281407035176,0.9615384615384616,602.4216369285258,199,124.057288646698
core,100,1500000.0,6,11,exclude,launch,0,0.0,prior,0.0,sa,12600.0,43200.0,220184.54538145414,0,207996.87212376078,12187.673257693337,0,1,0.15195123694171717,1,5.19438295177364,37.58685057871848,8018.590898655449,574.4945745523684,13.957644256089505,2.0059566492001704,280.34729166384676,0.0,0.024193548387096774,0.002688172043010753,1.4361256986322137,22.81294964028777,0.9516908212560387,516.5255171298179,278,124.32244873046875
core,100,3000000.0,6,1,exclude,launch,0,0.0,prior,0.0,sa,12600.0,43200.0,270507.987182985,0,253867.65018899072,16640.336993994275,0,0,0.0,0,10.454038242372874,50.25543912978969,6968.561876837692,757.1171886105531,9.204073004373686,2.008320287797738,319.32218991158055,0.0,0.08370044052863436,0.0,2.416757436338345,27.269461077844312,0.9782608695652174,731.679833728225,167,75.62181568145752
core,100,1500000.0,7,12,exclude,launch,0,0.0,prior,0.0,sa,12600.0,43200.0,423342.6019280319,0,375655.8588160978,47686.74311193413,0,1,0.6466175084083013,1,5.297472255378913,32.66992359339816,8018.5908986554505,674.0056201594864,11.89691993481902,2.0054248792991425,274.7024078901977,0.0,0.00816326530612245,0.0,1.2792707460135535,18.527322404371585,0.9476190476190476,486.11838841169214,366,127.45372128486633
core,100,1500000.0,7,9,exclude,launch,0,0.0,prior,0.0,sa,12600.0,43200.0,348786.7494455905,0,334199.93776054645,14586.811685044042,0,1,0.5641772430246094,1,5.367406384992709,32.67888954221299,7909.979841733408,673.897869223793,11.737653735044832,2.0051952241683244,274.57692937121624,0.0,0.006109979633401222,0.0,1.2769244765895185,18.793478260869566,0.9830508474576272,475.68502676151667,368,130.06337428092957
core,100,1500000.0,7,10,exclude,launch,0,0.0,prior,0.0,sa,12600.0,43200.0,259460.47780951246,0,248232.08141398593,11228.396395526554,0,1,0.4086116384124484,1,5.3562372241501315,36.12164758963183,7927.135773030543,609.6541780484371,13.002676039071991,2.0052426330641593,274.60283020262784,0.0,0.008113590263691683,0.0,1.2775792391919227,18.69836956521739,0.9812206572769953,477.4923909037081,368,132.2135570049286
core,100,1500000.0,7,11,exclude,launch,0,0.0,prior,0.0,sa,12600.0,43200.0,194866.76886341552,0,186078.9668595099,8787.802003905581,0,1,0.17169327649504243,1,5.2974722553789135,36.56662452796323,8018.590898655449,602.3134700062836,13.312986174079413,2.0049825031972768,274.4607288771938,0.0,0.014112903225806451,0.0020161290322580645,1.2566500357050583,19.533692722371967,0.9375,451.95138958454555,371,143.5017704963684
core,100,1500000.0,8,12,exclude,launch,0,0.0,prior,0.0,sa,12600.0,43200.0,410987.92556262563,0,364521.0130467634,46466.91251586227,0,1,0.6661202327978719,1,5.3774763726472665,32.05140864838631,8018.5908986554505,697.4535997296709,11.496952487969681,2.004676371119813,270.2880901949343,0.0,0.001579778830963665,0.0,1.1292023792095687,15.69409282700422,0.9428571428571428,441.6004412127796,474,144.87078213691711
core,100,3000000.0,7,1,exclude,launch,0,0.0,prior,0.0,sa,12600.0,43200.0,254454.19557204802,0,239359.3547782819,15094.840793766125,0,0,0.0,0,10.827127943469703,39.62820203544091,6968.561876837692,994.2644296933089,7.00876111899851,2.007047413445929,307.78480483787234,0.0,0.12025316455696203,0.0189873417721519,1.969751232828318,20.716101694915253,0.9836065573770492,677.217147767422,236,89.87231469154358
core,100,1500000.0,8,9,exclude,launch,0,0.0,prior,0.0,sa,12600.0,43200.0,331317.39798816165,0,318258.59013975336,13058.807848408229,0,1,0.5939245807814777,1,5.448486736163838,32.97042144928593,7909.979841733408,678.0836308972197,11.665198039461833,2.0044671985317546,270.17555450580187,0.0,0.006349206349206349,0.0,1.1355488228019732,16.59660297239915,0.9943181818181818,417.33320507075706,471,150.17195677757263
core,100,1500000.0,8,10,exclude,launch,0,0.0,prior,0.0,sa,12600.0,43200.0,240984.12684807123,0,231222.28120469314,9761.845643378088,0,1,0.4399400588232963,1,5.437145655199506,34.27439297043387,7927.135773030543,652.2652234268497,12.153239952581275,2.004530723539835,270.209728736719,0.0,0.006349206349206349,0.0,1.1384165839012932,16.456659619450317,0.9577464788732394,422.7562110954295,473,150.9712381362915
core,100,1500000.0,8,8,exclude,launch,0,0.0,prior,0.0,sa,12600.0,43200.0,279616.3413193725,0,272763.04899280827,6853.292326564272,0,1,0.5429944679049872,1,6.388810311075164,29.141016875360915,6699.414751861177,767.0923905095076,8.733517415563702,2.004722828678476,270.31308772745626,0.0,0.012422360248447204,0.003105590062111801,1.109845850759175,16.6900826446281,0.9833333333333333,407.0174912256225,484,153.45592594146729
core,100,1500000.0,8,11,exclude,launch,0,0.0,prior,0.0,sa,12600.0,43200.0,173518.34714112605,0,166203.91075487828,7314.436386247759,0,1,0.19281715494298887,1,5.377476372647267,36.813794621792304,8018.590898655449,607.3583501200056,13.20240496746457,2.0042464412070116,270.05681159682695,0.0,0.007911392405063292,0.0,1.130428856438037,17.613107822410146,0.9660194174757282,392.4650003343683,473,166.2668743133545
core,100,3000000.0,8,1,exclude,launch,0,0.0,prior,0.0,sa,12600.0,43200.0,212658.30752208305,0,203026.49443781548,9631.813084267613,0,0,0.0,0,11.124588315010921,44.85128541798959,6968.561876837692,902.6080440735268,7.720473933943834,2.00584800390404,299.0224833897325,0.0,0.07537688442211055,0.01256281407035176,1.8025456374812199,19.383838383838384,0.9728260869565217,575.4933453236933,297,106.4406385421753
core,100,1500000.0,9,8,exclude,launch,0,0.0,prior,0.0,sa,12600.0,43200.0,265585.4413669019,0,258033.6765686164,7551.764798285512,0,1,0.5716809087532013,1,6.464984319484451,30.773939910153324,6699.414751861177,735.0921862965172,9.113706929213373,2.0040870238275326,266.85937914098463,0.0,0.005050505050505051,0.0,1.0148724954218298,15.299159663865547,0.9833333333333333,361.06890674517894,595,175.97276210784912
core,100,3000000.0,5,2,exclude,launch,0,0.0,prior,0.0,sa,12600.0,43200.0,335249.05578552285,0,304102.68153778574,31146.37424773711,0,0,0.0,0,10.965005695837014,38.09780436819366,6306.0645414764385,952.3172499364796,6.621810685354128,2.011316617034362,336.37482751932066,0.0,0.09195402298850575,0.011494252873563218,2.616477828929975,29.356589147286822,0.9504504504504504,886.1340844961343,129,66.08002066612244
core,100,3000000.0,6,2,exclude,launch,0,0.0,prior,0.0,sa,12600.0,43200.0,283877.93830487697,0,261881.09696344464,21996.841341432362,0,0,0.0,0,11.495957898784688,37.96897356189178,6306.0645414764385,1001.8820703307359,6.294218379808628,2.0087860895588525,319.61728502420357,0.0,0.1016949152542373,0.012711864406779662,2.283580111641273,24.795454545454547,0.9594594594594594,759.6896257071306,176,75.6057243347168
core,100,3000000.0,9,1,exclude,launch,0,0.0,prior,0.0,sa,12600.0,43200.0,197423.64803489824,0,187133.36529021309,10290.28274468517,0,0,0.0,0,11.367296443848927,43.98110569726077,6968.561876837692,940.4879045027787,7.409517808229401,2.005022706482398,292.296985362711,0.0,0.05725971370143149,0.006134969325153374,1.6672349102271646,17.574585635359117,0.9672131147540983,520.4600068709494,362,126.78634643554688
core,100,3000000.0,4,3,exclude,launch,0,0.0,prior,0.0,sa,12600.0,43200.0,378343.26008853165,0,339681.2837984292,38661.97629010247,0,0,0.0,0,8.414929720988283,41.60140341474396,7762.382610686937,815.9011145466343,9.51387670918945,2.0138223683501,360.88456787019345,0.0,0.11504424778761062,0.008849557522123894,3.2681774418727394,38.40243902439025,0.9669811320754716,1066.772791670613,82,53.35922074317932
core,100,3000000.0,7,2,exclude,launch,0,0.0,prior,0.0,sa,12600.0,43200.0,246341.97264340793,0,232163.3321432433,14178.64050016464,0,0,0.0,0,11.907173797416439,37.08839415130044,6306.0645414764385,1062.2384185820645,5.936581120737591,2.0072611026142573,307.91543872087067,0.0,0.08012820512820513,0.016025641025641024,2.0277271781247763,21.452173913043477,0.9683257918552036,674.7401360945378,230,87.58818030357361
core,100,3000000.0,8,2,exclude,launch,0,0.0,prior,0.0,sa,12600.0,43200.0,219452.3497974336,0,207234.36067277644,12217.989124657179,0,0,0.0,0,12.235044768063092,39.67615689302731,6306.0645414764385,1020.2144440500894,6.181116703702374,2.0060929314167133,299.16812716446196,0.0,0.0675,0.0125,1.8101418477620663,19.343537414965986,0.9547511312217195,585.617074591682,294,107.67305088043213
core,100,3000000.0,5,3,exclude,launch,0,0.0,prior,0.0,sa,12600.0,43200.0,333325.51430592325,0,301232.1050673562,32093.409238567056,0,0,0.0,0,8.99635135737448,37.50819724185575,7762.382610686937,967.8332918068771,8.02037156233292,2.0101815932455915,335.62020888259076,0.0,0.14534883720930233,0.01744186046511628,2.6772637294264503,28.865079365079364,0.9481132075471698,922.6162358837679,126,68.33384490013123
core,100,3000000.0,10,1,exclude,launch,0,0.0,prior,0.0,sa,12600.0,43200.0,180094.7684793568,0,173184.8458682391,6909.922611117712,0,0,0.0,0,11.56909379786247,46.32455239457217,6968.561876837692,908.6633524271979,7.6690249014923415,2.0044699107166046,286.9930102144068,0.0,0.05792163543441227,0.022146507666098807,1.511764133082868,15.745995423340961,0.9836065573770492,474.84157094379765,437,140.95667338371277
core,100,3000000.0,9,2,exclude,launch,0,0.0,prior,0.0,sa,12600.0,43200.0,197891.5615706946,0,187821.2668466455,10070.294724049136,0,0,0.0,0,12.502574144062589,40.968800202196284,6306.0645414764385,1009.4993858071149,6.246724495463278,2.005299976161199,292.4582877298018,0.0,0.05091649694501019,0.020366598778004074,1.612320300754569,16.983739837398375,0.9547511312217195,524.9562208861676,369,121.29914355278015
core,100,3000000.0,6,3,exclude,launch,0,0.0,prior,0.0,sa,12600.0,43200.0,271411.864612899,0,251395.76864981925,20016.09596307974,0,0,0.0,0,9.429951321018775,41.00349405232905,7762.382610686937,928.183255633262,8.362984963988579,2.0078189925928527,319.0047612268815,0.0,0.0611353711790393,0.004366812227074236,2.399113663271926,26.452380952380953,0.9669811320754716,741.0826358133072,168,79.40577459335327
core,100,3000000.0,11,1,exclude,launch,0,0.0,prior,0.0,sa,12600.0,43200.0,161649.4702707723,0,155628.02474736702,6021.445523405281,0,0,0.0,0,11.739519359664135,40.73389179110906,6968.561876837692,1048.4878563163802,6.646297174408985,2.004045900580687,282.6776041649216,0.0,0.015942028985507246,0.014492753623188406,1.4157203886597278,14.572533849129593,0.9890710382513661,438.48840500031673,517,160.76287293434143
core,100,3000000.0,7,3,exclude,launch,0,0.0,prior,0.0,sa,12600.0,43200.0,244873.11642852367,0,224718.40179685815,20154.714631665538,0,0,0.0,0,9.765733803099806,37.53160954108479,7762.382610686937,1050.1020543543425,7.392026878244377,2.006481711454615,307.439109946329,0.0,0.07792207792207792,0.003246753246753247,2.029609452474755,21.38197424892704,0.9712918660287081,659.2591528077749,233,91.732351064682
core,100,3000000.0,10,2,exclude,launch,0,0.0,prior,0.0,sa,12600.0,43200.0,179163.71356582723,0,169822.32790338478,9341.385662442448,0,0,0.0,0,12.725014313203241,41.91804493990746,6306.0645414764385,1004.1057328311479,6.280279392187154,2.004625821886531,287.0821097247825,0.0,0.04915254237288136,0.022033898305084745,1.5153117722071483,15.908675799086758,0.9547511312217195,473.0046487020818,438,139.69582533836365
core,100,3000000.0,12,1,exclude,launch,0,0.0,prior,0.0,sa,12600.0,43200.0,152571.62157477762,0,146613.93437396866,5957.687200808959,0,0,0.0,1,11.885360661922283,37.23625753374713,6968.561876837692,1161.066307308526,6.0018638323865865,2.003781488404826,279.13622325749157,0.0,0.03209876543209877,0.019753086419753086,1.2998797872240664,13.202945990180032,0.9890710382513661,406.9406987028805,611,178.02809119224548
core,100,3000000.0,13,1,exclude,launch,0,0.0,prior,0.0,sa,12600.0,43200.0,340461.16694063914,0,329236.1465198156,11225.020420823545,0,1,0.6068119007588044,1,12.011579031906203,49.07270570123205,6968.561876837692,890.4036700679169,7.826295096364724,2.0032529837991184,275.97479408563106,0.0,0.0189873417721519,0.03270042194092827,1.212043823135486,12.230440967283073,0.9726775956284153,382.50253125183445,703,176.34387302398682
core,100,3000000.0,4,4,exclude,launch,0,0.0,prior,0.0,sa,12600.0,43200.0,385701.1334456403,0,351647.9779026858,34053.15554295454,0,0,0.0,0,9.111700044473725,38.21887659094333,7141.218427495743,887.8919540325852,8.042891249393689,2.0143207699721337,361.23948145489857,0.0,0.13157894736842105,0.0,3.212150058854185,36.325301204819276,0.9345794392523364,1091.8802958422714,83,54.75062155723572
core,100,3000000.0,8,3,exclude,launch,0,0.0,prior,0.0,sa,12600.0,43200.0,215925.4958964347,0,202611.23849648575,13314.257399948941,0,0,0.0,0,10.033439222148298,40.853816081057175,7762.382610686937,991.1151456153111,7.831968510447735,2.0054663176440437,298.7955880375943,0.0,0.06377551020408163,0.015306122448979591,1.7991040636717057,18.9864406779661,0.9856459330143541,594.1255500893129,295,107.29875922203064
core,100,3000000.0,11,2,exclude,launch,0,0.0,prior,0.0,sa,12600.0,43200.0,168506.27292875273,0,158403.861989123,10102.410939629734,0,0,0.0,0,12.912877256449478,37.42912728401892,6306.0645414764385,1140.923525200302,5.527157957733703,2.0042908248605285,282.8155322278522,0.0,0.039660056657223795,0.029745042492917848,1.3613734985454211,13.947269303201507,0.9502262443438914,445.61885440744555,531,158.281480550766
core,100,3000000.0,14,1,exclude,launch,0,0.0,prior,0.0,sa,12600.0,43200.0,330254.17627448175,0,320065.44062548847,10188.735648993275,0,1,0.6255663143351257,1,12.121885026991446,50.13155479485521,6968.561876837692,879.562058513425,7.922763163085358,2.0029512064219395,273.3523558185777,0.0,0.010261194029850746,0.024253731343283583,1.1652542833694788,11.700251889168765,0.9781420765027322,352.8550465334681,794,192.86237692832947
core,100,3000000.0,5,4,exclude,launch,0,0.0,prior,0.0,sa,12600.0,43200.0,321063.7612283798,0,289847.6512172113,31216.110011168457,0,0,0.0,0,9.742417834523478,43.83701563523833,7141.218427495743,828.0307461433039,8.624339688782332,2.010363527764678,335.74111070908566,0.0,0.0783132530120482,0.006024096385542169,2.7406721421154407,31.081967213114755,0.9392523364485982,877.1684482443824,122,68.55957818031311
core,100,3000000.0,12,2,exclude,launch,0,0.0,prior,0.0,sa,12600.0,43200.0,156153.26024470327,0,148224.06524203633,7929.1950026669365,0,0,0.0,0,13.073643217539253,40.37835706952239,6306.0645414764385,1070.6928469127795,5.889704558743673,2.003825331802391,279.1606081417034,0.0,0.03217821782178218,0.02599009900990099,1.2997032093163756,13.108731466227347,0.9502262443438914,414.5993850159471,607,169.10396480560303
core,100,3000000.0,6,4,exclude,launch,0,0.0,prior,0.0,sa,12600.0,43200.0,282581.46717243583,0,254449.15073035593,28132.316442079886,0,0,0.0,0,10.212807237454498,41.31787045032025,7141.218427495743,920.9850390541585,7.753891892565047,2.0081153164935452,319.1923795051301,0.0,0.08974358974358974,0.004273504273504274,2.358609208677798,25.666666666666668,0.9392523364485982,750.0017649429592,171,76.5192813873291
core,100,3000000.0,9,3,exclude,launch,0,0.0,prior,0.0,sa,12600.0,43200.0,189412.04138253178,0,178725.53678826703,10686.504594264728,0,0,0.0,0,10.25186276150923,38.92564138477432,7762.382610686937,1062.8040509204966,7.303681806598237,2.004701313473876,292.1100698111276,0.0,0.05,0.008333333333333333,1.6901647666589075,17.68820224719101,0.9665071770334929,524.6240288264604,356,126.04972958564758
core,100,3000000.0,14,2,exclude,launch,0,0.0,prior,0.0,sa,12600.0,43200.0,357256.4136820465,0,339872.8119877498,17383.60169429666,0,1,0.6530808501588201,1,13.334377377923559,44.516446768090866,6306.0645414764385,990.4437328167597,6.3669084194640595,2.003077396339455,273.4211457677306,0.0,0.003816793893129771,0.01431297709923664,1.1821900296419825,11.684010152284264,0.9592760180995475,357.6542702620209,788,188.698970079422
core,100,3000000.0,10,3,exclude,launch,0,0.0,prior,0.0,sa,12600.0,43200.0,177236.10510214846,0,166125.7834037321,11110.321698416365,0,0,0.0,0,10.433464620624955,37.279447807076956,7762.382610686937,1129.2845853836118,6.873716963071889,2.004199340497099,286.83841861825647,0.0,0.03793103448275862,0.01206896551724138,1.5258306466164997,15.497695852534562,0.9758454106280193,484.1849224061168,434,138.62001419067383
core,100,3000000.0,13,2,exclude,launch,0,0.0,prior,0.0,sa,12600.0,43200.0,142579.80735350176,0,136642.35602240718,5937.451331094567,0,0,0.0,0,13.212780077249759,37.26013533812563,6306.0645414764385,1172.5336366812405,5.378152356741963,2.0035168789484334,276.11999771630536,0.0,0.02693965517241379,0.015086206896551725,1.2403020211223046,12.433093525179856,0.9638009049773756,381.1637294512793,695,195.77631402015686
core,100,3000000.0,4,5,exclude,launch,0,0.0,prior,0.0,sa,12600.0,43200.0,379449.0996486585,0,341221.4444656783,38227.65518298023,0,0,0.0,0,9.828800028131859,38.25402369023134,6593.891938148332,887.1777936689209,7.432435736335682,2.0140900468879828,361.0751610337083,0.0,0.10714285714285714,0.0,3.2534766263610777,36.46341463414634,0.9469026548672567,1111.7802039779183,82,52.03659391403198
core,100,3000000.0,7,4,exclude,launch,0,0.0,prior,0.0,sa,12600.0,43200.0,237068.80924762107,0,223560.74690160187,13508.062346019226,0,0,0.0,0,10.577094101572968,41.0628525320966,7141.218427495743,959.6947201044331,7.441135475579819,2.0066964498007342,307.57031155288274,0.0,0.0967741935483871,0.02258064516129032,2.0518398466550996,22.12663755458515,0.9528301886792453,650.3881395328617,229,91.19884037971497
core,100,3000000.0,15,2,exclude,launch,0,0.0,prior,0.0,sa,12600.0,43200.0,350473.2667463333,0,332784.06081481336,17689.20593151986,0,1,0.6657207396678019,1,13.441554863012136,44.367786172515345,6306.0645414764385,1001.6604307508787,6.295611115185211,2.002881935134848,271.18597925808405,0.0,0.008278145695364239,0.019867549668874173,1.1003823516442626,10.800884955752212,0.9547511312217195,333.7493067324257,904,206.10475826263428
core,100,3000000.0,11,3,exclude,launch,0,0.0,prior,0.0,sa,12600.0,43200.0,231165.26974941834,0,204333.76143849152,26831.50831092682,0,1,0.3293100447907467,1,10.586831352301047,47.36517717426753,7762.382610686937,901.8914646029788,8.606781320526203,2.003611572941034,282.4330971324349,0.0,0.014534883720930232,0.0188953488372093,1.4114601977678547,14.448742746615087,0.9615384615384616,440.8911736817408,517,152.03241324424744
core,100,3000000.0,8,4,exclude,launch,0,0.0,prior,0.0,sa,12600.0,43200.0,217280.52611304613,0,202531.0096303165,14749.516482729648,0,0,0.0,0,10.867533420053412,41.814082415374,7141.218427495743,968.2851435341682,7.375119276777117,2.005609024543629,298.88041080532753,0.0,0.06940874035989718,0.017994858611825194,1.8340997612850154,19.243986254295532,0.9571428571428572,587.0382559405494,291,107.32181572914124
core,100,3000000.0,16,2,exclude,launch,0,0.0,prior,0.0,sa,12600.0,43200.0,343609.7937948545,0,325936.8478138436,17672.945981010893,0,1,0.6790182543849632,1,13.536733847403799,44.26786149275489,6306.0645414764385,1010.9687916092555,6.237645112109221,2.002674725606634,269.2121576602796,0.0,0.004464285714285714,0.011160714285714286,1.0629839213859873,10.327689243027889,0.9638009049773756,315.1991328003884,1004,217.7135705947876
core,100,3000000.0,5,5,exclude,launch,0,0.0,prior,0.0,sa,12600.0,43200.0,311996.33812883357,0,285619.30429716397,26377.033831669596,0,0,0.0,0,10.510436799279221,39.17926578710715,6593.891938148332,926.4763775152678,7.117172221738237,2.0103487139414815,335.73126559323214,0.0,0.1301775147928994,0.005917159763313609,2.729609683013526,30.24590163934426,0.9469026548672567,900.9725951298298,122,68.50522422790527
core,100,3000000.0,12,3,exclude,launch,0,0.0,prior,0.0,sa,12600.0,43200.0,256165.6305985818,0,230369.7319929337,25795.898605648115,0,1,0.44102827791257687,1,10.718072489587513,46.088229732085615,7762.382610686937,938.3101785602446,8.27272557417808,2.0032583125094146,278.8453247152557,0.0,0.013597033374536464,0.009888751545117428,1.317983673842719,13.164473684210526,0.9519230769230769,412.49475823719047,608,163.29279780387878
core,100,3000000.0,6,5,exclude,launch,0,0.0,prior,0.0,sa,12600.0,43200.0,256882.60844385243,0,242078.39363292576,14804.214810926653,0,0,0.0,0,11.018831251124713,40.02763001003595,6593.891938148332,950.6441242333708,6.936235937360737,2.0081738550383914,319.22944986724457,0.0,0.1111111111111111,0.01282051282051282,2.3138762272150486,25.798850574712645,0.9601769911504425,746.1778916102922,174,81.29656934738159
core,100,3000000.0,9,4,exclude,launch,0,0.0,prior,0.0,sa,12600.0,43200.0,193034.4919056997,0,183011.80315355424,10022.68875214545,0,0,0.0,0,11.104511161694402,38.72205610534966,7141.218427495743,1068.277118845669,6.684799572616713,2.004916624220149,292.23528349507956,0.0,0.03773584905660377,0.016771488469601678,1.6956326413805665,17.40909090909091,0.9622641509433962,540.9733938316269,352,122.07194876670837
core,100,3000000.0,7,5,exclude,launch,0,0.0,prior,0.0,sa,12600.0,43200.0,236669.8102073922,0,217472.88953163102,19196.92067576117,0,0,0.0,0,11.412566805040257,40.00026702065341,6593.891938148332,985.2365937234653,6.69269897216089,2.006598478953509,307.5104495006133,0.0,0.1,0.0032258064516129032,2.0234095393937443,21.836909871244636,0.9688888888888889,655.1693032504636,233,93.21561813354492
core,100,3000000.0,4,6,exclude,launch,0,0.0,prior,0.0,sa,12600.0,43200.0,391796.0183759575,0,356310.26292357506,35485.75545238246,0,0,0.0,0,8.603774343612395,38.92993601221682,7584.090639439221,871.5552016321049,8.70179034585186,2.0145965201544724,361.4359191024697,0.0,0.13513513513513514,0.0,3.3284068248851986,38.08641975308642,0.9642857142857143,1098.2044217513767,81,49.63609981536865
core,100,3000000.0,13,3,exclude,launch,0,0.0,prior,0.0,sa,12600.0,43200.0,243642.8144048411,0,219496.05614689033,24146.75825795081,0,1,0.46371397097380557,1,10.831653604625231,46.35363146696427,7762.382610686937,942.7693867136976,8.23359638113094,2.002965682437054,275.8167550213447,0.0,0.008592910848549946,0.013963480128893663,1.2510575962170898,12.545454545454545,0.9567307692307693,378.1952116798478,693,176.19059109687805
core,100,3000000.0,10,4,exclude,launch,0,0.0,prior,0.0,sa,12600.0,43200.0,179727.71678353337,0,169496.88896460392,10230.827818929454,0,0,0.0,0,11.30154293500584,36.96698101611504,7141.218427495743,1138.7050868563265,6.271350246806063,2.004419137645411,286.96399760166423,0.0,0.041025641025641026,0.018803418803418803,1.519500911622019,15.432183908045976,0.9666666666666667,487.7228846788473,435,141.14623284339905
core,100,3000000.0,5,6,exclude,launch,0,0.0,prior,0.0,sa,12600.0,43200.0,340691.46731852554,0,309059.4544387225,31632.012879803046,0,0,0.0,0,9.198539190697694,39.57960594558537,7584.090639439221,916.9188783082952,8.27127766573176,2.0107573255366997,336.0028776148068,0.0,0.1638418079096045,0.011299435028248588,2.5577991355911593,28.53030303030303,0.9642857142857143,881.3238989098384,132,62.37925863265991
core,100,3000000.0,8,5,exclude,launch,0,0.0,prior,0.0,sa,12600.0,43200.0,203434.6420890545,0,192397.5147722633,11037.127316791226,0,0,0.0,0,11.726494618398316,44.11155995422749,6593.891938148332,917.883929930947,7.183797126336436,2.0055427866316102,298.8410385207398,0.0,0.07052896725440806,0.012594458438287154,1.8023962053434388,19.54915254237288,0.96875,573.113563872906,295,106.38876438140869
core,100,3000000.0,11,4,exclude,launch,0,0.0,prior,0.0,sa,12600.0,43200.0,158764.69690445982,0,149857.9470199427,8906.749884517138,0,0,0.0,0,11.467943021215984,38.35298166954812,7141.218427495743,1113.6809862009043,6.412265734962895,2.00385843305999,282.5720553600835,0.0,0.028106508875739646,0.013313609467455622,1.4585983212313018,14.936507936507937,0.9761904761904762,439.7777255824136,504,159.0623004436493
core,100,3000000.0,6,6,exclude,launch,0,0.0,prior,0.0,sa,12600.0,43200.0,284189.8274588419,0,258540.50213830554,25649.32532053635,0,0,0.0,0,9.642096695173464,39.84327698733524,7584.090639439221,954.988416531239,7.941552492318775,2.0082880271890744,319.301757190876,0.0,0.1,0.008695652173913044,2.381872676387052,26.172619047619047,0.9775784753363229,754.3659091476991,168,77.59299850463867
core,100,3000000.0,9,5,exclude,launch,0,0.0,prior,0.0,sa,12600.0,43200.0,184595.8460050721,0,173836.979567157,10758.866437915118,0,0,0.0,0,11.982643340748645,43.82971192231471,6593.891938148332,943.8381221172621,6.986253027538878,2.004806779656125,292.17140017952926,0.0,0.05416666666666667,0.01875,1.669526855457407,17.58100558659218,0.9732142857142857,521.9025260674887,358,124.35321688652039
core,100,3000000.0,13,4,exclude,launch,0,0.0,prior,0.0,sa,12600.0,43200.0,317516.331765798,0,297087.9433037504,20428.388462047566,0,1,0.581282615587907,1,11.73357520092,44.66163331888653,7141.218427495743,978.4240711375169,7.298694541716818,2.003092540297611,275.88653155876005,0.0,0.006528835690968444,0.02176278563656148,1.2601891879814768,12.374269005847953,0.9571428571428572,389.42995381668845,684,171.43904280662537
core,100,3000000.0,12,4,exclude,launch,0,0.0,prior,0.0,sa,12600.0,43200.0,148992.44171022665,0,141818.71946075695,7173.722249469693,0,0,0.0,1,11.610338990335478,32.04109444436391,7141.218427495743,1349.4109771117282,5.292100441320528,2.003649845323961,279.06301221854466,0.0,0.020356234096692113,0.008905852417302799,1.3605256195637225,13.45593220338983,0.9619047619047619,416.3395114816551,590,175.17880201339722
core,100,3000000.0,7,6,exclude,launch,0,0.0,prior,0.0,sa,12600.0,43200.0,248522.02594091758,0,229557.19728833015,18964.8286525874,0,0,0.0,0,9.985594029595035,38.19606937964367,7584.090639439221,1031.634134480798,7.351531309359157,2.0068713182045097,307.67717395564443,0.0,0.06535947712418301,0.013071895424836602,2.05427699863245,22.273127753303964,0.9776785714285714,659.4481433490798,227,93.2400770187378
core,100,3000000.0,4,7,exclude,launch,0,0.0,prior,0.0,sa,12600.0,43200.0,365766.4382902744,0,329852.2599528939,35914.17833738052,0,0,0.0,0,8.157629030918638,43.85346173342702,8018.5908986554505,773.7696661373519,10.363020482159959,2.0144249260090543,361.3136733785316,0.0,0.10810810810810811,0.0,3.2883748149488063,38.390243902439025,0.948051948051948,1064.396998892365,82,56.92078256607056
core,100,3000000.0,14,4,exclude,launch,0,0.0,prior,0.0,sa,12600.0,43200.0,306696.49470576143,0,287565.79562059004,19130.699085171444,0,1,0.6017894791975712,1,11.841274702289224,43.7137796763505,7141.218427495743,1008.7454170430516,7.079306935964961,2.0028484891071425,273.29636788616943,0.0,0.0057251908396946565,0.01431297709923664,1.1907906145770597,11.604086845466156,0.9523809523809523,362.1918141385237,783,183.605313539505
core,100,3000000.0,10,5,exclude,launch,0,0.0,prior,0.0,sa,12600.0,43200.0,169650.74282172995,0,160971.7861375063,8678.95668422363,0,0,0.0,0,12.195618556768784,44.68898524565624,6593.891938148332,942.0244728445768,6.9997034347071025,2.004246376642975,286.86528995571,0.0,0.05110732538330494,0.022146507666098807,1.51638941152083,15.73165137614679,0.9730941704035875,478.44117977944126,436,144.43285036087036
core,100,3000000.0,8,6,exclude,launch,0,0.0,prior,0.0,sa,12600.0,43200.0,219112.45110287817,0,206567.35595669842,12545.095146179743,0,0,0.0,0,10.259452355070664,38.285807903199505,7584.090639439221,1057.399703636728,7.172397167651139,2.0058345802690134,299.01450218008296,0.0,0.07848101265822785,0.017721518987341773,1.7976577760187755,19.19047619047619,0.9730941704035875,586.0370865905572,294,104.62766575813293
core,100,3000000.0,5,7,exclude,launch,0,0.0,prior,0.0,sa,12600.0,43200.0,304811.37262209266,0,278776.2170983771,26035.155523715544,0,0,0.0,0,8.720891433560523,37.276906282421464,8018.5908986554505,973.5302054232768,8.236612335175653,2.010817922580893,336.04316699198074,0.0,0.08982035928143713,0.0,2.729494525888067,30.66393442622951,0.9393939393939394,895.2596087802131,122,67.95946764945984
core,100,3000000.0,11,5,exclude,launch,0,0.0,prior,0.0,sa,12600.0,43200.0,155318.43917863644,0,148281.9816634592,7036.4575151772615,0,0,0.0,0,12.37548618367277,41.16581200003796,6593.891938148332,1037.6050809085148,6.354914851009402,2.0038176538600103,282.5490982818202,0.0,0.033478893740902474,0.017467248908296942,1.4193864984124227,14.392996108949417,0.9775784753363229,445.6102485770707,514,160.8224937915802
core,100,3000000.0,9,6,exclude,launch,0,0.0,prior,0.0,sa,12600.0,43200.0,198960.75274060317,0,186247.7335747156,12713.019165887566,0,0,0.0,0,10.4828974842626,40.02752649071572,7584.090639439221,1033.4166102768127,7.338851111951582,2.0049542257310877,292.2571533567679,0.0,0.049586776859504134,0.012396694214876033,1.6654627702746683,17.38121546961326,0.9910313901345291,523.3645417617042,362,120.03274202346802
core,100,3000000.0,6,7,exclude,launch,0,0.0,prior,0.0,sa,12600.0,43200.0,270908.42545652756,0,246693.47891055993,24214.946545967603,0,0,0.0,0,9.140940338738313,36.507536351582935,8018.5908986554505,1042.1642893953006,7.694171619820241,2.0084472952436876,319.4026382581832,0.0,0.08333333333333333,0.008771929824561403,2.3902884719053614,25.7125748502994,0.9432314410480349,769.9605277856781,167,78.83494973182678
core,100,3000000.0,4,8,exclude,launch,0,0.0,prior,0.0,sa,12600.0,43200.0,375384.44247839693,0,342623.4466394117,32760.995838985287,0,0,0.0,0,9.681893700041268,37.168467056117144,6699.414751861177,912.7449592195206,7.339854013096694,2.014849331484861,361.61606259380534,0.0,0.14285714285714285,0.008403361344537815,3.0981675333576546,36.77906976744186,0.9518716577540107,1059.9436471973013,86,46.22799801826477
core,100,3000000.0,12,5,exclude,launch,0,0.0,prior,0.0,sa,12600.0,43200.0,141886.8594604414,0,135619.71284874508,6267.14661169632,0,0,0.0,0,12.529408888277128,41.2013561147575,6593.891938148332,1049.4850581301614,6.282978387416479,2.003482888191442,278.9701756874046,0.0,0.0201765447667087,0.021437578814627996,1.3370239402104793,13.71114864864865,0.9820627802690582,406.27624929444966,592,179.71303462982178
core,100,3000000.0,10,6,exclude,launch,0,0.0,prior,0.0,sa,12600.0,43200.0,183469.86706069545,0,171667.30103864035,11802.566022055122,0,0,0.0,0,10.66867530546665,35.54409111556293,7584.090639439221,1184.2044447909375,6.404376096374251,2.0045628871281185,287.0461423488513,0.0,0.05660377358490566,0.022298456260720412,1.5090418781521686,15.575342465753424,0.968609865470852,485.30604392538515,438,137.51370882987976
core,100,3000000.0,7,7,exclude,launch,0,0.0,prior,0.0,sa,12600.0,43200.0,228568.4544570173,0,209334.2169640222,19234.237492995104,0,0,0.0,0,9.466224074482696,38.31102015871748,8018.5908986554505,1028.552986713142,7.79599204147933,2.006843549765695,307.66020337199194,0.0,0.04918032786885246,0.006557377049180328,2.090404630663643,22.803571428571427,0.9565217391304348,649.8728148066676,224,93.05079174041748
core,100,3000000.0,14,5,exclude,launch,0,0.0,prior,0.0,sa,12600.0,43200.0,285745.948698263,0,271147.295802375,14598.652895887984,0,1,0.5849120419750885,1,12.779042248787126,46.64685399477617,6593.891938148332,945.3169310662162,6.975324064820386,2.002849127165053,273.296715653488,0.0,0.008379888268156424,0.0186219739292365,1.1472909385454007,11.400996264009963,0.9820627802690582,354.93099657521077,803,189.43421626091003
core,100,3000000.0,13,5,exclude,launch,0,0.0,prior,0.0,sa,12600.0,43200.0,133100.3067151463,0,128087.98323658336,5012.323478562936,0,0,0.0,1,12.66262231410925,36.70555735746496,6593.891938148332,1190.3899631895113,5.539270442503368,2.00328004224441,275.98968075866236,0.0,0.020364415862808145,0.01714898177920686,1.2307053283112208,12.2981455064194,0.9775784753363229,381.7729957174841,701,193.23762345314026
core,100,3000000.0,5,8,exclude,launch,0,0.0,prior,0.0,sa,12600.0,43200.0,313445.9635910882,0,290363.96125912294,23082.00233196525,0,0,0.0,0,10.353083874276518,36.903484062446715,6699.414751861177,983.3780594537309,6.81265428637153,2.010824443527177,336.0475027412,0.0,0.12429378531073447,0.01694915254237288,2.6413387635444643,30.078740157480315,0.9623655913978495,880.3471104924506,127,61.0973334312439
core,100,3000000.0,6,8,exclude,launch,0,0.0,prior,0.0,sa,12600.0,43200.0,260783.97105811708,0,242106.4200053521,18677.551052764986,0,0,0.0,0,10.853680791702844,38.800123431552244,6699.414751861177,980.6566802633424,6.83155979732085,2.0083021598454964,319.31070823171535,0.0,0.04149377593360996,0.004149377593360996,2.2913197260119613,26.022727272727273,0.967391304347826,721.395829104716,176,74.46860957145691
core,100,3000000.0,8,7,exclude,launch,0,0.0,prior,0.0,sa,12600.0,43200.0,203989.82916674792,0,191469.23630852564,12520.5928582223,0,0,0.0,0,9.725556480993175,35.86769844451695,8018.5908986554505,1128.6769510774711,7.104416273408123,2.00585228894082,299.0250311406128,0.0,0.03350515463917526,0.005154639175257732,1.851848882249486,19.52413793103448,0.9606986899563319,586.266874618218,290,109.88570809364319
core,100,3000000.0,11,6,exclude,launch,0,0.0,prior,0.0,sa,12600.0,43200.0,164696.8850092025,0,156583.03189550218,8113.853113700328,0,0,0.0,1,10.825569353603385,34.94535300855246,7584.090639439221,1222.1370269374108,6.205597631261052,2.004091935830596,282.70352615209003,0.0,0.0476878612716763,0.02167630057803468,1.4115825636121166,14.482490272373541,0.9820627802690582,442.94350685824725,514,151.97018933296204
core,100,3000000.0,15,5,exclude,launch,0,0.0,prior,0.0,sa,12600.0,43200.0,279900.42875546473,0,264657.4129117146,15243.015843750149,0,1,0.5971275109593623,1,12.88165584706505,47.56277312244054,6593.891938148332,934.5112872504242,7.055978914443378,2.002589373494043,271.02778108956795,0.0,0.0066555740432612314,0.010815307820299502,1.115631066946568,10.816964285714286,0.9775784753363229,336.9530625684888,896,203.19073510169983
core,100,3000000.0,12,6,exclude,launch,0,0.0,prior,0.0,sa,12600.0,43200.0,420664.19258847885,0,373985.0966629878,46679.095925491056,0,1,0.6567093261959259,1,10.959829380534389,45.099294654747325,7584.090639439221,958.7986318084581,7.909993180877125,2.0034395951371526,278.94610510169696,0.0,0.016069221260815822,0.012360939431396786,1.325506121690687,13.446280991735538,0.9596412556053812,402.2679448015957,605,161.91484808921814
core,100,3000000.0,9,7,exclude,launch,0,0.0,prior,0.0,sa,12600.0,43200.0,186819.06266983395,0,175411.55556695996,11407.507102873982,0,0,0.0,0,9.937146630755997,36.10052843089171,8018.5908986554505,1145.744436448495,6.998585935543326,2.0051060026758236,292.3454384673453,0.0,0.06464646464646465,0.00808080808080808,1.676808367367108,17.4066852367688,0.9650655021834061,528.1444006692822,359,124.10781288146973
core,100,3000000.0,7,8,exclude,launch,0,0.0,prior,0.0,sa,12600.0,43200.0,229977.36665348845,0,218131.57322591427,11845.793427574199,0,0,0.0,0,11.241374123682919,38.902620078484574,6699.414751861177,1012.9010543804311,6.614086067823337,2.006864395767675,307.67294328894036,0.0,0.07936507936507936,0.01904761904761905,2.0301315549646635,22.13478260869565,0.9619565217391305,652.7296330334885,230,89.4984200000763
core,100,3000000.0,13,6,exclude,launch,0,0.0,prior,0.0,sa,12600.0,43200.0,408787.8530044125,0,364174.0952433693,44613.7577610432,0,1,0.6757831848710658,1,11.076023483506948,47.12005884636228,7584.090639439221,927.356154486704,8.178185482186239,2.003135654342998,275.9102478951629,0.0,0.006430868167202572,0.015005359056806002,1.244172026162112,12.540345821325648,0.9641255605381166,376.023297923604,694,178.3506977558136
core,100,3000000.0,4,9,exclude,launch,0,0.0,prior,0.0,sa,12600.0,43200.0,379795.9375166567,0,350049.5013706831,29746.436145973603,0,0,0.0,0,8.26475663526963,38.070360215502575,7909.979841733408,891.3908983238855,8.87374984039755,2.0142412565579964,361.18284797263607,0.0,0.13274336283185842,0.0,3.190164557528866,36.904761904761905,0.9720670391061452,1073.1172972495008,84,58.51291584968567
core,100,3000000.0,10,7,exclude,launch,0,0.0,prior,0.0,sa,12600.0,43200.0,169301.58901929783,0,159710.15983816952,9591.42918112827,0,0,0.0,0,10.113065899773531,33.13016686957469,8018.5908986554505,1270.4655447181428,6.311537476944644,2.004597900240834,287.06615215453644,0.0,0.034722222222222224,0.017361111111111112,1.53314135274496,15.72055427251732,0.9694323144104804,485.91261610600316,433,138.2079348564148
core,100,3000000.0,8,8,exclude,launch,0,0.0,prior,0.0,sa,12600.0,43200.0,206021.6105779373,0,196946.4910232777,9075.119554659612,0,0,0.0,0,11.550482494599837,37.22384427813998,6699.414751861177,1087.5588559076953,6.160047996914825,2.005848475088127,299.02276354074587,0.0,0.06633906633906633,0.012285012285012284,1.7565544038176861,18.77377049180328,0.9728260869565217,575.4399674306875,305,104.13611316680908
core,100,3000000.0,11,7,exclude,launch,0,0.0,prior,0.0,sa,12600.0,43200.0,307157.8277574015,0,279546.8239092388,27611.003848162727,0,1,0.5095362557232934,1,10.261632755658527,44.27710086959957,8018.5908986554505,964.6650755086746,8.31230558899128,2.0038778368888055,282.582979276446,0.0,0.015942028985507246,0.014492753623188406,1.4184499163306987,14.267441860465116,0.9432314410480349,450.0738838552902,516,147.72219157218933
core,100,3000000.0,5,9,exclude,launch,0,0.0,prior,0.0,sa,12600.0,43200.0,321830.89000116667,0,295905.35459276865,25925.535408397995,0,0,0.0,0,8.835576740994043,38.41394829920052,7909.979841733408,944.8407119312146,8.371760172744612,2.0105482242192863,335.8638702088165,0.0,0.1301775147928994,0.011834319526627219,2.6979519147427085,30.31451612903226,0.9505494505494505,880.4880805529092,124,72.30820226669312
core,100,3000000.0,9,8,exclude,launch,0,0.0,prior,0.0,sa,12600.0,43200.0,185693.99277559077,0,176679.7968263077,9014.1959492831,0,0,0.0,0,11.80269757912252,37.48012232221244,6699.414751861177,1103.5892267252977,6.070569184279266,2.0050730578096214,292.3262740737691,0.0,0.049079754601226995,0.02044989775051125,1.6419254997988002,17.54945054945055,0.967032967032967,518.3617874214506,364,118.58497977256775
core,100,3000000.0,12,7,exclude,launch,0,0.0,prior,0.0,sa,12600.0,43200.0,294681.9268423431,0,267796.3836493396,26885.543193003534,0,1,0.5311519856502251,1,10.388765903547277,44.096147550985755,8018.5908986554505,980.5660498387937,8.177512264445335,2.0035302609810213,278.99651576261783,0.0,0.01734820322180917,0.023543990086741014,1.3188209991343234,13.266666666666667,0.9473684210526315,415.01258149310524,600,162.357679605484
core,100,3000000.0,6,9,exclude,launch,0,0.0,prior,0.0,sa,12600.0,43200.0,272295.12354062824,0,253446.01291920585,18849.110621422355,0,0,0.0,0,9.261265399778978,37.26184442484818,7909.979841733408,1021.2062358492849,7.745722229315494,2.0081740339503997,319.2295631691055,0.0,0.06607929515418502,0.004405286343612335,2.3874888452911454,26.124260355029588,0.9777777777777777,757.7822744659503,169,79.0231466293335
core,100,3000000.0,13,7,exclude,launch,0,0.0,prior,0.0,sa,12600.0,43200.0,284296.91126185836,0,258535.87326317714,25761.03799868122,0,1,0.5505702442378263,1,10.498791388862688,44.943099137744966,8018.5908986554505,972.2481109879571,8.247473878357345,2.0031921936333776,275.941350785741,0.0,0.005482456140350877,0.01425438596491228,1.271333856346113,12.609720176730486,0.9517543859649122,386.01614348931923,679,173.53787779808044
core,100,3000000.0,10,8,exclude,launch,0,0.0,prior,0.0,sa,12600.0,43200.0,177225.402882629,0,164398.68866454513,12826.714218083856,0,0,0.0,0,12.012401355890816,38.424664737248854,6699.414751861177,1095.4429721326235,6.115712932840917,2.004536301025444,287.0309489999307,0.0,0.07037643207855974,0.03273322422258593,1.4488583534047688,15.17180616740088,0.978021978021978,478.43953630405565,454,136.58204913139343
core,100,3000000.0,7,9,exclude,launch,0,0.0,prior,0.0,sa,12600.0,43200.0,237620.2823375278,0,226024.14553561603,11596.136801911774,0,0,0.0,0,9.590918522969625,40.78589297269958,7909.979841733408,966.2173285987647,8.18654313849316,2.006684545229864,307.56303732255645,0.0,0.0981012658227848,0.006329113924050633,1.991494697658193,21.459574468085105,0.9831460674157303,645.0446574068137,235,91.22604823112488
core,100,3000000.0,4,10,exclude,launch,0,0.0,prior,0.0,sa,12600.0,43200.0,385546.98109057214,0,346620.1019156968,38926.87917487531,0,0,0.0,0,8.247648296835784,42.70731045921969,7927.135773030543,794.539114642928,9.977023946257269,2.014416009523557,361.3073217326136,0.0,0.13392857142857142,0.0,3.2927126989521964,38.48780487804878,0.9321266968325792,1071.3061182217436,82,58.965858936309814
core,100,3000000.0,8,9,exclude,launch,0,0.0,prior,0.0,sa,12600.0,43200.0,213241.6297661092,0,199317.514945435,13924.114820674196,0,0,0.0,0,9.853735602510135,44.81283760117247,7909.979841733408,903.5340720264486,8.754489826811826,2.0055114017028304,298.82238400207535,0.0,0.05128205128205128,0.005128205128205128,1.843493753434032,19.82191780821918,0.9887640449438202,573.1982170873489,292,104.37698674201965
core,100,3000000.0,5,10,exclude,launch,0,0.0,prior,0.0,sa,12600.0,43200.0,331785.7345982975,0,298278.6522299744,33507.0823683231,0,0,0.0,0,8.817261152997052,36.17402447495129,7927.135773030543,1003.3003886667302,7.901059206769356,2.0106395985470042,335.92461094752196,0.0,0.09523809523809523,0.0,2.7002724358815766,29.548387096774192,0.9490740740740741,902.84510223683,124,68.20503282546997
core,100,3000000.0,11,8,exclude,launch,0,0.0,prior,0.0,sa,12600.0,43200.0,154043.86109943228,0,147946.91996056508,6096.941138867207,0,0,0.0,0,12.189505539713736,38.45537418761562,6699.414751861177,1110.6132101881715,6.032176360234446,2.00404328733228,282.67613270662054,0.0,0.040502793296089384,0.023743016759776536,1.3694844973874083,14.324528301886792,0.9779005524861878,435.4170352946816,530,152.3541111946106
core,100,3000000.0,9,9,exclude,launch,0,0.0,prior,0.0,sa,12600.0,43200.0,194722.14480026742,0,184398.1849501722,10323.959850095222,0,0,0.0,0,10.068169652101073,40.031707456226535,7909.979841733408,1033.333445932699,7.654818367553918,2.004906170708362,292.22920364921396,0.0,0.04573804573804574,0.008316008316008316,1.6561184405921783,17.20718232044199,0.9887640449438202,532.965923796259,362,124.48940515518188
core,100,3000000.0,6,10,exclude,launch,0,0.0,prior,0.0,sa,12600.0,43200.0,283031.92530345195,0,260861.30981129888,22170.615492153058,0,0,0.0,0,9.242048924218473,37.88482540414548,7927.135773030543,1004.3452226822519,7.892839627254818,2.008310437622765,319.31595109219336,0.0,0.0847457627118644,0.0,2.3302773689823932,24.96551724137931,0.9497716894977168,766.5299447539469,174,81.23129773139954
core,100,3000000.0,12,8,exclude,launch,0,0.0,prior,0.0,sa,12600.0,43200.0,144614.64792804234,0,139778.01118112562,4836.636746916713,0,0,0.0,0,12.341063015825581,36.25036474759308,6699.414751861177,1192.6363510141691,5.617315576675379,2.0037935989776257,279.142958826905,0.0,0.025119617224880382,0.03588516746411483,1.2500237556447715,12.9584,0.9779005524861878,403.55969035677316,625,167.0107491016388
core,100,3000000.0,7,10,exclude,launch,0,0.0,prior,0.0,sa,12600.0,43200.0,239750.07897676353,0,223500.497021446,16249.58195531754,0,0,0.0,0,9.571004082978178,40.77554001108431,7927.135773030543,966.4132383406064,8.20263574476892,2.00678714983742,307.62573619502655,0.0,0.06976744186046512,0.013289036544850499,2.0828887509907688,22.4009009009009,0.9539170506912442,654.8696043449064,222,93.77177238464355
core,100,3000000.0,10,9,exclude,launch,0,0.0,prior,0.0,sa,12600.0,43200.0,176515.2499091299,0,167999.56162714184,8515.688281988063,0,0,0.0,0,10.246453875171317,34.09940224234239,7909.979841733408,1234.4397329256437,6.407748900779965,2.004458771688359,286.98664505505747,0.0,0.045060658578856154,0.01733102253032929,1.5431458800404374,15.750582750582751,0.9887640449438202,488.8817892368581,429,134.32754158973694
core,100,3000000.0,4,11,exclude,launch,0,0.0,prior,0.0,sa,12600.0,43200.0,436209.1841756746,0,378947.17374107655,57262.01043459808,0,0,0.0,0,8.157629030918638,40.63887450896637,8018.590898655449,835.2330239399521,9.600423676772548,2.013804650566005,360.8719541832509,0.0,0.1206896551724138,0.0,3.130744906002624,36.2906976744186,0.9523809523809523,1070.106865661274,86,60.542397022247314
core,100,3000000.0,13,8,exclude,launch,0,0.0,prior,0.0,sa,12600.0,43200.0,133907.680710964,0,129293.16329070814,4614.517420255857,0,0,0.0,1,12.47222914887198,30.08055493669147,6699.414751861177,1452.3435780534714,4.6128304989926585,2.0035838903715586,276.1568756446756,0.0,0.028938906752411574,0.01822079314040729,1.2302990551222432,12.487179487179487,0.9834254143646409,373.6487730453657,702,189.60422348976135
core,100,3000000.0,5,11,exclude,launch,0,0.0,prior,0.0,sa,12600.0,43200.0,345788.8121203634,0,312308.2262745538,33480.58584580955,0,0,0.0,0,8.720891433560524,41.73924990608228,8018.590898655449,869.833668961209,9.218533594165857,2.0099311730079594,335.45383151901876,0.0,0.10059171597633136,0.0,2.692991929986798,30.68,0.9712918660287081,871.9150607158521,125,66.55164408683777
core,100,3000000.0,11,9,exclude,launch,0,0.0,prior,0.0,sa,12600.0,43200.0,350062.5628210811,0,335637.0106872796,14425.552133801493,0,1,0.5621210823572194,1,10.397018314645663,45.35508860782524,7909.979841733408,941.8114614691069,8.398687173964563,2.003719771024187,282.49399791875675,0.0,0.02463768115942029,0.017391304347826087,1.4231690708270348,14.488326848249027,0.9831460674157303,442.0931679745062,514,146.88079118728638
core,100,3000000.0,8,10,exclude,launch,0,0.0,prior,0.0,sa,12600.0,43200.0,212785.42796238745,0,201635.97275959904,11149.455202788387,0,0,0.0,0,9.833264519896172,40.66523493837744,7927.135773030543,995.6005544098446,7.962164884218509,2.0056894911573178,298.9282442200603,0.0,0.057441253263707574,0.015665796344647518,1.881452136903293,19.74736842105263,0.9723502304147466,592.4611722076024,285,109.90009832382202
core,100,3000000.0,14,8,exclude,launch,0,0.0,prior,0.0,sa,12600.0,43200.0,271250.1341683458,0,262754.4323814826,8495.701786863148,0,1,0.5597421248758588,1,12.58685966487982,44.098776023470066,6699.414751861177,999.8814086134003,6.700209338977195,2.0029633459632112,273.3589730742654,0.0,0.011059907834101382,0.016589861751152075,1.1399367866730667,11.577914110429449,0.9779005524861878,346.9752899606488,815,192.57582330703735
core,100,3000000.0,12,9,exclude,launch,0,0.0,prior,0.0,sa,12600.0,43200.0,339467.45146602474,0,326036.39760915254,13431.053856872171,0,1,0.5796654314159556,1,10.525861096355937,45.033740315445606,7909.979841733408,960.2311205662195,8.237579133104049,2.0033628301963375,278.9034269728385,0.0,0.0136986301369863,0.017434620174346202,1.3312450260947797,13.32945091514143,0.9831460674157303,411.48631390875613,601,156.2988715171814
core,100,3000000.0,15,8,exclude,launch,0,0.0,prior,0.0,sa,12600.0,43200.0,264983.63498989603,0,258206.4475546846,6777.1874352114255,0,1,0.5729792576739346,1,12.687895887645325,44.96840382122718,6699.414751861177,988.3397142421784,6.7784534561560505,2.0027646044825516,271.1225289845255,0.0,0.007346938775510204,0.022857142857142857,1.0764267952583146,10.762527233115469,0.9779005524861878,333.0859872624637,918,209.35778665542603
core,100,3000000.0,6,11,exclude,launch,0,0.0,prior,0.0,sa,12600.0,43200.0,295517.73411464354,0,275747.38047209365,19770.353642549926,0,0,0.0,0,9.140940338738314,42.374735949620145,8018.590898655449,898.1472176766229,8.927924888971305,2.0078192779434154,319.0049418708298,0.0,0.08050847457627118,0.00423728813559322,2.329571995013128,25.83139534883721,0.9665071770334929,746.7329344134462,172,83.14401292800903
core,100,3000000.0,9,10,exclude,launch,0,0.0,prior,0.0,sa,12600.0,43200.0,197071.28867378065,0,183521.41054366675,13549.8781301139,0,0,0.0,0,10.047244282786066,38.221341717462906,7927.135773030543,1082.259964311559,7.324613341003616,2.00493885226656,292.2482117144548,0.0,0.034261241970021415,0.004282655246252677,1.7415652306304747,17.95664739884393,0.9815668202764977,533.4122146238708,346,121.57718968391418
core,100,3000000.0,7,11,exclude,launch,0,0.0,prior,0.0,sa,12600.0,43200.0,260974.08908567452,0,241977.78347172536,18996.30561394916,0,0,0.0,0,9.466224074482698,41.95637697424376,8018.590898655449,939.4274927041879,8.535614468311486,2.006331346560513,307.34725612419146,0.0,0.03908794788273615,0.0,2.0625358478215796,22.253275109170307,0.9521531100478469,641.8792114377974,229,91.28890132904053
core,100,3000000.0,4,12,exclude,launch,0,0.0,prior,0.0,sa,12600.0,43200.0,404469.0059009043,0,363471.51005454484,40997.495846359445,0,0,0.0,0,8.157629030918638,42.320817831588265,8018.5908986554505,801.6417062234057,10.002711730695294,2.014801720988142,361.5821337809737,0.0,0.13274336283185842,0.0,3.1827428322259865,35.602409638554214,0.9392523364485982,1104.7981411840615,83,51.69946813583374
core,100,3000000.0,13,9,exclude,launch,0,0.0,prior,0.0,sa,12600.0,43200.0,328371.9300712033,0,315814.86494082416,12557.065130379111,0,1,0.5992520330926594,1,10.637366334988226,46.759402107237456,7909.979841733408,934.5454097689509,8.46398661750316,2.0030573588103397,275.8671795490553,0.0,0.01511879049676026,0.014038876889848811,1.2546876894696042,12.544267053701017,0.9831460674157303,378.71500221626627,689,172.4038269519806
core,100,3000000.0,10,10,exclude,launch,0,0.0,prior,0.0,sa,12600.0,43200.0,175806.75774482303,0,166422.4752999932,9384.28244482982,0,0,0.0,0,10.225150725410533,34.302889094021204,7927.135773030543,1227.1212008161094,6.459945250524985,2.004451845070527,286.9826870230998,0.0,0.03558718861209965,0.01601423487544484,1.5948869476118346,16.209134615384617,0.9812206572769953,488.70195221028627,416,144.94867420196533
core,100,3000000.0,11,10,exclude,launch,0,0.0,prior,0.0,sa,12600.0,43200.0,266773.92952314764,0,254613.36492837706,12160.564594770587,0,1,0.3974097886196283,1,10.375396067991781,43.96571345471303,7927.135773030543,971.5372198304708,8.15937424858905,2.0037955429475844,282.53665110171977,0.0,0.015965166908563134,0.010159651669085631,1.425738752170706,14.102713178294573,0.958139534883721,453.35387293570756,516,147.0113296508789
core,100,3000000.0,5,12,exclude,launch,0,0.0,prior,0.0,sa,12600.0,43200.0,321513.10630767356,0,300197.61058607156,21315.495721602027,0,0,0.0,0,8.720891433560523,35.92884540586079,8018.5908986554505,1010.0043692747815,7.939164564617754,2.0109233936878907,336.1132977111232,0.0,0.16279069767441862,0.005813953488372093,2.680540064950749,29.72222222222222,0.9627906976744186,891.5614342049698,126,67.16141772270203
core,100,3000000.0,8,11,exclude,launch,0,0.0,prior,0.0,sa,12600.0,43200.0,229128.64630280118,0,214693.5808495773,14435.065453223873,0,0,0.0,0,9.725556480993177,38.51057265304682,8018.590898655449,1051.4256956462955,7.626398072501493,2.005457909290274,298.79059061806885,0.0,0.04702970297029703,0.022277227722772276,1.790207252382895,19.302013422818792,0.9712918660287081,574.6892312189061,298,113.17312026023865
core,100,3000000.0,12,10,exclude,launch,0,0.0,prior,0.0,sa,12600.0,43200.0,253595.96215813252,0,242631.03870160086,10964.923456531647,0,1,0.41806095822185185,1,10.503965749878967,45.064838509879614,7927.135773030543,959.5498670287868,8.261306728723381,2.003401706208604,278.9250400180402,0.0,0.015056461731493099,0.0075282308657465494,1.3478720343309385,13.270134228187919,0.9627906976744186,417.98837132730995,596,153.59593081474304
core,100,3000000.0,6,12,exclude,launch,0,0.0,prior,0.0,sa,12600.0,43200.0,274104.95085922774,0,253186.5323558825,20918.418503345256,0,0,0.0,0,9.140940338738313,40.163532410871774,8018.5908986554505,947.3203094123114,8.464498036181595,2.008400880654933,319.3732374139207,0.0,0.057777777777777775,0.0044444444444444444,2.399516735862408,26.065868263473053,0.9620853080568721,756.3258394484081,167,76.84969735145569
core,100,3000000.0,9,11,exclude,launch,0,0.0,prior,0.0,sa,12600.0,43200.0,204692.72843304113,0,194095.09596176742,10597.632471273719,0,0,0.0,0,9.937146630755999,36.06787502493122,8018.590898655449,1146.9842596834467,6.991020871435916,2.00475192443574,292.13950013787235,0.0,0.047325102880658436,0.00823045267489712,1.6524531031595895,17.28767123287671,0.9615384615384616,520.67712162582,365,120.5440001487732
core,100,3000000.0,13,10,exclude,launch,0,0.0,prior,0.0,sa,12600.0,43200.0,243282.2700922912,0,232774.6895311832,10507.580561108041,0,1,0.43578420614376256,1,10.615234609868727,46.44616509925531,7927.135773030543,940.8202057216362,8.425771177979964,2.0031166746790054,275.89980736454396,0.0,0.007616974972796518,0.01632208922742111,1.2601864988019433,12.36896046852123,0.9812206572769953,386.4589120093986,683,165.3077847957611
core,100,3000000.0,7,12,exclude,launch,0,0.0,prior,0.0,sa,12600.0,43200.0,239896.7318525779,0,221671.35258689802,18225.37926567989,0,0,0.0,0,9.466224074482696,36.58049151942818,8018.5908986554505,1077.1507543349956,7.444260579482132,2.0069561175171797,307.72900165417167,0.0,0.056105610561056105,0.009900990099009901,2.1035636732913003,22.71875,0.9626168224299065,640.9108629656066,224,95.53577327728271
core,100,3000000.0,10,11,exclude,launch,0,0.0,prior,0.0,sa,12600.0,43200.0,189643.04323607867,0,178172.93029473265,11470.112941345993,0,0,0.0,0,10.113065899773533,33.75402575647343,8018.590898655449,1247.1774348299953,6.429390618142859,2.0042872502127764,286.88864168958264,0.0,0.03571428571428571,0.013605442176870748,1.5079357921165457,15.70748299319728,0.9615384615384616,468.61299085559,441,135.48613739013672
core,100,3000000.0,8,12,exclude,launch,0,0.0,prior,0.0,sa,12600.0,43200.0,214864.28433506552,0,201861.7741960571,13002.510139008424,0,0,0.0,0,9.725556480993175,43.88036041363795,8018.5908986554505,922.6079889482118,8.691222051737029,2.005786563097679,298.98595377231777,0.0,0.0641025641025641,0.015384615384615385,1.8510279530171125,19.486206896551725,0.9626168224299065,588.8470680568239,290,101.06037521362305
core,100,3000000.0,11,11,exclude,launch,0,0.0,prior,0.0,sa,12600.0,43200.0,205123.67388870777,0,195953.29196493878,9170.381923768991,0,1,0.16310800889961788,1,10.261632755658528,49.209211396483425,8018.590898655449,868.0984235902275,9.23696055741313,2.003602669557992,282.4280860326005,0.0,0.03185595567867036,0.023545706371191136,1.3639707559209058,14.274952919020716,0.9567307692307693,432.9999692060974,531,152.85406231880188
core,100,3000000.0,9,12,exclude,launch,0,0.0,prior,0.0,sa,12600.0,43200.0,195711.04453534924,0,184568.63409034855,11142.410445000678,0,0,0.0,0,9.937146630755997,41.141703471698584,8018.5908986554505,1005.3585773628957,7.975851680391092,2.005097040764669,292.34022516216413,0.0,0.0411522633744856,0.018518518518518517,1.6427957249719929,16.997237569060772,0.966824644549763,536.9148277024981,362,117.59955978393555
core,100,3000000.0,12,11,exclude,launch,0,0.0,prior,0.0,sa,12600.0,43200.0,190216.15641041545,0,181405.11099837496,8811.04541204049,0,1,0.17589102133876222,1,10.38876590354728,48.88587733841582,8018.590898655449,884.6195708233039,9.064451164236226,2.0032421568421546,278.83634418460866,0.0,0.025331724969843185,0.025331724969843185,1.281359824002601,13.2,0.9471153846153846,403.5150049512643,620,157.32253766059875
core,100,3000000.0,10,12,exclude,launch,0,0.0,prior,0.0,sa,12600.0,43200.0,176026.93473011948,0,166665.67025937085,9361.264470748645,0,0,0.0,0,10.113065899773531,35.41235270526378,8018.5908986554505,1188.6273745693643,6.746093073584612,2.004533306494642,287.029237719341,0.0,0.02654867256637168,0.012389380530973451,1.586761642380471,15.985714285714286,0.976303317535545,490.6567818968445,420,128.44725155830383
core,100,3000000.0,13,11,exclude,launch,0,0.0,prior,0.0,sa,12600.0,43200.0,179922.44632205056,0,171504.53300591215,8417.913316138422,0,1,0.1859540858302652,1,10.49879138886269,48.787008459946364,8018.590898655449,895.7428115936489,8.951889755486041,2.0029735925697416,275.8211056302863,0.0,0.02089864158829676,0.02612330198537095,1.2088901937533394,12.248945147679326,0.9663461538461539,376.5618100259195,711,170.28918361663818
core,100,3000000.0,11,12,exclude,launch,0,0.0,prior,0.0,sa,12600.0,43200.0,426514.4185401379,0,378621.02832553483,47893.39021460309,0,1,0.6418619449006423,1,10.261632755658527,44.48596188057568,8018.5908986554505,960.1410014213704,8.351472217918946,2.0038673684487143,282.5770857554286,0.0,0.020558002936857563,0.016152716593245228,1.460768165333793,14.572854291417165,0.9478672985781991,451.0868390887267,501,133.4109833240509
core,100,3000000.0,12,12,exclude,launch,0,0.0,prior,0.0,sa,12600.0,43200.0,414015.8059536922,0,366209.8098380488,47805.99611564333,0,1,0.6612503320619847,1,10.388765903547277,45.50539900885915,8018.5908986554505,950.2253796361651,8.438620005840841,2.003474667148196,278.9656047744151,0.0,0.011479591836734694,0.012755102040816327,1.3691016182521654,13.572649572649572,0.9620853080568721,416.470197304474,585,149.06833171844482
core,100,3000000.0,13,12,exclude,launch,0,0.0,prior,0.0,sa,12600.0,43200.0,404578.8899244003,0,356976.48106399016,47602.408860410134,0,1,0.6766708289710802,1,10.498791388862688,44.2723263023087,8018.5908986554505,986.9817624910522,8.124355690643418,2.0031859861544294,275.937935897074,0.0,0.007641921397379912,0.009825327510917031,1.2772580843922388,12.56387665198238,0.9523809523809523,382.8370518021677,681,164.4746949672699
core,100,1500000.0,9,7,exclude,launch,0,0.0,prior,0.0,sa,12600.0,43200.0,273104.4285018931,0,247752.74734687762,25351.68115501555,0,1,0.573122161046446,1,5.441368637121906,31.380001757468275,8018.5908986554505,720.8845680409154,11.123266129065392,2.0041157063711954,266.87462545915565,0.0,0.0012626262626262627,0.0,1.0148270304827947,14.603361344537815,0.9647577092511013,377.00549129293046,595,173.91831135749817
core,100,1500000.0,9,6,exclude,launch,0,0.0,prior,0.0,sa,12600.0,43200.0,394587.5166616774,0,350903.99628078577,43683.52038089165,0,1,0.7001101045688489,1,5.740750420706859,31.701042544272564,7584.090639439221,713.6025290018421,10.627892042433672,2.0040638696573483,266.84707176903254,0.0,0.005044136191677175,0.0,1.0159780028546659,14.927731092436975,0.968609865470852,369.65138902536376,595,174.4949119091034
core,100,1500000.0,9,3,exclude,launch,0,0.0,prior,0.0,sa,12600.0,43200.0,228138.86224592975,0,205198.22451895959,22940.637726970148,0,1,0.4952188274627812,1,5.614005146438757,33.43605759223614,7762.382610686937,676.6568513222704,11.471667796636197,2.0038164417918316,266.7155716360617,0.0,0.007633587786259542,0.0,1.0258685574871926,15.086440677966102,0.9468599033816425,369.0212725454928,590,183.17882323265076
core,100,1500000.0,10,4,exclude,launch,0,0.0,prior,0.0,sa,12600.0,43200.0,288857.7245380474,0,270996.20747411455,17861.517063932828,0,1,0.6389537413820798,1,6.1402901675906625,31.96168603919506,7141.218427495743,714.6375841520136,9.992783175502149,2.0035317014761884,264.0776741164175,0.0,0.001037344398340249,0.0,0.9278627472842393,13.392807745504841,0.9567307692307693,338.61065807007486,723,193.2631435394287
core,100,1500000.0,10,3,exclude,launch,0,0.0,prior,0.0,sa,12600.0,43200.0,220941.1766143233,0,198609.0221256399,22332.154488683416,0,1,0.5113371944979287,1,5.6678951022536825,33.52336784334906,7762.382610686937,681.3861936008623,11.392045632251147,2.003414351294933,264.0159167230809,0.0,0.0010277492291880781,0.0010277492291880781,0.918779179753674,13.110958904109589,0.9516908212560387,342.48709657299975,730,195.40466332435608
core,100,1500000.0,10,5,exclude,launch,0,0.0,prior,0.0,sa,12600.0,43200.0,269266.59240791405,0,255426.82422580253,13839.768182111478,0,1,0.620709182095689,1,6.626964272742041,34.791411684500694,6593.891938148332,656.5321560619795,10.043517103107192,2.003473948118101,264.0472795935644,0.0,0.0,0.0,0.9250071898945216,13.36551724137931,0.9775784753363229,338.6177716426753,725,195.61031341552734
core,100,1500000.0,10,1,exclude,launch,0,0.0,prior,0.0,sa,12600.0,43200.0,313802.7349720923,0,303868.63553134975,9934.09944074255,0,1,0.6583622920437031,1,6.285912689177015,36.74986083926602,6968.561876837692,621.4946962082396,11.212584627597188,2.0036350804269363,264.13208491178403,0.0,0.002061855670103093,0.0010309278350515464,0.9213110649090748,13.576923076923077,0.989010989010989,332.04251881838314,728,197.277925491333
core,100,1500000.0,10,6,exclude,launch,0,0.0,prior,0.0,sa,12600.0,43200.0,381215.17291355587,0,338608.40547131374,42606.767442242104,0,1,0.7246584384278258,1,5.795880752619782,32.3178667303553,7584.090639439221,706.7311636922122,10.731224302912105,2.0036175386177963,264.1228518464596,0.0,0.002061855670103093,0.0,0.9217401049025556,13.637860082304528,0.963963963963964,330.06633217412474,729,197.7151107788086
core,100,1500000.0,10,7,exclude,launch,0,0.0,prior,0.0,sa,12600.0,43200.0,260317.99665050526,0,236311.6637345782,24006.33291592707,0,1,0.6011776105314145,1,5.493570793647545,31.09266997255125,8018.5908986554505,734.5550537014527,10.916255845289534,2.003684711141026,264.15820872585084,0.0,0.0,0.0,0.9187890846602389,13.243169398907105,0.9647577092511013,337.55853381548707,732,199.27118492126465
core,100,1500000.0,10,8,exclude,launch,0,0.0,prior,0.0,sa,12600.0,43200.0,253112.46687482198,0,246598.70244284684,6513.764431975134,0,1,0.5998524227071768,1,6.527222370150499,30.284555430870114,6699.414751861177,754.1602326563617,8.883277666688919,2.0036733494775056,264.1522282428103,0.0,0.0,0.0,0.9182115515734485,13.779753761969904,0.9888888888888889,324.7846480855195,731,201.70328903198242
core,100,1500000.0,11,5,exclude,launch,0,0.0,prior,0.0,sa,12600.0,43200.0,261615.86070656075,0,248952.69849808124,12663.162208479514,0,1,0.6388612903201465,1,6.679579285495381,34.234118876172644,6593.891938148332,672.5056845699008,9.804960893922313,2.003159208624411,261.8486821067003,0.0,0.0,0.0,0.8430212049001367,11.969107551487415,0.9730941704035875,312.99693854478124,874,210.68161630630493
core,100,1500000.0,11,6,exclude,launch,0,0.0,prior,0.0,sa,12600.0,43200.0,374164.8050633549,0,331896.17658828216,42268.6284750727,0,1,0.7383244995764631,1,5.841769722662988,33.02066588883849,7584.090639439221,697.179237359452,10.878250861519865,2.0032737953637643,261.90850531336014,0.0,0.0,0.0008532423208191126,0.8382892441385363,12.126984126984127,0.972972972972973,306.2804733122723,882,213.5860471725464
core,100,1500000.0,11,2,exclude,launch,0,0.0,prior,0.0,sa,12600.0,43200.0,328937.32525484724,0,312350.27020724386,16587.05504760336,0,1,0.709306316002286,1,6.970150656233773,31.080864225065135,6306.0645414764385,740.6093174327427,8.514697821161445,2.0034952831002477,262.02415853885395,0.0,0.0,0.0,0.8473426493221276,12.312714776632303,0.9636363636363636,304.71207439294983,873,217.09278392791748
core,100,1500000.0,11,4,exclude,launch,0,0.0,prior,0.0,sa,12600.0,43200.0,282308.9251113183,0,264318.05219397094,17990.872917347344,0,1,0.6537757307811777,1,6.1889620359460675,31.267920109105862,7141.218427495743,736.2749292165263,9.699119369845647,2.003233506439656,261.8874705767375,0.0,0.0,0.0008598452278589854,0.84358764830554,11.917431192660551,0.9567307692307693,314.91815735847956,872,217.60190629959106
core,100,1500000.0,11,7,exclude,launch,0,0.0,prior,0.0,sa,12600.0,43200.0,249319.75770475346,0,225744.9110204174,23574.846684336044,0,1,0.6277771911009334,1,5.537022218423897,30.367015953852714,8018.5908986554505,758.0687733762483,10.577656250029476,2.003363961251027,261.95558373610305,0.0,0.0,0.0,0.8438903082794583,12.12514220705347,0.9559471365638766,307.32313796832165,879,217.653906583786
core,100,1500000.0,11,1,exclude,launch,0,0.0,prior,0.0,sa,12600.0,43200.0,304316.1956117644,0,294617.8315913585,9698.364020405857,0,1,0.6788856157671542,1,6.335763108220781,36.22651258927866,6968.561876837692,635.4733188593407,10.965939355795602,2.0033034233782576,261.9239745573616,0.0,0.0,0.0,0.844916568994184,12.30365296803653,0.9835164835164835,304.09449422964184,876,217.8474416732788
core,100,1500000.0,11,3,exclude,launch,0,0.0,prior,0.0,sa,12600.0,43200.0,209902.6833013168,0,188031.2484182715,21871.434883045284,0,1,0.5382709951656713,1,5.712751524285104,32.81457682899966,7762.382610686937,701.6149283168562,11.063593856687966,2.003110709742074,261.8233639690971,0.0,0.0,0.0,0.8439861667234204,12.113272311212814,0.9565217391304348,308.75823809877164,874,221.2569682598114
core,100,1500000.0,12,4,exclude,launch,0,0.0,prior,0.0,sa,12600.0,43200.0,275434.90151680907,0,258172.10412408016,17262.79739272889,0,1,0.6700919992502778,1,6.230106247778202,29.474809992077663,7141.218427495743,786.2358363182738,9.082794369862489,2.0030220885901224,260.0834113034758,0.0,0.0,0.000724112961622013,0.7745392099536309,10.662175168431183,0.966183574879227,294.18352922652645,1039,233.74488520622253
core,100,1500000.0,12,5,exclude,launch,0,0.0,prior,0.0,sa,12600.0,43200.0,253882.47012841722,0,241265.38131863307,12617.088809784165,0,1,0.6583213337048022,1,6.724057083768308,33.13603497492259,6593.891938148332,699.3970029171098,9.427967106873373,2.0029277366039895,260.0344827055636,0.0,0.0,0.000722543352601156,0.7735903768367158,10.85810162991371,0.9775784753363229,288.9026586344793,1043,236.6401071548462
core,100,1500000.0,12,2,exclude,launch,0,0.0,prior,0.0,sa,12600.0,43200.0,323849.556216457,0,307528.3606199632,16321.195596493768,0,1,0.7204497208457301,1,7.016607778880134,29.244676502166683,6306.0645414764385,792.324425365516,7.958942498292057,2.0032710807306495,260.21255454757426,0.0,0.0,0.0,0.7755885317063614,10.92492781520693,0.9723502304147466,288.2185273427557,1039,238.6479914188385
core,100,1500000.0,12,1,exclude,launch,0,0.0,prior,0.0,sa,12600.0,43200.0,298044.41677819175,0,288703.44077224954,9340.976005942202,0,1,0.6931714745039489,1,6.377903677629755,35.35684832653653,6968.561876837692,655.4271843536941,10.632091623891485,2.003049085421365,260.09741203693187,0.0,0.000725689404934688,0.000725689404934688,0.7765554978071679,11.155555555555555,0.989010989010989,283.20997824403406,1035,242.36941123008728
core,100,1500000.0,13,2,exclude,launch,0,0.0,prior,0.0,sa,12600.0,43200.0,316803.19718107954,0,300569.77047918923,16233.426701890268,0,1,0.7364740143035818,1,7.056395854875176,29.23966875733935,6306.0645414764385,796.9399990658881,7.912847327111105,2.003047289220876,258.663284115842,0.0,0.0,0.0,0.7210371739554406,10.232865400495458,0.9634703196347032,263.8343474222695,1211,261.73708415031433
core,100,1500000.0,9,9,exclude,launch,0,0.0,prior,0.0,sa,12600.0,43200.0,313685.0498238956,0,302385.19241033815,11299.857413557458,0,1,0.6273092926047944,1,5.5132386121969015,33.93889662773755,7909.979841733408,666.5988812822492,11.866176292582448,2.0039144843450707,266.7676742945761,0.0,0.0025284450063211127,0.0,1.0205776245119698,14.91231028667791,0.9887005649717514,370.4085747171489,593,177.46769309043884
core,100,1500000.0,9,10,exclude,launch,0,0.0,prior,0.0,sa,12600.0,43200.0,225756.28633995983,0,217842.06998960217,7914.216350357657,0,1,0.46961514409999805,1,5.501760214654365,32.58514422363244,7927.135773030543,694.2599870486097,11.418108375696312,2.0040091517019674,266.8179881046417,0.0,0.006377551020408163,0.0,1.0264816368196255,14.767006802721088,0.971830985915493,378.0455590159169,588,172.41355657577515
core,100,1500000.0,9,12,exclude,launch,0,0.0,prior,0.0,sa,12600.0,43200.0,393009.03146587237,0,347302.1550244541,45706.87644141829,0,1,0.6965948262087712,1,5.441368637121906,30.92657406755926,8018.5908986554505,731.4453075040689,10.962666403613294,2.0041388768968105,266.88694216061015,0.0,0.0012690355329949238,0.0,1.0237698619139486,14.387858347386173,0.9523809523809523,385.3451668727378,593,167.57855701446533
core,100,1500000.0,10,9,exclude,launch,0,0.0,prior,0.0,sa,12600.0,43200.0,303694.6945413387,0,292763.9471772904,10930.747364048308,0,1,0.6479452892745339,1,5.566143177058199,32.79462699004346,7909.979841733408,696.4902546674002,11.356913881746578,2.003521525766577,264.0723187019371,0.0,0.0,0.0,0.920951002319947,13.234972677595628,0.9830508474576272,338.6759690230137,732,195.96190285682678
core,100,1500000.0,10,10,exclude,launch,0,0.0,prior,0.0,sa,12600.0,43200.0,215450.8647388061,0,208073.2783589066,7377.586379899522,0,1,0.49207772300913444,1,5.554552574847476,32.55953918247878,7927.135773030543,701.4942151428771,11.300358009960181,2.0035925532493675,264.1097011702998,0.0,0.0,0.0,0.920921419435938,13.006858710562414,0.9765258215962441,344.38344177417184,729,195.08194971084595
core,100,1500000.0,9,11,exclude,launch,0,0.0,prior,0.0,sa,12600.0,43200.0,160022.88890481973,0,152942.81936520504,7080.069539614681,0,1,0.2090783028299283,1,5.441368637121907,37.23370980852244,8018.590898655449,607.6637116363494,13.1957705308131,2.003742326887433,266.67618820196236,0.0,0.005050505050505051,0.0012626262626262627,1.0106900744343768,15.566386554621849,0.9565217391304348,352.35829005788565,595,193.33032703399658
core,100,1500000.0,11,8,exclude,launch,0,0.0,prior,0.0,sa,12600.0,43200.0,241147.19723984352,0,235342.0279677024,5805.169272141094,0,1,0.6296159698727173,1,6.579028228557463,31.02172845637556,6699.414751861177,742.0859114014465,9.02781557893907,2.003320353498654,261.93281423982364,0.0,0.0,0.0,0.8453068627584073,12.88013698630137,0.9888888888888889,290.3556273317512,876,226.92759656906128
core,100,1500000.0,10,12,exclude,launch,0,0.0,prior,0.0,sa,12600.0,43200.0,381637.7914398843,0,336566.1054277073,45071.68601217691,0,1,0.7173303387841562,1,5.493570793647545,31.48043233513306,8018.5908986554505,725.4985839031134,11.052524534942844,2.0037082915689224,264.1706210635025,0.0,0.0010298661174047373,0.0010298661174047373,0.9214924262947068,12.789835164835164,0.9619047619047619,352.047115302869,728,189.26658964157104
core,100,1500000.0,11,9,exclude,launch,0,0.0,prior,0.0,sa,12600.0,43200.0,293990.92414232396,0,283461.5710626967,10529.353079627219,0,1,0.6693320458099122,1,5.610179315975079,32.93079735650787,7909.979841733408,699.1058359392434,11.314423990047814,2.0032050574794185,261.87261796156383,0.0,0.0,0.0017226528854435831,0.8438858873898003,12.114810562571757,0.9887005649717514,310.5403277339208,871,214.13219785690308
core,100,1500000.0,11,10,exclude,launch,0,0.0,prior,0.0,sa,12600.0,43200.0,208830.4354528351,0,201223.2853893097,7607.150063525417,0,1,0.5076777755652694,1,5.5984953098006525,31.619787584513094,7927.135773030543,728.0614156056213,10.888004230297708,2.0032890542544024,261.91647215880005,0.0,0.0,0.0017167381974248926,0.8404917078302032,11.640732265446225,0.971830985915493,321.07273078201683,874,216.93229818344116
core,100,1500000.0,10,11,exclude,launch,0,0.0,prior,0.0,sa,12600.0,43200.0,146383.27626071175,0,141047.73792024326,5335.538340468454,0,1,0.2285596748536574,1,5.493570793647546,35.941207738251165,8018.590898655449,635.567068813216,12.616435451302461,2.003354007775963,263.98416280126713,0.0,0.0010277492291880781,0.0020554984583761563,0.9151051242746399,13.994550408719347,0.961352657004831,319.5472800171898,734,214.40579462051392
core,100,1500000.0,12,8,exclude,launch,0,0.0,prior,0.0,sa,12600.0,43200.0,237414.5527764491,0,231630.0858279993,5784.466948449781,0,1,0.639514826267688,1,6.622821953326661,30.575716918406936,6699.414751861177,757.9066602662248,8.839366511844505,2.003075020937034,260.1108627200837,0.0,0.0,0.002881844380403458,0.7739724694572737,11.415384615384616,0.9944444444444445,275.2722929431345,1040,246.3662691116333
core,100,3000000.0,15,1,exclude,launch,0,0.0,prior,0.0,sa,12600.0,43200.0,323921.9547397763,0,312866.59484404797,11055.359895728297,0,1,0.6377952615523637,1,12.219109199447983,49.226134032200704,6968.561876837692,902.8593561169293,7.718324930262109,2.0027548577684917,271.11725847355865,0.0,0.005794701986754967,0.016556291390728478,1.091672364040309,10.88864388092613,0.9726775956284153,330.318789445249,907,207.05784678459167
core,100,1500000.0,11,12,exclude,launch,0,0.0,prior,0.0,sa,12600.0,43200.0,370535.17178675445,0,325956.1386279857,44579.03315876871,0,1,0.7388377218262795,1,5.537022218423897,29.555522327441494,8018.5908986554505,778.8657966944206,10.295215084148131,2.003407570152432,261.97835482200003,0.0,0.0,0.0,0.8444303386914889,11.741714285714286,0.9619047619047619,318.94941135678073,875,212.02220129966736
core,100,3000000.0,14,3,exclude,launch,0,0.0,prior,0.0,sa,12600.0,43200.0,236805.2105157281,0,213555.3085981451,23249.901917583044,0,1,0.47709866789945315,1,10.930914373886766,47.026813382203,7762.382610686937,937.7203658055874,8.277929000740366,2.002761025731263,273.24869890956364,0.0,0.008403361344537815,0.014005602240896359,1.1635566321176685,11.464824120603016,0.9516908212560387,356.4136996472701,796,190.32840967178345
core,100,3000000.0,16,1,exclude,launch,0,0.0,prior,0.0,sa,12600.0,43200.0,318441.2991306132,0,307800.1288420533,10641.170288559939,0,1,0.6487722805108626,1,12.305448362758213,48.47299325514887,6968.561876837692,923.3005952454128,7.5474465333637655,2.0025978905624293,269.17089974290684,0.0,0.005147058823529412,0.01838235294117647,1.0358968921670442,10.118110236220472,0.9836065573770492,320.3277737078336,1016,218.24233055114746
core,100,1500000.0,11,11,exclude,launch,0,0.0,prior,0.0,sa,12600.0,43200.0,137264.8575424812,0,132057.0020925967,5207.8554498845,0,1,0.24374275124138878,1,5.537022218423899,36.888034736893374,8018.590898655449,624.1651038483512,12.846906770686216,2.0030213551446217,261.77672090353246,0.0,0.0,0.001702127659574468,0.8391297414155,12.689772727272727,0.9611650485436893,293.30935855130986,880,236.88392806053162
core,100,3000000.0,17,1,exclude,launch,0,0.0,prior,0.0,sa,12600.0,43200.0,309864.1881222582,0,299904.0510489461,9960.137073312098,0,1,0.6667304443851901,1,12.382633544814277,48.542160210768955,6968.561876837692,927.7309092612852,7.511404230766092,2.0024135603862874,267.43004943141096,0.0,0.002635046113306983,0.014492753623188406,0.9938773410972129,9.835689045936396,0.9781420765027322,293.78137474430383,1132,239.23728561401367
core,100,3000000.0,15,3,exclude,launch,0,0.0,prior,0.0,sa,12600.0,43200.0,229148.83570569096,0,205685.01133835508,23463.824367335903,0,1,0.49302215276232697,1,11.018402358565364,46.157825123111905,7762.382610686937,962.9764207182359,8.060823135105805,2.0025466224736777,271.00466800366667,0.0,0.005046257359125316,0.010933557611438183,1.1229720282741582,10.98196166854566,0.9516908212560387,337.6366100058987,887,202.24092054367065
core,100,3000000.0,17,2,exclude,launch,0,0.0,prior,0.0,sa,12600.0,43200.0,337391.1236247818,0,320532.16284166876,16858.96078311302,0,1,0.6915336712640849,1,13.621822299311894,44.43860502775604,6306.0645414764385,1013.3063411002895,6.223255777348689,2.0025977563265105,267.5283403107946,0.0,0.0006587615283267457,0.025691699604743084,0.9704406871915324,9.522348816827344,0.9545454545454546,300.9553146611567,1141,237.07110166549683
core,100,3000000.0,18,2,exclude,launch,0,0.0,prior,0.0,sa,12600.0,43200.0,331528.3007076942,0,314996.06943252485,16532.231275169346,0,1,0.7037629121680155,1,13.698344031478973,43.799637151847996,6306.0645414764385,1033.826818217472,6.099730080855688,2.0024107723344704,265.96911757027823,0.0,0.0011997600479904018,0.01739652069586083,0.9519668567113744,9.17147435897436,0.9592760180995475,285.0716493131906,1248,248.3422245979309
core,100,3000000.0,19,2,exclude,launch,0,0.0,prior,0.0,sa,12600.0,43200.0,325190.5951436077,0,309005.6010098424,16184.994133765254,0,1,0.7174786905172476,1,13.767530748070415,43.623386283096906,6306.0645414764385,1043.200031103253,6.044923651705952,2.002267066448737,264.5874200751378,0.0,0.0,0.011976047904191617,0.9140235395700681,8.826811594202898,0.9681818181818181,267.65572257728616,1380,271.6481349468231
core,100,3000000.0,15,4,exclude,launch,0,0.0,prior,0.0,sa,12600.0,43200.0,300499.05758552754,0,281232.9972208763,19266.060364651188,0,1,0.6142006743837117,1,11.936201274520624,44.950448645718375,7141.218427495743,988.7956979024473,7.222137437131408,2.0026406513991373,271.0555054852321,0.0,0.005892255892255892,0.015993265993265993,1.1155751957219573,10.801346801346801,0.9615384615384616,339.1502548904295,891,200.10047340393066
core,100,3000000.0,16,3,exclude,launch,0,0.0,prior,0.0,sa,12600.0,43200.0,222019.9594434981,0,199665.2865643139,22354.672879184196,0,1,0.5089042045949678,1,11.09609469464805,47.227845137882404,7762.382610686937,947.7329549553194,8.190474510884654,2.002408110805181,269.06900774059,0.0,0.00663716814159292,0.017699115044247787,1.0320869000891593,10.027450980392157,0.9565217391304348,322.06806741329035,1020,221.80446529388428
core,100,3000000.0,14,6,exclude,launch,0,0.0,prior,0.0,sa,12600.0,43200.0,400362.6082272047,0,356024.05147978,44338.55674742467,0,1,0.6899838912166145,1,11.17756803734308,46.15210020273488,7584.090639439221,955.4316722046874,7.937868149104482,2.0028892153161064,273.31856575775754,0.0,0.0084985835694051,0.015108593012275733,1.178509617989459,11.808080808080808,0.9641255605381166,351.2851779049051,792,191.49720764160156
core,100,3000000.0,16,4,exclude,launch,0,0.0,prior,0.0,sa,12600.0,43200.0,293257.9635026072,0,274811.21075379674,18446.75274881046,0,1,0.6293664513531977,1,12.020499896891835,43.27675927684141,7141.218427495743,1034.2187348835055,6.904940112402944,2.0024864038888976,269.1110406507608,0.0,0.0022222222222222222,0.01037037037037037,1.0536504258984296,10.089108910891088,0.9711538461538461,321.4052610282138,1010,217.5572748184204
core,100,3000000.0,14,7,exclude,launch,0,0.0,prior,0.0,sa,12600.0,43200.0,276883.98283618066,0,251237.7009823825,25646.28185379818,0,1,0.5652971196711154,1,10.594944510757825,44.69796666892046,8018.5908986554505,986.4666847715506,8.128597774705817,2.0029856633322303,273.3711384659031,0.0,0.010377358490566037,0.020754716981132074,1.1599743122533184,11.469849246231156,0.9473684210526315,360.78406931998035,796,188.3248176574707
core,100,3000000.0,15,6,exclude,launch,0,0.0,prior,0.0,sa,12600.0,43200.0,392480.87830348144,0,348958.2344583125,43522.64384516893,0,1,0.7038342134933213,1,11.267069124624026,44.955860491320855,7584.090639439221,988.6418138552528,7.6712218046541265,2.002711248324522,271.09367740445464,0.0,0.006617038875103391,0.017369727047146403,1.1008652376955521,10.902547065337764,0.968609865470852,333.63801164724003,903,200.26397705078125
core,100,3000000.0,16,5,exclude,launch,0,0.0,prior,0.0,sa,12600.0,43200.0,271574.68941530865,0,256883.76877033326,14690.920644975396,0,1,0.6154338119618104,1,12.972781492793592,48.27590337597025,6593.891938148332,927.1501586423497,7.112000010660561,2.0024248316876774,269.0779843415117,0.0,0.002238805970149254,0.014179104477611941,1.0652003175251645,10.517552657973921,0.9775784753363229,312.5471072706266,997,220.19657254219055
core,100,3000000.0,17,4,exclude,launch,0,0.0,prior,0.0,sa,12600.0,43200.0,286987.6762901007,0,268176.78712409316,18810.889166007506,0,1,0.6431172453347155,1,12.09586074534819,44.83493865166803,7141.218427495743,1004.4847223623877,7.1093350336884535,2.0023269263726498,267.38382591989887,0.0,0.0006752194463200541,0.017555705604321403,1.013302526028003,9.786486486486487,0.9519230769230769,301.41339152196457,1110,232.81530261039734
core,100,3000000.0,17,5,exclude,launch,0,0.0,prior,0.0,sa,12600.0,43200.0,265112.4037321531,0,251389.46551763586,13722.938214517228,0,1,0.6304354077226394,1,13.054246028358989,47.00785767705657,6593.891938148332,958.07036748401,6.882471436273059,2.0022902659371296,267.3642669756297,0.0,0.005988023952095809,0.013972055888223553,1.0007470183689382,9.743566992014197,0.9775784753363229,299.2807121663302,1127,235.19770050048828
core,100,3000000.0,15,7,exclude,launch,0,0.0,prior,0.0,sa,12600.0,43200.0,267430.282665522,0,243095.90609202668,24334.376573495345,0,1,0.5852719829440125,1,10.679693190873161,45.279211103985745,8018.5908986554505,981.5604550435692,8.169227740842029,2.002754525263749,271.11707867336384,0.0,0.005862646566164154,0.019262981574539362,1.1163228643688672,10.952808988764044,0.956140350877193,336.83297710879384,890,207.3410940170288
core,100,3000000.0,16,6,exclude,launch,0,0.0,prior,0.0,sa,12600.0,43200.0,385223.8386927364,0,341958.6777406567,43265.1609520797,0,1,0.7171201256731853,1,11.346549308872545,46.88115986003509,7584.090639439221,954.6831223076412,7.9440920890139,2.002530391934811,269.1346577860719,0.0,0.00663716814159292,0.021386430678466076,1.039527035187474,10.352709359605912,0.9641255605381166,312.9902258730172,1015,221.13911533355713
core,100,3000000.0,14,9,exclude,launch,0,0.0,prior,0.0,sa,12600.0,43200.0,319702.5277636611,0,307762.95226391323,11939.575499747885,0,1,0.6155020045734353,1,10.734812769985417,45.009427043559164,7909.979841733408,979.7108565848121,8.073790127535096,2.002841702771497,273.29266907298285,0.0,0.011246485473289597,0.01874414245548266,1.175790335862971,11.566037735849056,0.9831460674157303,357.83567814036473,795,188.7702226638794
core,100,3000000.0,16,7,exclude,launch,0,0.0,prior,0.0,sa,12600.0,43200.0,260822.58652851885,0,236396.7154103689,24425.871118149953,0,1,0.6000768004616897,1,10.754952745294533,44.36031643913651,8018.5908986554505,1008.920846967671,7.947690765589257,2.002557418596404,269.14916888603017,0.0,0.006716417910447761,0.011194029850746268,1.0658226464316989,10.327,0.9559471365638766,316.4429907297844,1000,216.1273374557495
core,100,3000000.0,18,5,exclude,launch,0,0.0,prior,0.0,sa,12600.0,43200.0,259909.67355087923,0,246673.92386433503,13235.749686544192,0,1,0.6430551200953678,1,13.127508462660465,45.711372452118404,6593.891938148332,990.7049615938561,6.655757459355016,2.0021789020538687,265.8460877644136,0.0,0.0,0.011384062312762133,0.9545556135135667,9.195219123505977,0.9775784753363229,284.7661818337609,1255,245.50735592842102
core,100,3000000.0,16,8,exclude,launch,0,0.0,prior,0.0,sa,12600.0,43200.0,257991.50205787207,0,251464.21764685801,6527.28441101407,0,1,0.5885082464390323,1,12.777620622150328,45.6215983658717,6699.414751861177,981.0088991189708,6.829107012054447,2.002595632558825,269.16968731630357,0.0,0.005826656955571741,0.023306627822286964,1.0106998665786482,10.142166344294004,0.9834254143646409,313.89807297304577,1034,219.44049978256226
core,100,3000000.0,14,10,exclude,launch,0,0.0,prior,0.0,sa,12600.0,43200.0,231853.9448993269,0,223417.13202900166,8436.812870325242,0,1,0.4572644687458538,1,10.712474448300263,47.06484438172709,7927.135773030543,936.9122423894906,8.460915990182029,2.0028687477136593,273.3074097525376,0.0,0.009560229445506692,0.017208413001912046,1.187523156388436,11.701664532650447,0.971830985915493,356.08188948212614,781,184.52245903015137
core,100,3000000.0,15,9,exclude,launch,0,0.0,prior,0.0,sa,12600.0,43200.0,311145.28158408985,0,299914.41967810463,11230.861905985143,0,1,0.6324297951873288,1,10.82070146763475,45.06556290316646,7909.979841733408,986.2817841858566,8.019999931624852,2.0026166117057613,271.04250778138976,0.0,0.004208754208754209,0.006734006734006734,1.1332409950429592,11.114382785956964,0.9831460674157303,334.9693781655997,883,201.72015023231506
core,100,3000000.0,17,8,exclude,launch,0,0.0,prior,0.0,sa,12600.0,43200.0,251553.17219404873,0,245270.29141523532,6282.880778813433,0,1,0.6035707089200556,1,12.857832669414647,44.965851724665335,6699.414751861177,1001.5115213575771,6.689303726411387,2.002424403536077,267.43583506696575,0.0,0.004551365409622887,0.020156046814044214,0.9743310646678806,9.69157254561251,0.9833333333333333,293.35972494949914,1151,234.83789920806885
core,100,3000000.0,16,9,exclude,launch,0,0.0,prior,0.0,sa,12600.0,43200.0,306825.1745220897,0,295493.36213291046,11331.812389179284,0,1,0.6413344244396774,1,10.896973472327677,46.287134639168144,7909.979841733408,966.9638808865109,8.180222651627433,2.002470650079285,269.10258269906944,0.0,0.008888888888888889,0.01925925925925926,1.0440246478234696,10.126108374384236,0.9830508474576272,319.1610914191702,1015,214.6467363834381
core,100,3000000.0,15,10,exclude,launch,0,0.0,prior,0.0,sa,12600.0,43200.0,222113.2212384018,0,214022.5653815382,8090.6558568636,0,1,0.47731769567749965,1,10.79818103695718,44.85288714455046,7927.135773030543,990.9420843851362,7.999595433419506,2.0026495169451737,271.0602989587126,0.0,0.0016906170752324597,0.01014370245139476,1.1426024297669064,11.1125,0.9812206572769953,336.54962777727656,880,198.0352544784546
core,100,3000000.0,18,8,exclude,launch,0,0.0,prior,0.0,sa,12600.0,43200.0,244975.65276936674,0,238846.91844094606,6128.734328420685,0,1,0.619776393106266,1,12.929968638968901,46.33370706402131,6699.414751861177,977.34332709076,6.854719898485625,2.0022913853251056,265.9057675594809,0.0,0.001182033096926714,0.02304964539007092,0.929188528060281,9.320948616600791,0.9944444444444445,278.0559964160679,1265,251.07271790504456
core,100,3000000.0,16,10,exclude,launch,0,0.0,prior,0.0,sa,12600.0,43200.0,215958.68649600216,0,208342.1014597408,7616.585036261377,0,1,0.4909206138507638,1,10.874291310399013,44.76146088257431,7927.135773030543,999.9060613388008,7.927880507511565,2.0025033687216847,269.120148928774,0.0,0.004518072289156626,0.008283132530120483,1.0705716774341412,10.293172690763052,0.9765258215962441,320.31477989387474,996,216.6279537677765
core,100,3000000.0,14,11,exclude,launch,0,0.0,prior,0.0,sa,12600.0,43200.0,171287.62672566966,0,163197.9785495835,8089.648176086194,0,1,0.19532825963982853,1,10.594944510757827,49.2759042895187,8018.590898655449,894.925644832852,8.960063827596656,2.002748773730799,273.24202170004423,0.0,0.01743119266055046,0.024770642201834864,1.1339763563287892,11.471534653465346,0.9615384615384616,355.5103918279338,808,187.05970525741577
core,100,3000000.0,14,12,exclude,launch,0,0.0,prior,0.0,sa,12600.0,43200.0,396439.05059677374,0,349601.44185901136,46837.60873776234,0,1,0.6905646434811574,1,10.594944510757825,42.67571130880076,8018.5908986554505,1033.2191153421697,7.760784503101208,2.002971777091971,273.36356892394616,0.0,0.003883495145631068,0.013592233009708738,1.199695902618403,11.65891472868217,0.9523809523809523,362.90353700516704,774,165.0050220489502
core,100,3000000.0,15,11,exclude,launch,0,0.0,prior,0.0,sa,12600.0,43200.0,163674.18707902994,0,154929.9680160355,8744.219062994449,0,1,0.204414114548234,1,10.679693190873163,49.52264223186333,8018.590898655449,897.5502180913779,8.933863239103008,2.0025393640242317,271.00074386384625,0.0,0.010577705451586655,0.023596419853539462,1.0711356187826377,10.778138528138529,0.9663461538461539,330.46373947495294,924,184.38128352165222
core,100,3000000.0,15,12,exclude,launch,0,0.0,prior,0.0,sa,12600.0,43200.0,388824.22181814024,0,343179.53872588446,45644.68309225576,0,1,0.7040225762506837,1,10.679693190873161,43.569201545826104,8018.5908986554505,1020.0841610362329,7.860715032090998,2.002755906389994,271.11782551052346,0.0,0.005054759898904802,0.012636899747262006,1.1240652828706947,10.771043771043772,0.9571428571428572,343.000081766152,891,166.56528234481812
core,100,3000000.0,16,12,exclude,launch,0,0.0,prior,0.0,sa,12600.0,43200.0,381275.00905289146,0,335833.0565071578,45441.952545733606,0,1,0.7180310991377786,1,10.754952745294533,44.45611720796568,8018.5908986554505,1006.7399843190831,7.964907546687828,2.0025707207012204,269.1563111686387,0.0,0.003041825095057034,0.011406844106463879,1.0734626372706304,10.388438133874239,0.9619047619047619,318.0587061940955,986,168.3390827178955
core,100,3000000.0,16,11,exclude,launch,0,0.0,prior,0.0,sa,12600.0,43200.0,152800.18955206324,0,146642.46736137645,6157.722190686793,0,1,0.21896120760218063,1,10.754952745294535,50.1293532170315,8018.590898655449,892.9025725391444,8.980364874359141,2.0023524942751862,269.03915109989396,0.0,0.00805860805860806,0.018315018315018316,1.0352058508874562,10.326470588235294,0.9565217391304348,310.3379810862682,1020,183.03789830207825
core,100,1500000.0,12,7,exclude,launch,0,0.0,prior,0.0,sa,12600.0,43200.0,244861.85788889835,0,221641.4074117175,23220.450477180864,0,1,0.6392425154477798,1,5.57375306791695,30.410821211356694,8018.5908986554505,762.0042834917426,10.523026014908671,2.0031064388276443,260.1271571396296,0.0,0.0,0.0007209805335255948,0.7728412263638459,10.785645933014354,0.9515418502202643,290.5494065677756,1045,237.0880184173584
core,100,1500000.0,12,6,exclude,launch,0,0.0,prior,0.0,sa,12600.0,43200.0,367068.8273250816,0,324880.17940407735,42188.64792100428,0,1,0.7525599226274611,1,5.880561262767239,30.15877833594262,7584.090639439221,768.3842066406875,9.870180274261807,2.0030759311263813,260.1113347690109,0.0,0.0,0.0007209805335255948,0.7714550562672218,10.981800766283525,0.9684684684684685,285.2187946142107,1044,243.06100964546204
core,100,1500000.0,12,3,exclude,launch,0,0.0,prior,0.0,sa,12600.0,43200.0,203012.30085984734,0,181220.84440144323,21791.4564584041,0,1,0.5565390106402139,1,5.7506701505016,31.343732899627746,7762.382610686937,739.3995728389507,10.498224364511053,2.0029018813228,260.0210756020171,0.0,0.0,0.002170767004341534,0.7733244111967086,10.859480269489895,0.9516908212560387,289.65685069186264,1039,243.7892496585846
core,100,1500000.0,13,5,exclude,launch,0,0.0,prior,0.0,sa,12600.0,43200.0,248788.46111609132,0,236682.88186982996,12105.579246261346,0,1,0.6718006357265006,1,6.762149846396282,31.154739250230772,6593.891938148332,748.057232515798,8.814689106035852,2.002766548274356,258.51851085614555,0.0,0.0,0.0018575851393188853,0.7180023383390862,9.843878389482333,0.9820627802690582,273.3210636683173,1217,256.49806022644043
core,100,1500000.0,13,4,exclude,launch,0,0.0,prior,0.0,sa,12600.0,43200.0,265772.17047710635,0,248979.09775951967,16793.072717586678,0,1,0.6944546657739746,1,6.265343782718115,29.013634798152673,7141.218427495743,803.241115194686,8.890504099463193,2.002816705828998,258.54437326778526,0.0,0.0,0.0,0.7224068991692691,10.069478908188586,0.961352657004831,268.2372627434271,1209,260.9493250846863
core,100,1500000.0,13,6,exclude,launch,0,0.0,prior,0.0,sa,12600.0,43200.0,357089.6315859158,0,315526.1353921964,41563.4961937194,0,1,0.7736206408279914,1,5.913783746380148,31.661789130655105,7584.090639439221,736.0602834004476,10.303627040440597,2.002813172915218,258.5425515722254,0.0,0.0,0.0,0.7223932165647695,10.514072847682119,0.972972972972973,257.4645829102244,1208,263.1826775074005
core,100,1500000.0,13,7,exclude,launch,0,0.0,prior,0.0,sa,12600.0,43200.0,235760.43232657664,0,212868.78542775795,22891.6468988187,0,1,0.6639170288082233,1,5.605210593860153,30.350144711203527,8018.5908986554505,767.8417224169094,10.44302577543664,2.0028886381468824,258.58146551594166,0.0,0.0,0.0006195786864931846,0.7197988186709907,10.15156507413509,0.9559471365638766,265.4045049660276,1214,263.5467720031738
core,100,1500000.0,13,1,exclude,launch,0,0.0,prior,0.0,sa,12600.0,43200.0,289115.6767560431,0,280511.23458676785,8604.442169275255,0,1,0.7145786425830359,1,6.4139945926550785,35.22734792107335,6968.561876837692,661.555969047513,10.533593834654386,2.002823759791971,258.54801056030266,0.0,0.0,0.0006203473945409429,0.7203159085639075,10.37479406919275,0.9835164835164835,259.80418124780186,1214,265.4890558719635
core,100,1500000.0,13,8,exclude,launch,0,0.0,prior,0.0,sa,12600.0,43200.0,230799.89531568773,0,225181.863726628,5618.031589059723,0,1,0.6578431340472543,1,6.660328802083201,29.721670077898164,6699.414751861177,784.0819429922615,8.544278836845114,2.0028785453322104,258.57626094670536,0.0,0.0,0.0,0.7140225094414555,10.400977995110024,0.9888888888888889,256.02016178168816,1227,266.32820534706116
core,100,1500000.0,13,3,exclude,launch,0,0.0,prior,0.0,sa,12600.0,43200.0,193911.69987281167,0,172840.38276905206,21071.31710375961,0,1,0.5826669490814654,1,5.783144991952622,31.98642759553519,7762.382610686937,728.6443622296738,10.65318420488949,2.0026632497919863,258.4652518111238,0.0,0.0,0.0006195786864931846,0.7226035657753238,10.305210918114144,0.9563106796116505,262.50315187364055,1209,268.54744243621826
core,100,1500000.0,14,4,exclude,launch,0,0.0,prior,0.0,sa,12600.0,43200.0,264768.7016012896,0,248023.79600971605,16744.90559157358,0,1,0.6970866371457953,1,6.295861387016803,28.048771064014353,7141.218427495743,834.8929780716769,8.55345369413642,2.0026825417737446,257.2476372507151,0.0,0.0,0.0005353319057815846,0.6676615334017072,8.859174964438122,0.961352657004831,262.11755557658074,1406,274.8712697029114
core,100,1500000.0,14,7,exclude,launch,0,0.0,prior,0.0,sa,12600.0,43200.0,234976.933695946,0,212260.78732932874,22716.146366617282,0,1,0.6660861078384166,1,5.632454336300452,28.548865639920532,8018.5908986554505,820.2204729381535,9.776140883111156,2.002798678438416,257.30723260924873,0.0,0.0,0.005885500267522739,0.6623247791031419,8.848290598290598,0.9601769911504425,262.11051136573496,1404,276.7137076854706
core,100,1500000.0,14,3,exclude,launch,0,0.0,prior,0.0,sa,12600.0,43200.0,192203.3279165205,0,171118.37215546417,21084.955761056324,0,1,0.5878168338236806,1,5.811269826149633,30.303977990499035,7762.382610686937,772.8099077879801,10.044362180740237,2.0025549172268176,257.1821548624987,0.0,0.0,0.002680965147453083,0.666984866388607,9.086832740213524,0.9563106796116505,256.145545385938,1405,279.79703998565674
core,100,1500000.0,14,6,exclude,launch,0,0.0,prior,0.0,sa,12600.0,43200.0,354902.2819397178,0,313779.64288639266,41122.63905332516,0,1,0.7784015826196355,1,5.9425561115719026,30.15899223084644,7584.090639439221,776.4727524141155,9.767362236291849,2.0026899219476944,257.2514241707402,0.0,0.0,0.001070090957731407,0.6670180232892603,9.305555555555555,0.963963963963964,249.94897077546906,1404,282.34591341018677
core,100,1500000.0,14,2,exclude,launch,0,0.0,prior,0.0,sa,12600.0,43200.0,312595.26881510037,0,296912.59030797123,15682.678507129116,0,1,0.746387887624002,1,7.090854734301013,28.504472029596286,6306.0645414764385,821.4581459452274,7.676671748406899,2.002895616911717,257.3569817292417,0.0,0.0,0.0010712372790573112,0.6673851390610563,9.136752136752136,0.9723502304147466,254.8525406424184,1404,282.5259289741516
core,100,1500000.0,14,1,exclude,launch,0,0.0,prior,0.0,sa,12600.0,43200.0,286765.6416594066,0,278101.3355722718,8664.306087134853,0,1,0.7204345912931419,1,6.445251314407826,33.08854929920798,6968.561876837692,707.7289958477992,9.846370457790764,2.002682219816543,257.24747204844476,0.0,0.0,0.0,0.6680554833772696,9.272727272727273,0.989010989010989,250.3635491607741,1408,284.96599197387695
core,100,1500000.0,14,5,exclude,launch,0,0.0,prior,0.0,sa,12600.0,43200.0,239198.09109396112,0,227237.20845506486,11960.882638896266,0,1,0.698735703010083,1,6.795140388499866,33.17008418086993,6593.891938148332,706.0429136875088,9.339222602929143,2.0025302527961566,257.16950084566645,0.0,0.0,0.0,0.675589982807306,9.545977011494253,0.9865470852017937,246.0160641314527,1392,286.77304768562317
core,100,1500000.0,15,4,exclude,launch,0,0.0,prior,0.0,sa,12600.0,43200.0,260069.5748798059,0,243375.06788204852,16694.506997757373,0,1,0.7096821068208412,1,6.32254785009968,27.155814904581465,7141.218427495743,865.9771061046113,8.246428660936301,2.0025682275648,256.1253403831958,0.0,0.0,0.0,0.6286321591888705,8.234560199625701,0.966183574879227,246.80813262035062,1603,299.20721673965454
core,100,1500000.0,15,2,exclude,launch,0,0.0,prior,0.0,sa,12600.0,43200.0,310229.88392057613,0,294481.4887005531,15748.395220023043,0,1,0.7520788114400127,1,7.120987887207369,27.487304142158827,6306.0645414764385,855.4384328185772,7.371733954831369,2.002791160488239,256.2392580550754,0.0,0.0,0.0018630647414997672,0.6209109809245554,8.196042053184911,0.9723502304147466,246.45648956252617,1617,301.2959442138672
core,100,1500000.0,15,1,exclude,launch,0,0.0,prior,0.0,sa,12600.0,43200.0,281628.10552480054,0,272833.0940928128,8795.011431987778,0,1,0.7335769541212137,1,6.472584140542529,32.53332464788188,6968.561876837692,722.8468449759562,9.640440330163555,2.002542930144781,256.11241512107347,0.0,0.0,0.0004679457182966776,0.6273212907741165,8.60983198506534,0.978021978021978,236.03684781552374,1607,307.12084341049194
core,100,1500000.0,15,5,exclude,launch,0,0.0,prior,0.0,sa,12600.0,43200.0,236801.2022744328,0,224694.44593275635,12106.756341676448,0,1,0.7058082675843543,1,6.823989458301847,31.030389024515795,6593.891938148332,757.8978894359207,8.700237894917423,2.0024360439356634,256.0578071336265,0.0,0.0,0.0,0.6316871897260397,8.662492172824045,0.9820627802690582,236.2364212177321,1597,312.1192183494568
core,100,1500000.0,16,2,exclude,launch,0,0.0,prior,0.0,sa,12600.0,43200.0,302436.82714999345,0,287076.82818401617,15359.998965977265,0,1,0.7714580415712599,1,7.147561731702942,27.515545231768602,6306.0645414764385,857.7435168540874,7.351923293579585,2.0026358387672003,255.22907317080345,0.0,0.0,0.0,0.5932973394860107,8.004955947136564,0.967741935483871,224.8166982456325,1816,331.9092319011688
core,100,1500000.0,12,9,exclude,launch,0,0.0,prior,0.0,sa,12600.0,43200.0,286572.0643026957,0,276657.0415617558,9915.022740939896,0,1,0.6866599058932653,1,5.6474044787975775,32.381284833791085,7909.979841733408,715.6885299377518,11.052265770448201,2.002956206356795,260.0492459277743,0.0,0.0,0.001448225923244026,0.7762135391515803,10.981713185755535,0.9943181818181818,286.7345876559333,1039,240.43323397636414
core,100,1500000.0,12,10,exclude,launch,0,0.0,prior,0.0,sa,12600.0,43200.0,198045.0516620072,0,191664.67721234562,6380.374449661564,0,1,0.535325523416547,1,5.635641509485643,31.41924901173224,7927.135773030543,737.5788172838315,10.747510079292395,2.003020304468892,260.0824860597978,0.0,0.0,0.0,0.7768631738463578,10.768046198267564,0.9859154929577465,291.89705729754087,1039,239.10089564323425
core,100,1500000.0,12,12,exclude,launch,0,0.0,prior,0.0,sa,12600.0,43200.0,365665.33419755247,0,321035.6532975857,44629.68089996674,0,1,0.7486806049508935,1,5.57375306791695,29.187783666665336,8018.5908986554505,793.9163556035602,10.10004497584568,2.003151146177429,260.1503448184476,0.0,0.0,0.0,0.7791629969567747,10.561046511627907,0.9571428571428572,298.1136143282656,1032,225.55736470222473
core,100,1500000.0,13,9,exclude,launch,0,0.0,prior,0.0,sa,12600.0,43200.0,281011.2859016671,0,271606.0409197556,9405.244981911479,0,1,0.7002478426243174,1,5.679285377258106,31.399895083400462,7909.979841733408,742.217030694576,10.657233012197455,2.0027657860595256,258.5181178502793,0.0,0.0,0.0006176652254478073,0.7163152960716932,9.896890343698855,0.9943181818181818,270.008794921819,1222,257.57644176483154
core,100,1500000.0,13,10,exclude,launch,0,0.0,prior,0.0,sa,12600.0,43200.0,192563.75622014052,0,186767.99912108516,5795.757099055363,0,1,0.5505634758174347,1,5.667454777065182,30.534834740303605,7927.135773030543,763.2180050347686,10.386463265721071,2.002834642999221,258.5536224074974,0.0,0.0,0.0,0.7158529649795912,9.685855263157896,0.9671361502347418,277.8044042049196,1216,253.77592611312866
core,100,1500000.0,12,11,exclude,launch,0,0.0,prior,0.0,sa,12600.0,43200.0,129261.98911520652,0,124626.36380248115,4635.625312725363,0,1,0.25883335275262004,1,5.573753067916951,34.93334044289223,8018.590898655449,663.4532012290036,12.086143956802882,2.0028073536827993,259.9720617937067,0.0,0.0,0.0014419610670511895,0.7712026208849284,11.44263862332696,0.970873786407767,273.649684233236,1046,254.32551169395447
core,100,1500000.0,13,12,exclude,launch,0,0.0,prior,0.0,sa,12600.0,43200.0,359419.0156981657,0,315011.91004357225,44407.105654593455,0,1,0.7616906029456606,1,5.605210593860153,28.745823064213656,8018.5908986554505,810.6713197922732,9.891297129778982,2.0029482062148425,258.61218409260755,0.0,0.0,0.0,0.7212754115734458,9.595709570957096,0.9619047619047619,281.1951695727964,1212,245.06434202194214
core,100,1500000.0,14,8,exclude,launch,0,0.0,prior,0.0,sa,12600.0,43200.0,226505.41132716107,0,221238.25711379052,5267.154213370575,0,1,0.6703156696461846,1,6.6928118770511,28.848707663673785,6699.414751861177,811.719791088994,8.253358887397976,2.002738562925962,257.27638356080377,0.0,0.0,0.0010666666666666667,0.664299276603598,9.5,0.9944444444444445,243.376631027528,1410,295.84151554107666
core,100,3000000.0,18,1,exclude,launch,0,0.0,prior,0.0,sa,12600.0,43200.0,304658.08950218064,0,294669.64011966134,9988.44938251933,0,1,0.6781237556612819,1,12.45204721870106,49.8280824663033,6968.561876837692,908.8066843019095,7.667815386052668,2.0022845321242078,265.9021312927392,0.0,0.0,0.017251635930993457,0.9377522726295258,9.248811410459588,0.9726775956284153,281.71760551238236,1262,253.08231258392334
core,100,1500000.0,14,10,exclude,launch,0,0.0,prior,0.0,sa,12600.0,43200.0,185885.3415468021,0,180197.4030905011,5687.938456301022,0,1,0.5703439015621804,1,5.695006625170542,29.941836040891562,7927.135773030543,782.1118153697369,10.135553021000016,2.002670420542895,257.2414176567372,0.0,0.0,0.0005379236148466917,0.6714890516099689,9.102857142857143,0.9671361502347418,256.1109215301345,1400,276.1735782623291
core,100,1500000.0,14,9,exclude,launch,0,0.0,prior,0.0,sa,12600.0,43200.0,274762.9734427075,0,265640.5583164719,9122.415126235555,0,1,0.7161719945018734,1,5.7068958000997725,30.996358165532776,7909.979841733408,755.5307433682475,10.469434779675225,2.0025987766315545,257.20465757583804,0.0,0.0,0.0005373455131649651,0.6709815186899369,9.26967095851216,0.9943181818181818,252.40346879433858,1398,282.05378246307373
core,100,3000000.0,17,3,exclude,launch,0,0.0,prior,0.0,sa,12600.0,43200.0,216269.9460468258,0,193639.07372383983,22630.87232298596,0,1,0.5224012251857716,1,11.165549278966775,45.79227736414965,7762.382610686937,983.5126798136561,7.892508932531158,2.002270262016598,267.3535948572631,0.0,0.003997335109926716,0.016655562958027982,0.9930490234798115,9.64095744680851,0.9565217391304348,302.2351661302976,1128,232.3583996295929
core,100,1500000.0,13,11,exclude,launch,0,0.0,prior,0.0,sa,12600.0,43200.0,120621.06955043456,0,116422.95540815312,4198.114142281442,0,1,0.27737537190525813,1,5.605210593860154,34.82469390278999,8018.590898655449,669.2795240781219,11.98092965670869,2.0026010044075275,258.43316173583423,0.0,0.0,0.0018587360594795538,0.7158835742098671,10.719572368421053,0.9660194174757282,250.6779282443813,1216,282.6839711666107
core,100,1500000.0,14,12,exclude,launch,0,0.0,prior,0.0,sa,12600.0,43200.0,356039.35625179874,0,311978.1396668132,44061.216584985516,0,1,0.7689219409388269,1,5.632454336300452,27.36047499480817,8018.5908986554505,855.8328354166621,9.369342430933491,2.0028304262514514,257.3235251541041,0.0,0.0,0.001070090957731407,0.6652618514983558,8.550035486160397,0.9523809523809523,271.04854359705996,1409,270.1972436904907
core,100,1500000.0,15,8,exclude,launch,0,0.0,prior,0.0,sa,12600.0,43200.0,220737.86972743284,0,215563.10811895024,5174.761608482619,0,1,0.6878299888448338,1,6.721217160708079,29.05748125561187,6699.414751861177,809.3001214742292,8.278035025692887,2.0025759679063766,256.12929523677946,0.0,0.0,0.00046860356138706655,0.6270810284863617,9.014330218068535,0.9944444444444445,225.8068754909371,1605,311.7614870071411
core,100,3000000.0,19,1,exclude,launch,0,0.0,prior,0.0,sa,12600.0,43200.0,299340.0735717196,0,289866.45412009786,9473.619451621718,0,1,0.6901711667960503,1,12.514806825361278,50.371317641268746,6968.561876837692,903.5004944472395,7.712847884052404,2.0021530090094823,264.5272036967418,0.0,0.0010828370330265296,0.02165674066053059,0.9008067381319523,8.869408369408369,0.9781420765027322,266.6865764099566,1386,270.4726719856262
core,100,3000000.0,20,1,exclude,launch,0,0.0,prior,0.0,sa,12600.0,43200.0,294359.3632427354,0,285181.1960735588,9178.167169176559,0,1,0.701849214408874,1,12.57182537835403,50.17036050085666,6968.561876837692,911.2196474175669,7.6475105608037275,2.0020340115533632,263.2900331478836,0.0,0.0,0.01226692836113837,0.8656027964240195,8.425114453891432,0.989010989010989,254.67357032803096,1529,283.2968952655792
core,100,1500000.0,14,11,exclude,launch,0,0.0,prior,0.0,sa,12600.0,43200.0,115408.64608939427,0,111618.31322991128,3790.332859482986,0,1,0.28990301125486007,1,5.6324543363004524,33.34700905867555,8018.590898655449,702.3246590181911,11.41721395609969,2.00245125740219,257.12897457605976,0.0,0.0,0.0010770059235325794,0.6721226155114904,9.819871336669049,0.9611650485436893,237.38322419679034,1399,297.67526507377625
core,100,3000000.0,18,3,exclude,launch,0,0.0,prior,0.0,sa,12600.0,43200.0,209374.7622011843,0,187448.93149334105,21925.830707843234,0,1,0.5395625368360223,1,11.228010292877514,46.21764363007055,7762.382610686937,979.8900167201064,7.921687616197204,2.0021026800848594,265.8056507892476,0.0,0.0012055455093429777,0.007233273056057866,0.9624103379991099,9.201121794871796,0.9565217391304348,285.66362522209755,1248,241.80581068992615
core,100,3000000.0,20,2,exclude,launch,0,0.0,prior,0.0,sa,12600.0,43200.0,321052.1643984765,0,304562.9766377013,16489.187760775167,0,1,0.7267271435758813,1,13.830388836500173,43.473805650388506,6306.0645414764385,1051.5073390855982,5.997166455310011,2.0021738296374907,263.3635142391385,0.0,0.0,0.011816838995568686,0.8701060869940955,8.348821989528796,0.9590909090909091,256.61724203128216,1528,278.4524338245392
core,100,3000000.0,21,2,exclude,launch,0,0.0,prior,0.0,sa,12600.0,43200.0,315875.07352835714,0,299964.3402339387,15910.733294418407,0,1,0.7386379677445979,1,13.887748634573274,43.52737320022238,6306.0645414764385,1054.5247801242053,5.980006027675983,2.002067179621954,262.2448830634422,0.0,0.0,0.007699275362318841,0.8426562187699514,8.080168776371307,0.95,244.20489882350043,1659,297.6168372631073
core,100,3000000.0,22,2,exclude,launch,0,0.0,prior,0.0,sa,12600.0,43200.0,312649.03042408585,0,296738.40879625507,15910.62162783075,0,1,0.7462595423874544,1,13.940301312467547,43.21577903753474,6306.0645414764385,1066.0971874068885,5.915093498009253,2.0019878329442915,261.2375246809082,0.0,0.0,0.006619776582540339,0.8076070400951885,7.621220450797141,0.9636363636363636,234.55807045137274,1819,311.5345003604889
core,100,3000000.0,19,3,exclude,launch,0,0.0,prior,0.0,sa,12600.0,43200.0,204307.24834395794,0,182230.74568232306,22076.502661634862,0,1,0.5530286321494093,1,11.284483381767435,45.84281667250275,7762.382610686937,992.8218505706143,7.818505007948391,2.002010494852663,264.45197328679143,0.0,0.0005446623093681918,0.011982570806100218,0.9125731355894917,8.717281272595807,0.9565217391304348,272.461641201918,1383,259.22038173675537
core,100,3000000.0,18,4,exclude,launch,0,0.0,prior,0.0,sa,12600.0,43200.0,280761.46424367744,0,262814.75417766016,17946.710066017295,0,1,0.6573791183127368,1,12.163633661252018,43.71070538294708,7141.218427495743,1036.0399523426347,6.8928021659284715,2.0021986367929276,265.856557860754,0.0,0.0006067961165048543,0.009708737864077669,0.9663552332852978,9.194354838709678,0.9567307692307693,288.0667760723203,1240,244.24400925636292
core,100,3000000.0,19,4,exclude,launch,0,0.0,prior,0.0,sa,12600.0,43200.0,275408.2960702289,0,257480.3190184136,17927.97705181532,0,1,0.670156732583093,1,12.224909705615993,44.271304436376326,7141.218427495743,1028.029247467948,6.946512898426455,2.002078866085494,264.4880637756593,0.0,0.0005512679162072767,0.008269018743109152,0.9243969056435224,8.820644216691068,0.9663461538461539,272.41341770734556,1366,261.0980875492096
core,100,3000000.0,17,6,exclude,launch,0,0.0,prior,0.0,sa,12600.0,43200.0,379123.0159736609,0,336393.4245469195,42729.59142674147,0,1,0.7286698617357276,1,11.417602288439355,45.1430846694948,7584.090639439221,997.5967169320268,7.602361265545322,2.0023899665689617,267.4174605724262,0.0,0.0013306719893546241,0.014637391882900865,0.9954509812976478,9.796985815602836,0.9596412556053812,297.359639311199,1128,234.95154690742493
core,100,3000000.0,17,7,exclude,launch,0,0.0,prior,0.0,sa,12600.0,43200.0,255632.35868921087,0,230852.49444965128,24779.864239559618,0,1,0.612292774886911,1,10.822232350975346,44.36396697256355,8018.5908986554505,1015.10751262305,7.899252836712158,2.002407614009306,267.4268766188387,0.0,0.00133422281521014,0.01134089392928619,1.0054461234441991,9.70347284060552,0.9647577092511013,301.7935817803037,1123,229.18133425712585
core,100,3000000.0,19,5,exclude,launch,0,0.0,prior,0.0,sa,12600.0,43200.0,254144.27317530234,0,241291.89865359908,12852.374521703243,0,1,0.6576431735053215,1,13.193748110023064,46.37103922367385,6593.891938148332,981.4922997007944,6.71823094298189,2.0020514984246294,264.4736171666483,0.0,0.0,0.008138903960933261,0.9149481083165371,8.77584960231381,0.9730941704035875,268.56076595917915,1383,262.4763352870941
core,100,3000000.0,18,6,exclude,launch,0,0.0,prior,0.0,sa,12600.0,43200.0,372675.13044549065,0,330308.6140688646,42366.516376626045,0,1,0.7412746057152855,1,11.481500841413718,45.626959665834626,7584.090639439221,992.511351107988,7.641313755225809,2.0022323154802786,265.87442627527264,0.0,0.0023880597014925373,0.01253731343283582,0.9580578368670423,9.356285028022418,0.968609865470852,281.32277211326044,1249,246.82756853103638
core,100,3000000.0,18,7,exclude,launch,0,0.0,prior,0.0,sa,12600.0,43200.0,248885.6494458765,0,225321.3472577926,23564.30218808392,0,1,0.6289088843119022,1,10.882737274243812,44.563483238199765,8018.5908986554505,1016.1743976457683,7.890959383775656,2.0022767357455007,265.89799461181616,0.0,0.0,0.013293051359516616,0.9625996302889364,9.30241935483871,0.947136563876652,284.6575622873722,1240,242.0159432888031
core,100,3000000.0,20,4,exclude,launch,0,0.0,prior,0.0,sa,12600.0,43200.0,270179.5064582303,0,253770.23603614685,16409.270422083493,0,1,0.6831262897774054,1,12.280580335181325,43.60965558914671,7141.218427495743,1048.3202401792394,6.8120581419612325,2.0020048279071574,263.27469703913715,0.0,0.0,0.011898859692612791,0.8742599937750887,8.264337508239947,0.9519230769230769,261.58330118159455,1517,279.15847396850586
core,100,3000000.0,19,6,exclude,launch,0,0.0,prior,0.0,sa,12600.0,43200.0,367806.89776093897,0,325697.22518789925,42109.67257303967,0,1,0.7510903556496366,1,11.539273730597122,46.94546327211636,7584.090639439221,969.4521127295395,7.823068865243736,2.0021148167165697,264.5070416898544,0.0,0.0005431830526887561,0.013579576317218903,0.908646641643956,8.90014471780029,0.972972972972973,265.53872341635486,1382,255.01294612884521
core,100,3000000.0,17,9,exclude,launch,0,0.0,prior,0.0,sa,12600.0,43200.0,299403.6572883576,0,288550.18805679516,10853.469231562463,0,1,0.6572316066139813,1,10.965158237266035,44.56621838068013,7909.979841733408,1010.528349561565,7.827568464719755,2.0023528826693084,267.3976744628997,0.0,0.004614370468029005,0.016479894528675015,0.986538853016418,9.573309920983318,0.9887005649717514,299.74525797605463,1139,227.89149641990662
core,100,3000000.0,20,5,exclude,launch,0,0.0,prior,0.0,sa,12600.0,43200.0,250749.6457565598,0,237974.97906834685,12774.666688212934,0,1,0.6665462909625518,1,13.253928545484081,46.51551728196271,6593.891938148332,982.8574797094034,6.7088993819306495,2.0019505516541596,263.24617586508634,0.0,0.0,0.010912698412698412,0.8794101008787594,8.384666226040979,0.9820627802690582,257.56139363149197,1513,277.64075660705566
core,100,3000000.0,17,10,exclude,launch,0,0.0,prior,0.0,sa,12600.0,43200.0,209725.07624499837,0,202688.04153765537,7037.034707343004,0,1,0.5055121344534472,1,10.942331482899105,45.43919380508391,7927.135773030543,991.1243289641545,7.99812449495147,2.002332280992703,267.38668275748876,0.0,0.0013559322033898306,0.012203389830508475,1.0287843200130689,9.805077062556663,0.9765258215962441,303.6969597368959,1103,226.74593496322632
core,100,3000000.0,19,7,exclude,launch,0,0.0,prior,0.0,sa,12600.0,43200.0,244247.47249567122,0,220729.77852310508,23517.693972566136,0,1,0.6408410978888576,1,10.93744170207446,44.4940377879748,8018.5908986554505,1022.8395552327484,7.8395393076393205,2.002163944603537,264.5329768229474,0.0,0.0010893246187363835,0.00980392156862745,0.9174950840038024,8.841339155749637,0.947136563876652,270.38571886760445,1374,258.7540147304535
core,100,3000000.0,19,8,exclude,launch,0,0.0,prior,0.0,sa,12600.0,43200.0,239889.73021320414,0,233898.21167684734,5991.518536356787,0,1,0.6329163250853299,1,12.995189736838817,45.21230334740768,6699.414751861177,1006.5911242223416,6.655547213409933,2.0021621217891656,264.5320145171772,0.0,0.0,0.015516318887105404,0.8939970399624976,8.863473909935669,0.9888888888888889,263.57305267711075,1399,258.39654183387756
core,100,3000000.0,21,5,exclude,launch,0,0.0,prior,0.0,sa,12600.0,43200.0,245582.1548286255,0,233491.12103550532,12091.033793120183,0,1,0.6805716256372224,1,13.308844779122467,46.67411170330839,6593.891938148332,983.5333625177019,6.704289035268647,2.0018555542948855,262.13412841537496,0.0,0.0004508566275924256,0.007664562669071236,0.8436862388727456,8.052536231884059,0.9820627802690582,245.4612067873786,1656,288.6154594421387
core,100,3000000.0,18,9,exclude,launch,0,0.0,prior,0.0,sa,12600.0,43200.0,293407.6786427377,0,282778.1175524381,10629.56109029954,0,1,0.670662566215016,1,11.026477224393803,46.30926002584878,7909.979841733408,977.9154243193381,8.088613437342007,2.002176418326112,265.84477005858736,0.0,0.001806140878988561,0.013847080072245636,0.9571356067042452,9.241767068273093,0.9887005649717514,285.28438545908523,1245,241.97766661643982
core,100,3000000.0,19,9,exclude,launch,0,0.0,prior,0.0,sa,12600.0,43200.0,287754.4231146036,0,277525.2460476516,10229.177066951968,0,1,0.6838384778793047,1,11.08191771298081,45.23423149270481,7909.979841733408,1006.1491629627141,7.86163735249913,2.0020705797566105,264.48368961690824,0.0,0.0010804970286331713,0.00864397622906537,0.909908481698107,8.761494252873563,0.9887005649717514,269.04776689477484,1392,260.3059856891632
core,100,3000000.0,20,8,exclude,launch,0,0.0,prior,0.0,sa,12600.0,43200.0,234801.35244790363,0,229269.56626495285,5531.786182950769,0,1,0.6466322484489905,1,13.054444740300998,44.535131389865874,6699.414751861177,1026.5168081255115,6.526356605981696,2.002040899398974,263.2936528001331,0.0,0.0,0.010726474890297415,0.8680191182434219,8.517286366601436,0.9833333333333333,250.98773396902416,1533,285.6402761936188
core,100,3000000.0,18,10,exclude,launch,0,0.0,prior,0.0,sa,12600.0,43200.0,203701.20486573252,0,196790.99210260515,6910.212763127376,0,1,0.5204611873106116,1,11.00352042930873,43.81716687766413,7927.135773030543,1033.4953155530804,7.670219355361368,2.0022517111843277,265.8847170461951,0.0,0.0,0.011473429951690822,0.9605477047958355,9.151368760064413,0.9624413145539906,286.7774688532793,1242,243.62194323539734
core,100,3000000.0,21,8,exclude,launch,0,0.0,prior,0.0,sa,12600.0,43200.0,231159.00327906304,0,225542.14293847486,5616.860340588147,0,1,0.6568211677611211,1,13.10851644878288,44.91731267935405,6699.414751861177,1021.9480531698479,6.55553355288572,2.0019595991255112,262.18857761634257,0.0,0.0004472271914132379,0.013416815742397137,0.8276673643067801,8.119571683521713,0.9888888888888889,240.4335182879019,1681,290.07763600349426
core,100,3000000.0,19,10,exclude,launch,0,0.0,prior,0.0,sa,12600.0,43200.0,198122.82951718758,0,191486.45910815196,6636.370409035619,0,1,0.535115368579083,1,11.058843337527122,46.0415709871027,7927.135773030543,988.4997228341086,8.01936064311966,2.0020839524158918,264.49074874814676,0.0,0.0,0.007166482910694598,0.9335929460250317,8.950589970501476,0.9765258215962441,270.7361748417793,1356,261.8351135253906
core,100,3000000.0,17,11,exclude,launch,0,0.0,prior,0.0,sa,12600.0,43200.0,146053.99055614302,0,139887.56571050777,6166.424845635245,0,1,0.22907497356808507,1,10.82223235097535,50.17890554564315,8018.590898655449,897.5517042370386,8.93384844661582,2.002231283547862,267.3328004039192,0.0,0.0038860103626943004,0.02266839378238342,0.9617018732007279,9.657758620689656,0.9710144927536232,293.5944550392692,1160,229.20207691192627
core,100,3000000.0,17,12,exclude,launch,0,0.0,prior,0.0,sa,12600.0,43200.0,376239.03594361915,0,330993.1052950739,45245.93064854526,0,1,0.7276364104293583,1,10.822232350975346,44.49216194487547,8018.5908986554505,1012.1653901675439,7.92221407346099,2.0024418390692134,267.4451383658465,0.0,0.0006666666666666666,0.02,1.00605380699507,9.665474060822898,0.9666666666666667,301.2434954268392,1118,215.771249294281
core,100,3000000.0,18,11,exclude,launch,0,0.0,prior,0.0,sa,12600.0,43200.0,140970.9605150933,0,134440.65324413226,6530.30727096105,0,1,0.23733479508057506,1,10.882737274243814,48.57557720980647,8018.590898655449,932.3187361840627,8.60069693705306,2.002115360611268,265.8123777982992,0.0,0.002359882005899705,0.02359882005899705,0.9296095139058501,9.171135646687697,0.961352657004831,279.7590861681118,1268,239.34799480438232
core,100,3000000.0,18,12,exclude,launch,0,0.0,prior,0.0,sa,12600.0,43200.0,369970.6838097757,0,325423.9181523929,44546.76565738278,0,1,0.739954676762721,1,10.882737274243812,43.774389196592296,8018.5908986554505,1034.473157043061,7.751376479961836,2.002313884129779,265.9177054632879,0.0,0.0,0.012650602409638554,0.955275064098118,9.10977564102564,0.9571428571428572,287.8108916807304,1248,223.63774466514587
core,100,3000000.0,19,11,exclude,launch,0,0.0,prior,0.0,sa,12600.0,43200.0,133053.17323870803,0,127930.70919441899,5122.464044289041,0,1,0.2514582193852427,1,10.937441702074464,49.2446582087623,8018.590898655449,924.2483354513997,8.675796959633361,2.0019865972475923,264.43935926031537,0.0,0.0,0.02092274678111588,0.8911393345321991,8.807857142857143,0.961352657004831,264.9552146875911,1400,257.06094455718994
core,100,3000000.0,19,12,exclude,launch,0,0.0,prior,0.0,sa,12600.0,43200.0,363638.7696247938,0,319407.4733200115,44231.29630478231,0,1,0.7528258994994429,1,10.93744170207446,43.794877234402094,8018.5908986554505,1039.1635548282413,7.716389649539631,2.0021736897525724,264.53812154169685,0.0,0.0,0.012048192771084338,0.9223404295213492,8.753104455807158,0.9571428571428572,274.04233492683096,1369,241.18496298789978
core,100,1500000.0,15,6,exclude,launch,0,0.0,prior,0.0,sa,12600.0,43200.0,349001.8968029194,0,307822.85552290175,41179.04128001768,0,1,0.7915399289736919,1,5.96771635809911,29.937849031505863,7584.090639439221,785.5157301314784,9.654918862248383,2.0025395016429215,256.11066341476044,0.0,0.0,0.00046904315196998124,0.6270041864986314,8.731464174454828,0.9684684684684685,233.22852790605313,1605,306.02785897254944
core,100,1500000.0,15,7,exclude,launch,0,0.0,prior,0.0,sa,12600.0,43200.0,227590.77246052987,0,204763.50150400636,22827.270956523516,0,1,0.6877405927955721,1,5.656277805326946,28.87167001869795,8018.5908986554505,814.4981549352722,9.844823895632624,2.0026016133094284,256.1423987286446,0.0,0.0,0.00047080979284369113,0.6290466899104432,8.5375,0.9601769911504425,239.27467621657152,1600,306.36252665519714
core,100,1500000.0,15,3,exclude,launch,0,0.0,prior,0.0,sa,12600.0,43200.0,186675.1610821484,0,165980.1443111072,20695.01677104119,0,1,0.6052417254175039,1,5.835863807287276,29.46451508434176,7762.382610686937,798.1801676909415,9.72510082923103,2.002425380317405,256.05235942810805,0.0,0.0,0.0009407337723424271,0.6281860556655111,8.475922451532208,0.9609756097560975,240.79227303999292,1599,307.10415744781494
core,100,1500000.0,16,5,exclude,launch,0,0.0,prior,0.0,sa,12600.0,43200.0,237003.6786556308,0,224790.91392941217,12212.764726218642,0,1,0.7052052832566362,1,6.84943084046178,28.173567714065978,6593.891938148332,837.8063201908126,7.8704251558362035,2.0024056969572683,255.11191769478935,0.0,0.0,0.0,0.5913653291026868,7.592939878654164,0.9775784753363229,237.0265987903282,1813,310.5193645954132
core,100,1500000.0,16,4,exclude,launch,0,0.0,prior,0.0,sa,12600.0,43200.0,255500.9447171301,0,239285.10192305263,16215.842794077495,0,1,0.7223719819315643,1,6.346081991064013,26.24408376236626,7141.218427495743,899.3671224155872,7.940270718719766,2.0024843405039516,255.15194877818266,0.0,0.0,0.00041407867494824016,0.5921554145170801,7.608480176211454,0.9710144927536232,236.10799703249066,1816,317.16964316368103
core,100,1500000.0,16,7,exclude,launch,0,0.0,prior,0.0,sa,12600.0,43200.0,222334.45294128227,0,200253.491818053,22080.96112322925,0,1,0.7040139545522104,1,5.677287042683682,28.538171773249573,8018.5908986554505,827.0713973611187,9.695161656224398,2.0024809882398458,255.1502423469604,0.0,0.0,0.0,0.594293263162486,8.027041942604857,0.9646017699115044,224.62618346428917,1812,320.57983136177063
core,100,1500000.0,16,6,exclude,launch,0,0.0,prior,0.0,sa,12600.0,43200.0,345622.16252832446,0,304729.9549381696,40892.207590154816,0,1,0.7993011147237032,1,5.989904510094077,28.39986826103674,7584.090639439221,831.104853986992,9.125311449038804,2.0024671800160823,255.14321349071886,0.0,0.0,0.0008250825082508251,0.590319024933705,8.002191780821917,0.9684684684684685,223.6864447513059,1825,322.8861014842987
core,100,1500000.0,16,3,exclude,launch,0,0.0,prior,0.0,sa,12600.0,43200.0,182608.7859880623,0,162229.04400722292,20379.741980839404,0,1,0.6187401052700694,1,5.857552564711012,28.57215736864723,7762.382610686937,826.1513449994367,9.395836074917037,2.002326538149526,255.07162750500964,0.0,0.0,0.0,0.5935718752398704,7.810601877415793,0.9609756097560975,230.42350714049738,1811,324.2745316028595
core,100,1500000.0,16,8,exclude,launch,0,0.0,prior,0.0,sa,12600.0,43200.0,217589.57313493898,0,212633.49812759974,4956.075007339272,0,1,0.697782179011371,1,6.7462671588506735,28.441272882399403,6699.414751861177,829.8837550147824,8.072714655972321,2.0024941613555987,255.15694800182987,0.0,0.0,0.002470152326060107,0.5852769633109767,8.218579234972678,0.9888888888888889,217.28859226127219,1830,328.6343731880188
core,100,1500000.0,16,1,exclude,launch,0,0.0,prior,0.0,sa,12600.0,43200.0,275763.3416718844,0,267285.34204971016,8477.999622174273,0,1,0.7491782141646203,1,6.49668831906201,33.114557527696604,6968.561876837692,712.8037606566184,9.776269797480325,2.0023897445933736,255.1037980167487,0.0,0.0,0.0,0.5931322591750319,8.169332597904026,0.989010989010989,220.357367733571,1813,332.0496859550476
core,100,1500000.0,17,4,exclude,launch,0,0.0,prior,0.0,sa,12600.0,43200.0,253579.5419720298,0,237300.64201622535,16278.899955804445,0,1,0.7278454814823272,3,6.366991205346117,24.57409352141778,7141.218427495743,963.5931402588959,7.411030785853308,2.0024704769641577,254.3238565633551,0.0,0.0,0.0,0.5594604826265445,6.882151589242054,0.966183574879227,231.66934707963318,2045,332.4219446182251
core,100,1500000.0,17,5,exclude,launch,0,0.0,prior,0.0,sa,12600.0,43200.0,233392.6936735755,0,221522.50277987184,11870.190893703693,0,1,0.7161160176374962,5,6.87203463925079,26.113089724926763,6593.891938148332,906.8395621186404,7.271288344261345,2.0023897277683593,254.282886539291,0.0,0.0,0.00036832412523020257,0.5596732912324615,7.007839294463499,0.9865470852017937,228.0125338052735,2041,333.9679560661316
core,100,1500000.0,17,6,exclude,launch,0,0.0,prior,0.0,sa,12600.0,43200.0,345699.01303182024,0,304939.6413095486,40759.371722271666,0,1,0.799123051234566,2,6.0096178192957215,26.677875152407992,7584.090639439221,887.609578888754,8.54439927173178,2.002461209914956,254.3191545380037,0.0,0.0,0.0029218407596785976,0.5508502548795244,6.995643756050339,0.9684684684684685,225.86456071597874,2066,335.50555872917175
core,100,1500000.0,17,7,exclude,launch,0,0.0,prior,0.0,sa,12600.0,43200.0,222644.8444044902,0,200645.9743169305,21998.87008755971,0,1,0.7030188462439699,5,5.695952896061888,25.67209973193743,8018.5908986554505,922.365074425386,8.693510976281125,2.002502592656673,254.34015214072767,0.0,0.0,0.0,0.5598903046537536,7.0436274509803924,0.9601769911504425,227.10957282573128,2040,339.282457113266
core,100,1500000.0,17,3,exclude,launch,0,0.0,prior,0.0,sa,12600.0,43200.0,178915.39509260215,0,158607.74580517353,20307.64928742861,0,1,0.6315108060194968,2,5.876822165492457,28.011327422179182,7762.382610686937,845.4462219778204,9.181403155989946,2.0022469947286994,254.21047561112232,0.0,0.0,0.0,0.5611687058425531,7.264864864864865,0.9609756097560975,220.87378548729316,2035,345.2884895801544
core,100,1500000.0,18,4,exclude,launch,0,0.0,prior,0.0,sa,12600.0,43200.0,252909.52013857206,0,236507.49997517938,16402.02016339265,0,1,0.7297737298286574,10,6.385691456595844,24.14740905906744,7141.218427495743,983.4702524224433,7.261244974015013,2.0024127698319627,253.5648521152779,0.0,0.0,0.0,0.5325025312910904,6.25911286780852,0.961352657004831,228.9249180764266,2277,345.94725012779236
core,100,1500000.0,17,2,exclude,launch,0,0.0,prior,0.0,sa,12600.0,43200.0,298916.28405370354,0,283787.1836005733,15129.10045313025,0,1,0.7805440346309236,1,7.1711717289239125,27.163750618920375,6306.0645414764385,871.6980077728924,7.2342307602467155,2.0025415695133297,254.3599297900597,0.0,0.0,0.0,0.5605633052985111,7.452894995093229,0.9723502304147466,214.84513529444638,2038,349.09218859672546
core,100,1500000.0,17,1,exclude,launch,0,0.0,prior,0.0,sa,12600.0,43200.0,272950.70046430244,0,264428.94138140016,8521.759082902347,0,1,0.7568981779287636,2,6.518104010768091,32.37062361614659,6968.561876837692,731.5733804344505,9.525444833298003,2.0022964048529976,254.23554105083522,0.0,0.0,0.0,0.5609547374031384,7.59106529209622,0.989010989010989,211.24759796465383,2037,354.5604338645935
core,100,1500000.0,18,2,exclude,launch,0,0.0,prior,0.0,sa,12600.0,43200.0,299014.7581540149,0,283742.75784992287,15272.000304091978,0,1,0.7802869791864431,5,7.192287531887004,25.56902014596573,6306.0645414764385,928.73551121508,6.789946615938169,2.002530947733891,253.62464291106824,0.0,0.0,0.0,0.5311380572333617,6.653643546971027,0.9815668202764977,215.3156846700948,2278,359.3294868469238
core,100,1500000.0,18,5,exclude,launch,0,0.0,prior,0.0,sa,12600.0,43200.0,229138.78902701428,0,217548.0969107958,11590.692116218459,0,1,0.7294105334540476,11,6.89225050636984,27.83444276193146,6593.891938148332,853.2769735410252,7.727727505389316,2.0022247073138155,253.4697185079428,0.0,0.0,0.0,0.5330060613586319,6.738116197183099,0.9820627802690582,213.20737690639598,2272,366.89083433151245
core,100,1500000.0,18,1,exclude,launch,0,0.0,prior,0.0,sa,12600.0,43200.0,269757.12535092747,0,261539.83316685277,8217.292184074711,0,1,0.7658588724099493,8,6.537257248379103,30.16146077824798,6968.561876837692,787.4291025519836,8.849764193694693,2.002264927800412,253.49006300734248,0.0,0.0,0.0,0.5323162984496732,7.085865257595772,0.9835164835164835,202.69064490717003,2271,378.47261023521423
core,100,1500000.0,19,2,exclude,launch,0,0.0,prior,0.0,sa,12600.0,43200.0,298915.2394054555,0,283457.9320454889,15457.307359966608,0,1,0.7805467624743019,12,7.211284543996859,24.058783764967462,6306.0645414764385,989.5707974673664,6.372524894242745,2.0025554681406224,252.983951852108,0.0,0.0,0.0,0.5055355962304828,6.028152260111023,0.9769585253456221,214.3514635105915,2522,379.685430765152
core,100,1500000.0,15,9,exclude,launch,0,0.0,prior,0.0,sa,12600.0,43200.0,270919.1772075847,0,261736.22248447916,9182.954723105579,0,1,0.7263330294073383,1,5.731039929763357,29.50745699152093,7909.979841733408,796.9918533595285,9.92479384624922,2.002492540674418,256.0866704985927,0.0,0.0,0.0,0.6284128062471362,8.509693558474046,0.9943181818181818,239.57281602906522,1599,300.65659761428833
core,100,1500000.0,15,10,exclude,launch,0,0.0,prior,0.0,sa,12600.0,43200.0,184407.22767467386,0,178963.9814603669,5443.246214306967,0,1,0.5749154861112935,1,5.719099531419987,27.972816478544047,7927.135773030543,840.6722421551773,9.429520062073484,2.0025974926011183,256.1402932344422,0.0,0.0,0.0009350163627863488,0.6220437099310158,7.965260545905707,0.9811320754716981,253.51442481832797,1612,291.92834281921387
core,100,1500000.0,15,12,exclude,launch,0,0.0,prior,0.0,sa,12600.0,43200.0,348202.1972881266,0,304473.5368813088,43728.66040681778,0,1,0.7862110001311573,1,5.656277805326946,27.788303829025413,8018.5908986554505,846.230776808531,9.475655008550634,2.002653053006979,256.1686827987037,0.0,0.0,0.0004710315591144607,0.6301575699681529,8.2282131661442,0.9523809523809523,249.07149404701136,1595,294.07220339775085
core,100,1500000.0,16,9,exclude,launch,0,0.0,prior,0.0,sa,12600.0,43200.0,265363.64013326494,0,256506.85058207237,8856.789551192567,0,1,0.7415392199432742,1,5.752331959783385,29.441674623863527,7909.979841733408,801.7360736444548,9.866064533902012,2.002366714988263,255.0920762842096,0.0,0.0,0.0,0.5939464649100118,7.9906129210381005,0.9943181818181818,225.36093417470283,1811,326.66096782684326
core,100,1500000.0,16,10,exclude,launch,0,0.0,prior,0.0,sa,12600.0,43200.0,180404.445432882,0,174739.57334654083,5664.872086341154,0,1,0.5876716102345952,1,5.740346387163468,26.091651351181604,7927.135773030543,904.5916869116481,8.763219790460875,2.002550109257514,255.18542875473318,0.0,0.0,0.0004127115146512588,0.5874324570903542,7.3682191780821915,0.971830985915493,242.4501082402293,1825,317.7390112876892
core,100,3000000.0,21,1,exclude,launch,0,0.0,prior,0.0,sa,12600.0,43200.0,289541.18296468334,0,280789.32268975244,8751.860274930908,0,1,0.7135285064819584,1,12.623856166208977,49.9880330773936,6968.561876837692,918.2885979025464,7.588640317166643,2.0019473632169795,262.18217397318585,0.0,0.0,0.012946428571428572,0.8241171107146708,8.081402257872845,0.978021978021978,241.0192798225156,1683,301.78548073768616
core,100,1500000.0,15,11,exclude,launch,0,0.0,prior,0.0,sa,12600.0,43200.0,110942.0440703297,0,107283.58797542832,3658.456094901389,0,1,0.3015747033194373,1,5.6562778053269485,33.912801224129524,8018.590898655449,693.5271421367236,11.562043374323546,2.0023013731405195,255.98901233643232,0.0,0.0,0.0014084507042253522,0.6278964179317231,9.02311055590256,0.970873786407767,226.29622417691365,1601,320.7653908729553
core,100,1500000.0,16,12,exclude,launch,0,0.0,prior,0.0,sa,12600.0,43200.0,343459.09489425365,0,299887.37283950055,43571.72205475315,0,1,0.797088952695433,1,5.677287042683682,27.069266469924912,8018.5908986554505,871.9209403530607,9.19646555960514,2.002552708501173,255.18675196034908,0.0,0.0,0.0,0.5947038365541151,7.688987271721085,0.9523809523809523,234.90638475670957,1807,321.0282278060913
core,100,1500000.0,17,9,exclude,launch,0,0.0,prior,0.0,sa,12600.0,43200.0,263630.7121987976,0,254954.0237903411,8676.688408456503,0,1,0.7464135914382481,2,5.771249071704538,28.65391044143064,7909.979841733408,826.4685123610525,9.57081815390184,2.0022906393095328,254.23261616386714,0.0,0.0,0.0,0.5611704812522859,7.2796651895617925,0.9943181818181818,220.26855097378578,2031,343.14411997795105
core,100,3000000.0,20,3,exclude,launch,0,0.0,prior,0.0,sa,12600.0,43200.0,198973.04370866128,0,177618.69977965901,21354.34392900227,0,1,0.5678249741350758,1,11.335790204507365,46.10673951011751,7762.382610686937,991.5865001436337,7.828245553527139,2.001920058308147,263.23015284965254,0.0,0.0004948045522018803,0.012864918357248886,0.871593191828024,8.354647330257086,0.9516908212560387,256.6026957709269,1517,282.8523943424225
core,100,3000000.0,22,1,exclude,launch,0,0.0,prior,0.0,sa,12600.0,43200.0,285461.36284081853,0,276892.79657647887,8568.566264339684,0,1,0.7237262717091859,1,12.671526216441562,49.44161096376118,6968.561876837692,931.9117878765131,7.477705473300752,2.001857499695616,261.1695683250305,0.0,0.0,0.009038619556285949,0.7981200242517458,7.719193020719739,0.978021978021978,231.27508102670402,1834,316.9120264053345
core,100,1500000.0,17,10,exclude,launch,0,0.0,prior,0.0,sa,12600.0,43200.0,175847.70946363884,0,170682.71814943044,5164.991314208433,0,1,0.6028999255343891,2,5.759223362161281,26.44148726702586,7927.135773030543,895.5650764575103,8.851546338080817,2.0024159655699076,254.2961985496753,0.0,0.0,0.0,0.5620168435540689,6.944307540660424,0.9671361502347418,231.7808356879572,2029,339.3824746608734
core,100,1500000.0,17,8,exclude,launch,0,0.0,prior,0.0,sa,12600.0,43200.0,214093.4013466399,0,209022.27947691618,5071.121869723729,0,1,0.7091770485089416,1,6.768523211896202,27.415919719662,6699.414751861177,863.7340316344988,7.756339922352542,2.002416785434698,254.29661452187037,0.0,0.0,0.0007312614259597807,0.5542975185839237,7.6702230843840935,0.9944444444444445,206.4846818514719,2062,362.5099401473999
core,100,1500000.0,17,12,exclude,launch,0,0.0,prior,0.0,sa,12600.0,43200.0,343174.1516365556,0,299738.4205650349,43435.73107152075,0,1,0.7977530442903178,3,5.695952896061888,25.34095856102352,8018.5908986554505,934.4048402717978,8.581495464346075,2.0025308257008474,254.35447808445747,0.0,0.0,0.0,0.5617699899119823,6.852854330708661,0.9476190476190476,234.3484907716664,2032,333.7263596057892
core,100,1500000.0,16,11,exclude,launch,0,0.0,prior,0.0,sa,12600.0,43200.0,107512.0336428491,0,103825.06550208681,3686.9681407622793,0,1,0.31119599260214437,1,5.677287042683684,32.06576642381098,8018.590898655449,736.1808424265058,10.8921482827855,2.00221824589792,255.0165141509398,0.0,0.0,0.0,0.5890329822506603,8.259320175438596,0.9563106796116505,216.50039499596406,1824,341.1557855606079
core,100,3000000.0,21,3,exclude,launch,0,0.0,prior,0.0,sa,12600.0,43200.0,194532.22573385463,0,173565.98830904276,20966.237424811887,0,1,0.5807901228020185,1,11.382608668448666,46.39340302986443,7762.382610686937,989.5023625494446,7.844733781824657,2.001819103842809,262.1150543410201,0.0,0.0,0.008597285067873304,0.8417991799585359,8.024125452352232,0.9468599033816425,245.77241108801104,1658,296.23448300361633
core,100,3000000.0,23,1,exclude,launch,0,0.0,prior,0.0,sa,12600.0,43200.0,282358.99712186505,0,273857.86570783006,8501.13141403496,0,1,0.7316780763201378,1,12.715361684845256,49.08413408704413,6968.561876837692,941.9095115522148,7.398334756545655,2.0017911444416847,260.2534757649757,0.0,0.0,0.008342813803564657,0.7702335536863113,7.424609178013111,0.978021978021978,222.3661290776483,1983,330.1652133464813
core,100,1500000.0,18,8,exclude,launch,0,0.0,prior,0.0,sa,12600.0,43200.0,213136.0657405065,0,208239.10131108787,4896.96442941862,0,1,0.7123624335691026,2,6.788428058718454,26.541334434312564,6699.414751861177,894.7808741532845,7.48721273038018,2.0023773615228375,253.54693904719562,0.0,0.0,0.0009787928221859706,0.5226734050591503,6.891445940078159,0.9944444444444445,205.6021844433013,2303,378.2849440574646
core,100,3000000.0,23,2,exclude,launch,0,0.0,prior,0.0,sa,12600.0,43200.0,309203.51609431644,0,293290.63042883377,15912.88566548264,0,1,0.7545752561914321,1,13.988626855782586,43.74563151638642,6306.0645414764385,1056.7918529895935,5.967177475523684,2.0019117702570326,260.31615385495604,0.0,0.0,0.007221588749524895,0.7748038436174793,7.348860759493671,0.9497716894977168,223.59913392628366,1975,334.1893308162689
core,100,1500000.0,17,11,exclude,launch,0,0.0,prior,0.0,sa,12600.0,43200.0,103194.86361430574,0,99746.04100888914,3448.822605416619,0,1,0.32421491588195117,1,5.69595289606189,30.621417494395967,8018.590898655449,773.4199898087802,10.367705779932013,2.0021501538530346,254.16135243918828,0.0,0.0,0.0003695491500369549,0.5606106725231764,7.786732186732187,0.9660194174757282,206.00437744048006,2035,369.0786440372467
core,100,3000000.0,24,2,exclude,launch,0,0.0,prior,0.0,sa,12600.0,43200.0,305605.4070008811,0,290175.58954382903,15429.8174570521,0,1,0.7634594055840397,1,14.033215557760268,43.76916264358144,6306.0645414764385,1059.546251255697,5.951665190644534,2.0018495090501904,259.47566750789167,0.0,0.0,0.008050402520126006,0.744027869435366,7.027894002789401,0.9680365296803652,215.91187912560935,2151,358.3967516422272
core,100,3000000.0,25,2,exclude,launch,0,0.0,prior,0.0,sa,12600.0,43200.0,302336.91189950425,0,287147.4725898347,15189.439309669551,0,1,0.7717129903401064,1,14.074484711776899,43.69334835996237,6306.0645414764385,1064.4600668301714,5.924190806194457,2.001801753633268,258.70751870131596,0.0,0.0,0.008419689119170985,0.7148168304196693,6.757536606373816,0.9680365296803652,208.45062714906754,2322,371.47278785705566
core,100,3000000.0,21,4,exclude,launch,0,0.0,prior,0.0,sa,12600.0,43200.0,266006.6419290344,0,249044.98033632807,16961.661592706314,0,1,0.6938425389766781,1,12.331381050730606,43.11095446445674,7141.218427495743,1064.7956514228879,6.706656265878737,2.001907413726858,262.16126701590656,0.0,0.0,0.009571558796718322,0.8487885894932076,7.965454545454546,0.9615384615384616,249.62044071117523,1650,294.9136242866516
core,100,3000000.0,22,3,exclude,launch,0,0.0,prior,0.0,sa,12600.0,43200.0,190820.07845080105,0,169690.36321916064,21129.715231640406,0,1,0.5920133675680334,1,11.425503048570208,45.934474714506926,7762.382610686937,1003.1150217980047,7.738277706950772,2.0017557707669047,261.11653253597103,0.0,0.0,0.00869205298013245,0.8047891895846292,7.631463146314632,0.9516908212560387,235.1446182381154,1818,314.47963404655457
core,100,3000000.0,20,7,exclude,launch,0,0.0,prior,0.0,sa,12600.0,43200.0,240101.71673737746,0,216748.99003684343,23352.726700534015,0,1,0.6519142804613732,1,10.98714158729509,44.159996276428316,8018.5908986554505,1035.2273801671402,7.745729153107241,2.0020594533423326,263.30340326191697,0.0,0.0,0.009945300845350571,0.8823098630156619,8.372926343729263,0.973568281938326,259.9179184175699,1507,275.26113772392273
core,100,3000000.0,20,6,exclude,launch,0,0.0,prior,0.0,sa,12600.0,43200.0,363258.1377208176,0,321581.9345892644,41676.20313155324,0,1,0.7604890539011316,1,11.591761505239564,45.596584423512006,7584.090639439221,1002.6283866634726,7.564208973453676,2.002024741941561,263.28516188586696,0.0,0.0,0.011341222879684419,0.8701313447828949,8.396065573770493,0.9641255605381166,255.69857472210185,1525,281.6296372413635
core,100,3000000.0,22,4,exclude,launch,0,0.0,prior,0.0,sa,12600.0,43200.0,262725.02363639115,0,245277.98738734797,17447.036249043213,0,1,0.7025091149145378,1,12.377924071892135,43.85958280679051,7141.218427495743,1050.5366401296405,6.797686205989433,2.001819323430385,261.1496647184821,0.0,0.0,0.0045586406962287605,0.8094790577738475,7.618522601984565,0.961352657004831,236.86244959075236,1814,314.4581892490387
core,100,3000000.0,21,6,exclude,launch,0,0.0,prior,0.0,sa,12600.0,43200.0,359178.41857712594,0,317611.8751931693,41566.54338395668,0,1,0.7690958978259739,1,11.639657659902614,45.879022551640794,7584.090639439221,1000.5356818475742,7.580030154881187,2.0019404592355188,262.1785608200431,0.0,0.0,0.013501350135013501,0.8356501592731677,8.05719446116797,0.963963963963964,245.29750459868185,1661,293.5006215572357
core,100,3000000.0,22,5,exclude,launch,0,0.0,prior,0.0,sa,12600.0,43200.0,241985.86044461242,0,229867.50165120585,12118.358793406576,0,1,0.6906860013726539,1,13.359158570990761,47.01506038369772,6593.891938148332,980.0455483300357,6.728148451247088,2.001784485860994,261.13150243878147,0.0,0.0,0.009105960264900662,0.8066071877137191,7.709873138444567,0.9865470852017937,233.62656619875182,1813,315.542236328125
core,100,3000000.0,20,9,exclude,launch,0,0.0,prior,0.0,sa,12600.0,43200.0,282977.60021198384,0,273350.5907858631,9627.00942612073,0,1,0.6953820604822368,1,11.132286354116397,45.802941249796994,7909.979841733408,998.1366529621283,7.924746394453397,2.0019737429333984,263.2583622673327,0.0,0.0009881422924901185,0.011363636363636364,0.8738813989951203,8.409090909090908,0.9887005649717514,256.4079357580883,1518,279.09510803222656
core,100,3000000.0,21,7,exclude,launch,0,0.0,prior,0.0,sa,12600.0,43200.0,234985.6815344757,0,212048.38939177204,22937.292142703664,0,1,0.6660231686132086,1,11.032493626299619,45.38718388341502,8018.5908986554505,1011.369369258435,7.928449429445259,2.001957536671212,262.18749822870427,0.0,0.0,0.009972801450589302,0.8402861105390347,8.068633353401566,0.947136563876652,244.0935222241149,1661,299.03553318977356
core,100,3000000.0,23,4,exclude,launch,0,0.0,prior,0.0,sa,12600.0,43200.0,258426.92551984248,0,242052.90173561036,16374.023784232144,0,1,0.714193087463445,1,12.420723127546395,43.40633223249493,7141.218427495743,1065.1309990605873,6.704544730924249,2.0017644189204855,260.23959000236937,0.0,0.0,0.005319148936170213,0.7783633348912609,7.301064368981247,0.9567307692307693,225.92973468147903,1973,329.9689402580261
core,100,3000000.0,22,6,exclude,launch,0,0.0,prior,0.0,sa,12600.0,43200.0,354673.50266563584,0,313324.7249851945,41348.77768044137,0,1,0.7788998487171844,1,11.683539445325977,45.93452215540266,7584.090639439221,1003.064835096253,7.5609176735933135,2.001853857824882,261.1676695638213,0.0,0.0,0.0111340206185567,0.8017619178266605,7.777472527472527,0.972972972972973,229.61079242958763,1820,311.1221625804901
core,100,3000000.0,22,7,exclude,launch,0,0.0,prior,0.0,sa,12600.0,43200.0,231738.69568925985,0,209032.96127662863,22705.734412631216,0,1,0.6754405673559473,1,11.074044436847794,44.115864106393104,8018.5908986554505,1044.3887637990606,7.677783576957574,2.0019056099709847,261.19465221479464,0.0,0.0,0.01077943615257048,0.8043780394858798,7.595580110497237,0.9647577092511013,237.50777467095716,1810,305.36722326278687
core,100,3000000.0,23,5,exclude,launch,0,0.0,prior,0.0,sa,12600.0,43200.0,239343.0422497155,0,227255.76875866868,12087.273491046812,0,1,0.6983125340440415,1,13.40542522498063,46.87958536624888,6593.891938148332,986.2399096864654,6.685890393793322,2.001717312070274,260.21511562711834,0.0,0.0,0.007601672367920942,0.7743581934281704,7.287373737373738,0.9775784753363229,227.1560943820175,1980,331.74137139320374
core,100,3000000.0,21,9,exclude,launch,0,0.0,prior,0.0,sa,12600.0,43200.0,278196.1793135177,0,268965.25365721335,9230.925656304284,0,1,0.707333749842645,1,11.178248671686934,46.43824879414428,7909.979841733408,988.5156382868554,8.001876283355292,2.001882193921822,262.1480690442418,0.0,0.0,0.010820559062218215,0.8344910659229902,8.058153477218225,0.9887005649717514,244.00367665863362,1668,298.0637516975403
core,100,3000000.0,20,10,exclude,launch,0,0.0,prior,0.0,sa,12600.0,43200.0,193188.33703889354,0,187092.60619392758,6095.730844965979,0,1,0.5487834957639147,1,11.109105149694953,44.097987352696954,7927.135773030543,1036.7102115277683,7.6464335789155236,2.0020070536051477,263.2758666355277,0.0,0.0,0.0055193176116407425,0.8914370372806297,8.447263017356475,0.9765258215962441,259.1866711811775,1498,281.46367955207825
core,100,3000000.0,22,8,exclude,launch,0,0.0,prior,0.0,sa,12600.0,43200.0,227454.57026700844,0,222212.5885810947,5241.981685913769,0,1,0.6675184688266256,1,13.158056457114926,45.40264115142949,6699.414751861177,1014.7952816826745,6.601740146793546,2.0018937379194783,261.1884622145366,0.0,0.0,0.01628001628001628,0.7858680029180202,7.688888888888889,0.9833333333333333,231.27088114367618,1845,317.16860342025757
core,100,3000000.0,23,8,exclude,launch,0,0.0,prior,0.0,sa,12600.0,43200.0,224046.76726276104,0,219050.828092454,4995.939170307028,0,1,0.6776715786940443,1,13.203611538337885,45.1444149190174,6699.414751861177,1024.0947477559287,6.541791925543437,2.0018194857537344,260.2682014477576,0.0,0.0,0.01282051282051282,0.760441334354103,7.398898898898899,0.9888888888888889,221.63235278322574,1998,322.98046946525574
core,100,3000000.0,24,5,exclude,launch,0,0.0,prior,0.0,sa,12600.0,43200.0,235684.23241750826,0,223780.16920343315,11904.063214075131,0,1,0.7091532794740776,1,13.448114167536616,46.12559014544386,6593.891938148332,1005.5044483444949,6.557794894895586,2.001675397397114,259.3854866748019,0.0,0.0,0.008762705923589204,0.7426341042257493,7.041938490214353,0.9820627802690582,216.81766425369116,2146,346.8434360027313
core,100,3000000.0,22,9,exclude,launch,0,0.0,prior,0.0,sa,12600.0,43200.0,274786.02477021894,0,265105.1301965507,9680.894573668245,0,1,0.7161119160636983,1,11.220358631950157,46.53163261080207,7909.979841733408,990.2249863092494,7.988063269555899,2.0017894979931716,261.13411543368926,0.0,0.0,0.008316008316008316,0.8084832021520675,7.71523178807947,0.9943181818181818,233.1734146642548,1812,311.0264015197754
core,100,3000000.0,21,10,exclude,launch,0,0.0,prior,0.0,sa,12600.0,43200.0,189564.2952521069,0,183384.3334283151,6179.961823791817,0,1,0.5592749984907466,1,11.154969979586294,43.94314490780331,7927.135773030543,1044.6169971425597,7.588557140764885,2.001933613622369,262.17497823815273,0.0,0.0,0.006360745115856429,0.847909964224138,7.961795027289266,0.9765258215962441,248.623174973785,1649,298.06206250190735
core,100,3000000.0,24,8,exclude,launch,0,0.0,prior,0.0,sa,12600.0,43200.0,221435.83632960203,0,216126.69986634082,5309.136463261206,0,1,0.6856619460919421,1,13.245643906653322,45.755328571658346,6699.414751861177,1013.6022981742468,6.609510223021901,2.001752217531498,259.4252735999381,0.0,0.0,0.015347052668294385,0.7330793476999607,7.13265306122449,0.9944444444444445,212.21957675459436,2156,347.8451569080353
core,100,3000000.0,22,10,exclude,launch,0,0.0,prior,0.0,sa,12600.0,43200.0,184984.53273468456,0,179455.20308021316,5529.329654471411,0,1,0.573121273296286,1,11.196990619601305,44.17556872547551,7927.135773030543,1043.004820223856,7.600286805318093,2.001852674935786,261.16705284272217,0.0,0.0,0.007503126302626094,0.8145199803226697,7.628205128205129,0.9765258215962441,239.54040758869132,1794,305.20285296440125
core,100,3000000.0,20,11,exclude,launch,0,0.0,prior,0.0,sa,12600.0,43200.0,127787.81849513244,0,123292.27659777245,4495.541897359984,0,1,0.2618192752655531,1,10.987141587295092,50.05366755599427,8018.590898655449,913.4067691894847,8.778773235686415,2.0018964874910488,263.21776767629854,0.0,0.0,0.023960880195599023,0.8524486534852883,8.45691906005222,0.961352657004831,251.87995249484436,1532,274.7629837989807
core,100,3000000.0,20,12,exclude,launch,0,0.0,prior,0.0,sa,12600.0,43200.0,359552.1650356674,0,315199.4675720641,44352.69746360328,0,1,0.7614155076112024,1,10.98714158729509,43.87707196230776,8018.5908986554505,1041.9021773134132,7.696107248121614,2.002060348564694,263.303873723423,0.0,0.0,0.006483790523690773,0.8877831312157192,8.400132714001327,0.9571428571428572,259.1390684268368,1507,270.5584933757782
core,100,3000000.0,21,11,exclude,launch,0,0.0,prior,0.0,sa,12600.0,43200.0,122869.93356804944,0,118518.0590075665,4351.874560482949,0,1,0.2722986255024878,1,11.032493626299624,49.813367479145235,8018.590898655449,921.5851772843919,8.70086791356996,2.0017807659287916,262.094993329807,0.0,0.0,0.013790035587188613,0.8292794345630193,8.128955223880597,0.961352657004831,240.80422502115636,1675,293.91963934898376
core,100,3000000.0,21,12,exclude,launch,0,0.0,prior,0.0,sa,12600.0,43200.0,355704.09776949114,0,311330.8615973798,44373.23617211132,0,1,0.7695958758113537,1,11.032493626299619,43.10713512640132,8018.5908986554505,1064.8369791354503,7.530346011429664,2.002007081331718,262.21342809354775,0.0,0.0,0.010435571687840291,0.8410567671250131,7.909806295399516,0.9619047619047619,248.35420907879188,1652,283.7300670146942
core,100,3000000.0,22,12,exclude,launch,0,0.0,prior,0.0,sa,12600.0,43200.0,351339.5346895045,0,307403.42239139293,43936.11229811154,0,1,0.7792136421056769,1,11.074044436847794,44.50404817759254,8018.5908986554505,1035.2906945646773,7.745255454099427,2.0018832696654885,261.1830042048214,0.0,0.0,0.005434782608695652,0.8162222137694951,7.66147859922179,0.9571428571428572,237.1862363228788,1799,297.386981010437
core,100,3000000.0,22,11,exclude,launch,0,0.0,prior,0.0,sa,12600.0,43200.0,119050.73051431519,0,114799.2675562425,4251.462958072682,0,1,0.28103409262271306,1,11.074044436847798,48.53531368760585,8018.590898655449,949.3753314500906,8.446175746327565,2.0017267548501945,261.1014062426099,0.0,0.0,0.013403736799350122,0.7913862009666461,7.694399129961936,0.961352657004831,230.74102232631998,1839,313.25296807289124
core,100,1500000.0,18,10,exclude,launch,0,0.0,prior,0.0,sa,12600.0,43200.0,173336.08603100415,0,168238.59938934908,5097.486641655047,0,1,0.6116358882250157,12,5.776106014680703,25.981365989620702,7927.135773030543,914.0762908284427,8.672291199945736,2.0023544087855845,253.53532759253343,0.0,0.0,0.0,0.5335849513321114,6.468639575971731,0.9671361502347418,222.6911861078919,2264,361.8701603412628
core,100,1500000.0,19,4,exclude,launch,0,0.0,prior,0.0,sa,12600.0,43200.0,441644.60481471056,0,410166.8987954983,31477.70601921224,0,3,0.8508777955629506,20,6.402515230028659,23.736463706038275,7141.218427495743,1003.1263240776261,7.118962244423291,2.0023198319869007,252.8650453940143,0.0,0.0,0.0,0.5067990788451924,5.700515668385561,0.9420289855072463,227.026357305587,2521,367.08296394348145
core,100,1500000.0,18,3,exclude,launch,0,0.0,prior,0.0,sa,12600.0,43200.0,175995.38605186323,0,155744.82362692093,20250.562424942287,0,1,0.6419366554979229,10,5.894055974569375,27.19514311304809,7762.382610686937,873.3501523718983,8.888053193333029,2.0021915515818858,253.45294814703053,0.0,0.0,0.0,0.5336186403620905,6.792494481236203,0.9560975609756097,212.11418681779782,2265,367.9251055717468
core,100,1500000.0,18,9,exclude,launch,0,0.0,prior,0.0,sa,12600.0,43200.0,261595.06232336193,0,252679.97720907783,8915.085114284082,0,1,0.7522219454681032,7,5.788167621854872,27.13753198368612,7909.979841733408,875.173726423227,9.038182480706928,2.002261302670686,253.48822929516683,0.0,0.0,0.0,0.532806043602356,6.747247908410392,0.9943181818181818,213.05968258748882,2271,372.51369404792786
core,100,1500000.0,19,3,exclude,launch,0,0.0,prior,0.0,sa,12600.0,43200.0,317025.57343353675,0,280126.9241002197,36898.64933331703,0,2,0.8004835626709133,15,5.909560418819324,25.26082079329964,7762.382610686937,942.6515731618392,8.234625424376448,2.0021953078543238,252.80221945068985,0.0,0.0,0.0,0.5069104868737144,6.000397456279809,0.9414634146341463,215.88631450307884,2516,375.1685745716095
core,100,1500000.0,20,4,exclude,launch,0,0.0,prior,0.0,sa,12600.0,43200.0,1343888.419868876,0,1237030.0987473736,106858.32112150245,0,9,0.9570370257572124,24,6.4177314731136255,22.538015615655866,7141.218427495743,1058.989436629346,6.743427441755701,2.002202562282264,252.2185050455561,0.0,0.0,0.0,0.4818163679843771,5.178136200716846,0.8695652173913043,225.7939298457735,2790,387.7052125930786
core,100,1500000.0,19,9,exclude,launch,0,0.0,prior,0.0,sa,12600.0,43200.0,400472.08842772176,0,381880.0419733825,18592.04645433925,0,3,0.8442014823790672,14,5.8033884347001585,26.23998778954667,7909.979841733408,907.4756809275109,8.716464813303638,2.002195448551525,252.80229043199864,0.0,0.0,0.0,0.5058240073944765,6.131537242472266,0.9602272727272727,210.8025119061128,2524,389.8468551635742
core,100,1500000.0,20,2,exclude,launch,0,0.0,prior,0.0,sa,12600.0,43200.0,579767.0467338817,0,538355.4649663361,41411.58176754561,0,3,0.8902663583401808,19,7.228466431838413,22.911728080758937,6306.0645414764385,1041.5344055097066,6.054590715503415,2.0025522166840277,252.3945267358233,0.0,0.0,0.0,0.4816044997424287,5.4060931899641576,0.9539170506912442,216.1862151278733,2790,391.87036895751953
core,100,1500000.0,19,5,exclude,launch,0,0.0,prior,0.0,sa,12600.0,43200.0,529441.9462242664,0,498821.22146790643,30620.724756359956,0,4,0.8913165139527887,15,6.910437856479342,25.01693934031738,6593.891938148332,951.8308404856288,6.927588031066629,2.002217006653151,252.81316654621926,0.0,0.0,0.0,0.5058982503338266,6.196117274167987,0.9641255605381166,208.6431586769514,2524,391.87438583374023
core,100,1500000.0,19,1,exclude,launch,0,0.0,prior,0.0,sa,12600.0,43200.0,270079.57757399406,0,261837.43179549783,8242.145778496237,0,1,0.7649445015486525,11,6.554488566055045,27.633165595530027,6968.561876837692,861.6862104610157,8.087122426050431,2.0022823135026444,252.84611543700328,0.0,0.0,0.0,0.506020830409123,6.350237717908082,0.9835164835164835,203.42867872490714,2524,393.1698923110962
core,100,1500000.0,20,9,exclude,launch,0,0.0,prior,0.0,sa,12600.0,43200.0,958010.5921587861,0,925471.7293246541,32538.86283413206,0,7,0.9434390945170609,18,5.8171548458039615,25.53119788235803,7909.979841733408,934.8927273756701,8.46084220158333,2.002084223051142,252.15894506654482,0.0,0.0,0.0,0.480033728990819,5.783291681542306,0.9431818181818182,201.3132549301453,2801,410.02565264701843
core,100,1500000.0,19,8,exclude,launch,0,0.0,prior,0.0,sa,12600.0,43200.0,208235.84736809245,0,203724.894012371,4510.953355721446,0,1,0.7291257888170667,4,6.806335587997424,27.00728114689533,6699.414751861177,881.6652970659313,7.598591862644438,2.002260045794667,252.83488059659618,0.0,0.0,0.0,0.5030853527603059,6.721653543307086,0.9944444444444445,191.04416519023798,2540,411.18793749809265
core,100,1500000.0,20,3,exclude,launch,0,0.0,prior,0.0,sa,12600.0,43200.0,1452780.5938662898,0,1364925.9241662861,87854.66970000367,0,9,0.964805716247122,17,5.923583365842808,25.51358381720092,7762.382610686937,935.5790401904709,8.296875279620014,2.001996738660834,252.11491880983363,0.0,0.0,0.0,0.48091824525878446,5.66940671908506,0.9024390243902439,205.6908294722661,2798,412.63627314567566
core,100,1500000.0,21,4,exclude,launch,0,0.0,prior,0.0,sa,12600.0,43200.0,3029428.85707901,0,2832995.1102037,196433.74687531003,0,18,0.985576134318724,27,6.431560080984194,22.223070253080927,7141.218427495743,1076.359600369121,6.634602808435742,2.0020269000800264,251.59884944868602,0.0,0.0,0.000725689404934688,0.45216817559730793,4.791961414790997,0.8019323671497585,218.7828810619144,3110,416.1460027694702
core,100,1500000.0,20,5,exclude,launch,0,0.0,prior,0.0,sa,12600.0,43200.0,1196661.0549050253,0,1118746.3499025642,77914.7050024613,0,9,0.9584056612017698,20,6.926887421832135,24.969095781132793,6593.891938148332,955.9559117601481,6.897694608119917,2.002048701084609,252.141068280055,0.0,0.0,0.0,0.48095769788301457,5.801646974579305,0.9192825112107623,201.1449644913574,2793,417.48936700820923
core,100,1500000.0,21,2,exclude,launch,0,0.0,prior,0.0,sa,12600.0,43200.0,1467077.469845285,0,1356100.8116178582,110976.65822742651,0,9,0.9633418723224337,26,7.244081479250335,22.51478390852047,6306.0645414764385,1062.2083677311962,5.936749072073079,2.0024139174995934,251.79323932366316,0.0,0.0,0.0,0.4591737655982179,5.0754471544715445,0.8940092165898618,208.93605519899452,3075,423.81454491615295
core,100,1500000.0,20,1,exclude,launch,0,0.0,prior,0.0,sa,12600.0,43200.0,1015321.1823185342,0,976426.5359474703,38894.64637106392,0,6,0.9467976427321874,17,6.570073422496219,27.065043606586016,6968.561876837692,881.8745703282705,7.901987551635266,2.0021645413710987,252.19936840425459,0.0,0.0,0.0,0.4801307269229561,5.986418870621873,0.9395604395604396,194.7954254348071,2798,424.35477232933044
core,100,1500000.0,20,8,exclude,launch,0,0.0,prior,0.0,sa,12600.0,43200.0,207329.30546739843,0,202600.60328144048,4728.702185957948,0,1,0.7323138720306239,12,6.822532061681669,25.10021643144412,6699.414751861177,950.8407386576789,7.045780097010648,2.0023042505954343,252.26969025793173,0.0,0.0,0.0,0.4804424737111983,6.20864594498035,0.9888888888888889,187.5551208667178,2799,437.5762343406677
core,100,1500000.0,22,2,exclude,launch,0,0.0,prior,0.0,sa,12600.0,43200.0,2652570.2248711623,0,2481868.2094307467,170702.01544041545,0,15,0.9829214675488743,31,7.258334662568768,22.185694347250383,6306.0645414764385,1080.1068345829171,5.8383711125312185,2.0022857691923646,251.24566318169815,0.0,0.0,0.0,0.43732995113986767,4.6450562462995855,0.8525345622119815,207.6605041293621,3378,437.70375204086304
core,100,1500000.0,21,1,exclude,launch,0,0.0,prior,0.0,sa,12600.0,43200.0,1711470.8851170794,0,1648196.5109379094,63274.37417917013,0,10,0.9715611569049952,22,6.584237036826774,25.499625496828994,6968.561876837692,938.0072363320601,7.429113131458593,2.002125815813739,251.64852538685653,0.0,0.0,0.0009673518742442564,0.45164355039670273,5.389547932029497,0.9285714285714286,194.04545720035208,3119,442.87569999694824
core,100,1500000.0,21,5,exclude,launch,0,0.0,prior,0.0,sa,12600.0,43200.0,1834222.7221310835,0,1728541.7790125976,105680.94311848587,0,14,0.9760589315365148,25,6.941836910227252,25.50038277032587,6593.891938148332,938.0893497240903,7.029065984053352,2.001891113518891,251.53066479665134,0.0,0.0,0.0012147716229348883,0.45395789036019596,5.326879638593095,0.8834080717488789,197.53622530366772,3099,443.01132464408875
core,100,1500000.0,21,8,exclude,launch,0,0.0,prior,0.0,sa,12600.0,43200.0,510797.90077766613,0,486948.82082996925,23849.079947696853,0,4,0.8973147218477584,18,6.8372515323425,24.751754309892558,6699.414751861177,966.2925145135938,6.933112542254853,2.0022428697833283,251.70731676557065,0.0,0.0,0.0,0.457130990259992,5.628645495787427,0.9611111111111111,187.6277679786129,3086,450.7111494541168
core,100,1500000.0,19,10,exclude,launch,0,0.0,prior,0.0,sa,12600.0,43200.0,474579.00162111194,0,451030.6277317776,23548.373889334332,0,3,0.8616071423357596,15,5.791294531249458,23.85291785315445,7927.135773030543,998.2064521378187,7.941379016388157,2.0023648297429286,252.88774995330843,0.0,0.0,0.0,0.5068013928904866,5.771156138259833,0.9577464788732394,224.56371769740355,2517,372.79515171051025
core,100,1500000.0,18,12,exclude,launch,0,0.0,prior,0.0,sa,12600.0,43200.0,342411.3481172171,0,298798.06758597,43613.2805312471,0,1,0.7995290727063479,12,5.712646725867827,24.790259953414076,8018.5908986554505,957.9377068882472,8.370680933630789,2.0024746369002484,253.59615219163146,0.0,0.0,0.0,0.5333256631304287,6.2312775330396475,0.9571428571428572,230.70603977103232,2270,350.0560576915741
core,100,3000000.0,23,3,exclude,launch,0,0.0,prior,0.0,sa,12600.0,43200.0,187006.6574974351,0,166160.23623260058,20846.421264834516,0,1,0.6041631385052093,1,11.464946838583533,45.89324401316926,7762.382610686937,1007.445790892155,7.705012697321284,2.0016983718835557,260.20527557299533,0.0,0.0,0.010606060606060607,0.767507066211705,7.324596774193548,0.9516908212560387,225.60138414970672,1984,328.31404972076416
core,100,3000000.0,24,1,exclude,launch,0,0.0,prior,0.0,sa,12600.0,43200.0,279862.737642138,0,270882.6791572397,8980.058484898294,0,1,0.7382043411223411,1,12.75580735525951,48.97411568523964,6968.561876837692,946.9840671751865,7.358689674288415,2.0017521716086675,259.42524981453016,0.0,0.0,0.012556679455877224,0.7344525236088821,7.108887854816194,0.989010989010989,214.20307285868049,2149,357.68296551704407
core,100,1500000.0,18,11,exclude,launch,0,0.0,prior,0.0,sa,12600.0,43200.0,101964.3167242772,0,98779.4993522953,3184.8173719819083,0,1,0.32812767349418814,6,5.7126467258678275,27.70902216681447,8018.590898655449,857.1654205451653,9.35477646024912,2.002163458524529,253.4387389503917,0.0,0.0,0.0006611570247933885,0.5305317220059699,6.934152765583845,0.970873786407767,206.7045750690822,2278,382.58699345588684
core,100,1500000.0,19,12,exclude,launch,0,0.0,prior,0.0,sa,12600.0,43200.0,762403.7425871961,0,694073.6599888215,68330.08259837457,0,3,0.9121317751896297,20,5.727665363029092,22.888834511012966,8018.5908986554505,1040.1937106224043,7.708747723399993,2.0024754069194683,252.94354831127694,0.0,0.0,0.0,0.5069313447750963,5.5246031746031745,0.9285714285714286,234.37730570580035,2520,363.18907713890076
core,100,1500000.0,20,10,exclude,launch,0,0.0,prior,0.0,sa,12600.0,43200.0,1300011.8746988298,0,1197240.7187327114,102771.15596611837,0,8,0.9565257652803764,22,5.805031731375652,22.550021003264902,7927.135773030543,1058.3627712535274,7.489998692642622,2.002321500851467,252.2783737573614,0.0,0.0,0.0,0.48205731610533725,5.3523501973448155,0.92018779342723,218.6193031853185,2787,392.93107199668884
core,100,3000000.0,25,1,exclude,launch,0,0.0,prior,0.0,sa,12600.0,43200.0,276250.0365400669,0,267667.3779608994,8582.658579167512,0,1,0.7478583186208693,1,12.793241784338345,49.19679099100761,6968.561876837692,945.445589606549,7.370664111657327,2.001669862847402,258.63940364413565,0.0,0.0,0.007416962270235408,0.7121521960077439,6.832975525976814,0.989010989010989,205.4490554333068,2329,372.7283630371094
core,100,1500000.0,20,12,exclude,launch,0,0.0,prior,0.0,sa,12600.0,43200.0,1508157.2277019427,0,1404744.690231737,103412.53747020586,0,8,0.9606980597382752,26,5.741248912567061,21.641851702341068,8018.5908986554505,1102.7158077140175,7.271674934340854,2.002429797425963,252.33289191271692,0.0,0.0,0.0,0.48189197431663416,5.046253137325206,0.8904761904761904,231.66817037155417,2789,380.34454703330994
core,100,1500000.0,19,11,exclude,launch,0,0.0,prior,0.0,sa,12600.0,43200.0,99495.77101506742,0,96529.3020720503,2966.4689430171256,0,1,0.33626870453715,12,5.727665363029094,27.537086088445204,8018.590898655449,864.7759448605175,9.272449061876708,2.0020896060127393,252.74889601009437,0.0,0.0,0.0,0.5070493342786968,6.545021816739389,0.9707317073170731,197.6696824120124,2521,400.28143191337585
core,100,3000000.0,24,3,exclude,launch,0,0.0,prior,0.0,sa,12600.0,43200.0,183958.68667267537,0,163114.75785194646,20843.928820728896,0,1,0.6141613307390981,1,11.5013403010032,46.089838283407275,7762.382610686937,1006.3116437060983,7.7136965066798,2.0016212413606174,259.35743984409595,0.0,0.0,0.006313574184496668,0.7473863307998269,7.07059373539037,0.9516908212560387,216.48750707003208,2139,352.2079801559448
core,100,3000000.0,24,4,exclude,launch,0,0.0,prior,0.0,sa,12600.0,43200.0,256012.12867783604,0,239418.97796244267,16593.150715393345,0,1,0.7209296089755106,1,12.460212495556403,42.2646370041262,7141.218427495743,1097.3276700690715,6.507826807143428,2.0017328183178678,259.4152260103521,0.0,0.0,0.00700770847932726,0.7452907721849987,6.90625,0.961352657004831,221.29807262479312,2144,347.9455187320709
core,100,3000000.0,25,3,exclude,launch,0,0.0,prior,0.0,sa,12600.0,43200.0,181075.7478565275,0,160346.74938004982,20728.998476477704,0,1,0.6239477240510983,1,11.535024097451199,45.021249764588006,7762.382610686937,1033.1735601727582,7.513144847985637,2.0015891399344703,258.5977186827154,0.0,0.0,0.006144890038809832,0.7167821416022727,6.740852346104176,0.9565217391304348,209.22227743934474,2323,366.8243496417999
core,100,1500000.0,20,11,exclude,launch,0,0.0,prior,0.0,sa,12600.0,43200.0,908153.3084260594,0,863058.3052080169,45095.00321804257,0,6,0.9374021699446332,15,5.7412489125670625,26.820813338712103,8018.590898655449,889.9981749834642,9.00967117017339,2.0019547484315936,252.0937887182708,0.0,0.0,0.0,0.48008756560071897,6.0636168691922805,0.9223300970873787,192.2536752447257,2798,419.155339717865
core,100,3000000.0,26,1,exclude,launch,0,0.0,prior,0.0,sa,12600.0,43200.0,273313.0013495498,0,265095.4157001058,8217.585649444067,0,1,0.7558948415395268,1,12.827989185310157,48.485258581572396,6968.561876837692,961.8887588099905,7.24466505405356,2.001634169001485,257.9349738121348,0.0,0.0,0.009278659084106555,0.6868401963549042,6.579409417398244,0.9835164835164835,198.28777504582467,2506,387.52390336990356
core,100,3000000.0,26,2,exclude,launch,0,0.0,prior,0.0,sa,12600.0,43200.0,300031.74696545664,0,284808.1401825226,15223.606782934052,0,1,0.7776421153159615,1,14.112791709750352,42.87729471378693,6306.0645414764385,1087.6263159964078,5.798006584365568,2.001760835787128,258.0002149168983,0.0,0.0,0.0077937649880095924,0.6907594601196348,6.463073852295409,0.9634703196347032,202.1114016691517,2505,387.1418468952179
core,100,3000000.0,25,4,exclude,launch,0,0.0,prior,0.0,sa,12600.0,43200.0,252322.48671137338,0,235961.3069867395,16361.179724633881,0,1,0.7314715633403823,1,12.496761790189224,42.85420719703946,7141.218427495743,1085.372723707108,6.57950791605007,2.001674229913574,258.64165887391636,0.0,0.0,0.008438818565400843,0.7164615796566084,6.700129254631625,0.966183574879227,210.6283977223933,2321,362.6898603439331
core,100,3000000.0,25,5,exclude,launch,0,0.0,prior,0.0,sa,12600.0,43200.0,232809.36243953902,0,220818.18718104358,11991.175258495437,0,1,0.7179103305289727,1,13.487624930536333,46.48029547126477,6593.891938148332,1000.7375679542412,6.58903207923722,2.0015971891799005,258.6018751272822,0.0,0.0,0.005532053368044257,0.7238485999375309,6.837380745880313,0.9820627802690582,206.9165445053206,2306,370.18996572494507
core,100,3000000.0,27,2,exclude,launch,0,0.0,prior,0.0,sa,12600.0,43200.0,297181.96193281986,0,281893.76089813764,15288.201034682268,0,1,0.7850992060712769,1,14.14844441799284,43.68449141585226,6306.0645414764385,1070.2020624119582,5.8924055213126785,2.0016908462182035,257.3289104653592,0.0,0.0,0.005042016806722689,0.6725728911123771,6.318759342301943,0.9769585253456221,193.25236927506472,2676,410.3466839790344
core,100,3000000.0,26,4,exclude,launch,0,0.0,prior,0.0,sa,12600.0,43200.0,249629.97085174316,0,233593.2499637297,16036.720888013446,0,1,0.7393612361166212,1,12.53068756543623,42.403127163086346,7141.218427495743,1099.8641841754604,6.492818413620158,2.0016231961142306,257.9293224955737,0.0,0.0,0.006002400960384154,0.6936173616016862,6.404866374152373,0.966183574879227,202.65955081780046,2507,382.5480077266693
core,100,3000000.0,26,5,exclude,launch,0,0.0,prior,0.0,sa,12600.0,43200.0,230663.4045498421,0,218903.6093058335,11759.795244008576,0,1,0.7245893498597556,1,13.524299692792564,45.21077645463406,6593.891938148332,1031.5815407836328,6.3920220336041815,2.0015836443576633,257.90895284679436,0.0,0.0,0.0068924183398261915,0.6899486295012544,6.452333466294376,0.9775784753363229,202.34119459983725,2507,388.1791265010834
core,100,3000000.0,28,2,exclude,launch,0,0.0,prior,0.0,sa,12600.0,43200.0,295177.5863039297,0,279934.98645422485,15242.599849704819,0,1,0.7904303483663813,1,14.181709468602026,43.09415670169573,6306.0645414764385,1087.3603908295947,5.799424546506854,2.0016809601273535,256.73396354940166,0.0,0.0,0.00881057268722467,0.6417682893348461,5.972068965517241,0.9769585253456221,188.3904432404737,2900,434.50567269325256
core,100,3000000.0,23,6,exclude,launch,0,0.0,prior,0.0,sa,12600.0,43200.0,351238.61978206295,0,310017.2102833477,41221.4094987152,0,1,0.7865198279027446,1,11.723891244422415,45.16659197565851,7584.090639439221,1023.605801975334,7.409190749801921,2.0017923204677004,260.25408680059815,0.0,0.0,0.007975693125712115,0.7733242727840977,7.458966565349544,0.9774774774774775,222.55312081071273,1974,331.5878200531006
core,100,3000000.0,23,7,exclude,launch,0,0.0,prior,0.0,sa,12600.0,43200.0,227846.33371688554,0,205263.84241415272,22582.49130273284,0,1,0.686963668044077,1,11.112252694864976,43.82944356952662,8018.5908986554505,1054.8188234575512,7.601865571920315,2.0018210493040245,260.269013855073,0.0,0.0,0.006867607783288821,0.7789001090772824,7.353150406504065,0.960352422907489,224.80081584519436,1968,319.2596821784973
core,100,3000000.0,24,6,exclude,launch,0,0.0,prior,0.0,sa,12600.0,43200.0,348125.5238354365,0,306947.8216726949,41177.702162741596,0,1,0.7935529727273131,1,11.761122525534478,44.88493502282053,7584.090639439221,1033.269472848374,7.33989616332364,2.001729473345379,259.4134935417148,0.0,0.0,0.0076735263341471925,0.7425311322169468,7.107906976744186,0.972972972972973,213.87223233698575,2150,351.85887026786804
core,100,3000000.0,23,9,exclude,launch,0,0.0,prior,0.0,sa,12600.0,43200.0,271357.8096068584,0,261983.32937894636,9374.480227912063,0,1,0.7251589589067619,1,11.25908107761727,46.2586317425847,7909.979841733408,999.4709832326739,7.914166568547581,2.001732806859823,260.22316582169776,0.0,0.0,0.007948523845571537,0.7716441648604694,7.33904282115869,0.9943181818181818,223.94978603127612,1985,324.6764190196991
core,100,3000000.0,24,7,exclude,launch,0,0.0,prior,0.0,sa,12600.0,43200.0,224593.35798162333,0,202050.74962981718,22542.608351806168,0,1,0.6968910487948363,1,11.1475061358339,43.90705558308928,8018.5908986554505,1056.262403657161,7.591476200319352,2.001766639175685,259.432743243338,0.0,0.0,0.007334963325183374,0.7435376524827384,7.04927940492794,0.9559471365638766,215.87956786394213,2151,350.5601499080658
core,100,3000000.0,25,6,exclude,launch,0,0.0,prior,0.0,sa,12600.0,43200.0,344636.4789068214,0,303872.9399659169,40763.53894090446,0,1,0.8015733057096079,1,11.795581785917651,45.06422057610396,7584.090639439221,1032.1345436938172,7.347967070549905,2.0016935461755887,258.6516342492886,0.0,0.0,0.010628019323671498,0.7090917939231809,6.8386958386958385,0.972972972972973,205.22831792078694,2331,370.36559867858887
core,100,3000000.0,23,10,exclude,launch,0,0.0,prior,0.0,sa,12600.0,43200.0,182231.85867323235,0,176280.49480360735,5951.363869625003,0,1,0.5817784646049614,1,11.23563092736068,44.241697888693885,7927.135773030543,1045.0087952112895,7.585712014440761,2.0017846217886754,260.25008675999203,0.0,0.0,0.006473724295506474,0.7783176791370281,7.269035532994923,0.9765258215962441,226.97139030619587,1970,326.52968549728394
core,100,3000000.0,24,9,exclude,launch,0,0.0,prior,0.0,sa,12600.0,43200.0,268410.11062717513,0,259270.36710234807,9139.743524827087,0,1,0.7331227063165847,1,11.294808957595155,45.045230194333506,7909.979841733408,1029.6172437760943,7.6824469379745075,2.001681453254501,259.38862303268394,0.0,0.0,0.008394543546694649,0.7466546007951875,7.006063432835821,0.9943181818181818,217.85548513270777,2144,344.16078877449036
core,100,3000000.0,25,7,exclude,launch,0,0.0,prior,0.0,sa,12600.0,43200.0,222070.6807800312,0,199731.37727569643,22339.30350433476,0,1,0.7047999540771811,1,11.18013475891113,43.55667590956918,8018.5908986554505,1067.8472513771453,7.509117889580466,2.001713432853851,258.6619044020939,0.0,0.0,0.006464124111182934,0.7188214253611629,6.7625,0.960352422907489,208.63006112094152,2320,371.4785666465759
core,100,3000000.0,25,8,exclude,launch,0,0.0,prior,0.0,sa,12600.0,43200.0,218230.52517509426,0,213168.56219268084,5061.962982413425,0,1,0.6957327640137997,1,13.284546955021376,45.22527444976446,6699.414751861177,1028.4523222956736,6.51407421289787,2.001706465889785,258.6583064031704,0.0,0.0,0.011534764498558154,0.7028658777818825,6.788240306774606,0.9944444444444445,205.2116560440589,2347,370.8461527824402
core,100,3000000.0,27,5,exclude,launch,0,0.0,prior,0.0,sa,12600.0,43200.0,228444.4767151169,0,216622.19878453246,11822.277930584447,0,1,0.731627434125436,1,13.558433214697551,45.699155214740685,6593.891938148332,1023.0992979987361,6.445016579570049,2.0015392551021423,257.25103049834456,0.0,0.0,0.007546115148127445,0.6645221659917951,6.179896142433234,0.9820627802690582,196.25747962519284,2696,402.178115606308
core,100,3000000.0,23,11,exclude,launch,0,0.0,prior,0.0,sa,12600.0,43200.0,114776.06739925375,0,110770.09741186851,4005.9699873852232,0,1,0.2915007874401079,1,11.112252694864978,49.78220228594953,8018.590898655449,928.7700059697484,8.633559274217808,2.0016437881130287,260.17691853762136,0.0,0.0,0.010443864229765013,0.7592820059347659,7.37033349925336,0.9710144927536232,219.2116125897519,2009,336.5718421936035
core,100,3000000.0,24,10,exclude,launch,0,0.0,prior,0.0,sa,12600.0,43200.0,178701.65436305254,0,173179.759177062,5521.8951859905665,0,1,0.5932713455782209,1,11.271283018971285,43.517347941177185,7927.135773030543,1065.7347922305823,7.438188028410944,2.001741618196915,259.41978377784653,0.0,0.0,0.007024938531787847,0.7461028407560739,6.928070994862214,0.9671361502347418,220.8004989059075,2141,339.89708614349365
core,100,3000000.0,23,12,exclude,launch,0,0.0,prior,0.0,sa,12600.0,43200.0,348086.50227455323,0,304290.9213672476,43795.58090730564,0,1,0.7864913434954246,1,11.112252694864976,43.778547547743486,8018.5908986554505,1056.0441125786674,7.593045407047923,2.0018229849501754,260.2700196019615,0.0,0.0,0.007654037504783774,0.7835738419573639,7.275879653238144,0.9571428571428572,229.4954293788177,1961,319.5779860019684
core,100,3000000.0,25,9,exclude,launch,0,0.0,prior,0.0,sa,12600.0,43200.0,264994.3452033175,0,256130.37343309683,8863.971770220696,0,1,0.7425726256714998,1,11.327876708474392,45.396815094253135,7909.979841733408,1024.6046877569443,7.720030892157899,2.0016311112677405,258.61939207754665,0.0,0.0,0.008441558441558441,0.7182933931232998,6.784941583729987,0.9943181818181818,208.3275512885102,2311,364.7582094669342
core,100,3000000.0,26,8,exclude,launch,0,0.0,prior,0.0,sa,12600.0,43200.0,215432.51937834523,0,210567.02330129847,4865.496077046754,0,1,0.7047688385689174,1,13.320657604166403,45.45068776474145,6699.414751861177,1026.1068836540335,6.528963852190646,2.001641105405543,257.9385462689248,0.0,0.0,0.010723860589812333,0.6824727477420613,6.580261593341261,0.9833333333333333,195.8030238585979,2523,384.81008768081665
core,100,3000000.0,25,10,exclude,launch,0,0.0,prior,0.0,sa,12600.0,43200.0,175410.93421987194,0,169918.7365296785,5492.19769019344,0,1,0.6044011532834707,1,11.304280622180901,43.113686266724315,7927.135773030543,1078.8265227894603,7.347924439727157,2.0017000231406583,258.65497915057654,0.0,0.0,0.008438818565400843,0.7173109143612129,6.683211048769961,0.971830985915493,210.80441863235913,2317,358.6322057247162
core,100,3000000.0,24,11,exclude,launch,0,0.0,prior,0.0,sa,12600.0,43200.0,111275.33499160362,0,107591.42872201384,3683.906269589778,0,1,0.30067142937549124,1,11.147506135833902,49.20815372592971,8018.590898655449,942.5535422431734,8.507305462533287,2.001596267962138,259.34450689962455,0.0,0.0,0.013180714533472077,0.7334070888954228,7.109259259259259,0.9710144927536232,213.37484260307266,2160,350.0477957725525
core,100,3000000.0,24,12,exclude,launch,0,0.0,prior,0.0,sa,12600.0,43200.0,344882.1677733342,0,301301.8589482319,43580.308825102235,0,1,0.7937841347020884,1,11.1475061358339,43.3058383187678,8018.5908986554505,1070.9174214467646,7.487590301615105,2.0017837041521487,259.4415821309444,0.0,0.0,0.007378777231201687,0.747525299912832,6.951891639420832,0.9619047619047619,220.15813659274477,2141,342.28164410591125
core,100,3000000.0,27,8,exclude,launch,0,0.0,prior,0.0,sa,12600.0,43200.0,213219.45943206368,0,208241.89497339432,4977.564458669382,0,1,0.7120838167241829,1,13.354266084717027,44.8723754833458,6699.414751861177,1041.9112887377166,6.429928175533608,2.0016137054217156,257.2892778924228,0.0,0.0,0.011086474501108648,0.6580888571173692,6.33530062707488,0.9944444444444445,189.73340330899427,2711,410.1342806816101
core,100,3000000.0,25,11,exclude,launch,0,0.0,prior,0.0,sa,12600.0,43200.0,108265.15793593587,0,104638.18932247556,3626.968613460318,0,1,0.30903122171547814,1,11.180134758911134,48.65916917821796,8018.590898655449,955.9497819019205,8.388088004687832,2.0015479486423287,258.57644897297826,0.0,0.0,0.011568123393316195,0.7066690587119231,6.801369863013699,0.9660194174757282,205.20382871585434,2336,363.7376902103424
core,100,3000000.0,25,12,exclude,launch,0,0.0,prior,0.0,sa,12600.0,43200.0,341872.80889006687,0,298471.6517932921,43401.15709677476,0,1,0.8007866025729928,1,11.18013475891113,42.985501772972164,8018.5908986554505,1082.0197840307121,7.410761815079575,2.0017441315233153,258.6777586328945,0.0,0.0,0.007792207792207792,0.7179088400439957,6.683982683982684,0.9571428571428572,210.5074944685155,2310,350.41959953308105
core,100,3000000.0,26,7,exclude,launch,0,0.0,prior,0.0,sa,12600.0,43200.0,219677.14880556878,0,197474.23009476674,22202.918710802052,0,1,0.712514134982629,1,11.210421187720305,43.6179875952998,8018.5908986554505,1069.2012287456212,7.49960875752341,2.0016779158601805,257.9575051746119,0.0,0.0,0.007789095266626723,0.6894547808432755,6.456105347166799,0.960352422907489,201.52653129178304,2506,380.96229815483093
core,100,3000000.0,26,6,exclude,launch,0,0.0,prior,0.0,sa,12600.0,43200.0,342070.4346780021,0,301286.26373480057,40784.17094320153,0,1,0.8075853694819581,1,11.827567492760297,44.71769405641664,7584.090639439221,1042.925350892807,7.271940060663769,2.0016431147759626,257.9395811597695,0.0,0.0,0.0077473182359952325,0.6843887561160086,6.54047619047619,0.972972972972973,197.30622190721428,2520,385.11109614372253
core,100,3000000.0,26,3,exclude,launch,0,0.0,prior,0.0,sa,12600.0,43200.0,178461.0324367892,0,157747.44779043505,20713.58464635416,0,1,0.6331055373203455,1,11.566289983905245,44.12667979561462,7762.382610686937,1056.94009418189,7.344203000166536,2.0015555486102845,257.8944836745094,0.0,0.0,0.00720937218383899,0.6923557702587158,6.446706586826347,0.9565217391304348,201.8438338444448,2505,386.7073781490326
core,100,3000000.0,27,4,exclude,launch,0,0.0,prior,0.0,sa,12600.0,43200.0,247441.91829205034,0,231311.69466064053,16130.223631409814,0,1,0.7458991794707229,1,12.56226250639413,41.63743204271346,7141.218427495743,1122.8679406089161,6.35980258161361,2.0016007332591643,257.282613493355,0.0,0.0,0.005611672278338945,0.672361915903917,6.160119715675271,0.966183574879227,198.49262910762286,2673,390.92369532585144
core,100,3000000.0,27,7,exclude,launch,0,0.0,prior,0.0,sa,12600.0,43200.0,217385.8051716354,0,195472.16248099663,21913.642690638804,0,1,0.7200333262540191,1,11.238608877379328,43.046072721379865,8018.5908986554505,1086.0952513648224,7.38295364847515,2.0016522115415665,257.3090607730966,0.0,0.0,0.009444444444444445,0.6612684090860949,6.139165743816907,0.9513274336283186,196.33101389366038,2709,396.12060141563416
core,100,3000000.0,27,3,exclude,launch,0,0.0,prior,0.0,sa,12600.0,43200.0,176119.493998451,0,155654.3748201841,20465.119178266905,0,1,0.6415220538149062,1,11.595389282685122,44.636508197984966,7762.382610686937,1047.4622879727508,7.4106559251027395,2.0015270380507513,257.244754498926,0.0,0.0,0.010614525139664804,0.6618000417581824,6.189892233370494,0.9609756097560975,196.27551148346953,2691,401.4591648578644
core,100,3000000.0,27,6,exclude,launch,0,0.0,prior,0.0,sa,12600.0,43200.0,339943.44800938707,0,299203.73319504556,40739.714814341525,0,1,0.8126253567961719,1,11.857336749874374,44.12257093297825,7584.090639439221,1059.62048068017,7.157365092236605,2.0016074868299745,257.28608310384675,0.0,0.0,0.008060033351862146,0.6640118358543603,6.271682727946627,0.9774774774774775,192.47675634889939,2698,403.0207550525665
core,100,3000000.0,27,1,exclude,launch,0,0.0,prior,0.0,sa,12600.0,43200.0,271093.2460492311,0,262706.51914478216,8386.72690444894,0,1,0.7620842306351372,1,12.860328841532011,48.01852990956631,6968.561876837692,973.6536473952726,7.1571260432085415,2.0015973417480186,257.2808711316631,0.0,0.0,0.009098428453267164,0.6565406010845566,6.231417063346759,0.989010989010989,191.91839186299023,2731,412.5934545993805
core,100,3000000.0,28,4,exclude,launch,0,0.0,prior,0.0,sa,12600.0,43200.0,245742.1617396663,0,229550.80332790702,16191.358411759313,0,1,0.7510584366724415,1,12.591722774033606,41.996250884038645,7141.218427495743,1115.8438597881247,6.399836648159456,2.0015793149931986,256.6818622613109,0.0,0.0,0.010413954699297057,0.6417276420951717,5.866735894773278,0.9710144927536232,192.91733449279027,2889,417.4361352920532
core,100,3000000.0,28,5,exclude,launch,0,0.0,prior,0.0,sa,12600.0,43200.0,226179.3502589437,0,214622.98397039878,11556.366288544923,0,1,0.7389544896466509,1,13.590280776999732,45.64707216384557,6593.891938148332,1026.6370833149135,6.42280709056143,2.0015059222173743,256.644245861142,0.0,0.0,0.00933609958506224,0.6403252554053495,5.95896551724138,0.9865470852017937,188.34234790584856,2900,421.5486464500427
core,100,3000000.0,28,7,exclude,launch,0,0.0,prior,0.0,sa,12600.0,43200.0,215114.2079848485,0,193213.92481036214,21900.28317448636,0,1,0.7276136766117691,1,11.264908672600903,43.2715353544071,8018.5908986554505,1082.9405372544793,7.404460930961687,2.0016117319692857,256.69847798873667,0.0,0.0,0.008531540847983453,0.639281188195412,5.930785123966942,0.9690265486725663,189.84456601581925,2904,423.0238175392151
core,100,3000000.0,28,6,exclude,launch,0,0.0,prior,0.0,sa,12600.0,43200.0,337115.44877040567,0,296695.75233428576,40419.696436119935,0,1,0.8194699074632495,1,11.885112223143805,44.342920310064336,7584.090639439221,1056.8012824275343,7.176458588333771,2.001562385152555,256.67318487304607,0.0,0.0,0.0064516129032258064,0.6398538113905154,6.027796842827728,0.9774774774774775,186.018666071568,2914,427.46471786499023
core,100,3000000.0,28,1,exclude,launch,0,0.0,prior,0.0,sa,12600.0,43200.0,269037.91969301517,0,260769.13648459982,8268.78320841537,0,1,0.7679062047518964,1,12.890502628815652,47.98626479656282,6968.561876837692,976.5626250422608,7.1358064481897685,2.0015650475993567,256.67454950018964,0.0,0.0,0.009798865394533264,0.6361714154698535,6.0120481927710845,0.9835164835164835,187.30071855716028,2905,427.7267723083496
core,100,3000000.0,28,3,exclude,launch,0,0.0,prior,0.0,sa,12600.0,43200.0,173608.79295085903,0,153294.2532316712,20314.53971918784,0,1,0.6508240796023858,1,11.622539652299267,44.01791072738191,7762.382610686937,1064.6319089304188,7.291142173716553,2.0015103940803556,256.6465377706339,0.0,0.0,0.01136657194523379,0.6347271636927787,5.918612637362638,0.9609756097560975,189.6711503260574,2912,428.78118228912354
core,100,3000000.0,29,4,exclude,launch,0,0.0,prior,0.0,sa,12600.0,43200.0,243545.64510355217,0,227552.3644970784,15993.280606473769,0,1,0.757832166295666,1,12.6192739221564,42.07099928944993,7141.218427495743,1116.2631998223796,6.397432459147678,2.0015540647201076,256.1198723728088,0.0,0.0,0.010943579766536964,0.6185185580530566,5.65328585302687,0.961352657004831,185.9782203637013,3089,429.35697841644287
core,100,3000000.0,28,8,exclude,launch,0,0.0,prior,0.0,sa,12600.0,43200.0,210513.24735911778,0,205820.92375145428,4692.323607663528,0,1,0.7212378716159464,1,13.3856237541022,45.21325757842842,6699.414751861177,1036.4657485415719,6.463710702729959,2.001547956672476,256.66578967267867,0.0,0.0,0.007512953367875648,0.6435683119681473,6.1744989633724945,0.9833333333333333,183.0093704323738,2894,431.86320090293884
core,100,3000000.0,29,2,exclude,launch,0,0.0,prior,0.0,sa,12600.0,43200.0,293047.1624579989,0,277915.7390820801,15131.423375918826,0,1,0.7961766987100619,1,14.212818939107066,42.291609161942425,6306.0645414764385,1110.3769909630953,5.6792103878222635,2.001668232727262,256.17826634880555,0.0,0.0,0.007506053268765133,0.6195429952153346,5.731400966183575,0.9723502304147466,182.9813785147187,3105,439.27954149246216
core,100,3000000.0,29,5,exclude,launch,0,0.0,prior,0.0,sa,12600.0,43200.0,224105.47539777544,0,212702.19732120432,11403.278076571112,0,1,0.7457927836995124,1,13.620064576347694,44.8719354580016,6593.891938148332,1046.6224248533217,6.300163059350108,2.001483078198152,256.08356796293197,0.0,0.0,0.0077839941620043785,0.621986321320498,5.750161812297734,0.9820627802690582,183.56109274701748,3090,439.78162455558777
core,100,3000000.0,29,1,exclude,launch,0,0.0,prior,0.0,sa,12600.0,43200.0,266865.80089099065,0,258730.76771412313,8135.033176867525,0,1,0.7741564754870988,1,12.918721075440054,47.75420695953294,6968.561876837692,983.4253958560827,7.086009682281473,2.001537374849654,256.11133649436715,0.0,0.0,0.009881899252832008,0.6123643739789688,5.783221261607428,0.989010989010989,180.47479183411357,3123,454.47867822647095
core,100,3000000.0,30,2,exclude,launch,0,0.0,prior,0.0,sa,12600.0,43200.0,290868.58531631867,0,276165.1074731885,14703.477843130117,0,1,0.8021399840014665,1,14.241975774414739,42.701281594667904,6306.0645414764385,1101.9412650115758,5.722686627413117,2.0016457154507163,255.65421030562024,0.0,0.0,0.011551528878822197,0.5953368522641524,5.5267910897049966,0.9815668202764977,177.03333655179884,3322,459.549031496048
core,100,3000000.0,30,5,exclude,launch,0,0.0,prior,0.0,sa,12600.0,43200.0,222602.94830331267,0,211115.0934396015,11487.854863711169,0,1,0.7508267415733982,1,13.647978916603694,45.721652568619135,6593.891938148332,1029.2370230815636,6.406582536650343,2.001470753905397,255.5649057771692,0.0,0.0,0.015227272727272726,0.5924707698244577,5.485498489425982,0.9820627802690582,179.21792392113866,3310,465.0355772972107
core,100,3000000.0,31,2,exclude,launch,0,0.0,prior,0.0,sa,12600.0,43200.0,289163.5714596985,0,274278.9295011197,14884.641958578753,0,1,0.8068696938358269,1,14.269358218924541,42.1135232978903,6306.0645414764385,1119.4369913951937,5.633246524770429,2.0016152786472694,255.15923114386442,0.0,0.0,0.00917626973965002,0.5827549102046252,5.349985807550383,0.9723502304147466,173.37365972016337,3523,482.34167194366455
core,100,3000000.0,26,9,exclude,launch,0,0.0,prior,0.0,sa,12600.0,43200.0,262269.92419316934,0,253364.68929830528,8905.234894864065,0,1,0.7502863597916656,1,11.358570754516212,45.1272031354887,7909.979841733408,1033.4902178810482,7.65365719469618,2.0015870534336777,257.9107085318561,0.0,0.0,0.007503001200480192,0.6933467964980407,6.528468323977546,0.9943181818181818,201.05450342429313,2494,351.1740679740906
core,100,3000000.0,26,10,exclude,launch,0,0.0,prior,0.0,sa,12600.0,43200.0,172917.4098614775,0,167868.01307119126,5049.396790286252,0,1,0.6131168112334775,1,11.334909554130364,43.68786017830337,7927.135773030543,1067.5044599912862,7.425857286905621,2.001653036815876,257.944691362111,0.0,0.0,0.010225563909774436,0.6888946820891748,6.390869042851421,0.9812206572769953,205.07942721507771,2497,343.1517210006714
core,100,3000000.0,27,10,exclude,launch,0,0.0,prior,0.0,sa,12600.0,43200.0,170330.61789508778,0,165123.47320281007,5207.14469227769,0,1,0.622428147394624,1,11.363416021036736,42.10552225113879,7927.135773030543,1110.367286488939,7.139201478185398,2.001632546534761,257.29895759616,0.0,0.0,0.008408071748878924,0.6676189963313157,6.127049180327869,0.9765258215962441,199.01504211377585,2684,362.29939889907837
core,100,3000000.0,26,12,exclude,launch,0,0.0,prior,0.0,sa,12600.0,43200.0,339445.8856712015,0,296179.66993062384,43266.21574057766,0,1,0.8065116054063621,1,11.210421187720305,43.05898774579986,8018.5908986554505,1083.075653338626,7.403537208077579,2.001689274838196,257.96335565848034,0.0,0.0,0.007518796992481203,0.6926424376198994,6.379751900760304,0.9571428571428572,204.9642374424794,2499,340.6859345436096
core,100,3000000.0,26,11,exclude,launch,0,0.0,prior,0.0,sa,12600.0,43200.0,104617.80983700512,0,101333.97741885805,3283.832418147064,0,1,0.3198051467363762,1,11.210421187720309,48.551532015454654,8018.590898655449,960.6406058442958,8.347128832439893,2.0014990718403523,257.86539964260146,0.0,0.0,0.011572700296735905,0.6825541455376234,6.5904044409199045,0.9611650485436893,196.03647063626033,2522,356.0701835155487
core,100,3000000.0,27,9,exclude,launch,0,0.0,prior,0.0,sa,12600.0,43200.0,260020.2658039588,0,251423.51828730333,8596.747516655489,0,1,0.7567777307561383,1,11.387137824950292,45.91491522065185,7909.979841733408,1018.2907650288696,7.767899025882997,2.0015409449178794,257.25189857656375,0.0,0.0,0.008627887559142778,0.6651431230709169,6.2481426448737,0.9943181818181818,194.4532233145312,2692,390.82113671302795
core,100,3000000.0,28,9,exclude,launch,0,0.0,prior,0.0,sa,12600.0,43200.0,257649.61118733473,0,248987.68300607108,8661.928181263678,0,1,0.7637409029996639,1,11.413791600199545,45.37536998075157,7909.979841733408,1032.7838461763015,7.658891907555198,2.001507113724479,256.6448565287725,0.0,0.0,0.008020698576972834,0.6426852550857968,5.9996546961325965,0.9943181818181818,188.10535458463136,2896,390.3883635997772
core,100,3000000.0,29,8,exclude,launch,0,0.0,prior,0.0,sa,12600.0,43200.0,208809.78269790538,0,204134.01316635354,4675.769531551833,0,1,0.7271217110163448,1,13.414949393896363,44.5314397212501,6699.414751861177,1054.5966016278362,6.352585188990946,2.0015371569498006,256.11122505246203,0.0,0.0,0.008664259927797834,0.617875059829454,5.869662921348315,0.9888888888888889,178.88904245355357,3115,408.13706398010254
core,100,3000000.0,27,11,exclude,launch,0,0.0,prior,0.0,sa,12600.0,43200.0,102745.23092294237,0,99339.37609990775,3405.8548230346246,0,1,0.3256337420785432,1,11.23860887737933,47.77845201915272,8018.590898655449,978.610896553817,8.193850004013807,2.0014647633915783,257.21276468587524,0.0,0.0,0.010008340283569641,0.6610820990357397,6.301921655580192,0.9611650485436893,191.39045668372685,2706,367.7074384689331
core,100,3000000.0,27,12,exclude,launch,0,0.0,prior,0.0,sa,12600.0,43200.0,336276.22974552395,0,293094.87056432717,43181.35918119676,0,1,0.814107542800851,1,11.238608877379328,42.34080194348495,8018.5908986554505,1104.187367653278,7.261983911025271,2.0016503504252814,257.308104589637,0.0,0.0,0.006186726659167604,0.6751212629100122,6.226931732933234,0.9666666666666667,196.861194516332,2666,377.7926571369171
core,100,3000000.0,28,10,exclude,launch,0,0.0,prior,0.0,sa,12600.0,43200.0,167958.12086215205,0,163083.9215879426,4874.199274209433,0,1,0.6312202732253317,1,11.390013250341084,42.82725991548985,7927.135773030543,1094.1861079823302,7.2447783016073135,2.0015906698751813,256.68768228720546,0.0,0.0,0.008542583484338596,0.6392622180827588,5.882312456985547,0.971830985915493,190.64808929863904,2906,394.50929713249207
core,100,3000000.0,30,8,exclude,launch,0,0.0,prior,0.0,sa,12600.0,43200.0,206933.2336183807,0,202288.88710079662,4644.3465175840975,0,1,0.7337155265850228,1,13.442434321416158,44.44479818021772,6699.414751861177,1058.777955534075,6.327497391539304,2.0015237083953274,255.5919333603019,0.0,0.0,0.011577752553916005,0.5959083593567311,5.658212560386473,0.9888888888888889,174.36884853900355,3312,435.35065937042236
core,100,3000000.0,28,12,exclude,launch,0,0.0,prior,0.0,sa,12600.0,43200.0,334879.94359096285,0,291757.23180731415,43122.71178364871,0,1,0.8175108701129525,1,11.264908672600903,42.670433098666955,8018.5908986554505,1098.1850407587237,7.301675583848325,2.001631740934574,256.7087341031068,0.0,0.0,0.010206752159120648,0.6434420191418045,5.867222801529371,0.9619047619047619,193.57493565033943,2877,392.23943758010864
core,100,3000000.0,28,11,exclude,launch,0,0.0,prior,0.0,sa,12600.0,43200.0,100006.80546873556,0,96481.06751751137,3525.7379512241823,0,1,0.3345503725406116,1,11.264908672600905,47.65606798552369,8018.590898655449,983.396044434678,8.15397920709054,2.0014285470142443,256.60459131069797,0.0,0.0,0.010370754472387866,0.6391507299805603,6.095139607032058,0.970873786407767,184.985867020062,2901,399.65554308891296
core,100,3000000.0,29,3,exclude,launch,0,0.0,prior,0.0,sa,12600.0,43200.0,171834.23035754013,0,151624.99987301277,20209.230484527365,0,1,0.6575304175475621,1,11.64793054120023,44.68204107831729,7762.382610686937,1051.0819950043556,7.38513517268914,2.0014611312999975,256.0723442517674,0.0,0.0,0.010189228529839884,0.6170661892406946,5.715114405414115,0.9609756097560975,184.06674909475723,3103,438.72728991508484
core,100,3000000.0,29,7,exclude,launch,0,0.0,prior,0.0,sa,12600.0,43200.0,213502.83424713713,0,191485.3766093039,22017.457637833217,0,1,0.7330937268545282,1,11.289504090850933,43.56657622773414,8018.5908986554505,1077.9237222752215,7.43892237729981,2.0015908158198656,256.13866888116735,0.0,0.0,0.013304305757135947,0.6137899114067547,5.698744769874477,0.9646017699115044,184.6382439221881,3107,439.89057970046997
core,100,3000000.0,29,6,exclude,launch,0,0.0,prior,0.0,sa,12600.0,43200.0,335536.5380224152,0,295026.11036416417,40510.42765825103,0,1,0.8233127542646147,1,11.911087719643998,43.91532232501715,7584.090639439221,1069.383564854521,7.092020944300712,2.0015533975785624,256.11953116676403,0.0,0.0,0.010084033613445379,0.6141017322908758,5.7369766698625755,0.9819819819819819,182.04817282708544,3129,442.36950159072876
core,100,3000000.0,30,4,exclude,launch,0,0.0,prior,0.0,sa,12600.0,43200.0,242436.17625406737,0,226405.13183681256,16031.044417254818,0,1,0.7613002591959682,1,12.64509570019936,41.65967915855489,7141.218427495743,1129.539495238471,6.322238804042945,2.00156282257696,255.61189786926286,0.0,0.0,0.012655367231638417,0.5891268528063336,5.325232523252326,0.9710144927536232,184.18198708647165,3333,457.8224813938141
core,100,3000000.0,30,7,exclude,launch,0,0.0,prior,0.0,sa,12600.0,43200.0,211813.00370016665,0,189885.94529525805,21927.058404908632,0,1,0.7389524421104816,1,11.312555610653892,42.93259386797493,8018.5908986554505,1096.0520640175305,7.315885040409174,2.001558349802512,255.609614853586,0.0,0.0,0.010231923601637109,0.5988502388338863,5.474002418379686,0.9601769911504425,180.5901851406979,3308,459.3268370628357
core,100,3000000.0,30,6,exclude,launch,0,0.0,prior,0.0,sa,12600.0,43200.0,333944.1614666696,0,293522.9948983276,40421.16656834198,0,1,0.8272489432294536,1,11.93543271619822,44.097959451599266,7584.090639439221,1067.092700802113,7.107246290541024,2.001547608475877,255.60413225411074,0.0,0.0,0.013785310734463277,0.5893724085606165,5.532892760588766,0.972972972972973,176.6058987399318,3329,461.4838778972626
core,100,3000000.0,30,3,exclude,launch,0,0.0,prior,0.0,sa,12600.0,43200.0,170053.91304815334,0,149855.47349443677,20198.439553716566,0,1,0.6644116911016957,1,11.671727614574552,44.73371600987848,7762.382610686937,1051.977416256337,7.3788490995470815,2.0014519803043354,255.55532421206172,0.0,0.0,0.014976174268209666,0.5917537387692768,5.499698431845597,0.9658536585365853,179.1110235778717,3316,464.17918610572815
core,100,3000000.0,30,1,exclude,launch,0,0.0,prior,0.0,sa,12600.0,43200.0,264835.86946929595,0,256659.5406238607,8176.328845435261,0,1,0.7800902810476792,1,12.945168281085058,47.996070773072454,6968.561876837692,980.4516076171278,7.107502117084556,2.0014959683001727,255.57777484103434,0.0,0.0,0.009708737864077669,0.5943684177639782,5.601079784043192,0.989010989010989,174.46304688338995,3334,472.78904938697815
core,100,3000000.0,31,4,exclude,launch,0,0.0,prior,0.0,sa,12600.0,43200.0,240358.73937037378,0,224776.0540251235,15582.685345250276,0,1,0.7678802289618396,1,12.669345979193679,41.55767024998245,7141.218427495743,1134.4496867437713,6.294874520167831,2.0015452178141393,255.1235367141194,0.0,0.0,0.014612452350698857,0.5707053862398502,5.132112676056338,0.9710144927536232,178.1728543859313,3550,474.6357846260071
core,100,3000000.0,31,5,exclude,launch,0,0.0,prior,0.0,sa,12600.0,43200.0,220786.14971255796,0,209530.37188856874,11255.777823989205,0,1,0.7570051226347512,1,13.674194452412529,45.44026557045758,6593.891938148332,1037.564918562359,6.355160838788547,2.0014543915944634,255.07726650026746,0.0,0.0,0.015548455804046858,0.57262116887828,5.276018099547511,0.9865470852017937,174.75365279409775,3536,475.95118260383606
core,100,3000000.0,31,3,exclude,launch,0,0.0,prior,0.0,sa,12600.0,43200.0,167837.51957840193,0,147818.7656810215,20018.75389738043,0,1,0.673185355889926,1,11.694076372911875,44.46470553229843,7762.382610686937,1060.349624350057,7.320587881987418,2.0014158313195036,255.05762374817883,0.0,0.0,0.012774111134766872,0.5774259025331708,5.309671945701357,0.9609756097560975,173.69928033094146,3536,483.3147587776184
core,100,3000000.0,31,7,exclude,launch,0,0.0,prior,0.0,sa,12600.0,43200.0,210547.82853585927,0,188658.33434146404,21889.494194395214,0,1,0.7434218391971488,1,11.334204176952465,43.04162424774972,8018.5908986554505,1095.3247243690003,7.320743082171214,2.0015677523959994,255.1350173079003,0.0,0.0,0.014434302695818298,0.5700384528853752,5.201971830985915,0.9601769911504425,176.93954328770826,3550,483.36227798461914
core,100,3000000.0,31,1,exclude,launch,0,0.0,prior,0.0,sa,12600.0,43200.0,263198.82962429326,0,255162.0597890138,8036.769835279467,0,1,0.7849422740242333,1,12.970005937727002,47.24249892281374,6968.561876837692,997.9612801982064,6.98279784507637,2.0014985732443433,255.09977373209273,0.0,0.0,0.01629284807448159,0.5710266915906803,5.36015756893641,0.9835164835164835,171.51067621550467,3554,490.6147503852844
core,100,3000000.0,31,8,exclude,launch,0,0.0,prior,0.0,sa,12600.0,43200.0,205457.21666181332,0,200787.63093741058,4669.585724402742,0,1,0.7389865828960702,1,13.468246568119818,45.26046955186756,6699.414751861177,1041.6588203228748,6.43148660689554,2.001507801902114,255.104475165363,0.0,0.0,0.016913319238900635,0.5684583244673864,5.416339135317237,0.9888888888888889,168.6663554848591,3562,496.1825466156006
core,100,3000000.0,31,6,exclude,launch,0,0.0,prior,0.0,sa,12600.0,43200.0,332115.05456032173,0,291672.33884204854,40442.715718273226,0,1,0.8318103034101579,1,11.958296061139986,43.53801755403057,7584.090639439221,1082.8619591131987,7.0037464845936155,2.0015207220994533,255.11105728367585,0.0,0.0,0.011839323467230444,0.5736909441463541,5.357625211029825,0.972972972972973,170.81298934806708,3554,497.32933163642883
core,100,3000000.0,32,2,exclude,launch,0,0.0,prior,0.0,sa,12600.0,43200.0,287564.07749535015,0,272670.8976708987,14893.179824451423,0,1,0.8113576786235852,1,14.295123463405885,42.23386039687316,6306.0645414764385,1118.2268403401958,5.639342854226212,2.001597981864562,254.70095688597206,0.0,0.0,0.009418837675350702,0.562935559753578,5.150279776179056,0.9769585253456221,168.2054229132428,3753,500.30934596061707
core,100,3000000.0,32,4,exclude,launch,0,0.0,prior,0.0,sa,12600.0,43200.0,239055.66473191668,0,223294.5100686344,15761.154663282266,0,1,0.7720658869459481,1,12.692163982128026,41.62009196015964,7141.218427495743,1134.7514156867346,6.293200721123563,2.001537715573405,254.6703070234496,0.0,0.0,0.01881881881881882,0.5529366040514848,4.973894512519979,0.966183574879227,174.76168639337322,3754,500.84905338287354
core,100,3000000.0,32,5,exclude,launch,0,0.0,prior,0.0,sa,12600.0,43200.0,219561.73478528563,0,208237.33758253988,11324.397202745748,0,1,0.761226661388222,1,13.69886168092356,45.10648295851029,6593.891938148332,1047.0876504157523,6.29736386971061,2.0014536803061764,254.62757195891376,0.0,0.0,0.019415532425940754,0.5522175377250623,5.067092651757188,0.9775784753363229,171.33910016998556,3756,501.96799397468567
core,100,3000000.0,32,1,exclude,launch,0,0.0,prior,0.0,sa,12600.0,43200.0,261320.1328231517,0,253499.5683174991,7820.564505652606,0,1,0.7905854233803807,1,12.99337663812402,47.00985077245766,6968.561876837692,1004.6856083369526,6.936062205939918,2.0014672721204985,254.63448365984004,0.0,0.0,0.01034414163517008,0.5567443424366981,5.18672308912986,0.9835164835164835,165.96950020697952,3781,504.96491146087646
core,100,3000000.0,33,2,exclude,launch,0,0.0,prior,0.0,sa,12600.0,43200.0,286532.536378042,0,271694.5020905946,14838.034287447374,0,1,0.8142786341873902,1,14.319410664287835,41.60481977313868,6306.0645414764385,1137.006329191843,5.5462000338719655,2.001619638457213,254.28973145716148,0.0,0.0,0.01470311027332705,0.5416145960163462,4.898873591989988,0.9723502304147466,166.87240489589405,3995,515.285279750824
core,100,3000000.0,33,5,exclude,launch,0,0.0,prior,0.0,sa,12600.0,43200.0,218195.82644360117,0,206871.8306252643,11323.995818336864,0,1,0.7659919488992142,1,13.722113832615248,44.914869509116556,6593.891938148332,1053.31061393474,6.260159017591433,2.00143494306531,254.1959597106747,0.0,0.0,0.017752596789423983,0.5363873226018258,4.870077752696263,0.9775784753363229,167.61174138929192,3987,519.7174823284149
core,100,3000000.0,34,2,exclude,launch,0,0.0,prior,0.0,sa,12600.0,43200.0,285739.1103664624,0,270989.6734919802,14749.436874482217,0,1,0.8165396822049625,1,14.342343457847825,42.4098520842083,6306.0645414764385,1117.1575721243612,5.644740454549281,2.0016407439534594,253.903029069102,0.0,0.0,0.025718878371137704,0.5165523152566404,4.692982456140351,0.9815668202764977,164.3011584940654,4218,529.0377058982849
core,100,3000000.0,29,9,exclude,launch,0,0.0,prior,0.0,sa,12600.0,43200.0,255987.13186291483,0,247172.10450560122,8815.027357313604,0,1,0.7687009314636462,1,11.438718066037278,43.985017067967085,7909.979841733408,1067.7131499402042,7.4083379437411585,2.0015083409732264,256.09648772825767,0.0,0.0,0.009196515004840271,0.6186871501346157,5.732947232947233,0.9943181818181818,183.4456977193519,3108,409.92415142059326
core,100,3000000.0,29,10,exclude,launch,0,0.0,prior,0.0,sa,12600.0,43200.0,166075.06700254304,0,161009.75088672029,5065.316115822768,0,1,0.6383774088099451,1,11.414886833524275,42.23540944310275,7927.135773030543,1111.9083418017387,7.129306863716297,2.0015712923627555,256.12868343901044,0.0,0.0,0.009449963653985946,0.6190460631075129,5.6375362786198,0.9812206572769953,186.98055603016184,3101,413.13150787353516
core,100,3000000.0,29,12,exclude,launch,0,0.0,prior,0.0,sa,12600.0,43200.0,333346.19476924464,0,290195.57072322175,43150.624046022924,0,1,0.8212430024777293,1,11.289504090850933,42.67354904370161,8018.5908986554505,1100.462588825586,7.286563832408781,2.001624988984106,256.1561475121294,0.0,0.0,0.012094823415578132,0.6118056955401541,5.558408215661104,0.9571428571428572,188.51625002394735,3116,399.07683849334717
core,100,3000000.0,30,10,exclude,launch,0,0.0,prior,0.0,sa,12600.0,43200.0,164166.64212715594,0,159468.46584855238,4698.176278603535,0,1,0.6457984982046697,1,11.438199062839974,42.997888637427344,7927.135773030543,1094.3934144981265,7.243405952571284,2.0015477994126556,255.60422971175294,0.0,0.0,0.011113631208890905,0.5937094764547843,5.411020776874436,0.971830985915493,181.24721744353215,3321,420.1591155529022
core,100,3000000.0,30,9,exclude,launch,0,0.0,prior,0.0,sa,12600.0,43200.0,253951.28089443865,0,245295.00913791245,8656.271756526206,0,1,0.774863375418549,1,11.462079859526714,45.00098041411445,7909.979841733408,1045.7231757410987,7.564124067660302,2.001464349939135,255.56163733663772,0.0,0.0,0.01273306048203729,0.5991911457354097,5.554817275747508,0.9943181818181818,177.50975757184213,3311,426.6698260307312
core,100,3000000.0,29,11,exclude,launch,0,0.0,prior,0.0,sa,12600.0,43200.0,97652.2513530916,0,94393.96837759114,3258.2829755004755,0,1,0.3426169244699397,1,11.289504090850935,47.546696116880995,8018.590898655449,987.784445962867,8.117753758350721,2.0014015550781825,256.0418780289137,0.0,0.0,0.012811215856901136,0.6162441054820152,5.853925353925354,0.9757281553398058,179.61083057233282,3108,419.0349221229553
core,100,3000000.0,31,9,exclude,launch,0,0.0,prior,0.0,sa,12600.0,43200.0,252473.9097250443,0,244002.08360622526,8471.826118819032,0,1,0.7793975501073643,1,11.484019821495774,45.39524663953563,7909.979841733408,1038.5923356686458,7.616058360993934,2.0014573721141,255.07878481990213,0.0,0.0,0.01752136752136752,0.5750725789623352,5.319578827546955,0.9943181818181818,173.69025704899295,3514,435.84969449043274
core,100,3000000.0,31,10,exclude,launch,0,0.0,prior,0.0,sa,12600.0,43200.0,163021.2516750169,0,158250.52106598625,4770.730609030628,0,1,0.650335890883535,1,11.460092476263206,41.94047799825626,7927.135773030543,1124.0814152702892,7.052101089247557,2.0015695928710686,255.13595497800594,0.0,0.0,0.018891954998938653,0.5710853015398699,5.142008486562942,0.971830985915493,179.81187354355993,3535,433.63828468322754
core,100,3000000.0,30,12,exclude,launch,0,0.0,prior,0.0,sa,12600.0,43200.0,331357.20264331106,0,288315.4283692674,43041.774274043695,0,1,0.8262022026586998,1,11.312555610653892,42.3250712007083,8018.5908986554505,1111.7518320114564,7.212572687330477,2.001617164095801,255.63963595073494,0.0,0.0,0.014969380811975505,0.5903823219267903,5.358433734939759,0.9523809523809523,183.31242770045134,3320,421.88579201698303
core,100,3000000.0,30,11,exclude,launch,0,0.0,prior,0.0,sa,12600.0,43200.0,95278.03545649537,0,92254.60832576768,3023.427130727695,0,1,0.35115453279301395,1,11.312555610653897,46.85416666729916,8018.590898655449,1004.3985324323636,7.983475323521962,2.0013925558191143,255.5249966610213,0.0,0.0,0.013303269447576099,0.5931743058452476,5.621621621621622,0.970873786407767,173.69094920186768,3330,437.8733298778534
core,100,3000000.0,32,8,exclude,launch,0,0.0,prior,0.0,sa,12600.0,43200.0,203505.32944119713,0,199021.2486797231,4484.080761474029,0,1,0.7460744487093359,1,13.492534317701347,44.416340947709955,6699.414751861177,1063.3389389420458,6.30035683497744,2.001488277147322,254.6451653074583,0.0,0.0,0.015787370103916867,0.5564751639532828,5.262416998671979,0.9888888888888889,164.86352075958095,3765,475.1782374382019
core,100,3000000.0,31,12,exclude,launch,0,0.0,prior,0.0,sa,12600.0,43200.0,329283.9287426211,0,286267.2761129446,43016.652629676515,0,1,0.8314019612867469,1,11.334204176952465,41.47254408962961,8018.5908986554505,1136.7647255912989,7.0538702672045925,2.00156902666769,255.1356665131804,0.0,0.0,0.009174311926605505,0.5822859149033245,5.201811491650155,0.9571428571428572,177.17600507385364,3533,435.23213744163513
core,100,3000000.0,31,11,exclude,launch,0,0.0,prior,0.0,sa,12600.0,43200.0,93851.38204746408,0,90703.12552596355,3148.2565215005325,0,1,0.3564925022546914,1,11.334204176952468,47.35800276655339,8018.590898655449,995.5952346368086,8.054067174779735,2.0013620038721247,255.030205104669,0.0,0.0,0.013803355277128903,0.5740214610208327,5.425549915397631,0.9611650485436893,169.7116209233627,3546,453.0572335720062
core,100,3000000.0,33,8,exclude,launch,0,0.0,prior,0.0,sa,12600.0,43200.0,201672.54704861654,0,197155.74299339976,4516.804055216776,0,1,0.7528547077637244,1,13.515428752512536,43.59844593119113,6699.414751861177,1085.1004595991694,6.1740041602561915,2.0014609636945315,254.20916960472593,0.0,0.0,0.01072436500470367,0.5455332753179885,5.121469632591852,0.9833333333333333,158.98837109079545,4001,496.7696282863617
core,100,3000000.0,32,7,exclude,launch,0,0.0,prior,0.0,sa,12600.0,43200.0,208898.3982542535,0,187121.5710533246,21776.82720092889,0,1,0.7492923892780711,1,11.354574085367364,42.277308826675345,8018.5908986554505,1117.1030748399487,7.178022403889902,2.001552403987974,254.67777699771057,0.0,0.0,0.017824954936911677,0.5574729226425422,5.0468334220329965,0.9734513274336283,171.87622086299248,3758,501.9342532157898
core,100,3000000.0,32,3,exclude,launch,0,0.0,prior,0.0,sa,12600.0,43200.0,167041.72942080026,0,147053.5991837165,19988.13023708378,0,1,0.6763737224210656,1,11.715105129422025,43.540170671190005,7762.382610686937,1084.7664990002506,7.155809676866822,2.0014334565963,254.61728798423258,0.0,0.0,0.019049528774814518,0.5564974666404279,5.067271756540309,0.9609756097560975,171.38168119024553,3746,502.98022508621216
core,100,3000000.0,32,6,exclude,launch,0,0.0,prior,0.0,sa,12600.0,43200.0,330899.65484646993,0,290498.5267234659,40401.12812300408,0,1,0.8348622580161236,1,11.979809020188155,44.387469075669294,7584.090639439221,1064.0144219992076,7.127808122364783,2.0015186880336855,254.6606304964926,0.0,0.0,0.02176952266826443,0.5478803442657236,5.126622516556291,0.9774774774774775,168.11342776140285,3775,508.5043303966522
core,100,3000000.0,33,7,exclude,launch,0,0.0,prior,0.0,sa,12600.0,43200.0,208623.34794701528,0,186942.92408707488,21680.423859940434,0,1,0.7502255680377433,1,11.373775370065212,43.441051529029686,8018.5908986554505,1088.9609320084028,7.363524863896197,2.0015915195203897,254.27545406831726,0.0,0.0,0.02968986384266263,0.523743414653003,4.7510675709620696,0.9557522123893806,172.48916608036194,3981,509.59885454177856
core,100,3000000.0,33,3,exclude,launch,0,0.0,prior,0.0,sa,12600.0,43200.0,165655.68793369058,0,145710.9759078896,19944.712025800996,0,1,0.6820590005493744,1,11.734927475032784,43.76969365377391,7762.382610686937,1080.8655000101687,7.181636022811265,2.0014415833738806,254.19933076381756,0.0,0.0,0.02403027436140019,0.5339474696265237,4.8732075471698115,0.9609756097560975,168.11363828030574,3975,511.9929549694061
core,100,3000000.0,33,4,exclude,launch,0,0.0,prior,0.0,sa,12600.0,43200.0,238332.8169228809,0,222640.48524651115,15692.331676369788,0,1,0.7744075121657398,1,12.713672958375561,41.2665296896435,7141.218427495743,1146.3610983148974,6.229466821573964,2.0015603641163495,254.259635381471,0.0,0.0,0.023513920240782544,0.5295191092974856,4.697075731067233,0.961352657004831,173.83416914067234,4001,512.1385841369629
core,100,3000000.0,33,6,exclude,launch,0,0.0,prior,0.0,sa,12600.0,43200.0,329479.995105894,0,289068.0429516588,40411.95215423521,0,1,0.8384547147341102,1,12.000087798124929,43.160889581064666,7584.090639439221,1096.0787550525813,6.919293531125321,2.001501561696407,254.22978067975794,0.0,0.0,0.016798791996979992,0.5386867852060462,4.938064192577733,0.972972972972973,165.5362037138562,3988,523.7244815826416
core,100,3000000.0,34,4,exclude,launch,0,0.0,prior,0.0,sa,12600.0,43200.0,237650.95352710254,0,221863.03138097536,15787.922146127152,0,1,0.7766294268188273,3,12.733982410692233,41.001464851859566,7141.218427495743,1155.560048382916,6.179876534749641,2.0015914283946525,253.8780279664743,0.0,0.0,0.027698355968548964,0.5106393575119276,4.509841119279108,0.9758454106280193,171.5241778391644,4217,529.7546627521515
core,100,3000000.0,34,7,exclude,launch,0,0.0,prior,0.0,sa,12600.0,43200.0,207121.67920053715,0,185408.09525147112,21713.583949066026,0,1,0.7557200081005684,5,11.391905792123776,42.57242364104518,8018.5908986554505,1112.9255548347824,7.204966103816205,2.0015794520613426,253.87195660919517,0.0,0.0,0.02931188561215371,0.5139914091435881,4.611493706957967,0.9646017699115044,167.43154688624304,4211,533.5056259632111
core,100,3000000.0,34,5,exclude,launch,0,0.0,prior,0.0,sa,12600.0,43200.0,217701.71592186077,0,206443.9205659679,11257.795355892858,0,1,0.7677304959745911,5,13.74406927850158,44.75189453011891,6593.891938148332,1058.7790764691686,6.227826073157524,2.0014767438344743,253.81989203952418,0.0,0.0,0.030925992134429744,0.5111191613072,4.640721404841006,0.9910313901345291,167.0010084625671,4214,534.7644526958466
core,100,3000000.0,33,1,exclude,launch,0,0.0,prior,0.0,sa,12600.0,43200.0,260402.21502148663,0,252392.12846764366,8010.086553842965,0,1,0.7933722369787221,1,13.015406614925638,47.28027235242512,6968.561876837692,1000.5907779153185,6.964447435100637,2.0014816612440907,254.21967737576801,0.0,0.0,0.023142050799623705,0.5315765131250783,4.974794110306963,0.989010989010989,163.50669647316437,4007,535.1681265830994
core,100,3000000.0,34,3,exclude,launch,0,0.0,prior,0.0,sa,12600.0,43200.0,164846.74559987342,0,144777.13297018336,20069.612629690062,0,1,0.6854073016032873,2,11.753644330984914,44.406940175797104,7762.382610686937,1067.0253530124896,7.274787416036288,2.001436131816229,253.79930658081736,0.0,0.0,0.02821932487944276,0.5118145322631846,4.656730541755382,0.9609756097560975,165.8139863957212,4227,541.2698945999146
core,100,3000000.0,35,4,exclude,launch,0,0.0,prior,0.0,sa,12600.0,43200.0,236809.23931851334,0,221295.7397665345,15513.49955197886,0,1,0.7793898766443642,8,12.753189959746672,40.26596135165663,7141.218427495743,1178.3890712791176,6.060153307212951,2.0016214634611433,253.51855956462532,0.0,0.0,0.030303030303030304,0.496260221884883,4.308491418247516,0.9806763285024155,171.0467884692467,4428,542.6042499542236
core,100,3000000.0,34,6,exclude,launch,0,0.0,prior,0.0,sa,12600.0,43200.0,328171.1318933871,0,287851.71034262545,40319.421550761675,0,1,0.8417710295705548,2,12.019235638591443,43.94430872902706,7584.090639439221,1078.2187585761687,7.033907153919598,2.0015101805008744,253.8368410756062,0.0,0.0,0.026001780943900266,0.5162383000801342,4.7861381438404935,0.972972972972973,161.37005400343813,4213,544.0792343616486
core,100,3000000.0,35,5,exclude,launch,0,0.0,prior,0.0,sa,12600.0,43200.0,217251.05259636886,0,206081.49749710917,11169.555099259676,0,1,0.7693230681359778,8,13.764833545550077,43.84725538793712,6593.891938148332,1082.2023655039027,6.093030424192464,2.0015103255361684,253.46230285581814,0.0,0.0,0.03333900323184215,0.49494678265149444,4.399728690933755,0.9865470852017937,167.39661586411447,4423,546.9425883293152
core,100,3000000.0,34,1,exclude,launch,0,0.0,prior,0.0,sa,12600.0,43200.0,259027.97122837516,0,251198.32243045376,7829.648797921397,0,1,0.7975813842268876,2,13.036208021536183,47.508156759082496,6968.561876837692,997.3495099417926,6.98708106573832,2.001482349180533,253.82273334826513,0.0,0.0,0.02419498309909269,0.5121101073536458,4.80558183538316,0.989010989010989,160.65202069738373,4228,551.611899137497
core,100,3000000.0,34,8,exclude,launch,0,0.0,prior,0.0,sa,12600.0,43200.0,200792.56274499805,0,196278.19339779697,4514.369347201062,0,1,0.7561541343793302,1,13.537046423792404,43.642538767963806,6699.414751861177,1085.6917523317543,6.170641655398742,2.0014778070251076,253.82043096182372,0.0,0.0,0.01771479185119575,0.5226719585156958,4.89373232799246,0.9833333333333333,157.25648695687687,4244,554.1873836517334
core,100,3000000.0,35,2,exclude,launch,0,0.0,prior,0.0,sa,12600.0,43200.0,284496.6268895983,0,269792.54389462183,14704.082994976528,0,1,0.8201057598573959,2,14.364032065206583,41.814037239247256,6306.0645414764385,1134.7415801124025,5.557269295491743,2.0016569884179445,253.53654319600597,0.0,0.0,0.02505926176769387,0.501311528015177,4.5383922539968475,0.9769585253456221,161.95415395583314,4441,558.9089484214783
core,100,3000000.0,36,5,exclude,launch,0,0.0,prior,0.0,sa,12600.0,43200.0,215599.95258657832,0,204372.64421225648,11227.308374321847,0,1,0.7752146711261062,11,13.78450101273968,42.52324985677553,6593.891938148332,1117.4667764579624,5.900749871999783,2.001494038753459,253.10027073363148,0.0,0.0,0.03047001620745543,0.49068649227944366,4.32623197761997,0.9820627802690582,162.39118777119666,4647,563.5692737102509
core,100,3000000.0,35,1,exclude,launch,0,0.0,prior,0.0,sa,12600.0,43200.0,257780.1880439397,0,249935.55083653703,7844.637207402683,0,1,0.8014420712991099,4,13.055880841745735,45.718900680526644,6968.561876837692,1037.9249030324486,6.713936486616734,2.001460467702293,253.43706743584588,0.0,0.0,0.01965395598857719,0.5056222733367733,4.600711427301023,0.9835164835164835,157.37196343785942,4498,565.3623676300049
core,100,3000000.0,36,2,exclude,launch,0,0.0,prior,0.0,sa,12600.0,43200.0,283883.84557080927,0,269211.1689854871,14672.676585322166,0,1,0.8218760102499847,5,14.384575063774008,41.184202950198454,6306.0645414764385,1153.7042112468525,5.46592833761197,2.0016596095549835,253.18396464912271,0.0,0.0,0.02507635428387719,0.49046172710692115,4.33326212347789,0.9815668202764977,160.7317558109418,4681,581.0589165687561
core,100,3000000.0,37,2,exclude,launch,0,0.0,prior,0.0,sa,12600.0,43200.0,283271.196633551,0,268647.4061046791,14623.790528871876,0,1,0.8236535346514147,9,14.404060885220597,41.34436392999193,6306.0645414764385,1150.7331240313185,5.4800408624587496,2.0017003757223497,252.86977086262797,0.0,0.0,0.030660738923808065,0.47215654938469687,4.163265306122449,0.9769585253456221,159.47743621659268,4900,590.9915068149567
core,100,3000000.0,32,10,exclude,launch,0,0.0,prior,0.0,sa,12600.0,43200.0,161298.8702914714,0,156713.25286804372,4585.617423427676,0,1,0.6572803067339665,1,11.480692774326936,41.846231194617026,7927.135773030543,1128.6048853117325,7.023836132732125,2.001563030034494,254.68318107292654,0.0,0.0,0.02317219336795845,0.5510313361964323,4.962244084020208,0.9765258215962441,174.86911626573584,3761,449.41703367233276
core,100,3000000.0,32,9,exclude,launch,0,0.0,prior,0.0,sa,12600.0,43200.0,250958.46568559477,0,242458.95137096755,8499.514314627217,0,1,0.7841040395594967,1,11.50466391956677,43.885368620475624,7909.979841733408,1076.217325406502,7.349797903268005,2.0014641565716778,254.6328993346135,0.0,0.0,0.01316314319904268,0.554946210551531,5.089631397507293,0.9943181818181818,170.24538394498495,3771,464.3181805610657
core,100,3000000.0,32,12,exclude,launch,0,0.0,prior,0.0,sa,12600.0,43200.0,328937.33983715205,0,285992.51044247,42944.829394682005,0,1,0.8322517554565685,1,11.354574085367364,42.12613944938991,8018.5908986554505,1121.0673857654042,7.1526395294969625,2.0016316867465056,254.71809911325272,0.0,0.0,0.028720626631853787,0.5451232822378378,4.889690170940171,0.9571428571428572,178.04025641216802,3744,438.56015825271606
core,100,3000000.0,33,9,exclude,launch,0,0.0,prior,0.0,sa,12600.0,43200.0,250282.6928376099,0,241904.64554297604,8378.047294633901,0,1,0.7862211504708515,1,11.524123668123845,45.135736718344404,7909.979841733408,1048.1317637060938,7.546741846430142,2.0014818795661578,254.21978821508463,0.0,0.0,0.02670678954297536,0.5252571847668001,4.834876157117838,0.9943181818181818,168.77037179630992,3997,482.8540346622467
core,100,3000000.0,33,10,exclude,launch,0,0.0,prior,0.0,sa,12600.0,43200.0,160716.16871096747,0,156038.04583781783,4678.12287314961,0,1,0.6596633791817469,1,11.500111234961874,42.07375800485167,7927.135773030543,1124.3520522549588,7.0504036143591975,2.0015869414497054,254.27312959108525,0.0,0.0,0.02807411566535654,0.524623260810722,4.690452511188464,0.9671361502347418,172.2651905092828,4022,468.9564325809479
core,100,3000000.0,34,9,exclude,launch,0,0.0,prior,0.0,sa,12600.0,43200.0,249118.04562561872,0,240681.68641579492,8436.35920982377,0,1,0.7898967985701487,2,11.542498143409077,44.41166901860087,7909.979841733408,1066.8891707394694,7.414059546832721,2.0014784685526648,253.8207662848113,0.0,0.0,0.028530670470756064,0.5136572132925469,4.688867745004758,0.9943181818181818,164.76295632895471,4204,493.5898370742798
core,100,3000000.0,32,11,exclude,launch,0,0.0,prior,0.0,sa,12600.0,43200.0,91821.4957609351,0,88642.9102262275,3178.5855347075963,0,1,0.3643734372751961,1,11.354574085367368,45.96838232866029,8018.590898655449,1027.506278309455,7.803933725688129,2.0013536691999363,254.57671725823343,0.0,0.0,0.013736810670913797,0.5591500737413003,5.241123476417594,0.9757281553398058,165.04923288383284,3774,472.39619731903076
core,100,3000000.0,34,10,exclude,launch,0,0.0,prior,0.0,sa,12600.0,43200.0,160036.01615855834,0,155407.79215977903,4628.2239987793455,0,1,0.6624669464152477,2,11.518446724322562,42.35435367613098,7927.135773030543,1118.6528075075055,7.086323584788712,2.001584587049308,253.87455976320578,0.0,0.0,0.03144541718777917,0.5089845421682595,4.512790146849834,0.9765258215962441,171.14015561511022,4222,477.8728084564209
core,100,3000000.0,33,12,exclude,launch,0,0.0,prior,0.0,sa,12600.0,43200.0,327797.71448351705,0,284730.35765890806,43067.356824609,0,1,0.83515102337626,1,11.373775370065212,41.91623948752319,8018.5908986554505,1128.5531253021627,7.105195775793475,2.0016298077214314,254.29489499927914,0.0,0.0,0.02509907529722589,0.5269409428327534,4.695935775213246,0.9571428571428572,174.38303287933164,3986,468.39148020744324
core,100,3000000.0,33,11,exclude,launch,0,0.0,prior,0.0,sa,12600.0,43200.0,90867.11987793853,0,87868.63629339982,2998.4835845387183,0,1,0.36820044556386017,1,11.373775370065216,47.27828459952094,8018.590898655449,1000.6892782883375,8.013067665090922,2.0013687917136664,254.16237819636922,0.0,0.0,0.022628700735432775,0.5291958278121898,5.005509641873278,0.970873786407767,163.4250083788727,3993,498.767215013504
core,100,3000000.0,34,12,exclude,launch,0,0.0,prior,0.0,sa,12600.0,43200.0,326877.1442767865,0,283926.39649444656,42950.74778233995,0,1,0.8375245466990008,3,11.391905792123776,41.018099875071556,8018.5908986554505,1155.061581585755,6.942132806154741,2.001643112930403,253.90423008081532,0.0,0.0,0.028035714285714285,0.5133314135381276,4.488377609108159,0.9523809523809523,172.24370518056523,4216,489.77147150039673
core,100,3000000.0,34,11,exclude,launch,0,0.0,prior,0.0,sa,12600.0,43200.0,89261.96996653352,0,86290.65153252047,2971.3184340130515,0,1,0.3748215957893974,1,11.39190579212378,46.84233352240535,8018.590898655449,1011.5875337824361,7.926739536491778,2.0013605421667395,253.7609938497766,0.0,0.0,0.025531155150865917,0.5153774464727268,4.861553075279031,0.970873786407767,159.55727569505342,4211,506.5351781845093
core,100,3000000.0,35,8,exclude,launch,0,0.0,prior,0.0,sa,12600.0,43200.0,198918.82046089447,0,194466.47261067727,4452.347850217204,0,1,0.7632768288111766,1,13.557491236124246,43.566981720934855,6699.414751861177,1089.2012701372455,6.150759217363944,2.001442488637709,253.42796768473468,0.0,0.0,0.01734590771303469,0.5137741136798211,4.802546348000893,0.9944444444444445,151.80824314464414,4477,541.2125136852264
core,100,3000000.0,36,8,exclude,launch,0,0.0,prior,0.0,sa,12600.0,43200.0,198135.1210496336,0,193787.19038263735,4347.930666996235,0,1,0.766295877620894,2,13.576856117436908,43.56634487334634,6699.414751861177,1090.7199362133456,6.14219519551421,2.0014787929713274,253.0925648820434,0.0,0.0,0.020498967106308597,0.4899975594791438,4.575010535187526,0.9888888888888889,150.3114512389571,4746,545.5388317108154
core,100,3000000.0,36,4,exclude,launch,0,0.0,prior,0.0,sa,12600.0,43200.0,237075.8266777136,0,221376.0136427839,15699.813034929704,0,1,0.7785134672191012,10,12.771382913191689,40.61355268454022,7141.218427495743,1169.9224303530023,6.104010182402447,2.001646218111256,253.17719493190805,0.0,0.0,0.041075794621026895,0.48049957777836005,4.136501736111111,0.9710144927536232,171.16592072373825,4608,548.3015191555023
core,100,3000000.0,35,7,exclude,launch,0,0.0,prior,0.0,sa,12600.0,43200.0,206290.33377445195,0,184648.74630226783,21641.58747218413,0,1,0.7587003340338018,5,11.409052504257282,42.564327264520124,8018.5908986554505,1114.777640324532,7.192995812439414,2.0015880744492978,253.50165778403982,0.0,0.0,0.028581150051037767,0.49943825838176087,4.482179341657208,0.9646017699115044,165.4181340517545,4405,550.3592212200165
core,100,3000000.0,35,3,exclude,launch,0,0.0,prior,0.0,sa,12600.0,43200.0,164580.81264516592,0,144665.57582593246,19915.23681923346,0,1,0.6865076770826439,6,11.77134566733603,44.09597801220676,7762.382610686937,1076.1121990922152,7.213358065483427,2.0014843274429928,253.44914382815847,0.0,0.0,0.041007316658158925,0.4912103859118697,4.424331671952877,0.9609756097560975,167.07036272245415,4414,551.4735555648804
core,100,3000000.0,35,6,exclude,launch,0,0.0,prior,0.0,sa,12600.0,43200.0,327667.3207757227,0,287416.2545064945,40251.066269228206,0,1,0.8430951800576432,3,12.037344582112029,43.50653294326648,7584.090639439221,1090.6600729528786,6.953670375872362,2.00154259833287,253.47863832228052,0.0,0.0,0.028354430379746835,0.4960096851657189,4.536059312514042,0.9684684684684685,161.52493261217128,4451,563.7462284564972
core,100,3000000.0,36,7,exclude,launch,0,0.0,prior,0.0,sa,12600.0,43200.0,205505.12676196516,0,183857.0341110554,21648.092650909777,0,1,0.7616340365975243,8,11.425293451735653,41.87050351292217,8018.5908986554505,1134.8247548981406,7.065928782435824,2.0016050346889322,253.15637622605686,0.0,0.0,0.033846153846153845,0.4856996569939166,4.291335196731886,0.9601769911504425,163.4890274994168,4651,568.0112175941467
core,100,3000000.0,36,3,exclude,launch,0,0.0,prior,0.0,sa,12600.0,43200.0,162905.2826902305,0,142966.27134519676,19939.011345033745,0,1,0.6935800039018054,10,11.78811194913875,42.71560815563323,7762.382610686937,1112.4554413637006,6.977702047258127,2.0014564771824155,253.08128576686607,0.0,0.0,0.03178444659567602,0.48882026541095236,4.332046332046332,0.9658536585365853,160.67483796496145,4662,568.6620926856995
core,100,3000000.0,37,4,exclude,launch,0,0.0,prior,0.0,sa,12600.0,43200.0,236147.4138865504,0,220515.40859682165,15632.005289728759,0,1,0.7815741903884222,18,12.788639592493732,39.45489595518258,7141.218427495743,1205.8735277723597,5.922029353018384,2.0016462914621727,252.8424654814943,0.0,0.0,0.03393770339377034,0.47488191197838575,3.966851966234301,0.966183574879227,168.75634090707422,4857,572.875287771225
core,100,3000000.0,36,1,exclude,launch,0,0.0,prior,0.0,sa,12600.0,43200.0,257053.29372625522,0,249261.2350308895,7792.058695365708,0,1,0.8037083861131894,8,13.074514496758207,46.82451330608258,6968.561876837692,1014.8208614823791,6.866790131470598,2.0014867102475495,253.09656658768222,0.0,0.0,0.031375703942075624,0.4833709588278344,4.465185818026485,0.9835164835164835,155.80157928489706,4682,580.27068400383
core,100,3000000.0,37,5,exclude,launch,0,0.0,prior,0.0,sa,12600.0,43200.0,215376.56660307292,0,204275.02370491743,11101.5428981555,0,1,0.7760187144557471,13,13.803156345278518,41.96443022756371,6593.891938148332,1133.8285790211598,5.815598636471902,2.0015261551272188,252.78181783416235,0.0,0.0,0.031182463723371412,0.4758061622707098,4.117562576938859,0.9865470852017937,161.76933442567048,4874,581.4265594482422
core,100,3000000.0,36,6,exclude,launch,0,0.0,prior,0.0,sa,12600.0,43200.0,326245.8542757482,0,285963.757293125,40282.09698262321,0,1,0.8467745983914896,5,12.05449694553202,42.536242420673105,7584.090639439221,1117.107287682626,6.789044099042604,2.001526579166928,253.1167184026964,0.0,0.0,0.022502393871688477,0.4883866014596814,4.399490554022501,0.9774774774774775,157.43550579657514,4711,586.7501413822174
core,100,3000000.0,37,7,exclude,launch,0,0.0,prior,0.0,sa,12600.0,43200.0,204156.21480756195,0,182636.35214871372,21519.862658848222,0,1,0.7666944112100542,11,11.440698557014686,39.889809848860075,8018.5908986554505,1192.7411774110246,6.7228255807019925,2.001620872696277,252.82963288390945,0.0,0.0,0.023699599876885195,0.4826751177747833,4.162738266038122,0.9601769911504425,160.67046867904324,4879,586.8206543922424
core,100,3000000.0,37,3,exclude,launch,0,0.0,prior,0.0,sa,12600.0,43200.0,162090.27462784745,0,142186.2404696398,19904.034158207665,0,1,0.697069553160285,13,11.804015359344271,41.52471187176449,7762.382610686937,1145.8624022579188,6.774271147557668,2.0014783773871785,252.75770052910138,0.0,0.0,0.02980694980694981,0.48030839320447605,4.17683302526186,0.9658536585365853,160.4348732189315,4869,588.3305413722992
core,100,3000000.0,38,4,exclude,launch,0,0.0,prior,0.0,sa,12600.0,43200.0,371663.2300415932,0,340891.3893582901,30771.84068330311,0,2,0.8665030234998085,20,12.805030460057319,37.73212174891893,7141.218427495743,1262.5238187020375,5.656303922121179,2.0016322150517514,252.51822067623826,0.0,0.0,0.023000292997363024,0.472071864015041,3.779182879377432,0.9468599033816425,167.87424183679306,5140,596.3720371723175
core,100,3000000.0,37,1,exclude,launch,0,0.0,prior,0.0,sa,12600.0,43200.0,256107.62006482462,0,248258.3057562638,7849.3143085607935,0,1,0.8066760676371799,10,13.092189204119366,44.10850428325817,6968.561876837692,1078.7334677549763,6.459947786120354,2.0014904210684437,252.7637798445525,0.0,0.0,0.02754399387911247,0.4798878896532796,4.261563320541304,0.989010989010989,153.89880795809094,4951,597.2332782745361
core,100,3000000.0,37,6,exclude,launch,0,0.0,prior,0.0,sa,12600.0,43200.0,325447.61605519085,0,285240.1561946406,40207.45986055021,0,1,0.8488258391927198,8,12.070766573047539,41.503041653018194,7584.090639439221,1146.424083121756,6.615432064884276,2.0015423011008404,252.78996827824398,0.0,0.0,0.026051188299817184,0.4787943122251008,4.224959612277868,0.9774774774774775,155.57719945357238,4952,600.1974623203278
core,100,3000000.0,38,2,exclude,launch,0,0.0,prior,0.0,sa,12600.0,43200.0,281996.26354019664,0,267441.0514141632,14555.212126033475,0,1,0.8273773540226443,12,14.422569087993718,40.04371747970519,6306.0645414764385,1189.616801475007,5.300920879444157,2.0016752141006684,252.53990184068655,0.0,0.0,0.022043795620437956,0.471452900471461,4.052580519984478,0.9815668202764977,155.67475537588695,5154,616.724024772644
core,100,3000000.0,38,5,exclude,launch,0,0.0,prior,0.0,sa,12600.0,43200.0,515912.45820750576,0,485704.9819937065,30207.476213799302,0,4,0.9146907432485173,15,13.820875712958683,40.59492095354439,6593.891938148332,1173.6002044773961,5.618516350791358,2.001442938755689,252.42279403789175,0.0,0.0,0.01613372093023256,0.474170161432529,4.035182679296346,0.9596412556053812,156.3289046094134,5173,623.207249879837
core,100,3000000.0,38,1,exclude,launch,0,0.0,prior,0.0,sa,12600.0,43200.0,254818.40474831642,0,247052.33794342144,7766.066804894978,0,1,0.8107573236315635,11,13.10897713211009,42.63654438505492,6968.561876837692,1117.3711020497822,6.23656891077108,2.0015002815477887,252.4517024093014,0.0,0.0,0.019442832269297737,0.4740552110369463,4.1469285576737915,0.9835164835164835,151.47766299049155,5193,624.2290775775909
core,100,3000000.0,37,8,exclude,launch,0,0.0,prior,0.0,sa,12600.0,43200.0,197198.6088956001,0,192789.62247059235,4408.986425007748,0,1,0.7699350787643412,4,13.595224431187216,43.24864786909991,6699.414751861177,1100.1955272615241,6.0892946625010955,2.001463114653625,252.74999643058612,0.0,0.0,0.020281519600423792,0.4812236035500852,4.43841671689773,0.9888888888888889,147.63684799237456,4977,628.4691638946533
core,100,3000000.0,39,2,exclude,launch,0,0.0,prior,0.0,sa,12600.0,43200.0,281830.55645102257,0,267089.9391695117,14740.617281510864,0,1,0.8278638246690909,16,14.44017144299766,39.03620830834338,6306.0645414764385,1221.744649847142,5.1615241714096465,2.0017267182824017,252.26494112530506,0.0,0.0,0.020632929039453508,0.4611998898844787,3.8702672605790647,0.9723502304147466,155.92096345188017,5388,631.9389865398407
core,100,3000000.0,39,5,exclude,launch,0,0.0,prior,0.0,sa,12600.0,43200.0,944293.0441608719,0,883765.0111349842,60528.03302588766,0,6,0.9564280003706621,16,13.837727829624404,40.51849587729675,6593.891938148332,1177.2289639124035,5.601197507266715,2.0014217030158514,252.1113404627006,0.0,0.0,0.019052878641446915,0.46078916487046556,3.889153973206093,0.9461883408071748,153.84487644141905,5449,642.9181470870972
core,100,3000000.0,40,2,exclude,launch,0,0.0,prior,0.0,sa,12600.0,43200.0,561869.1281851367,0,520994.57503621845,40874.55314891825,0,3,0.9186250796207184,19,14.456932863676826,38.562418215546344,6306.0645414764385,1238.1932346519218,5.092956709014151,2.0016706669426547,251.9508580589059,0.0,0.0,0.016434724983432736,0.45612725281073846,3.7375923970432945,0.9585253456221198,153.63985881971283,5682,653.4414331912994
core,100,3000000.0,35,9,exclude,launch,0,0.0,prior,0.0,sa,12600.0,43200.0,248957.40213980668,0,240557.3968178516,8400.005321955101,0,1,0.7904064912889185,7,11.559875670629058,44.85677178112763,7909.979841733408,1057.8478373046048,7.4774268687716265,2.0015088274942254,253.46154460726692,0.0,0.0,0.041866028708133975,0.4929571922522367,4.480045610034208,0.9943181818181818,166.1971296460375,4385,506.8527901172638
core,100,3000000.0,35,10,exclude,launch,0,0.0,prior,0.0,sa,12600.0,43200.0,159438.06760376657,0,154817.31994646048,4620.747657306089,0,1,0.6649514293192366,6,11.53578738031875,41.77648342275626,7927.135773030543,1135.7789192290118,6.979470774481034,2.001626509198881,253.52111380578725,0.0,0.0,0.036107814883878625,0.490862511643283,4.304435937851835,0.9812206572769953,169.93303378219932,4441,498.41435527801514
core,100,3000000.0,35,12,exclude,launch,0,0.0,prior,0.0,sa,12600.0,43200.0,325975.64539763523,0,282965.5278100165,43010.11758761879,0,1,0.8398400348214711,7,11.409052504257282,41.45644910852511,8018.5908986554505,1144.541078319675,7.005944173211951,2.0016366431303148,253.5262438189355,0.0,0.0,0.030215583092853507,0.49798363739914625,4.333031878815284,0.9523809523809523,170.08751704692466,4423,495.07175159454346
core,100,3000000.0,36,10,exclude,launch,0,0.0,prior,0.0,sa,12600.0,43200.0,159050.1920786299,0,154414.1206140642,4636.071464565716,0,1,0.666573045624553,12,11.552212029361407,41.34648037689055,7927.135773030543,1149.178836543148,6.898087156631085,2.0016548982782068,253.18158296792794,0.0,0.0,0.03854875283446712,0.4776496266937987,4.1383254208027624,0.971830985915493,170.0746735805427,4634,515.2645881175995
core,100,3000000.0,36,9,exclude,launch,0,0.0,prior,0.0,sa,12600.0,43200.0,247576.3118788573,0,239224.3594372567,8351.95244160057,0,1,0.7948157285823637,7,11.576335243709744,43.48726392126927,7909.979841733408,1092.6873459719768,7.239014774804821,2.001508188984109,253.1074229529578,0.0,0.0,0.03146176185866408,0.4835032635042681,4.321873657069188,0.9943181818181818,161.50123559530365,4654,528.2737023830414
core,100,3000000.0,35,11,exclude,launch,0,0.0,prior,0.0,sa,12600.0,43200.0,88102.60014060172,0,85175.7758965239,2926.8242440778126,0,1,0.37975399106005187,3,11.409052504257284,45.95051386129025,8018.590898655449,1032.747842091865,7.764325977591516,2.001354670888659,253.38352280024938,0.0,0.0,0.029247675401521556,0.5035589605164204,4.669210053859964,0.9660194174757282,156.48658323236896,4456,517.6477098464966
core,100,3000000.0,36,12,exclude,launch,0,0.0,prior,0.0,sa,12600.0,43200.0,326150.6465037519,0,283240.6772208115,42909.96928294041,0,1,0.8393926124816709,12,11.425293451735653,40.9248476166751,8018.5908986554505,1160.9892526800627,6.90668830925445,2.0017051137009476,253.20696883470364,0.0,0.0,0.04057357014828092,0.4799608282296399,4.09765625,0.9571428571428572,172.8701642586919,4608,505.6339204311371
core,100,3000000.0,37,10,exclude,launch,0,0.0,prior,0.0,sa,12600.0,43200.0,158668.57216411858,0,153990.17852739763,4678.393636720932,0,1,0.6681762462156713,15,11.567791384376862,40.445211935440554,7927.135773030543,1176.3351052167404,6.7388414558706575,2.00166698799383,252.85291431198243,0.0,0.0,0.035939179849485484,0.4691011093424208,3.9497744977449774,0.9765258215962441,169.19256540857168,4878,524.6990559101105
core,100,3000000.0,37,9,exclude,launch,0,0.0,prior,0.0,sa,12600.0,43200.0,246800.71800576927,0,238378.87095025764,8421.847055511662,0,1,0.7973135098461459,9,11.591947725855011,41.64538052244538,7909.979841733408,1142.5206750620416,6.923270636922064,2.00151614455909,252.7767645922683,0.0,0.0,0.025870033877425317,0.47969684844616856,4.163628916649601,0.9943181818181818,160.23582594774936,4883,539.6192765235901
core,100,3000000.0,37,12,exclude,launch,0,0.0,prior,0.0,sa,12600.0,43200.0,324998.8454447381,0,282114.2435016789,42884.60194305922,0,1,0.8423562384681604,16,11.440698557014686,39.30511777996782,8018.5908986554505,1210.4225740301836,6.624621079196343,2.001722558373351,252.88097058685895,0.0,0.0,0.033509152963077875,0.47514728309086585,3.9599421845963247,0.9523809523809523,170.2018890857773,4843,523.2848787307739
core,100,3000000.0,38,8,exclude,launch,0,0.0,prior,0.0,sa,12600.0,43200.0,196252.44943664526,0,191938.02292506493,4314.426511580313,0,1,0.7736470393520658,4,13.612671175994848,42.73323825192287,6699.414751861177,1114.8472216041755,6.009267119328923,2.0014923266310998,252.44769197750804,0.0,0.0,0.020011517420097897,0.46736489572659456,4.2885906040268456,0.9944444444444445,145.27198881427037,5215,580.4681859016418
core,100,3000000.0,36,11,exclude,launch,0,0.0,prior,0.0,sa,12600.0,43200.0,86595.56618561564,0,83699.75636860121,2895.8098170144226,0,1,0.3863628993942592,6,11.425293451735655,46.29360539519679,8018.590898655449,1026.5441986901278,7.811247590592966,2.0013208074890283,253.01271936289143,0.0,0.0,0.01916320664324497,0.49159245720318134,4.525757896968412,0.9660194174757282,152.6145749746626,4717,550.9028732776642
core,100,3000000.0,37,11,exclude,launch,0,0.0,prior,0.0,sa,12600.0,43200.0,85182.99599796733,0,82562.26754373286,2620.7284542344673,0,1,0.3927698672040158,10,11.44069855701469,44.760480881013365,8018.590898655449,1063.0978385317198,7.542665037989536,2.0013452794720976,252.6905212704827,0.0,0.0,0.023447015834348356,0.48090878256072667,4.386966201173851,0.975609756097561,150.43607551938823,4941,557.0443913936615
core,100,3000000.0,39,8,exclude,launch,0,0.0,prior,0.0,sa,12600.0,43200.0,195116.81240957155,0,190771.71994041937,4345.092469152159,0,1,0.7781498918378406,7,13.629264009138302,41.90282507318462,6699.414751861177,1138.306471730841,5.885422703144652,2.0014758296593462,252.13859433464145,0.0,0.0,0.01499518503232907,0.4634312896939621,4.1898919611792715,0.9888888888888889,141.89940315891673,5461,598.5562899112701
core,100,3000000.0,38,10,exclude,launch,0,0.0,prior,0.0,sa,12600.0,43200.0,421738.4560018708,0,399013.7384896304,22724.717512240342,0,2,0.8830741129243868,15,11.582589062498917,38.66102394506455,7927.135773030543,1232.1943194938265,6.433348740227055,2.0016241622542497,252.51416036369687,0.0,0.0,0.019973757107450064,0.4712445851785674,3.8450676982591876,0.9671361502347418,164.05823844960557,5170,608.4985055923462
core,100,3000000.0,38,9,exclude,launch,0,0.0,prior,0.0,sa,12600.0,43200.0,356077.44190976117,0,338780.6826454865,17296.759264274715,0,2,0.8643713805971305,14,11.606776869400317,40.50437836242033,7909.979841733408,1176.1988507640222,6.725036193153335,2.001485128100234,252.44406290133185,0.0,0.0,0.016688434189522566,0.4744260015753996,3.968538892105771,0.9715909090909091,158.64114533432098,5181,619.5835609436035
core,100,3000000.0,38,3,exclude,launch,0,0.0,prior,0.0,sa,12600.0,43200.0,302383.3930720281,0,265721.67414042697,36661.718931601135,0,2,0.839245864061815,15,11.819120837638648,39.87604845045642,7762.382610686937,1194.7161570316941,6.4972609309752665,2.0015121805366576,252.45770128498276,0.0,0.0,0.024879262403044052,0.4695869654344837,3.9199454616283598,0.9463414634146341,162.11842099261344,5134,620.6249935626984
core,100,3000000.0,38,6,exclude,launch,0,0.0,prior,0.0,sa,12600.0,43200.0,590792.3253683664,0,524021.93202772795,66770.39334063855,0,2,0.9202744153156034,11,12.086219898935804,40.54649107607378,7584.090639439221,1174.9465114235677,6.454839063482406,2.001537435661305,252.47043389318839,0.0,0.0,0.021973224679860303,0.4724374011171929,4.073236714975845,0.963963963963964,154.00194315636236,5175,625.8441786766052
core,100,3000000.0,38,7,exclude,launch,0,0.0,prior,0.0,sa,12600.0,43200.0,490581.552804972,0,453576.8351913546,37004.717613617366,0,4,0.9091213442943619,13,11.455330726058184,40.31732798988323,8018.5908986554505,1181.6067541557206,6.786175578680471,2.0015681557236076,252.4859221338286,0.0,0.0,0.027066356228172293,0.4667938171257165,3.9918777799265133,0.9336283185840708,158.0338524406546,5171,627.6628611087799
core,100,3000000.0,39,3,exclude,launch,0,0.0,prior,0.0,sa,12600.0,43200.0,472119.9448850341,0,413874.36627827835,58245.57860675574,0,3,0.9012744416290532,16,11.833486966743308,37.94233403119453,7762.382610686937,1257.086177470675,6.174900933446956,2.0015376535429805,252.1697257265438,0.0,0.0,0.01768555911432948,0.4655038221008177,3.7743428359866718,0.9317073170731708,159.76854129089625,5402,631.1889197826385
core,100,3000000.0,39,10,exclude,launch,0,0.0,prior,0.0,sa,12600.0,43200.0,847349.3030067194,0,802215.959422957,45133.343583762464,0,5,0.9464419592204989,18,11.596662453328983,38.49707066326278,7927.135773030543,1238.951989355272,6.398259045659775,2.001569603978859,252.18581510897963,0.0,0.0,0.019594314888919554,0.4607310319150631,3.70850128252107,0.9483568075117371,161.19351395324267,5458,632.0838389396667
core,100,3000000.0,38,11,exclude,launch,0,0.0,prior,0.0,sa,12600.0,43200.0,83974.90646873895,0,81265.24562047153,2709.6608482674187,0,1,0.39842037857602736,12,11.455330726058188,43.52002661674554,8018.590898655449,1094.7792697503705,7.324390514339783,2.001333071031894,252.36741075952483,0.0,0.0,0.0156794425087108,0.47693071145586174,4.276780544296468,0.9660194174757282,147.09228412638137,5181,641.9144926071167
core,100,3000000.0,39,7,exclude,launch,0,0.0,prior,0.0,sa,12600.0,43200.0,765696.0569156791,0,711997.6088084223,53698.44810725688,0,5,0.9447688492696329,16,11.469246706897149,39.67121463308652,8018.5908986554505,1202.3026706433193,6.669361296822972,2.0015366611236516,252.1692259790104,0.0,0.0,0.016965517241379312,0.46241053629941603,3.8698604992657857,0.9247787610619469,154.4164312587235,5448,646.3454687595367
core,100,3000000.0,40,10,exclude,launch,0,0.0,prior,0.0,sa,12600.0,43200.0,1046030.498078168,0,987459.1223325796,58571.375745588484,0,7,0.9587807490823517,22,11.610063462751304,38.359448887391025,7927.135773030543,1244.8121430762687,6.3681382103491035,2.0015624126615323,251.8964024657156,0.0,0.0,0.021822510249966936,0.4499160636386987,3.607812226309336,0.9389671361502347,157.8691989926307,5709,647.7038996219635
core,100,3000000.0,39,9,exclude,launch,0,0.0,prior,0.0,sa,12600.0,43200.0,668447.7094995962,0,645755.4421270208,22692.267372575334,0,5,0.933818103253674,16,11.62088018591709,41.62869561997566,7909.979841733408,1145.8319102672253,6.903263708102422,2.001424182654991,252.11258897952294,0.0,0.0,0.020478760204787602,0.45954400527846184,3.9186902133922,0.9545454545454546,152.94398934580119,5436,647.9955596923828
core,100,3000000.0,39,6,exclude,launch,0,0.0,prior,0.0,sa,12600.0,43200.0,836672.1451344161,0,759107.2701300367,77564.87500437924,0,3,0.945793720760185,17,12.100916854242158,40.6799121894658,7584.090639439221,1172.4930795417215,6.4683457597920535,2.0015321199228238,252.1669391960177,0.0,0.0,0.023214038966422552,0.4582566559327901,3.891148982957669,0.9684684684684685,153.19094437499456,5457,651.9010162353516
core,100,3000000.0,40,6,exclude,launch,0,0.0,prior,0.0,sa,12600.0,43200.0,835479.6153441197,0,757750.186353238,77729.42899088177,0,3,0.9471466213089833,21,12.114911643516066,39.16849138796729,7584.090639439221,1219.1053206409238,6.221029890552865,2.001553673963386,251.89200685942174,0.0,0.0,0.015906680805938492,0.45577121422078015,3.820950704225352,0.963963963963964,149.76883230450468,5680,660.723940372467
core,100,3000000.0,40,7,exclude,launch,0,0.0,prior,0.0,sa,12600.0,43200.0,1001123.0389377803,0,948494.8676361138,52628.1713016665,0,6,0.9588415174956136,20,11.482497825134121,39.13105770423651,8018.5908986554505,1220.2781604931,6.571117273306959,2.001542823374339,251.88654901544143,0.0,0.0,0.018261214767764985,0.4545910367916309,3.687456078706957,0.9292035398230089,155.19415779995066,5692,663.306193113327
core,100,3000000.0,40,3,exclude,launch,0,0.0,prior,0.0,sa,12600.0,43200.0,1440727.0210273846,0,1353311.333477848,87415.6875495367,0,9,0.9728719349216802,17,11.847166731685617,40.69345191364711,7762.382610686937,1173.5333422592912,6.614539469106831,2.001360607423381,251.794903264941,0.0,0.0,0.019834493629318273,0.4487576169898992,3.709243403809191,0.9024390243902439,153.6840397512186,5723,671.2169454097748
core,100,3000000.0,39,1,exclude,launch,0,0.0,prior,0.0,sa,12600.0,43200.0,576525.2143112323,0,556565.8869517886,19959.327359443763,0,4,0.9225573337586362,12,13.124943384641366,42.91150901686454,6968.561876837692,1111.5568435210387,6.269190745804442,2.0014622112925826,252.1317370697831,0.0,0.0,0.018531228551818806,0.46021414922865933,4.024617067833698,0.967032967032967,147.76811432250565,5484,671.4665043354034
core,100,3000000.0,40,9,exclude,launch,0,0.0,prior,0.0,sa,12600.0,43200.0,945087.7226616807,0,912749.7751607065,32337.947500974155,0,7,0.9563394211265042,18,11.634309691607923,41.644143018202264,7909.979841733408,1146.73181099546,6.897846354211521,2.0013798475964126,251.8045793476893,0.0,0.0,0.01810310901219992,0.4492828266107803,3.8128276826284515,0.9431818181818182,149.23146152821585,5722,671.8475425243378
core,100,3000000.0,40,1,exclude,launch,0,0.0,prior,0.0,sa,12600.0,43200.0,1003306.8032601429,0,964769.0890519022,38537.71420824071,0,6,0.9581353369792709,17,13.140146844992438,42.9812046120562,6968.561876837692,1111.025879273487,6.272186820161667,2.0014399014542175,251.8347822519634,0.0,0.0,0.01896416426889877,0.44804212742822724,3.8626870866689873,0.945054945054945,146.1746815982458,5746,680.0185189247131
core,100,3000000.0,40,8,exclude,launch,0,0.0,prior,0.0,sa,12600.0,43200.0,194131.12629462956,0,189840.9586990155,4290.167595614083,0,1,0.7821008890754603,12,13.645064123363339,40.85531661515208,6699.414751861177,1168.8024280836366,5.731862452446739,2.001500147203209,251.86508348406565,0.0,0.0,0.012712975098296199,0.45407010416720955,4.046317255789657,0.9888888888888889,140.19173401171096,5743,683.259742975235
core,100,3000000.0,41,8,exclude,launch,0,0.0,prior,0.0,sa,12600.0,43200.0,364066.5623319148,0,344971.46314779535,19095.09918411946,0,2,0.8871002458003912,15,13.660127000958699,40.50869020906754,6699.414751861177,1180.0751555920212,5.677108546955392,2.0015036832940325,251.59504372743658,0.0,0.0,0.012233179378354763,0.4439442902802176,3.8653527658164957,0.9833333333333333,139.55029501430957,6038,705.677036523819
core,100,3000000.0,41,1,exclude,launch,0,0.0,prior,0.0,sa,12600.0,43200.0,1700029.685159939,0,1637106.721750388,62922.963409551165,0,10,0.9780997635915593,21,13.154640901443914,45.05585440191349,6968.561876837692,1061.0761058678154,6.567447743193085,2.0013198243458405,251.50267511253745,0.0,0.0,0.020234423195558297,0.43203599310070734,3.758191349934469,0.9230769230769231,142.03870101442166,6104,715.0693292617798
core,100,3000000.0,42,8,exclude,launch,0,0.0,prior,0.0,sa,12600.0,43200.0,497748.09886260313,0,474359.85612739867,23388.242735204465,0,4,0.9208412110212222,18,13.674503064685,41.746889155084325,6699.414751861177,1146.2724877967385,5.844521981626016,2.001471288969569,251.31991011097534,0.0,0.0,0.016056137012369173,0.4287169730541378,3.73878002528445,0.9666666666666667,137.79257780702514,6328,724.7748281955719
core,100,3000000.0,38,12,exclude,launch,0,0.0,prior,0.0,sa,12600.0,43200.0,743886.035575446,0,676524.2822601913,67361.75331525475,0,3,0.9348459674889804,20,11.455330726058184,38.35670068951951,8018.5908986554505,1241.9530365999597,6.45643648539851,2.0016524486360163,252.52842282474276,0.0,0.0,0.024458113649677798,0.47160299894726926,3.7705173084402954,0.9333333333333333,168.1946978718519,5142,544.0729982852936
core,100,3000000.0,39,12,exclude,launch,0,0.0,prior,0.0,sa,12600.0,43200.0,1270709.8447826265,0,1178067.7664203835,92642.0783622431,0,7,0.96589922821642,23,11.469246706897149,38.18973169015362,8018.5908986554505,1248.926143356252,6.420388380298461,2.0015640632129275,252.18302489110113,0.0,0.0,0.01674740484429066,0.46369875279556044,3.643986759838176,0.9,164.59543926508994,5438,569.6119911670685
core,100,3000000.0,39,11,exclude,launch,0,0.0,prior,0.0,sa,12600.0,43200.0,255389.65763149186,0,236830.97044139,18558.68719010185,0,2,0.8083847699388409,12,11.46924670689715,42.11549460984401,8018.590898655449,1132.6307487978622,7.079616112458647,2.001347972361642,252.07421794035497,0.0,0.0,0.013798813302056023,0.4651317028818731,4.075416437854659,0.9563106796116505,145.98730647855163,5463,598.7888867855072
core,100,3000000.0,40,12,exclude,launch,0,0.0,prior,0.0,sa,12600.0,43200.0,1491061.9587191476,0,1388337.4320141773,102724.52670497021,0,8,0.9717053712822366,26,11.482497825134121,37.21524000063721,8018.5908986554505,1283.0699057677489,6.249535479407395,2.0015856055864143,251.90806880205136,0.0,0.0,0.013883379611265371,0.45641863803471894,3.486206290634335,0.8904761904761904,164.0600945657035,5691,585.8153927326202
core,100,3000000.0,40,11,exclude,launch,0,0.0,prior,0.0,sa,12600.0,43200.0,894981.9484966076,0,850201.0257107309,44780.92278587657,0,6,0.9512010102253761,15,11.482497825134125,43.10929573164347,8018.590898655449,1107.8285499183821,7.238115409867536,2.001252239354434,251.74040731063653,0.0,0.0,0.01358766657956624,0.4538886471572376,3.9774501300954035,0.9320388349514563,142.3040522659621,5765,612.7119054794312
core,100,3000000.0,41,6,exclude,launch,0,0.0,prior,0.0,sa,12600.0,43200.0,1102956.1704853885,0,1013490.7649897975,89465.40549559094,0,5,0.9618964877200402,27,12.128253412818461,38.98692014980163,7584.090639439221,1226.1191522329327,6.185443417654428,2.001532549391008,251.60954726190283,0.0,0.0,0.01602119338968084,0.4447256584495333,3.6593001841620625,0.9324324324324325,149.1677594922421,5973,551.0668234825134
core,100,3000000.0,42,6,exclude,launch,0,0.0,prior,0.0,sa,12600.0,43200.0,1306233.1316042691,0,1197893.1497935548,108339.98181071428,0,8,0.9693262460334006,30,12.14098682635217,39.52679857203605,7584.090639439221,1210.6466496807373,6.26449562425109,2.001484849847274,251.32671638026704,0.0,0.0,0.016200648025921038,0.43283779948505247,3.5196422868093262,0.8963963963963963,147.30050463188343,6262,566.9939274787903
core,100,3000000.0,43,6,exclude,launch,0,0.0,prior,0.0,sa,12600.0,43200.0,1566561.342339857,0,1450558.8020825814,116002.54025727572,0,10,0.9757991996362827,30,12.153152565973013,38.819185696217026,7584.090639439221,1233.9146369737327,6.146365730809197,2.0015043559524734,251.08967249923384,0.0,0.0,0.01686166551961459,0.42348763126145095,3.3895233744479976,0.8783783783783784,146.34530422845336,6567,581.7372117042542
