layout,M,Emax,K,seed,coord,replan,divert,q,belief,tau,planner,L,Th,J,n_diverts,J_age,J_event,n_replans,n_never,share_never,n_reach_inf,K_reach_i,K_commute_i,r_max,r_c,rmax_over_rc,regime_bnd,P_bar,dup_frac,trunc_frac,empty_frac,T_s_over_t_c,mean_n,catch_rate,T_rev,n_sorties,secs
paper,50,1500000.0,2,13,exclude,launch,0,0.0,prior,0.0,cyc,12600.0,43200.0,467415.295632613,0,315375.8388863688,152039.45674624425,0,0,0.0,0,4.616046259841628,5.768311228436745,8332.091090158548,3445.845686713863,2.418010511116202,2.0124054364728456,307.48943033993186,0.0,0.0,0.0,3.723582671288329,21.944444444444443,0.7612293144208038,2082.2993468928735,36,0.62406325340271
paper,50,1500000.0,3,13,exclude,launch,0,0.0,prior,0.0,cyc,12600.0,43200.0,319863.55740312394,0,228348.25240780154,91515.3049953224,0,0,0.0,0,4.616046259841628,5.521191929190188,8332.091090158548,3605.6632643275493,2.3108345065363363,2.009287033735754,305.59809494013496,0.0,0.0,0.0,2.5993658945110827,14.714285714285714,0.830952380952381,1437.7707910389158,77,0.8808634281158447
paper,50,3000000.0,6,13,exclude,launch,0,0.0,prior,0.0,cyc,12600.0,43200.0,144299.14273837567,0,115883.40729512453,28415.735443251142,0,0,0.0,0,9.232092519683256,12.199978778371088,8332.091090158548,3269.310459052341,2.5485775041914285,2.005740518602383,303.4541972275772,0.0,0.0,0.0,1.606416652968818,8.289156626506024,0.9144893111638955,803.4346582090143,249,0.773841381072998
paper,50,1500000.0,6,13,exclude,launch,0,0.0,prior,0.0,cyc,12600.0,43200.0,918701.2083749975,0,838538.116787019,80163.0915879785,0,4,0.7787964546611988,5,4.616046259841628,5.019318213717454,8332.091090158548,3968.2837241924294,2.099671210342749,2.0082258160429802,304.9557888406599,0.0,0.0,0.0,1.3105858698886688,4.715686274509804,0.8588516746411483,1131.890389354488,306,0.9418411254882812
paper,50,1500000.0,6,15,exclude,launch,0,0.0,prior,0.0,cyc,12600.0,43200.0,819447.8131489576,0,745926.8777591311,73520.93538982651,0,3,0.828781919059321,4,4.999659041031505,5.996686510160033,7667.212238219762,3322.7021659023885,2.3075231710204998,2.0075077522165605,304.5215612329397,0.0,0.0,0.0,1.2925373403248313,6.255591054313099,0.8616071428571429,842.1683364175959,313,0.9108412265777588
paper,50,1500000.0,7,13,exclude,launch,0,0.0,prior,0.0,cyc,12600.0,43200.0,2246893.8706185985,0,1985103.0188694666,261790.85174913178,0,11,0.9484434777679782,14,4.616046259841628,5.107305025544659,8332.091090158548,3900.875003783545,2.1359543902527176,2.007733940630637,304.6583085296856,0.0,0.0,0.0017953321364452424,1.1303095832409005,3.9808153477218227,0.7571428571428571,992.6247717989555,417,0.9728410243988037
paper,50,3000000.0,4,13,exclude,launch,0,0.0,prior,0.0,cyc,12600.0,43200.0,193944.67385512457,0,150161.63987732487,43783.033977799714,0,0,0.0,0,9.232092519683256,13.188258596789124,8332.091090158548,3022.310596672937,2.7568612899451166,2.00707424886584,304.2595628186087,0.0,0.0,0.0,2.1050403612547703,12.421875,0.8875598086124402,1043.339492345258,128,0.9018409252166748
paper,50,3000000.0,5,13,exclude,launch,0,0.0,prior,0.0,cyc,12600.0,43200.0,162102.8566126294,0,128617.26016504646,33485.59644758292,0,0,0.0,0,9.232092519683256,12.589065638897695,8332.091090158548,3167.40817097324,2.6305706875784094,2.0062842153544382,303.78237662144926,0.0,0.0,0.0,1.7922225382514723,10.127659574468085,0.9023809523809524,868.5460984247867,188,0.9528405666351318
paper,50,1500000.0,2,15,exclude,launch,0,0.0,prior,0.0,cyc,12600.0,43200.0,417783.60870905535,0,272027.8949492086,145755.71375984675,0,0,0.0,0,4.999659041031505,9.426192839895263,7667.212238219762,2108.138943233519,3.63695773603024,2.0129103832579363,307.796233353522,0.0,0.0,0.0,3.611569707686948,23.54054054054054,0.7820224719101123,1848.9571814343044,37,1.0038411617279053
paper,50,1500000.0,8,15,exclude,launch,0,0.0,prior,0.0,cyc,12600.0,43200.0,2946510.8693168852,0,2566494.955267175,380015.9140497101,0,15,0.9667191539395572,20,4.999659041031505,5.907083577982219,7667.212238219762,3373.062960034493,2.2730711905067307,2.0075317755351474,304.53608361390184,0.0,0.0,0.0,0.9431829409188857,2.819298245614035,0.7152466367713004,1019.8752566476848,570,0.9698421955108643
paper,50,1500000.0,5,15,exclude,launch,0,0.0,prior,0.0,cyc,12600.0,43200.0,213701.94705567046,0,158718.65566061364,54983.2913950568,0,0,0.0,1,4.999659041031505,5.594488186799522,7667.212238219762,3559.98514553091,2.1537202894919187,2.0084056958194494,305.06461420833233,0.0,0.0,0.0,1.5907117754187017,7.847619047619047,0.8603603603603603,987.8387970498995,210,1.0338420867919922
paper,50,1500000.0,4,13,exclude,launch,0,0.0,prior,0.0,cyc,12600.0,43200.0,230879.6230714951,0,181398.3263786554,49481.296692839715,0,0,0.0,0,4.616046259841628,5.352983984463067,8332.091090158548,3720.4129499684796,2.239560823544908,2.0085049200083915,305.1246521043397,0.0,0.0,0.0,1.8553224159748836,9.732876712328768,0.8483412322274881,1165.8136014255933,146,1.1163990497589111
paper,50,1500000.0,2,14,exclude,launch,0,0.0,prior,0.0,cyc,12600.0,43200.0,317255.8360011612,0,222053.34115627393,95202.49484488725,0,0,0.0,0,4.665748476569164,19.163269513643495,8239.782041589951,1037.762103687346,7.9399527235698795,2.0113728164125337,306.8624921334663,0.0,0.0,0.0,3.1094179991499256,23.636363636363637,0.823394495412844,1630.383571237902,44,1.1118440628051758
paper,50,1500000.0,5,13,exclude,launch,0,0.0,prior,0.0,cyc,12600.0,43200.0,436967.2462687375,0,379864.14196048246,57103.10430825496,0,1,0.4721527581075381,1,4.616046259841628,5.070981801673446,8332.091090158548,3928.0297689140607,2.121188376956224,2.008136217452898,304.90158988207077,0.0,0.0,0.0,1.5606122824310726,7.050925925925926,0.8574821852731591,1083.306856612782,216,1.3843474388122559
paper,50,1500000.0,7,15,exclude,launch,0,0.0,prior,0.0,cyc,12600.0,43200.0,1481618.500133602,0,1312520.7154654171,169097.7846681848,0,7,0.900032392720406,9,4.999659041031505,5.842460722356797,7667.212238219762,3409.8810795213644,2.248527751969575,2.0078208361121668,304.71085131054815,0.0,0.0,0.0,1.0898274847084797,3.861431870669746,0.8445945945945946,979.9443135158789,433,1.3423492908477783
paper,50,1500000.0,3,15,exclude,launch,0,0.0,prior,0.0,cyc,12600.0,43200.0,283852.4790058979,0,199066.75323073877,84785.72577515911,0,0,0.0,0,4.999659041031505,7.283094577552766,7667.212238219762,2733.0153126318014,2.805404054189691,2.0095646229194655,305.76621835515675,0.0,0.0,0.0,2.623462049687036,15.285714285714286,0.8267543859649122,1392.9489945300338,77,1.4283475875854492
paper,50,3000000.0,8,13,exclude,launch,0,0.0,prior,0.0,cyc,12600.0,43200.0,125924.7384162908,0,103917.57852090495,22007.159895385845,0,0,0.0,0,9.232092519683256,10.76544659549981,8332.091090158548,3705.6303307843364,2.2484949513015704,2.0053761412689495,303.23435562985264,0.0,0.0,0.0,1.4293195164793333,6.098404255319149,0.9170616113744076,718.9314531830247,376,0.863551139831543
paper,50,3000000.0,7,13,exclude,launch,0,0.0,prior,0.0,cyc,12600.0,43200.0,133787.6567694442,0,108405.08316949276,25382.57359995145,0,0,0.0,0,9.232092519683256,11.526803471011492,8332.091090158548,3460.7214319971877,2.407616808773333,2.0054620858348513,303.28620181541095,0.0,0.0,0.0,1.4957056717424095,7.07667731629393,0.8995215311004785,738.5789786935935,313,1.1313519477844238
paper,50,1500000.0,3,14,exclude,launch,0,0.0,prior,0.0,cyc,12600.0,43200.0,220235.30445137114,0,161708.6121127693,58526.692338601824,0,0,0.0,0,4.665748476569164,12.876972625009694,8239.782041589951,1546.6629741647077,5.327458004249397,2.008401466845607,305.0620555009116,0.0,0.0,0.0,2.089840166546552,15.216494845360824,0.8732394366197183,1133.7516200365824,97,1.7668571472167969
paper,50,1500000.0,4,15,exclude,launch,0,0.0,prior,0.0,cyc,12600.0,43200.0,179373.61768473254,0,141010.87611183035,38362.74157290221,0,0,0.0,0,4.999659041031505,9.046386144715667,7667.212238219762,2202.7298355524504,3.480777403778528,2.0073524638708857,304.4276959400232,0.0,0.0,0.0,1.9521939808485067,12.03623188405797,0.8561946902654868,1002.0696805139671,138,1.7998573780059814
paper,50,1500000.0,5,14,exclude,launch,0,0.0,prior,0.0,cyc,12600.0,43200.0,241584.2235718117,0,204331.3537097384,37252.86986207329,0,1,0.4248304775100655,1,4.665748476569164,7.002712653377634,8239.782041589951,2846.099851535614,2.8951134785886636,2.006982347468794,304.20403443412886,0.0,0.0,0.0,1.446320062162552,8.679487179487179,0.8794326241134752,813.2649512199122,234,1.8488574028015137
paper,50,3000000.0,10,13,exclude,launch,0,0.0,prior,0.0,cyc,12600.0,43200.0,313104.1912373329,0,297230.93918039656,15873.252056936308,0,1,0.6589349370032981,1,9.232092519683256,10.345084872765247,8332.091090158548,3857.286786041948,2.1600911605300426,2.0048135985387545,302.89511034252047,0.0,0.0,0.0,1.3430641566493424,5.061630218687872,0.9119047619047619,648.7377686784957,503,1.044015645980835
paper,50,1500000.0,6,14,exclude,launch,0,0.0,prior,0.0,cyc,12600.0,43200.0,457940.51664961857,0,423663.6676845502,34276.848965068355,0,4,0.7891153637928495,4,4.665748476569164,11.450715401154168,8239.782041589951,1742.459133790076,4.7288236962363355,2.0047709901713073,302.86942280694893,0.0,0.0,0.0,1.161262308312116,7.2844827586206895,0.9014084507042254,646.6477140001826,348,1.9818565845489502
paper,50,1500000.0,4,14,exclude,launch,0,0.0,prior,0.0,cyc,12600.0,43200.0,166209.47806577143,0,129577.92886276235,36631.54920300909,0,0,0.0,0,4.665748476569164,9.718476509620297,8239.782041589951,2050.4426170561164,4.018538228307047,2.0073087709984927,304.40128803914814,0.0,0.0,0.0,1.583644894404465,11.609467455621301,0.9004739336492891,834.5300461367159,169,2.0778560638427734
paper,50,3000000.0,9,13,exclude,launch,0,0.0,prior,0.0,cyc,12600.0,43200.0,114792.66770180012,0,97174.15637213599,17618.51132966414,0,0,0.0,0,9.232092519683256,10.023176721666065,8332.091090158548,3979.8180237486413,2.093585948010368,2.0054940825200855,303.3055049948724,0.0,0.0,0.0,1.3791414404603788,5.628701594533029,0.919047619047619,668.2371824244482,439,1.2440180778503418
paper,50,3000000.0,14,13,exclude,launch,0,0.0,prior,0.0,cyc,12600.0,43200.0,2176873.201535109,0,1949329.5953033185,227543.60623179076,0,11,0.9693231468838336,14,9.232092519683256,10.976101933869856,8332.091090158548,3634.430450463485,2.2925438259785627,2.005420697475417,303.2612336735863,0.0,0.0,0.0,0.9454677098419149,2.641206030150754,0.8023809523809524,622.4897208743982,995,1.1100151538848877
paper,50,3000000.0,12,13,exclude,launch,0,0.0,prior,0.0,cyc,12600.0,43200.0,804615.5794966005,0,761486.6938415514,43128.88565504914,0,4,0.8892212159538864,5,9.232092519683256,10.327703520813985,8332.091090158548,3863.9305721793235,2.1563770193363245,2.004734713559932,302.8475533897077,0.0,0.0,0.0,1.1862769980063974,3.898230088495575,0.9144893111638955,622.356048143173,678,1.2030153274536133
paper,50,1500000.0,7,14,exclude,launch,0,0.0,prior,0.0,cyc,12600.0,43200.0,466619.6470700974,0,431187.6139835125,35432.03308658489,0,4,0.7755718956394014,5,4.665748476569164,7.698117349523561,8239.782041589951,2590.4528839415257,3.1808268325083917,2.005856067805981,303.523928742633,0.0,0.0,0.0,1.0342996906480981,5.92967032967033,0.9056603773584906,608.5558704570312,455,2.309856653213501
paper,50,3000000.0,13,13,exclude,launch,0,0.0,prior,0.0,cyc,12600.0,43200.0,1040495.405928081,0,982326.2931263492,58169.11280173169,0,6,0.9216021136245707,8,9.232092519683256,10.245694634309293,8332.091090158548,3894.7425506917084,2.139317549674436,2.0047943225985563,302.88348921788753,0.0,0.0,0.0,1.1258361328848718,3.4516129032258065,0.9097387173396675,616.1308045123995,775,1.4867050647735596
paper,50,3000000.0,11,13,exclude,launch,0,0.0,prior,0.0,cyc,12600.0,43200.0,529172.3600611773,0,499766.41933884297,29405.940722334348,0,2,0.8019366688073742,3,9.232092519683256,9.808458178835515,8332.091090158548,4067.1514246672264,2.0486306557519627,2.005390255587627,303.2428698091661,0.0,0.0,0.0,1.2362468550388659,4.411371237458194,0.9142857142857143,622.8022508017549,598,1.567704200744629
paper,50,3000000.0,7,14,exclude,launch,0,0.0,prior,0.0,cyc,12600.0,43200.0,91966.88775827139,0,79824.99014889557,12141.897609375817,0,0,0.0,0,9.331496953138329,19.0475612627047,8239.782041589951,2095.0886161765093,3.932903829446304,2.00469455524855,302.8233448038245,0.0,0.0,0.0,1.2387335802479267,7.531578947368421,0.9196217494089834,579.2700892244926,380,1.5907237529754639
paper,50,3000000.0,5,14,exclude,launch,0,0.0,prior,0.0,cyc,12600.0,43200.0,120700.95024015314,0,101566.22199234515,19134.72824780799,0,0,0.0,0,9.331496953138329,23.977220270958977,8239.782041589951,1663.7093785922173,4.952657085194901,2.0054585454412237,303.2840659802343,0.0,0.0,0.0,1.5746193784708613,10.395348837209303,0.8992974238875878,737.0118666965735,215,1.6717236042022705
paper,50,3000000.0,4,14,exclude,launch,0,0.0,prior,0.0,cyc,12600.0,43200.0,140967.6107935201,0,115514.49647220495,25453.11432131516,0,0,0.0,0,9.331496953138329,26.051542254611096,8239.782041589951,1530.3238193251061,5.384338881442628,2.0066573042126827,304.00767843742364,0.0,0.0,0.0,1.5921869740278078,12.9,0.9058823529411765,763.021215115937,170,1.7245008945465088
paper,50,3000000.0,4,15,exclude,launch,0,0.0,prior,0.0,cyc,12600.0,43200.0,178112.5432969665,0,136653.9461369412,41458.59716002529,0,0,0.0,0,9.99931808206301,17.368626594078563,7667.212238219762,2294.4492247694375,3.341635175644481,2.0074561022832196,304.4903394083093,0.0,0.0,0.0,1.9365239872167732,12.345323741007194,0.8625277161862528,960.7946944923879,139,1.1339912414550781
paper,50,3000000.0,8,14,exclude,launch,0,0.0,prior,0.0,cyc,12600.0,43200.0,86374.63991959006,0,75697.25258992473,10677.387329665326,0,0,0.0,0,9.331496953138329,18.499575392395805,8239.782041589951,2157.3653846968673,3.8193725087267625,2.0044928912560502,302.7017905751817,0.0,0.0,0.0,1.1025293937544651,6.676229508196721,0.9225352112676056,503.74687708018047,488,1.876007080078125
paper,50,3000000.0,6,15,exclude,launch,0,0.0,prior,0.0,cyc,12600.0,43200.0,137549.9123858634,0,110450.50768600934,27099.40469985407,0,0,0.0,0,9.99931808206301,13.308325813821867,7667.212238219762,2996.439456434246,2.5587742885163185,2.006139158585073,303.69480193148354,0.0,0.0,0.0,1.6028271668659928,8.601593625498008,0.8546255506607929,771.486420852129,251,1.088991641998291
paper,50,3000000.0,9,15,exclude,launch,0,0.0,prior,0.0,cyc,12600.0,43200.0,109825.94877234833,0,91019.51727165873,18806.431500689596,0,0,0.0,0,9.99931808206301,10.888799456879571,7667.212238219762,3662.9465419018247,2.0931815822348576,2.005762037044419,303.4671825479217,0.0,0.0,0.0,1.34406896324845,5.787139689578714,0.8995535714285714,633.9036017596362,451,1.0589888095855713
paper,50,3000000.0,5,15,exclude,launch,0,0.0,prior,0.0,cyc,12600.0,43200.0,152526.8511767545,0,119531.46531200291,32995.385864751595,0,0,0.0,0,9.99931808206301,17.74158537107542,7667.212238219762,2247.7049742805884,3.4111292745053285,2.006126223492944,303.6869932800519,0.0,0.0,0.0,1.7632072065328572,10.073298429319372,0.8789237668161435,857.2832462739866,191,1.3989925384521484
paper,50,3000000.0,11,14,exclude,launch,0,0.0,prior,0.0,cyc,12600.0,43200.0,258637.16740404573,0,237617.53611179616,21019.63129224958,0,2,0.722259919404489,3,9.331496953138329,13.933740416339774,8239.782041589951,2864.106307661786,2.876912082330068,2.0046249797553095,302.7814049845069,0.0,0.0,0.0,0.9963889549357683,4.778677462887989,0.9127358490566038,465.3756977255935,741,1.8085014820098877
paper,50,3000000.0,6,14,exclude,launch,0,0.0,prior,0.0,cyc,12600.0,43200.0,101215.25174617427,0,84998.91376613555,16216.337980038727,0,0,0.0,0,9.331496953138329,20.285009208970664,8239.782041589951,1966.8027378206598,4.18942982086762,2.005182813617808,303.11774663778374,0.0,0.0,0.0,1.2983688288117003,8.784565916398714,0.9174528301886793,604.9898691172475,311,2.301007032394409
paper,50,3000000.0,10,14,exclude,launch,0,0.0,prior,0.0,cyc,12600.0,43200.0,181135.66848853955,0,160469.4374167914,20666.231071748174,0,1,0.5603914019607613,1,9.331496953138329,20.87348812848204,8239.782041589951,1911.8081049356788,4.30994199695956,2.0047058574398324,302.8301579921727,0.0,0.0,0.0,0.7102370353154975,4.265263157894736,0.9341176470588235,408.00713498830197,950,2.0215017795562744
paper,50,3000000.0,9,14,exclude,launch,0,0.0,prior,0.0,cyc,12600.0,43200.0,85675.2574209715,0,74142.112181546,11533.145239425492,0,0,0.0,0,9.331496953138329,15.176573304051395,8239.782041589951,2629.55640147585,3.133525501474445,2.0046279098455617,302.7831711721986,0.0,0.0,0.0,1.120608621684158,6.159259259259259,0.9154929577464789,496.3195110566993,540,2.080501079559326
paper,50,3000000.0,10,15,exclude,launch,0,0.0,prior,0.0,cyc,12600.0,43200.0,104839.83047711938,0,87994.40003108632,16845.430446033046,0,0,0.0,1,9.99931808206301,10.701125032551907,7667.212238219762,3728.04615898922,2.056630178714998,2.0052996020550182,303.1881869675933,0.0,0.0,0.0,1.3443381615250865,5.197604790419161,0.9050772626931567,633.3376935666744,501,1.305992603302002
paper,50,3000000.0,11,15,exclude,launch,0,0.0,prior,0.0,cyc,12600.0,43200.0,345912.50947618985,0,317932.5412500601,27979.968226129724,0,1,0.7314791926516635,3,9.99931808206301,10.56044908074327,7667.212238219762,3776.243400592615,2.030380837478995,2.0060771022245145,303.65734068614273,0.0,0.0,0.0,1.1668898169033537,4.531446540880503,0.9174107142857143,571.0722757134808,636,1.4259936809539795
paper,50,3000000.0,7,15,exclude,launch,0,0.0,prior,0.0,cyc,12600.0,43200.0,118313.64674182596,0,97319.33917634786,20994.307565478106,0,0,0.0,0,9.99931808206301,13.380302389115478,7667.212238219762,2981.108881076106,2.5719329766486387,2.0056087709849213,303.3747000845412,0.0,0.0,0.0,1.4476729720572905,7.305555555555555,0.8982300884955752,697.0096165841898,324,1.6795015335083008
paper,50,3000000.0,8,15,exclude,launch,0,0.0,prior,0.0,cyc,12600.0,43200.0,110388.33520936384,0,93326.76573907246,17061.569470291368,0,0,0.0,0,9.99931808206301,12.692337595432736,7667.212238219762,3142.7603750541675,2.439642646343221,2.005566667803415,303.3492970191792,0.0,0.0,0.0,1.3193497301919233,6.269607843137255,0.9056179775280899,640.5166885916498,408,1.6185026168823242
paper,50,3000000.0,13,15,exclude,launch,0,0.0,prior,0.0,cyc,12600.0,43200.0,1006132.317659066,0,942080.4457516772,64051.871907388784,0,5,0.9264417365665849,7,9.99931808206301,11.044856563688025,7667.212238219762,3611.5465690659667,2.1229719987253794,2.0055647488335615,303.34813922901105,0.0,0.0,0.0,1.0383244290252158,3.4530321046373365,0.8926174496644296,565.3343805049255,841,1.3634967803955078
paper,50,3000000.0,12,14,exclude,launch,0,0.0,prior,0.0,cyc,12600.0,43200.0,425063.5101293693,0,398798.1427577738,26265.367371595476,0,4,0.8513953223380635,4,9.331496953138329,13.65356074211465,8239.782041589951,2922.2704367940883,2.819650754373542,2.0050428374425673,303.03333152838195,0.0,0.0,0.0,0.8999714162027265,4.197986577181208,0.9316037735849056,436.45068173010424,894,2.1551883220672607
paper,50,3000000.0,14,15,exclude,launch,0,0.0,prior,0.0,cyc,12600.0,43200.0,1395838.6354874002,0,1256524.2531989082,139314.3822884923,0,7,0.9538776165773941,9,9.99931808206301,11.512345824706614,7667.212238219762,3464.9618517997887,2.2127840265361707,2.0055232558029923,303.32310538819496,0.0,0.0,0.0,0.9569997949917383,3.0862944162436547,0.8485523385300668,540.3619614966424,985,1.3645012378692627
paper,50,3000000.0,14,14,exclude,launch,0,0.0,prior,0.0,cyc,12600.0,43200.0,421428.59748592286,0,395879.7140222055,25548.883463717375,0,4,0.8587387908169486,5,9.331496953138329,15.817311917255022,8239.782041589951,2523.046997651433,3.2658060072840165,2.004619578476084,302.77814923723946,0.0,0.0,0.0,0.7536447242879287,3.501202886928629,0.9267139479905437,376.529948619261,1247,2.1341869831085205
paper,50,3000000.0,12,15,exclude,launch,0,0.0,prior,0.0,cyc,12600.0,43200.0,750051.6552957249,0,704506.9927299954,45544.662565729435,0,3,0.891145717375356,4,9.99931808206301,10.813548652214253,7667.212238219762,3688.5948127798665,2.078626855857192,2.005676090095693,303.41531945704827,0.0,0.0,0.0,1.1066490821819912,3.9465753424657533,0.915929203539823,571.5575882658388,730,1.671694278717041
paper,50,3000000.0,15,15,exclude,launch,0,0.0,prior,0.0,cyc,12600.0,43200.0,1907720.5274826232,0,1733671.1945122336,174049.33297038978,0,9,0.9671835357946906,14,9.99931808206301,13.240726056180373,7667.212238219762,3011.433117773463,2.5460343757820536,2.0063419994624656,303.81726596463375,0.0,0.0,0.12430939226519337,0.8045661997121817,2.6703499079189688,0.8340807174887892,565.3820589029854,1086,1.368985652923584
paper,50,3000000.0,13,14,exclude,launch,0,0.0,prior,0.0,cyc,12600.0,43200.0,422770.01068707596,0,397255.9167882134,25514.09389886256,0,4,0.8560140858444459,4,9.331496953138329,36.81916450780582,8239.782041589951,1083.8177583938111,7.602553084017638,2.004748028049791,302.85557996098305,0.0,0.0,0.0,0.3310506679480906,2.6600835548803645,0.9219858156028369,234.35727605756162,2633,2.65769362449646
paper,100,1500000.0,2,13,exclude,launch,0,0.0,prior,0.0,cyc,12600.0,43200.0,1674733.0086313765,0,937853.0134005037,736879.9952308729,0,0,0.0,0,4.8468564258348,6.4418363431761385,7919.438460522844,3067.769086321909,2.581497576148349,2.024079830775862,314.6218499405753,0.0,0.02,0.0,3.6680755502098186,24.81578947368421,0.6123535676251332,3610.346624019248,38,1.7489852905273438
paper,100,1500000.0,8,13,exclude,launch,0,0.0,prior,0.0,cyc,12600.0,43200.0,4580921.146922455,0,3827638.0905088475,753283.0564136071,0,25,0.9173550211218218,33,4.8468564258348,5.868105522895662,7919.438460522844,3385.3645424384626,2.3393163014635077,2.0135231873317654,308.16877537774235,0.0,0.0,0.0013531799729364006,0.969439623852535,3.983783783783784,0.6368715083798883,1478.3483850062128,555,2.30940580368042
paper,100,1500000.0,3,13,exclude,launch,0,0.0,prior,0.0,cyc,12600.0,43200.0,1113861.259224847,0,666691.671269753,447169.5879550938,0,0,0.0,0,4.8468564258348,6.502711318876793,7919.438460522844,3048.6391355663523,2.5976962534306747,2.0177134850942844,310.72222132282633,0.0,0.0,0.0,2.571441554416296,16.354430379746834,0.7215469613259669,2576.5173232662587,79,2.8984293937683105
paper,100,1500000.0,6,13,exclude,launch,0,0.0,prior,0.0,cyc,12600.0,43200.0,1277840.3350002305,0,953797.3304789303,324043.0045213002,0,4,0.4107303049415438,5,4.8468564258348,4.88392191202079,7919.438460522844,4056.640470822482,1.9522160066891958,2.018946267779743,311.47544898668014,0.0,0.0,0.0,1.2778367230476075,5.190476190476191,0.7354910714285714,2008.301257733171,315,2.8479230403900146
paper,100,1500000.0,5,14,exclude,launch,0,0.0,prior,0.0,cyc,12600.0,43200.0,776452.6428485648,0,502331.5165455592,274121.12630300556,0,0,0.0,1,4.955730778459856,5.539399769335621,7738.130147665369,3582.087199619857,2.160229418336484,2.015863534971696,309.5936165055571,0.0,0.0,0.0,1.5306706791647697,9.353211009174313,0.797752808988764,1600.246185308603,218,3.198612689971924
paper,100,1500000.0,2,14,exclude,launch,0,0.0,prior,0.0,cyc,12600.0,43200.0,1602808.5119238389,0,964331.534268312,638476.977655527,0,0,0.0,0,4.955730778459856,5.286229867726281,7738.130147665369,3735.7092239629746,2.071395198006466,2.0255402725782643,315.5198552039704,0.0,0.0,0.0,3.8298452922507886,28.333333333333332,0.6413043478260869,3296.787075865768,36,3.3911166191101074
paper,100,1500000.0,7,13,exclude,launch,0,0.0,prior,0.0,cyc,12600.0,43200.0,2314416.3688417245,0,1912649.8682541307,401766.50058759394,0,12,0.7694784941781248,16,4.8468564258348,5.3584599689083126,7919.438460522844,3702.4434920137332,2.138976186295693,2.0161904895752847,309.792933330977,0.0,0.0,0.0,1.121621862785171,4.897374701670644,0.7247191011235955,1599.9828054867658,419,3.5886247158050537
paper,100,1500000.0,5,13,exclude,launch,0,0.0,prior,0.0,cyc,12600.0,43200.0,825627.5002347005,0,516748.4327234837,308879.06751121685,0,0,0.0,1,4.8468564258348,5.47047402109799,7919.438460522844,3627.0633088864925,2.18342989523227,2.0159506445917215,309.64671367390014,0.0,0.0,0.0,1.5198983864588018,8.666666666666666,0.7706013363028953,1715.8017508721355,222,3.8526253700256348
paper,100,1500000.0,2,15,exclude,launch,0,0.0,prior,0.0,cyc,12600.0,43200.0,1132624.0831741418,0,714778.4855599832,417845.5976141585,0,0,0.0,0,4.910459184525673,8.66217783466426,7812.5443731858395,2281.554123833141,3.42422048706884,2.02396090812862,314.5487824126764,0.0,0.0,0.0,3.5781822505763645,36.078947368421055,0.6856835306781486,2417.6666518148436,38,3.37011456489563
paper,100,1500000.0,3,14,exclude,launch,0,0.0,prior,0.0,cyc,12600.0,43200.0,921102.6281363887,0,577890.8372050163,343211.7909313724,0,0,0.0,0,4.955730778459856,9.590926012539732,7738.130147665369,2068.4162748277886,3.7410893744343734,2.0163295010414712,309.87769640616165,0.0,0.0,0.0,2.55453220178589,22.243589743589745,0.766704416761042,1861.0511460763098,78,3.7856249809265137
paper,100,1500000.0,4,13,exclude,launch,0,0.0,prior,0.0,cyc,12600.0,43200.0,771053.0759383971,0,507348.3514992781,263704.72443911893,0,0,0.0,0,4.8468564258348,5.825652786222554,7919.438460522844,3406.1999552177513,2.325006918161553,2.0157898573723307,309.54871030214997,0.0,0.005376344086021506,0.0,1.9315365055858258,12.021739130434783,0.760797342192691,1995.2927678669719,138,4.316625356674194
paper,100,1500000.0,4,14,exclude,launch,0,0.0,prior,0.0,cyc,12600.0,43200.0,734820.5146916148,0,503632.87836847035,231187.63632314446,0,0,0.0,0,4.955730778459856,6.9485817846703775,7738.130147665369,2857.3741252126283,2.7081263455794558,2.0146365563489446,308.8462024438935,0.0,0.0,0.0,1.95123112007452,15.072992700729927,0.7984322508398656,1586.1980263224045,137,4.174624919891357
paper,100,1500000.0,5,15,exclude,launch,0,0.0,prior,0.0,cyc,12600.0,43200.0,675349.643652919,0,446958.3754627793,228391.2681901397,0,0,0.0,1,4.910459184525673,5.87635458688715,7812.5443731858395,3376.9466931544493,2.313493544041716,2.015708802692764,309.49931156027054,0.0,0.0,0.0,1.5001867750916869,11.86283185840708,0.809368191721133,1230.6128473170165,226,3.8119356632232666
paper,100,1500000.0,6,15,exclude,launch,0,0.0,prior,0.0,cyc,12600.0,43200.0,967996.3589555412,0,719461.3563040347,248535.00265150642,0,3,0.3220772655967597,4,4.910459184525673,5.314706675144646,7812.5443731858395,3730.172921935513,2.0944188209730674,2.017677383272694,310.70017692742726,0.0,0.0,0.0,1.2522537976187582,6.816770186335404,0.7911733046286329,1496.2348540460418,322,3.8069405555725098
paper,100,3000000.0,5,13,exclude,launch,0,0.0,prior,0.0,cyc,12600.0,43200.0,399062.42925629177,0,295466.1171440521,103596.31211223963,0,0,0.0,0,9.6937128516696,23.048710324680073,7919.438460522844,1727.0991021529026,4.585398979509009,2.009676244067345,305.8338353501819,0.0,0.0,0.0,2.1385410565265315,18.645569620253166,0.8507135016465422,1124.4281302256172,158,3.289151191711426
paper,100,1500000.0,3,15,exclude,launch,0,0.0,prior,0.0,cyc,12600.0,43200.0,804043.1673186161,0,515507.6172406041,288535.55007801205,0,0,0.0,0,4.910459184525673,9.030989483728309,7812.5443731858395,2195.7135742156956,3.5580890262412592,2.0172000396052585,310.408776171882,0.0,0.0,0.0,2.4534165321916146,24.085365853658537,0.7666666666666667,1680.6334037147703,82,3.991658926010132
paper,100,1500000.0,6,14,exclude,launch,0,0.0,prior,0.0,cyc,12600.0,43200.0,1074139.8720517652,0,838128.8289935126,236011.04305825284,0,4,0.3496107918770098,6,4.955730778459856,5.94906834076883,7738.130147665369,3337.316455580612,2.318668382414194,2.014715109558567,308.89402606993633,0.0,0.0,0.0,1.2601962461379046,7.468553459119497,0.8078651685393259,1380.2559813023865,318,4.390852212905884
paper,100,1500000.0,7,14,exclude,launch,0,0.0,prior,0.0,cyc,12600.0,43200.0,2465697.6284451666,0,2165501.563675501,300196.0647696656,0,15,0.8406834881273564,18,4.955730778459856,7.303330053598425,7738.130147665369,2724.5635766460864,2.8401356510795535,2.0102131843625473,306.15920335797534,0.0,0.0,0.0,1.0944396657186253,7.078886310904872,0.8089244851258581,1073.7044140535677,431,4.619852304458618
paper,100,1500000.0,7,15,exclude,launch,0,0.0,prior,0.0,cyc,12600.0,43200.0,2385485.862596624,0,1959110.563332458,426375.2992641659,0,13,0.7884250437293921,15,4.910459184525673,5.300338363909691,7812.5443731858395,3740.7854280627453,2.088477011960494,2.01740734905181,310.53531417138953,0.0,0.0,0.0,1.1246845266543088,4.909307875894988,0.7432286023835319,1593.7660840308858,419,4.261150360107422
paper,100,1500000.0,8,15,exclude,launch,0,0.0,prior,0.0,cyc,12600.0,43200.0,4151738.007348999,0,3556979.708954782,594758.2983942163,0,24,0.9168768090134565,33,4.910459184525673,5.90655493505589,7812.5443731858395,3361.4931256339564,2.3241292131788738,2.0146217407718403,308.83718305406387,0.0,0.0,0.0,0.9671324721756867,3.935251798561151,0.6507072905331882,1499.3766656206506,556,4.373656988143921
paper,100,1500000.0,8,14,exclude,launch,0,0.0,prior,0.0,cyc,12600.0,43200.0,3664067.3400392085,0,3229806.300236662,434261.0398025463,0,22,0.9313939388767662,27,4.955730778459856,8.361432691829416,7738.130147665369,2381.671913485163,3.2490327924058864,2.008618036080259,305.19310281191963,0.0,0.0,0.0,0.9134740597080577,6.161839863713799,0.7567873303167421,902.4592246018369,587,5.249298810958862
paper,100,3000000.0,4,13,exclude,launch,0,0.0,prior,0.0,cyc,12600.0,43200.0,490870.4744695351,0,352068.2333268488,138802.24114268634,0,0,0.0,0,9.6937128516696,25.04633934298623,7919.438460522844,1587.9301275056227,4.9872713687742545,2.011473605030533,306.92365610203865,0.0,0.0,0.0,2.640529713103222,23.892156862745097,0.8042035398230089,1373.6441762863892,102,4.68961501121521
paper,100,3000000.0,6,13,exclude,launch,0,0.0,prior,0.0,cyc,12600.0,43200.0,337281.468845396,0,258008.16248636635,79273.30635902965,0,0,0.0,0,9.6937128516696,21.915341519708257,7919.438460522844,1817.6431745533278,4.356981926592378,2.008320928929913,305.0133287154247,0.0,0.0,0.0,1.9402622562653844,16.04830917874396,0.8581005586592179,996.834698811605,207,3.6319100856781006
paper,100,3000000.0,7,13,exclude,launch,0,0.0,prior,0.0,cyc,12600.0,43200.0,293718.4093073134,0,226489.23527033147,67229.17403698193,0,0,0.0,0,9.6937128516696,17.23655682181367,7919.438460522844,2311.50350099383,3.426098406131717,2.0079131133600674,304.7666532249553,0.0,0.0,0.0,1.7605905385851435,14.056390977443609,0.8777777777777778,888.239468397206,266,3.5561208724975586
paper,100,3000000.0,8,13,exclude,launch,0,0.0,prior,0.0,cyc,12600.0,43200.0,264831.15302142367,0,212428.63379096668,52402.51923045701,0,0,0.0,0,9.6937128516696,17.691043098692447,7919.438460522844,2253.04928208285,3.5149867885719988,2.0070854153011677,304.26631011369767,0.0,0.0,0.0,1.6129404279080906,12.117469879518072,0.8893805309734514,820.7771592256338,332,3.4861207008361816
paper,100,1500000.0,4,15,exclude,launch,0,0.0,prior,0.0,cyc,12600.0,43200.0,673037.1090286304,0,446061.5735058283,226975.53552280212,0,0,0.0,0,4.910459184525673,6.160931821279564,7812.5443731858395,3220.1932196112193,2.426110435115153,2.016190932838743,309.79320359510234,0.0,0.0,0.0,1.9306319219581884,14.359712230215827,0.7819548872180451,1660.95575542189,139,5.681355953216553
paper,100,3000000.0,13,13,exclude,launch,0,0.0,prior,0.0,cyc,12600.0,43200.0,1305361.531472256,0,1108042.4736939978,197319.0577782581,0,7,0.8095970784664072,8,9.6937128516696,12.405177594362794,7919.438460522844,3213.489898982048,2.4644354609708032,2.0068275839251744,304.1105351257813,0.0,0.0,0.0,1.1446915287597732,5.443864229765013,0.8604910714285714,781.0244144452038,766,3.1837642192840576
paper,100,3000000.0,9,13,exclude,launch,0,0.0,prior,0.0,cyc,12600.0,43200.0,247337.30167066798,0,201387.09521918674,45950.20645148123,0,0,0.0,0,9.6937128516696,16.52386518835567,7919.438460522844,2412.728798437648,3.2823574973080447,2.0066417131011405,303.9982615665596,0.0,0.0,0.0,1.5319424291394708,10.898477157360405,0.8926174496644296,762.8219713792995,394,3.6737751960754395
paper,100,3000000.0,12,13,exclude,launch,0,0.0,prior,0.0,cyc,12600.0,43200.0,558964.2433676802,0,465802.7236759459,93161.51969173433,0,3,0.47854975548851697,5,9.6937128516696,11.899847002695084,7919.438460522844,3348.975379627076,2.3647347510224783,2.0074126405018338,304.4640684728631,0.0,0.0,0.0,1.248053408618095,6.471317829457364,0.8680089485458613,786.2555171392951,645,3.570763111114502
paper,100,3000000.0,11,13,exclude,launch,0,0.0,prior,0.0,cyc,12600.0,43200.0,373103.3854692416,0,301146.42668213736,71956.95878710422,0,1,0.2613198725299404,3,9.6937128516696,12.556003165616152,7919.438460522844,3174.6935139327165,2.494552127872173,2.006950983877978,304.1850851798482,0.0,0.0,0.0,1.3907274628139903,7.81203007518797,0.8819599109131403,794.1388865692843,532,3.6867637634277344
paper,100,3000000.0,15,13,exclude,launch,0,0.0,prior,0.0,cyc,12600.0,43200.0,3290549.0210130787,0,2749604.923341309,540944.097671769,0,19,0.9512350597440961,24,9.6937128516696,12.75116006141315,7919.438460522844,3127.2284991600136,2.5324143926962925,2.0062297878006934,303.74951575722844,0.0,0.0,0.0,0.9859719147021946,4.733137829912024,0.7485970819304153,675.3050780784506,1023,3.356525182723999
paper,100,3000000.0,10,13,exclude,launch,0,0.0,prior,0.0,cyc,12600.0,43200.0,337165.1361230702,0,276967.8107704807,60197.32535258945,0,1,0.29244648050523586,1,9.6937128516696,14.580098482500684,7919.438460522844,2734.6786361708037,2.8959302039277017,2.006426391447892,303.8682244208476,0.0,0.0,0.0016611295681063123,1.4911401018562926,9.730512249443207,0.899888765294772,753.2191597609352,449,4.592538118362427
paper,100,3000000.0,14,13,exclude,launch,0,0.0,prior,0.0,cyc,12600.0,43200.0,2012263.8713860593,0,1703493.4067110533,308770.46467500617,0,12,0.9072125171168762,16,9.6937128516696,12.622112110340844,7919.438460522844,3159.3887487348097,2.5066362801014015,2.006110663903038,303.67760040582357,0.0,0.0,0.0,1.1035170208575804,5.5286549707602335,0.8020022246941045,697.1419823723868,855,4.282379865646362
paper,100,3000000.0,5,14,exclude,launch,0,0.0,prior,0.0,cyc,12600.0,43200.0,386700.19792720315,0,290673.3403589528,96026.8575682503,0,0,0.0,0,9.911461556919711,35.13477979544154,7738.130147665369,1133.2141371204107,6.828480067614217,2.009281414928428,305.5946923559789,0.0,0.0,0.0,2.0016399995239365,19.845238095238095,0.8698553948832035,991.722633898615,168,3.8658711910247803
paper,100,3000000.0,7,14,exclude,launch,0,0.0,prior,0.0,cyc,12600.0,43200.0,291196.9780156424,0,231697.07071229527,59499.907303347114,0,0,0.0,0,9.911461556919711,27.660586680632967,7738.130147665369,1440.971512041674,5.370078508145813,2.007119382251692,304.2868350321089,0.0,0.0,0.0,1.6712701112927781,14.524647887323944,0.9028248587570622,803.0658788178628,284,3.849153995513916
paper,100,3000000.0,4,14,exclude,launch,0,0.0,prior,0.0,cyc,12600.0,43200.0,471003.0530654135,0,349431.1565226127,121571.89654280075,0,0,0.0,0,9.911461556919711,45.963726163929955,7738.130147665369,865.4614630128542,8.941045301690618,2.0110692422874967,306.67830380994394,0.0,0.0,0.0,2.3154808018111956,24.508474576271187,0.8492239467849224,1139.2745060732248,118,4.4781882762908936
paper,100,3000000.0,11,14,exclude,launch,0,0.0,prior,0.0,cyc,12600.0,43200.0,597647.4863834234,0,545121.5119195211,52525.974463902276,0,4,0.6305584095402368,4,9.911461556919711,14.192662682274335,7738.130147665369,2809.200261375724,2.754566932823737,2.0065195976898678,303.924510160132,0.0,0.0,0.0,1.2986257613974868,8.73157894736842,0.9052987598647125,663.9391265820161,570,4.311466455459595
paper,100,3000000.0,8,14,exclude,launch,0,0.0,prior,0.0,cyc,12600.0,43200.0,267538.35212733626,0,215774.81430044593,51763.53782689036,0,0,0.0,0,9.911461556919711,19.39410345246753,7738.130147665369,2055.2205213979983,3.765109421154355,2.007066912220881,304.2551297070299,0.0,0.0,0.0,1.5395898943054511,12.965417867435159,0.8945578231292517,732.5621004989792,347,5.268273591995239
paper,100,3000000.0,9,14,exclude,launch,0,0.0,prior,0.0,cyc,12600.0,43200.0,249790.47095461228,0,206468.6400053771,43321.83094923518,0,0,0.0,0,9.911461556919711,19.078539941808657,7738.130147665369,2089.9159984136845,3.702603431687621,2.0063930780701407,303.84810827624784,0.0,0.0,0.0,1.499983592462242,11.536159600997506,0.8924611973392461,711.6083851456123,401,5.353275537490845
paper,100,3000000.0,14,14,exclude,launch,0,0.0,prior,0.0,cyc,12600.0,43200.0,2170132.8878653366,0,1970558.1814370344,199574.70642830193,0,14,0.9220701973335447,18,9.911461556919711,15.026140908323434,7738.130147665369,2654.2160743432833,2.9154107770144404,2.005886035162578,303.5420147205273,0.0,0.0,0.0,0.9623474408362976,5.8153061224489795,0.8754208754208754,576.1945323147406,980,4.213810205459595
paper,100,3000000.0,5,15,exclude,launch,0,0.0,prior,0.0,cyc,12600.0,43200.0,342422.37849566864,0,263271.98812898254,79150.39036668614,0,0,0.0,0,9.820918369051347,22.383858079009272,7812.5443731858395,1777.923186143901,4.394196798867502,2.0102128727286805,306.1590144680199,0.0,0.0,0.0,2.0179631782290572,18.91616766467066,0.8391906283280085,1050.0870723320872,167,3.92942214012146
paper,100,3000000.0,12,14,exclude,launch,0,0.0,prior,0.0,cyc,12600.0,43200.0,608293.0393510769,0,546651.403540399,61641.635810677864,0,4,0.6351332448026401,6,9.911461556919711,15.298567238587045,7738.130147665369,2606.5375601470305,2.968739167997592,2.006204683324548,303.73435942327615,0.0,0.0,0.0,1.1543855070637206,7.746077032810271,0.9137343927355278,607.3153878995142,701,5.133615255355835
paper,100,3000000.0,4,15,exclude,launch,0,0.0,prior,0.0,cyc,12600.0,43200.0,455479.35941441153,0,330857.8917570816,124621.46765732998,0,0,0.0,0,9.820918369051347,19.236264452190515,7812.5443731858395,2066.1700054902785,3.7811720973715386,2.0128119187842977,307.7363948494592,0.0,0.0,0.0,2.322456335536565,24.435897435897434,0.8359788359788359,1178.8601183446938,117,4.408929824829102
paper,100,3000000.0,6,14,exclude,launch,0,0.0,prior,0.0,cyc,12600.0,43200.0,312450.02090419375,0,247367.86348506366,65082.157419130104,0,0,0.0,0,9.911461556919711,27.685440630543557,7738.130147665369,1438.8893040511882,5.37784951620579,2.0082194211246076,304.9519203398519,0.0,0.0,0.0,1.7597746238823193,17.41850220264317,0.8931383577052868,825.823765069036,227,5.997345924377441
paper,100,3000000.0,15,14,exclude,launch,0,0.0,prior,0.0,cyc,12600.0,43200.0,2830834.8617605707,0,2528207.105067106,302627.75669346453,0,18,0.9558312087132609,20,9.911461556919711,16.342186500204072,7738.130147665369,2441.7685006870574,3.1690678889043076,2.004819775767806,302.8988345322189,0.0,0.0,0.0,0.9365904337443294,5.6700743494423795,0.8543799772468714,536.3716575045173,1076,4.66316556930542
paper,100,3000000.0,10,14,exclude,launch,0,0.0,prior,0.0,cyc,12600.0,43200.0,248378.436104013,0,202487.42041002147,45891.01569399155,0,0,0.0,1,9.911461556919711,19.147228170907226,7738.130147665369,2082.7300118773614,3.715378423288893,2.006093169181674,303.6670395222071,0.0,0.0,0.0,1.3213355163939162,9.762278978388998,0.9052987598647125,661.9450580844435,509,5.8923962116241455
paper,100,3000000.0,6,15,exclude,launch,0,0.0,prior,0.0,cyc,12600.0,43200.0,302933.85636292055,0,237322.7304757375,65611.12588718307,0,0,0.0,0,9.820918369051347,19.128362985885413,7812.5443731858395,2081.6627364122955,3.753030803947908,2.009101206552118,305.48557351948205,0.0,0.0,0.0,1.849609260958424,16.834862385321102,0.8692390139335477,908.4736959612396,218,4.602206230163574
paper,100,3000000.0,13,14,exclude,launch,0,0.0,prior,0.0,cyc,12600.0,43200.0,1678257.225620074,0,1491742.767313497,186514.45830657706,0,10,0.8907511611943331,12,9.911461556919711,15.08347189373258,7738.130147665369,2644.224673757281,2.9264268745628037,2.0058124157722843,303.4975847165036,0.0,0.0,0.0,1.0682361532881977,6.607843137254902,0.8830874006810443,609.3507336238952,816,5.301948547363281
paper,100,3000000.0,9,15,exclude,launch,0,0.0,prior,0.0,cyc,12600.0,43200.0,232029.73285861965,0,193747.1146038471,38282.618254772555,0,0,0.0,0,9.820918369051347,13.947074287792217,7812.5443731858395,2856.6337124338957,2.734877887627193,2.007947324979266,304.78734297985727,0.0,0.0,0.0,1.4255913504700195,10.585882352941177,0.8824786324786325,733.203097338133,425,4.614711046218872
paper,100,3000000.0,14,15,exclude,launch,0,0.0,prior,0.0,cyc,12600.0,43200.0,1914515.0070073956,0,1634022.5500378904,280492.4569695052,0,12,0.8666591641403197,15,9.820918369051347,12.949670308590893,7812.5443731858395,3075.572218530322,2.5401921392433127,2.0086549809512357,305.2154611793214,0.0,0.0,0.07337180544105523,0.959894476970531,4.676567656765677,0.8175895765472313,765.2162891691983,909,3.487093925476074
paper,100,3000000.0,7,15,exclude,launch,0,0.0,prior,0.0,cyc,12600.0,43200.0,269012.3216365435,0,212351.84075498994,56660.48088155359,0,0,0.0,0,9.820918369051347,17.990738716012594,7812.5443731858395,2214.150982243263,3.528460541236702,2.008323910185242,305.01513235537686,0.0,0.0,0.0,1.6338840333502216,14.307692307692308,0.8927410617551462,801.4891999122617,286,5.039710998535156
paper,100,3000000.0,11,15,exclude,launch,0,0.0,prior,0.0,cyc,12600.0,43200.0,554597.4844416792,0,457562.7327857244,97034.75165595482,0,2,0.5695821606415167,2,9.820918369051347,14.841243134317923,7812.5443731858395,2685.9813367934366,2.908636879254183,2.0068583343224287,304.12911161836075,0.0,0.0,0.0,1.2346560338170096,7.7274247491638794,0.8882863340563991,708.3064802095538,598,4.786948204040527
paper,100,3000000.0,15,15,exclude,launch,0,0.0,prior,0.0,cyc,12600.0,43200.0,2557014.47281106,0,2282578.598765121,274435.8740459389,0,17,0.9367961262045909,23,9.820918369051347,12.422783722602038,7812.5443731858395,3209.1266768791866,2.434476778206645,2.0067080917712223,304.0383546112968,0.0,0.0,0.0,1.0342062210208696,4.920163766632548,0.8162162162162162,683.529338058216,977,3.8460917472839355
paper,100,3000000.0,12,15,exclude,launch,0,0.0,prior,0.0,cyc,12600.0,43200.0,552603.8792858252,0,471444.4422697171,81159.43701610816,0,3,0.6025908864316258,4,9.820918369051347,12.816482755145511,7812.5443731858395,3109.419082640723,2.512541463709972,2.0074367476064063,304.47864012833213,0.0,0.0,0.0,1.183429755139896,7.196769456681351,0.8908108108108108,669.7404206816888,681,4.254441738128662
paper,100,3000000.0,8,15,exclude,launch,0,0.0,prior,0.0,cyc,12600.0,43200.0,236876.35079905204,0,192432.92671681775,44443.42408223429,0,0,0.0,0,9.820918369051347,17.306711517204405,7812.5443731858395,2302.3815181077625,3.3932449126010464,2.0076968705291325,304.6358948622621,0.0,0.0,0.0,1.4981970127780886,12.470588235294118,0.8937093275488069,740.3297776887495,357,5.298711061477661
paper,100,3000000.0,10,15,exclude,launch,0,0.0,prior,0.0,cyc,12600.0,43200.0,228307.90113174467,0,188400.9431926834,39906.95793906129,0,0,0.0,1,9.820918369051347,13.572014874755606,7812.5443731858395,2936.20487226343,2.6607626896155203,2.0075173393064047,304.52735670091715,0.0,0.0,0.0,1.3770595547044733,9.717213114754099,0.9058441558441559,695.5964752696639,488,5.247220039367676
paper,100,3000000.0,13,15,exclude,launch,0,0.0,prior,0.0,cyc,12600.0,43200.0,597082.6033802961,0,534030.1099369928,63052.49344330336,0,4,0.6157213304478011,8,9.820918369051347,12.07037991004643,7812.5443731858395,3301.8711623402114,2.366096067675964,2.0072844682813065,304.38660001222644,0.0,0.0,0.0,1.19421380143953,6.3469945355191255,0.8773072747014115,709.2393313426853,732,4.267604351043701
paper,200,1500000.0,2,13,exclude,launch,0,0.0,prior,0.0,cyc,12600.0,43200.0,6125137.227696475,0,3393291.8818276008,2731845.345868874,0,0,0.0,0,4.646836166414484,4.946793360562533,8274.674043622275,3943.309918477139,2.098408244518062,2.0505733601562133,331.11131552097504,0.0,0.041666666666666664,0.0,3.762145193555182,29.63888888888889,0.38568257491675917,6192.725839480656,36,8.203323364257812
paper,200,1500000.0,2,15,exclude,launch,0,0.0,prior,0.0,cyc,12600.0,43200.0,5223183.769868878,0,2930441.369972341,2292742.399896537,0,0,0.0,0,4.9737073242025795,5.3700394718236835,7708.957334908408,3634.776891246868,2.120888727303408,2.0492962960692984,330.30681508342457,0.0,0.0,0.0,3.791783506842086,36.861111111111114,0.4845306764551652,5065.972050982893,36,6.6063947677612305
paper,200,1500000.0,3,13,exclude,launch,0,0.0,prior,0.0,cyc,12600.0,43200.0,4096873.0352206063,0,2265326.347384911,1831546.687835695,0,0,0.0,0,4.646836166414484,5.608834576383485,8274.674043622275,3500.3455578501685,2.363959188276368,2.0374006457448486,322.86002993754846,0.0,0.009259259259259259,0.0,2.5149231961277003,19.790123456790123,0.548922056384743,4137.130060595308,81,8.483832359313965
paper,200,3000000.0,4,13,exclude,launch,0,0.0,prior,0.0,cyc,12600.0,43200.0,1972798.7852248047,0,1276471.9029187209,696326.8823060838,0,0,0.0,0,9.293672332828969,16.400555559717812,8274.674043622275,2410.9191222114564,3.4321657526330416,2.023246443380566,314.1099851672933,0.0,0.021052631578947368,0.0,3.80796139390598,41.457142857142856,0.7247655819084391,2268.572231954864,70,5.897751331329346
paper,200,1500000.0,2,14,exclude,launch,0,0.0,prior,0.0,cyc,12600.0,43200.0,5594566.46299298,0,3029118.2892702715,2565448.173722709,0,0,0.0,0,4.629302721230921,6.54000632653494,8307.276799279487,2986.266895291787,2.7818266385958066,2.048109646242125,329.5601491637378,0.0,0.041666666666666664,0.0,3.7450822002562725,36.25,0.48380010982976385,5000.353512074535,36,10.174141645431519
paper,200,1500000.0,6,15,exclude,launch,0,0.0,prior,0.0,cyc,12600.0,43200.0,4450893.1834139675,0,2931812.7501789453,1519080.4332350227,0,9,0.24908629739414748,13,4.9737073242025795,4.555161136456905,7708.957334908408,4300.502229787857,1.79257140747691,2.0419122266175105,325.6743263925177,0.0,0.0,0.0,1.2924303901197012,6.55448717948718,0.6014997321906802,3208.5255977292436,312,8.492018461227417
paper,200,1500000.0,3,15,exclude,launch,0,0.0,prior,0.0,cyc,12600.0,43200.0,3675107.3097518706,0,2081711.314969381,1593395.9947824893,0,0,0.0,0,4.9737073242025795,4.984585432904596,7708.957334908408,3935.0864579189874,1.9590312480669552,2.0392791017789578,324.0303154183432,0.0,0.009345794392523364,0.0,2.5395326345330043,21.125,0.5694518360830229,3942.2331807591045,80,8.96101713180542
paper,200,1500000.0,3,14,exclude,launch,0,0.0,prior,0.0,cyc,12600.0,43200.0,3890623.048779573,0,2227249.142072782,1663373.9067067911,0,0,0.0,0,4.629302721230921,6.259854540685807,8307.276799279487,3136.8754333269994,2.648264802300011,2.0370349323493877,322.6324352738697,0.0,0.009259259259259259,0.0,2.5181620699733753,23.839506172839506,0.6068890103881903,3417.1888979188116,81,10.46814250946045
paper,200,1500000.0,5,14,exclude,launch,0,0.0,prior,0.0,cyc,12600.0,43200.0,3712786.1508849524,0,2248323.1143475575,1464463.0365373949,0,1,0.06341586947117332,1,4.629302721230921,4.826656260932922,8307.276799279487,4067.543119514091,2.042332817426131,2.037424174903545,322.8746756022903,0.0,0.0,0.0,1.5072854087352388,9.758928571428571,0.6434448710916072,3029.2428923109824,224,10.631829261779785
paper,200,1500000.0,6,13,exclude,launch,0,0.0,prior,0.0,cyc,12600.0,43200.0,5822718.749735787,0,4136211.549067654,1686507.2006681322,0,15,0.4185435132839427,20,4.646836166414484,4.433209704867281,8274.674043622275,4416.46722563118,1.873595709167682,2.0429921792969026,326.3498058223506,0.0,0.0,0.0,1.2888504530704048,5.3173076923076925,0.5684855233853007,3946.6831714891637,312,11.735693216323853
paper,200,1500000.0,7,13,exclude,launch,0,0.0,prior,0.0,cyc,12600.0,43200.0,8252204.220755433,0,6474220.849622186,1777983.3711332462,0,34,0.6876032985061958,39,4.646836166414484,4.860601882625493,8274.674043622275,4033.988889942476,2.0512386794749626,2.0400238404526396,324.49487661295717,0.0,0.0,0.0017574692442882249,1.1069157324329648,4.4402810304449645,0.5633408071748879,3470.3979681065143,427,11.91035509109497
paper,200,1500000.0,5,13,exclude,launch,0,0.0,prior,0.0,cyc,12600.0,43200.0,4076004.2005090388,0,2398448.953652609,1677555.2468564296,0,1,0.047938688421045796,2,4.646836166414484,4.574540968547633,8274.674043622275,4287.049946175106,1.9301557358819474,2.0396419076936616,324.2565888698748,0.0,0.0,0.0,1.503746809377247,7.641255605381166,0.5868834080717489,3853.4874382766684,223,12.313692808151245
paper,200,3000000.0,6,13,exclude,launch,0,0.0,prior,0.0,cyc,12600.0,43200.0,1451273.812286452,0,978526.9554527919,472746.8568336599,0,0,0.0,0,9.293672332828969,13.332854610865196,8274.674043622275,2973.5698190865087,2.7827407954269203,2.017849183944465,310.80508837692406,0.0,0.013888888888888888,0.0,2.5065102170433287,24.8625,0.7679067184897279,1661.0108661778652,160,9.946210622787476
paper,200,1500000.0,6,14,exclude,launch,0,0.0,prior,0.0,cyc,12600.0,43200.0,5041502.937718496,0,3689141.0900623314,1352361.8476561643,0,10,0.40909779045597233,12,4.629302721230921,5.078227150338013,8307.276799279487,3871.134119016155,2.1459542717653948,2.0347434079155535,321.2081760674079,0.0,0.002380952380952381,0.002380952380952381,1.279546485342607,7.101587301587301,0.6498075865860363,2939.754078275489,315,11.564568519592285
paper,200,1500000.0,7,14,exclude,launch,0,0.0,prior,0.0,cyc,12600.0,43200.0,7146714.932650576,0,5881540.719287275,1265174.2133633003,0,27,0.7116118696182682,33,4.629302721230921,5.340078919571459,8307.276799279487,3684.0698150262224,2.254918396333474,2.0332204269010283,320.26333516966304,0.0,0.0,0.0,1.1001234594928437,5.883177570093458,0.660989010989011,2615.527114923669,428,11.800567150115967
paper,200,1500000.0,4,15,exclude,launch,0,0.0,prior,0.0,cyc,12600.0,43200.0,3172378.1678170213,0,1836991.296873624,1335386.8709433973,0,0,0.0,0,4.9737073242025795,4.868464257372758,7708.957334908408,4035.556953697569,1.9102585896712707,2.0359378882332884,321.9501924831735,0.0,0.005291005291005291,0.0,1.907940177894306,14.687943262411348,0.6201385189131593,3184.303476596502,141,10.996227264404297
paper,200,1500000.0,4,13,exclude,launch,0,0.0,prior,0.0,cyc,12600.0,43200.0,3634755.0733633395,0,2085399.4211266772,1549355.6522366623,0,0,0.0,0,4.646836166414484,4.911770647094458,8274.674043622275,4000.4759911260853,2.0684223732319054,2.03568343926796,321.79205591217294,0.0,0.005291005291005291,0.0,1.9030752989448365,12.297872340425531,0.6043405676126878,3780.5618310491886,141,13.131172895431519
paper,200,1500000.0,8,15,exclude,launch,0,0.0,prior,0.0,cyc,12600.0,43200.0,10234342.30583814,0,8640131.433263207,1594210.8725749329,0,55,0.8524563048798374,68,4.9737073242025795,5.136541767973605,7708.957334908408,3819.4096219951307,2.018363594864043,2.0388859330075437,323.78519454028657,0.0,0.0,0.0013605442176870747,0.9753588863504875,3.711433756805808,0.5668824163969794,3198.035234325313,551,10.751203060150146
paper,200,1500000.0,4,14,exclude,launch,0,0.0,prior,0.0,cyc,12600.0,43200.0,3032699.500003691,0,1798927.63750811,1233771.862495581,0,0,0.0,0,4.629302721230921,5.441231895537349,8307.276799279487,3614.8374959035636,2.2981051869395315,2.0336395420428133,320.52321086234315,0.0,0.0,0.0,1.8921863413151963,16.832167832167833,0.6641221374045801,2754.6120737339857,143,13.233583927154541
paper,200,1500000.0,7,15,exclude,launch,0,0.0,prior,0.0,cyc,12600.0,43200.0,6741548.929700076,0,5131732.946815924,1609815.982884151,0,26,0.5915169293666419,30,4.9737073242025795,4.7487974354555735,7708.957334908408,4120.318135092431,1.8709616787237409,2.0443045574839456,327.1716026345217,0.0,0.0,0.0,1.1071772942183098,4.2964705882352945,0.5801937567276642,3585.6705624749598,425,11.587965965270996
paper,200,3000000.0,5,13,exclude,launch,0,0.0,prior,0.0,cyc,12600.0,43200.0,1594021.1252489015,0,1040251.8475752067,553769.2776736948,0,0,0.0,0,9.293672332828969,17.019967381810115,8274.674043622275,2327.5826181842567,3.5550506259053156,2.0194176987678008,311.7637333683116,0.0,0.0,0.0,2.914534155458791,32.530973451327434,0.7652608213096559,1779.2275263169292,113,11.509456872940063
paper,200,1500000.0,5,15,exclude,launch,0,0.0,prior,0.0,cyc,12600.0,43200.0,3250544.6099935668,0,1944871.4394869537,1305673.1705066133,0,0,0.0,2,4.9737073242025795,4.543381923868245,7708.957334908408,4315.384816946934,1.7863893168077587,2.0401458500993286,324.57101684365637,0.0,0.0,0.0,1.5004320956722248,8.757847533632287,0.6247323340471093,3372.488887475455,223,13.073670148849487
paper,200,3000000.0,10,13,exclude,launch,0,0.0,prior,0.0,cyc,12600.0,43200.0,1623233.5654231536,0,1143250.2860477038,479983.27937544964,0,1,0.13272771143879256,2,9.293672332828969,10.061224439528601,8274.674043622275,3941.1865929092164,2.099538767971466,2.0174935417798756,310.58793226912667,0.0,0.0,0.0,1.5286986418439346,9.913439635535308,0.8058035714285714,1517.1663819753894,439,8.00693392753601
paper,200,3000000.0,9,13,exclude,launch,0,0.0,prior,0.0,cyc,12600.0,43200.0,1215915.671202309,0,861420.789299874,354494.881902435,0,0,0.0,0,9.293672332828969,10.83894556255148,8274.674043622275,3660.5010646493884,2.260530429435852,2.0163337261388588,309.88027286618916,0.0,0.0,0.0,1.7137755818162377,13.353276353276353,0.8027624309392265,1405.144742183733,351,10.048497200012207
paper,200,3000000.0,8,13,exclude,launch,0,0.0,prior,0.0,cyc,12600.0,43200.0,1222443.4642120642,0,838011.3285398302,384432.13567223394,0,0,0.0,0,9.293672332828969,13.320641271195719,8274.674043622275,2980.5531007737322,2.776220977735382,2.0149672449445575,309.0475524931035,0.0,0.0,0.0,1.9161292590337538,17.768683274021353,0.818989450305386,1327.1967568574441,281,10.465003490447998
paper,200,3000000.0,11,13,exclude,launch,0,0.0,prior,0.0,cyc,12600.0,43200.0,2133220.6866148743,0,1732402.3289104863,400818.35770438827,0,6,0.5159870109766623,7,9.293672332828969,12.015476881168269,8274.674043622275,3306.4496237649964,2.5025858504385887,2.0136642720161753,308.25457690862464,0.0,0.0,0.0,1.4441903974286336,10.58904109589041,0.8235955056179776,1216.1582974319044,511,8.167549133300781
paper,200,3000000.0,7,13,exclude,launch,0,0.0,prior,0.0,cyc,12600.0,43200.0,1322645.030941097,0,920297.9836075429,402347.04733355413,0,0,0.0,0,9.293672332828969,12.301528859561971,8274.674043622275,3224.650376950778,2.5660685892548725,2.0167323404793476,310.12339565298356,0.0,0.013937282229965157,0.0,2.190627890737165,20.1588785046729,0.7837389380530974,1538.1956057498383,214,11.914528369903564
paper,200,3000000.0,14,13,exclude,launch,0,0.0,prior,0.0,cyc,12600.0,43200.0,6224636.68446273,0,5354234.724264148,870401.9601985813,0,32,0.8698511174622034,39,9.293672332828969,10.528895231012005,8274.674043622275,3768.4366588385096,2.1957842980363793,2.0162573468341742,309.83369849833053,0.0,0.0,0.0,1.1198307457161687,5.759237187127533,0.7394485087225662,1357.600729803533,839,8.489302158355713
paper,200,3000000.0,13,13,exclude,launch,0,0.0,prior,0.0,cyc,12600.0,43200.0,4523615.671424977,0,3885545.2207271634,638070.4506978139,0,21,0.7965640842755323,25,9.293672332828969,11.457004913427197,8274.674043622275,3467.1089900018364,2.3866206881537613,2.013962564112648,308.43602442656874,0.0,0.0,0.0,1.2044133497552412,7.476648351648351,0.7827547592385219,1212.5765238194874,728,8.63780927658081
paper,200,3000000.0,12,13,exclude,launch,0,0.0,prior,0.0,cyc,12600.0,43200.0,3125325.148627834,0,2594740.864900783,530584.2837270511,0,11,0.5984380315000113,20,9.293672332828969,10.07910284731784,8274.674043622275,3934.7086909034197,2.102995340608656,2.017230498580951,310.4273661729749,0.0,0.0,0.0,1.307825267760032,7.488599348534202,0.79,1436.6980073261755,614,9.559013843536377
paper,200,3000000.0,5,14,exclude,launch,0,0.0,prior,0.0,cyc,12600.0,43200.0,1461977.220228707,0,1009246.4163704031,452730.8038583037,0,0,0.0,0,9.258605442461842,25.519864790934903,8307.276799279487,1553.1019556280646,5.348829012271816,2.0184205136227122,311.1541027702647,0.0,0.0,0.0,2.8692072078477775,36.95762711864407,0.8034744842562432,1528.6297826107434,118,9.62265658378601
paper,200,3000000.0,12,14,exclude,launch,0,0.0,prior,0.0,cyc,12600.0,43200.0,3050037.073140091,0,2617194.5536643816,432842.5194757091,0,10,0.6824491688090392,12,9.258605442461842,12.841937447343053,8307.276799279487,3094.957589200433,2.684132677057339,2.0128190526420315,307.7407300184107,0.0,0.0,0.0,1.2956067263221085,9.982343499197432,0.8310477235326386,1062.0821506488805,623,10.924986362457275
ring,50,1500000.0,2,13,exclude,launch,0,0.0,prior,0.0,cyc,12600.0,43200.0,268581.5085236476,0,234855.23080166636,33726.27772198126,0,0,0.0,0,4.791964885844101,2.869784092895797,8013.97324192218,6911.1197578035935,1.1595766710413773,2.0167977526801506,310.16330095662136,0.0,0.0,0.0,3.6766638903436837,24.75,0.96,1822.9461822467629,36,0.6758501529693604
paper,200,3000000.0,6,14,exclude,launch,0,0.0,prior,0.0,cyc,12600.0,43200.0,1050264.3988201919,0,776337.0281907816,273927.3706294104,0,0,0.0,0,9.258605442461842,26.36816297909332,8307.276799279487,1505.0924252227207,5.5194462878584964,2.015797687196203,309.5534823939464,0.0,0.0,0.0,2.270291430132739,31.329608938547487,0.8542795232936078,1183.5310912181158,179,12.681315898895264
paper,200,3000000.0,7,14,exclude,launch,0,0.0,prior,0.0,cyc,12600.0,43200.0,1038266.5884964478,0,747840.2271557992,290426.3613406486,0,0,0.0,0,9.258605442461842,21.50115582338715,8307.276799279487,1846.8942273876712,4.497971067368415,2.0145875999839165,308.81639941233715,0.0,0.018633540372670808,0.0,1.9591152156968503,24.516666666666666,0.8465723612622416,1130.2660971921398,240,13.155330896377563
ring,50,1500000.0,4,13,exclude,launch,0,0.0,prior,0.0,cyc,12600.0,43200.0,275044.00467680994,0,238967.77180664646,36076.2328701635,0,0,0.0,0,4.791964885844101,2.890448295971426,8013.97324192218,6848.664137750997,1.1701512996889134,2.0206398676908113,312.511721855975,0.0,0.0,0.0,1.8900125684465638,6.654929577464789,0.9603960396039604,1732.3438125143925,142,0.7450151443481445
ring,50,1500000.0,3,13,exclude,launch,0,0.0,prior,0.0,cyc,12600.0,43200.0,269882.237359028,0,239137.21576383727,30745.021595190774,0,0,0.0,0,4.791964885844101,2.9055022817103806,8013.97324192218,6826.365839373419,1.1739735945147896,2.016736744762113,310.1260824448375,0.0,0.0,0.0,2.391615135462778,11.409638554216867,0.9207920792079208,1720.7173302072988,83,0.8610153198242188
ring,50,1500000.0,2,14,exclude,launch,0,0.0,prior,0.0,cyc,12600.0,43200.0,311103.0712649212,0,268858.0806724204,42244.990592500864,0,0,0.0,0,4.864538549593913,3.0598632726791095,7889.440438978361,6485.098849163662,1.2165489875294357,2.015771823241445,309.53771906737495,0.0,0.0,0.0,3.791389699867129,25.0,0.9304347826086956,1853.505110390618,36,0.4569997787475586
ring,50,1500000.0,6,13,exclude,launch,0,0.0,prior,0.0,cyc,12600.0,43200.0,3223098.9044843037,0,3039965.187540831,183133.71694347268,0,23,0.9465702331945279,39,4.791964885844101,2.9637120235391743,8013.97324192218,6421.231464665856,1.2480430406567202,2.1018690931185677,364.2346495109805,0.0,0.0,0.0025188916876574307,1.3559543380161991,1.75,0.504950495049505,3156.7841252840176,296,0.5647451877593994
ring,50,1500000.0,5,13,exclude,launch,0,0.0,prior,0.0,cyc,12600.0,43200.0,630427.9407492817,0,553397.8817700382,77030.0589792435,0,2,0.37049709626639427,3,4.791964885844101,2.8777645635854703,8013.97324192218,6791.958795897517,1.179920768477392,2.0464902897539967,328.54257796482113,0.0,0.0,0.0,1.5387952512138954,2.834862385321101,0.8910891089108911,2669.0828089205042,218,0.6587448120117188
paper,200,3000000.0,10,14,exclude,launch,0,0.0,prior,0.0,cyc,12600.0,43200.0,1180368.481484888,0,921816.1380404017,258552.34344448612,0,1,0.19947123767885352,1,9.258605442461842,13.052877548272768,8307.276799279487,3043.0614055723945,2.7299077120387265,2.014062795753803,308.4970061196057,0.0,0.0,0.0,1.5162778270718686,15.251121076233185,0.8496982995063083,969.0220361374552,446,13.533080101013184
ring,50,1500000.0,4,14,exclude,launch,0,0.0,prior,0.0,cyc,12600.0,43200.0,304175.937694874,0,254532.7738517374,49643.16384313657,0,0,0.0,0,4.864538549593913,2.926302964509632,7889.440438978361,6773.014152208593,1.1648344830943127,2.0181745302395067,311.0038122085318,0.0,0.0,0.0,1.9494610781172357,7.087591240875913,0.9391304347826087,1689.28972180709,137,0.5170180797576904
paper,200,3000000.0,11,14,exclude,launch,0,0.0,prior,0.0,cyc,12600.0,43200.0,1958207.928751378,0,1601912.482835899,356295.4459154787,0,5,0.5009814983663129,6,9.258605442461842,13.997182602410648,8307.276799279487,2839.63244887424,2.925476077924406,2.0127379183241008,307.69142736343,0.0,0.0014084507042253522,0.0,1.3927074392667504,12.74108818011257,0.8542465753424657,973.1426679014783,533,13.781588792800903
paper,200,3000000.0,5,15,exclude,launch,0,0.0,prior,0.0,cyc,12600.0,43200.0,1468775.2554690982,0,993009.8113078343,475765.44416126393,0,1,0.045496163190336524,0,9.947414648405159,14.757843224708203,7708.957334908408,2682.8546965206287,2.873415897218022,2.020551585528879,312.4576616176528,0.0,0.0,0.0,2.625226324108588,33.13492063492063,0.7857142857142857,1566.513143356237,126,12.904849529266357
ring,50,1500000.0,5,14,exclude,launch,0,0.0,prior,0.0,cyc,12600.0,43200.0,762828.923929196,0,652955.4717041473,109873.45222504872,0,2,0.3693717201034277,3,4.864538549593913,2.887095829755005,7889.440438978361,6796.908820780858,1.1607394842280654,2.038390318436262,323.47633602664837,0.0,0.0,0.003484320557491289,1.5676166637274875,3.107476635514019,0.9043478260869565,2478.64468835855,214,0.8180201053619385
ring,50,1500000.0,6,14,exclude,launch,0,0.0,prior,0.0,cyc,12600.0,43200.0,4527190.8610968245,0,4247659.473643646,279531.38745317917,0,27,0.9630824105801604,41,4.864538549593913,2.966242033854618,7889.440438978361,6397.089388541891,1.2332859461225423,2.108001847420811,368.3004281663791,0.0,0.0,0.0,1.3452074796281759,1.238255033557047,0.5304347826086957,4434.422868203304,298,0.6615092754364014
paper,200,3000000.0,13,14,exclude,launch,0,0.0,prior,0.0,cyc,12600.0,43200.0,4421578.590450124,0,3932651.9526296817,488926.6378204423,0,19,0.8391987301385986,23,9.258605442461842,12.299082721914244,8307.276799279487,3231.0869788499162,2.571047097666311,2.0131151414391133,307.9206869439584,0.0,0.0010193679918450561,0.0010193679918450561,1.1886623023323557,9.783673469387756,0.8308457711442786,913.4806873758547,735,13.889616012573242
paper,200,3000000.0,9,15,exclude,launch,0,0.0,prior,0.0,cyc,12600.0,43200.0,943340.8196724361,0,684456.7908659832,258884.0288064528,0,0,0.0,0,9.947414648405159,11.868824767466101,7708.957334908408,3344.194270395928,2.305176288097558,2.0155369792576536,309.394606871928,0.0,0.0,0.0,1.6543742539037396,15.482191780821918,0.8292422625400213,1164.8326831150423,365,9.036173582077026
ring,50,1500000.0,2,15,exclude,launch,0,0.0,prior,0.0,cyc,12600.0,43200.0,284934.8626252692,0,248632.6306599165,36302.23196535277,0,0,0.0,0,4.905479781257491,3.031255066440027,7820.813005793199,6545.775272342853,1.1947878869043402,2.0159345049356974,309.636875495682,0.0,0.0,0.0,3.6747978624926967,24.72972972972973,0.9098360655737705,1860.092869106901,37,0.6134161949157715
paper,200,3000000.0,14,14,exclude,launch,0,0.0,prior,0.0,cyc,12600.0,43200.0,5661270.2450021645,0,5000733.351472673,660536.8935294914,0,26,0.8774323030089339,33,9.258605442461842,11.743423870099948,8307.276799279487,3383.0478148145535,2.4555599725494455,2.013664502681726,308.25471719909706,0.0,0.0,0.0,1.1214519259692133,8.33969010727056,0.8103353490929082,940.7010731369762,839,13.490775346755981
ring,50,1500000.0,3,14,exclude,launch,0,0.0,prior,0.0,cyc,12600.0,43200.0,273952.6463911625,0,234789.59271944177,39163.05367172067,0,0,0.0,0,4.864538549593913,3.057062952450073,7889.440438978361,6494.960545840972,1.2147018266385528,2.0145548300413925,308.79645094809575,0.0,0.0,0.0,2.5267783216229627,13.375,0.9396551724137931,1551.2280118030626,80,1.2936899662017822
ring,50,1500000.0,3,15,exclude,launch,0,0.0,prior,0.0,cyc,12600.0,43200.0,295806.3745808126,0,251929.29965109468,43877.07492971788,0,0,0.0,0,4.905479781257491,2.995481606158973,7820.813005793199,6619.519651323588,1.181477420983169,2.017283138126659,310.45949493504685,0.0,0.0,0.0,2.2407974787443434,10.533333333333333,0.9180327868852459,1728.7879942372776,90,0.7009263038635254
paper,200,3000000.0,6,15,exclude,launch,0,0.0,prior,0.0,cyc,12600.0,43200.0,1106730.5046315235,0,791804.3155794587,314926.1890520648,0,0,0.0,0,9.947414648405159,15.07915932596108,7708.957334908408,2629.351567663953,2.931885347594437,2.0177353279223698,310.735559310376,0.0,0.0,0.0,2.274193520715833,28.174157303370787,0.8023255813953488,1335.6354574693719,178,12.271815061569214
ring,50,1500000.0,6,15,exclude,launch,0,0.0,prior,0.0,cyc,12600.0,43200.0,5592332.829300757,0,5214169.687412421,378163.1418883354,0,34,0.9866483641125572,47,4.905479781257491,2.9226109817172006,7820.813005793199,6468.010715330473,1.209152759635403,2.116012596941899,373.64523495990045,0.0,0.0,0.0,1.354529480529317,1.3020134228187918,0.28688524590163933,4247.157475772663,298,0.5191771984100342
ring,50,1500000.0,5,15,exclude,launch,0,0.0,prior,0.0,cyc,12600.0,43200.0,563193.9133288441,0,459071.02348575805,104122.8898430861,0,0,0.0,2,4.905479781257491,2.8165038066707484,7820.813005793199,6920.667590870709,1.1300662693451573,2.0521148295364946,332.0836843591821,0.0,0.0,0.0,1.5529546146510862,2.506912442396313,0.819672131147541,3025.123089066109,217,0.6346819400787354
ring,50,3000000.0,4,13,exclude,launch,0,0.0,prior,0.0,cyc,12600.0,43200.0,168178.04307984322,0,155986.37531488293,12191.6677649603,0,0,0.0,0,9.583929771688203,5.846197180630245,8013.97324192218,6800.187397921146,1.178492999232947,2.0123135279133284,307.43360363889883,0.0,0.0,0.0,2.422542741214258,12.35135135135135,0.9702970297029703,1202.5317526431606,111,0.6536839008331299
paper,200,3000000.0,4,15,exclude,launch,0,0.0,prior,0.0,cyc,12600.0,43200.0,1776683.7942981361,0,1146083.354611841,630600.4396862951,0,0,0.0,0,9.947414648405159,15.852934765208117,7708.957334908408,2493.0237126541124,3.09221179717594,2.02420225868236,314.69708000701416,0.0,0.0,0.0,3.4213557050901904,43.85,0.7425275301520713,1911.9931399729373,80,13.860535144805908
paper,200,3000000.0,9,14,exclude,launch,0,0.0,prior,0.0,cyc,12600.0,43200.0,864323.7851510927,0,657889.0488822568,206434.73626883593,0,0,0.0,0,9.258605442461842,17.29468709258821,8307.276799279487,2298.2452031632947,3.6146172687950733,2.01270866261087,307.67365059812903,0.0,0.0,0.0,1.6658492156557883,18.535714285714285,0.8538587848932676,983.1245576844801,364,15.239780902862549
paper,200,3000000.0,4,14,exclude,launch,0,0.0,prior,0.0,cyc,12600.0,43200.0,1766992.2941816757,0,1159728.2117489967,607264.0824326787,0,0,0.0,0,9.258605442461842,34.297161434077495,8307.276799279487,1153.5865729382162,7.201259961028003,2.0220021678709754,313.346529339892,0.0,0.027522935779816515,0.0,3.3453548117358554,45.45,0.7568881685575365,1821.8696640702863,80,16.44728994369507
ring,50,3000000.0,6,13,exclude,launch,0,0.0,prior,0.0,cyc,12600.0,43200.0,141423.78379968152,0,130848.57183252696,10575.211967154564,0,0,0.0,0,9.583929771688203,5.802598669184141,8013.97324192218,6853.120624946351,1.1693903668863141,2.0117734707976234,307.1056668629607,0.0,0.0,0.0,2.0084091158602133,8.285,0.9504950495049505,997.0740975076725,200,0.6092674732208252
paper,200,3000000.0,8,14,exclude,launch,0,0.0,prior,0.0,cyc,12600.0,43200.0,898838.0588380869,0,674901.2371591157,223936.82167897117,0,0,0.0,0,9.258605442461842,20.21354054781306,8307.276799279487,1965.890142009187,4.2257075417191166,2.0132066305616783,307.97630286424476,0.0,0.0,0.0,1.8076167996723356,21.655405405405407,0.861597374179431,1034.1508102995188,296,15.333778381347656
ring,50,1500000.0,4,15,exclude,launch,0,0.0,prior,0.0,cyc,12600.0,43200.0,304194.3025418012,0,252017.35801134355,52176.94453045766,0,0,0.0,0,4.905479781257491,2.9332703539484193,7820.813005793199,6755.4496512648175,1.1577042846184065,2.01861565442395,311.27335543125986,0.0,0.0,0.0,1.923771338377288,6.9496402877697845,0.9098360655737705,1710.3051710849486,139,0.9696860313415527
ring,50,3000000.0,5,13,exclude,launch,0,0.0,prior,0.0,cyc,12600.0,43200.0,149298.09353999628,0,139429.4886688447,9868.604871151578,0,0,0.0,0,9.583929771688203,5.8946164608450795,8013.97324192218,6745.809153516167,1.1879928796599588,2.0118721744890387,307.16558925155266,0.0,0.0,0.0,2.142605232906612,9.872611464968152,0.9702970297029703,1068.1805040122954,157,0.7302699089050293
ring,50,3000000.0,8,13,exclude,launch,0,0.0,prior,0.0,cyc,12600.0,43200.0,129717.40065136581,0,121369.09138991588,8348.30926144994,0,0,0.0,0,9.583929771688203,5.819857516473239,8013.97324192218,6834.354373712159,1.1726013612562056,2.011315223389098,306.8275443175623,0.0,0.0,0.0,1.8360065049194845,6.065068493150685,0.9801980198019802,936.5812032680893,292,0.7597594261169434
ring,50,3000000.0,7,13,exclude,launch,0,0.0,prior,0.0,cyc,12600.0,43200.0,130442.14904497458,0,122504.17738200499,7937.97166296959,0,0,0.0,0,9.583929771688203,5.963095904762825,8013.97324192218,6670.973751290707,1.2013198583447624,2.0110782125151596,306.68374554685516,0.0,0.0,0.0,1.8857698028090928,7.084677419354839,0.9801980198019802,941.7516729865526,248,0.8297576904296875
ring,50,3000000.0,4,14,exclude,launch,0,0.0,prior,0.0,cyc,12600.0,43200.0,195844.7199416739,0,172931.67547948004,22913.04446219386,0,0,0.0,0,9.729077099187826,6.03348555775026,7889.440438978361,6589.618147590783,1.1972530520395637,2.012155131117831,307.3374028344462,0.0,0.0,0.0,2.3580077438479936,12.165217391304347,0.9568965517241379,1195.726267893067,115,0.5079989433288574
ring,50,3000000.0,9,13,exclude,launch,0,0.0,prior,0.0,cyc,12600.0,43200.0,138742.86226053047,0,127432.44224513468,11310.420015395788,0,0,0.0,0,9.583929771688203,5.845296778422737,8013.97324192218,6799.051909301315,1.1786898157019237,2.0129596241962906,307.8261600755669,0.0,0.0,0.0,1.7130475440543378,5.127478753541077,0.9603960396039604,905.911536485299,353,0.8787572383880615
ring,50,3000000.0,12,13,exclude,launch,0,0.0,prior,0.0,cyc,12600.0,43200.0,2840731.7610271606,0,2696713.2155460236,144018.5454811369,0,20,0.9635133944798754,39,9.583929771688203,6.730036110921953,8013.97324192218,5728.991992038301,1.3988452511470368,2.074886654255838,346.6143958491928,0.0,0.0,0.10880195599022005,1.2055128608887422,1.511437908496732,0.6039603960396039,1783.614290289053,612,0.6880004405975342
ring,50,3000000.0,10,13,exclude,launch,0,0.0,prior,0.0,cyc,12600.0,43200.0,293679.88316123525,0,266832.77227287553,26847.11088835975,0,1,0.37983355124128115,3,9.583929771688203,5.799281608430839,8013.97324192218,6807.01472240916,1.1773109900202845,2.026558285054951,316.1465737844885,0.0,0.0,0.0,1.5267336594134746,3.265909090909091,0.9405940594059405,1150.2861508515045,440,0.8230137825012207
ring,50,3000000.0,6,14,exclude,launch,0,0.0,prior,0.0,cyc,12600.0,43200.0,150311.06405182322,0,139781.47965541936,10529.584396403863,0,0,0.0,0,9.729077099187826,6.0245372298427196,7889.440438978361,6601.780200650477,1.195047426480665,2.0114314374419155,306.8980657937459,0.0,0.0,0.0,1.9500475445806227,8.248803827751196,0.9826086956521739,966.6506035234939,209,0.569998025894165
ring,50,3000000.0,5,14,exclude,launch,0,0.0,prior,0.0,cyc,12600.0,43200.0,171600.38997289722,0,154329.7666710473,17270.623301849922,0,0,0.0,0,9.729077099187826,5.98434663091576,7889.440438978361,6647.110684463333,1.186897708416199,2.011130883932515,306.7156993326446,0.0,0.0,0.0,2.175260616507118,9.993548387096775,0.9652173913043478,1074.5524763701274,155,0.6009981632232666
ring,50,3000000.0,7,14,exclude,launch,0,0.0,prior,0.0,cyc,12600.0,43200.0,146967.40469158476,0,134456.77483446596,12510.62985711881,0,0,0.0,0,9.729077099187826,5.93264207963488,7889.440438978361,6704.984548506058,1.1766530380351454,2.011148122070524,306.7261574300242,0.0,0.0,0.0,1.8829051217082318,7.124497991967871,0.9652173913043478,937.7020028186715,249,0.5879971981048584
ring,50,3000000.0,11,13,exclude,launch,0,0.0,prior,0.0,cyc,12600.0,43200.0,1243385.1114740027,0,1186033.317762174,57351.79371182869,0,8,0.8951474675213226,12,9.583929771688203,5.970840899921411,8013.97324192218,6599.147329589194,1.2143952607315196,2.030330148847624,318.47406468731015,0.0,0.0,0.0,1.4445267170266933,2.847953216374269,0.8118811881188119,1129.6556149379867,513,0.9245102405548096
ring,50,3000000.0,11,14,exclude,launch,0,0.0,prior,0.0,cyc,12600.0,43200.0,1958991.8458573883,0,1841870.3396803623,117121.5061770259,0,11,0.9244399869089601,15,9.729077099187826,6.006060422187258,7889.440438978361,6587.799222544191,1.1975836197283922,2.021901224978568,313.28463408380924,0.0,0.0,0.0,1.4606335638255477,2.4940944881889764,0.8260869565217391,1304.8078012462895,508,0.528001070022583
ring,50,3000000.0,10,14,exclude,launch,0,0.0,prior,0.0,cyc,12600.0,43200.0,350349.6210551381,0,308759.32225589664,41590.29879924148,0,1,0.3377626991759737,3,9.729077099187826,5.740979629339136,7889.440438978361,6896.302031872237,1.1440102829771948,2.020634237807326,312.50827421536235,0.0,0.0,0.0,1.5827388513694232,2.92,0.9391304347826087,1335.2480650410607,425,0.581000804901123
ring,50,3000000.0,12,14,exclude,launch,0,0.0,prior,0.0,cyc,12600.0,43200.0,4282378.6217627805,0,4010883.60962719,271495.01213558984,0,26,0.9794959868911678,41,9.729077099187826,6.085767118486713,7889.440438978361,6414.354315876249,1.2299664238146477,2.0493763109284773,330.3571925813581,0.0,0.0,0.0,1.3516556151612034,1.4907563025210084,0.5217391304347826,1855.5017351763595,595,0.48250770568847656
ring,50,3000000.0,9,14,exclude,launch,0,0.0,prior,0.0,cyc,12600.0,43200.0,160813.7183257685,0,148813.95507566739,11999.763250101145,0,0,0.0,0,9.729077099187826,5.8445130447327935,7889.440438978361,6806.210015203519,1.1591532470134116,2.0111122388289813,306.70438785292646,0.0,0.0,0.0,1.7749666914524695,5.011764705882353,0.9565217391304348,971.2635873623739,340,0.6915116310119629
ring,50,3000000.0,8,14,exclude,launch,0,0.0,prior,0.0,cyc,12600.0,43200.0,140461.26531546962,0,129493.65885772032,10967.606457749287,0,0,0.0,0,9.729077099187826,5.958136087053201,7889.440438978361,6679.181842838433,1.1811986295054377,2.0102788386585493,306.1989995523801,0.0,0.0,0.0,1.8433433342950538,6.284246575342466,0.9739130434782609,897.6869802455957,292,0.9245104789733887
ring,50,3000000.0,12,15,exclude,launch,0,0.0,prior,0.0,cyc,12600.0,43200.0,5553747.183830432,0,5178719.900966757,375027.28286367434,0,34,0.9936551257984125,47,9.810959562514983,5.929269255690579,7820.813005793199,6460.427797686858,1.2105720009119867,2.0884666146149558,355.42787133940277,0.0,0.0,0.0,1.3486219012390763,1.2487479131886476,0.3114754098360656,2205.44491893963,599,0.3642082214355469
ring,50,3000000.0,5,15,exclude,launch,0,0.0,prior,0.0,cyc,12600.0,43200.0,166513.2807333791,0,149262.85695096254,17250.423782416572,0,0,0.0,0,9.810959562514983,6.010189291676691,7820.813005793199,6618.188498202995,1.181715058118509,2.011234472066411,306.77854724862976,0.0,0.0,0.0,2.143704099502434,9.737179487179487,0.9590163934426229,1075.8174073837733,156,0.7212140560150146
ring,50,3000000.0,10,15,exclude,launch,0,0.0,prior,0.0,cyc,12600.0,43200.0,248574.32207987815,0,211742.729405346,36831.59267453215,0,0,0.0,2,9.810959562514983,5.746745164889625,7820.813005793199,6891.790263491862,1.1348013660866443,2.0199284946374974,312.0762402520533,0.0,0.0,0.0,1.5915948101432122,3.139810426540284,0.9508196721311475,1247.51662110962,422,0.5772120952606201
ring,50,3000000.0,8,15,exclude,launch,0,0.0,prior,0.0,cyc,12600.0,43200.0,134387.68923908504,0,124547.16469436324,9840.524544721817,0,0,0.0,0,9.810959562514983,5.9490664440415495,7820.813005793199,6688.478111319281,1.1692963444939148,2.010545275097192,306.36052590637786,0.0,0.0,0.0,1.8267215206830767,6.238907849829351,0.9754098360655737,901.2144627713502,293,0.6372122764587402
ring,50,3000000.0,4,15,exclude,launch,0,0.0,prior,0.0,cyc,12600.0,43200.0,177233.98239376186,0,162544.12085805956,14689.861535702317,0,0,0.0,0,9.810959562514983,6.154751945761143,7820.813005793199,6461.627225119817,1.2103472907551054,2.011581037305244,306.98885851066575,0.0,0.0,0.0,2.380261622998408,12.380530973451327,0.9508196721311475,1177.777296349668,113,0.8937187194824219
ring,50,3000000.0,11,15,exclude,launch,0,0.0,prior,0.0,cyc,12600.0,43200.0,2094942.343461135,0,1936129.05919042,158813.28427071476,0,13,0.906313686882285,21,9.810959562514983,5.814801872770228,7820.813005793199,6734.77310695831,1.1612585727220421,2.042829385063496,326.2479379055726,0.0,0.0,0.0,1.4422943894260043,1.66015625,0.7131147540983607,1936.7528237688325,512,0.6517190933227539
ring,50,3000000.0,9,15,exclude,launch,0,0.0,prior,0.0,cyc,12600.0,43200.0,156986.84884016318,0,141191.27432519072,15795.574514972446,0,0,0.0,0,9.810959562514983,5.847526395554524,7820.813005793199,6800.67925895635,1.1500046845310863,2.0117105961538226,307.06749911097694,0.0,0.0,0.0,1.7460252854488274,4.9623188405797105,0.9590163934426229,968.6414575149329,345,0.7477209568023682
ring,50,3000000.0,6,15,exclude,launch,0,0.0,prior,0.0,cyc,12600.0,43200.0,150723.75876791438,0,138237.76587938084,12485.992888533545,0,0,0.0,0,9.810959562514983,5.946013983787913,7820.813005793199,6690.128391890094,1.1690079095154204,2.011081209728836,306.68556380001786,0.0,0.0,0.0,1.9942563307563517,8.148514851485148,0.9508196721311475,1001.5522369328684,202,0.8987236022949219
paper,200,3000000.0,13,15,exclude,launch,0,0.0,prior,0.0,cyc,12600.0,43200.0,2896541.5784261324,0,2438376.3574475665,458165.22097856627,0,13,0.6553678729443221,21,9.947414648405159,10.674629989124725,7708.957334908408,3717.0440359867234,2.0739483472011098,2.0162271130974467,309.81526361831123,0.0,0.0,0.0,1.2112403971169259,8.026315789473685,0.8142780461621041,1131.9733507499784,722,9.998392105102539
ring,50,3000000.0,7,15,exclude,launch,0,0.0,prior,0.0,cyc,12600.0,43200.0,141482.59335346313,0,131653.8735312813,9828.719822181814,0,0,0.0,0,9.810959562514983,5.961549124024644,7820.813005793199,6675.769662088179,1.1715222965537206,2.010154861068213,306.12385300192227,0.0,0.0,0.0,1.9367046022943402,7.110655737704918,0.9590163934426229,951.519961499228,244,1.225231647491455
ring,100,1500000.0,6,13,exclude,launch,0,0.0,prior,0.0,cyc,12600.0,43200.0,10412452.449294783,0,9683571.573164027,728880.8761307581,0,64,0.9615016960326702,91,4.842407636489829,2.9216282188993943,7927.020400330289,6432.329555322586,1.2323716209115692,2.1284661791331825,382.0307752342333,0.0,0.0,0.010101010101010102,1.3596248249911163,1.2794612794612794,0.26262626262626265,8667.019898993974,297,1.3393361568450928
ring,100,1500000.0,2,13,exclude,launch,0,0.0,prior,0.0,cyc,12600.0,43200.0,1042638.2340814177,0,847171.9923662074,195466.24171521034,0,0,0.0,0,4.842407636489829,2.848081713594691,7927.020400330289,6904.248710962611,1.1481365652056703,2.0341881424377233,320.8635341876367,0.0,0.02,0.0,3.624361543979624,28.18421052631579,0.9,3141.671545990912,38,1.8818435668945312
paper,200,3000000.0,11,15,exclude,launch,0,0.0,prior,0.0,cyc,12600.0,43200.0,1567314.3104957682,0,1254438.8653509878,312875.4451447805,0,5,0.3784308576739218,7,9.947414648405159,10.938559227659576,7708.957334908408,3628.834413884926,2.124361835142381,2.0154067687985684,309.3152718365847,0.0,0.0,0.0,1.4129586437357153,11.298279158699808,0.8211425520555259,1119.0892466012456,523,11.306288003921509
paper,200,3000000.0,12,15,exclude,launch,0,0.0,prior,0.0,cyc,12600.0,43200.0,1997005.0718107745,0,1656547.606629654,340457.4651811205,0,9,0.5718222513667244,13,9.947414648405159,11.00568169109032,7708.957334908408,3607.4992689529586,2.13692554320208,2.014961661835791,309.0441524989412,0.0,0.0,0.0,1.312158582296239,10.17915309446254,0.8234349919743178,1055.7386298979718,614,10.999534368515015
paper,200,3000000.0,15,15,exclude,launch,0,0.0,prior,0.0,cyc,12600.0,43200.0,5713814.579260933,0,4943694.547613994,770120.0316469381,0,32,0.8448579292304226,50,9.947414648405159,10.572937166776137,7708.957334908408,3750.3893905433633,2.0555085171546734,2.017520583667558,310.60444145615025,0.0,0.0,0.0,1.0530547980633957,5.345872518286312,0.7479935794542536,1285.7180556638655,957,9.064984560012817
paper,200,3000000.0,14,15,exclude,launch,0,0.0,prior,0.0,cyc,12600.0,43200.0,4727697.447384494,0,4032276.697107906,695420.7502765885,0,25,0.79762060899503,30,9.947414648405159,10.806348420226392,7708.957334908408,3672.3457117928892,2.0991916175410372,2.015892932932352,309.6115353545688,0.0,0.0,0.0,1.1235424392602205,6.510131108462455,0.7566988210075026,1205.3484809611202,839,10.374330043792725
paper,200,3000000.0,8,15,exclude,launch,0,0.0,prior,0.0,cyc,12600.0,43200.0,989248.2145541928,0,714983.5402669453,274264.67428724765,0,0,0.0,0,9.947414648405159,12.8851708545093,7708.957334908408,3080.3988682172667,2.5025841342974675,2.0155466308643355,309.40048783797084,0.0,0.0,0.0,1.8323879620464625,19.282312925170068,0.8248798718633209,1171.3707433212764,294,12.944812774658203
ring,100,1500000.0,3,14,exclude,launch,0,0.0,prior,0.0,cyc,12600.0,43200.0,779865.1111277039,0,678733.9722131339,101131.13891456992,0,0,0.0,0,4.856939549821317,2.9432772236640568,7902.3055066583165,6685.356086931684,1.18203210179118,2.032845053323376,320.0306712523701,0.0,0.0,0.0,2.4741066109348355,16.621951219512194,0.8984771573604061,2436.6381169040087,82,2.0696492195129395
ring,100,1500000.0,3,13,exclude,launch,0,0.0,prior,0.0,cyc,12600.0,43200.0,781253.2988599066,0,660865.5440611314,120387.75479877515,0,0,0.0,0,4.842407636489829,2.8442750376129817,7927.020400330289,6922.757323745416,1.14506691909309,2.0314647637888474,319.17586768139495,0.0,0.018691588785046728,0.0,2.551534644238133,16.5,0.93,2520.8069711921316,80,2.4968602657318115
paper,200,3000000.0,7,15,exclude,launch,0,0.0,prior,0.0,cyc,12600.0,43200.0,998886.7886711641,0,733951.5040780263,264935.28459313774,0,0,0.0,0,9.947414648405159,14.348480387223605,7708.957334908408,2765.2616714799133,2.7877858411796255,2.016266082519668,309.8390251439617,0.0,0.0,0.0,2.0430187598587133,23.64782608695652,0.8240641711229947,1205.927982976209,230,14.625677585601807
paper,200,3000000.0,10,15,exclude,launch,0,0.0,prior,0.0,cyc,12600.0,43200.0,938176.6243909857,0,696816.5994707018,241360.02492028393,0,0,0.0,2,9.947414648405159,10.9381282378286,7708.957334908408,3627.8018285282433,2.1249664946654048,2.016059851028568,309.7132862616587,0.0,0.0,0.0,1.5174116581222281,12.993227990970654,0.8268513585508791,1150.272780800011,443,12.263797044754028
ring,100,1500000.0,5,13,exclude,launch,0,0.0,prior,0.0,cyc,12600.0,43200.0,2345773.582758899,0,1919712.4526526325,426061.1301062664,0,4,0.19424699453434946,7,4.842407636489829,2.80022490941475,7927.020400330289,6875.918480839369,1.1528671293035178,2.0774776374488866,348.28741776073014,0.0,0.0,0.0035211267605633804,1.5874228163660047,2.90521327014218,0.5959595959595959,5354.663194517115,211,2.55635142326355
ring,100,1500000.0,4,13,exclude,launch,0,0.0,prior,0.0,cyc,12600.0,43200.0,990814.4402575345,0,810981.3147795431,179833.12547799133,0,0,0.0,0,4.842407636489829,2.9007940725998917,7927.020400330289,6755.976423911156,1.1733345267864617,2.041056216751088,325.1394139308265,0.0,0.0051813471502590676,0.0,1.8721212113768626,7.597222222222222,0.91,3031.9684711984337,144,2.5993528366088867
ring,100,1500000.0,5,14,exclude,launch,0,0.0,prior,0.0,cyc,12600.0,43200.0,2973305.5930481222,0,2433249.2367255827,540056.3563225396,0,3,0.19400709181664785,5,4.856939549821317,2.759054867794342,7902.3055066583165,6939.10850294998,1.1388070244612631,2.0892767715222464,355.9571654933785,0.0,0.0,0.0035211267605633804,1.5777139415034083,2.240566037735849,0.5282051282051282,6943.904272054296,212,2.259650707244873
ring,100,1500000.0,4,14,exclude,launch,0,0.0,prior,0.0,cyc,12600.0,43200.0,1070615.0365037574,0,846555.3510282189,224059.68547553846,0,0,0.0,0,4.856939549821317,2.9082889269256773,7902.3055066583165,6733.361184252158,1.173604874359044,2.0426338774587176,326.1256207273802,0.0,0.0,0.0,1.8719423679365064,7.770833333333333,0.8974358974358975,2970.6346400684506,144,2.376650810241699
ring,100,1500000.0,6,14,exclude,launch,0,0.0,prior,0.0,cyc,12600.0,43200.0,11193202.840713473,0,10570034.159470158,623168.6812433152,0,66,0.9727250078593727,85,4.856939549821317,2.944425773212689,7902.3055066583165,6389.389233698668,1.2367857423649016,2.126180031967974,380.484439321016,0.0,0.0,0.005012531328320802,1.3481625930053116,1.4563758389261745,0.3384615384615385,7573.666360964501,298,2.359144687652588
ring,100,1500000.0,3,15,exclude,launch,0,0.0,prior,0.0,cyc,12600.0,43200.0,819398.0163312767,0,674570.3402487709,144827.67608250584,0,0,0.0,0,4.790815190311638,2.890593790615559,8015.976421067365,6815.708216108432,1.1761032260920716,2.0303080478944535,318.46040206682403,0.0,0.0,0.0,2.5754140872292326,16.443037974683545,0.9043062200956937,2538.0872225928515,79,2.4673523902893066
ring,100,1500000.0,6,15,exclude,launch,0,0.0,prior,0.0,cyc,12600.0,43200.0,9967201.309210377,0,9265821.965714494,701379.343495882,0,68,0.9587247529072328,91,4.790815190311638,2.918970877097318,8015.976421067365,6408.817991796768,1.2507729867391686,2.1382195270619047,388.6631075355077,0.0,0.0,0.005,1.3501368473878113,1.1666666666666667,0.23671497584541062,9414.028822302042,300,2.020841121673584
ring,100,1500000.0,2,14,exclude,launch,0,0.0,prior,0.0,cyc,12600.0,43200.0,1109447.0489097459,0,913195.1927620078,196251.85614773812,0,0,0.0,0,4.856939549821317,2.907210570788286,7902.3055066583165,6762.602514044943,1.16853023525283,2.034555965141054,321.09181350268113,0.0,0.10416666666666667,0.0,3.7475183545443205,29.485714285714284,0.8358974358974359,3130.349611500383,35,2.832859516143799
ring,100,1500000.0,2,15,exclude,launch,0,0.0,prior,0.0,cyc,12600.0,43200.0,1102891.7439459688,0,888297.0409669211,214594.7029790477,0,0,0.0,0,4.790815190311638,2.9019893386795244,8015.976421067365,6773.170847585563,1.183489476561015,2.035036243328881,321.39000750130873,0.0,0.038461538461538464,0.0,3.3752156119982746,24.333333333333332,0.9121951219512195,3430.2447023956825,39,2.6063528060913086
ring,100,1500000.0,4,15,exclude,launch,0,0.0,prior,0.0,cyc,12600.0,43200.0,937704.3144304804,0,771409.2036740418,166295.11075643866,0,0,0.0,0,4.790815190311638,2.9051777105509777,8015.976421067365,6760.216393688812,1.185757371398777,2.036698248879536,322.4229777689688,0.0,0.0,0.0,1.949859788191834,8.262773722627736,0.8888888888888888,2881.297106390053,137,2.5998547077178955
ring,100,1500000.0,5,15,exclude,launch,0,0.0,prior,0.0,cyc,12600.0,43200.0,2652115.955789498,0,2109635.8499509743,542480.105838524,0,4,0.17963019252252346,7,4.790815190311638,2.7948113713586635,8015.976421067365,6866.954436211518,1.1673262864242564,2.0842188718049677,352.65916859341104,0.0,0.0,0.003484320557491289,1.5687575321575227,2.358139534883721,0.5,6531.546655057617,215,2.3908591270446777
ring,100,3000000.0,6,13,exclude,launch,0,0.0,prior,0.0,cyc,12600.0,43200.0,320936.34937718953,0,296958.0704457814,23978.27893140808,0,0,0.0,0,9.684815272979659,5.997981437532975,7927.020400330289,6612.573043064418,1.1987800132725226,2.017039426326,310.3107584104555,0.0,0.0,0.0,2.310667364125491,16.620689655172413,0.9644670050761421,1134.0093755175808,174,1.631223440170288
ring,100,3000000.0,5,13,exclude,launch,0,0.0,prior,0.0,cyc,12600.0,43200.0,349568.1402623919,0,323895.2310222963,25672.90924009557,0,0,0.0,0,9.684815272979659,6.063355998646169,7927.020400330289,6538.451389542022,1.2123697077582047,2.017911056497651,310.84287568204905,0.0,0.0,0.0,2.530155999233536,19.97761194029851,0.95,1245.4788276462343,134,1.7940964698791504
ring,100,3000000.0,11,13,exclude,launch,0,0.0,prior,0.0,cyc,12600.0,43200.0,4054293.306778001,0,3758451.888713648,295841.4180643528,0,20,0.8617967706612939,29,9.684815272979659,5.841208106216889,7927.020400330289,6648.013988634431,1.1923892479592357,2.060133589533895,337.16496829740623,0.0,0.0,0.0,1.452676681502767,2.4,0.6984924623115578,2698.831451238433,510,1.1950790882110596
ring,100,3000000.0,4,13,exclude,launch,0,0.0,prior,0.0,cyc,12600.0,43200.0,417440.84121098346,0,376820.9184026493,40619.922808334195,0,0,0.0,0,9.684815272979659,6.217534999331024,7927.020400330289,6373.0827158581305,1.2438282623581047,2.018934331361893,311.4681514883723,0.0,0.0,0.0,2.9234712595334225,25.053763440860216,0.955,1432.1106008648387,93,2.2216010093688965
ring,100,3000000.0,6,14,exclude,launch,0,0.0,prior,0.0,cyc,12600.0,43200.0,338366.9211535288,0,317609.35361277463,20757.567540754157,0,0,0.0,0,9.713879099642634,6.0468396666465045,7902.3055066583165,6554.662257463714,1.20560071537783,2.0184184854884286,311.15286347536346,0.0,0.0,0.0,2.2413493165606866,16.27777777777778,0.9384615384615385,1122.6972060042929,180,1.2945849895477295
ring,100,3000000.0,8,13,exclude,launch,0,0.0,prior,0.0,cyc,12600.0,43200.0,392088.18168864114,0,351947.5594218368,40140.62226680431,0,0,0.0,0,9.684815272979659,5.97113862141517,7927.020400330289,6640.246783215308,1.1937840051920339,2.017662922715502,310.69134728095736,0.0,0.0,0.0,1.9540715115517815,9.854545454545455,0.96,1220.0325575039142,275,1.8315863609313965
ring,100,3000000.0,10,13,exclude,launch,0,0.0,prior,0.0,cyc,12600.0,43200.0,702732.695720278,0,600597.3850098766,102135.31071040142,0,1,0.056373780748525455,7,9.684815272979659,5.728832082518094,7927.020400330289,6852.173482128347,1.1568621870134095,2.037959477534466,323.20796310108636,0.0,0.0,0.0,1.59354743383532,3.933806146572104,0.905,1986.8755976780385,423,1.5521538257598877
ring,100,3000000.0,9,13,exclude,launch,0,0.0,prior,0.0,cyc,12600.0,43200.0,461767.502067228,0,394661.90069395956,67105.60137326845,0,0,0.0,0,9.684815272979659,5.951789990745791,7927.020400330289,6647.757431630885,1.1924352658555961,2.0219351585586702,313.3054404895005,0.0,0.0,0.0,1.747111709132608,7.174418604651163,0.945,1338.010955132517,344,1.887666940689087
ring,100,3000000.0,12,13,exclude,launch,0,0.0,prior,0.0,cyc,12600.0,43200.0,8962699.52308861,0,8356711.573300187,605987.9497884237,0,55,0.9731477617221388,91,9.684815272979659,5.92538750990478,7927.020400330289,6439.034918824716,1.2310882764675497,2.0967779893507332,360.876587377271,0.0,0.0,0.0025252525252525255,1.357569639162633,1.5109983079526226,0.36363636363636365,3686.395460857688,591,1.6861729621887207
ring,100,3000000.0,4,14,exclude,launch,0,0.0,prior,0.0,cyc,12600.0,43200.0,421325.5650958954,0,386993.29493085237,34332.27016504299,0,0,0.0,0,9.713879099642634,6.179920493132937,7902.3055066583165,6406.781961747953,1.2334281943477194,2.02053861640118,312.44972026981026,0.0,0.0,0.0,2.8213359493602264,24.979166666666668,0.9543147208121827,1407.4515501261828,96,1.9878809452056885
ring,100,3000000.0,7,13,exclude,launch,0,0.0,prior,0.0,cyc,12600.0,43200.0,297498.67493179534,0,276532.0222056478,20966.652726147535,0,0,0.0,0,9.684815272979659,6.091331323591475,7927.020400330289,6515.073194190583,1.216720083421123,2.0158511707840026,309.5860803549688,0.0,0.0,0.0,2.159717046859491,14.275229357798166,0.96,1063.272957834738,218,2.751896619796753
ring,100,3000000.0,5,14,exclude,launch,0,0.0,prior,0.0,cyc,12600.0,43200.0,379762.87165429053,0,347568.95497359853,32193.916680691993,0,0,0.0,0,9.713879099642634,5.974234166718438,7902.3055066583165,6631.575666127845,1.1916180866367836,2.0192543003414825,311.66379862938146,0.0,0.0,0.0,2.508701211231787,19.76691729323308,0.9137055837563451,1267.241397665245,133,2.1753876209259033
ring,100,3000000.0,12,14,exclude,launch,0,0.0,prior,0.0,cyc,12600.0,43200.0,10056217.083724666,0,9487557.065173915,568660.0185507528,0,59,0.9798067239078824,85,9.713879099642634,5.924530909821155,7902.3055066583165,6441.311237694489,1.2268162824385977,2.0963400573401936,360.58845639860965,0.0,0.0,0.001256281407035176,1.3551048897232403,1.519327731092437,0.358974358974359,3649.093457677367,595,1.6311774253845215
ring,100,3000000.0,10,14,exclude,launch,0,0.0,prior,0.0,cyc,12600.0,43200.0,1174853.2147524229,0,993092.6352098085,181760.57954261437,0,2,0.3037780174320619,5,9.713879099642634,5.66257896292391,7902.3055066583165,6912.07345286954,1.1432612168462537,2.0439363680533797,326.9409421633445,0.0,0.0,0.0,1.58731949698041,3.4211764705882355,0.8871794871794871,2279.5995434587635,425,1.8933868408203125
ring,100,3000000.0,8,14,exclude,launch,0,0.0,prior,0.0,cyc,12600.0,43200.0,371670.152978035,0,341542.24001784006,30127.912960194888,0,0,0.0,0,9.713879099642634,5.864082560935068,7902.3055066583165,6755.407481635955,1.1697748104966448,2.01947443798122,311.79843890913713,0.0,0.0,0.0,1.944479767102541,10.568840579710145,0.9333333333333333,1133.5113145823025,276,2.0973875522613525
ring,100,3000000.0,6,15,exclude,launch,0,0.0,prior,0.0,cyc,12600.0,43200.0,335630.58531763306,0,309466.1644875691,26164.42083006391,0,0,0.0,0,9.581630380623276,5.984015738102089,8015.976421067365,6631.025240587189,1.2088592834789957,2.01612093325304,309.75052529850876,0.0,0.0,0.0,2.399317403533789,16.660714285714285,0.9665071770334929,1195.3633175466164,168,1.6166727542877197
ring,100,3000000.0,11,14,exclude,launch,0,0.0,prior,0.0,cyc,12600.0,43200.0,4850442.615807947,0,4588651.841708145,261790.77409980164,0,29,0.9139676602186868,38,9.713879099642634,5.845566080938078,7902.3055066583165,6668.564800129274,1.1850084303754724,2.0522536510871356,332.1713238678621,0.0,0.0,0.0,1.4584443442666866,2.5972222222222223,0.6410256410256411,2500.7101360770457,504,1.883178949356079
ring,100,3000000.0,4,15,exclude,launch,0,0.0,prior,0.0,cyc,12600.0,43200.0,424256.65332060657,0,381835.82569201884,42420.82762858774,0,0,0.0,0,9.581630380623276,6.232128238325713,8015.976421067365,6358.726852932061,1.2606260036741683,2.018754166657122,311.35801562437405,0.0,0.0,0.0,2.9145967939674606,24.619565217391305,0.9519230769230769,1458.6585163436257,92,1.8726882934570312
ring,100,3000000.0,9,14,exclude,launch,0,0.0,prior,0.0,cyc,12600.0,43200.0,503069.9501185407,0,454459.13788020774,48610.81223833295,0,0,0.0,0,9.713879099642634,5.776285499712546,7902.3055066583165,6830.635764121005,1.1568916539462442,2.027590317744266,316.7825583365285,0.0,0.0,0.0,1.71851679087612,6.125,0.9179487179487179,1532.6853777129877,352,2.267897129058838
ring,100,3000000.0,5,15,exclude,launch,0,0.0,prior,0.0,cyc,12600.0,43200.0,376015.5608876473,0,339516.54443410004,36499.0164535473,0,0,0.0,0,9.581630380623276,6.008680097739695,8015.976421067365,6599.4880783912595,1.2146360938682685,2.017440130810873,310.5553259353339,0.0,0.0,0.0,2.5950552857111227,19.753846153846155,0.9569377990430622,1301.2976978993274,130,2.1506881713867188
ring,100,3000000.0,11,15,exclude,launch,0,0.0,prior,0.0,cyc,12600.0,43200.0,3965518.0445225216,0,3616214.0541089317,349303.99041358987,0,22,0.8337686988789436,34,9.581630380623276,5.771942780871744,8015.976421067365,6711.240104815577,1.1944106150092273,2.0652146313244177,340.4046632362847,0.0,0.0,0.0014771048744460858,1.4571778991155386,2.093069306930693,0.6763285024154589,3127.367295675092,505,1.4923121929168701
ring,100,3000000.0,10,15,exclude,launch,0,0.0,prior,0.0,cyc,12600.0,43200.0,1026410.57537157,0,869628.8174174046,156781.75795416534,0,2,0.2637705128505448,7,9.581630380623276,5.7223340881032065,8015.976421067365,6862.69048405343,1.1680515738971153,2.0371469834488747,322.7021595831301,0.0,0.0,0.0017761989342806395,1.5957008859847144,3.6619047619047618,0.8653846153846154,2146.4997325497625,420,1.661818027496338
ring,100,3000000.0,7,14,exclude,launch,0,0.0,prior,0.0,cyc,12600.0,43200.0,357223.34967730875,0,325607.81789737206,31615.53177993669,0,0,0.0,0,9.713879099642634,5.955100407221455,7902.3055066583165,6659.899633322874,1.1865502397542227,2.017126868600745,310.36412004886705,0.0,0.0,0.0,2.1723857855100857,13.654377880184331,0.9538461538461539,1119.259361454961,217,2.7438971996307373
ring,100,3000000.0,12,15,exclude,launch,0,0.0,prior,0.0,cyc,12600.0,43200.0,8645643.20194716,0,8077615.382711713,568027.819235448,0,62,0.9751735421215963,91,9.581630380623276,5.874300793755692,8015.976421067365,6445.107393017441,1.243730465958067,2.1130201954567394,371.6441866483677,0.0,0.0,0.0025157232704402514,1.353170787255275,1.384873949579832,0.32367149758454106,4000.197752977321,595,1.5083110332489014
ring,100,3000000.0,9,15,exclude,launch,0,0.0,prior,0.0,cyc,12600.0,43200.0,552280.8840730491,0,473739.25187409215,78541.63219895693,0,0,0.0,0,9.581630380623276,5.815582734920693,8015.976421067365,6798.334967335478,1.1791087758373764,2.0234579755133,314.2398682925349,0.0,0.0,0.0,1.7536076078762481,6.023188405797101,0.9330143540669856,1588.152274304471,345,1.7888188362121582
ring,100,3000000.0,8,15,exclude,launch,0,0.0,prior,0.0,cyc,12600.0,43200.0,362681.61079954606,0,325517.25796254375,37164.35283700228,0,0,0.0,0,9.581630380623276,6.007589949860301,8015.976421067365,6603.099287737239,1.2139718141076585,2.016702688677448,310.1053071491855,0.0,0.0,0.0,1.9822565240986534,10.702205882352942,0.9663461538461539,1137.6909765720197,272,1.9321866035461426
ring,100,3000000.0,7,15,exclude,launch,0,0.0,prior,0.0,cyc,12600.0,43200.0,348014.2307724191,0,318451.0019909822,29563.228781436843,0,0,0.0,0,9.581630380623276,6.060740532496461,8015.976421067365,6548.076817238771,1.2241726303460787,2.015814336809669,309.56363006042034,0.0,0.0,0.0,2.1650074004301927,12.963302752293577,0.9569377990430622,1180.5239757776483,218,2.9536383152008057
ring,200,1500000.0,4,14,exclude,launch,0,0.0,prior,0.0,cyc,12600.0,43200.0,3990468.486956086,0,3080689.616192739,909778.8707633467,0,0,0.0,0,4.825004938132134,2.7998840539312613,7956.813622554527,6884.25590093408,1.1557986421560706,2.075214239181353,346.8256980415006,0.0,0.0053475935828877,0.0,1.93127122059769,8.676258992805755,0.672544080604534,5454.663800099667,139,4.865710020065308
ring,200,1500000.0,2,13,exclude,launch,0,0.0,prior,0.0,cyc,12600.0,43200.0,3174453.0103874425,0,2478121.2563110273,696331.7540764153,0,0,0.0,0,4.851851601005497,2.897025241512967,7910.9419020655405,6683.093741105249,1.183724515699705,2.0659992489123002,340.90631960447655,0.0,0.04,0.0,3.6060630374814258,40.62162162162162,0.7762237762237763,4366.88945575907,37,5.990207195281982
ring,200,1500000.0,3,13,exclude,launch,0,0.0,prior,0.0,cyc,12600.0,43200.0,2815988.8220335096,0,2193494.345932249,622494.4761012609,0,0,0.0,0,4.851851601005497,2.885325816123294,7910.9419020655405,6732.017686626278,1.175121972388946,2.0593012421656676,336.635736496118,0.0,0.01904761904761905,0.0,2.568865168711888,21.115384615384617,0.8169014084507042,3941.3859289671273,78,6.020640134811401
ring,200,1500000.0,6,13,exclude,launch,0,0.0,prior,0.0,cyc,12600.0,43200.0,24048944.86075958,0,22347377.107699078,1701567.7530605034,0,153,0.9552998784257177,173,4.851851601005497,2.9278490903224843,7910.9419020655405,6359.359043281588,1.243984157558007,2.1483149842717,395.5881909308746,0.0,0.0,0.017587939698492462,1.3482779330899242,1.14,0.20140515222482436,19239.006816411555,300,6.1469316482543945
ring,200,1500000.0,6,14,exclude,launch,0,0.0,prior,0.0,cyc,12600.0,43200.0,25174601.12707127,0,23485271.38097373,1689329.7460975403,0,151,0.9564293357465203,178,4.825004938132134,2.9298232285970234,7956.813622554527,6380.815508889122,1.246990076968983,2.1396482632210496,389.6394491588263,0.0,0.0,0.015151515151515152,1.3499746649564746,1.2195945945945945,0.15656565656565657,18176.95522587645,296,6.214934349060059
ring,200,1500000.0,3,15,exclude,launch,0,0.0,prior,0.0,cyc,12600.0,43200.0,3191466.765338484,0,2515814.6772942157,675652.0880442689,0,0,0.0,0,4.866811022269892,2.8289862235006367,7885.600957923348,6850.0796930042825,1.1511692288743156,2.064113311977704,339.7011422184477,0.0,0.018518518518518517,0.0,2.5209264593733907,19.11111111111111,0.7874396135265701,4279.4505359354125,81,6.253660440444946
ring,200,1500000.0,2,14,exclude,launch,0,0.0,prior,0.0,cyc,12600.0,43200.0,3941890.4411526523,0,3084775.3841025555,857115.0570500969,0,0,0.0,0,4.825004938132134,2.8217631941084256,7956.813622554527,6865.803870195195,1.158904881786015,2.064657574445887,340.0487252474997,0.0,0.04,0.0,3.615210812144857,32.891891891891895,0.6977329974811083,5455.401405229786,37,6.5296630859375
ring,200,3000000.0,9,13,exclude,launch,0,0.0,prior,0.0,cyc,12600.0,43200.0,1554939.0643294835,0,1309651.6033212116,245287.46100827202,0,0,0.0,0,9.703703202010994,5.685626322886941,7910.9419020655405,6864.424899622085,1.1524551608833349,2.0497812487138183,330.61220104534306,0.0,0.0,0.0,1.74975634916428,9.005830903790088,0.9227166276346604,2120.0886277025443,343,5.902148962020874
ring,200,1500000.0,3,14,exclude,launch,0,0.0,prior,0.0,cyc,12600.0,43200.0,3087108.8461157987,0,2374667.477261795,712441.3688540034,0,0,0.0,0,4.825004938132134,2.8443085887735533,7956.813622554527,6829.640925323041,1.1650412824856045,2.059137784195535,336.53185377318835,0.0,0.009259259259259259,0.0,2.5289310347783585,19.8625,0.8035264483627204,4153.791159059763,80,7.34868597984314
ring,200,1500000.0,4,13,exclude,launch,0,0.0,prior,0.0,cyc,12600.0,43200.0,3569030.3265957986,0,2705237.5670051104,863792.7595906882,0,0,0.0,0,4.851851601005497,2.8205553462472475,7910.9419020655405,6834.079423171998,1.1575724266888492,2.0751301650588045,346.7714615458118,0.0,0.0,0.0,1.9447733706895418,9.776978417266188,0.7226107226107226,4829.100282308494,139,8.024406671524048
ring,200,3000000.0,10,13,exclude,launch,0,0.0,prior,0.0,cyc,12600.0,43200.0,3437378.892256284,0,2835762.9092985885,601615.982957696,0,3,0.1316479386135396,8,9.703703202010994,5.581441844961818,7910.9419020655405,6901.75558139702,1.146221683565364,2.0767489895368993,347.8165159406202,0.0,0.0,0.0,1.6014402735832154,4.414285714285715,0.7686915887850467,3564.978660882629,420,6.207109451293945
ring,200,1500000.0,2,15,exclude,launch,0,0.0,prior,0.0,cyc,12600.0,43200.0,3914453.060909787,0,3056044.8595848903,858408.201324897,0,0,0.0,0,4.866811022269892,2.8767676524892147,7885.600957923348,6720.346805826182,1.173391967076305,2.0690144275463442,342.8375538906715,0.0,0.0392156862745098,0.0,3.531218064834842,32.67567567567568,0.6618357487922706,5296.285551060469,37,8.029582262039185
ring,200,1500000.0,5,14,exclude,launch,0,0.0,prior,0.0,cyc,12600.0,43200.0,10564875.726298157,0,9064310.260817915,1500565.4654802438,0,20,0.22406234331474026,17,4.825004938132134,2.687508797049571,7956.813622554527,7005.87715088955,1.1357341059776127,2.1244552096248728,379.319855535755,0.0,0.0,0.0035211267605633804,1.582118058784809,2.1502347417840375,0.26448362720403024,14399.67319522767,213,8.191582441329956
ring,200,1500000.0,4,15,exclude,launch,0,0.0,prior,0.0,cyc,12600.0,43200.0,3980187.3223978267,0,3026848.152004172,953339.1703936548,0,0,0.0,0,4.866811022269892,2.8399774119623555,7885.600957923348,6780.59876766773,1.1629652819931855,2.0771939982521763,348.1040729611527,0.0,0.0053475935828877,0.0,1.9384393311685681,9.151079136690647,0.644927536231884,5165.776913874322,139,7.986074209213257
ring,200,1500000.0,5,13,exclude,launch,0,0.0,prior,0.0,cyc,12600.0,43200.0,8818550.270681158,0,7250824.565156328,1567725.7055248308,0,14,0.14417586443681848,8,4.851851601005497,2.773971409050518,7910.9419020655405,6809.456520562633,1.161758192915504,2.117607954166715,374.7142617650132,0.0,0.0035087719298245615,0.0,1.5734569335999384,2.660377358490566,0.3075117370892019,11561.704107760901,212,9.172304630279541
ring,200,3000000.0,5,13,exclude,launch,0,0.0,prior,0.0,cyc,12600.0,43200.0,853996.0728288749,0,773004.7170684705,80991.35576040449,0,0,0.0,0,9.703703202010994,6.011448125924382,7910.9419020655405,6550.97012653412,1.2075985310973982,2.031445914819014,319.16420255904967,0.0,0.006329113924050633,0.0,2.85436431912943,39.77777777777778,0.9537037037037037,1447.2080179883892,117,8.120580434799194
ring,200,1500000.0,6,15,exclude,launch,0,0.0,prior,0.0,cyc,12600.0,43200.0,25650825.81596884,0,23929983.735729545,1720842.080239294,0,146,0.9574689904215099,177,4.866811022269892,2.90283721506187,7885.600957923348,6398.624373540365,1.232390041605183,2.1535288446730005,399.1886386477881,0.0,0.0,0.010075566750629723,1.355761809103211,1.0838926174496644,0.13691931540342298,20339.94291620518,298,8.159580945968628
ring,200,1500000.0,5,15,exclude,launch,0,0.0,prior,0.0,cyc,12600.0,43200.0,9418705.253531648,0,7884849.540286932,1533855.7132447166,0,15,0.19511719147828735,10,4.866811022269892,2.783160518949898,7885.600957923348,6791.721920980441,1.1610606337641391,2.11612754536437,373.72220925632814,0.0,0.0,0.0035087719298245615,1.5795725492033337,2.6619718309859155,0.288135593220339,11613.762410447915,213,8.690581560134888
ring,200,3000000.0,6,13,exclude,launch,0,0.0,prior,0.0,cyc,12600.0,43200.0,828066.6201476954,0,752188.2692126168,75878.35093507859,0,0,0.0,0,9.703703202010994,5.954974092079382,7910.9419020655405,6616.183407580015,1.19569567751132,2.0304980409506985,318.57786372096825,0.0,0.0,0.0,2.5131641189616887,31.08695652173913,0.9603729603729604,1335.682149001035,161,8.547218561172485
ring,200,3000000.0,11,13,exclude,launch,0,0.0,prior,0.0,cyc,12600.0,43200.0,9514024.037550094,0,8482751.673280422,1031272.3642696734,0,50,0.7202485344487647,69,9.703703202010994,5.690172876928762,7910.9419020655405,6676.6212016784575,1.1848720577523228,2.1057547479300274,366.80806877093966,0.0,0.0,0.001483679525222552,1.4616227834544173,2.176938369781312,0.5737704918032787,6005.399625549669,503,4.437023878097534
ring,200,3000000.0,8,13,exclude,launch,0,0.0,prior,0.0,cyc,12600.0,43200.0,1111298.9811041849,0,980209.6203560862,131089.36074809858,0,0,0.0,0,9.703703202010994,5.832048270281504,7910.9419020655405,6736.218284473621,1.1743891851455515,2.03635140818879,322.2072723764667,0.0,0.005405405405405406,0.0,1.9533242038014123,14.623188405797102,0.9533799533799534,1647.347871475169,276,8.845232963562012
ring,200,3000000.0,7,13,exclude,launch,0,0.0,prior,0.0,cyc,12600.0,43200.0,1063259.2404556484,0,938503.5312575274,124755.709198121,0,0,0.0,0,9.703703202010994,5.97626132119704,7910.9419020655405,6589.789738239617,1.200484722017679,2.031369137193183,319.1166891463833,0.0,0.04861111111111111,0.0,2.198719306169021,20.314814814814813,0.9534883720930233,1519.150767461159,216,9.071232557296753
ring,200,3000000.0,12,13,exclude,launch,0,0.0,prior,0.0,cyc,12600.0,43200.0,20323439.431791205,0,18898703.261497628,1424736.1702935759,0,128,0.9566123435538985,173,9.703703202010994,5.872068271826913,7910.9419020655405,6403.7635643416,1.2353582112425947,2.1274707701252655,381.3571012460579,0.0,0.0,0.0037831021437578815,1.354873746555837,1.5278246205733559,0.3427230046948357,7240.132858310148,593,5.1063361167907715
ring,200,3000000.0,8,14,exclude,launch,0,0.0,prior,0.0,cyc,12600.0,43200.0,1251113.6698348506,0,1081820.2105634687,169293.459271382,0,0,0.0,0,9.650009876264267,5.789341581064867,7956.813622554527,6786.957770831673,1.1723682231751238,2.0360369981223956,322.01179844353936,0.0,0.0,0.0,1.945533327581346,13.592057761732852,0.9622166246851386,1761.6205381240418,277,4.440807580947876
ring,200,3000000.0,11,14,exclude,launch,0,0.0,prior,0.0,cyc,12600.0,43200.0,12542053.611383239,0,11506963.353903411,1035090.2574798291,0,63,0.8521383422287961,78,9.650009876264267,5.69420550821186,7956.813622554527,6698.6107810656995,1.187830414784699,2.0973557730101424,361.25690776760626,0.0,0.0,0.0014749262536873156,1.4618299563556632,2.4220907297830374,0.5591939546599496,5386.206048329692,507,3.5867817401885986
ring,200,3000000.0,10,14,exclude,launch,0,0.0,prior,0.0,cyc,12600.0,43200.0,5090411.11402605,0,4111189.2440167256,979221.8700093247,0,8,0.20248755306032643,17,9.650009876264267,5.445329663385815,7956.813622554527,7031.239494570651,1.1316374059934355,2.089459312979243,356.0764783911611,0.0,0.0,0.0017730496453900709,1.5952842924836108,2.9881796690307327,0.6246851385390428,5239.782537821515,423,5.434385776519775
ring,200,3000000.0,12,14,exclude,launch,0,0.0,prior,0.0,cyc,12600.0,43200.0,22747856.91795294,0,21304250.01732757,1443606.900625374,0,137,0.9672997836363362,178,9.650009876264267,5.878882034330344,7956.813622554527,6433.789243063882,1.2367227650692136,2.1150878526404293,373.0262757318731,0.0,0.0,0.0025220680958385876,1.3572908245440383,1.3535353535353536,0.28211586901763225,8190.784780651324,594,5.261996507644653
core,50,1500000.0,3,13,exclude,launch,0,0.0,prior,0.0,cyc,12600.0,43200.0,76559.82842792313,0,73320.21466897387,3239.6137589492473,0,0,0.0,0,6.021408737951497,25.298426360119308,6309.630421624802,787.3498558699486,8.013757003426699,2.008161938402628,304.9171482131233,0.0,0.0,0.0,1.0146214139478262,15.522388059701493,0.9801980198019802,529.9753074650243,201,3.5423293113708496
core,50,1500000.0,4,13,exclude,launch,0,0.0,prior,0.0,cyc,12600.0,43200.0,60891.46551067141,0,58642.49006798922,2248.9754426821887,0,0,0.0,0,6.021408737951497,26.0182097097576,6309.630421624802,766.2495300304943,8.234433006926215,2.0063761669180042,303.83789680217234,0.0,0.0,0.0,0.8278255800479885,12.101538461538462,0.99,415.2104190011439,325,3.510329008102417
core,50,1500000.0,7,13,exclude,launch,0,0.0,prior,0.0,cyc,12600.0,43200.0,175438.62346067652,0,160343.89452709886,15094.728933577642,0,1,0.8058691683417714,1,6.021408737951497,19.815767572563043,6309.630421624802,1006.9092255548179,6.266334900395939,2.0047433048272616,302.8527325785623,0.0,0.0,0.0,0.5367992145744763,7.2383124287343215,0.98,256.537778945034,877,2.4548425674438477
ring,200,3000000.0,11,15,exclude,launch,0,0.0,prior,0.0,cyc,12600.0,43200.0,10990441.686774664,0,9914522.185801707,1075919.5009729543,0,48,0.7266167207962619,58,9.733622044539784,5.682797662844216,7885.600957923348,6658.511789306749,1.1842888031808017,2.1142221612676466,372.4473073979836,0.0,0.0,0.004418262150220913,1.4574798887432054,2.0275049115913557,0.5084745762711864,6395.918518610551,509,4.43908953666687
ring,200,3000000.0,4,13,exclude,launch,0,0.0,prior,0.0,cyc,12600.0,43200.0,999860.662005507,0,891414.828249672,108445.83375583505,0,0,0.0,0,9.703703202010994,6.121981158208739,7910.9419020655405,6423.007913046062,1.2316568824393426,2.03450865305852,321.06244597588596,0.0,0.0,0.0,3.302280342921446,49.75308641975309,0.9376443418013857,1650.2399714056949,81,13.126307725906372
ring,200,3000000.0,4,14,exclude,launch,0,0.0,prior,0.0,cyc,12600.0,43200.0,1061366.5085040303,0,939197.7341219973,122168.77438203298,0,0,0.0,0,9.650009876264267,6.164454739756306,7956.813622554527,6385.4916344044395,1.2460769002787426,2.0323615897400833,319.73113559120156,0.0,0.0,0.0,3.400683402451083,49.46835443037975,0.9521410579345088,1716.172834269775,79,8.454410791397095
ring,200,3000000.0,12,15,exclude,launch,0,0.0,prior,0.0,cyc,12600.0,43200.0,22508596.46370987,0,21021942.78527673,1486653.6784331359,0,130,0.9620307744557381,177,9.733622044539784,5.825973836283869,7885.600957923348,6429.881546585681,1.2263991025014553,2.135592980870964,386.8714254610205,0.0,0.0,0.0025220680958385876,1.3573838527785291,1.3170320404721754,0.25853658536585367,8421.615234007782,593,4.533083438873291
ring,200,3000000.0,10,15,exclude,launch,0,0.0,prior,0.0,cyc,12600.0,43200.0,3880540.934037713,0,3218512.618496304,662028.3155414094,0,5,0.22247361988772993,10,9.733622044539784,5.6034811527598265,7885.600957923348,6860.4988218466715,1.1494209331852556,2.081020590734081,350.5816552773183,0.0,0.0,0.0017605633802816902,1.5852323418093381,3.9295774647887325,0.7651331719128329,3956.93905310334,426,5.141726493835449
core,50,1500000.0,5,13,exclude,launch,0,0.0,prior,0.0,cyc,12600.0,43200.0,51746.53547084274,0,50314.173238763986,1432.362232078759,0,0,0.0,0,6.021408737951497,29.95111383525009,6309.630421624802,666.0365903720252,9.473399078720973,2.0051595023159043,303.10368752878713,0.0,0.0,0.0,0.6973376737297272,9.711018711018712,1.0,348.7795413731247,481,4.148583650588989
ring,200,3000000.0,7,14,exclude,launch,0,0.0,prior,0.0,cyc,12600.0,43200.0,1011787.30804604,0,892016.1475950987,119771.16045094121,0,0,0.0,0,9.650009876264267,5.888457772802443,7956.813622554527,6691.0391197885665,1.189174578134279,2.03046193858141,318.55554205948744,0.0,0.0035087719298245615,0.0,2.2187156613395365,21.469483568075116,0.947103274559194,1458.984085237325,213,8.152662992477417
ring,200,3000000.0,9,14,exclude,launch,0,0.0,prior,0.0,cyc,12600.0,43200.0,1544856.1219182657,0,1321111.8231084764,223744.2988097895,0,0,0.0,0,9.650009876264267,5.68616795145043,7956.813622554527,6876.096245549153,1.1571701934371432,2.0461070738630895,328.30200299591866,0.0,0.0021691973969631237,0.0,1.7625054346884936,8.556851311953352,0.9219143576826196,2253.023134396263,343,8.411188125610352
ring,200,3000000.0,8,15,exclude,launch,0,0.0,prior,0.0,cyc,12600.0,43200.0,1149750.0395692897,0,1000687.4723972145,149062.56717207513,0,0,0.0,0,9.733622044539784,5.887783941723916,7885.600957923348,6668.671979948532,1.1824844559207437,2.037505390865214,322.925230822314,0.0,0.00267379679144385,0.0,1.9335422883340465,14.370503597122303,0.9347826086956522,1648.7609846618295,278,6.293760776519775
ring,200,3000000.0,7,15,exclude,launch,0,0.0,prior,0.0,cyc,12600.0,43200.0,1042106.3865126893,0,926590.8579631544,115515.52854953485,0,0,0.0,0,9.733622044539784,5.912678392086915,7885.600957923348,6654.537637280693,1.1849960715145516,2.0332362507636197,320.2731449676184,0.0,0.0034602076124567475,0.0,2.1796088247221674,20.56279069767442,0.9420289855072463,1491.8351236215442,215,6.455272674560547
core,50,1500000.0,6,13,exclude,launch,0,0.0,prior,0.0,cyc,12600.0,43200.0,43695.682662261606,0,42364.05200106567,1331.630661195935,0,0,0.0,0,6.021408737951497,15.0348857381359,6309.630421624802,1326.3751088072627,4.757048273695901,2.0058271075875167,303.5064511073609,0.0,0.0,0.0,0.669038026263162,8.693200663349916,0.9900990099009901,312.9805629269747,603,4.318894624710083
ring,200,3000000.0,6,14,exclude,launch,0,0.0,prior,0.0,cyc,12600.0,43200.0,1021860.9349303355,0,900241.2182112479,121619.7167190875,0,0,0.0,0,9.650009876264267,5.969709836758938,7956.813622554527,6607.359351044663,1.2042350354830493,2.028190935592601,317.1529800104363,0.0,0.009523809523809525,0.0,2.5893585395856986,28.548387096774192,0.9546599496221663,1503.0796097400769,155,9.10494065284729
core,50,1500000.0,8,13,exclude,launch,0,0.0,prior,0.0,cyc,12600.0,43200.0,174027.11577653352,0,158944.0502936036,15083.065482929936,0,1,0.8124054516011506,1,6.021408737951497,17.87393538756701,6309.630421624802,1116.3745069010372,5.651894039698032,2.0046100212432636,302.77238843471724,0.0,0.0,0.0,0.5143006940284398,6.280534351145038,0.98,247.5548303419659,1048,3.137802839279175
ring,200,3000000.0,9,15,exclude,launch,0,0.0,prior,0.0,cyc,12600.0,43200.0,1424826.0222468781,0,1220753.6420971616,204072.3801497165,0,0,0.0,0,9.733622044539784,5.782300038386624,7885.600957923348,6760.9245344620695,1.1663495011264406,2.04636583078216,328.4644355485322,0.0,0.002173913043478261,0.0,1.7622310785595034,9.594752186588922,0.9079903147699758,2005.7494159088217,343,7.410489797592163
core,50,1500000.0,10,13,exclude,launch,0,0.0,prior,0.0,cyc,12600.0,43200.0,169037.53282248677,0,154108.1160515216,14929.416770965163,0,1,0.8363857140044156,1,6.021408737951497,15.799422105028551,6309.630421624802,1262.634580144754,4.9971943750356,2.0051234215772435,303.08192778094354,0.0,0.0,0.0,0.4336513898044118,5.070322580645161,0.98,207.7765901559485,1550,3.45225191116333
core,50,1500000.0,2,15,exclude,launch,0,0.0,prior,0.0,cyc,12600.0,43200.0,117953.73982808457,0,106896.86286345133,11056.876964633224,0,0,0.0,0,5.319559615833122,28.136395256961784,7186.086109009999,706.8285967849831,10.166660123396227,2.0113026380585284,306.8199077232416,0.0,0.0,0.0,1.3880458212835136,23.75257731958763,0.9672131147540983,706.7138091673127,97,2.0089972019195557
core,50,1500000.0,2,14,exclude,launch,0,0.0,prior,0.0,cyc,12600.0,43200.0,118092.44954425003,0,109571.731586056,8520.717958194029,0,0,0.0,0,5.837889455431319,58.330864748709956,6518.4579356475715,341.0351428042012,19.113742595700817,2.0107702090989754,306.49692468059584,0.0,0.0,0.0,1.344533929533777,23.9,0.956140350877193,678.6975784619088,100,3.4686057567596436
core,50,1500000.0,9,13,exclude,launch,0,0.0,prior,0.0,cyc,12600.0,43200.0,172042.02100610512,0,156989.43682198413,15052.584184121006,0,1,0.8217793348188135,1,6.021408737951497,16.82704349180042,6309.630421624802,1185.9237840167718,5.320435011644533,2.0044507735386423,302.67640693871306,0.0,0.0,0.0,0.49868793442878545,5.666392092257001,0.98,237.30820863248613,1214,3.6756091117858887
core,50,1500000.0,3,14,exclude,launch,0,0.0,prior,0.0,cyc,12600.0,43200.0,80900.13875006246,0,76438.82724825037,4461.311501812097,0,0,0.0,0,5.837889455431319,45.471547164455544,6518.4579356475715,438.1923414193948,14.875791563432967,2.0074996452843434,304.51666057442344,0.0,0.0,0.0,0.9754545297325754,16.3719806763285,0.9649122807017544,481.5308554712766,207,3.4423670768737793
core,50,1500000.0,7,14,exclude,launch,0,0.0,prior,0.0,cyc,12600.0,43200.0,154516.9243903875,0,153481.68742849195,1035.2369618955242,0,1,0.7630449882511023,1,5.837889455431319,25.59630103258186,6518.4579356475715,779.7010500456674,8.360201560926182,2.004262787114116,302.56312367466364,0.0,0.0,0.0,0.49439352509104634,6.937894736842106,0.9824561403508771,246.58789271619537,950,3.2648603916168213
ring,200,3000000.0,5,14,exclude,launch,0,0.0,prior,0.0,cyc,12600.0,43200.0,879115.8813746446,0,798645.7310909451,80470.15028369948,0,0,0.0,0,9.650009876264267,6.045575402412077,7956.813622554527,6519.566044417672,1.2204514178313275,2.029708430647498,318.08983564395993,0.0,0.0,0.0,2.8981044122921062,39.63247863247863,0.9547738693467337,1436.1256699625453,117,11.5104501247406
core,50,1500000.0,4,14,exclude,launch,0,0.0,prior,0.0,cyc,12600.0,43200.0,62768.28142234748,0,60414.627899239655,2353.653523107828,0,0,0.0,0,5.837889455431319,32.29678325499338,6518.4579356475715,617.3732486319088,10.558374451909586,2.006101558039647,303.67210352694156,0.0,0.0,0.0,0.7831871847725611,12.227405247813412,0.9649122807017544,389.8842724332443,343,3.997565507888794
core,50,1500000.0,8,14,exclude,launch,0,0.0,prior,0.0,cyc,12600.0,43200.0,150661.0323046525,0,149949.53142688345,711.5008777690424,0,1,0.7825737216352436,1,5.837889455431319,19.233849620584614,6518.4579356475715,1037.3003284623592,6.284060417979622,2.004884044990006,302.9375831626429,0.0,0.0,0.0,0.44253118353452914,6.410552349546578,0.9823008849557522,208.60338503900962,1213,3.4735660552978516
core,50,1500000.0,6,14,exclude,launch,0,0.0,prior,0.0,cyc,12600.0,43200.0,45405.407591418916,0,44177.77109553283,1227.636495886094,0,0,0.0,1,5.837889455431319,17.999451369480568,6518.4579356475715,1108.2727195110774,5.881637092468753,2.0051833067135303,303.11804402866414,0.0,0.0,0.0,0.6739066964155244,9.00502512562814,0.9911504424778761,301.6946453325575,597,4.041565179824829
ring,200,3000000.0,6,15,exclude,launch,0,0.0,prior,0.0,cyc,12600.0,43200.0,950078.4340924006,0,845123.0794896315,104955.35460276928,0,0,0.0,0,9.733622044539784,6.012465717723332,7885.600957923348,6551.478615970886,1.2036368307301197,2.0309444558069183,318.853941287707,0.0,0.0,0.0,2.518195913155599,29.99367088607595,0.9249394673123487,1369.3228524997326,158,9.611798763275146
core,50,1500000.0,5,14,exclude,launch,0,0.0,prior,0.0,cyc,12600.0,43200.0,54248.164369937476,0,52140.466959822006,2107.697410115469,0,0,0.0,0,5.837889455431319,21.220312094588184,6518.4579356475715,939.877382781669,6.935434403534096,2.0055663095772887,303.34908088706624,0.0,0.0,0.0,0.7321735741399074,10.4004329004329,0.9652173913043478,342.53203014199954,462,4.355096340179443
core,50,1500000.0,3,15,exclude,launch,0,0.0,prior,0.0,cyc,12600.0,43200.0,75983.5807806232,0,72165.9662826378,3817.614497985398,0,0,0.0,0,5.319559615833122,28.854449966860784,7186.086109009999,690.3988352221398,10.408601148201292,2.0079234014681577,304.7728749681423,0.0,0.0,0.0,0.9626661139480531,15.914285714285715,0.9672131147540983,492.49416795697994,210,3.0980629920959473
ring,200,3000000.0,4,15,exclude,launch,0,0.0,prior,0.0,cyc,12600.0,43200.0,1049304.0717838637,0,943204.6860997136,106099.38568415033,0,0,0.0,0,9.733622044539784,6.192332997824101,7885.600957923348,6347.742283393672,1.2422686060448402,2.035243600942394,321.5187939876524,0.0,0.0,0.0,3.3042721958511283,49.275,0.9365853658536586,1649.1819997876062,80,10.166345834732056
core,50,1500000.0,6,15,exclude,launch,0,0.0,prior,0.0,cyc,12600.0,43200.0,154133.77653869783,0,143324.6673362231,10809.109202474725,0,1,0.7488349642161152,1,5.319559615833122,21.0661264220046,7186.086109009999,946.995013971475,7.588304059673175,2.0050611065385873,303.04434836297094,0.0,0.0,0.0,0.5676905791516554,8.308450704225352,0.9590163934426229,276.5505620285736,710,3.2085659503936768
core,50,1500000.0,5,15,exclude,launch,0,0.0,prior,0.0,cyc,12600.0,43200.0,51557.87283239851,0,49504.056432918565,2053.8163994799393,0,0,0.0,0,5.319559615833122,22.287364110125363,7186.086109009999,894.9441806107275,8.029647283818386,2.005419967174457,303.26079311792574,0.0,0.0,0.0,0.7447615709140449,10.642222222222221,0.9754098360655737,340.1286646937449,450,3.4855659008026123
core,50,1500000.0,4,15,exclude,launch,0,0.0,prior,0.0,cyc,12600.0,43200.0,60636.218466694794,0,57492.362909039,3143.855557655792,0,0,0.0,0,5.319559615833122,26.784596498624907,7186.086109009999,744.3233373142459,9.65452209914534,2.006380263710223,303.84037055563743,0.0,0.0,0.0,0.7582093947942611,12.398305084745763,0.9672131147540983,369.89574089522887,354,3.6180777549743652
core,50,1500000.0,7,15,exclude,launch,0,0.0,prior,0.0,cyc,12600.0,43200.0,150244.39993756835,0,139536.03692435464,10708.363013213722,0,1,0.7682200540373714,1,5.319559615833122,20.494025759936083,7186.086109009999,973.5883751481506,7.381031134350279,2.0047366675183205,302.848731316746,0.0,0.0,0.0,0.5033783885728855,6.993562231759657,0.9590163934426229,248.81395280968565,932,3.2550530433654785
core,50,1500000.0,9,14,exclude,launch,0,0.0,prior,0.0,cyc,12600.0,43200.0,148772.05797162224,0,147951.92132757677,820.1366440454872,0,1,0.7925101417804482,1,5.837889455431319,22.69944873059084,6518.4579356475715,879.256910771698,7.413598751161946,2.004143851291521,302.4914622259703,0.0,0.0,0.0,0.3951097810124046,5.572923479398299,0.9823008849557522,190.9800659349828,1529,4.295603036880493
ring,200,3000000.0,5,15,exclude,launch,0,0.0,prior,0.0,cyc,12600.0,43200.0,901701.6388317111,0,822095.4691348234,79606.1696968878,0,0,0.0,0,9.733622044539784,6.078844194765213,7885.600957923348,6478.358359403172,1.2172220986320708,2.031440033435877,319.16056277226085,0.0,0.0,0.0,2.9224675445188266,40.04385964912281,0.9492753623188406,1452.0485463107286,114,10.549054622650146
core,50,1500000.0,8,15,exclude,launch,0,0.0,prior,0.0,cyc,12600.0,43200.0,148429.02801807103,0,137941.6501062741,10487.377911796946,0,1,0.7776158247482308,1,5.319559615833122,17.455999505142216,7186.086109009999,1142.881908275178,6.287689092790998,2.004997855619634,303.00620694001884,0.0,0.0,0.0,0.4706342484699715,6.059596844872918,0.9590163934426229,235.25230378917368,1141,3.255269765853882
core,50,3000000.0,7,13,exclude,launch,0,0.0,prior,0.0,cyc,12600.0,43200.0,38490.42259309825,0,37597.105582015094,893.3170110831562,0,0,0.0,0,12.042817475902995,36.358836959378856,6309.630421624802,1097.528841851287,5.748942698382175,2.0047677276293925,302.86745594565986,0.0,0.0,0.0,0.5965168131241141,7.782002534854246,0.9900990099009901,267.750636843902,789,3.1636438369750977
core,50,3000000.0,8,13,exclude,launch,0,0.0,prior,0.0,cyc,12600.0,43200.0,35106.009235696336,0,34397.68523182477,708.324003871568,0,0,0.0,0,12.042817475902995,29.591655655926477,6309.630421624802,1348.237026515226,4.679911838598022,2.00518511639467,303.11913546640983,0.0,0.0,0.0,0.5562846232298505,6.852425180598555,0.9900990099009901,248.01106684512092,969,3.078644275665283
core,50,3000000.0,11,13,exclude,launch,0,0.0,prior,0.0,cyc,12600.0,43200.0,29456.977549696436,0,28815.28249616902,641.6950535274151,0,0,0.0,0,12.042817475902995,27.797002036878794,6309.630421624802,1435.361712034523,4.395846962283361,2.0050752246997368,303.05286219156807,0.0,0.0,0.0,0.47228116135665393,4.95022335673261,0.9900990099009901,212.5708432810779,1567,3.1112887859344482
core,50,3000000.0,9,13,exclude,launch,0,0.0,prior,0.0,cyc,12600.0,43200.0,33965.640348931665,0,33185.76145020895,779.87889872272,0,0,0.0,0,12.042817475902995,27.968396080774614,6309.630421624802,1426.7033726888237,4.4225243609913205,2.00488163531279,302.936130296672,0.0,0.0,0.0,0.5576703434792678,6.064397424103036,0.9900990099009901,250.03911809701208,1087,3.320289134979248
core,50,3000000.0,10,13,exclude,launch,0,0.0,prior,0.0,cyc,12600.0,43200.0,31171.48637912351,0,30516.77711864552,654.7092604779907,0,0,0.0,0,12.042817475902995,27.642923175480817,6309.630421624802,1443.233820577914,4.371869846493922,2.0052536831115786,303.16049022281817,0.0,0.0,0.0,0.4929968825846176,5.458272327964861,0.9900990099009901,221.39181198355084,1366,3.4360082149505615
core,50,3000000.0,6,13,exclude,launch,0,0.0,prior,0.0,cyc,12600.0,43200.0,43326.17970842225,0,42088.84750735179,1237.3322010704558,0,0,0.0,0,12.042817475902995,33.754985769195756,6309.630421624802,1181.8050502585606,5.338977372151484,2.0054240376339116,303.2632486356232,0.0,0.0,0.0,0.6692625308516655,8.933665008291873,0.9900990099009901,305.19235448819336,603,4.310118913650513
core,50,3000000.0,12,13,exclude,launch,0,0.0,prior,0.0,cyc,12600.0,43200.0,28210.899898712338,0,27613.055941818806,597.8439568935316,0,0,0.0,0,12.042817475902995,27.540054958638862,6309.630421624802,1448.707426020634,4.355351748942393,2.0051390645688043,303.09136173667514,0.0,0.0,0.0,0.451987443262782,4.495232753785754,1.0,203.49392926251315,1783,3.4220244884490967
core,50,3000000.0,17,13,exclude,launch,0,0.0,prior,0.0,cyc,12600.0,43200.0,164211.12949425698,0,149323.28446804037,14887.845026216599,0,1,0.8609683035413536,1,12.042817475902995,31.125293107841404,6309.630421624802,1282.1954323098553,4.92095843007185,2.0045750088591427,302.7512845273039,0.0,0.0,0.0,0.35990389209737367,3.0384615384615383,0.98,168.68741095328522,3172,3.0663185119628906
core,50,3000000.0,15,13,exclude,launch,0,0.0,prior,0.0,cyc,12600.0,43200.0,165195.70644461317,0,150231.35945712368,14964.346987489504,0,1,0.8558368775200725,1,12.042817475902995,30.261132893650093,6309.630421624802,1318.645515343276,4.784932984800126,2.0048262593822903,302.9027434632616,0.0,0.0,0.0,0.3801223379275858,3.4019607843137254,0.98,180.25481564848477,2652,3.7478156089782715
core,50,3000000.0,16,13,exclude,launch,0,0.0,prior,0.0,cyc,12600.0,43200.0,164307.42257386664,0,149456.23546911188,14851.187104754743,0,1,0.8604637293225187,1,12.042817475902995,31.292718687769188,6309.630421624802,1275.01320108591,4.948678504858603,2.0050814063885407,303.0565900403901,0.0,0.0,0.0,0.3524912463693448,3.1984257133486387,0.98,166.99183755780888,3049,3.742523431777954
core,50,3000000.0,14,13,exclude,launch,0,0.0,prior,0.0,cyc,12600.0,43200.0,166082.34050803,0,151156.5704535313,14925.770054498702,0,1,0.8512679743722934,1,12.042817475902995,28.647276867966834,6309.630421624802,1392.6632108272022,4.530621885155608,2.0052131237831214,303.1360272677464,0.0,0.0,0.0,0.4001584102218771,3.6534695615155384,0.98,189.32693780705367,2349,3.8755226135253906
core,50,3000000.0,13,13,exclude,launch,0,0.0,prior,0.0,cyc,12600.0,43200.0,167046.4752030924,0,152151.18429879413,14895.290904298288,0,1,0.8463547489487114,1,12.042817475902995,29.92755866861737,6309.630421624802,1333.4852918590564,4.731683551476099,2.0046126484917126,302.77397205286013,0.0,0.0,0.0,0.4180703724675904,3.970334928229665,0.98,196.55008433466526,2090,4.231030702590942
core,50,3000000.0,18,13,exclude,launch,0,0.0,prior,0.0,cyc,12600.0,43200.0,163624.9226058173,0,148804.92391176213,14819.998694055163,0,1,0.8640528308995725,1,12.042817475902995,32.340753717629624,6309.630421624802,1233.6741360749252,5.114503285040578,2.005115480559971,303.0771387783904,0.0,0.0,0.0,0.3282979161958414,2.789459386036403,0.98,158.61196576885638,3681,3.6764988899230957
core,50,3000000.0,8,14,exclude,launch,0,0.0,prior,0.0,cyc,12600.0,43200.0,36508.24083027721,0,35605.01794181579,903.2228884614192,0,0,0.0,0,11.675778910862638,33.0274119210168,6518.4579356475715,1208.0261755445174,5.395957527749246,2.005114138297266,303.0763293015165,0.0,0.0,0.0,0.5022441017504354,6.824134705332086,0.9649122807017544,223.3700760919622,1069,3.3994839191436768
core,50,3000000.0,6,14,exclude,launch,0,0.0,prior,0.0,cyc,12600.0,43200.0,45330.556356800036,0,43866.858583505156,1463.69777329488,0,0,0.0,0,11.675778910862638,50.8063733741195,6518.4579356475715,785.4366628485743,8.299151598050976,2.0047518455370206,302.8578813330145,0.0,0.0,0.0,0.5744566651514643,8.865905848787447,0.9739130434782609,263.65720032276494,701,3.6444857120513916
core,50,3000000.0,19,13,exclude,launch,0,0.0,prior,0.0,cyc,12600.0,43200.0,163230.4389899512,0,148415.93473767207,14814.504252279115,0,1,0.8661410117997924,1,12.042817475902995,34.61617185801068,6309.630421624802,1152.1205845590375,5.476536489485386,2.0059172474527784,303.56085261689225,0.0,0.0,0.0,0.2916705856272907,2.554057142857143,0.98,145.64395617779408,4375,4.400012493133545
core,50,3000000.0,5,14,exclude,launch,0,0.0,prior,0.0,cyc,12600.0,43200.0,54248.164369937476,0,52140.466959822006,2107.697410115469,0,0,0.0,0,11.675778910862638,42.44062418917637,6518.4579356475715,939.877382781669,6.935434403534096,2.0055663095772887,303.34908088706624,0.0,0.0,0.0,0.7321735741399074,10.4004329004329,0.9652173913043478,342.53203014199954,462,4.2829978466033936
core,50,3000000.0,9,14,exclude,launch,0,0.0,prior,0.0,cyc,12600.0,43200.0,33955.46356972103,0,33018.35520233093,937.1083673901023,0,0,0.0,0,11.675778910862638,31.91739245663876,6518.4579356475715,1249.8593098001913,5.2153533478017176,2.0054020464243583,303.2499824862863,0.0,0.0,0.0,0.44833176271321684,6.133432171979244,0.9736842105263158,197.33190600472562,1349,3.9959957599639893
core,50,3000000.0,11,14,exclude,launch,0,0.0,prior,0.0,cyc,12600.0,43200.0,30663.277638155807,0,29845.32914685303,817.9484913027763,0,0,0.0,0,11.675778910862638,37.50447354294186,6518.4579356475715,1064.204493602307,6.1251930196073,2.004388143092468,302.6386625954207,0.0,0.0,0.0,0.38360561638715984,4.888657648283038,0.9734513274336283,172.97476395860807,1922,3.944289445877075
core,50,3000000.0,13,14,exclude,launch,0,0.0,prior,0.0,cyc,12600.0,43200.0,144870.1897925256,0,144251.95713641908,618.2326561065119,0,1,0.813855251552532,1,11.675778910862638,39.70558279254649,6518.4579356475715,1005.2859004105114,6.484183189066653,2.004235824699121,302.546877482737,0.0,0.0,0.0,0.32825934510193483,3.7608123354644603,0.9734513274336283,162.80650594558014,2659,3.2856500148773193
core,50,3000000.0,12,14,exclude,launch,0,0.0,prior,0.0,cyc,12600.0,43200.0,29761.12331776602,0,29066.039848611224,695.083469154794,0,0,0.0,1,11.675778910862638,31.342198146153777,6518.4579356475715,1273.1509315964702,5.1199412213238045,2.004844266705782,302.9136000994443,0.0,0.0,0.0,0.4079064174041971,4.598073998986315,0.9823008849557522,179.27931272878638,1973,3.9649808406829834
core,50,3000000.0,7,14,exclude,launch,0,0.0,prior,0.0,cyc,12600.0,43200.0,39367.40127073238,0,38178.37785019412,1189.0234205382617,0,0,0.0,0,11.675778910862638,34.65410333251789,6518.4579356475715,1151.3527438938524,5.661564598875471,2.0050579110112654,303.0424213458987,0.0,0.0,0.0,0.5670965485024927,8.083434099153568,0.9912280701754386,243.82766247638423,827,4.560199022293091
core,50,3000000.0,5,15,exclude,launch,0,0.0,prior,0.0,cyc,12600.0,43200.0,51948.68950848453,0,49614.01913968583,2334.670368798698,0,0,0.0,0,10.639119231666244,42.95244606897272,7186.086109009999,928.7288348504703,7.737550336925839,2.0054560843526206,303.2825812685112,0.0,0.0,0.0,0.7487718787745913,10.595132743362832,0.9754098360655737,344.42823615757845,452,2.773423433303833
core,50,3000000.0,10,14,exclude,launch,0,0.0,prior,0.0,cyc,12600.0,43200.0,31988.44280352727,0,31037.485361697458,950.957441829811,0,0,0.0,0,11.675778910862638,34.46938129281894,6518.4579356475715,1157.7071472644418,5.63048949905,2.0047387470979268,302.8499849759735,0.0,0.0,0.0,0.4232245755645813,5.53186119873817,0.9911504424778761,185.46975714324253,1585,4.741712331771851
core,50,3000000.0,15,14,exclude,launch,0,0.0,prior,0.0,cyc,12600.0,43200.0,143804.34138227222,0,143272.08293609566,532.2584461765564,0,1,0.8198873804695491,1,11.675778910862638,33.06695519987422,6518.4579356475715,1206.742062695696,5.401699449413599,2.00484743415388,302.9155097776909,0.0,0.0,0.0,0.3457977050248165,3.520082389289392,0.9734513274336283,158.72790747130577,2913,3.5856759548187256
core,50,3000000.0,14,14,exclude,launch,0,0.0,prior,0.0,cyc,12600.0,43200.0,144167.0493846996,0,143525.1548667854,641.8945179142098,0,1,0.8178246364843265,1,11.675778910862638,34.73266583771219,6518.4579356475715,1148.8167755247232,5.674062282621404,2.004938706718514,302.9705412783237,0.0,0.0,0.0,0.33587755410480885,3.669642857142857,0.9649122807017544,158.39368164139702,2800,3.885674476623535
core,50,3000000.0,6,15,exclude,launch,0,0.0,prior,0.0,cyc,12600.0,43200.0,43818.67894355016,0,42535.023481433374,1283.6554621167868,0,0,0.0,0,10.639119231666244,35.623902589677904,7186.086109009999,1119.9009011482226,6.416716069825625,2.0052517235537186,303.1593083123165,0.0,0.0,0.0,0.6526350858802319,8.891585760517799,0.9836065573770492,299.5003228990831,618,2.779940605163574
core,50,3000000.0,16,14,exclude,launch,0,0.0,prior,0.0,cyc,12600.0,43200.0,142720.02848136096,0,142226.81047645677,493.21800490417473,0,1,0.8261164603919495,1,11.675778910862638,36.70455382314593,6518.4579356475715,1087.0926741910685,5.996230211465744,2.004949640701449,302.9771341037915,0.0,0.0,0.0,0.30215278895989534,3.1483562798538913,0.9823008849557522,145.4905703543308,3559,3.975675106048584
core,50,3000000.0,17,14,exclude,launch,0,0.0,prior,0.0,cyc,12600.0,43200.0,142364.4454239298,0,141898.94130429009,465.5041196397233,0,1,0.828179847889475,1,11.675778910862638,34.6795222377545,6518.4579356475715,1150.452170803165,5.665996467368862,2.0051566794367437,303.1019850648903,0.0,0.0,0.0,0.3095622772612431,3.047980482515587,0.9736842105263158,144.99087373139952,3689,4.199177980422974
core,50,3000000.0,18,14,exclude,launch,0,0.0,prior,0.0,cyc,12600.0,43200.0,142532.06470525687,0,141998.01691487952,534.0477903773428,0,1,0.8272058992471125,1,11.675778910862638,34.37422955890361,6518.4579356475715,1160.7622408075197,5.615670209183241,2.0049970677846654,303.0057318767325,0.0,0.0,0.0,0.3100077079083095,2.8757047667862636,0.9823008849557522,145.07868761479367,3902,3.996673107147217
core,50,3000000.0,9,15,exclude,launch,0,0.0,prior,0.0,cyc,12600.0,43200.0,34413.57673061206,0,33568.669265259516,844.9074653525447,0,0,0.0,0,10.639119231666244,30.31544388800555,7186.086109009999,1316.0819982153212,5.4602115360249,2.0051326398332634,303.0874870974553,0.0,0.0,0.0,0.4871075461235929,5.862429605792437,0.9754098360655737,224.0762961946364,1243,3.07846736907959
core,50,3000000.0,8,15,exclude,launch,0,0.0,prior,0.0,cyc,12600.0,43200.0,36367.796669688534,0,35569.74751355869,798.0491561298493,0,0,0.0,0,10.639119231666244,29.62099664184734,7186.086109009999,1346.8563461912847,5.335451051874398,2.005252392302939,303.15971166923464,0.0,0.0,0.0,0.5402254499303907,6.552208835341365,0.9836065573770492,249.8133487454281,996,3.0924673080444336
core,50,3000000.0,7,15,exclude,launch,0,0.0,prior,0.0,cyc,12600.0,43200.0,39682.39049955579,0,38491.69735237503,1190.6931471807627,0,0,0.0,0,10.639119231666244,35.99330154569971,7186.086109009999,1108.6830872180506,6.481641320101308,2.0047530350475364,302.8585984311708,0.0,0.0,0.0,0.5900002104402557,7.605527638190955,0.9836065573770492,271.70857429179165,796,3.4601635932922363
core,50,3000000.0,11,15,exclude,launch,0,0.0,prior,0.0,cyc,12600.0,43200.0,30628.843662952935,0,30189.61623395393,439.2274289990042,0,0,0.0,1,10.639119231666244,26.936356104427727,7186.086109009999,1480.9360646206583,4.85239456360374,2.005463825803278,303.2872514996894,0.0,0.0,0.0,0.46401553390885136,4.9666876178504085,0.9754098360655737,206.6985208368652,1591,3.3739607334136963
core,50,3000000.0,13,15,exclude,launch,0,0.0,prior,0.0,cyc,12600.0,43200.0,142545.04183899023,0,132229.81110233924,10315.230736650981,0,1,0.8097143159088085,1,10.639119231666244,30.616099331684488,7186.086109009999,1303.3100708761278,5.513719466756883,2.004898438541309,302.9462615348282,0.0,0.0,0.0,0.39291383751166925,3.8725799189554255,0.9590163934426229,188.96780391450923,2221,3.0699591636657715
core,50,3000000.0,15,15,exclude,launch,0,0.0,prior,0.0,cyc,12600.0,43200.0,140302.45713701527,0,130046.19177240886,10256.265364606421,0,1,0.8226567331328642,1,10.639119231666244,29.40073148628608,7186.086109009999,1356.516470367731,5.297455848112158,2.005888460991876,303.54347878698144,0.0,0.0,0.0,0.3629249606387906,3.465778097982709,0.9754098360655737,169.3568745576934,2776,2.54544734954834
core,50,3000000.0,14,15,exclude,launch,0,0.0,prior,0.0,cyc,12600.0,43200.0,141849.60210183606,0,131538.62794185436,10310.974159981703,0,1,0.8136840662830269,1,10.639119231666244,29.39269007548807,7186.086109009999,1357.4208793817738,5.293926311405231,2.0051004135394486,303.0680523891511,0.0,0.0,0.0,0.39000216067154725,3.649813510153336,0.9754098360655737,184.67525322005912,2413,2.8309576511383057
core,50,3000000.0,10,15,exclude,launch,0,0.0,prior,0.0,cyc,12600.0,43200.0,32594.10166086712,0,31866.712720820266,727.3889400468527,0,0,0.0,0,10.639119231666244,27.14692372823994,7186.086109009999,1469.4283303193995,4.890395782316249,2.0054920999145924,303.3043088971969,0.0,0.0,0.0,0.48381805385236654,5.452123830093592,0.9754098360655737,215.6916463865405,1389,3.748976945877075
core,50,3000000.0,16,15,exclude,launch,0,0.0,prior,0.0,cyc,12600.0,43200.0,140026.6089680853,0,129723.37120069971,10303.237767385597,0,1,0.8242773419240423,1,10.639119231666244,29.47013074898088,7186.086109009999,1353.5613478633707,5.309021360837032,2.005533774165419,303.3294512962056,0.0,0.0,0.0,0.3619235296972017,3.2205387205387206,0.9754098360655737,170.0609813077764,2970,2.9026541709899902
core,50,3000000.0,12,15,exclude,launch,0,0.0,prior,0.0,cyc,12600.0,43200.0,143068.23547046943,0,132655.34566208863,10412.889808380818,0,1,0.8067532297389292,1,10.639119231666244,33.26593864561276,7186.086109009999,1199.6066955863923,5.990368456135777,2.0047089242289706,302.8320067276006,0.0,0.0,0.0,0.38369731018031855,4.1067174845164365,0.9754098360655737,188.93215259587708,2099,3.6031689643859863
core,100,1500000.0,2,14,exclude,launch,0,0.0,prior,0.0,cyc,12600.0,43200.0,359043.37352069764,0,329306.32986473216,29737.0436559655,0,0,0.0,0,5.989176269992355,53.15027711002378,6345.381434240381,372.12880654153616,17.051572796023585,2.0223725787296747,313.57370692150937,0.0,0.0,0.0,2.24282802912648,47.389830508474574,0.9230769230769231,1153.9394270734003,59,7.049144506454468
core,100,1500000.0,6,13,exclude,launch,0,0.0,prior,0.0,cyc,12600.0,43200.0,207362.32101879467,0,198260.6259007466,9101.69511804804,0,1,0.535796201265241,1,5.4250914585007,48.0097027429589,7039.814254312048,414.95670045976965,16.965177924617134,2.0078357960128415,304.7198975174514,0.0,0.0,0.0,0.7228732962567228,16.354203935599283,0.9796954314720813,358.4299544902535,559,7.615661144256592
core,100,1500000.0,2,13,exclude,launch,0,0.0,prior,0.0,cyc,12600.0,43200.0,307927.502435561,0,287252.095038862,20675.407396698964,0,0,0.0,0,5.4250914585007,64.88516220121551,7039.814254312048,304.96702597172714,23.083853842496058,2.021443988630292,313.004346572688,0.0,0.0,0.0,2.0064649421043232,47.55223880597015,0.9646464646464646,1026.4415504971478,67,9.06232762336731
core,100,1500000.0,8,14,exclude,launch,0,0.0,prior,0.0,cyc,12600.0,43200.0,244370.37015095682,0,233816.80762986868,10553.56252108813,0,1,0.6358397305555,1,5.989176269992355,30.114391686979314,6345.381434240381,661.8279482656249,9.58766013262054,2.0069695969511265,304.19633075517424,0.0,0.0,0.0,0.6260311238630346,12.237762237762238,0.96875,310.701901162422,858,7.011880874633789
core,100,1500000.0,4,14,exclude,launch,0,0.0,prior,0.0,cyc,12600.0,43200.0,167034.38530122838,0,161335.86480819588,5698.520493032513,0,0,0.0,0,5.989176269992355,36.12189007389849,6345.381434240381,550.3244665778469,11.530255003377697,2.0121979554045817,307.3634102775646,0.0,0.0,0.0,1.086954680516289,23.963709677419356,0.9538461538461539,551.8179167822462,248,7.679389715194702
core,100,1500000.0,2,15,exclude,launch,0,0.0,prior,0.0,cyc,12600.0,43200.0,317051.28165416996,0,290318.28911515133,26732.99253901857,0,0,0.0,0,5.823713537682201,57.385020016868296,6535.136370950874,344.8503908559683,18.950642203796622,2.021299791988655,312.91597953482085,0.0,0.0,0.0,2.1052642234093737,48.453125,0.961352657004831,1054.4530056431097,64,7.300088405609131
core,100,1500000.0,6,14,exclude,launch,0,0.0,prior,0.0,cyc,12600.0,43200.0,122713.15835914467,0,119142.72309057867,3570.4352685660006,0,0,0.0,1,5.989176269992355,25.333145018999932,6345.381434240381,785.8528462961903,8.074516067666934,2.009229988786127,305.56355107957404,0.0,0.0,0.0,0.774421098865876,15.825335892514396,0.9538461538461539,398.67237078155273,521,8.154594898223877
core,100,1500000.0,3,13,exclude,launch,0,0.0,prior,0.0,cyc,12600.0,43200.0,198441.02050560198,0,186716.71664251655,11724.303863085437,0,0,0.0,0,5.4250914585007,67.80407300904022,7039.814254312048,292.8422403113258,24.039613434277435,2.0145149182025546,308.77215577666084,0.0,0.0,0.0,1.3272326976420614,32.333333333333336,0.9696969696969697,664.9557685268242,153,10.070350408554077
core,100,1500000.0,5,14,exclude,launch,0,0.0,prior,0.0,cyc,12600.0,43200.0,138864.69995383488,0,133122.65789757133,5742.04205626353,0,0,0.0,0,5.989176269992355,36.434982392738185,6345.381434240381,546.2043469721262,11.617229832416909,2.009954726413947,306.002564821761,0.0,0.0,0.0,0.9186644238194898,19.55858310626703,0.9641025641025641,459.15683045024167,367,8.757593870162964
core,100,1500000.0,4,13,exclude,launch,0,0.0,prior,0.0,cyc,12600.0,43200.0,150690.46396213057,0,141835.84771828717,8854.616243843426,0,0,0.0,0,5.4250914585007,61.62653982870888,7039.814254312048,322.7374913929774,21.812818287479665,2.011142244137181,306.7225913636325,0.0,0.0,0.0,1.004999292784975,24.144981412639407,0.9747474747474747,507.7440988890516,269,10.359352827072144
core,100,1500000.0,9,13,exclude,launch,0,0.0,prior,0.0,cyc,12600.0,43200.0,185326.06539503793,0,177404.8387347892,7921.226660248726,0,1,0.5995052215163917,1,5.4250914585007,35.72859077818149,7039.814254312048,558.1529664884079,12.612697014946809,2.0058149647643395,303.4991230031669,0.0,0.0,0.0,0.5566284380489719,10.968692449355434,0.9796954314720813,273.54370379746274,1086,9.907836437225342
core,100,1500000.0,3,14,exclude,launch,0,0.0,prior,0.0,cyc,12600.0,43200.0,227754.97057517577,0,213252.91836102147,14502.052214154319,0,0,0.0,0,5.989176269992355,43.613876756007656,6345.381434240381,455.04698110297704,13.944453425138585,2.0154826401545565,309.3614977365807,0.0,0.0,0.0,1.4703379815029387,32.64963503649635,0.9538461538461539,732.3630262785749,137,9.619836568832397
core,100,1500000.0,9,14,exclude,launch,0,0.0,prior,0.0,cyc,12600.0,43200.0,237577.87884987262,0,227259.52396914034,10318.354880732273,0,1,0.6540237118334287,1,5.989176269992355,28.895221452040975,6345.381434240381,689.9445532451684,9.19694402165326,2.00641041550252,303.8585773295864,0.0,0.0,0.0,0.5838105990197034,10.878495660559306,0.9583333333333334,289.2777424924292,1037,8.970304012298584
core,100,1500000.0,7,13,exclude,launch,0,0.0,prior,0.0,cyc,12600.0,43200.0,198757.36087044873,0,190454.39229002362,8302.968580425102,0,1,0.5589928513884412,1,5.4250914585007,37.801644803993675,7039.814254312048,527.2088205138288,13.35299027708015,2.0070889810190913,304.26846470702156,0.0,0.0,0.0,0.662190023992304,14.161744022503516,0.9796954314720813,324.8639637965204,711,10.656036853790283
core,100,1500000.0,5,13,exclude,launch,0,0.0,prior,0.0,cyc,12600.0,43200.0,125126.61746541895,0,119516.7577457863,5609.859719632671,0,0,0.0,0,5.4250914585007,49.15578415802024,7039.814254312048,405.00714919959944,17.381950585871316,2.00919770439621,305.544001967574,0.0,0.0,0.0,0.8800751647380194,19.895287958115183,0.9748743718592965,434.17777065283207,382,11.13654899597168
core,100,1500000.0,8,13,exclude,launch,0,0.0,prior,0.0,cyc,12600.0,43200.0,188704.78483229043,0,180757.37431328723,7947.410519003178,0,1,0.5887712067616985,1,5.4250914585007,36.669925836248076,7039.814254312048,543.6688398671181,12.948717561287307,2.006390752070918,303.84670375616054,0.0,0.0,0.0,0.5945099929284171,12.537610619469026,0.9796954314720813,287.83442166644375,904,10.895543336868286
core,100,1500000.0,7,14,exclude,launch,0,0.0,prior,0.0,cyc,12600.0,43200.0,253317.85025277108,0,242372.5602584147,10945.289994356379,0,1,0.6133848285592144,1,5.989176269992355,32.958052746964775,6345.381434240381,604.5092352216412,10.496748543326834,2.0076846881503005,304.62852921977066,0.0,0.0,0.0,0.6571383711233743,13.44413407821229,0.96875,338.7854576380018,716,11.329208374023438
core,100,1500000.0,3,15,exclude,launch,0,0.0,prior,0.0,cyc,12600.0,43200.0,207230.03055148164,0,195796.6392067073,11433.391344774334,0,0,0.0,0,5.823713537682201,60.331328837402864,6535.136370950874,329.12788258261355,19.855918373340813,2.014431131446968,308.7211561346326,0.0,0.0,0.0,1.4264813046395188,32.7972027972028,0.9665071770334929,711.3924405082882,143,11.112718343734741
core,100,1500000.0,5,15,exclude,launch,0,0.0,prior,0.0,cyc,12600.0,43200.0,127785.44033474932,0,122750.83660705418,5034.603727695143,0,0,0.0,0,5.823713537682201,43.69750585664372,6535.136370950874,455.5777963189065,14.344720975769963,2.0092815321691875,305.5947633533347,0.0,0.0,0.0,0.867655181837882,19.52061855670103,0.9804878048780488,432.51984585189456,388,11.109900712966919
core,100,1500000.0,7,15,exclude,launch,0,0.0,prior,0.0,cyc,12600.0,43200.0,240787.3968651224,0,228200.606055574,12586.790809548409,0,1,0.6446013216391286,1,5.823713537682201,38.43411241822326,6535.136370950874,518.5466046029969,12.602794643606282,2.0070368220876644,304.23694831212674,0.0,0.0,0.0,0.6328529133652263,14.020188425302827,0.9804878048780488,314.15968323264866,743,11.066202402114868
core,100,1500000.0,4,15,exclude,launch,0,0.0,prior,0.0,cyc,12600.0,43200.0,155571.74069543713,0,149448.72123356428,6123.019461872853,0,0,0.0,0,5.823713537682201,45.587141125850955,6535.136370950874,436.25231228680695,14.980175891089502,2.0113140713992963,306.82684530306625,0.0,0.0,0.0,1.04275720315282,24.243243243243242,0.9758454106280193,522.7085474071225,259,11.699411869049072
core,100,1500000.0,6,15,exclude,launch,0,0.0,prior,0.0,cyc,12600.0,43200.0,110157.89651838441,0,106550.09134575649,3607.805172627919,0,0,0.0,1,5.823713537682201,15.723718205400026,6535.136370950874,1265.6862497066643,5.163314662275472,2.009919563373689,305.98125734547085,0.0,0.0,0.0,0.8627001828547756,18.004282655246254,0.9951219512195122,389.05744623575276,467,12.585418224334717
core,100,3000000.0,6,13,exclude,launch,0,0.0,prior,0.0,cyc,12600.0,43200.0,108740.47261965455,0,103380.15237970477,5360.320239949789,0,0,0.0,0,10.8501829170014,89.93303474623403,7039.814254312048,443.0204479460185,15.890495093287074,2.00792259298899,304.77238603729484,0.0,0.0,0.0,0.7519082819763513,16.50557620817844,0.9949238578680203,369.141748708393,538,8.555601596832275
core,100,1500000.0,9,15,exclude,launch,0,0.0,prior,0.0,cyc,12600.0,43200.0,229577.96821639067,0,217275.8655171772,12302.102699213483,0,1,0.6760747795581474,1,5.823713537682201,32.84902296922029,6535.136370950874,607.0494719018125,10.765409861039963,2.005919262542667,303.56206882631506,0.0,0.0,0.0,0.5426781936293704,10.769713261648745,0.9902439024390244,271.6275459003552,1116,10.625760078430176
core,100,3000000.0,7,13,exclude,launch,0,0.0,prior,0.0,cyc,12600.0,43200.0,97461.28813708528,0,95186.13072063406,2275.157416451231,0,0,0.0,0,10.8501829170014,64.34450689259457,7039.814254312048,619.3964894307533,11.365602444375945,2.0072883796283953,304.3889639203195,0.0,0.0,0.0,0.7093110969797332,14.158371040723981,0.9796954314720813,348.43622609329464,663,9.93523907661438
core,100,1500000.0,8,15,exclude,launch,0,0.0,prior,0.0,cyc,12600.0,43200.0,233938.08385128333,0,221643.65483238094,12294.429018902405,0,1,0.6634741624710092,1,5.823713537682201,38.666117672738686,6535.136370950874,515.6408683250736,12.673813835157363,2.006236336345216,303.7534693744329,0.0,0.0,0.0,0.5942695497771944,12.36283185840708,0.9853658536585366,292.5686221639819,904,11.685722827911377
core,100,3000000.0,9,13,exclude,launch,0,0.0,prior,0.0,cyc,12600.0,43200.0,79267.10287899314,0,77562.21487420867,1704.8880047844875,0,0,0.0,0,10.8501829170014,67.85528416096291,7039.814254312048,587.7707558140561,11.97714276301818,2.0058494754270244,303.51995016504594,0.0,0.0,0.0,0.5900543661820657,11.3037109375,0.9847715736040609,281.72679751887097,1024,9.810540914535522
core,100,3000000.0,17,13,exclude,launch,0,0.0,prior,0.0,cyc,12600.0,43200.0,164782.76080693328,0,157543.23018951042,7239.53061742284,0,1,0.6742449473679316,1,10.8501829170014,45.08359795428281,7039.814254312048,885.1811450530748,7.9529645357391185,2.0046532582614356,302.7984508005955,0.0,0.0,0.0,0.3860151048291145,6.032814614343708,0.9847715736040609,182.85672735622168,2956,9.163043737411499
core,100,3000000.0,5,13,exclude,launch,0,0.0,prior,0.0,cyc,12600.0,43200.0,123981.1516929741,0,118803.01670922589,5178.1349837482085,0,0,0.0,0,10.8501829170014,113.42564186581222,7039.814254312048,351.0588937051969,20.053086193064118,2.009087083236998,305.47702246672554,0.0,0.0,0.0,0.8824322906407798,20.08421052631579,0.9898477157360406,427.2847299917773,380,11.842973470687866
core,100,3000000.0,9,14,exclude,launch,0,0.0,prior,0.0,cyc,12600.0,43200.0,88248.26154833123,0,86041.88341927184,2206.378129059391,0,0,0.0,0,11.97835253998471,50.38131114231398,6345.381434240381,791.3531847023685,8.018393755029757,2.0065508355755246,303.943375379336,0.0,0.0,0.0,0.6352614371123052,11.515183246073299,0.9538461538461539,298.81778466186734,955,7.091443777084351
core,100,3000000.0,6,14,exclude,launch,0,0.0,prior,0.0,cyc,12600.0,43200.0,118735.48214593633,0,115037.94505206248,3697.537093873855,0,0,0.0,0,11.97835253998471,60.19696702091949,6345.381434240381,661.5629290447278,9.591500907408575,2.008834763790315,305.32427418955797,0.0,0.0,0.0,0.7783001064780461,16.26782273603083,0.9487179487179487,389.53489349247025,519,8.120646238327026
core,100,3000000.0,8,13,exclude,launch,0,0.0,prior,0.0,cyc,12600.0,43200.0,86946.37238996061,0,83956.10436795795,2990.2680220026773,0,0,0.0,0,10.8501829170014,67.34616510943506,7039.814254312048,592.024462713699,11.891086766994759,2.0064921450502995,303.9079314143861,0.0,0.0,0.0,0.6248234049994364,12.8,0.9949238578680203,296.3643517286413,860,11.802765607833862
core,100,3000000.0,5,14,exclude,launch,0,0.0,prior,0.0,cyc,12600.0,43200.0,137147.79522472827,0,132594.23986895368,4553.555355774587,0,0,0.0,0,11.97835253998471,73.43579960196156,6345.381434240381,541.997245321602,11.70740532172863,2.009949193624146,305.99921211061854,0.0,0.0,0.0,0.9156060577812241,19.645776566757494,0.9536082474226805,452.3911134542521,367,10.063555240631104
core,100,3000000.0,11,13,exclude,launch,0,0.0,prior,0.0,cyc,12600.0,43200.0,68710.52478472344,0,67478.11763052155,1232.407154201907,0,0,0.0,1,10.8501829170014,39.70730404374582,7039.814254312048,1004.2272048163488,7.010180784337023,2.0062617963245915,303.7688408227182,0.0,0.0,0.0,0.5290887062084786,9.879026485325697,0.9798994974874372,238.7050655034993,1397,11.501469850540161
core,100,3000000.0,10,14,exclude,launch,0,0.0,prior,0.0,cyc,12600.0,43200.0,84042.22832615337,0,82290.77925088574,1751.449075267644,0,0,0.0,0,11.97835253998471,49.21181963854799,6345.381434240381,810.3600219369569,7.830323883788568,2.006053706291651,303.6432179829503,0.0,0.0,0.0,0.6058921251519936,10.377358490566039,0.9641025641025641,284.45395322315795,1113,7.748142242431641
core,100,3000000.0,10,13,exclude,launch,0,0.0,prior,0.0,cyc,12600.0,43200.0,72421.87615295053,0,71008.97650511353,1412.899647836994,0,0,0.0,0,10.8501829170014,40.619884484862396,7039.814254312048,981.5067379752845,7.172456369310548,2.0065871078926127,303.9652817326845,0.0,0.0,0.0,0.5564895738713015,10.725993377483444,0.9798994974874372,254.7843968544462,1208,11.734469652175903
core,100,3000000.0,16,13,exclude,launch,0,0.0,prior,0.0,cyc,12600.0,43200.0,165650.34562434565,0,158396.9544695495,7253.391154796134,0,1,0.6707136255505998,1,10.8501829170014,43.94256132418274,7039.814254312048,908.0594758021607,7.752591588885986,2.004888961758768,302.94054763938425,0.0,0.0,0.0,0.4010552942843824,6.594029850746269,0.9847715736040609,184.42909673461804,2680,11.092265844345093
core,100,3000000.0,15,13,exclude,launch,0,0.0,prior,0.0,cyc,12600.0,43200.0,167153.5547280091,0,159860.5509946922,7293.003733316899,0,1,0.664681909207389,1,10.8501829170014,40.192530446728156,7039.814254312048,992.5119505380655,7.092926438311991,2.0054363976138645,303.27070489402354,0.0,0.0,0.0,0.419164981685721,7.048648648648649,0.9847715736040609,192.4619523553577,2405,11.282776832580566
core,100,3000000.0,13,13,exclude,launch,0,0.0,prior,0.0,cyc,12600.0,43200.0,171662.83061604484,0,164055.47867517703,7607.351940867804,0,1,0.6472219028935724,1,10.8501829170014,54.561465323013486,7039.814254312048,731.3346891804608,9.625981590181258,2.0048772506913934,302.9334866871281,0.0,0.0,0.0,0.43851928843772675,7.931692616775489,0.9796954314720813,206.24925081381235,1991,12.64467453956604
core,100,3000000.0,12,13,exclude,launch,0,0.0,prior,0.0,cyc,12600.0,43200.0,174900.3612719218,0,167124.40042745718,7775.960844464627,0,1,0.6352413630219905,1,10.8501829170014,47.65745861943901,7039.814254312048,837.0678737421681,8.41008773021008,2.00538809907815,303.241568930393,0.0,0.0,0.0,0.4840250740308037,8.526694661067786,0.9796954314720813,229.49991363882503,1667,13.470887899398804
core,100,3000000.0,14,13,exclude,launch,0,0.0,prior,0.0,cyc,12600.0,43200.0,168900.39693643124,0,161545.71841801167,7354.678518419568,0,1,0.6578074764929618,1,10.8501829170014,46.08071867441883,7039.814254312048,865.8264827257686,8.130744894923424,2.0051177336068866,303.0784975233133,0.0,0.0,0.0,0.4264964892308544,7.457388939256573,0.9847715736040609,198.23161756528614,2206,13.492467403411865
core,100,3000000.0,7,14,exclude,launch,0,0.0,prior,0.0,cyc,12600.0,43200.0,108549.10254877746,0,105750.59624045657,2798.506308320894,0,0,0.0,0,11.97835253998471,34.92533693962779,6345.381434240381,1140.1985963914717,5.565154574231541,2.008948854785362,305.39333747180797,0.0,0.0,0.0,0.7821848892797011,14.861896838602329,0.96875,365.6926218044297,601,11.032867431640625
core,100,3000000.0,8,14,exclude,launch,0,0.0,prior,0.0,cyc,12600.0,43200.0,96317.74093096914,0,93792.86733496045,2524.873596008694,0,0,0.0,0,11.97835253998471,52.46987687811191,6345.381434240381,759.6085177413285,8.353489048685459,2.007197539331484,304.33406497061895,0.0,0.0,0.0,0.6554770031622629,12.520731707317074,0.96875,317.7023751615503,820,10.903856039047241
core,100,3000000.0,11,14,exclude,launch,0,0.0,prior,0.0,cyc,12600.0,43200.0,79516.3543845864,0,78062.78198341199,1453.572401174406,0,0,0.0,0,11.97835253998471,46.60844175087997,6345.381434240381,855.7294383762762,7.415172541312326,2.0058060220035987,303.49372616961114,0.0,0.0,0.0,0.5629007493877731,9.28386605783866,0.9641025641025641,269.4357724357024,1314,10.513657808303833
core,100,3000000.0,12,14,exclude,launch,0,0.0,prior,0.0,cyc,12600.0,43200.0,76068.86218516233,0,74447.96597345504,1620.8962117072988,0,0,0.0,1,11.97835253998471,32.25353215050922,6345.381434240381,1235.7301625207438,5.134924781067537,2.007192648089334,304.3311091095614,0.0,0.0,0.0,0.519993106121581,8.724226804123711,0.96875,241.1720431094684,1552,9.642517566680908
core,100,3000000.0,13,14,exclude,launch,0,0.0,prior,0.0,cyc,12600.0,43200.0,223644.98354762807,0,214062.595347888,9582.38819974008,0,1,0.6947693735668188,1,11.97835253998471,42.55849154767636,6345.381434240381,936.7841174388197,6.7735792229150285,2.0066158654822774,303.98265019219036,0.0,0.0,0.03613006824568447,0.43038149668889847,7.8344017094017095,0.9635416666666666,222.25516207223038,1872,9.621548891067505
core,100,3000000.0,18,14,exclude,launch,0,0.0,prior,0.0,cyc,12600.0,43200.0,213035.33647381162,0,203680.0909155939,9355.245558217723,0,1,0.7293696875540713,1,11.97835253998471,36.195118764309434,6345.381434240381,1102.1496842105273,5.757277369076773,2.005392564978013,303.2442629139203,0.0,0.0,0.0,0.4148822958403073,5.715558601782043,0.9583333333333334,195.51749604954108,2918,8.793102741241455
core,100,3000000.0,16,14,exclude,launch,0,0.0,prior,0.0,cyc,12600.0,43200.0,216105.65326217873,0,206630.3806290338,9475.272633144907,0,1,0.7190068890352231,1,11.97835253998471,36.786844711074636,6345.381434240381,1084.3136891414902,5.8519794574062445,2.0055916245199166,303.36435459138147,0.0,0.0,0.0,0.438482311111886,6.362525458248473,0.96875,208.69709724918837,2455,10.017820358276367
core,100,3000000.0,15,14,exclude,launch,0,0.0,prior,0.0,cyc,12600.0,43200.0,218431.76558783883,0,208776.37633273756,9655.389255101263,0,1,0.7113506756368366,1,11.97835253998471,37.60955980430498,6345.381434240381,1060.1471339430072,5.985378096189339,2.0064373011790066,303.8748123613448,0.0,0.0,0.030622660768969037,0.425820049071221,6.975158084914183,0.9635416666666666,211.53115488528326,2214,10.137820720672607
core,100,3000000.0,17,14,exclude,launch,0,0.0,prior,0.0,cyc,12600.0,43200.0,214489.59745041525,0,205031.13343216697,9458.464018248298,0,1,0.7244224750833449,1,11.97835253998471,36.807514311291996,6345.381434240381,1083.8095381370977,5.854701597429304,2.0053977744883937,303.2474054838643,0.0,0.0,0.0,0.42807442945946617,6.048314606741573,0.9739583333333334,201.80904114841414,2670,9.835808277130127
core,100,3000000.0,14,14,exclude,launch,0,0.0,prior,0.0,cyc,12600.0,43200.0,220914.85673172114,0,210900.0950059648,10014.761725756343,0,1,0.703355217973266,1,11.97835253998471,39.48202779310262,6345.381434240381,1010.27851206475,6.280823909905844,2.005623553234104,303.3836192457555,0.0,0.0,0.0,0.4692659398603047,7.288490284005979,0.9791666666666666,222.849619080718,2007,12.144899606704712
core,100,3000000.0,12,15,exclude,launch,0,0.0,prior,0.0,cyc,12600.0,43200.0,67253.58815514747,0,66071.10031897911,1182.4878361683595,0,0,0.0,1,11.647427075364401,39.81139623351189,6535.136370950874,1001.6552898585528,6.52433670257332,2.0061540966656466,303.70381987111887,0.0,0.0,0.0,0.47373034450759754,8.806584362139917,0.9902439024390244,218.0157264051852,1701,9.405150651931763
core,100,3000000.0,9,15,exclude,launch,0,0.0,prior,0.0,cyc,12600.0,43200.0,80975.84898949414,0,78995.55867884854,1980.2903106456095,0,0,0.0,0,11.647427075364401,38.18811186557765,6535.136370950874,1043.6627891585433,6.261731699967813,2.0072506237058017,304.36614568671814,0.0,0.0,0.0,0.5938378300003099,11.927308447937131,0.9951219512195122,268.5320470936658,1018,10.608164072036743
core,100,3000000.0,8,15,exclude,launch,0,0.0,prior,0.0,cyc,12600.0,43200.0,87639.766154904,0,85461.7273548831,2178.0388000209127,0,0,0.0,0,11.647427075364401,75.08510710907132,6535.136370950874,531.0611736633836,12.305807117982251,2.0062804047060268,303.7800758685975,0.0,0.0,0.0,0.6266807941039856,12.707943925233645,0.9853658536585366,299.1410606128983,856,10.774861812591553
core,100,3000000.0,13,15,exclude,launch,0,0.0,prior,0.0,cyc,12600.0,43200.0,213369.8334877316,0,201510.57181624763,11859.261671483979,0,1,0.7274312011038299,1,11.647427075364401,43.61117071433618,6535.136370950874,914.694061746136,7.144614406346321,2.0054709810798044,303.29156813807526,0.0,0.0,0.0,0.4470096259794149,8.103430619559651,0.9853658536585366,205.85555485674988,1953,9.980148792266846
core,100,3000000.0,5,15,exclude,launch,0,0.0,prior,0.0,cyc,12600.0,43200.0,124984.93582249754,0,120867.77645379191,4117.1593687056375,0,0,0.0,0,11.647427075364401,89.53408731059716,6535.136370950874,444.7099375251417,14.695278471445018,2.00920727399398,305.549796564708,0.0,0.0,0.0,0.9055530908106195,20.080645161290324,0.9853658536585366,437.506035107453,372,11.886064291000366
core,100,3000000.0,7,15,exclude,launch,0,0.0,prior,0.0,cyc,12600.0,43200.0,95332.72200884517,0,93032.05818826277,2300.663820582388,0,0,0.0,0,11.647427075364401,75.34471805672287,6535.136370950874,529.0252284681831,12.35316582136104,2.0070620140906166,304.2521700672748,0.0,0.0,0.0,0.6712013072147511,14.271306818181818,0.9806763285024155,328.56309366681853,704,12.016572713851929
core,100,3000000.0,10,15,exclude,launch,0,0.0,prior,0.0,cyc,12600.0,43200.0,75922.99052310272,0,74407.0251170531,1515.965406049615,0,0,0.0,0,11.647427075364401,58.938792938849424,6535.136370950874,676.7816036937302,9.656196822259188,2.005580990141649,303.35793832027747,0.0,0.0,0.0,0.5450694867385268,10.352272727272727,0.9853658536585366,256.3833213947876,1232,11.812568664550781
core,100,3000000.0,6,15,exclude,launch,0,0.0,prior,0.0,cyc,12600.0,43200.0,109967.19245502324,0,106363.55414320428,3603.6383118189565,0,0,0.0,0,11.647427075364401,77.70327478309268,6535.136370950874,512.7135174963466,12.746175296611797,2.008056355480891,304.8532847476247,0.0,0.0,0.0,0.7370975044348939,16.308957952468006,0.9853658536585366,365.2475597625372,547,12.579779386520386
core,100,3000000.0,11,15,exclude,launch,0,0.0,prior,0.0,cyc,12600.0,43200.0,68764.7365881729,0,67166.67466791839,1598.0619202545304,0,0,0.0,0,11.647427075364401,39.14341549736146,6535.136370950874,1018.5122825871498,6.41635499412025,2.0066193623862194,303.9847622192517,0.0,0.0,0.0,0.49062930398570515,9.94281914893617,0.9951219512195122,217.2921394608082,1504,12.241738319396973
core,100,3000000.0,16,15,exclude,launch,0,0.0,prior,0.0,cyc,12600.0,43200.0,208326.85153782569,0,196733.42288208584,11593.428655739837,0,1,0.7450401765665922,1,11.647427075364401,42.81765433586953,6535.136370950874,931.8621143381228,7.012986439085584,2.005004998719399,303.010514235294,0.0,0.0,0.0,0.3955730555686354,6.611336032388664,0.9853658536585366,181.33885213858065,2717,11.485954999923706
core,100,3000000.0,15,15,exclude,launch,0,0.0,prior,0.0,cyc,12600.0,43200.0,209558.77615941802,0,197997.32465260135,11561.45150681665,0,1,0.7406603392989374,1,11.647427075364401,44.40698091349861,6535.136370950874,898.492736889607,7.273443738203318,2.0050452041191282,303.0347586968581,0.0,0.0,0.0,0.4062631534191858,7.0958517921868705,0.9902439024390244,185.23932644421433,2483,11.805535316467285
core,100,3000000.0,18,15,exclude,launch,0,0.0,prior,0.0,cyc,12600.0,43200.0,205661.14182012275,0,194077.5806572195,11583.56116290324,0,1,0.7546971337398024,1,11.647427075364401,38.098490191438856,6535.136370950874,1047.2691745342102,6.240168745401564,2.0050439701269216,303.03401456654535,0.0,0.0,0.0,0.3958151145328758,5.974476439790576,0.9853658536585366,178.91267237288073,3056,11.616261959075928
core,100,3000000.0,17,15,exclude,launch,0,0.0,prior,0.0,cyc,12600.0,43200.0,206785.358694401,0,195052.7969114757,11732.561782925277,0,1,0.7505941195898909,1,11.647427075364401,44.005220972341355,6535.136370950874,906.5953804194789,7.208437757455908,2.0052673335689972,303.1687235822765,0.0,0.0,0.023047375160051217,0.36602017682668164,6.586793737236215,0.9853658536585366,168.6511839930723,2938,12.807647943496704
core,100,3000000.0,14,15,exclude,launch,0,0.0,prior,0.0,cyc,12600.0,43200.0,210364.8438100951,0,198743.36901127183,11621.474798823292,0,1,0.7378223064373781,1,11.647427075364401,42.18590674515792,6535.136370950874,945.5621665532578,6.911376747202786,2.0055454645745208,303.3365043979165,0.0,0.0,0.0,0.4151184209565171,7.574768416409351,0.9853658536585366,190.32366121456067,2267,14.331368207931519
core,200,1500000.0,2,14,exclude,launch,0,0.0,prior,0.0,cyc,12600.0,43200.0,1210005.9894372618,0,1053250.9726706496,156755.01676661219,0,0,0.0,0,4.896480120710079,19.590533226743503,7835.800210335435,1000.0787255621589,7.835183381119139,2.0416417849618327,325.50528245354195,0.0,0.09615384615384616,0.0,3.5478009865619473,94.6842105263158,0.947103274559194,1815.4556293285252,38,17.573315382003784
core,200,1500000.0,2,13,exclude,launch,0,0.0,prior,0.0,cyc,12600.0,43200.0,1177189.899523961,0,1032315.4314370402,144874.46808692062,0,0,0.0,0,4.7893154785571,26.174793385577157,8018.59089865545,748.0580647854009,10.719209211327442,2.0428732407546955,326.2753788846603,0.0,0.07692307692307693,0.0,3.4916685025939063,92.86486486486487,0.9507042253521126,1830.5110917179925,37,25.96286678314209
core,200,1500000.0,4,13,exclude,launch,0,0.0,prior,0.0,cyc,12600.0,43200.0,464495.4736293715,0,435020.6629415215,29474.810687850008,0,0,0.0,0,4.7893154785571,42.26613119966545,8018.59089865545,467.9993128457097,17.13376639358234,2.0221914932404887,313.4626346559662,0.0,0.024291497975708502,0.0,1.462892476480404,47.16304347826087,0.9813084112149533,759.9786165772275,184,23.929428577423096
core,200,1500000.0,8,13,exclude,launch,0,0.0,prior,0.0,cyc,12600.0,43200.0,291515.54547230573,0,279831.7634285007,11683.782043805048,0,1,0.2912110002570229,1,4.7893154785571,48.74714938959834,8018.59089865545,407.8994224746226,19.658255091435745,2.0116743413262625,307.0454918693781,0.0,0.0,0.0,0.7255996233332349,24.051212938005392,0.9882629107981221,366.47711357052725,742,22.311503648757935
core,200,1500000.0,5,14,exclude,launch,0,0.0,prior,0.0,cyc,12600.0,43200.0,418178.2411553468,0,396169.3004252882,22008.940730058588,0,0,0.0,1,4.896480120710079,11.791616366037724,7835.800210335435,1678.629143798506,4.667975793988719,2.020839821283082,312.6341822151823,0.0,0.0,0.0,1.4655318168279188,40.60087719298246,0.9748110831234257,703.9377924556453,228,24.645214319229126
core,200,1500000.0,5,13,exclude,launch,0,0.0,prior,0.0,cyc,12600.0,43200.0,419960.87771855737,0,399068.72635733616,20892.151361221233,0,1,0.20214390932946208,1,4.7893154785571,61.32353610294669,8018.59089865545,323.3132231095668,24.801308222206703,2.017480448255883,310.5799387748978,0.0,0.0,0.0,1.1403049011168866,38.04406779661017,0.9859484777517564,581.0996879663576,295,29.012707710266113
core,200,1500000.0,2,15,exclude,launch,0,0.0,prior,0.0,cyc,12600.0,43200.0,1093752.727130288,0,975913.9535109812,117838.7736193068,0,0,0.0,0,5.853354962496979,73.51014084267253,6500.354398964457,266.3406332098186,24.406168599304895,2.043032656369558,326.3751366760009,0.0,0.05357142857142857,0.0,3.2412774733883674,94.85365853658537,0.9323671497584541,1684.7174285189847,41,25.23732876777649
core,200,1500000.0,3,14,exclude,launch,0,0.0,prior,0.0,cyc,12600.0,43200.0,723550.730346232,0,643444.7097721038,80106.02057412804,0,0,0.0,0,4.896480120710079,30.419346311787724,7835.800210335435,648.3459913406027,12.085831199685737,2.02816500158524,317.1369811454328,0.0,0.0,0.0,2.1252996895872975,64.43157894736842,0.9596977329974811,1081.32878422978,95,27.30424213409424
core,200,1500000.0,4,14,exclude,launch,0,0.0,prior,0.0,cyc,12600.0,43200.0,514841.09862926946,0,463667.22190965054,51173.876719618966,0,0,0.0,0,4.896480120710079,34.19087565996383,7835.800210335435,578.700411286971,13.540339798462231,2.0216034808176024,313.1021016055922,0.0,0.0,0.0,1.5010464484666628,48.150837988826815,0.9722921914357683,757.3503780591473,179,27.22724151611328
core,200,1500000.0,3,13,exclude,launch,0,0.0,prior,0.0,cyc,12600.0,43200.0,683597.2436437904,0,622302.6710455411,61294.57259824929,0,0,0.0,0,4.7893154785571,28.092709111109798,8018.59089865545,701.5930186475636,11.42912013878446,2.0294628705796782,317.9381405706455,0.0,0.0,0.0,2.05283471592872,61.23711340206186,0.9627039627039627,1099.0800645443755,97,32.67647099494934
core,200,1500000.0,7,13,exclude,launch,0,0.0,prior,0.0,cyc,12600.0,43200.0,323853.57336608553,0,310464.3048169617,13389.268549123793,0,1,0.2621324591391755,1,4.7893154785571,52.437792748740435,8018.59089865545,378.9413782681959,21.160504918468654,2.012998995611758,307.85008953312905,0.0,0.0,0.0,0.8335783925219129,27.561278863232683,0.9788732394366197,420.82155751634286,563,30.151514530181885
core,200,1500000.0,4,15,exclude,launch,0,0.0,prior,0.0,cyc,12600.0,43200.0,518829.6539922638,0,486140.23087495595,32689.423117307848,0,0,0.0,0,5.853354962496979,31.247894890034505,6500.354398964457,632.6510249569205,10.274786797993553,2.0233686196907428,314.1849995303208,0.0,0.02531645569620253,0.0,1.521983848939078,45.93785310734463,0.9418886198547215,812.110564269766,177,26.65230703353882
core,200,1500000.0,8,14,exclude,launch,0,0.0,prior,0.0,cyc,12600.0,43200.0,499908.2023407071,0,467846.0315298416,32062.17081086556,0,1,0.5471814040714477,1,4.896480120710079,43.89620828034111,7835.800210335435,453.07591335837765,17.29467398134981,2.011231252353607,306.7765937209933,0.0,0.0,0.0,0.8082433352694922,24.906766917293233,0.9721518987341772,395.04037843642084,665,27.637683153152466
core,200,1500000.0,6,13,exclude,launch,0,0.0,prior,0.0,cyc,12600.0,43200.0,354623.28668732947,0,339318.7647201324,15304.52196719714,0,1,0.2393879273424893,1,4.7893154785571,56.279930796825866,8018.59089865545,352.73933680782113,22.732341028990835,2.0148955724104756,309.0039068695159,0.0,0.0,0.0,0.9320698743062383,31.856812933025402,0.9882629107981221,476.4888116291506,433,32.30688548088074
core,200,1500000.0,7,15,exclude,launch,0,0.0,prior,0.0,cyc,12600.0,43200.0,321224.6081454088,0,304224.09823362244,17000.509911786383,0,1,0.24147731855993795,1,5.853354962496979,54.22876423319348,6500.354398964457,366.3419937255688,17.743951035637892,2.0134626549686288,308.1319659048185,0.0,0.0,0.0,0.8066013158266462,27.34417808219178,0.9656862745098039,409.7842264362188,584,27.823763132095337
core,200,1500000.0,7,14,exclude,launch,0,0.0,prior,0.0,cyc,12600.0,43200.0,517517.0991525057,0,483094.3838398027,34422.715312702974,0,1,0.5285631576455616,1,4.896480120710079,46.98982487367794,7835.800210335435,422.9530465340964,18.52640683060726,2.012630303085617,307.62603921818067,0.0,0.0,0.0,0.8604660737149996,28.490875912408757,0.9772151898734177,419.35672568814573,548,31.484564781188965
core,200,1500000.0,3,15,exclude,launch,0,0.0,prior,0.0,cyc,12600.0,43200.0,667608.0764899496,0,607870.9291994679,59737.147290481764,0,0,0.0,0,5.853354962496979,52.153957672557915,6500.354398964457,377.9041842905662,17.201064897356122,2.0295091820534576,317.9667467797137,0.0,0.0,0.0,2.006164481442838,63.29,0.9557739557739557,1031.7219542394207,100,30.80735754966736
core,200,1500000.0,6,14,exclude,launch,0,0.0,prior,0.0,cyc,12600.0,43200.0,552435.4544109599,0,515968.51073698077,36466.9436739791,0,1,0.4951537231716723,1,4.896480120710079,50.35803635429326,7835.800210335435,394.3121736028015,19.872072776095905,2.014424612441606,308.71718829819065,0.0,0.0,0.0,0.9773598739770644,32.94673123486683,0.9797979797979798,482.60064583722556,413,32.61776256561279
core,200,1500000.0,6,15,exclude,launch,0,0.0,prior,0.0,cyc,12600.0,43200.0,319066.1465283268,0,302451.00456100213,16615.141967324696,0,0,0.0,1,5.853354962496979,32.403054450678994,6500.354398964457,612.1849042252637,10.618286001662893,2.016468418376596,309.9624136671058,0.0,0.0,0.0,0.9522406889372071,30.629716981132077,0.9754299754299754,502.9240973135559,424,33.52249622344971
core,200,1500000.0,9,15,exclude,launch,0,0.0,prior,0.0,cyc,12600.0,43200.0,278132.70197801804,0,263337.39028940117,14795.311688616825,0,1,0.27891193307598094,1,5.853354962496979,45.11123112647672,6500.354398964457,440.932974499888,14.742273258962419,2.0109567659145204,306.6100747645039,0.0,0.0,0.0,0.681789205116796,21.736486486486488,0.9705159705159705,338.54199271882936,888,32.48989200592041
core,200,1500000.0,8,15,exclude,launch,0,0.0,prior,0.0,cyc,12600.0,43200.0,300490.51445529074,0,283927.3031335157,16563.21132177498,0,1,0.2581616512183671,1,5.853354962496979,53.27564508653989,6500.354398964457,373.1835349379688,17.41865272819434,2.011911161964969,307.1892599127881,0.0,0.0,0.0,0.7436698820934966,24.142461964038727,0.9705159705159705,374.32023277313715,723,34.33802270889282
core,200,1500000.0,5,15,exclude,launch,0,0.0,prior,0.0,cyc,12600.0,43200.0,368071.872700352,0,351342.5337949149,16729.3389054371,0,0,0.0,0,5.853354962496979,41.17735878225632,6500.354398964457,481.1989386214394,13.508663210245158,2.0187235253160596,311.33928630971394,0.0,0.0,0.0,1.1491558016908396,38.01360544217687,0.9754901960784313,586.0197442872238,294,39.170665979385376
core,200,3000000.0,4,13,exclude,launch,0,0.0,prior,0.0,cyc,12600.0,43200.0,449595.86450687924,0,421581.8723620894,28013.992144789874,0,0,0.0,0,9.5786309571142,127.64195332885458,8018.59089865545,310.0213414238835,25.86464164636929,2.0216452710775514,313.12771797453706,0.0,0.0,0.0,1.4678492167314345,48.141304347826086,0.9859484777517564,740.2710036857212,184,28.184735774993896
core,200,3000000.0,5,13,exclude,launch,0,0.0,prior,0.0,cyc,12600.0,43200.0,360560.84665730555,0,344127.84779347084,16432.99886383467,0,0,0.0,0,9.5786309571142,122.9719043482597,8018.59089865545,322.44114030758396,24.86838649375304,2.0175933604427443,310.6488741651471,0.0,0.0,0.0,1.1807277751031737,38.066901408450704,0.9790209790209791,612.4466367706772,284,31.96412444114685
core,200,3000000.0,5,14,exclude,launch,0,0.0,prior,0.0,cyc,12600.0,43200.0,390888.4619984345,0,365417.22041465266,25471.24158378185,0,0,0.0,0,9.792960241420158,84.01739909712882,7835.800210335435,472.0186541011851,16.600615552485557,2.0172586745991627,310.44456331417365,0.0,0.0,0.0,1.2664622377485268,39.81818181818182,0.9848484848484849,619.7367923250564,264,22.03368067741394
core,200,3000000.0,7,13,exclude,launch,0,0.0,prior,0.0,cyc,12600.0,43200.0,253937.94525582012,0,245608.7632510849,8329.182004735192,0,0,0.0,0,9.5786309571142,104.1745790816465,8018.59089865545,381.47549122053226,21.019937278276878,2.0130825844687226,307.90089688614796,0.0,0.0,0.0,0.8561948910939127,27.817518248175183,0.9835680751173709,428.95850974538723,548,32.33557748794556
core,200,3000000.0,4,14,exclude,launch,0,0.0,prior,0.0,cyc,12600.0,43200.0,492468.9460668481,0,452041.56480457075,40427.38126227739,0,0,0.0,0,9.792960241420158,92.0668505373958,7835.800210335435,429.9360037153036,18.225503662457097,2.0210771162413628,312.7795431935332,0.0,0.0,0.0,1.5573777911946123,49.31395348837209,0.9722222222222222,767.9022289983012,172,24.075127840042114
core,200,3000000.0,13,13,exclude,launch,0,0.0,prior,0.0,cyc,12600.0,43200.0,239748.2275665456,0,230333.4503119427,9414.777254602917,0,1,0.3540903490679558,1,9.5786309571142,76.8853597266996,8018.59089865545,518.213070919566,15.473540419245905,2.0078810146667543,304.7472419177058,0.0,0.0,0.0,0.5550474998029021,15.101651842439644,0.9859154929577465,274.60781052428683,1574,25.515766143798828
core,200,3000000.0,6,13,exclude,launch,0,0.0,prior,0.0,cyc,12600.0,43200.0,285052.28136055067,0,274332.0593740861,10720.221986464543,0,0,0.0,0,9.5786309571142,114.39527457126755,8018.59089865545,347.0618833677429,23.104210755864077,2.014999685817106,309.0673086626473,0.0,0.0,0.0,0.9410062958480458,32.1025641025641,0.9906103286384976,476.9885768796,429,36.80835318565369
core,200,3000000.0,15,13,exclude,launch,0,0.0,prior,0.0,cyc,12600.0,43200.0,230625.8320198689,0,221879.80374850318,8746.028271365718,0,1,0.3680963786404812,1,9.5786309571142,72.28172742398932,8018.59089865545,551.4519145982064,14.540870538998634,2.0070297733910976,304.2326893488376,0.0,0.0,0.0,0.528263913903373,13.157315154693235,0.9882629107981221,260.0564520997148,1907,31.871371746063232
core,200,3000000.0,8,13,exclude,launch,0,0.0,prior,0.0,cyc,12600.0,43200.0,223705.48964615146,0,213535.92073805322,10169.568908098236,0,0,0.0,0,9.5786309571142,97.6010358358024,8018.59089865545,407.44890086767606,19.679991482562826,2.011696264869604,307.0587997053326,0.0,0.0,0.0,0.7544756819889191,24.376404494382022,0.9835680751173709,376.456585507384,712,35.66254711151123
core,200,3000000.0,11,13,exclude,launch,0,0.0,prior,0.0,cyc,12600.0,43200.0,257573.61218242976,0,247537.5880799337,10036.024102496072,0,1,0.3295855226324004,1,9.5786309571142,82.35824210540319,8018.59089865545,483.5118631184382,16.584062378405932,2.008980792866971,305.41267211233844,0.0,0.0,0.0,0.6118332723892073,17.64516129032258,0.9859154929577465,306.3017098628044,1209,33.7920298576355
core,200,3000000.0,9,14,exclude,launch,0,0.0,prior,0.0,cyc,12600.0,43200.0,229363.46160716977,0,222288.17876133695,7075.282845832829,0,0,0.0,0,9.792960241420158,37.33947461642446,7835.800210335435,1064.789176435972,7.359015647175503,2.012139821788976,307.3281056553059,0.0,0.0,0.0,0.8191399995286548,23.39077340569878,0.9873096446700508,378.4810790819417,737,27.872998476028442
core,200,3000000.0,12,13,exclude,launch,0,0.0,prior,0.0,cyc,12600.0,43200.0,248387.50823682564,0,238778.39552123664,9609.112715588988,0,1,0.3417745690597302,1,9.5786309571142,82.79255818270838,8018.59089865545,481.13959473152727,16.66583042937834,2.0082953699221404,304.9978659019277,0.0,0.0,0.0,0.5859503535380884,16.303558460421204,0.9882629107981221,291.1192819886885,1377,34.03411674499512
core,200,3000000.0,11,14,exclude,launch,0,0.0,prior,0.0,cyc,12600.0,43200.0,457444.5315169447,0,426680.7186517446,30763.81286520011,0,1,0.597975171233384,1,9.792960241420158,71.77849714871365,7835.800210335435,554.8358623092839,14.122735646037782,2.008774106301226,305.287559263151,0.0,0.0,0.0,0.6527827176106819,17.981399468556244,0.979746835443038,320.76535594373735,1129,23.90196967124939
core,200,3000000.0,14,13,exclude,launch,0,0.0,prior,0.0,cyc,12600.0,43200.0,234807.44040643994,0,225970.31900927742,8837.121397162546,0,1,0.3615410714435468,1,9.5786309571142,63.56836545954962,8018.59089865545,626.8144209299744,12.79260755800521,2.007751517774345,304.6689364729488,0.0,0.0,0.0,0.5443935144382576,14.23277359583092,0.9882629107981221,265.83316051883804,1727,35.08055305480957
core,200,3000000.0,6,14,exclude,launch,0,0.0,prior,0.0,cyc,12600.0,43200.0,314853.2841062827,0,299629.4693243585,15223.814781924235,0,0,0.0,0,9.792960241420158,91.72492891751062,7835.800210335435,432.94245415459875,18.098941637951174,2.0145239200797933,308.7776353242214,0.0,0.0,0.0,1.027447265818768,33.074168797953966,0.9722222222222222,504.7727540134421,391,31.38942837715149
core,200,3000000.0,8,14,exclude,launch,0,0.0,prior,0.0,cyc,12600.0,43200.0,249610.38724934237,0,240697.42836743427,8912.958881908076,0,0,0.0,0,9.792960241420158,85.90194095137461,7835.800210335435,463.0380087629659,16.922585321384847,2.0112699658649973,306.80008315817764,0.0,0.0,0.0,0.83550347940621,24.959627329192546,0.9848101265822785,407.81985107052265,644,31.046236038208008
core,200,3000000.0,7,14,exclude,launch,0,0.0,prior,0.0,cyc,12600.0,43200.0,278997.27443375887,0,263035.54517744243,15961.72925631647,0,0,0.0,0,9.792960241420158,83.92140252603683,7835.800210335435,473.6027247904216,16.545091065096656,2.0128112971069996,307.73601706426905,0.0,0.0,0.0,0.8868869589515237,28.32264150943396,0.9848101265822785,436.5710083812845,530,31.726252555847168
core,200,3000000.0,9,13,exclude,launch,0,0.0,prior,0.0,cyc,12600.0,43200.0,212806.76683546565,0,206245.7332834385,6561.033552027169,0,0,0.0,0,9.5786309571142,83.6845179668063,8018.59089865545,475.42951299589276,16.86599312719722,2.0107530234700723,306.4865023361677,0.0,0.0,0.0,0.7042149912745358,21.162193698949824,0.9882629107981221,360.2672084229086,857,38.205331563949585
core,200,3000000.0,10,13,exclude,launch,0,0.0,prior,0.0,cyc,12600.0,43200.0,263538.1413391463,0,253451.8336850746,10086.307654071694,0,1,0.32212617557400625,1,9.5786309571142,91.26936372021254,8018.59089865545,436.1667073494815,18.38423420114571,2.0096130919543245,305.79557863367137,0.0,0.0,0.0,0.6381579065516602,19.532258064516128,0.9906103286384976,317.9142657062047,1054,38.00354027748108
core,200,3000000.0,10,14,exclude,launch,0,0.0,prior,0.0,cyc,12600.0,43200.0,212649.1884218354,0,205577.10636742206,7072.082054413336,0,0,0.0,1,9.792960241420158,66.77410258273943,7835.800210335435,596.1740229440206,13.143478093260025,2.009596558818018,305.78556347315515,0.0,0.0,0.0,0.7344733184233357,20.191048034934497,0.9898734177215189,354.3542552358375,916,29.367699146270752
core,200,3000000.0,12,14,exclude,launch,0,0.0,prior,0.0,cyc,12600.0,43200.0,445962.8376205972,0,415891.6818742798,30071.15574631743,0,1,0.6133705524053914,1,9.792960241420158,66.65996711762043,7835.800210335435,597.5828518313283,13.112491742897504,2.0082915704908157,304.9955673368507,0.0,0.0,0.0,0.6177569183101765,16.591117917304746,0.9822784810126582,301.6075144759192,1306,29.253241539001465
core,200,3000000.0,14,14,exclude,launch,0,0.0,prior,0.0,cyc,12600.0,43200.0,436356.58355622354,0,406549.9971325551,29806.586423668472,0,1,0.6268737137739877,1,9.792960241420158,61.02245483592556,7835.800210335435,653.0818769467731,11.998189640430125,2.0073942699078864,304.45296451297304,0.0,0.0,0.0,0.5850944718670634,14.293532338308458,0.9873096446700508,284.3023306226126,1608,24.598426818847656
core,200,3000000.0,13,14,exclude,launch,0,0.0,prior,0.0,cyc,12600.0,43200.0,442370.6785374843,0,412863.38580621406,29507.292731270263,0,1,0.618351272665655,1,9.792960241420158,62.67150743402004,7835.800210335435,635.7634632741405,12.325024420216874,2.0078177085575732,304.70896010467123,0.0,0.0,0.0,0.607007864506092,15.434027777777779,0.979746835443038,294.0840585127159,1440,27.72661304473877
core,200,3000000.0,15,14,exclude,launch,0,0.0,prior,0.0,cyc,12600.0,43200.0,427483.1411624778,0,398569.3490782906,28913.79208418721,0,1,0.6398859878304579,1,9.792960241420158,48.15826869265604,7835.800210335435,827.4057642283356,9.470323448427202,2.007708138062231,304.6427074550547,0.0,0.0,0.0,0.5504991769213561,13.555434188967777,0.9822335025380711,263.24362197554467,1831,24.750528573989868
core,200,3000000.0,5,15,exclude,launch,0,0.0,prior,0.0,cyc,12600.0,43200.0,353937.7419316777,0,336125.3909658313,17812.3509658464,0,0,0.0,0,11.706709924993959,118.84546927188413,6500.354398964457,333.5348124461055,19.489283146462625,2.018209226973536,311.0250089682138,0.0,0.0,0.0,1.1319355035383543,38.62626262626262,0.975669099756691,573.3078395618711,297,28.042731761932373
core,200,3000000.0,8,15,exclude,launch,0,0.0,prior,0.0,cyc,12600.0,43200.0,236032.29279661266,0,228857.77126805673,7174.5215285559425,0,0,0.0,0,11.706709924993959,97.49881566632637,6500.354398964457,407.80414807246336,15.939892788460304,2.0120511066189453,307.2742327225895,0.0,0.0,0.0,0.7566239068264959,24.045007032348803,0.9754299754299754,382.0455815380083,711,28.869837999343872
core,200,3000000.0,6,15,exclude,launch,0,0.0,prior,0.0,cyc,12600.0,43200.0,297499.34672683175,0,285896.46544917306,11602.881277658682,0,0,0.0,0,11.706709924993959,112.0666655071863,6500.354398964457,354.1901980072253,18.352722451206436,2.0154730665805847,309.35566468517294,0.0,0.0,0.0,0.9412028341641124,31.58411214953271,0.9682926829268292,485.45080561493126,428,30.127023220062256
core,200,3000000.0,7,15,exclude,launch,0,0.0,prior,0.0,cyc,12600.0,43200.0,261376.77290975692,0,252727.51841834167,8649.254491415242,0,0,0.0,0,11.706709924993959,109.88281433574701,6500.354398964457,361.596236118749,17.97683092262533,2.013428963232836,308.11147905575416,0.0,0.0,0.0,0.8338240176552928,27.187610619469027,0.9754901960784313,426.13131875388353,565,30.212528228759766
core,200,3000000.0,11,15,exclude,launch,0,0.0,prior,0.0,cyc,12600.0,43200.0,184986.7679941505,0,180292.24269845802,4694.525295692472,0,0,0.0,0,11.706709924993959,78.1382562667628,6500.354398964457,509.5236457211747,12.757708996535223,2.0093793203425125,305.6539837005337,0.0,0.0,0.0,0.6220214117844214,18.042087542087543,0.9852216748768473,304.67314034674126,1188,22.95577597618103
core,200,3000000.0,13,15,exclude,launch,0,0.0,prior,0.0,cyc,12600.0,43200.0,238216.6901573025,0,225049.97923830413,13166.710918998384,0,1,0.32562169985656764,1,11.706709924993959,71.42264370574452,6500.354398964457,557.7230545534501,11.65516531169591,2.0083318149809277,305.01991473081955,0.0,0.0,0.0,0.5480949649553793,15.037664783427495,0.972972972972973,272.48334131445733,1593,23.236283540725708
core,200,3000000.0,17,15,exclude,launch,0,0.0,prior,0.0,cyc,12600.0,43200.0,216417.73208822354,0,203552.52504106087,12865.20704716266,0,1,0.35845170470012006,1,11.706709924993959,46.448218265188544,6500.354398964457,857.4091711960841,7.581391262582922,2.008781976659417,305.292322929864,0.0,0.0,0.028598665395614873,0.45448963981536095,12.344172297297296,0.9754299754299754,223.10219096244793,2368,21.198270320892334
core,200,3000000.0,16,15,exclude,launch,0,0.0,prior,0.0,cyc,12600.0,43200.0,220579.56111014562,0,207643.89848030085,12935.662629844763,0,1,0.35168748988398635,1,11.706709924993959,53.583957496186905,6500.354398964457,743.1640733779623,8.746863084241792,2.008956323023412,305.3978585306772,0.0,0.0,0.02857142857142857,0.42539237646388084,12.858649789029537,0.9778869778869779,214.45223541921942,2370,22.217979669570923
core,200,3000000.0,15,15,exclude,launch,0,0.0,prior,0.0,cyc,12600.0,43200.0,226468.58753964127,0,213214.75589147912,13253.831648162144,0,1,0.3425357367549372,1,11.706709924993959,50.69787459692487,6500.354398964457,785.4022643032131,8.276465060527155,2.0091302158202695,305.50313774443913,0.0,0.0,0.03536345776031434,0.4918564954921753,14.059561128526646,0.9778869778869779,242.5009409330676,1914,24.032174110412598
core,200,3000000.0,12,15,exclude,launch,0,0.0,prior,0.0,cyc,12600.0,43200.0,172509.0128675617,0,168323.6333763278,4185.379491233896,0,0,0.0,1,11.706709924993959,65.57219246733462,6500.354398964457,607.2463246405684,10.704641815349056,2.0091177341812996,305.49558043175983,0.0,0.0,0.0,0.5852117402385557,16.98329702251271,0.9828009828009828,279.14267484667926,1377,25.89969491958618
core,200,3000000.0,14,15,exclude,launch,0,0.0,prior,0.0,cyc,12600.0,43200.0,231299.61999023097,0,218176.315157822,13123.304832408947,0,1,0.33538160269963757,1,11.706709924993959,58.728367866776665,6500.354398964457,677.9662011441794,9.588021332028116,2.009250162690322,305.5757672671324,0.0,0.0,0.037751677852348994,0.48744927936562776,14.850055741360089,0.9778325123152709,244.90678567408685,1794,25.209608554840088
core,200,3000000.0,9,15,exclude,launch,0,0.0,prior,0.0,cyc,12600.0,43200.0,210690.44108938612,0,204786.10523031084,5904.335859075259,0,0,0.0,0,11.706709924993959,87.2715465227583,6500.354398964457,455.8262502269565,14.260596873760388,2.011027377981293,306.6529077083183,0.0,0.0,0.0,0.6895794455496254,21.718358038768528,0.9803439803439803,343.29131269351853,877,30.22341275215149
core,200,3000000.0,18,15,exclude,launch,0,0.0,prior,0.0,cyc,12600.0,43200.0,208523.07367599057,0,195882.47442665845,12640.599249332136,0,1,0.37201795572748114,1,11.706709924993959,50.22552599845749,6500.354398964457,793.1288134840197,8.195836903730681,2.008268450810015,304.98158066964817,0.0,0.0,0.024951483227058497,0.42102536486263153,11.780110497237569,0.972972972972973,204.25766663739157,2715,24.17569899559021
core,200,3000000.0,10,15,exclude,launch,0,0.0,prior,0.0,cyc,12600.0,43200.0,198733.747941816,0,192746.2419607226,5987.505981093391,0,0,0.0,0,11.706709924993959,88.21249869547071,6500.354398964457,451.1922366509861,14.407061715453942,2.0100101224151707,306.0361342143323,0.0,0.0,0.0,0.6492298237908308,19.516409266409266,0.9778869778869779,322.363942237024,1036,27.25044536590576
core,200,1500000.0,12,15,exclude,launch,0,0.0,prior,0.0,cyc,12600.0,43200.0,255668.2565647153,0,241367.3013329859,14300.95523172942,0,1,0.30341666311696697,1,5.853354962496979,32.78077429672621,6500.354398964457,607.3212768111937,10.703320708761058,2.0091959188639112,305.54292079547207,0.0,0.0,0.0,0.560275759467376,15.917998610145935,0.9754299754299754,284.51802494486617,1439,13.543796062469482
core,200,1500000.0,11,15,exclude,launch,0,0.0,prior,0.0,cyc,12600.0,43200.0,253548.9360054349,0,239634.3402789041,13914.59572653081,0,1,0.30595740066063654,1,5.853354962496979,42.290366387939464,6500.354398964457,470.74017186716264,13.808794718286292,2.009265290698271,305.5849281024795,0.0,0.0,0.0,0.6024548747539217,17.78321108394458,0.9705159705159705,298.5048779311964,1227,15.42554521560669
core,200,1500000.0,9,13,exclude,launch,0,0.0,prior,0.0,cyc,12600.0,43200.0,279349.01816122007,0,268235.2009864517,11113.817174768388,0,1,0.30389415415259174,1,4.7893154785571,44.80109759435936,8018.59089865545,444.0638361837447,18.057293220647487,2.01060116981929,306.3944173320353,0.0,0.0,0.0,0.6817582572396472,21.289414414414413,0.9859154929577465,344.93972999183865,888,16.888756275177002
core,200,1500000.0,10,15,exclude,launch,0,0.0,prior,0.0,cyc,12600.0,43200.0,265723.2944321261,0,251103.98127446428,14619.313157661825,0,1,0.29193317997523155,1,5.853354962496979,48.396891673576874,6500.354398964457,411.2181953031199,15.807555388381763,2.009880325238515,305.95748139115454,0.0,0.0,0.0,0.6288443467142479,19.365420560747662,0.9705159705159705,314.7132746094812,1070,17.473952770233154
core,200,1500000.0,10,13,exclude,launch,0,0.0,prior,0.0,cyc,12600.0,43200.0,264290.6908600211,0,253768.3001919151,10522.390668106016,0,1,0.32120894349784,1,4.7893154785571,47.61289234220596,8018.59089865545,418.05347271211525,19.180778111075046,2.0095720953353906,305.77074470396735,0.0,0.0,0.0,0.6291428787970323,19.318352059925093,0.9859154929577465,316.8263310615249,1068,18.589698791503906
core,200,1500000.0,11,13,exclude,launch,0,0.0,prior,0.0,cyc,12600.0,43200.0,257630.07091408232,0,247371.5698951676,10258.501018914694,0,1,0.32951329511442085,1,4.7893154785571,40.63965391813806,8018.59089865545,489.92574304590016,16.36695154821494,2.008999045738975,305.4237222906487,0.0,0.0,0.0,0.6127197927215252,17.709196354598177,0.9882629107981221,305.80345596608373,1207,18.88322114944458
core,200,1500000.0,14,13,exclude,launch,0,0.0,prior,0.0,cyc,12600.0,43200.0,278560.74413157784,0,267015.0240462551,11545.72008532275,0,1,0.30475411692382215,1,4.7893154785571,23.934168372811815,8018.59089865545,832.009526286118,9.637619096079861,2.0086920030047906,305.23786707774497,0.0,0.0,0.0,0.5380597616227359,11.551862464183381,0.9905660377358491,322.69304408425467,1745,16.474422693252563
core,200,1500000.0,13,13,exclude,launch,0,0.0,prior,0.0,cyc,12600.0,43200.0,242693.32185920785,0,233326.96241025458,9366.359448953302,0,1,0.3497934468782362,1,4.7893154785571,38.77452771966769,8018.59089865545,513.7959200887858,15.606567870896694,2.0078109723955144,304.70488682423786,0.0,0.0,0.0,0.5711695382571246,15.120994113799869,0.9906103286384976,282.40840429405944,1529,17.842365026474
core,200,1500000.0,12,13,exclude,launch,0,0.0,prior,0.0,cyc,12600.0,43200.0,248624.4002311658,0,239115.4246934942,9508.975537671588,0,1,0.34144892258575443,1,4.7893154785571,41.16069617288949,8018.59089865545,483.8900240788687,16.57110190258543,2.0083093536214225,305.0063257801351,0.0,0.0,0.0,0.5844523857071485,16.20884699057288,0.9859154929577465,292.2982040857896,1379,18.592562437057495
