layout,M,Emax,K,seed,coord,replan,divert,q,belief,tau,planner,L,Th,J,n_diverts,J_age,J_event,n_replans,n_never,share_never,n_reach_inf,K_reach_i,K_commute_i,r_max,r_c,rmax_over_rc,regime_bnd,P_bar,dup_frac,trunc_frac,empty_frac,T_s_over_t_c,mean_n,catch_rate,T_rev,n_sorties,secs
core,50,1500000.0,1,14,exclude,launch,0,0.0,prior,0.0,cluster_patrol,12600.0,43200.0,318397.8048441833,0,273063.25928104273,45334.54556314065,0,0,0.0,0,5.837889455431319,56.36942105534525,6518.4579356475715,351.1697422905128,18.562128653598624,2.0206883054690588,312.5413850763896,0.0,0.0,0.0,3.8670825287616175,50.0,0.9396551724137931,1864.2276771352856,18,0.07351136207580566
core,50,1500000.0,1,14,exclude,launch,0,0.0,prior,0.0,cyc_sector0,12600.0,43200.0,318397.8048441833,0,273063.25928104273,45334.54556314065,0,0,0.0,0,5.837889455431319,56.36942105534525,6518.4579356475715,351.1697422905128,18.562128653598624,2.0206883054690588,312.5413850763896,0.0,0.0,0.0,3.8670825287616175,50.0,0.9396551724137931,1864.2276771352856,18,0.0705108642578125
core,50,1500000.0,1,15,exclude,launch,0,0.0,prior,0.0,cluster_patrol,12600.0,43200.0,316161.6478180498,0,269898.5846971734,46263.06312087644,0,0,0.0,0,5.319559615833122,28.818322675063087,7186.086109009999,686.8318901433303,10.462656455148556,2.0208814616080213,312.65968759647893,0.0,0.0,0.0,3.9951683551271855,50.0,0.9344262295081968,1925.9747799662935,17,0.07499885559082031
core,50,1500000.0,1,15,exclude,launch,0,0.0,prior,0.0,cyc_sector0,12600.0,43200.0,316161.6478180498,0,269898.5846971734,46263.06312087644,0,0,0.0,0,5.319559615833122,28.818322675063087,7186.086109009999,686.8318901433303,10.462656455148556,2.0208814616080213,312.65968759647893,0.0,0.0,0.0,3.9951683551271855,50.0,0.9344262295081968,1925.9747799662935,17,0.07599759101867676
core,50,1500000.0,2,13,exclude,launch,0,0.0,prior,0.0,cluster_patrol,12600.0,43200.0,126169.01780737264,0,117881.06216220658,8287.95564516606,0,0,0.0,0,6.021408737951497,44.97356244350729,6309.630421624802,442.30530027181226,14.26532853607522,2.010854083520283,306.5477934508893,0.0,0.0,0.0,1.7870255186845125,25.473684210526315,0.9702970297029703,856.6272951895746,76,0.14951062202453613
core,50,1500000.0,2,13,exclude,launch,0,0.0,prior,0.0,cyc_sector0,12600.0,43200.0,132876.89424857742,0,124041.05005426292,8835.844194314515,0,0,0.0,0,6.021408737951497,35.798495114150576,6309.630421624802,555.6280641123153,11.355852645249692,2.01099526356611,306.6334268859326,0.0,0.0,0.0,1.8175697084702165,25.0,0.9702970297029703,890.0583696696273,74,0.14551115036010742
core,100,1500000.0,1,13,exclude,launch,0,0.0,prior,0.0,cluster_patrol,12600.0,43200.0,932366.4182449436,0,761432.3534828253,170934.06476211827,0,0,0.0,0,5.4250914585007,61.094598245442484,7039.814254312048,320.7147737318558,21.950389663676415,2.0414474824604953,325.38385761699124,0.0,0.0,0.0,5.974770936284279,100.0,0.9320388349514563,2880.29367388018,12,0.10499787330627441
core,100,1500000.0,1,13,exclude,launch,0,0.0,prior,0.0,cyc_sector0,12600.0,43200.0,932366.4182449436,0,761432.3534828253,170934.06476211827,0,0,0.0,0,5.4250914585007,61.094598245442484,7039.814254312048,320.7147737318558,21.950389663676415,2.0414474824604953,325.38385761699124,0.0,0.0,0.0,5.974770936284279,100.0,0.9320388349514563,2880.29367388018,12,0.09099864959716797
core,50,3000000.0,4,14,exclude,launch,0,0.0,prior,0.0,cyc_sector0,12600.0,43200.0,74777.47050303408,0,71116.90460132652,3660.5659017075754,0,0,0.0,0,11.675778910862638,68.52233929608464,6518.4579356475715,582.0390033086487,11.199349010277421,2.0058835539226383,303.5405172156112,0.0,0.0,0.0,0.9234382521599462,12.585616438356164,0.9565217391304348,445.7196334923724,292,0.3067018985748291
core,50,3000000.0,4,15,exclude,launch,0,0.0,prior,0.0,cluster_patrol,12600.0,43200.0,68958.1423231108,0,66142.98603073217,2815.156292378645,0,0,0.0,0,10.639119231666244,21.74526108632261,7186.086109009999,1832.1981337448426,3.922111902997252,2.007950138216959,304.78904433947616,0.0,0.0,0.0,1.0504033398729027,13.57976653696498,0.9590163934426229,469.6338421859677,257,0.2977025508880615
core,50,3000000.0,4,15,exclude,launch,0,0.0,prior,0.0,cyc_sector0,12600.0,43200.0,71797.60974584613,0,67809.2876995313,3988.3220463148373,0,0,0.0,0,10.639119231666244,47.92630948646411,7186.086109009999,832.0008732940096,8.637113661382665,2.006283109592105,303.78170899510684,0.0,0.0,0.0,0.8992251453508242,12.54180602006689,0.9836065573770492,438.5434605706292,299,0.3047025203704834
core,50,3000000.0,5,13,exclude,launch,0,0.0,prior,0.0,cluster_patrol,12600.0,43200.0,62158.24906374432,0,59812.70171144523,2345.54735229909,0,0,0.0,0,12.042817475902995,21.607703434041003,6309.630421624802,1843.7202710941053,3.42222761258709,2.008104668617177,304.8825068663246,0.0,0.0,0.0,0.7759497374985029,8.848275862068965,0.9900990099009901,428.53200025952253,435,0.33969974517822266
core,50,3000000.0,5,13,exclude,launch,0,0.0,prior,0.0,cyc_sector0,12600.0,43200.0,57470.06165699373,0,55674.6541681177,1795.4074888760297,0,0,0.0,0,12.042817475902995,55.81631365073772,6309.630421624802,714.8193007232522,8.826888718926217,2.005083975999632,303.0581396433687,0.0,0.0,0.0,0.7928368813086986,10.0,0.9900990099009901,389.24789324497675,425,0.3666989803314209
core,100,1500000.0,10,13,exclude,launch,0,0.0,prior,0.0,cyc_sector0,12600.0,43200.0,187919.84169644464,0,179833.16389152786,8086.677804916792,0,1,0.591230510224058,1,5.4250914585007,37.82768362687846,7039.814254312048,527.3571941273368,13.349233371057796,2.005143081942154,303.09378455285133,0.0,0.0,0.0,0.5638290188440689,9.883487007544007,0.9847715736040609,276.6585680876169,1193,1.046612024307251
core,100,1500000.0,11,13,exclude,launch,0,0.0,prior,0.0,cyc_sector0,12600.0,43200.0,182458.92713996102,0,174607.2719467527,7851.655193208295,0,1,0.6089257764964694,1,5.4250914585007,36.72214311204468,7039.814254312048,543.3316514812253,12.95675345826104,2.0047811360732135,302.87553942257335,0.0,0.0,0.0,0.5325352049989639,8.987787356321839,0.9847715736040609,260.6291410599223,1392,1.1826117038726807
core,50,1500000.0,1,14,exclude,launch,0,0.0,prior,0.0,cyc,12600.0,43200.0,261253.3233617687,0,231746.5836276546,29506.739734114093,0,0,0.0,0,5.837889455431319,56.36739737371985,6518.4579356475715,351.1697422905127,18.562128653598627,2.0207608514794293,312.5858147739029,0.0,0.0,0.0,3.07058734942971,48.72727272727273,0.9224137931034483,1518.9198822481758,22,1.4351212978363037
core,50,1500000.0,1,15,exclude,launch,0,0.0,prior,0.0,cyc,12600.0,43200.0,252909.15914168156,0,221132.93979007547,31776.219351606094,0,0,0.0,0,5.319559615833122,28.817707618755076,7186.086109009999,686.8318901433303,10.462656455148556,2.020924593279254,312.686107548723,0.0,0.0,0.0,3.071162221746481,47.77272727272727,0.9262295081967213,1549.559428288984,22,1.4486114978790283
core,100,1500000.0,1,14,exclude,launch,0,0.0,prior,0.0,cyc_sector0,12600.0,43200.0,1006113.7772452271,0,844936.5492405257,161177.22800470144,0,0,0.0,0,5.989176269992355,49.33279741315898,6345.381434240381,396.7789761689586,15.992231986450705,2.0435044890058784,326.67048557262586,0.0,0.0,0.0,6.177894573280142,100.0,0.8974358974358975,2978.214704308598,11,0.0985107421875
core,100,1500000.0,12,13,exclude,launch,0,0.0,prior,0.0,cyc_sector0,12600.0,43200.0,186879.07016713123,0,178478.3045742734,8400.76559285782,0,1,0.5945232057717876,1,5.4250914585007,24.842744149171818,7039.814254312048,803.0261352747252,8.766606645876651,2.005075565705158,303.05306783326307,0.0,0.0,0.0,0.5219387332539982,7.934712346477053,0.9898477157360406,266.3491695086407,1547,1.1982026100158691
core,100,1500000.0,1,15,exclude,launch,0,0.0,prior,0.0,cyc_sector0,12600.0,43200.0,956151.7725994393,0,786123.2202489433,170028.55235049597,0,0,0.0,0,5.823713537682201,63.83070765116827,6535.136370950874,307.02045643724216,21.285670820721734,2.041094061347214,325.1630533717311,0.0,0.0,0.0,6.09608133502357,100.0,0.9077669902912622,2938.7745056628223,11,0.0952911376953125
core,100,1500000.0,16,13,exclude,launch,0,0.0,prior,0.0,cluster_patrol,12600.0,43200.0,739985.4646523185,0,710986.7305838624,28998.734068456077,0,4,0.8659766794310931,18,5.4250914585007,16.783203541540683,7039.814254312048,1187.1805373059833,5.929859893329443,2.0075592033821383,304.5526644960147,0.0,0.0,0.02570694087403599,0.38261635380903913,5.182163187855788,0.9390862944162437,238.40947692775703,2635,1.5649042129516602
core,100,1500000.0,13,13,exclude,launch,0,0.0,prior,0.0,cyc_sector0,12600.0,43200.0,177927.00605205534,0,170300.89532673097,7626.11072532436,0,1,0.6244355275382365,1,5.4250914585007,32.329387970592094,7039.814254312048,617.3152780299797,11.40392033836908,2.004266570074163,302.565403130557,0.0,0.0,0.0,0.5075869206287857,7.592334494773519,0.9796954314720813,249.37010978657995,1722,1.3152005672454834
core,100,1500000.0,15,13,exclude,launch,0,0.0,prior,0.0,cyc_sector0,12600.0,43200.0,197879.17288594533,0,189092.25569239235,8786.917193552956,0,1,0.5614736622709265,10,5.4250914585007,22.24154885828634,7039.814254312048,897.143325421497,7.846922620758053,2.0046249599271873,302.7813930326107,0.0,0.0,0.0,0.4630103316697958,5.484152503445108,0.9796954314720813,272.9317196174177,2177,1.3342020511627197
core,100,1500000.0,14,13,exclude,launch,0,0.0,prior,0.0,cyc_sector0,12600.0,43200.0,179572.09769218136,0,171693.7496709714,7878.348021209967,0,1,0.6187149636012258,1,5.4250914585007,27.317446516787566,7039.814254312048,730.5360055077479,9.636505526403361,2.0043717091737028,302.62875905655136,0.0,0.0,0.0,0.4701371118314077,6.839740389415876,0.9847715736040609,238.26142271157542,2003,1.4142017364501953
core,100,1500000.0,16,13,exclude,launch,0,0.0,prior,0.0,cyc_sector0,12600.0,43200.0,718769.6255597414,0,692762.1001923643,26007.525367377,0,4,0.8915392043482931,18,5.4250914585007,22.108144576664852,7039.814254312048,902.6934898835627,7.798676220895429,2.0043214992690883,302.5985021682329,0.0,0.0,0.0,0.45031340551700494,5.125680770842061,0.9441624365482234,266.34191425923996,2387,1.3782029151916504
core,100,3000000.0,4,14,exclude,launch,0,0.0,prior,0.0,cluster_patrol,12600.0,43200.0,208936.07578519743,0,198424.42843024267,10511.647354954803,0,0,0.0,0,11.97835253998471,19.40727080446461,6345.381434240381,2045.1195781386114,3.1026945818081217,2.0156114406913663,309.4399795389578,0.0,0.0,0.0,1.4087778110162477,24.4375,0.9692307692307692,698.8141387888709,192,0.3639986515045166
core,100,3000000.0,4,13,exclude,launch,0,0.0,prior,0.0,cyc_sector0,12600.0,43200.0,173344.19144104992,0,164408.04732937017,8936.14411167979,0,0,0.0,0,10.8501829170014,124.97042311317992,7039.814254312048,318.3232979142825,22.115296933772395,2.011010421464243,306.6426216927918,0.0,0.0,0.0,1.2115842458914496,25.0,0.9796954314720813,591.0060629141682,222,0.4249992370605469
core,100,3000000.0,4,15,exclude,launch,0,0.0,prior,0.0,cluster_patrol,12600.0,43200.0,208137.71358735318,0,196320.56614004882,11817.147447304358,0,0,0.0,0,11.647427075364401,17.67771616785718,6535.136370950874,2245.3627084044097,2.910503655596403,2.015474579367064,309.3565864022147,0.0,0.0,0.0,1.4027750424225072,23.460732984293195,0.9758454106280193,729.8878092425591,191,0.3435065746307373
core,100,3000000.0,4,14,exclude,launch,0,0.0,prior,0.0,cyc_sector0,12600.0,43200.0,206646.9610147851,0,195665.56639494744,10981.394619837687,0,0,0.0,0,11.97835253998471,72.38655581274665,6345.381434240381,549.3074158213072,11.551603440039063,2.0119473500948746,307.21123180921154,0.0,0.0,0.0,1.3177980725870517,25.0,0.958974358974359,648.6462715221038,205,0.3775057792663574
core,50,1500000.0,2,13,exclude,launch,0,0.0,prior,0.0,cyc,12600.0,43200.0,108219.19883524656,0,103583.67370612206,4635.525129124506,0,0,0.0,0,6.021408737951497,42.01930640577376,6309.630421624802,473.37089851010893,13.329147274333465,2.010988359330827,306.62923881073135,0.0,0.0,0.0,1.4697242770798595,24.32608695652174,0.9900990099009901,736.6189568588153,92,2.13092041015625
core,100,3000000.0,4,15,exclude,launch,0,0.0,prior,0.0,cyc_sector0,12600.0,43200.0,173583.5238419432,0,166538.39588283724,7045.127959105975,0,0,0.0,0,11.647427075364401,118.96464879104087,6535.136370950874,334.3946209807201,19.54318628626405,2.0110032726504774,306.63828519299267,0.0,0.0,0.0,1.145853531305254,25.0,0.975609756097561,558.655942521428,234,0.45450520515441895
core,50,3000000.0,4,15,exclude,launch,0,0.0,prior,0.0,cyc,12600.0,43200.0,60636.218466694794,0,57492.362909039,3143.855557655792,0,0,0.0,0,10.639119231666244,53.569192997249814,7186.086109009999,744.3233373142459,9.65452209914534,2.006380263710223,303.84037055563743,0.0,0.0,0.0,0.7582093947942611,12.398305084745763,0.9672131147540983,369.89574089522887,354,3.6480889320373535
core,50,3000000.0,4,14,exclude,launch,0,0.0,prior,0.0,cyc,12600.0,43200.0,62768.28142234748,0,60414.627899239655,2353.653523107828,0,0,0.0,0,11.675778910862638,64.59356650998676,6518.4579356475715,617.3732486319088,10.558374451909586,2.006101558039647,303.67210352694156,0.0,0.0,0.0,0.7831871847725611,12.227405247813412,0.9649122807017544,389.8842724332443,343,4.01608681678772
core,200,1500000.0,18,13,exclude,launch,0,0.0,prior,0.0,cluster_patrol,12600.0,43200.0,3759231.9837448397,0,3535510.899708307,223721.0840365329,0,25,0.9477497548817232,49,4.7893154785571,14.83080491368339,8018.59089865545,1340.1525874622166,5.983341728153415,2.0125237765505686,307.56131942406785,0.0,0.0,0.024993057484032213,0.42163728096520986,6.913621262458472,0.8820754716981132,348.012486162959,2709,2.2381858825683594
core,200,1500000.0,12,13,exclude,launch,0,0.0,prior,0.0,cyc_sector0,12600.0,43200.0,261296.17176205156,0,251193.38003723268,10102.791724818862,0,1,0.3248900778568204,1,4.7893154785571,35.91764151656586,8018.59089865545,554.4862661322601,14.461297580169095,2.008451671806178,305.09243231060253,0.0,0.0,0.0,0.617983361983874,16.17737003058104,0.9835680751173709,308.6861273016116,1308,2.022679090499878
core,50,3000000.0,5,13,exclude,launch,0,0.0,prior,0.0,cyc,12600.0,43200.0,51746.53547084274,0,50314.173238763986,1432.362232078759,0,0,0.0,0,12.042817475902995,59.90222767050018,6309.630421624802,666.0365903720252,9.473399078720973,2.0051595023159043,303.10368752878713,0.0,0.0,0.0,0.6973376737297272,9.711018711018712,1.0,348.7795413731247,481,4.24908971786499
core,100,1500000.0,1,14,exclude,launch,0,0.0,prior,0.0,cyc,12600.0,43200.0,894989.6439425165,0,756636.7671743812,138352.87676813535,0,0,0.0,0,5.989176269992355,49.33013410447766,6345.381434240381,396.7789761689586,15.992231986450705,2.0436148167668846,326.73956573261347,0.0,0.0,0.0,5.247144664895835,96.38461538461539,0.868020304568528,2624.404840316538,13,3.6512393951416016
core,100,1500000.0,1,15,exclude,launch,0,0.0,prior,0.0,cyc,12600.0,43200.0,837418.4391596575,0,703064.9575164398,134353.48164321773,0,0,0.0,0,5.823713537682201,63.831675458655326,6535.136370950874,307.0204564372421,21.28567082072174,2.0410631145468967,325.1437225410254,0.0,0.0,0.0,5.1420547724477474,96.76923076923077,0.8899521531100478,2561.62126822518,13,3.5942389965057373
core,200,1500000.0,1,14,exclude,launch,0,0.0,prior,0.0,cluster_patrol,12600.0,43200.0,4622743.926703457,0,3504697.6882429514,1118046.238460505,0,0,0.0,0,4.896480120710079,9.931979083517746,7835.800210335435,1935.3452237438028,4.04878680774977,2.0809696680967438,350.5486270035554,0.0,0.3076923076923077,0.0,7.010281597057517,110.11111111111111,0.5768261964735516,6138.324238274046,9,0.11790156364440918
core,200,1500000.0,13,13,exclude,launch,0,0.0,prior,0.0,cyc_sector0,12600.0,43200.0,280523.64553933305,0,268913.2372302581,11610.408309074905,0,1,0.3026216682171212,1,4.7893154785571,26.40303849255799,8018.59089865545,754.2040109617965,10.63185926103703,2.0087100144305023,305.24876796371524,0.0,0.0,0.0,0.5793467800157368,13.351458885941645,0.9882629107981221,324.4392809298232,1508,2.0094594955444336
core,200,1500000.0,16,13,exclude,launch,0,0.0,prior,0.0,cyc_sector0,12600.0,43200.0,565928.5797336656,0,536383.0030650093,29545.576668656366,0,2,0.41387748647229516,26,4.7893154785571,13.751534087572578,8018.59089865545,1444.737775164551,5.5502050520843875,2.0133524768392395,308.0649726948663,0.0,0.0,0.0,0.48761029322793237,5.94464609800363,0.9858490566037735,497.29165412236534,2204,1.5194590091705322
core,200,1500000.0,14,13,exclude,launch,0,0.0,prior,0.0,cyc_sector0,12600.0,43200.0,335484.9483139909,0,321191.27500740055,14293.6733065903,0,1,0.25304423943338555,1,4.7893154785571,16.41925602402959,8018.59089865545,1211.377356912098,6.619399688215657,2.011069432457859,306.67841917519706,0.0,0.0,0.0,0.539008493402574,9.449914138523182,0.9859154929577465,395.23672010850976,1747,1.7364590167999268
core,200,1500000.0,15,13,exclude,launch,0,0.0,prior,0.0,cyc_sector0,12600.0,43200.0,360626.40508066694,0,344810.79349246086,15815.61158820614,0,1,0.23540298877580076,12,4.7893154785571,14.795649978765084,8018.59089865545,1343.3070584592133,5.969291122353555,2.0125683837996764,307.5884195612066,0.0,0.0,0.0,0.4967033676905551,7.20935960591133,0.9835680751173709,445.85751410425416,2030,1.647458791732788
core,200,1500000.0,17,13,exclude,launch,0,0.0,prior,0.0,cyc_sector0,12600.0,43200.0,2019075.5333012764,0,1891343.1746119321,127732.35868934437,0,13,0.8738016414818703,40,4.7893154785571,15.594346952441082,8018.59089865545,1275.485938634487,6.286694863324024,2.0110233986135655,306.65049376323736,0.0,0.0,0.0,0.4506204177565663,5.870713441072132,0.9294117647058824,437.35305377942996,2537,1.8199639320373535
core,200,1500000.0,9,14,exclude,launch,0,0.0,prior,0.0,cluster_patrol,12600.0,43200.0,550344.9110091063,0,514466.9111499784,35877.99985912791,0,1,0.49703461700419743,1,4.896480120710079,18.58107265595973,7835.800210335435,1068.7983585892807,7.331411156617042,2.0141575176714075,308.5546411948294,0.0,0.0,0.09355509355509356,0.746270372696825,20.170360110803323,0.979746835443038,449.40478782679725,722,1.323634386062622
core,100,1500000.0,1,13,exclude,launch,0,0.0,prior,0.0,cyc,12600.0,43200.0,754640.5284366519,0,647252.7880501773,107387.74038647457,0,0,0.0,0,5.4250914585007,61.098557281842886,7039.814254312048,320.7147737318558,21.950389663676415,2.041315201679211,325.301204774465,0.0,0.0,0.0,4.7197673986094255,96.6,0.926829268292683,2355.3691391843035,15,6.696397542953491
core,200,1500000.0,18,13,exclude,launch,0,0.0,prior,0.0,cyc_sector0,12600.0,43200.0,3365763.230760756,0,3152612.784559294,213150.44620146215,0,22,0.9309943922025635,49,4.7893154785571,16.228743406554496,8018.59089865545,1225.854643463563,6.541224884542188,2.0106483471499104,306.42302447905377,0.0,0.0,0.0002576655501159495,0.41395117954091776,5.378507871321013,0.8867924528301887,414.8174899498731,2922,1.922548532485962
core,200,1500000.0,10,14,exclude,launch,0,0.0,prior,0.0,cluster_patrol,12600.0,43200.0,550525.8543395109,0,513303.8073743963,37222.04696511465,0,1,0.4968712548328868,1,4.896480120710079,17.097747035878303,7835.800210335435,1161.8410529650203,6.744296210173035,2.0136054873219256,308.2188251787354,0.0,0.0,0.07692307692307693,0.6881337949401788,16.62457337883959,0.9772151898734177,447.4170563415035,879,1.3428504467010498
core,200,1500000.0,11,14,exclude,launch,0,0.0,prior,0.0,cluster_patrol,12600.0,43200.0,560291.9144874185,0,524303.6160634878,35988.29842393073,0,1,0.488210636260687,1,4.896480120710079,14.51209015999627,7835.800210335435,1368.5417468124656,5.725656691574198,2.0140580022538495,308.49408958052044,0.0,0.0,0.06578947368421052,0.6542028979875176,14.412852969814995,0.9721518987341772,436.91472263610336,1027,1.3855278491973877
core,200,1500000.0,1,14,exclude,launch,0,0.0,prior,0.0,cyc_sector0,12600.0,43200.0,4622743.926703457,0,3504697.6882429514,1118046.238460505,0,0,0.0,0,4.896480120710079,9.931979083517746,7835.800210335435,1935.3452237438028,4.04878680774977,2.0809696680967438,350.5486270035554,0.0,0.3076923076923077,0.0,7.010281597057517,110.11111111111111,0.5768261964735516,6138.324238274046,9,0.1266803741455078
core,200,1500000.0,12,14,exclude,launch,0,0.0,prior,0.0,cluster_patrol,12600.0,43200.0,543424.6986826416,0,505999.62296764535,37425.07571499632,0,1,0.5033640773537369,1,4.896480120710079,15.27632642431753,7835.800210335435,1300.524405464052,6.025108162072107,2.013365187159981,308.0727007643351,0.0,0.0,0.05389221556886228,0.5895597070285087,13.047808764940239,0.9644670050761421,398.6187916403786,1255,1.5780372619628906
core,200,1500000.0,12,14,exclude,launch,0,0.0,prior,0.0,cyc_sector0,12600.0,43200.0,497388.91960012197,0,464986.6705827243,32402.249017397593,0,1,0.5499528865330076,1,4.896480120710079,23.31610706155521,7835.800210335435,853.8273602886882,9.177265305349394,2.009249565851923,305.57540585168846,0.0,0.0,0.0,0.6265663704342667,14.344988344988344,0.9822335025380711,354.17989864483826,1287,1.7590007781982422
core,200,1500000.0,16,15,exclude,launch,0,0.0,prior,0.0,cluster_patrol,12600.0,43200.0,1488267.6347935533,0,1426622.9449792372,61644.68981431596,0,8,0.8134313676417625,25,5.853354962496979,14.862596913845003,6500.354398964457,1335.9983845948614,4.8655406128621,2.014463295731092,308.74073351567694,0.0,0.0,0.030697364030697363,0.44693220650233495,8.851884700665188,0.9458128078817734,326.13079511115615,2255,2.170001983642578
core,100,1500000.0,16,13,exclude,launch,0,0.0,prior,0.0,cyc,12600.0,43200.0,704680.4726637235,0,679077.404081134,25603.068582589567,0,4,0.9093689861403819,18,5.4250914585007,19.228428501847702,7039.814254312048,1037.6100723118057,6.7846433281312235,2.004850627003644,302.91743477688476,0.0,0.0,0.0,0.4486753442064103,5.8190158465387825,0.9543147208121827,232.8505486339355,2398,11.253109455108643
core,100,1500000.0,15,13,exclude,launch,0,0.0,prior,0.0,cyc,12600.0,43200.0,178245.90884328174,0,170205.09285016867,8040.815993113075,0,1,0.6233183393011258,10,5.4250914585007,19.43464627569886,7039.814254312048,1026.5000994916602,6.858074595217556,2.0050460657900935,303.03527830804336,0.0,0.0,0.0,0.4710893913665615,6.497433504433038,0.9898477157360406,234.1644918258303,2143,11.356620073318481
core,100,1500000.0,11,13,exclude,launch,0,0.0,prior,0.0,cyc,12600.0,43200.0,177913.07666367828,0,170307.8839593583,7605.192704319992,0,1,0.6244844166089129,1,5.4250914585007,25.147168943737512,7039.814254312048,793.097852320064,8.87635016753399,2.005599062872264,303.3688425748726,0.0,0.0,0.0,0.503458210568217,9.27569775357386,0.9847715736040609,239.5441729903046,1469,11.617128849029541
core,100,3000000.0,4,14,exclude,launch,0,0.0,prior,0.0,cyc,12600.0,43200.0,170117.22575844647,0,162835.12385190054,7282.101906545919,0,0,0.0,0,11.97835253998471,73.97342938512521,6345.381434240381,537.465846939554,11.806110974999335,2.012163939711222,307.3427522555225,0.0,0.0,0.0,1.0965988250702605,24.158536585365855,0.9487179487179487,552.2945527809946,246,10.373224973678589
core,100,3000000.0,4,13,exclude,launch,0,0.0,prior,0.0,cyc,12600.0,43200.0,150690.46396213057,0,141835.84771828717,8854.616243843426,0,0,0.0,0,10.8501829170014,123.25307965741776,7039.814254312048,322.7374913929774,21.812818287479665,2.011142244137181,306.7225913636325,0.0,0.0,0.0,1.004999292784975,24.144981412639407,0.9747474747474747,507.7440988890516,269,10.558008432388306
core,100,1500000.0,13,13,exclude,launch,0,0.0,prior,0.0,cyc,12600.0,43200.0,171760.8816111437,0,164206.36138419792,7554.520226945793,0,1,0.646852431387411,1,5.4250914585007,26.69821074673626,7039.814254312048,747.2766990521324,9.420625938479755,2.0049169789529135,302.9574403763552,0.0,0.0,0.0,0.4412526064061774,7.9262998485613325,0.9847715736040609,207.66269281753227,1981,12.416637182235718
core,100,3000000.0,4,15,exclude,launch,0,0.0,prior,0.0,cyc,12600.0,43200.0,151335.53026500993,0,145363.76277362683,5971.767491383123,0,0,0.0,0,11.647427075364401,104.40258903604568,6535.136370950874,381.00556779034036,17.152338242329904,2.0111635811630038,306.735536361117,0.0,0.0,0.0,1.0427718703641329,24.633204633204635,0.9710144927536232,514.119680817505,259,10.897488117218018
core,100,1500000.0,14,13,exclude,launch,0,0.0,prior,0.0,cyc,12600.0,43200.0,172342.71041334016,0,164806.48890561386,7536.221507726314,0,1,0.6446686582852642,1,5.4250914585007,24.271338760856125,7039.814254312048,822.0966338110617,8.563244227965022,2.004672300416711,302.8099293673817,0.0,0.0,0.0,0.4662336498486603,7.260912698412699,0.9847715736040609,222.59637219702537,2016,13.063899993896484
core,200,1500000.0,13,15,exclude,launch,0,0.0,prior,0.0,cyc_sector0,12600.0,43200.0,292262.268511254,0,275261.96730020473,17000.301211049253,0,1,0.26543040960197856,1,5.853354962496979,26.015121197895557,6500.354398964457,765.2966197607152,8.49390188211849,2.0091129026184995,305.49265506934,0.0,0.0,0.0,0.5710841830893417,13.118954248366013,0.9753694581280788,324.7372392737906,1530,2.0042855739593506
core,200,1500000.0,14,15,exclude,launch,0,0.0,prior,0.0,cyc_sector0,12600.0,43200.0,313024.03699106275,0,295625.0559965674,17398.980994495345,0,1,0.24781956917520456,1,5.853354962496979,19.229057437561973,6500.354398964457,1034.7899267866178,6.281810665813413,2.0102487569578944,306.18076528049113,0.0,0.0,0.0,0.5321333222935039,10.305602716468591,0.9656019656019657,358.5883531315547,1767,1.9532852172851562
core,200,1500000.0,15,15,exclude,launch,0,0.0,prior,0.0,cyc_sector0,12600.0,43200.0,356820.18621429853,0,342603.53947029955,14216.64674399899,0,1,0.19790642285841586,13,5.853354962496979,15.528594128741334,6500.354398964457,1280.2681508776,5.077338208021956,2.011995062777587,307.24020212586356,0.0,0.0,0.0,0.5072235979762023,7.748617395676219,0.9753694581280788,423.4275004481738,1989,1.7232842445373535
core,200,1500000.0,16,15,exclude,launch,0,0.0,prior,0.0,cyc_sector0,12600.0,43200.0,1346083.6053224674,0,1293639.2291078325,52444.37621463495,0,7,0.7929498770966766,25,5.853354962496979,15.976366295585043,6500.354398964457,1244.8981655841792,5.221595290819719,2.0111670964011217,306.7376690532826,0.0,0.0,0.0003359086328518643,0.47972868970161997,6.956677087985708,0.9408866995073891,418.05353107140843,2239,1.7852826118469238
core,100,1500000.0,12,13,exclude,launch,0,0.0,prior,0.0,cyc,12600.0,43200.0,172312.70439988456,0,164677.0242284894,7635.680171395181,0,1,0.644780918936634,1,5.4250914585007,24.795946901344564,7039.814254312048,804.408574274783,8.751540547238466,2.0054073508307217,303.2531823313349,0.0,0.0,0.0,0.4624266840524286,8.677363896848137,0.9695431472081218,215.67287105906271,1745,13.858168363571167
core,100,1500000.0,10,13,exclude,launch,0,0.0,prior,0.0,cyc,12600.0,43200.0,181595.38184152532,0,173605.72295401897,7989.65888750635,0,1,0.6118214172669403,1,5.4250914585007,27.406390748803,7039.814254312048,727.6540121192161,9.674672491407458,2.0057796353581656,303.4778024703612,0.0,0.0,0.0,0.5338916837940382,10.15818759936407,0.9898477157360406,255.42278733348147,1258,14.007169485092163
core,200,1500000.0,1,14,exclude,launch,0,0.0,prior,0.0,cyc,12600.0,43200.0,3993463.8607814396,0,3049449.07730231,944014.7834791295,0,0,0.0,0,4.896480120710079,12.941405320347744,7835.800210335435,1486.5972731456375,5.2709636643923705,2.0791471157336234,349.3675492188595,0.0,0.07692307692307693,0.0,7.092423446494224,128.66666666666666,0.6992481203007519,5314.643200091424,9,10.852280139923096
core,200,3000000.0,34,13,exclude,launch,0,0.0,prior,0.0,cluster_patrol,12600.0,43200.0,1686638.1071032183,0,1579391.4715431083,107246.63556010985,0,12,0.9157935166089446,40,9.5786309571142,32.900307182929794,8018.59089865545,1210.3300250712691,6.625127636723118,2.0090290982326637,305.44191632406694,0.0,0.0,0.021686746987951807,0.3443140931436081,5.208226632522408,0.9410377358490566,200.44087207800916,6248,4.961698293685913
core,200,1500000.0,17,13,exclude,launch,0,0.0,prior,0.0,cyc,12600.0,43200.0,1756331.0329480406,0,1644976.7100420666,111354.32290597398,0,12,0.8776920320541357,40,4.7893154785571,18.13961332071361,8018.59089865545,1097.3631885095883,7.307144054600649,2.009470240194754,305.7090497516563,0.0,0.0,0.0,0.4414317061322386,6.993822393822394,0.9386792452830188,359.9428790349055,2590,21.87704372406006
core,200,1500000.0,16,13,exclude,launch,0,0.0,prior,0.0,cyc,12600.0,43200.0,558632.654901268,0,532478.9034329188,26153.751468349194,0,3,0.5371322386749967,26,4.7893154785571,16.625236557436814,8018.59089865545,1196.716661677677,6.700492401780542,2.0104849208626137,306.32393258721663,0.0,0.0,0.0,0.48459989320986135,7.449099099099099,0.9811320754716981,394.2072820479507,2220,27.460995197296143
core,200,1500000.0,15,13,exclude,launch,0,0.0,prior,0.0,cyc,12600.0,43200.0,287015.20347215614,0,274567.00413424993,12448.199337906208,0,1,0.2957771315264018,12,4.7893154785571,21.2701529379709,8018.59089865545,936.0700807938632,8.566229241997602,2.009004985230314,305.4273180658877,0.0,0.0,0.0,0.5006741290331322,10.041252485089464,0.9858823529411764,322.10166978931005,2012,27.725502252578735
core,200,1500000.0,18,13,exclude,launch,0,0.0,prior,0.0,cyc,12600.0,43200.0,3493345.7517519635,0,3267495.604817646,225850.1469343173,0,24,0.9494293541672978,49,4.7893154785571,17.98976725808475,8018.59089865545,1106.8417123888112,7.244568766160378,2.0088565667368425,305.33747167441476,0.0,0.0,0.0002626740215392698,0.42223364358611465,6.603002793296089,0.8702830188679245,344.51286772857094,2864,28.303348779678345
core,200,1500000.0,15,15,exclude,launch,0,0.0,prior,0.0,cyc,12600.0,43200.0,313454.2387382682,0,295604.774930109,17849.46380815924,0,1,0.24747184780285983,13,5.853354962496979,20.060927689366043,6500.354398964457,992.1756335034103,6.551616648769589,2.0096499735308626,305.81792071526166,0.0,0.0,0.0,0.5056599104738845,9.63408521303258,0.9753694581280788,339.62628047521986,1995,24.263211488723755
core,200,1500000.0,12,14,exclude,launch,0,0.0,prior,0.0,cyc,12600.0,43200.0,459791.9488666656,0,428688.6000641058,31103.348802559773,0,1,0.59492227460239,1,4.896480120710079,29.58299936927691,7835.800210335435,673.191812070777,11.639773493726935,2.0085329558141405,305.14161688896206,0.0,0.0,0.0,0.6254157707905746,15.965865011636929,0.9746192893401016,316.7906414002029,1289,27.340399026870728
core,200,1500000.0,9,14,exclude,launch,0,0.0,prior,0.0,cyc,12600.0,43200.0,487704.0036814873,0,455438.12544656184,32265.878234925443,0,1,0.5608739522308025,1,4.896480120710079,40.90475631277406,7835.800210335435,486.46576073189345,16.10760888607326,2.010175165233399,306.1361593362973,0.0,0.0,0.0,0.7627389230034864,22.097989949748744,0.9848101265822785,372.4765742711998,796,28.335442304611206
core,200,1500000.0,11,14,exclude,launch,0,0.0,prior,0.0,cyc,12600.0,43200.0,484245.97585448215,0,451546.5586345271,32699.41721995508,0,1,0.5648791847592378,1,4.896480120710079,27.830854080783748,7835.800210335435,715.2644841168219,10.955108752548712,2.009401841856966,305.66762350327065,0.0,0.0,0.0,0.6437498224399807,16.751525719267654,0.9771573604060914,339.71623754086596,1147,28.082114934921265
core,200,1500000.0,14,15,exclude,launch,0,0.0,prior,0.0,cyc,12600.0,43200.0,275319.63438286463,0,259337.32268728194,15982.31169558268,0,1,0.2817638921467529,1,5.853354962496979,25.12902896099154,6500.354398964457,792.3738874669973,8.203645402480781,2.008880621793041,305.352032708854,0.0,0.0,0.0,0.5281733007640297,12.180033651149747,0.9754299754299754,300.7960590692793,1783,28.362619161605835
core,200,1500000.0,16,15,exclude,launch,0,0.0,prior,0.0,cyc,12600.0,43200.0,1300206.6572952496,0,1250250.628361805,49956.028933444606,0,7,0.8184790677499078,25,5.853354962496979,18.582394174235873,6500.354398964457,1071.1071487372888,6.068818051142336,2.009673034549321,305.83189100881043,0.0,0.0,0.00033277870216306157,0.4758833612689299,8.229646017699116,0.9482758620689655,350.68845787584337,2260,29.11258888244629
core,200,1500000.0,13,15,exclude,launch,0,0.0,prior,0.0,cyc,12600.0,43200.0,243234.14082671222,0,229701.82262052328,13532.318206188957,0,1,0.3189306645844067,1,5.853354962496979,33.476517695665684,6500.354398964457,594.9188567780108,10.926455473557148,2.0084544245670397,305.09409792865193,0.0,0.0,0.0,0.5553662779855146,14.909783989834816,0.9705159705159705,278.1259863465106,1574,34.522395610809326
core,200,1500000.0,10,14,exclude,launch,0,0.0,prior,0.0,cyc,12600.0,43200.0,464004.34833235835,0,433375.0889068893,30629.25942546906,0,1,0.5895213548035257,1,4.896480120710079,36.29896794477239,7835.800210335435,548.358662438377,14.289553073698366,2.009560129629978,305.76349660154926,0.0,0.0,0.0,0.6754896206579353,19.720040281973816,0.979746835443038,333.10840124790417,993,35.5415940284729
core,200,3000000.0,3,13,exclude,launch,0,0.0,prior,0.0,cyc,12600.0,43200.0,632043.773480578,0,579181.7682699903,52862.00521058768,0,0,0.0,0,9.5786309571142,130.59276693791682,8018.59089865545,301.9999657042201,26.55162850749754,2.028448424408449,317.3118485004662,0.0,0.0,0.0,1.9960130650344792,63.43564356435643,0.9766899766899767,1026.140699485323,101,30.182912588119507
core,200,3000000.0,3,14,exclude,launch,0,0.0,prior,0.0,cyc_sector0,12600.0,43200.0,776017.9338553819,0,712214.62237832,63803.311477062,0,0,0.0,0,9.792960241420158,96.72307068403856,7835.800210335435,407.9769950416769,19.206475623790915,2.027329017090434,316.6214728067991,0.0,0.0,0.0,2.5241288682480167,66.6125,0.9596977329974811,1235.2669497028787,80,0.4155087471008301
core,200,3000000.0,22,13,exclude,launch,0,0.0,prior,0.0,cyc,12600.0,43200.0,206837.08076378235,0,198668.1234658141,8168.95729796826,0,1,0.41043188810236375,1,9.5786309571142,43.864484687440914,8018.59089865545,908.437453927651,8.826794694545983,2.0076218970166413,304.59056620422444,0.0,0.0,0.018734388009991675,0.39007585054832034,9.177089097952408,0.9906103286384976,196.45670171135677,3614,30.321352243423462
core,200,3000000.0,18,13,exclude,launch,0,0.0,prior,0.0,cyc,12600.0,43200.0,220218.57668764392,0,211856.55955730547,8362.01713033843,0,1,0.38549215449644797,1,9.5786309571142,48.957076096834875,8018.59089865545,814.1893323368924,9.84855804440526,2.0070080153728584,304.21954290755514,0.0,0.0,0.0,0.4895361412462093,11.229773462783172,0.9812206572769953,234.68029901435847,2472,31.107616901397705
core,200,3000000.0,16,13,exclude,launch,0,0.0,prior,0.0,cyc,12600.0,43200.0,226748.06230697568,0,217838.5575577102,8909.504749265441,0,1,0.37439144010206155,1,9.5786309571142,50.37758029578217,8018.59089865545,790.7147366390154,10.140940249500083,2.0083197086000206,305.01259042536924,0.0,0.0,0.03257328990228013,0.4851721009199772,12.941742898411169,0.9882629107981221,242.3561599662918,2077,31.831129550933838
core,200,3000000.0,17,13,exclude,launch,0,0.0,prior,0.0,cyc,12600.0,43200.0,224367.08705699598,0,215704.6638663088,8662.423190687186,0,1,0.3783644682515174,1,9.5786309571142,47.87900023570244,8018.59089865545,832.0428839688349,9.637232711380049,2.008164119049647,304.91846728174517,0.0,0.0,0.029605263157894735,0.47022761715699646,12.110284463894967,0.9929245283018868,235.33319492195199,2285,31.543125867843628
core,200,3000000.0,34,13,exclude,launch,0,0.0,prior,0.0,cyc_sector0,12600.0,43200.0,1684358.0556712642,0,1577268.0685992711,107089.98707199302,0,12,0.9170331515093499,40,9.5786309571142,43.311538732060214,8018.59089865545,921.5339258920253,8.70135181501172,2.0043568542497745,302.619807203551,0.0,0.0,0.0,0.4036231356860664,4.892850838481906,0.9457547169811321,234.72588012958627,5665,4.310016632080078
core,200,3000000.0,23,13,exclude,launch,0,0.0,prior,0.0,cyc,12600.0,43200.0,204388.44638101422,0,196601.65466711903,7786.79171389519,0,1,0.4153489842043596,1,9.5786309571142,42.66741800816314,8018.59089865545,934.4514063135202,8.581067827046654,2.0064895509563714,303.9063648553074,0.0,0.0,0.0,0.43445128748204226,9.0513900589722,0.9882629107981221,202.55025976031308,3561,29.928678512573242
core,200,3000000.0,4,15,exclude,launch,0,0.0,prior,0.0,cyc_sector0,12600.0,43200.0,549969.68255764,0,517246.6331766948,32723.04938094517,0,0,0.0,0,11.706709924993959,135.89415074444832,6500.354398964457,291.1340721058168,22.327700608679738,2.022070010438818,313.3881318715217,0.0,0.0,0.0,1.769818599891814,50.0,0.9541062801932367,871.4002916248436,152,0.590203046798706
core,200,3000000.0,22,15,exclude,launch,0,0.0,prior,0.0,cluster_patrol,12600.0,43200.0,210324.06405084752,0,197646.2571140143,12677.806936833202,0,1,0.36883434674456905,1,11.706709924993959,35.26993341422587,6500.354398964457,1129.2987315837222,5.756098202508734,2.0085216014105356,305.1347461535012,0.0,0.0,0.021510516252390057,0.4486028122909383,9.63361931998729,0.972972972972973,215.4168159637914,3147,3.5303866863250732
core,200,3000000.0,20,13,exclude,launch,0,0.0,prior,0.0,cyc,12600.0,43200.0,212477.60597594618,0,204246.95086045144,8230.655115494726,0,1,0.3995363803048092,1,9.5786309571142,44.46146691768018,8018.59089865545,896.1864630274532,8.9474581791466,2.007741611832099,304.6629468653872,0.0,0.0,0.022533800701051578,0.4246131779472962,10.292845257903494,0.9835680751173709,211.00582881137316,3005,33.148292541503906
core,200,3000000.0,19,13,exclude,launch,0,0.0,prior,0.0,cyc,12600.0,43200.0,215169.10815842877,0,206982.16928192423,8186.938876504543,0,1,0.3945386692078246,1,9.5786309571142,46.815824996969106,8018.59089865545,851.4881792101647,9.417148815962948,2.0068674207973185,304.1346009189133,0.0,0.0,0.0,0.48211631670450444,10.708238851095993,0.9929245283018868,229.94255356842046,2646,33.35329222679138
core,200,3000000.0,21,13,exclude,launch,0,0.0,prior,0.0,cyc,12600.0,43200.0,210236.52321506874,0,202045.07078148893,8191.452433579819,0,1,0.40379536480736894,1,9.5786309571142,43.54132051503063,8018.59089865545,915.1986265648321,8.761585371639997,2.0075807889693276,304.5657138900158,0.0,0.0,0.02105755732335049,0.4178251715918767,9.858164852255054,0.9906103286384976,206.01618662130957,3215,33.1495361328125
paper,50,1500000.0,1,13,exclude,launch,0,0.0,prior,0.0,cluster_patrol,12600.0,43200.0,926835.1347585073,0,547306.2009957198,379528.9337627875,0,0,0.0,0,4.616046259841628,6.153291215116779,8332.091090158548,3215.632910376498,2.591120106798197,2.0215573070915265,313.0737995016273,0.0,0.0,0.0,7.815611852076808,50.0,0.6291079812206573,3767.7188992017795,9,0.039999961853027344
paper,50,1500000.0,8,13,exclude,launch,0,0.0,prior,0.0,cluster_patrol,12600.0,43200.0,3044071.006807377,0,2714753.9056753186,329317.1011320587,0,16,0.9425654381402048,22,4.616046259841628,5.583850063772648,8332.091090158548,3544.4205943349084,2.350762520530389,2.0210683070649944,312.7741463077722,0.0,0.0,0.11528497409326424,0.8130408709976641,1.5734024179620034,0.6642857142857143,1798.350333225408,579,0.13900041580200195
paper,50,1500000.0,1,13,exclude,launch,0,0.0,prior,0.0,cyc_sector0,12600.0,43200.0,926835.1347585073,0,547306.2009957198,379528.9337627875,0,0,0.0,0,4.616046259841628,6.153291215116779,8332.091090158548,3215.632910376498,2.591120106798197,2.0215573070915265,313.0737995016273,0.0,0.0,0.0,7.815611852076808,50.0,0.6291079812206573,3767.7188992017795,9,0.03899955749511719
paper,50,1500000.0,1,14,exclude,launch,0,0.0,prior,0.0,cluster_patrol,12600.0,43200.0,893458.8088640597,0,486827.8894541428,406630.9194099169,0,0,0.0,0,4.665748476569164,40.2705021621864,8239.782041589951,491.36781142726636,16.769071660709763,2.021465077268375,313.0172712236662,0.0,0.0,0.0,7.36986380201669,50.0,0.6306306306306306,3552.834462220998,9,0.042999982833862305
paper,50,1500000.0,8,14,exclude,launch,0,0.0,prior,0.0,cluster_patrol,12600.0,43200.0,1329719.3059189145,0,1156639.2412465631,173080.0646723511,0,7,0.7912500187326136,14,4.665748476569164,7.649710292372345,8239.782041589951,2597.272787969083,3.172474635609217,2.0132487492962468,308.00190838512253,0.0,0.0,0.23368146214099217,0.7040153328595018,2.696864111498258,0.7934272300469484,1058.708635899742,574,0.1955089569091797
core,200,3000000.0,24,13,exclude,launch,0,0.0,prior,0.0,cyc,12600.0,43200.0,203194.71059198567,0,195405.17675949735,7789.533832488316,0,1,0.4177890917540898,1,9.5786309571142,41.36644151048016,8018.59089865545,963.887641579675,8.319009968334191,2.006390265311736,303.8464098342679,0.0,0.0,0.0,0.4339172449711012,8.586447969884377,0.9905882352941177,204.11862301308443,3719,30.050878047943115
paper,50,1500000.0,1,13,exclude,launch,0,0.0,prior,0.0,cyc,12600.0,43200.0,937609.549116042,0,545878.9810679475,391730.5680480945,0,0,0.0,0,4.616046259841628,6.1531927902527555,8332.091090158548,3215.632910376498,2.591120106798197,2.0215896433939706,313.09361984694624,0.0,0.0,0.0,7.564503447028256,48.888888888888886,0.6344339622641509,3729.5443265416307,9,0.7275090217590332
paper,50,1500000.0,1,14,exclude,launch,0,0.0,prior,0.0,cyc_sector0,12600.0,43200.0,893458.8088640597,0,486827.8894541428,406630.9194099169,0,0,0.0,0,4.665748476569164,40.2705021621864,8239.782041589951,491.36781142726636,16.769071660709763,2.021465077268375,313.0172712236662,0.0,0.0,0.0,7.36986380201669,50.0,0.6306306306306306,3552.834462220998,9,0.0429997444152832
paper,50,1500000.0,8,14,exclude,launch,0,0.0,prior,0.0,cyc_sector0,12600.0,43200.0,1168616.68783693,0,1077487.2798581987,91129.40797873115,0,7,0.88319808246672,14,4.665748476569164,7.232230235331596,8239.782041589951,2756.959302529993,2.9887209557386316,2.0061222411918562,303.68458926627716,0.0,0.0,0.0,0.9303713371034004,3.3177892918825562,0.8676122931442081,855.4613536895563,579,0.21970391273498535
paper,50,1500000.0,1,15,exclude,launch,0,0.0,prior,0.0,cluster_patrol,12600.0,43200.0,926473.1873858264,0,517919.7187439816,408553.46864184475,0,0,0.0,0,4.999659041031505,23.551609466129214,7667.212238219762,839.6070472240219,9.131905530771487,2.0228483470630394,313.8656223268777,0.0,0.0,0.0,7.673913203144786,50.0,0.6133333333333333,3699.4093813192267,9,0.035001516342163086
paper,50,1500000.0,1,14,exclude,launch,0,0.0,prior,0.0,cyc,12600.0,43200.0,873131.4641750016,0,482437.4451839829,390694.01899101865,0,0,0.0,0,4.665748476569164,40.27056256107808,8239.782041589951,491.36781142726636,16.769071660709763,2.021462045419738,313.0154130699225,0.0,0.0,0.0,7.101756888248961,49.0,0.6305882352941177,3493.455666999496,9,0.7572193145751953
paper,50,1500000.0,1,15,exclude,launch,0,0.0,prior,0.0,cyc_sector0,12600.0,43200.0,926473.1873858264,0,517919.7187439816,408553.46864184475,0,0,0.0,0,4.999659041031505,23.551609466129214,7667.212238219762,839.6070472240219,9.131905530771487,2.0228483470630394,313.8656223268777,0.0,0.0,0.0,7.673913203144786,50.0,0.6133333333333333,3699.4093813192267,9,0.0429997444152832
paper,50,3000000.0,3,13,exclude,launch,0,0.0,prior,0.0,cluster_patrol,12600.0,43200.0,253232.93881301553,0,189297.98142236698,63934.95739064857,0,0,0.0,0,9.232092519683256,12.829997989939102,8332.091090158548,3104.1286916029694,2.684196409993512,2.008739782037833,305.26678435972036,0.0,0.0,0.0,2.650327003134667,16.61842105263158,0.8527315914489311,1292.0343835492806,76,0.11100053787231445
paper,50,1500000.0,1,15,exclude,launch,0,0.0,prior,0.0,cyc,12600.0,43200.0,886438.2043945728,0,510574.11175978376,375864.092634789,0,0,0.0,0,4.999659041031505,23.551103403910517,7667.212238219762,839.6070472240219,9.131905530771487,2.0228918136940948,313.89229875671845,0.0,0.0,0.0,7.5135160693915735,49.55555555555556,0.610062893081761,3654.5708468623443,9,0.517024040222168
paper,50,3000000.0,3,13,exclude,launch,0,0.0,prior,0.0,cyc_sector0,12600.0,43200.0,300629.52535149344,0,212235.02725400176,88394.49809749167,0,0,0.0,0,9.232092519683256,14.288438343005161,8332.091090158548,2787.8790783463596,2.988684536167457,2.008312489809414,305.00822313169795,0.0,0.0,0.0,2.839877669479286,16.64788732394366,0.850356294536817,1398.647228039153,71,0.10100030899047852
paper,50,3000000.0,3,13,exclude,launch,0,0.0,prior,0.0,cyc,12600.0,43200.0,253232.93881301553,0,189297.98142236698,63934.95739064857,0,0,0.0,0,9.232092519683256,12.829997989939102,8332.091090158548,3104.1286916029694,2.684196409993512,2.008739782037833,305.26678435972036,0.0,0.0,0.0,2.650327003134667,16.61842105263158,0.8527315914489311,1292.0343835492806,76,0.5975093841552734
paper,50,3000000.0,3,14,exclude,launch,0,0.0,prior,0.0,cyc_sector0,12600.0,43200.0,215097.4863539628,0,161542.82834331167,53554.65801065113,0,0,0.0,0,9.331496953138329,24.433291383142908,8239.782041589951,1630.2823360180746,5.054205556637154,2.008376771174418,305.0471137932434,0.0,0.0,0.0,2.2351312224345414,16.617977528089888,0.8534278959810875,1109.6480153535065,89,0.125
paper,50,3000000.0,3,15,exclude,launch,0,0.0,prior,0.0,cluster_patrol,12600.0,43200.0,273195.76747308706,0,195100.17522373496,78095.5922493521,0,0,0.0,0,9.99931808206301,16.888716357228844,7667.212238219762,2357.6191381369563,3.2520995924212617,2.0091839344386675,305.5356640587326,0.0,0.0,0.0,2.7033845543969623,16.08,0.8203991130820399,1377.7056874413568,75,0.10599994659423828
core,200,3000000.0,19,15,exclude,launch,0,0.0,prior,0.0,cyc_sector0,12600.0,43200.0,227120.88479092653,0,213870.12408200116,13250.760708925382,0,1,0.34155836156252617,1,11.706709924993959,67.95070570611627,6500.354398964457,586.9363296978695,11.075058860831753,2.005880348186624,303.5385824604132,0.0,0.0,0.0,0.518738038588985,10.447646103896103,0.9852216748768473,253.37575070265373,2464,2.858138084411621
paper,50,3000000.0,3,15,exclude,launch,0,0.0,prior,0.0,cyc_sector0,12600.0,43200.0,275186.6982402105,0,190790.22044783752,84396.47779237294,0,0,0.0,0,9.99931808206301,21.102279739272063,7667.212238219762,1887.1870716821045,4.062772765492587,2.0088414381399176,305.3283141924651,0.0,0.0,0.0,2.55700507484071,16.666666666666668,0.811816192560175,1257.0744494165785,78,0.11101818084716797
paper,100,1500000.0,1,13,exclude,launch,0,0.0,prior,0.0,cluster_patrol,12600.0,43200.0,3377920.8150729453,0,1860871.6865016285,1517049.128571317,0,0,0.0,0,4.8468564258348,5.297811126405451,7919.438460522844,3693.7791137115487,2.1439935136146535,2.044055101897801,327.01531673964837,0.0,0.08333333333333333,0.0,7.5781242746960125,52.44444444444444,0.3422222222222222,6965.908165388812,9,0.05499982833862305
paper,50,1500000.0,8,14,exclude,launch,0,0.0,prior,0.0,cyc,12600.0,43200.0,1141908.5572714063,0,1053228.46981716,88680.08745424653,0,7,0.9165153970940882,14,4.665748476569164,7.646456880877716,8239.782041589951,2606.832347899817,3.1608407990748986,2.0067193850873357,304.04517609318697,0.0,0.0,0.0,0.8283672535965297,3.832049306625578,0.8747044917257684,660.0717964902858,649,2.1504478454589844
paper,100,1500000.0,1,13,exclude,launch,0,0.0,prior,0.0,cyc_sector0,12600.0,43200.0,3377920.8150729453,0,1860871.6865016285,1517049.128571317,0,0,0.0,0,4.8468564258348,5.297811126405451,7919.438460522844,3693.7791137115487,2.1439935136146535,2.044055101897801,327.01531673964837,0.0,0.08333333333333333,0.0,7.5781242746960125,52.44444444444444,0.3422222222222222,6965.908165388812,9,0.05200004577636719
core,200,3000000.0,20,15,exclude,launch,0,0.0,prior,0.0,cyc_sector0,12600.0,43200.0,225566.6398454143,0,212768.55189294033,12798.08795247396,0,1,0.34390759532562976,1,11.706709924993959,67.22418017900694,6500.354398964457,593.3567612465001,10.95522091179811,2.0056196545919462,303.3812669104877,0.0,0.0,0.0,0.5146458654438679,9.945273631840797,0.9753694581280788,251.25783868505204,2613,2.9364633560180664
paper,100,1500000.0,1,14,exclude,launch,0,0.0,prior,0.0,cluster_patrol,12600.0,43200.0,3652169.4698886555,0,1977025.8716211477,1675143.598267508,0,0,0.0,0,4.955730778459856,4.490593206697517,7738.130147665369,4356.842077907184,1.7760869017732202,2.044487491959152,327.28623625773565,0.0,0.16666666666666666,0.0,7.556813187182084,51.888888888888886,0.34417040358744394,7020.690463857798,9,0.049999237060546875
core,200,3000000.0,21,15,exclude,launch,0,0.0,prior,0.0,cyc_sector0,12600.0,43200.0,224684.25327654803,0,211935.1033689444,12749.149907603629,0,1,0.3452323128528433,1,11.706709924993959,63.986101069947686,6500.354398964457,623.4382677894006,10.426620781578805,2.00544558626079,303.27624807939117,0.0,0.0,0.0,0.5128361122992466,9.47133526850508,0.9802955665024631,249.8716383771462,2756,2.9744622707366943
paper,100,1500000.0,9,13,exclude,launch,0,0.0,prior,0.0,cyc_sector0,12600.0,43200.0,6305576.171003766,0,5429937.768342802,875638.4026609642,0,39,0.9569864772421944,48,4.8468564258348,6.261463549820284,7919.438460522844,3176.670812377227,2.492999409843294,2.0109993114100932,306.6358823015049,0.0,0.0,0.0,0.8669210171144371,3.35,0.5313199105145414,1396.8113029176764,700,0.2720000743865967
paper,50,3000000.0,3,14,exclude,launch,0,0.0,prior,0.0,cyc,12600.0,43200.0,195211.09256260959,0,149655.34009235847,45555.75247025111,0,0,0.0,0,9.331496953138329,41.77116802597457,8239.782041589951,953.886226496782,8.638118271034443,2.0077830785119275,304.6880200004932,0.0,0.0,0.0,2.222460014041977,16.47826086956522,0.8805620608899297,1105.973086998173,92,1.2354097366333008
paper,100,1500000.0,9,14,exclude,launch,0,0.0,prior,0.0,cluster_patrol,12600.0,43200.0,5098419.518228126,0,4409511.108831543,688908.4093965837,0,32,0.9277470920905672,36,4.955730778459856,7.659922249652793,7738.130147665369,2585.981663904352,2.9923375929828633,2.01934344386095,311.7183169626904,0.0,0.0,0.19098712446351931,0.6730995361718298,2.665714285714286,0.6477916194790487,1751.634297527815,700,0.24569320678710938
paper,100,1500000.0,1,14,exclude,launch,0,0.0,prior,0.0,cyc_sector0,12600.0,43200.0,3652169.4698886555,0,1977025.8716211477,1675143.598267508,0,0,0.0,0,4.955730778459856,4.490593206697517,7738.130147665369,4356.842077907184,1.7760869017732202,2.044487491959152,327.28623625773565,0.0,0.16666666666666666,0.0,7.556813187182084,51.888888888888886,0.34417040358744394,7020.690463857798,9,0.05000019073486328
paper,100,1500000.0,1,15,exclude,launch,0,0.0,prior,0.0,cluster_patrol,12600.0,43200.0,3123814.086768148,0,1712475.9304865513,1411338.1562815967,0,0,0.0,0,4.910459184525673,4.6844946378811585,7812.5443731858395,4173.710613989355,1.8718462049093483,2.0458552898937197,328.1439862196029,0.0,0.16666666666666666,0.0,7.551581449456718,53.77777777777778,0.3572961373390558,6769.4061176559235,9,0.0560002326965332
core,200,3000000.0,22,15,exclude,launch,0,0.0,prior,0.0,cyc_sector0,12600.0,43200.0,222190.4264192378,0,209529.42060680751,12661.005812430281,0,1,0.349120217501273,1,11.706709924993959,66.89447881930828,6500.354398964457,596.420669971596,10.898942183331826,2.005150737231755,303.09840136726217,0.0,0.0,0.0,0.5044415274362956,9.031367200818275,0.9852216748768473,246.25709607714717,2933,3.2196476459503174
paper,50,3000000.0,3,15,exclude,launch,0,0.0,prior,0.0,cyc,12600.0,43200.0,242692.1499457205,0,179159.39896758055,63532.750978139935,0,0,0.0,0,9.99931808206301,20.287015663961004,7667.212238219762,1962.962705309159,3.9059388227206315,2.008906731555298,305.36783789327836,0.0,0.0,0.0,2.57496772376703,16.307692307692307,0.8126361655773421,1296.071794248418,78,1.0558764934539795
paper,100,1500000.0,1,15,exclude,launch,0,0.0,prior,0.0,cyc_sector0,12600.0,43200.0,3123814.086768148,0,1712475.9304865513,1411338.1562815967,0,0,0.0,0,4.910459184525673,4.6844946378811585,7812.5443731858395,4173.710613989355,1.8718462049093483,2.0458552898937197,328.1439862196029,0.0,0.16666666666666666,0.0,7.551581449456718,53.77777777777778,0.3572961373390558,6769.4061176559235,9,0.05800032615661621
paper,100,1500000.0,9,14,exclude,launch,0,0.0,prior,0.0,cyc_sector0,12600.0,43200.0,4945932.200473312,0,4306856.920509756,639075.2799635571,0,32,0.9606563951671506,36,4.955730778459856,7.839979763470249,7738.130147665369,2540.389016343634,3.046041412508865,2.0083750767591932,305.0460886287326,0.0,0.0,0.0,0.8311943037218849,4.554945054945055,0.6742596810933941,987.353288702321,728,0.3954641819000244
paper,100,3000000.0,3,13,exclude,launch,0,0.0,prior,0.0,cluster_patrol,12600.0,43200.0,822723.8824409842,0,525739.8597571104,296984.02268387395,0,0,0.0,0,9.6937128516696,19.13080991348291,7919.438460522844,2075.006125850439,3.8165855810556084,2.0152885958171822,309.24327983892755,0.0,0.0,0.0,3.598725712291127,30.982456140350877,0.7636949516648764,1895.9845470523749,57,0.14650893211364746
paper,100,1500000.0,9,15,exclude,launch,0,0.0,prior,0.0,cyc_sector0,12600.0,43200.0,7075496.060791193,0,6095040.683421919,980455.3773692738,0,41,0.9615378636311136,59,4.910459184525673,6.048169519384188,7812.5443731858395,3283.7293820546847,2.3791681543189163,2.0140427156145835,308.48478872729976,0.0,0.0,0.0,0.856711385877024,2.4368794326241137,0.5223068552774756,1904.0186755583566,705,0.22850871086120605
paper,100,3000000.0,3,13,exclude,launch,0,0.0,prior,0.0,cyc_sector0,12600.0,43200.0,786558.7260031349,0,518472.1277132982,268086.5982898366,0,0,0.0,0,9.6937128516696,21.749637300746432,7919.438460522844,1825.6197371142466,4.337945246495354,2.01478006737327,308.93357554142955,0.0,0.0,0.0,4.0003977823387,33.30612244897959,0.772877618522602,1983.9299548563984,49,0.13852310180664062
paper,100,1500000.0,1,13,exclude,launch,0,0.0,prior,0.0,cyc,12600.0,43200.0,3369992.752242491,0,1870567.2187955768,1499425.533446914,0,0,0.0,0,4.8468564258348,4.724944198735231,7919.438460522844,4142.92787936958,1.9115559553809869,2.0434119758676976,326.61256541524006,0.0,0.08333333333333333,0.0,7.560244287014351,51.22222222222222,0.3322295805739514,7115.295211314658,9,1.2161884307861328
paper,100,3000000.0,3,14,exclude,launch,0,0.0,prior,0.0,cluster_patrol,12600.0,43200.0,876498.320103831,0,562593.329480467,313904.9906233641,0,0,0.0,0,9.911461556919711,17.964051248541473,7738.130147665369,2209.6943902243793,3.501900616618579,2.0153639624314765,309.28919286136465,0.0,0.0,0.0,3.93122290049258,32.372549019607845,0.7670329670329671,2004.900352133241,51,0.1400003433227539
paper,100,1500000.0,1,14,exclude,launch,0,0.0,prior,0.0,cyc,12600.0,43200.0,3674302.938726323,0,1996000.2784953984,1678302.6602309246,0,0,0.0,0,4.955730778459856,4.348908329615148,7738.130147665369,4498.447290437117,1.7201780187833322,2.0446411729595466,327.3825540726891,0.0,0.16666666666666666,0.0,7.593907290011688,51.666666666666664,0.3419282511210762,7085.4976465929185,9,1.1756963729858398
paper,100,3000000.0,3,14,exclude,launch,0,0.0,prior,0.0,cyc_sector0,12600.0,43200.0,735909.7786609535,0,485379.91209897416,250529.86656197935,0,0,0.0,0,9.911461556919711,48.363972260848826,7738.130147665369,821.1827889861985,9.423151887070812,2.0143187025335774,308.6527290928199,0.0,0.0,0.0,3.3936669687309537,33.266666666666666,0.7851605758582503,1667.5319181814998,60,0.16031575202941895
paper,100,3000000.0,3,15,exclude,launch,0,0.0,prior,0.0,cluster_patrol,12600.0,43200.0,716020.8349867773,0,463413.62179878,252607.2131879973,0,0,0.0,0,9.820918369051347,21.155234978869426,7812.5443731858395,1876.0535797524876,4.164350345589046,2.0157046414639535,309.4967756074254,0.0,0.0,0.0,3.440259186730026,31.627118644067796,0.7608008429926238,1782.5802988556218,59,0.15480947494506836
paper,100,3000000.0,3,15,exclude,launch,0,0.0,prior,0.0,cyc_sector0,12600.0,43200.0,696859.8844438951,0,469071.3360122003,227788.5484316948,0,0,0.0,0,9.820918369051347,23.099135393538596,7812.5443731858395,1718.3161089311343,4.546628139362305,2.0155389766650997,309.39582393779943,0.0,0.0,0.0,3.4534772296418224,33.21052631578947,0.8012889366272825,1711.079662314983,57,0.14050531387329102
paper,200,1500000.0,1,13,exclude,launch,0,0.0,prior,0.0,cluster_patrol,12600.0,43200.0,10954176.85061021,0,6985500.601717197,3968676.2488930128,0,0,0.0,0,4.646836166414484,4.676866906947189,8274.674043622275,4140.117301713588,1.9986569076671816,2.0658193172409787,340.7912451012078,0.0,0.07692307692307693,0.0,7.356616055293199,54.8,0.19432773109243698,12943.241027268337,10,0.08699989318847656
paper,200,1500000.0,8,13,exclude,launch,0,0.0,prior,0.0,cluster_patrol,12600.0,43200.0,13621082.308171112,0,11170904.29266166,2450178.0155094513,0,65,0.7974391495875676,74,4.646836166414484,4.981883663303986,8274.674043622275,3927.1668047663957,2.1070340158659207,2.0444997486264525,327.29391746421686,0.0,0.0,0.0013568521031207597,0.9724095031464042,2.9365942028985508,0.4176931690929451,4035.2493057712686,552,0.22850871086120605
paper,100,1500000.0,1,15,exclude,launch,0,0.0,prior,0.0,cyc,12600.0,43200.0,3015375.007580719,0,1662902.897047251,1352472.110533468,0,0,0.0,0,4.910459184525673,5.025489418621094,7812.5443731858395,3894.3664755269815,2.0061143249567066,2.043830192423071,326.8744411841958,0.0,0.16666666666666666,0.0,7.585583610274521,55.55555555555556,0.3633440514469453,6582.2900481120605,9,1.8378279209136963
paper,100,1500000.0,9,15,exclude,launch,0,0.0,prior,0.0,cyc,12600.0,43200.0,6917738.457916677,0,6054415.6819795845,863322.7759370918,0,41,0.9724478352730901,59,4.910459184525673,6.1177915915259575,7812.5443731858395,3248.961676506335,2.404628047686547,2.012429729386925,307.5041870839449,0.0,0.0,0.0,0.8759210750648936,3.117391304347826,0.5433839479392625,1523.5711803165627,690,3.2658512592315674
paper,200,1500000.0,1,13,exclude,launch,0,0.0,prior,0.0,cyc_sector0,12600.0,43200.0,10954176.85061021,0,6985500.601717197,3968676.2488930128,0,0,0.0,0,4.646836166414484,4.676866906947189,8274.674043622275,4140.117301713588,1.9986569076671816,2.0658193172409787,340.7912451012078,0.0,0.07692307692307693,0.0,7.356616055293199,54.8,0.19432773109243698,12943.241027268337,10,0.07750535011291504
paper,200,1500000.0,8,13,exclude,launch,0,0.0,prior,0.0,cyc_sector0,12600.0,43200.0,12149113.704149093,0,10183452.739084216,1965660.9650648755,0,63,0.8543520058217359,74,4.646836166414484,5.164613489873864,8274.674043622275,3799.394733189874,2.177892697312625,2.0384860777244613,323.53600008826083,0.0,0.0,0.0,0.9679461296869408,3.2032374100719423,0.5083426028921023,3679.5427006048667,556,0.24850678443908691
paper,200,1500000.0,1,14,exclude,launch,0,0.0,prior,0.0,cluster_patrol,12600.0,43200.0,11018442.312083041,0,6933212.632168249,4085229.6799147916,0,0,0.0,0,4.629302721230921,5.5437732157569,8307.276799279487,3483.5977967039807,2.384683101803385,2.071221417348302,344.2545974957116,0.0,0.07692307692307693,0.0,7.287111343661508,61.55555555555556,0.21613236814891418,11413.889311538876,9,0.09100198745727539
paper,200,1500000.0,8,14,exclude,launch,0,0.0,prior,0.0,cluster_patrol,12600.0,43200.0,12365037.049708748,0,10066132.40002629,2298904.6496824576,0,49,0.7827304417069265,59,4.629302721230921,5.418305828218335,8307.276799279487,3627.699324179785,2.289957368822937,2.0350036509925697,321.36976727038467,0.0,0.0,0.0,0.9722339549382252,4.386980108499096,0.5380794701986755,2691.4843549044244,553,0.29799842834472656
paper,100,3000000.0,3,13,exclude,launch,0,0.0,prior,0.0,cyc,12600.0,43200.0,705738.9372944939,0,466999.2671878425,238739.6701066514,0,0,0.0,0,9.6937128516696,29.352961024537596,7919.438460522844,1352.8425261163568,5.853924834294942,2.0146092440746655,308.8295754485291,0.0,0.0,0.0,3.386287431714715,31.220338983050848,0.7895322939866369,1791.106457671553,59,3.8078882694244385
paper,100,3000000.0,3,14,exclude,launch,0,0.0,prior,0.0,cyc,12600.0,43200.0,675222.4777966547,0,464265.13567185344,210957.34212480122,0,0,0.0,0,9.911461556919711,42.66615016852812,7738.130147665369,930.7884932103998,8.313521497215378,2.014445506819382,308.7299058918097,0.0,0.0,0.0,3.2583570931283763,32.704918032786885,0.7984496124031008,1636.1997621146832,61,3.7268733978271484
paper,200,1500000.0,1,14,exclude,launch,0,0.0,prior,0.0,cyc_sector0,12600.0,43200.0,11018442.312083041,0,6933212.632168249,4085229.6799147916,0,0,0.0,0,4.629302721230921,5.5437732157569,8307.276799279487,3483.5977967039807,2.384683101803385,2.071221417348302,344.2545974957116,0.0,0.07692307692307693,0.0,7.287111343661508,61.55555555555556,0.21613236814891418,11413.889311538876,9,0.0840003490447998
paper,200,1500000.0,8,14,exclude,launch,0,0.0,prior,0.0,cyc_sector0,12600.0,43200.0,11189401.599393306,0,9465825.010190714,1723576.589202593,0,48,0.8529538343609476,59,4.629302721230921,5.491354422992554,8307.276799279487,3581.9183281584633,2.319225632246737,2.0335967412181146,320.4966670370119,0.0,0.0,0.0,0.9697614893113735,4.346570397111913,0.6114474408365438,2715.948065064631,554,0.27170252799987793
paper,200,1500000.0,1,15,exclude,launch,0,0.0,prior,0.0,cluster_patrol,12600.0,43200.0,9913195.677799748,0,6241068.240691953,3672127.4371077954,0,0,0.0,0,4.9737073242025795,4.042385974136876,7708.957334908408,4780.194034921346,1.6126871165879884,2.070030227964845,343.4894066275493,0.0,0.07692307692307693,0.0,7.268444438981312,57.6,0.20153452685421994,12166.467435299845,10,0.08400273323059082
paper,200,1500000.0,9,15,exclude,launch,0,0.0,prior,0.0,cluster_patrol,12600.0,43200.0,16720053.406142106,0,14091709.081110824,2628344.3250312833,0,94,0.917729482110912,110,4.9737073242025795,6.305864339033328,7708.957334908408,3122.716792493586,2.4686700226672067,2.031340696069752,319.0990894108924,0.0,0.0,0.09771986970684039,0.7773705434667023,2.6401734104046244,0.39571045576407504,3575.7492531003486,692,0.26050281524658203
paper,100,1500000.0,9,14,exclude,launch,0,0.0,prior,0.0,cyc,12600.0,43200.0,4924830.643680271,0,4288490.865782524,636339.7778977463,0,32,0.9649117253536914,36,4.955730778459856,8.674366705681816,7738.130147665369,2297.4625299902127,3.36812028342344,2.007122023849457,304.2884312767879,0.0,0.0,0.0,0.8361908328024924,5.263812154696133,0.7014755959137344,856.9717014439607,724,5.380272150039673
core,200,3000000.0,25,13,exclude,launch,0,0.0,prior,0.0,cyc,12600.0,43200.0,200863.04803694613,0,193115.24096430588,7747.807072640269,0,1,0.4226388796601727,1,9.5786309571142,42.38222649243557,8018.59089865545,940.863951151879,8.522582769632598,2.006223854281332,303.7459334774337,0.0,0.0,0.0,0.4165468916793948,8.22651796778191,0.9929411764705882,196.27549921666053,4035,31.784990787506104
paper,200,1500000.0,1,15,exclude,launch,0,0.0,prior,0.0,cyc_sector0,12600.0,43200.0,9913195.677799748,0,6241068.240691953,3672127.4371077954,0,0,0.0,0,4.9737073242025795,4.042385974136876,7708.957334908408,4780.194034921346,1.6126871165879884,2.070030227964845,343.4894066275493,0.0,0.07692307692307693,0.0,7.268444438981312,57.6,0.20153452685421994,12166.467435299845,10,0.08700037002563477
paper,200,1500000.0,9,15,exclude,launch,0,0.0,prior,0.0,cyc_sector0,12600.0,43200.0,14866294.18688619,0,12743028.727917943,2123265.458968247,0,88,0.9419465682648969,110,4.9737073242025795,5.627365513767353,7708.957334908408,3497.901226255911,2.2038807948730827,2.03211052335214,319.5756397242686,0.0,0.0,0.0,0.8560892432977841,3.036775106082037,0.4807073954983923,3046.091742657525,707,0.28073692321777344
paper,200,3000000.0,3,13,exclude,launch,0,0.0,prior,0.0,cluster_patrol,12600.0,43200.0,3344227.697121457,0,1899145.0201868203,1445082.676934637,0,0,0.0,0,9.293672332828969,11.233513696673821,8274.674043622275,3505.9272997477133,2.3601955591656796,2.031287807200051,319.06636238384687,0.0,0.09259259259259259,0.0,5.142168127094032,50.94871794871795,0.6097691894793345,3344.3946474680565,39,0.20099973678588867
paper,100,3000000.0,3,15,exclude,launch,0,0.0,prior,0.0,cyc,12600.0,43200.0,590752.4257446628,0,411509.41038850247,179243.01535616032,0,0,0.0,0,9.820918369051347,29.32142505092747,7812.5443731858395,1353.8928380020452,5.770430387027454,2.0152114520171605,309.1962876920374,0.0,0.0,0.0,3.1439224638034906,32.28125,0.8046958377801494,1612.42833107354,64,5.4970314502716064
paper,200,3000000.0,3,13,exclude,launch,0,0.0,prior,0.0,cyc_sector0,12600.0,43200.0,3419266.3512226273,0,1911183.0159100748,1508083.3353125525,0,0,0.0,0,9.293672332828969,9.205455602998413,8274.674043622275,4276.003927932419,1.9351418247230978,2.0323879144682024,319.74744178200154,0.0,0.018867924528301886,0.0,5.188830367568111,48.421052631578945,0.6175668303327878,3511.396580418961,38,0.18800020217895508
paper,200,3000000.0,3,14,exclude,launch,0,0.0,prior,0.0,cluster_patrol,12600.0,43200.0,3078549.723749525,0,1805289.4312180039,1273260.2925315208,0,0,0.0,0,9.258605442461842,14.168265575698276,8307.276799279487,2780.616417619268,2.987566622508862,2.0306366275791374,318.6635574323094,0.0,0.05454545454545454,0.0,5.034742357286957,55.75,0.6715210355987055,2947.824931231015,40,0.21399974822998047
core,200,3000000.0,28,13,exclude,launch,0,0.0,prior,0.0,cyc,12600.0,43200.0,194987.70934496168,0,187456.7752922954,7530.934052666265,0,1,0.43537376726280363,1,9.5786309571142,36.73103406429094,8018.59089865545,1085.5111725543193,7.386926179476238,2.006423169703197,303.8662789546293,0.0,0.0,0.0,0.41692655928706923,7.723022379791713,0.9859154929577465,187.12883903935278,4513,26.846441507339478
paper,200,3000000.0,3,14,exclude,launch,0,0.0,prior,0.0,cyc_sector0,12600.0,43200.0,2734364.523509969,0,1658696.3045747522,1075668.2189352168,0,0,0.0,0,9.258605442461842,24.98837966584598,8307.276799279487,1577.7664563894596,5.265213216846904,2.0291267325990394,317.7305495249925,0.0,0.11864406779661017,0.0,4.702889924027405,59.48837209302326,0.6891025641025641,2610.483552434005,43,0.22850918769836426
paper,200,3000000.0,3,15,exclude,launch,0,0.0,prior,0.0,cluster_patrol,12600.0,43200.0,3134119.8252921547,0,1790272.5013893638,1343847.3239027907,0,0,0.0,0,9.947414648405159,10.50289403745166,7708.957334908408,3747.7685333014892,2.056945957683631,2.0323955837145435,319.7521923819878,0.0,0.13793103448275862,0.0,4.702576121823986,48.5,0.6341463414634146,3166.9062743856107,42,0.16868925094604492
paper,200,1500000.0,1,13,exclude,launch,0,0.0,prior,0.0,cyc,12600.0,43200.0,10907738.562834788,0,6992734.109268638,3915004.4535661484,0,0,0.0,0,4.646836166414484,4.414479126549742,8274.674043622275,4385.829747061335,1.8866838251454259,2.065992567721244,340.9020463310793,0.0,0.07692307692307693,0.0,7.310248818277599,53.9,0.18547959724430313,13076.421184860823,10,6.610723257064819
paper,200,3000000.0,3,15,exclude,launch,0,0.0,prior,0.0,cyc_sector0,12600.0,43200.0,2668945.0108709456,0,1607270.8159849118,1061674.1948860341,0,0,0.0,0,9.947414648405159,12.26840294400738,7708.957334908408,3210.2323077055185,2.4013705539018475,2.031259896709127,319.0490923681557,0.0,0.017241379310344827,0.0,4.712793945824004,56.357142857142854,0.6708860759493671,2780.9212453491377,42,0.21400022506713867
ring,50,1500000.0,7,13,exclude,launch,0,0.0,prior,0.0,cluster_patrol,12600.0,43200.0,7560753.564131689,0,7113709.764743066,447043.79938862385,0,50,1.0,50,4.791964885844101,1200000000000000.0,8013.97324192218,0.0,8013973241922.18,1.0000018257418584,1e-09,0.0,0.0,1.0,0.0,0.0,0.0,1618398000000002.8,471,0.040000200271606445
core,200,3000000.0,27,13,exclude,launch,0,0.0,prior,0.0,cyc,12600.0,43200.0,198498.65521181596,0,190664.51549270432,7834.139719111623,0,1,0.42767309177421503,1,9.5786309571142,38.96473065370045,8018.59089865545,1023.3696891861284,7.835478208302733,2.006253275874006,303.7636965621505,0.0,0.0,0.0,0.4162942002981266,7.825040128410915,0.9882629107981221,191.11459595693086,4361,28.946007251739502
ring,50,1500000.0,1,13,exclude,launch,0,0.0,prior,0.0,cyc,12600.0,43200.0,501243.4578191029,0,426646.8022307882,74596.6555883147,0,0,0.0,0,4.791964885844101,2.9826551850865997,8013.97324192218,6620.403544587203,1.2104961862142603,2.0256876478672012,315.6105452962055,0.0,0.0,0.0,6.714747025360151,50.0,0.9108910891089109,3237.0183869975203,10,0.27850914001464844
core,200,3000000.0,26,13,exclude,launch,0,0.0,prior,0.0,cyc,12600.0,43200.0,199292.56325442076,0,191337.02344858873,7955.539805832034,0,1,0.4259693999674557,1,9.5786309571142,40.80758909519105,8018.59089865545,977.1868302263118,8.205791001909411,2.0061871495245667,303.72377396051195,0.0,0.0,0.0,0.41726420059836117,8.063454198473282,0.9882629107981221,192.95364256944225,4192,29.2140109539032
ring,50,1500000.0,1,13,exclude,launch,0,0.0,prior,0.0,cyc_sector0,12600.0,43200.0,501243.4578191029,0,426646.8022307882,74596.6555883147,0,0,0.0,0,4.791964885844101,2.9826551850865997,8013.97324192218,6620.403544587203,1.2104961862142603,2.0256876478672012,315.6105452962055,0.0,0.0,0.0,6.714747025360151,50.0,0.9108910891089109,3237.0183869975203,10,0.0429997444152832
ring,50,1500000.0,7,13,exclude,launch,0,0.0,prior,0.0,cyc_sector0,12600.0,43200.0,7560753.564131689,0,7113709.764743066,447043.79938862385,0,50,1.0,50,4.791964885844101,1200000000000000.0,8013.97324192218,0.0,8013973241922.18,1.0000018257418584,1e-09,0.0,0.0,1.0,0.0,0.0,0.0,1618398000000002.8,471,0.03899717330932617
paper,200,1500000.0,1,15,exclude,launch,0,0.0,prior,0.0,cyc,12600.0,43200.0,9868582.394321835,0,6253087.289188391,3615495.1051334445,0,0,0.0,0,4.9737073242025795,4.628623467034212,7708.957334908408,4176.564699506134,1.8457650939347277,2.069135466783069,342.91519390003504,0.0,0.07692307692307693,0.0,7.27566051097458,58.1,0.2047203694202155,12073.739471561383,10,3.5094821453094482
ring,50,1500000.0,1,14,exclude,launch,0,0.0,prior,0.0,cluster_patrol,12600.0,43200.0,642683.602131448,0,496777.57432299055,145906.0278084574,0,0,0.0,0,4.864538549593913,3.130186580238783,7889.440438978361,6310.83176860583,1.2501427273383448,2.0248980541142907,315.12480639817784,0.0,0.0,0.0,7.022031353115102,50.0,0.8695652173913043,3385.152786584316,9,0.042000532150268555
ring,50,1500000.0,7,14,exclude,launch,0,0.0,prior,0.0,cluster_patrol,12600.0,43200.0,8563772.73845585,0,7929712.923540283,634059.8149155683,0,50,1.0,50,4.864538549593913,1200000000000000.0,7889.440438978361,0.0,7889440438978.36,1.0000018257418584,1e-09,0.0,0.0,1.0,0.0,0.0,0.0,1618398000000002.8,471,0.03800034523010254
ring,50,1500000.0,1,14,exclude,launch,0,0.0,prior,0.0,cyc_sector0,12600.0,43200.0,642683.602131448,0,496777.57432299055,145906.0278084574,0,0,0.0,0,4.864538549593913,3.130186580238783,7889.440438978361,6310.83176860583,1.2501427273383448,2.0248980541142907,315.12480639817784,0.0,0.0,0.0,7.022031353115102,50.0,0.8695652173913043,3385.152786584316,9,0.0299985408782959
ring,50,1500000.0,7,13,exclude,launch,0,0.0,prior,0.0,cyc,12600.0,43200.0,7560753.564131689,0,7113709.764743066,447043.79938862385,0,50,1.0,50,4.791964885844101,1200000000000000.0,8013.97324192218,0.0,8013973241922.18,1.0000018257418584,1e-09,0.0,0.0,1.0,0.0,0.0,0.0,1618398000000002.8,471,0.201002836227417
ring,50,1500000.0,7,14,exclude,launch,0,0.0,prior,0.0,cyc_sector0,12600.0,43200.0,8563772.73845585,0,7929712.923540283,634059.8149155683,0,50,1.0,50,4.864538549593913,1200000000000000.0,7889.440438978361,0.0,7889440438978.36,1.0000018257418584,1e-09,0.0,0.0,1.0,0.0,0.0,0.0,1618398000000002.8,471,0.032000064849853516
ring,50,1500000.0,7,15,exclude,launch,0,0.0,prior,0.0,cluster_patrol,12600.0,43200.0,8091932.852359649,0,7548010.287179998,543922.5651796503,0,50,1.0,50,4.905479781257491,1200000000000000.0,7820.813005793199,0.0,7820813005793.199,1.0000018257418584,1e-09,0.0,0.0,1.0,0.0,0.0,0.0,1618398000000002.8,471,0.03799700736999512
ring,50,1500000.0,7,14,exclude,launch,0,0.0,prior,0.0,cyc,12600.0,43200.0,8563772.73845585,0,7929712.923540283,634059.8149155683,0,50,1.0,50,4.864538549593913,1200000000000000.0,7889.440438978361,0.0,7889440438978.36,1.0000018257418584,1e-09,0.0,0.0,1.0,0.0,0.0,0.0,1618398000000002.8,471,0.19271183013916016
ring,50,1500000.0,1,14,exclude,launch,0,0.0,prior,0.0,cyc,12600.0,43200.0,642683.602131448,0,496777.57432299055,145906.0278084574,0,0,0.0,0,4.864538549593913,3.130186580238783,7889.440438978361,6310.83176860583,1.2501427273383448,2.0248980541142907,315.12480639817784,0.0,0.0,0.0,7.022031353115102,50.0,0.8695652173913043,3385.152786584316,9,0.2457106113433838
ring,50,1500000.0,1,15,exclude,launch,0,0.0,prior,0.0,cyc_sector0,12600.0,43200.0,578562.1245105967,0,458692.2046976312,119869.91981296548,0,0,0.0,0,4.905479781257491,3.059964226375107,7820.813005793199,6455.276524082219,1.2115380304184762,2.0250175492588482,315.1982928865844,0.0,0.0,0.0,6.806324547060411,50.0,0.8770491803278688,3281.165712348695,10,0.0410001277923584
ring,50,1500000.0,7,15,exclude,launch,0,0.0,prior,0.0,cyc_sector0,12600.0,43200.0,8091932.852359649,0,7548010.287179998,543922.5651796503,0,50,1.0,50,4.905479781257491,1200000000000000.0,7820.813005793199,0.0,7820813005793.199,1.0000018257418584,1e-09,0.0,0.0,1.0,0.0,0.0,0.0,1618398000000002.8,471,0.03999948501586914
ring,50,1500000.0,7,15,exclude,launch,0,0.0,prior,0.0,cyc,12600.0,43200.0,8091932.852359649,0,7548010.287179998,543922.5651796503,0,50,1.0,50,4.905479781257491,1200000000000000.0,7820.813005793199,0.0,7820813005793.199,1.0000018257418584,1e-09,0.0,0.0,1.0,0.0,0.0,0.0,1618398000000002.8,471,0.19571638107299805
ring,50,3000000.0,3,13,exclude,launch,0,0.0,prior,0.0,cluster_patrol,12600.0,43200.0,199165.94710496112,0,179384.4032523783,19781.543852582803,0,0,0.0,0,9.583929771688203,5.88193079979331,8013.97324192218,6754.226474029764,1.1865123671431785,2.0136985505624017,308.2754254236941,0.0,0.0,0.0,2.8132753617595885,16.698630136986303,0.9603960396039604,1378.311744445754,73,0.1025092601776123
ring,50,1500000.0,1,15,exclude,launch,0,0.0,prior,0.0,cyc,12600.0,43200.0,578562.1245105967,0,458692.2046976312,119869.91981296548,0,0,0.0,0,4.905479781257491,3.059964226375107,7820.813005793199,6455.276524082219,1.2115380304184762,2.0250175492588482,315.1982928865844,0.0,0.0,0.0,6.806324547060411,50.0,0.8770491803278688,3281.165712348695,10,0.27621960639953613
ring,50,3000000.0,3,13,exclude,launch,0,0.0,prior,0.0,cyc_sector0,12600.0,43200.0,211894.38596089228,0,193399.58981645366,18494.796144438602,0,0,0.0,0,9.583929771688203,5.963026661466957,8013.97324192218,6666.045778899652,1.2022079517199216,2.0125883017808572,307.6005206710322,0.0,0.0,0.0,3.0357976647667217,16.636363636363637,0.9306930693069307,1484.135709642443,66,0.08650565147399902
ring,50,3000000.0,3,14,exclude,launch,0,0.0,prior,0.0,cluster_patrol,12600.0,43200.0,237893.8558277992,0,210123.72709712328,27770.12873067595,0,0,0.0,0,9.729077099187826,5.786277966016721,7889.440438978361,6866.97132884383,1.1488966621776593,2.0133786548569805,308.0808894359229,0.0,0.0,0.0,2.890600490443727,16.442857142857143,0.9482758620689655,1431.005634225909,70,0.1009976863861084
ring,50,3000000.0,3,14,exclude,launch,0,0.0,prior,0.0,cyc_sector0,12600.0,43200.0,244956.17399250748,0,213304.95805160637,31651.21594090112,0,0,0.0,0,9.729077099187826,5.997491162435546,7889.440438978361,6627.911976624429,1.1903357296842714,2.0125359098234803,307.56869060461895,0.0,0.0,0.0,3.0008025771181264,16.70149253731343,0.9396551724137931,1495.8370457540439,67,0.09399986267089844
ring,50,3000000.0,3,15,exclude,launch,0,0.0,prior,0.0,cluster_patrol,12600.0,43200.0,229759.1922569123,0,200984.29894992444,28774.893306987855,0,0,0.0,0,9.810959562514983,5.728646343681774,7820.813005793199,6935.929761109919,1.1275796144368218,2.0134149475886325,308.102956798821,0.0,0.0,0.0,2.901238173251658,16.281690140845072,0.9508196721311475,1444.2662148497277,71,0.09832191467285156
ring,50,3000000.0,3,15,exclude,launch,0,0.0,prior,0.0,cyc_sector0,12600.0,43200.0,237978.47434865756,0,207797.20026967945,30181.274078978116,0,0,0.0,0,9.810959562514983,5.860595381894004,7820.813005793199,6782.912838618126,1.153016881075907,2.0124820345398646,307.5359610797952,0.0,0.0,0.0,3.062359456119956,16.681818181818183,0.9508196721311475,1500.5866599992169,66,0.09199976921081543
ring,100,1500000.0,1,13,exclude,launch,0,0.0,prior,0.0,cluster_patrol,12600.0,43200.0,1684808.5474703552,0,1304671.7941988886,380136.7532714665,0,0,0.0,0,4.842407636489829,2.8961581509739327,7927.020400330289,6738.0451009720755,1.1764570111272605,2.049763729184182,330.6011661332041,0.0,0.08333333333333333,0.0,7.59900613070074,74.55555555555556,0.73,4913.515099131626,9,0.06250834465026855
ring,100,1500000.0,7,13,exclude,launch,0,0.0,prior,0.0,cluster_patrol,12600.0,43200.0,15188993.109701851,0,14299438.485397581,889554.6243042725,0,100,1.0,100,4.842407636489829,1200000000000000.0,7927.020400330289,0.0,7927020400330.288,1.0000018257418584,1e-09,0.0,0.0,1.0,0.0,0.0,0.0,3236796000000005.5,471,0.04550766944885254
ring,50,3000000.0,3,13,exclude,launch,0,0.0,prior,0.0,cyc,12600.0,43200.0,199165.94710496112,0,179384.4032523783,19781.543852582803,0,0,0.0,0,9.583929771688203,5.88193079979331,8013.97324192218,6754.226474029764,1.1865123671431785,2.0136985505624017,308.2754254236941,0.0,0.0,0.0,2.8132753617595885,16.698630136986303,0.9603960396039604,1378.311744445754,73,0.6648440361022949
ring,50,3000000.0,3,15,exclude,launch,0,0.0,prior,0.0,cyc,12600.0,43200.0,229759.1922569123,0,200984.29894992444,28774.893306987855,0,0,0.0,0,9.810959562514983,5.728646343681774,7820.813005793199,6935.929761109919,1.1275796144368218,2.0134149475886325,308.102956798821,0.0,0.0,0.0,2.901238173251658,16.281690140845072,0.9508196721311475,1444.2662148497277,71,0.5263376235961914
ring,50,3000000.0,3,14,exclude,launch,0,0.0,prior,0.0,cyc,12600.0,43200.0,237893.8558277992,0,210123.72709712328,27770.12873067595,0,0,0.0,0,9.729077099187826,5.786277966016721,7889.440438978361,6866.97132884383,1.1488966621776593,2.0133786548569805,308.0808894359229,0.0,0.0,0.0,2.890600490443727,16.442857142857143,0.9482758620689655,1431.005634225909,70,0.6673400402069092
ring,100,1500000.0,1,13,exclude,launch,0,0.0,prior,0.0,cyc_sector0,12600.0,43200.0,1684808.5474703552,0,1304671.7941988886,380136.7532714665,0,0,0.0,0,4.842407636489829,2.8961581509739327,7927.020400330289,6738.0451009720755,1.1764570111272605,2.049763729184182,330.6011661332041,0.0,0.08333333333333333,0.0,7.59900613070074,74.55555555555556,0.73,4913.515099131626,9,0.06299996376037598
ring,100,1500000.0,7,13,exclude,launch,0,0.0,prior,0.0,cyc_sector0,12600.0,43200.0,15188993.109701851,0,14299438.485397581,889554.6243042725,0,100,1.0,100,4.842407636489829,1200000000000000.0,7927.020400330289,0.0,7927020400330.288,1.0000018257418584,1e-09,0.0,0.0,1.0,0.0,0.0,0.0,3236796000000005.5,471,0.04899764060974121
ring,100,1500000.0,7,14,exclude,launch,0,0.0,prior,0.0,cluster_patrol,12600.0,43200.0,16240128.190876713,0,15327603.407938598,912524.782938116,0,100,1.0,100,4.856939549821317,1200000000000000.0,7902.3055066583165,0.0,7902305506658.316,1.0000018257418584,1e-09,0.0,0.0,1.0,0.0,0.0,0.0,3236796000000005.5,471,0.046000003814697266
ring,100,1500000.0,1,14,exclude,launch,0,0.0,prior,0.0,cluster_patrol,12600.0,43200.0,2432787.204245549,0,1935102.5415706944,497684.66267485445,0,0,0.0,0,4.856939549821317,2.8496368909220418,7902.3055066583165,6836.155048289727,1.1559576181109759,2.053329102708066,332.85065958353357,0.0,0.0,0.0,7.4286757663604925,53.44444444444444,0.6,6700.764384344284,9,0.05299997329711914
core,200,3000000.0,30,13,exclude,launch,0,0.0,prior,0.0,cyc,12600.0,43200.0,193256.29070570538,0,185739.09134775624,7517.199357949154,0,1,0.4392743608886596,12,9.5786309571142,37.12206379759793,8018.59089865545,1074.1783586131553,7.464859847863674,2.0062334899118133,303.75175086603235,0.0,0.0,0.0,0.3995609980084782,7.075520317145688,0.9859154929577465,182.83441522383848,5045,26.061172246932983
ring,100,1500000.0,1,14,exclude,launch,0,0.0,prior,0.0,cyc_sector0,12600.0,43200.0,2432787.204245549,0,1935102.5415706944,497684.66267485445,0,0,0.0,0,4.856939549821317,2.8496368909220418,7902.3055066583165,6836.155048289727,1.1559576181109759,2.053329102708066,332.85065958353357,0.0,0.0,0.0,7.4286757663604925,53.44444444444444,0.6,6700.764384344284,9,0.05000019073486328
ring,100,1500000.0,7,13,exclude,launch,0,0.0,prior,0.0,cyc,12600.0,43200.0,15188993.109701851,0,14299438.485397581,889554.6243042725,0,100,1.0,100,4.842407636489829,1200000000000000.0,7927.020400330289,0.0,7927020400330.288,1.0000018257418584,1e-09,0.0,0.0,1.0,0.0,0.0,0.0,3236796000000005.5,471,0.5567276477813721
ring,100,1500000.0,7,14,exclude,launch,0,0.0,prior,0.0,cyc_sector0,12600.0,43200.0,16240128.190876713,0,15327603.407938598,912524.782938116,0,100,1.0,100,4.856939549821317,1200000000000000.0,7902.3055066583165,0.0,7902305506658.316,1.0000018257418584,1e-09,0.0,0.0,1.0,0.0,0.0,0.0,3236796000000005.5,471,0.046727657318115234
ring,100,1500000.0,1,15,exclude,launch,0,0.0,prior,0.0,cluster_patrol,12600.0,43200.0,2510862.507904236,0,1919300.6387248414,591561.869179395,0,0,0.0,0,4.790815190311638,2.862442918125903,8015.976421067365,6819.76650704426,1.1754033532947965,2.049055165306111,330.1550219566297,0.0,0.08333333333333333,0.0,7.539557940806269,50.25,0.5317073170731708,7233.114296262931,8,0.04599928855895996
ring,100,1500000.0,7,15,exclude,launch,0,0.0,prior,0.0,cluster_patrol,12600.0,43200.0,15413652.963985488,0,14439856.889304923,973796.0746805661,0,100,1.0,100,4.790815190311638,1200000000000000.0,8015.976421067365,0.0,8015976421067.364,1.0000018257418584,1e-09,0.0,0.0,1.0,0.0,0.0,0.0,3236796000000005.5,471,0.04499936103820801
ring,100,1500000.0,7,14,exclude,launch,0,0.0,prior,0.0,cyc,12600.0,43200.0,16240128.190876713,0,15327603.407938598,912524.782938116,0,100,1.0,100,4.856939549821317,1200000000000000.0,7902.3055066583165,0.0,7902305506658.316,1.0000018257418584,1e-09,0.0,0.0,1.0,0.0,0.0,0.0,3236796000000005.5,471,0.5857422351837158
ring,100,1500000.0,1,15,exclude,launch,0,0.0,prior,0.0,cyc_sector0,12600.0,43200.0,2510862.507904236,0,1919300.6387248414,591561.869179395,0,0,0.0,0,4.790815190311638,2.862442918125903,8015.976421067365,6819.76650704426,1.1754033532947965,2.049055165306111,330.1550219566297,0.0,0.08333333333333333,0.0,7.539557940806269,50.25,0.5317073170731708,7233.114296262931,8,0.04700016975402832
ring,100,1500000.0,7,15,exclude,launch,0,0.0,prior,0.0,cyc_sector0,12600.0,43200.0,15413652.963985488,0,14439856.889304923,973796.0746805661,0,100,1.0,100,4.790815190311638,1200000000000000.0,8015.976421067365,0.0,8015976421067.364,1.0000018257418584,1e-09,0.0,0.0,1.0,0.0,0.0,0.0,3236796000000005.5,471,0.05099987983703613
paper,200,1500000.0,8,13,exclude,launch,0,0.0,prior,0.0,cyc,12600.0,43200.0,12075744.554987375,0,10257785.039810147,1817959.5151772278,0,64,0.8748982372016357,74,4.646836166414484,5.431984921723184,8274.674043622275,3624.1617515521675,2.2831966702585422,2.0318603847641405,319.42075609368015,0.0,0.0,0.0,0.9648846139430158,3.589605734767025,0.5156774916013438,3278.441340380702,558,8.761531114578247
ring,100,3000000.0,3,13,exclude,launch,0,0.0,prior,0.0,cluster_patrol,12600.0,43200.0,529691.7868219584,0,464517.75352115394,65174.03330080447,0,0,0.0,0,9.684815272979659,5.898086031081314,7927.020400330289,6706.68245809092,1.181958509272667,2.0224190142618417,313.60219221724674,0.0,0.0,0.0,3.6280126075715793,33.357142857142854,0.955,1807.336425875054,56,0.15399980545043945
ring,100,3000000.0,3,13,exclude,launch,0,0.0,prior,0.0,cyc_sector0,12600.0,43200.0,548926.5242695858,0,484298.42782465345,64628.09644493244,0,0,0.0,0,9.684815272979659,5.861002604366643,7927.020400330289,6750.483063902185,1.1742893545973871,2.0220096346097858,313.35110797056853,0.0,0.0,0.0,3.7578648217103843,33.320754716981135,0.96,1873.7309408114447,53,0.14200043678283691
ring,100,1500000.0,7,15,exclude,launch,0,0.0,prior,0.0,cyc,12600.0,43200.0,15413652.963985488,0,14439856.889304923,973796.0746805661,0,100,1.0,100,4.790815190311638,1200000000000000.0,8015.976421067365,0.0,8015976421067.364,1.0000018257418584,1e-09,0.0,0.0,1.0,0.0,0.0,0.0,3236796000000005.5,471,0.5720152854919434
ring,100,1500000.0,1,13,exclude,launch,0,0.0,prior,0.0,cyc,12600.0,43200.0,1678205.2840821557,0,1311052.800873914,367152.48320824164,0,0,0.0,0,4.842407636489829,2.8953977619456466,7927.020400330289,6739.595280596719,1.176186413322498,2.0498304463113404,330.6431898006805,0.0,0.08333333333333333,0.0,7.603404215244665,74.33333333333333,0.74,4931.056534262269,9,1.443741798400879
ring,100,3000000.0,3,14,exclude,launch,0,0.0,prior,0.0,cluster_patrol,12600.0,43200.0,532904.6962628784,0,480321.73988301755,52582.95637986084,0,0,0.0,0,9.713879099642634,5.967583094166735,7902.3055066583165,6623.668728304543,1.193040568724376,2.0239179783618244,314.52240792376955,0.0,0.0,0.0,3.4838634872074548,33.389830508474574,0.934010152284264,1697.6757779610668,59,0.16470646858215332
ring,100,3000000.0,3,14,exclude,launch,0,0.0,prior,0.0,cyc_sector0,12600.0,43200.0,536067.5043399855,0,478658.03649264976,57409.4678473358,0,0,0.0,0,9.713879099642634,6.094661753464761,7902.3055066583165,6486.443591206399,1.21828015545705,2.023642228786562,314.3530237665359,0.0,0.0,0.0,3.465352132173492,33.3448275862069,0.9238578680203046,1714.0705094783464,58,0.14470624923706055
ring,100,3000000.0,3,15,exclude,launch,0,0.0,prior,0.0,cluster_patrol,12600.0,43200.0,536216.5297981668,0,476341.6068049174,59874.922993249435,0,0,0.0,0,9.581630380623276,6.037401515629255,8015.976421067365,6552.768474872663,1.2232961460191274,2.0221580842656204,313.44214476886896,0.0,0.0,0.0,3.561255421485998,32.50877192982456,0.9521531100478469,1813.2971222356612,57,0.15399980545043945
paper,200,1500000.0,1,14,exclude,launch,0,0.0,prior,0.0,cyc,12600.0,43200.0,11069454.54743927,0,6937870.872222184,4131583.675217086,0,0,0.0,0,4.629302721230921,4.517296435124285,8307.276799279487,4277.819437692775,1.94194189826768,2.0699456904877085,343.435134177966,0.0,0.07692307692307693,0.0,7.260572267874903,59.1,0.20479416362688901,11844.831257556893,10,7.163707971572876
ring,100,3000000.0,3,15,exclude,launch,0,0.0,prior,0.0,cyc_sector0,12600.0,43200.0,543207.37313408,0,482181.42131149524,61025.9518225847,0,0,0.0,0,9.581630380623276,6.054099413977732,8015.976421067365,6536.575311276933,1.2263266373200294,2.0215764491172035,313.0855324172741,0.0,0.0,0.0,3.715805149578109,33.388888888888886,0.9425837320574163,1847.91248502332,54,0.14350581169128418
ring,200,1500000.0,7,13,exclude,launch,0,0.0,prior,0.0,cluster_patrol,12600.0,43200.0,32196983.397023413,0,30129401.753671423,2067581.643351989,0,200,1.0,200,4.851851601005497,1200000000000000.0,7910.9419020655405,0.0,7910941902065.54,1.0000018257418584,1e-09,0.0,0.0,1.0,0.0,0.0,0.0,6473592000000011.0,471,0.06100058555603027
ring,200,1500000.0,1,13,exclude,launch,0,0.0,prior,0.0,cluster_patrol,12600.0,43200.0,6714104.31215886,0,5321826.866603117,1392277.4455557428,0,0,0.0,0,4.851851601005497,2.8113487514977056,7910.9419020655405,6809.919929908284,1.1616791362438361,2.0893118237333788,355.98007479760196,0.0,0.07692307692307693,0.0,7.127660837321201,71.44444444444444,0.43577981651376146,9618.870305540311,9,0.08599972724914551
core,200,3000000.0,29,13,exclude,launch,0,0.0,prior,0.0,cyc,12600.0,43200.0,194644.79747450692,0,187005.98685278257,7638.810621724367,0,1,0.4361407789415968,4,9.5786309571142,38.7032006015782,8018.59089865545,1030.2595302820625,7.783078596186472,2.0063027362357073,303.79355908664144,0.0,0.0,0.0,0.39052415124236184,7.181526748146664,0.9835294117647059,181.8953779874489,4991,28.2110013961792
ring,200,1500000.0,1,13,exclude,launch,0,0.0,prior,0.0,cyc_sector0,12600.0,43200.0,6714104.31215886,0,5321826.866603117,1392277.4455557428,0,0,0.0,0,4.851851601005497,2.8113487514977056,7910.9419020655405,6809.919929908284,1.1616791362438361,2.0893118237333788,355.98007479760196,0.0,0.07692307692307693,0.0,7.127660837321201,71.44444444444444,0.43577981651376146,9618.870305540311,9,0.09099936485290527
ring,200,1500000.0,7,13,exclude,launch,0,0.0,prior,0.0,cyc_sector0,12600.0,43200.0,32196983.397023413,0,30129401.753671423,2067581.643351989,0,200,1.0,200,4.851851601005497,1200000000000000.0,7910.9419020655405,0.0,7910941902065.54,1.0000018257418584,1e-09,0.0,0.0,1.0,0.0,0.0,0.0,6473592000000011.0,471,0.06800127029418945
ring,100,1500000.0,1,14,exclude,launch,0,0.0,prior,0.0,cyc,12600.0,43200.0,1957670.9153282314,0,1533441.2143132132,424229.7010150182,0,0,0.0,0,4.856939549821317,3.0335747133589126,7902.3055066583165,6428.465190486255,1.2292678380452704,2.0511527289880833,331.47661789772826,0.0,0.0,0.0,7.228408256149485,64.1,0.6682926829268293,5436.259186414227,10,2.1343250274658203
ring,200,1500000.0,1,14,exclude,launch,0,0.0,prior,0.0,cluster_patrol,12600.0,43200.0,7108458.2125018025,0,5628982.061802952,1479476.1506988513,0,0,0.0,0,4.825004938132134,2.778134041413181,7956.813622554527,6912.272990775655,1.1511139147965943,2.082983902020086,351.8562396103955,0.0,0.07692307692307693,0.0,7.077406813339016,66.6,0.3781094527363184,10245.78969053219,10,0.08699965476989746
ring,200,1500000.0,7,14,exclude,launch,0,0.0,prior,0.0,cluster_patrol,12600.0,43200.0,32636367.99505785,0,30643262.3182468,1993105.6768110497,0,200,1.0,200,4.825004938132134,1200000000000000.0,7956.813622554527,0.0,7956813622554.526,1.0000018257418584,1e-09,0.0,0.0,1.0,0.0,0.0,0.0,6473592000000011.0,471,0.060997724533081055
ring,100,1500000.0,1,15,exclude,launch,0,0.0,prior,0.0,cyc,12600.0,43200.0,2231163.111597391,0,1700780.586297452,530382.5252999387,0,0,0.0,0,4.790815190311638,2.8328710325975752,8015.976421067365,6886.69235777793,1.1639806171991995,2.0503240462288304,330.95418062595076,0.0,0.08333333333333333,0.0,7.516273042479056,60.666666666666664,0.5980861244019139,5972.661829493627,9,1.8745954036712646
ring,200,1500000.0,1,14,exclude,launch,0,0.0,prior,0.0,cyc_sector0,12600.0,43200.0,7108458.2125018025,0,5628982.061802952,1479476.1506988513,0,0,0.0,0,4.825004938132134,2.778134041413181,7956.813622554527,6912.272990775655,1.1511139147965943,2.082983902020086,351.8562396103955,0.0,0.07692307692307693,0.0,7.077406813339016,66.6,0.3781094527363184,10245.78969053219,10,0.08500051498413086
ring,200,1500000.0,7,14,exclude,launch,0,0.0,prior,0.0,cyc_sector0,12600.0,43200.0,32636367.99505785,0,30643262.3182468,1993105.6768110497,0,200,1.0,200,4.825004938132134,1200000000000000.0,7956.813622554527,0.0,7956813622554.526,1.0000018257418584,1e-09,0.0,0.0,1.0,0.0,0.0,0.0,6473592000000011.0,471,0.06800007820129395
ring,200,1500000.0,1,15,exclude,launch,0,0.0,prior,0.0,cluster_patrol,12600.0,43200.0,7486685.737765592,0,6040331.65897903,1446354.0787865603,0,0,0.0,0,4.866811022269892,2.838156671653091,7885.600957923348,6763.016746975643,1.1659886782699027,2.0839301730046467,352.47138598496514,0.0,0.15384615384615385,0.0,7.209451459377072,65.2,0.36705882352941177,10661.053747640066,10,0.10799956321716309
ring,200,1500000.0,7,15,exclude,launch,0,0.0,prior,0.0,cluster_patrol,12600.0,43200.0,33371372.411985025,0,31402170.016776767,1969202.3952082582,0,200,1.0,200,4.866811022269892,1200000000000000.0,7885.600957923348,0.0,7885600957923.348,1.0000018257418584,1e-09,0.0,0.0,1.0,0.0,0.0,0.0,6473592000000011.0,471,0.06250882148742676
ring,100,3000000.0,3,13,exclude,launch,0,0.0,prior,0.0,cyc,12600.0,43200.0,521889.64759320824,0,460760.9914469894,61128.656146218775,0,0,0.0,0,9.684815272979659,6.001330679151213,7927.020400330289,6591.681345675335,1.2025794307443338,2.022302994511504,313.53102377615653,0.0,0.0,0.0,3.6005761434325425,33.357142857142854,0.945,1795.2948675941234,56,1.931089162826538
ring,100,3000000.0,3,15,exclude,launch,0,0.0,prior,0.0,cyc,12600.0,43200.0,536216.5297981668,0,476341.6068049174,59874.922993249435,0,0,0.0,0,9.581630380623276,6.037401515629255,8015.976421067365,6552.768474872663,1.2232961460191274,2.0221580842656204,313.44214476886896,0.0,0.0,0.0,3.561255421485998,32.50877192982456,0.9521531100478469,1813.2971222356612,57,1.5293829441070557
ring,200,1500000.0,1,15,exclude,launch,0,0.0,prior,0.0,cyc_sector0,12600.0,43200.0,7486685.737765592,0,6040331.65897903,1446354.0787865603,0,0,0.0,0,4.866811022269892,2.838156671653091,7885.600957923348,6763.016746975643,1.1659886782699027,2.0839301730046467,352.47138598496514,0.0,0.15384615384615385,0.0,7.209451459377072,65.2,0.36705882352941177,10661.053747640066,10,0.1119999885559082
ring,200,1500000.0,7,15,exclude,launch,0,0.0,prior,0.0,cyc_sector0,12600.0,43200.0,33371372.411985025,0,31402170.016776767,1969202.3952082582,0,200,1.0,200,4.866811022269892,1200000000000000.0,7885.600957923348,0.0,7885600957923.348,1.0000018257418584,1e-09,0.0,0.0,1.0,0.0,0.0,0.0,6473592000000011.0,471,0.06699991226196289
ring,200,3000000.0,3,13,exclude,launch,0,0.0,prior,0.0,cluster_patrol,12600.0,43200.0,1373803.4037039152,0,1171052.9556900184,202750.4480138966,0,0,0.0,0,9.703703202010994,6.069196618792374,7910.9419020655405,6461.491056003159,1.2243214195453762,2.039980576180076,324.467879649553,0.0,0.0,0.0,4.256357286135465,66.17021276595744,0.9324009324009324,2122.47784802303,47,0.26868677139282227
ring,200,1500000.0,7,13,exclude,launch,0,0.0,prior,0.0,cyc,12600.0,43200.0,32196983.397023413,0,30129401.753671423,2067581.643351989,0,200,1.0,200,4.851851601005497,1200000000000000.0,7910.9419020655405,0.0,7910941902065.54,1.0000018257418584,1e-09,0.0,0.0,1.0,0.0,0.0,0.0,6473592000000011.0,471,1.973069667816162
ring,100,3000000.0,3,14,exclude,launch,0,0.0,prior,0.0,cyc,12600.0,43200.0,528667.2833679364,0,474815.6276127786,53851.65575515772,0,0,0.0,0,9.713879099642634,6.050097488314632,7902.3055066583165,6533.866488885686,1.209437860430786,2.0237523137541515,314.42063997509365,0.0,0.0,0.0,3.4660727651067575,33.440677966101696,0.9187817258883249,1710.0333140294758,59,2.613797187805176
ring,200,3000000.0,3,13,exclude,launch,0,0.0,prior,0.0,cyc_sector0,12600.0,43200.0,1341664.0125144126,0,1154728.2573600456,186935.75515436707,0,0,0.0,0,9.703703202010994,5.9698131358759206,7910.9419020655405,6568.638769297717,1.20435027406924,2.0401113426481023,324.5494815315713,0.0,0.0,0.0,4.2808558947216095,66.65957446808511,0.9334862385321101,2099.8063521984195,47,0.2605156898498535
ring,200,3000000.0,2,14,exclude,launch,0,0.0,prior,0.0,cluster_patrol,12600.0,43200.0,2298995.6697902074,0,1888438.2111325178,410557.4586576896,0,0,0.0,0,9.650009876264267,6.010875112682969,7956.813622554527,6495.894704402601,1.2248987991079636,2.0488648208815166,330.03522374484476,0.0,0.0,0.0,6.805420703371833,99.8,0.896551724137931,3404.1463204472607,20,0.16300010681152344
ring,200,1500000.0,7,14,exclude,launch,0,0.0,prior,0.0,cyc,12600.0,43200.0,32636367.99505785,0,30643262.3182468,1993105.6768110497,0,200,1.0,200,4.825004938132134,1200000000000000.0,7956.813622554527,0.0,7956813622554.526,1.0000018257418584,1e-09,0.0,0.0,1.0,0.0,0.0,0.0,6473592000000011.0,471,1.9512171745300293
ring,200,3000000.0,2,14,exclude,launch,0,0.0,prior,0.0,cyc_sector0,12600.0,43200.0,2356268.5239335867,0,1873334.1296237116,482934.394309875,0,0,0.0,0,9.650009876264267,6.0453637541548355,7956.813622554527,6459.0351936647585,1.2318888787537248,2.0488015700269546,329.9954199873013,0.0,0.0,0.0,6.815426902293919,100.0,0.8942065491183879,3372.104780024008,19,0.1640002727508545
ring,200,3000000.0,3,14,exclude,launch,0,0.0,prior,0.0,cyc_sector0,12600.0,43200.0,1468837.7019859427,0,1259777.1423205417,209060.5596654012,0,0,0.0,0,9.650009876264267,5.845500153643562,7956.813622554527,6715.930820668508,1.1847670613382675,2.0378025286658366,323.11022655156114,0.0,0.0,0.0,4.5820119396001955,66.69047619047619,0.934010152284264,2217.965792453294,42,0.24066495895385742
ring,200,1500000.0,7,15,exclude,launch,0,0.0,prior,0.0,cyc,12600.0,43200.0,33371372.411985025,0,31402170.016776767,1969202.3952082582,0,200,1.0,200,4.866811022269892,1200000000000000.0,7885.600957923348,0.0,7885600957923.348,1.0000018257418584,1e-09,0.0,0.0,1.0,0.0,0.0,0.0,6473592000000011.0,471,1.999389410018921
ring,200,3000000.0,3,15,exclude,launch,0,0.0,prior,0.0,cluster_patrol,12600.0,43200.0,1426878.8983140688,0,1240316.9753770607,186561.92293700814,0,0,0.0,0,9.733622044539784,6.024074918817329,7885.600957923348,6506.875681455667,1.2118874470580392,2.0409253185798226,325.0576556581517,0.0,0.0,0.0,4.334157041927062,66.19148936170212,0.9278846153846154,2158.1794732506764,47,0.24701547622680664
paper,200,1500000.0,9,15,exclude,launch,0,0.0,prior,0.0,cyc,12600.0,43200.0,14572260.37399368,0,12547773.572872318,2024486.8011213606,0,87,0.9452814676534648,110,4.9737073242025795,5.769890990609629,7708.957334908408,3423.2596825660785,2.251934720047229,2.0251282776025596,315.26639566211725,0.0,0.0,0.0,0.8835568963174647,3.5482456140350878,0.492776886035313,2693.301856061708,684,9.371257305145264
ring,200,3000000.0,3,15,exclude,launch,0,0.0,prior,0.0,cyc_sector0,12600.0,43200.0,1427132.0030000447,0,1231175.4939259551,195956.5090740895,0,0,0.0,0,9.733622044539784,6.023770203844095,7885.600957923348,6507.85810237886,1.2117045015226857,2.040720447655686,324.92971505059546,0.0,0.0,0.0,4.378327630000074,66.65217391304348,0.9256594724220624,2210.339866880924,46,0.23999977111816406
core,200,3000000.0,31,13,exclude,launch,0,0.0,prior,0.0,cyc,12600.0,43200.0,194856.10209247386,0,187328.08485791835,7528.017234555489,0,1,0.435667821925193,18,9.5786309571142,37.62441126830929,8018.59089865545,1060.0509350494458,7.564344913559672,2.005827312174164,303.50657457465087,0.0,0.0,0.0,0.40578333802369887,6.797739672642245,0.9906103286384976,186.82172823447755,5132,30.87869381904602
core,200,3000000.0,32,13,exclude,launch,0,0.0,prior,0.0,cyc,12600.0,43200.0,351258.03388662875,0,337043.08058508276,14214.95330154594,0,2,0.6668177678709151,26,9.5786309571142,33.61925826708174,8018.59089865545,1186.0977736875511,6.760480524068291,2.006232995586113,303.7514524218605,0.0,0.0,0.0,0.418673746525905,6.547136735488897,0.9835680751173709,194.1111713152913,5134,30.52467918395996
paper,200,3000000.0,3,13,exclude,launch,0,0.0,prior,0.0,cyc,12600.0,43200.0,3026958.1360388547,0,1753397.5742499642,1273560.5617888905,0,0,0.0,0,9.293672332828969,12.323804957306972,8274.674043622275,3196.5617479271523,2.588616987920876,2.0307762353701087,318.74989422113197,0.0,0.03636363636363636,0.0,5.046540256554179,52.675,0.6434689507494646,3237.6703279548256,40,10.078022003173828
ring,200,1500000.0,1,13,exclude,launch,0,0.0,prior,0.0,cyc,12600.0,43200.0,6816758.721249722,0,5437607.144259945,1379151.5769897774,0,0,0.0,0,4.851851601005497,2.789432285117375,7910.9419020655405,6867.195050297254,1.151990273193581,2.088164870317783,355.2308354981152,0.0,0.15384615384615385,0.0,7.1956812830790104,70.44444444444444,0.4318181818181818,9848.51332870485,9,5.448786973953247
core,200,3000000.0,33,13,exclude,launch,0,0.0,prior,0.0,cyc,12600.0,43200.0,609527.6005574526,0,582501.9437363711,27025.65682108144,0,5,0.8094462333555688,31,9.5786309571142,34.28357572946274,8018.59089865545,1162.3395744363343,6.8986646200564845,2.0075707085662264,304.55961982819446,0.0,0.0,0.011529203091346764,0.36199146968781487,6.209118438761776,0.9787735849056604,176.69511896918354,5944,29.61201310157776
paper,200,1500000.0,8,14,exclude,launch,0,0.0,prior,0.0,cyc,12600.0,43200.0,11004187.901235908,0,9244481.870996505,1759706.030239405,0,47,0.8445712086166118,59,4.629302721230921,5.702201901105017,8307.276799279487,3453.742889735088,2.405296822751238,2.031081717476735,318.938852434432,0.0,0.0,0.0,0.9595340522263734,4.4132379248658316,0.6038356164383561,2660.709566214285,559,13.011704683303833
core,200,3000000.0,34,13,exclude,launch,0,0.0,prior,0.0,cyc,12600.0,43200.0,1643625.0039489544,0,1538212.8361718713,105412.16777708319,0,12,0.937903573063147,40,9.5786309571142,35.75282735143021,8018.59089865545,1115.383980735196,7.189085585907431,2.006112077145651,303.678453533501,0.0,0.0,0.0,0.3703333275132214,5.946055402559534,0.9457547169811321,177.53439376836462,6173,27.51285147666931
ring,200,1500000.0,1,15,exclude,launch,0,0.0,prior,0.0,cyc,12600.0,43200.0,7313696.085185564,0,5925202.107450601,1388493.9777349627,0,0,0.0,0,4.866811022269892,2.927115642889698,7885.600957923348,6559.576806014988,1.202150869045763,2.0832639042645056,352.0382058847141,0.0,0.15384615384615385,0.0,7.215087197439941,65.7,0.35764705882352943,10588.189880648577,10,5.503748655319214
ring,200,1500000.0,1,14,exclude,launch,0,0.0,prior,0.0,cyc,12600.0,43200.0,7280041.311806367,0,5809674.787970484,1470366.5238358828,0,0,0.0,0,4.825004938132134,2.681862904311203,7956.813622554527,7169.083400165031,1.109878791809196,2.080461989265033,350.21943307396583,0.0,0.07692307692307693,0.0,7.252671697718627,65.2,0.3620689655172414,10724.966139108605,10,6.37300181388855
paper,200,3000000.0,3,15,exclude,launch,0,0.0,prior,0.0,cyc,12600.0,43200.0,2336527.2178448127,0,1429191.6517479948,907335.566096818,0,0,0.0,0,9.947414648405159,19.140894929005867,7708.957334908408,2059.240928104062,3.7435917428107968,2.029647351212181,318.0521003574779,0.0,0.03333333333333333,0.0,4.69057894077925,59.20454545454545,0.696215655780197,2612.9526542883664,44,12.508343935012817
ring,200,3000000.0,3,13,exclude,launch,0,0.0,prior,0.0,cyc,12600.0,43200.0,1317143.418174615,0,1141459.8892036346,175683.52897098023,0,0,0.0,0,9.703703202010994,5.965223881477594,7910.9419020655405,6572.841982513224,1.203580113916062,2.0403752534452195,324.71420039436134,0.0,0.0,0.0,4.219555006397135,66.16666666666667,0.9518348623853211,2094.801515765579,48,7.602267503738403
paper,200,3000000.0,3,14,exclude,launch,0,0.0,prior,0.0,cyc,12600.0,43200.0,2600754.492148572,0,1616271.8007971498,984482.6913514225,0,0,0.0,0,9.258605442461842,21.270720482178298,8307.276799279487,1853.277190183881,4.482479384778509,2.0293988309446327,317.89858594505273,0.0,0.01694915254237288,0.0,4.713901715625111,60.348837209302324,0.6863780359028511,2587.6941756158203,43,14.736307144165039
ring,200,3000000.0,3,14,exclude,launch,0,0.0,prior,0.0,cyc,12600.0,43200.0,1361543.660549405,0,1180516.9415075656,181026.71904183933,0,0,0.0,0,9.650009876264267,5.974032687785442,7956.813622554527,6568.682294260387,1.2113256915328463,2.0386568718755207,323.64242924827266,0.0,0.0,0.0,4.25964971909815,65.8936170212766,0.9280397022332506,2155.745718377392,47,8.167996406555176
ring,200,3000000.0,2,14,exclude,launch,0,0.0,prior,0.0,cyc,12600.0,43200.0,2206633.8017367003,0,1793955.3365068615,412678.46522983874,0,0,0.0,0,9.650009876264267,6.062772448273825,7956.813622554527,6438.746836023096,1.2357705350423542,2.04935581871939,330.34429028407226,0.0,0.0,0.0,6.473275149316422,98.28571428571429,0.8888888888888888,3276.873093424281,21,8.747996091842651
ring,200,3000000.0,3,15,exclude,launch,0,0.0,prior,0.0,cyc,12600.0,43200.0,1373401.0887343888,0,1220757.122815117,152643.96591927175,0,0,0.0,0,9.733622044539784,6.080278776395337,7885.600957923348,6447.254355026644,1.2230944404691104,2.040758861421823,324.9537022884149,0.0,0.0,0.0,4.327398365628423,66.43478260869566,0.9202898550724637,2162.341149791621,46,8.557044982910156
core,200,3000000.0,3,14,exclude,launch,0,0.0,prior,0.0,cyc,12600.0,43200.0,691089.5550218963,0,619250.4432442962,71839.11177759996,0,0,0.0,0,9.792960241420158,131.18807136061466,7835.800210335435,300.80220051116834,26.04967715335747,2.027284176411287,316.59383373150513,0.0,0.0,0.0,2.093601275837145,65.21875,0.9672544080604534,1055.9868918750437,96,32.36797881126404
core,200,3000000.0,21,15,exclude,launch,0,0.0,prior,0.0,cyc,12600.0,43200.0,202681.96186833765,0,190143.46102659957,12538.500841738052,0,1,0.38271539927366394,1,11.706709924993959,43.62253827300923,6500.354398964457,913.2528872044795,7.117803283231243,2.0081123206945817,304.8871353408644,0.0,0.0,0.02021563342318059,0.401239411330853,9.95344673231871,0.972972972972973,195.94183947388404,3351,31.053184509277344
core,200,3000000.0,22,15,exclude,launch,0,0.0,prior,0.0,cyc,12600.0,43200.0,200589.47013136747,0,188111.22425377273,12478.245877594734,0,1,0.3867341780241501,1,11.706709924993959,45.106603628436666,6500.354398964457,883.4240002924537,7.358136519737457,2.0076160814733712,304.5870502931254,0.0,0.0,0.01892744479495268,0.3944530016367933,9.478066499022074,0.980246913580247,192.17351509229948,3579,32.20118236541748
core,200,3000000.0,19,15,exclude,launch,0,0.0,prior,0.0,cyc,12600.0,43200.0,205591.82964530072,0,193188.4019858241,12403.427659476607,0,1,0.3773240946753124,1,11.706709924993959,47.04964120869868,6500.354398964457,846.6740077998627,7.677517366874234,2.0082484644730756,304.96948983369447,0.0,0.0,0.02320185614849188,0.4145680721873072,11.19472963723477,0.9778869778869779,199.739116480859,2922,33.26420450210571
core,200,3000000.0,20,15,exclude,launch,0,0.0,prior,0.0,cyc,12600.0,43200.0,203388.1727154243,0,190976.97593985318,12411.196775571116,0,1,0.38141024268779383,1,11.706709924993959,46.3508732929282,6500.354398964457,859.5320380865337,7.562666789518823,2.008029074709021,304.8367846376175,0.0,0.0,0.021567217828900073,0.40636168809122036,10.607199745141765,0.9778869778869779,196.18537354364713,3139,33.03969669342041
core,50,1500000.0,1,13,exclude,launch,0,0.0,prior,0.0,cluster_patrol,12600.0,43200.0,286077.37399559945,0,250724.7760210093,35352.59797459012,0,0,0.0,0,6.021408737951497,26.66484605389186,6309.630421624802,742.1437975539411,8.501897398349138,2.021309645657758,312.92201769407274,0.0,0.0,0.0,3.945760583721316,50.0,0.95,1902.1564791580372,17,0.07151150703430176
core,50,1500000.0,1,13,exclude,launch,0,0.0,prior,0.0,cyc_sector0,12600.0,43200.0,286077.37399559945,0,250724.7760210093,35352.59797459012,0,0,0.0,0,6.021408737951497,26.66484605389186,6309.630421624802,742.1437975539411,8.501897398349138,2.021309645657758,312.92201769407274,0.0,0.0,0.0,3.945760583721316,50.0,0.95,1902.1564791580372,17,0.06699824333190918
core,100,1500000.0,1,15,exclude,launch,0,0.0,prior,0.0,cluster_patrol,12600.0,43200.0,956151.7725994393,0,786123.2202489433,170028.55235049597,0,0,0.0,0,5.823713537682201,63.83070765116827,6535.136370950874,307.02045643724216,21.285670820721734,2.041094061347214,325.1630533717311,0.0,0.0,0.0,6.09608133502357,100.0,0.9077669902912622,2938.7745056628223,11,0.0989995002746582
core,100,1500000.0,1,14,exclude,launch,0,0.0,prior,0.0,cluster_patrol,12600.0,43200.0,1006113.7772452271,0,844936.5492405257,161177.22800470144,0,0,0.0,0,5.989176269992355,49.33279741315898,6345.381434240381,396.7789761689586,15.992231986450705,2.0435044890058784,326.67048557262586,0.0,0.0,0.0,6.177894573280142,100.0,0.8974358974358975,2978.214704308598,11,0.10399961471557617
core,50,3000000.0,3,14,exclude,launch,0,0.0,prior,0.0,cluster_patrol,12600.0,43200.0,117059.97267231651,0,109297.17263242137,7762.800039895145,0,0,0.0,0,11.675778910862638,15.533132334836617,6518.4579356475715,2560.7803085398446,2.5454967432815008,2.011215573158652,306.76708061957436,0.0,0.0,0.0,1.3593817885826556,15.513513513513514,0.9649122807017544,707.2206364109386,148,0.19199776649475098
core,50,3000000.0,3,15,exclude,launch,0,0.0,prior,0.0,cluster_patrol,12600.0,43200.0,96378.6355474068,0,91124.4083027266,5254.227244680196,0,0,0.0,0,10.639119231666244,14.603462899847019,7186.086109009999,2723.6698244284516,2.6383837147066687,2.01131307122511,306.82623840922946,0.0,0.0,0.0,1.3941422572076292,17.15277777777778,0.9672131147540983,657.0286922124616,144,0.20699810981750488
core,50,3000000.0,3,14,exclude,launch,0,0.0,prior,0.0,cyc_sector0,12600.0,43200.0,94441.74391476689,0,88063.4032982841,6378.340616482784,0,0,0.0,0,11.675778910862638,74.82962200134995,6518.4579356475715,532.5330892678519,12.240474943274252,2.0075660258465975,304.55678893209205,0.0,0.0,0.0,1.116164805934741,16.662983425414364,0.9652173913043478,548.7600681942608,181,0.22699761390686035
core,50,3000000.0,4,14,exclude,launch,0,0.0,prior,0.0,cluster_patrol,12600.0,43200.0,92152.29573969662,0,87153.53094679523,4998.764792901398,0,0,0.0,0,11.675778910862638,19.22946904102993,6518.4579356475715,2071.163883692666,3.1472439177656244,2.0086683187252676,305.22353316001727,0.0,0.0,0.0,1.0470851902418852,11.546875,0.9736842105263158,553.8413974433912,256,0.25099754333496094
core,50,3000000.0,3,15,exclude,launch,0,0.0,prior,0.0,cyc_sector0,12600.0,43200.0,94494.7641968013,0,88193.34465281357,6301.419543987733,0,0,0.0,0,10.639119231666244,47.1155340363371,7186.086109009999,845.6154390485981,8.498054525938013,2.0079503287229565,304.78915955181486,0.0,0.0,0.0,1.1705642251345902,16.796511627906977,0.9754098360655737,564.3979386963036,172,0.23099780082702637
core,50,3000000.0,4,13,exclude,launch,0,0.0,prior,0.0,cyc_sector0,12600.0,43200.0,71275.52779514984,0,68436.62112492808,2838.9066702217606,0,0,0.0,0,12.042817475902995,70.5960880439598,6309.630421624802,564.9493630928605,11.168488423603533,2.0058563494835573,303.5240987389164,0.0,0.0,0.0,0.9873600722497334,12.569343065693431,0.9801980198019802,479.3474652588317,274,0.27399706840515137
core,50,3000000.0,4,13,exclude,launch,0,0.0,prior,0.0,cluster_patrol,12600.0,43200.0,65909.78490110877,0,63286.1961534299,2623.5887476788675,0,0,0.0,0,12.042817475902995,20.811278686000126,6309.630421624802,1913.9514357110045,3.2966512649684176,2.0084466872331883,305.0894162974776,0.0,0.0,0.0,1.0187893312970442,12.928030303030303,1.0,478.27518602072996,264,0.2859976291656494
core,100,3000000.0,3,13,exclude,launch,0,0.0,prior,0.0,cluster_patrol,12600.0,43200.0,292547.2125168838,0,274578.25099579804,17968.961521085763,0,0,0.0,0,10.8501829170014,12.345053818426566,7039.814254312048,3205.7845621697024,2.195972348668197,2.021448429465579,313.0070682173093,0.0,0.0,0.0,1.857534566480323,28.833333333333332,0.9695431472081218,1048.8646759136907,108,0.26399970054626465
core,100,3000000.0,3,14,exclude,launch,0,0.0,prior,0.0,cyc_sector0,12600.0,43200.0,252480.93859205386,0,238170.21855961988,14310.720032433997,0,0,0.0,0,11.97835253998471,86.31709077028556,6345.381434240381,459.86209382826075,13.798444184464822,2.0154200749888247,309.323378607093,0.0,0.0,0.0,1.6395893340117311,33.24193548387097,0.9538461538461539,802.0097155186797,124,0.2969965934753418
core,100,3000000.0,3,15,exclude,launch,0,0.0,prior,0.0,cyc_sector0,12600.0,43200.0,239495.88520439906,0,224918.17811591702,14577.707088482068,0,0,0.0,0,11.647427075364401,123.0613125648247,6535.136370950874,322.725466807673,20.249831646677773,2.0143512686045755,308.67254883591363,0.0,0.0,0.0,1.6330445133724307,33.45967741935484,0.9711538461538461,794.1458302841693,124,0.320997953414917
core,100,3000000.0,4,13,exclude,launch,0,0.0,prior,0.0,cluster_patrol,12600.0,43200.0,194992.59771902242,0,185571.20899352693,9421.388725495526,0,0,0.0,0,10.8501829170014,19.996721744578384,7039.814254312048,1985.825840705172,3.545031044521101,2.014605549271574,308.82732618380163,0.0,0.0,0.0,1.4337416335326174,24.829787234042552,0.9696969696969697,706.1094465364838,188,0.33700084686279297
core,100,3000000.0,3,13,exclude,launch,0,0.0,prior,0.0,cyc_sector0,12600.0,43200.0,230691.05196759227,0,218117.55257683914,12573.49939075314,0,0,0.0,0,10.8501829170014,138.17818411692244,7039.814254312048,287.4097153730543,24.494002386712832,2.0144155318337678,308.71166136767596,0.0,0.0,0.0,1.5758694460922114,33.37007874015748,0.9747474747474747,770.5675149486348,127,0.3380007743835449
core,200,3000000.0,2,13,exclude,launch,0,0.0,prior,0.0,cluster_patrol,12600.0,43200.0,1312935.7685162888,0,1140615.9059559174,172319.8625603713,0,0,0.0,0,9.5786309571142,123.50223864457897,8018.59089865545,317.2904917427662,25.27208065584355,2.041540967806168,325.4422762855828,0.0,0.0,0.0,4.224992646152568,100.6774193548387,0.9297423887587822,2067.8248864692214,31,0.23100018501281738
core,200,3000000.0,2,13,exclude,launch,0,0.0,prior,0.0,cyc_sector0,12600.0,43200.0,1347721.4608397975,0,1157025.0271889188,190696.43365087896,0,0,0.0,0,9.5786309571142,123.74290106420563,8018.59089865545,316.66018665260697,25.32238417282394,2.0416261986065782,325.49554128707723,0.0,0.0,0.0,4.176819908374397,100.0,0.9465116279069767,2042.5459819862417,32,0.2690002918243408
core,200,3000000.0,2,14,exclude,launch,0,0.0,prior,0.0,cluster_patrol,12600.0,43200.0,1252045.760464649,0,1091422.6690491023,160623.09141554663,0,0,0.0,0,9.792960241420158,124.97028881858428,7835.800210335435,313.80743970987487,24.970090631311628,2.039952137549391,324.4501345180642,0.0,0.0,0.0,3.9871473674037454,100.82352941176471,0.947103274559194,1942.0627412821902,34,0.2800002098083496
core,200,3000000.0,3,13,exclude,launch,0,0.0,prior,0.0,cluster_patrol,12600.0,43200.0,1040128.8846312067,0,924232.8777095664,115896.00692164029,0,0,0.0,0,9.5786309571142,9.029749476986515,8018.59089865545,4339.074806992764,1.8479955417530145,2.041818564160717,325.61577618896933,0.0,0.0,0.0,2.514797334544078,48.31645569620253,0.9532710280373832,1732.1308013110356,79,0.3189997673034668
core,200,3000000.0,3,14,exclude,launch,0,0.0,prior,0.0,cluster_patrol,12600.0,43200.0,1021267.5112489073,0,912560.933046283,108706.57820262422,0,0,0.0,0,9.792960241420158,9.63753495033994,7835.800210335435,4069.0193525736227,1.9257220306360432,2.0400192502071994,324.4920122404636,0.0,0.0,0.0,2.4875035475583527,50.207317073170735,0.9622166246851386,1612.2917193514295,82,0.3429992198944092
core,200,3000000.0,3,13,exclude,launch,0,0.0,prior,0.0,cyc_sector0,12600.0,43200.0,774415.3968379719,0,700602.9059086004,73812.49092937155,0,0,0.0,0,9.5786309571142,135.2019575112064,8018.59089865545,291.7358719186085,27.485789957611246,2.028229868769486,317.17699890891447,0.0,0.0,0.0,2.454466923642171,66.77777777777777,0.9533799533799534,1225.2948532874836,81,0.3970005512237549
core,200,3000000.0,3,15,exclude,launch,0,0.0,prior,0.0,cluster_patrol,12600.0,43200.0,1065393.2411931625,0,962777.1048503871,102616.13634277538,0,0,0.0,0,11.706709924993959,10.662753506436314,6500.354398964457,3672.5484591983018,1.7699846499461713,2.0429281012633407,326.3097073214271,0.0,0.0,0.0,2.2643549287204285,45.34444444444444,0.946987951807229,1620.6859738684911,90,0.34200286865234375
paper,50,1500000.0,8,13,exclude,launch,0,0.0,prior,0.0,cyc_sector0,12600.0,43200.0,3046253.0487236762,0,2680287.3244330017,365965.72429067455,0,16,0.9578116085965087,22,4.616046259841628,5.322155758825083,8332.091090158548,3739.480934510306,2.2281410805614006,2.009838158729532,305.9319320478756,0.0,0.0,0.0,0.9440838446395448,2.508771929824561,0.6786570743405276,1146.6039888480932,570,0.17270946502685547
paper,50,1500000.0,9,13,exclude,launch,0,0.0,prior,0.0,cyc_sector0,12600.0,43200.0,4762823.685825568,0,4137625.2564130556,625198.4294125116,0,24,0.9860002287184216,30,4.616046259841628,6.3507418944532,8332.091090158548,3136.027770941457,2.656893273511158,2.0084250471225524,305.0763226992366,0.0,0.0,0.09611231101511879,0.77391678316534,1.9841726618705036,0.5443645083932853,1183.000783084455,695,0.17670702934265137
core,200,3000000.0,4,15,exclude,launch,0,0.0,prior,0.0,cluster_patrol,12600.0,43200.0,670803.1333491559,0,622912.3284959429,47890.80485321295,0,0,0.0,0,11.706709924993959,16.425980355098947,6500.354398964457,2400.0419066943573,2.7084337072753746,2.02927013094396,317.819100736019,0.0,0.0,0.0,1.8189758346971625,42.333333333333336,0.9444444444444444,1067.0253973563715,147,0.5197088718414307
paper,50,3000000.0,2,13,exclude,launch,0,0.0,prior,0.0,cluster_patrol,12600.0,43200.0,459474.53650006594,0,308195.6134785086,151278.9230215574,0,0,0.0,0,9.232092519683256,12.022121752721665,8332.091090158548,3307.6999765971937,2.518998442757862,2.0117905086750136,307.1160100334529,0.0,0.0,0.0,4.314163218320931,24.612903225806452,0.7577197149643705,2114.8510917564477,31,0.06800031661987305
paper,50,3000000.0,2,13,exclude,launch,0,0.0,prior,0.0,cyc_sector0,12600.0,43200.0,400827.04308065574,0,274795.1870460125,126031.85603464325,0,0,0.0,0,9.232092519683256,17.90007931414584,8332.091090158548,2222.1256643872493,3.7496039147075515,2.011251663921196,306.7889783350164,0.0,0.0,0.0,3.8710635609104864,25.0,0.7775175644028103,1910.596988708838,34,0.07351064682006836
paper,50,3000000.0,2,14,exclude,launch,0,0.0,prior,0.0,cluster_patrol,12600.0,43200.0,375411.96122604964,0,246427.72869882343,128984.23252722621,0,0,0.0,0,9.331496953138329,34.312771221812234,8239.782041589951,1159.1830575229194,7.1082664537883264,2.011324609499068,306.83323973353293,0.0,0.0,0.0,3.7471439533968476,25.0,0.8181818181818182,1853.6403233093172,36,0.08651018142700195
paper,50,3000000.0,3,14,exclude,launch,0,0.0,prior,0.0,cluster_patrol,12600.0,43200.0,267593.94594872143,0,182690.78634808282,84903.15960063865,0,0,0.0,0,9.331496953138329,18.215785111568355,8239.782041589951,2186.430531903016,3.7685999721282,2.008659898737399,305.2184373962821,0.0,0.0,0.0,2.468795452474649,15.506172839506172,0.8376470588235294,1308.5295568514814,81,0.11950874328613281
paper,50,3000000.0,2,14,exclude,launch,0,0.0,prior,0.0,cyc_sector0,12600.0,43200.0,353509.95734486805,0,240247.17504690748,113262.78229796057,0,0,0.0,0,9.331496953138329,26.060514653283143,8239.782041589951,1525.9343424238082,5.399827379533123,2.011736759395353,307.083381093543,0.0,0.0,0.0,3.3583593611007894,25.0,0.8158508158508159,1613.4989580725564,41,0.0839996337890625
paper,50,3000000.0,2,15,exclude,launch,0,0.0,prior,0.0,cluster_patrol,12600.0,43200.0,444009.4498431485,0,287231.9600389067,156777.4898042418,0,0,0.0,0,9.99931808206301,28.072169599074517,7667.212238219762,1416.2252800183817,5.413836588286467,2.012248746710547,307.3942575651221,0.0,0.0,0.0,3.809539381368206,23.333333333333332,0.7668845315904139,2008.3527543006037,36,0.07700085639953613
paper,50,3000000.0,2,13,exclude,launch,0,0.0,prior,0.0,cyc,12600.0,43200.0,400827.04308065574,0,274795.1870460125,126031.85603464325,0,0,0.0,0,9.232092519683256,17.90007931414584,8332.091090158548,2222.1256643872493,3.7496039147075515,2.011251663921196,306.7889783350164,0.0,0.0,0.0,3.8710635609104864,25.0,0.7775175644028103,1910.596988708838,34,0.7110195159912109
core,100,1500000.0,17,13,exclude,launch,0,0.0,prior,0.0,cyc_sector0,12600.0,43200.0,1602207.152205294,0,1502263.168083733,99943.98412156083,0,11,0.9564707393101491,23,5.4250914585007,21.213659367604,7039.814254312048,940.6846361136209,7.483713440241351,2.0044736401093326,302.6901881023479,0.0,0.0,0.0,0.386115724140775,4.322972972972973,0.868020304568528,254.13145272886223,2960,1.6187286376953125
paper,50,3000000.0,2,15,exclude,launch,0,0.0,prior,0.0,cyc_sector0,12600.0,43200.0,389985.16485018685,0,258634.37700570788,131350.78784447894,0,0,0.0,0,9.99931808206301,32.10568875176335,7667.212238219762,1238.3987397490848,6.191230653039292,2.012090425562363,307.29810885450144,0.0,0.0,0.0,3.687615157481845,25.0,0.7743362831858407,1805.9898522173098,37,0.07399964332580566
core,100,1500000.0,17,13,exclude,launch,0,0.0,prior,0.0,cluster_patrol,12600.0,43200.0,1570651.6068120645,0,1472435.6174712288,98215.98934083589,0,10,0.9450694959876822,23,5.4250914585007,17.374106488970362,7039.814254312048,1146.8697576101172,6.138285718669426,2.0074438731175195,304.4829472446086,0.0,0.0,0.022080471050049066,0.3504386567945419,4.690352020860495,0.868020304568528,226.5983313335689,3068,1.716728687286377
paper,50,1500000.0,8,13,exclude,launch,0,0.0,prior,0.0,cyc,12600.0,43200.0,2991827.5323121483,0,2662306.6855978454,329520.84671430266,0,16,0.9674967127461175,22,4.616046259841628,5.290717921864568,8332.091090158548,3762.982723868108,2.2142251776254995,2.009153690467568,305.5173512952934,0.0,0.0,0.0,0.9599602146191293,2.7023172905525845,0.6864608076009501,1083.0708403709457,561,1.1777305603027344
core,200,1500000.0,13,14,exclude,launch,0,0.0,prior,0.0,cyc_sector0,12600.0,43200.0,532705.0045063152,0,497246.3022729526,35458.70223336252,0,1,0.5134933401219396,1,4.896480120710079,17.100900794110455,7835.800210335435,1163.407504260256,6.735215461170478,2.0105234503309513,306.3472931006311,0.0,0.0,0.0,0.577630527512791,10.78505291005291,0.9822335025380711,400.2403625692121,1512,1.6407299041748047
core,200,1500000.0,13,14,exclude,launch,0,0.0,prior,0.0,cluster_patrol,12600.0,43200.0,550569.0353253069,0,513220.6652971143,37348.370028192636,0,1,0.4968322853500076,1,4.896480120710079,15.479334633234522,7835.800210335435,1283.4848084733876,6.10509774529825,2.0133392942257036,308.056957566554,0.0,0.0,0.04457652303120357,0.5315683510900137,11.533289386947924,0.9720812182741116,373.21476066826335,1517,1.7127299308776855
core,200,1500000.0,17,15,exclude,launch,0,0.0,prior,0.0,cyc_sector0,12600.0,43200.0,2669490.258199208,0,2568350.064258073,101140.1939411351,0,13,0.8878236541820652,38,5.853354962496979,14.197996377573839,6500.354398964457,1398.9420103114599,4.646621769202014,2.013878280189621,308.38475011207925,0.0,0.0,0.0,0.43884752273072125,5.074586697424068,0.9209876543209876,492.9991884749711,2601,1.621730089187622
core,50,1500000.0,1,13,exclude,launch,0,0.0,prior,0.0,cyc,12600.0,43200.0,244012.19498956285,0,219975.5419105874,24036.653078975432,0,0,0.0,0,6.021408737951497,25.799433884074148,6309.630421624802,766.9950275660076,8.226429370276191,2.0214232964601893,312.9916651654799,0.0,0.0,0.0,3.0599701612331103,45.77272727272727,0.9405940594059405,1611.3723862872635,22,1.900240421295166
paper,100,1500000.0,9,13,exclude,launch,0,0.0,prior,0.0,cluster_patrol,12600.0,43200.0,6410519.765639122,0,5465189.2554628495,945330.5101762724,0,39,0.9495965808198933,48,4.8468564258348,6.243367721996475,7919.438460522844,3173.4178186907266,2.495554923111325,2.0188954096889216,311.44435676554644,0.0,0.0,0.09803921568627451,0.7804552123237101,2.4281567489114657,0.5268456375838926,1952.9119504267387,689,0.2350001335144043
paper,100,1500000.0,10,13,exclude,launch,0,0.0,prior,0.0,cluster_patrol,12600.0,43200.0,8754672.615796722,0,7428474.00347887,1326198.6123178513,0,53,0.9808190712070372,63,4.8468564258348,6.83221419741545,7919.438460522844,2907.9662194483285,2.723359854580857,2.0133030924417348,308.0349471455948,0.0,0.0,0.07985803016858918,0.716332000784471,2.2880755608028336,0.4004424778761062,1688.4162359110314,847,0.26400136947631836
paper,100,3000000.0,2,13,exclude,launch,0,0.0,prior,0.0,cyc_sector0,12600.0,43200.0,1259051.8451406783,0,740521.4931372716,518530.3520034068,0,0,0.0,0,9.6937128516696,34.83934050510265,7919.438460522844,1136.2862544368775,6.969580446476114,2.020841763100753,312.63537158719623,0.0,0.0,0.0,5.828940611616168,50.0,0.6848290598290598,2875.1756330259363,24,0.08299946784973145
paper,100,3000000.0,2,13,exclude,launch,0,0.0,prior,0.0,cluster_patrol,12600.0,43200.0,1236272.0412711906,0,727849.9993791054,508422.0418920852,0,0,0.0,0,9.6937128516696,39.29165077238043,7919.438460522844,1007.5338612064043,7.860220649100806,2.0208313042190444,312.62896550206654,0.0,0.0,0.0,5.71798879598221,50.130434782608695,0.7122381477398015,2893.7090029806227,23,0.1080019474029541
paper,100,1500000.0,9,15,exclude,launch,0,0.0,prior,0.0,cluster_patrol,12600.0,43200.0,7219396.890633555,0,6173541.718863711,1045855.1717698441,0,42,0.954208807284554,59,4.910459184525673,7.2894671334412005,7812.5443731858395,2718.755332736767,2.8735739031439573,2.0183388649035354,311.10421313190625,0.0,0.0,0.20202020202020202,0.7030235268472542,2.252994011976048,0.498371335504886,2172.0064931179413,668,0.2065112590789795
paper,100,3000000.0,2,14,exclude,launch,0,0.0,prior,0.0,cluster_patrol,12600.0,43200.0,1358113.6803184028,0,796234.919397832,561878.7609205708,0,0,0.0,0,9.911461556919711,48.33745276970412,7738.130147665369,818.9408520978584,9.448948758439407,2.020941258086808,312.69631573916234,0.0,0.0,0.0,5.636856171919144,49.0,0.6887921653971708,2875.29803035106,24,0.10551166534423828
paper,50,3000000.0,2,15,exclude,launch,0,0.0,prior,0.0,cyc,12600.0,43200.0,360844.3127925679,0,249544.05084147936,111300.26195108854,0,0,0.0,0,9.99931808206301,32.070812595750915,7667.212238219762,1239.7404411456953,6.184530232097757,2.0120985799786775,307.30306067845663,0.0,0.0,0.0,3.593320982191835,24.97222222222222,0.7878103837471784,1746.3073997291144,36,0.7365117073059082
paper,50,1500000.0,9,13,exclude,launch,0,0.0,prior,0.0,cyc,12600.0,43200.0,4746831.925239467,0,4119190.15088005,627641.7743594173,0,24,0.9916233671763113,30,4.616046259841628,5.849728635343309,8332.091090158548,3408.278966289931,2.4446622980596024,2.0062688814050365,303.77311850524313,0.0,0.0,0.0,0.8729215187453232,2.6454413892908826,0.5358851674641149,894.5221616172389,691,1.357240915298462
paper,100,3000000.0,2,14,exclude,launch,0,0.0,prior,0.0,cyc_sector0,12600.0,43200.0,1310732.7890853856,0,770206.7291108866,540526.0599744989,0,0,0.0,0,9.911461556919711,85.43193202272867,7738.130147665369,463.41837267045463,16.697935610697282,2.0206751994649252,312.53335884082964,0.0,0.0,0.0,5.583736878484992,50.0,0.7030567685589519,2765.088147330495,24,0.10630464553833008
paper,100,1500000.0,10,15,exclude,launch,0,0.0,prior,0.0,cluster_patrol,12600.0,43200.0,10488649.018993536,0,9044986.902474761,1443662.1165187745,0,62,0.9886208789871825,68,4.910459184525673,8.038870818124217,7812.5443731858395,2472.755459145665,3.159448842501016,2.0122585076980384,307.4001859221178,0.0,0.0,0.15557476231633535,0.6185200682359875,2.0161104718066745,0.3696369636963696,1859.857631858444,869,0.25730276107788086
paper,50,3000000.0,2,14,exclude,launch,0,0.0,prior,0.0,cyc,12600.0,43200.0,317255.8360011612,0,222053.34115627393,95202.49484488725,0,0,0.0,0,9.331496953138329,38.32653902728699,8239.782041589951,1037.762103687346,7.9399527235698795,2.0113728164125337,306.8624921334663,0.0,0.0,0.0,3.1094179991499256,23.636363636363637,0.823394495412844,1630.383571237902,44,1.0448150634765625
paper,100,3000000.0,2,15,exclude,launch,0,0.0,prior,0.0,cluster_patrol,12600.0,43200.0,1272606.8131005403,0,720390.9066576874,552215.9064428528,0,0,0.0,0,9.820918369051347,40.73713199134644,7812.5443731858395,971.469993669565,8.041982175563923,2.021483244564914,313.0284056780591,0.0,0.0,0.0,5.147753128760919,45.15384615384615,0.6943866943866944,2802.214678442029,26,0.10930609703063965
paper,200,3000000.0,2,13,exclude,launch,0,0.0,prior,0.0,cluster_patrol,12600.0,43200.0,5652530.025574077,0,3031325.9373095026,2621204.0882645748,0,0,0.0,0,9.293672332828969,8.56696639601575,8274.674043622275,4564.4079902254425,1.8128690645845569,2.0458720380192217,328.15449597314387,0.0,0.08333333333333333,0.0,7.6089521332642285,67.5,0.4351395730706076,5496.047857220783,18,0.12079429626464844
paper,200,3000000.0,2,13,exclude,launch,0,0.0,prior,0.0,cyc_sector0,12600.0,43200.0,5508404.911102861,0,2985815.005710422,2522589.905392439,0,0,0.0,0,9.293672332828969,8.944177374898324,8274.674043622275,4373.549281366579,1.891981434592806,2.0451047583267155,327.67318676314255,0.0,0.08333333333333333,0.0,7.600972463118787,67.77777777777777,0.45339912280701755,5462.977323345208,18,0.13500118255615234
paper,200,3000000.0,2,15,exclude,launch,0,0.0,prior,0.0,cluster_patrol,12600.0,43200.0,5384529.966148817,0,2864428.7102365834,2520101.255912234,0,0,0.0,0,9.947414648405159,17.001993101505683,7708.957334908408,2303.1909931958894,3.34707688493151,2.0429615728433785,326.3306527283802,0.0,0.15384615384615385,0.0,7.039710248337722,70.05263157894737,0.4382198952879581,5038.810111010259,19,0.1269991397857666
ring,50,3000000.0,2,13,exclude,launch,0,0.0,prior,0.0,cluster_patrol,12600.0,43200.0,269791.457337017,0,236932.00502999575,32859.452307021245,0,0,0.0,0,9.583929771688203,5.798144079972683,8013.97324192218,6842.039646983392,1.1712842449627554,2.0165797299964403,310.0303042318907,0.0,0.0,0.0,3.727372350043671,25.0,0.9603960396039604,1873.8093985184971,36,0.0709998607635498
paper,200,3000000.0,2,14,exclude,launch,0,0.0,prior,0.0,cyc_sector0,12600.0,43200.0,4885167.88496797,0,2689311.685144667,2195856.1998233027,0,0,0.0,0,9.258605442461842,16.829368490738737,8307.276799279487,2326.3369382366636,3.570968875031622,2.0433819402220923,326.5937619544852,0.0,0.12,0.0,7.291649112238775,83.0,0.5485278080697928,4420.114299144973,18,0.15800070762634277
paper,200,1500000.0,9,13,exclude,launch,0,0.0,prior,0.0,cluster_patrol,12600.0,43200.0,16972774.65110937,0,14326091.25052126,2646683.4005881106,0,92,0.9312451227937999,104,4.646836166414484,5.306699754040341,8274.674043622275,3689.1906099590287,2.2429510747654677,2.0431694215616263,326.46073262436533,0.0,0.0,0.0,0.8677827768418125,2.4734576757532283,0.4267265581134194,3781.204970233472,697,0.2547931671142578
core,200,1500000.0,17,15,exclude,launch,0,0.0,prior,0.0,cluster_patrol,12600.0,43200.0,2672605.415038694,0,2566931.355845012,105674.05919368217,0,14,0.898459761319234,38,5.853354962496979,14.382779461172309,6500.354398964457,1380.4767494122057,4.708774995111108,2.014596493158673,308.8218131789631,0.0,0.0,0.02741395065488882,0.43542943841123627,7.490680713128039,0.9261083743842364,352.483359328466,2468,2.107034206390381
ring,50,3000000.0,2,13,exclude,launch,0,0.0,prior,0.0,cyc_sector0,12600.0,43200.0,274932.71445971436,0,249251.0474891277,25681.666970586673,0,0,0.0,0,9.583929771688203,5.944183641920668,8013.97324192218,6676.1826945542925,1.2003825552076506,2.0159026514989744,309.6174591967942,0.0,0.0,0.0,3.9064673488286834,25.0,0.94,1908.6465359611518,34,0.06799983978271484
ring,50,3000000.0,2,14,exclude,launch,0,0.0,prior,0.0,cluster_patrol,12600.0,43200.0,311103.0712649212,0,268858.0806724204,42244.990592500864,0,0,0.0,0,9.729077099187826,6.119726545358219,7889.440438978361,6485.098849163662,1.2165489875294357,2.015771823241445,309.53771906737495,0.0,0.0,0.0,3.791389699867129,25.0,0.9304347826086956,1853.505110390618,36,0.0709991455078125
ring,50,3000000.0,2,14,exclude,launch,0,0.0,prior,0.0,cyc_sector0,12600.0,43200.0,324462.650017709,0,278725.96988163656,45736.68013607248,0,0,0.0,0,9.729077099187826,5.911439768590694,7889.440438978361,6713.358868924089,1.1751852676159342,2.015843694938703,309.5815237640149,0.0,0.0,0.0,3.8969710026787303,25.0,0.9224137931034483,1930.364443516279,34,0.06400012969970703
paper,200,1500000.0,9,13,exclude,launch,0,0.0,prior,0.0,cyc_sector0,12600.0,43200.0,16735786.313500838,0,14316050.416274823,2419735.8972260156,0,93,0.9574069444329082,104,4.646836166414484,6.291065155107472,8274.674043622275,3145.203500954071,2.630886694966549,2.0215619646956915,313.07665431387653,0.0,0.0,0.0,0.8530982782517127,3.5338028169014084,0.47177193963107883,2604.907404138477,710,0.31679296493530273
ring,50,3000000.0,2,15,exclude,launch,0,0.0,prior,0.0,cluster_patrol,12600.0,43200.0,285213.4349971447,0,248579.10795400097,36634.32704314375,0,0,0.0,0,9.810959562514983,6.062574238410579,7820.813005793199,6545.775272342853,1.1947878869043402,2.0159131884872945,309.62388196272644,0.0,0.0,0.0,3.6841699305846975,24.972972972972972,0.9262295081967213,1841.4997123219507,37,0.07800054550170898
paper,200,1500000.0,9,14,exclude,launch,0,0.0,prior,0.0,cluster_patrol,12600.0,43200.0,14864006.16125453,0,12840719.368307296,2023286.7929472346,0,73,0.923175433801727,79,4.629302721230921,7.934385565557244,8307.276799279487,2484.7704069326383,3.3432774215685095,2.0288989827405137,317.5899350053391,0.0,0.0,0.19889502762430938,0.6935112632112038,3.7595870206489677,0.5510204081632653,2569.387129054792,678,0.3287937641143799
ring,50,3000000.0,2,15,exclude,launch,0,0.0,prior,0.0,cyc_sector0,12600.0,43200.0,312137.9179652118,0,265818.6459697579,46319.27199545388,0,0,0.0,0,9.810959562514983,5.993075539536069,7820.813005793199,6622.425044751033,1.1809590826538707,2.01568741241201,309.48627591966135,0.0,0.0,0.0,3.850461872664316,25.0,0.9426229508196722,1895.588982956741,35,0.06900215148925781
ring,100,3000000.0,2,13,exclude,launch,0,0.0,prior,0.0,cluster_patrol,12600.0,43200.0,709352.826347952,0,616301.6313039733,93051.1950439787,0,0,0.0,0,9.684815272979659,5.76488900502914,7927.020400330289,6838.275871045845,1.1592133090000551,2.0293288044148268,317.85533627941714,0.0,0.0,0.0,4.766164654174277,49.793103448275865,0.9313725490196079,2381.418361683128,29,0.1159963607788086
ring,100,3000000.0,2,13,exclude,launch,0,0.0,prior,0.0,cyc_sector0,12600.0,43200.0,778217.6978019844,0,649028.6414120371,129189.05638994732,0,0,0.0,0,9.684815272979659,6.104831117922067,7927.020400330289,6461.013241592729,1.2269005036702523,2.0282229921529087,317.172756477564,0.0,0.0,0.0,5.011358885829642,50.0,0.9313725490196079,2514.39603038998,27,0.11599349975585938
ring,100,3000000.0,2,14,exclude,launch,0,0.0,prior,0.0,cluster_patrol,12600.0,43200.0,762306.1838326365,0,654206.2944192294,108099.88941340706,0,0,0.0,0,9.713879099642634,5.88821143093446,7902.3055066583165,6690.790719284712,1.181071989575415,2.030622271442183,318.65467991779343,0.0,0.0,0.0,4.730695548517948,49.689655172413794,0.9187817258883249,2333.766035439226,29,0.11999320983886719
ring,100,3000000.0,2,14,exclude,launch,0,0.0,prior,0.0,cyc_sector0,12600.0,43200.0,737948.4515735313,0,635773.532995055,102174.91857847638,0,0,0.0,0,9.713879099642634,6.176447152620682,7902.3055066583165,6379.626631284673,1.238678368402732,2.030280272948401,318.4432322479896,0.0,0.0,0.0,4.625752192696978,50.0,0.9137055837563451,2290.122550454921,29,0.10699963569641113
ring,50,3000000.0,2,14,exclude,launch,0,0.0,prior,0.0,cyc,12600.0,43200.0,311103.0712649212,0,268858.0806724204,42244.990592500864,0,0,0.0,0,9.729077099187826,6.119726545358219,7889.440438978361,6485.098849163662,1.2165489875294357,2.015771823241445,309.53771906737495,0.0,0.0,0.0,3.791389699867129,25.0,0.9304347826086956,1853.505110390618,36,0.3439924716949463
ring,100,3000000.0,2,15,exclude,launch,0,0.0,prior,0.0,cluster_patrol,12600.0,43200.0,761554.5708429345,0,644911.445719264,116643.12512367054,0,0,0.0,0,9.581630380623276,5.956082452086971,8015.976421067365,6622.128782583217,1.2104833180155135,2.0282975376628523,317.21874778904566,0.0,0.0,0.0,4.961582078831639,49.81481481481482,0.9425837320574163,2420.5295244348417,27,0.11799979209899902
ring,100,3000000.0,2,15,exclude,launch,0,0.0,prior,0.0,cyc_sector0,12600.0,43200.0,775600.9489487448,0,653729.2185296462,121871.73041909872,0,0,0.0,0,9.581630380623276,6.001704821972613,8015.976421067365,6572.41552461684,1.2196393230226692,2.028104563121528,317.0996978133924,0.0,0.0,0.0,5.054732688038462,50.0,0.9182692307692307,2496.9233991294586,26,0.09000039100646973
ring,50,3000000.0,2,13,exclude,launch,0,0.0,prior,0.0,cyc,12600.0,43200.0,269791.457337017,0,236932.00502999575,32859.452307021245,0,0,0.0,0,9.583929771688203,5.798144079972683,8013.97324192218,6842.039646983392,1.1712842449627554,2.0165797299964403,310.0303042318907,0.0,0.0,0.0,3.727372350043671,25.0,0.9603960396039604,1873.8093985184971,36,0.4559926986694336
ring,200,3000000.0,2,13,exclude,launch,0,0.0,prior,0.0,cluster_patrol,12600.0,43200.0,2069804.8848792121,0,1708751.197128123,361053.6877510893,0,0,0.0,0,9.703703202010994,6.03819340085754,7910.9419020655405,6457.538719283317,1.2250707654980237,2.0517098759003067,331.8280989198715,0.0,0.0,0.0,6.318362308873638,99.66666666666667,0.9069767441860465,3135.6702372251725,21,0.18000030517578125
ring,200,3000000.0,1,14,exclude,launch,0,0.0,prior,0.0,cluster_patrol,12600.0,43200.0,6714748.853159398,0,5239363.22724021,1475385.6259191874,0,0,0.0,0,9.650009876264267,5.705470560516238,7956.813622554527,6755.506366778455,1.1778263819990962,2.0755854163669922,347.06519637040685,0.0,0.8571428571428571,0.0,14.533449536442651,159.0,0.41371158392434987,8812.864426075632,5,0.09499979019165039
ring,50,3000000.0,2,15,exclude,launch,0,0.0,prior,0.0,cyc,12600.0,43200.0,284934.8626252692,0,248632.6306599165,36302.23196535277,0,0,0.0,0,9.810959562514983,6.062510132880054,7820.813005793199,6545.775272342853,1.1947878869043402,2.0159345049356974,309.636875495682,0.0,0.0,0.0,3.6747978624926967,24.72972972972973,0.9098360655737705,1860.092869106901,37,0.4875035285949707
ring,200,3000000.0,2,13,exclude,launch,0,0.0,prior,0.0,cyc_sector0,12600.0,43200.0,2073712.5588786954,0,1674435.935589467,399276.62328922836,0,0,0.0,0,9.703703202010994,6.0726808777043,7910.9419020655405,6420.011611663668,1.2322317124307374,2.051982790314897,332.0003373356148,0.0,0.0,0.0,6.158618473698462,100.0,0.8955916473317865,3048.839457329901,22,0.17850923538208008
ring,200,3000000.0,1,14,exclude,launch,0,0.0,prior,0.0,cyc_sector0,12600.0,43200.0,6714748.853159398,0,5239363.22724021,1475385.6259191874,0,0,0.0,0,9.650009876264267,5.705470560516238,7956.813622554527,6755.506366778455,1.1778263819990962,2.0755854163669922,347.06519637040685,0.0,0.8571428571428571,0.0,14.533449536442651,159.0,0.41371158392434987,8812.864426075632,5,0.08450984954833984
ring,200,3000000.0,2,15,exclude,launch,0,0.0,prior,0.0,cluster_patrol,12600.0,43200.0,2290105.7547074594,0,1875749.8620848514,414355.8926226079,0,0,0.0,0,9.733622044539784,5.97191695073385,7885.600957923348,6525.803994661684,1.2083723269001063,2.0527790276034983,332.50310428853004,0.0,0.0,0.0,6.619048799959282,99.8,0.8894230769230769,3326.097562832475,20,0.19500017166137695
ring,200,3000000.0,2,15,exclude,launch,0,0.0,prior,0.0,cyc_sector0,12600.0,43200.0,2144957.824396229,0,1767345.6887396094,377612.13565661974,0,0,0.0,0,9.733622044539784,6.143246215820315,7885.600957923348,6342.919763043343,1.2432131025633255,2.0530657004580783,332.6842108443791,0.0,0.0,0.0,6.3055490722861745,100.0,0.8743961352657005,3129.856220572338,21,0.17450857162475586
core,50,3000000.0,3,15,exclude,launch,0,0.0,prior,0.0,cyc,12600.0,43200.0,75983.5807806232,0,72165.9662826378,3817.614497985398,0,0,0.0,0,10.639119231666244,57.70889993372157,7186.086109009999,690.3988352221398,10.408601148201292,2.0079234014681577,304.7728749681423,0.0,0.0,0.0,0.9626661139480531,15.914285714285715,0.9672131147540983,492.49416795697994,210,3.068045139312744
core,50,3000000.0,4,13,exclude,launch,0,0.0,prior,0.0,cyc,12600.0,43200.0,60891.46551067141,0,58642.49006798922,2248.9754426821887,0,0,0.0,0,12.042817475902995,52.0364194195152,6309.630421624802,766.2495300304943,8.234433006926215,2.0063761669180042,303.83789680217234,0.0,0.0,0.0,0.8278255800479885,12.101538461538462,0.99,415.2104190011439,325,3.5668036937713623
core,200,3000000.0,23,15,exclude,launch,0,0.0,prior,0.0,cyc_sector0,12600.0,43200.0,220881.60529800854,0,208085.25530938082,12796.349988627713,0,1,0.3512048139647013,1,11.706709924993959,59.73834732171484,6500.354398964457,667.8623361638455,9.733075286595794,2.005163687459634,303.1062115762348,0.0,0.0,0.0,0.4953765289550512,8.630044843049328,0.9778325123152709,242.30381267977552,3122,3.236320734024048
core,200,3000000.0,23,15,exclude,launch,0,0.0,prior,0.0,cluster_patrol,12600.0,43200.0,208195.0716471239,0,195468.89655882097,12726.175088302953,0,1,0.37258173163763364,1,11.706709924993959,34.50578727940573,6500.354398964457,1154.3190571033,5.631332480360098,2.008501593732066,305.1226393680353,0.0,0.0,0.02020655590480467,0.4412610340383915,9.288484486873509,0.9778325123152709,209.6201385156207,3352,3.658828020095825
ring,100,3000000.0,2,15,exclude,launch,0,0.0,prior,0.0,cyc,12600.0,43200.0,766434.371340976,0,642913.913957707,123520.457383269,0,0,0.0,0,9.581630380623276,5.955905891739267,8015.976421067365,6622.128782583217,1.2104833180155135,2.02835766569795,317.255846579921,0.0,0.0,0.0,4.912000232391772,49.55555555555556,0.9425837320574163,2428.4961509322493,27,1.7088022232055664
ring,100,3000000.0,2,14,exclude,launch,0,0.0,prior,0.0,cyc,12600.0,43200.0,731810.1192975594,0,636058.9871102397,95751.13218731969,0,0,0.0,0,9.713879099642634,6.176412440598135,7902.3055066583165,6379.626631284673,1.238678368402732,2.0302916833157125,318.4502858128572,0.0,0.0,0.0,4.614706230751603,49.724137931034484,0.9137055837563451,2303.175351739593,29,1.8357937335968018
ring,100,3000000.0,2,13,exclude,launch,0,0.0,prior,0.0,cyc,12600.0,43200.0,711985.336830687,0,615187.6750031827,96797.66182750436,0,0,0.0,0,9.684815272979659,5.764645043173889,7927.020400330289,6838.275871045845,1.1592133090000551,2.0294146863410045,317.90837893636467,0.0,0.0,0.0,4.732036884474557,49.3448275862069,0.9310344827586207,2402.875920643671,29,2.0057945251464844
paper,100,1500000.0,10,13,exclude,launch,0,0.0,prior,0.0,cyc,12600.0,43200.0,8601881.034534898,0,7378596.886118348,1223284.1484165494,0,53,0.9888032601507388,63,4.8468564258348,7.646341000274395,7919.438460522844,2607.6906748330457,3.0369547036210025,2.006089271034935,303.6646863874821,0.0,0.0,0.0,0.784822249103348,3.4644107351225206,0.4798657718120805,1102.3555029871827,857,2.736097812652588
paper,100,1500000.0,9,13,exclude,launch,0,0.0,prior,0.0,cyc,12600.0,43200.0,6255816.446056091,0,5390498.832444139,865317.6136119523,0,39,0.96759683355164,48,4.8468564258348,6.491624248556531,7919.438460522844,3064.5052869297424,2.5842469563683306,2.01069520645178,306.45144010338174,0.0,0.0,0.0,0.8430166619254366,3.322670375521558,0.5650224215246636,1368.5010353442397,719,3.3888421058654785
paper,100,3000000.0,2,15,exclude,launch,0,0.0,prior,0.0,cyc,12600.0,43200.0,1049047.9315154299,0,643014.3196464241,406033.61186900566,0,0,0.0,0,9.820918369051347,30.064019152133394,7812.5443731858395,1315.8773809206468,5.937137066464227,2.022215923497634,313.4776182756361,0.0,0.0,0.0,4.429464948620158,47.333333333333336,0.7286486486486486,2300.493229707543,30,3.378838300704956
ring,200,3000000.0,2,15,exclude,launch,0,0.0,prior,0.0,cyc,12600.0,43200.0,2099787.7892134297,0,1754667.2488232288,345120.5403902006,0,0,0.0,0,9.733622044539784,6.140834688455213,7885.600957923348,6345.016623889219,1.2428022533831942,2.053193196001783,332.76477243133496,0.0,0.0,0.0,6.249781581932586,99.52380952380952,0.8839506172839506,3081.293881264758,21,5.532046794891357
paper,200,3000000.0,2,13,exclude,launch,0,0.0,prior,0.0,cyc,12600.0,43200.0,5616276.463536353,0,3014386.7045340873,2601889.759002265,0,0,0.0,0,9.293672332828969,9.055012139580857,8274.674043622275,4321.033407832789,1.9149757159069114,2.0446233963369513,327.37141205236435,0.0,0.125,0.0,7.610669082254057,67.66666666666667,0.4484280198565913,5469.143512866755,18,6.4845497608184814
ring,200,3000000.0,2,13,exclude,launch,0,0.0,prior,0.0,cyc,12600.0,43200.0,2023435.9824466193,0,1639418.4793196297,384017.50312698947,0,0,0.0,0,9.703703202010994,6.054931234652739,7910.9419020655405,6437.94667208157,1.2287989175759528,2.05226480239335,332.17836430677494,0.0,0.0,0.0,6.027277402055314,98.72727272727273,0.8716216216216216,3135.611076822011,22,6.6357786655426025
core,100,1500000.0,17,13,exclude,launch,0,0.0,prior,0.0,cyc,12600.0,43200.0,1583245.3380574698,0,1484479.4857037172,98765.85235375243,0,11,0.9677735343967631,23,5.4250914585007,20.078019308183663,7039.814254312048,993.9681977362186,7.082534703167927,2.0043180360462642,302.5964152583478,0.0,0.0,0.0,0.42242362045935694,5.211382113821138,0.8629441624365483,231.17418545370555,2706,10.091824054718018
ring,200,3000000.0,1,14,exclude,launch,0,0.0,prior,0.0,cyc,12600.0,43200.0,5457311.233258611,0,4311920.956064928,1145390.2771936816,0,2,0.0334589929392789,0,9.650009876264267,6.046020578447321,7956.813622554527,6360.734866242185,1.2509267859572457,2.0802382262209633,350.0743876167038,0.0,0.0,0.0,13.95325529173306,180.8,0.5186104218362283,7440.851214621133,5,11.092872142791748
core,200,1500000.0,13,14,exclude,launch,0,0.0,prior,0.0,cyc,12600.0,43200.0,492514.33954703575,0,459608.16833783075,32906.17120920497,0,1,0.5553959552024339,1,4.896480120710079,20.472372561192774,7835.800210335435,972.3518871383,8.058605443135146,2.0094090484175426,305.67198810816285,0.0,0.0,0.0,0.578335748921212,12.597488433575677,0.9796954314720813,342.6988725412768,1513,19.51294231414795
core,200,1500000.0,17,15,exclude,launch,0,0.0,prior,0.0,cyc,12600.0,43200.0,2611200.557767662,0,2514090.2899355954,97110.26783206702,0,14,0.9195551022974797,38,5.853354962496979,17.156476750748386,6500.354398964457,1159.923190864506,5.604124868061011,2.0100305290467455,306.04850088193444,0.0,0.0,0.0,0.4493623818650415,7.543307086614173,0.9234567901234568,339.99005512312885,2540,22.45362424850464
core,200,3000000.0,4,15,exclude,launch,0,0.0,prior,0.0,cyc,12600.0,43200.0,456991.1605080031,0,429577.7095526497,27413.450955353375,0,0,0.0,0,11.706709924993959,123.7858082492962,6500.354398964457,319.56924968100003,20.340988394387857,2.022339885570057,313.5536524882193,0.0,0.0,0.0,1.4312220666059206,47.579787234042556,0.9564164648910412,739.7324725019944,188,28.64626717567444
core,200,3000000.0,3,15,exclude,launch,0,0.0,prior,0.0,cyc,12600.0,43200.0,643633.6145056662,0,595483.3683510068,48150.24615465938,0,0,0.0,0,11.706709924993959,92.78596175666576,6500.354398964457,424.79501136366594,15.302332242785026,2.0296834260140306,318.0743873423975,0.0,0.0,0.0,1.976146087771002,63.09708737864078,0.9439024390243902,1011.7028395559147,103,28.860265970230103
core,200,3000000.0,23,15,exclude,launch,0,0.0,prior,0.0,cyc,12600.0,43200.0,197083.16574783184,0,185118.2451628542,11964.920584977648,0,1,0.3936129621259701,1,11.706709924993959,42.70115655720552,6500.354398964457,933.5283563788557,6.963210441918708,2.006886606488502,304.14619149777945,0.0,0.0,0.0,0.4212220599171154,9.263559553011719,0.9802955665024631,191.77409048181332,3669,30.956187963485718
core,50,3000000.0,3,13,exclude,launch,0,0.0,prior,0.0,cluster_patrol,12600.0,43200.0,95767.1326063735,0,91545.08472306417,4222.047883309353,0,0,0.0,0,12.042817475902995,14.855262814999938,6309.630421624802,2677.3508488071748,2.356669251785173,2.0114273964012774,306.8956134573201,0.0,0.0,0.0,1.3961587338964274,16.194444444444443,0.9702970297029703,701.1812965973031,144,0.18272852897644043
core,50,3000000.0,2,15,exclude,launch,0,0.0,prior,0.0,cyc_sector0,12600.0,43200.0,141862.0432246948,0,130120.86820156164,11741.175023133155,0,0,0.0,0,10.639119231666244,51.77950272168055,7186.086109009999,768.1990004960003,9.354459071634023,2.011214419125136,306.7663804339759,0.0,0.0,0.0,1.643151894665802,25.0,0.9672131147540983,801.5382501816754,82,0.15799736976623535
core,50,3000000.0,3,13,exclude,launch,0,0.0,prior,0.0,cyc_sector0,12600.0,43200.0,92413.25355202188,0,87308.82923664601,5104.4243153758725,0,0,0.0,0,12.042817475902995,75.0870757533659,6309.630421624802,530.7136503675941,11.88895446208043,2.0075415270628056,304.541978626815,0.0,0.0,0.0,1.2494019248588801,16.608695652173914,0.9900990099009901,612.9943411407716,161,0.20772886276245117
core,100,3000000.0,2,14,exclude,launch,0,0.0,prior,0.0,cluster_patrol,12600.0,43200.0,394553.17218543374,0,366384.654875971,28168.517309462775,0,0,0.0,0,11.97835253998471,82.96753861734598,6345.381434240381,476.74413934636084,13.30982577560409,2.022536732833283,313.6744109980094,0.0,0.0,0.0,2.68854018784131,50.4,0.9543147208121827,1313.3261873367533,50,0.1975078582763672
core,100,3000000.0,2,15,exclude,launch,0,0.0,prior,0.0,cluster_patrol,12600.0,43200.0,374060.3009893837,0,338479.4203797914,35580.88060959228,0,0,0.0,0,11.647427075364401,128.48759423985587,6535.136370950874,308.0790933409639,21.212527926126324,2.0210011557531793,312.73300801479843,0.0,0.0,0.0,2.6280533062812257,50.92307692307692,0.9712918660287081,1275.2707289816174,52,0.21050786972045898
core,100,3000000.0,3,14,exclude,launch,0,0.0,prior,0.0,cluster_patrol,12600.0,43200.0,321179.9097906124,0,298541.43369316845,22638.476097443934,0,0,0.0,0,11.97835253998471,12.71696583131545,6345.381434240381,3110.002695150648,2.040313805558619,2.0227663357654455,313.81529327252287,0.0,0.0,0.0,1.7543219026740648,27.210526315789473,0.9333333333333333,1054.834096202861,114,0.2535078525543213
core,100,3000000.0,3,15,exclude,launch,0,0.0,prior,0.0,cluster_patrol,12600.0,43200.0,307011.39381417097,0,284698.133014644,22313.260799527,0,0,0.0,0,11.647427075364401,12.863661475123086,6535.136370950874,3076.9540220037065,2.123897960196105,2.0211771405038217,312.8408256862688,0.0,0.0,0.0,1.8079936215146537,27.544642857142858,0.9569377990430622,1086.2878968515406,112,0.261507511138916
core,200,3000000.0,1,14,exclude,launch,0,0.0,prior,0.0,cyc_sector0,12600.0,43200.0,4263878.552901419,0,3204326.911233233,1059551.6416681865,0,0,0.0,0,9.792960241420158,146.36708022376314,7835.800210335435,263.11811715596076,29.78054227140444,2.077283754949463,348.1620866034044,0.0,0.0,0.0,11.732628226617994,200.0,0.6073903002309469,5656.018484975097,6,0.13375186920166016
core,200,3000000.0,2,14,exclude,launch,0,0.0,prior,0.0,cyc_sector0,12600.0,43200.0,1297993.1717425587,0,1121939.715700749,176053.4560418096,0,0,0.0,0,9.792960241420158,125.62665428013102,7835.800210335435,312.1408371946548,25.10341255171599,2.040128873829965,324.56042225243726,0.0,0.0,0.0,3.9245603825130315,100.0,0.9496221662468514,1938.616341563896,34,0.2555065155029297
core,200,1500000.0,14,14,exclude,launch,0,0.0,prior,0.0,cyc_sector0,12600.0,43200.0,545562.7149504,0,508615.42047236,36947.29447804008,0,1,0.5013914341424339,1,4.896480120710079,16.73687645747023,7835.800210335435,1188.8441717563323,6.591107898320483,2.0102989595976073,306.2111963292025,0.0,0.0,0.0,0.5518093350009899,9.449912126537786,0.9796954314720813,404.6960400200163,1707,1.6005513668060303
core,100,1500000.0,18,13,exclude,launch,0,0.0,prior,0.0,cyc_sector0,12600.0,43200.0,2962375.7899694247,0,2757917.474122264,204458.31584716027,0,18,0.9827375209184662,26,5.4250914585007,23.324563369191836,7039.814254312048,855.6712852828554,8.227241436511369,2.004192859970441,302.520990004684,0.0,0.0,0.0,0.3332646462490938,3.8819961400606564,0.7766497461928934,231.3641391447511,3627,1.74454927444458
core,200,1500000.0,14,14,exclude,launch,0,0.0,prior,0.0,cluster_patrol,12600.0,43200.0,632716.3202826928,0,586824.1479215544,45892.17236113827,0,1,0.43232719513447576,1,4.896480120710079,16.03550432350054,7835.800210335435,1238.781202164725,6.325410973820606,2.013644320695974,308.24244266376076,0.0,0.0,0.03640776699029126,0.4701236522362667,9.22108660570199,0.9670050761421319,380.5467393660647,1859,1.7025556564331055
core,100,1500000.0,18,13,exclude,launch,0,0.0,prior,0.0,cluster_patrol,12600.0,43200.0,2971260.19209863,0,2762204.7921094117,209055.39998921857,0,18,0.981278689316686,26,5.4250914585007,17.922354410060773,7039.814254312048,1111.8730871371465,6.331490829082102,2.0072881091712267,304.3888004633237,0.0,0.0,0.041647385469689956,0.330703804477723,4.402457757296467,0.7715736040609137,227.20015354695335,3255,1.7725539207458496
core,200,3000000.0,2,15,exclude,launch,0,0.0,prior,0.0,cyc_sector0,12600.0,43200.0,1323263.1764453237,0,1138573.6828201907,184689.49362513315,0,0,0.0,0,11.706709924993959,139.4702894313361,6500.354398964457,280.7870970463213,23.15047403297202,2.0428248770985453,326.24511728867907,0.0,0.0,0.0,3.9831365511556722,100.0,0.9354066985645934,1947.163382591274,34,0.2665131092071533
paper,50,1500000.0,9,13,exclude,launch,0,0.0,prior,0.0,cluster_patrol,12600.0,43200.0,4762893.391051151,0,4144330.345974141,618563.0450770097,0,24,0.9848003273976675,30,4.616046259841628,6.992421595707275,8332.091090158548,2842.865558497807,2.9308776369155116,2.012222792091948,307.3784942491257,0.0,0.0,0.1933404940923738,0.674529764613828,1.5250357653791131,0.5023923444976076,1533.901967170987,699,0.16299986839294434
core,200,3000000.0,3,15,exclude,launch,0,0.0,prior,0.0,cyc_sector0,12600.0,43200.0,754233.6388123956,0,689603.6640574599,64629.97475493566,0,0,0.0,0,11.706709924993959,120.1316572889423,6500.354398964457,328.1823259550611,19.807143422630773,2.0291648459423155,317.7540840370411,0.0,0.0,0.0,2.390515755321573,66.64285714285714,0.9607843137254902,1162.0164306968172,84,0.4235086441040039
core,200,1500000.0,18,15,exclude,launch,0,0.0,prior,0.0,cyc_sector0,12600.0,43200.0,4052759.012189847,0,3852954.8866417943,199804.12554805222,0,24,0.9455084008561853,51,5.853354962496979,17.402625717609975,6500.354398964457,1143.7936895047014,5.683152878539935,2.009543979811627,305.75371415216944,0.0,0.0,0.0,0.4232036383866313,5.759803921568627,0.8740740740740741,396.1522012035951,2856,2.0690648555755615
paper,50,3000000.0,1,15,exclude,launch,0,0.0,prior,0.0,cluster_patrol,12600.0,43200.0,926473.1873858264,0,517919.7187439816,408553.46864184475,0,0,0.0,0,9.99931808206301,47.10321893225843,7667.212238219762,839.6070472240219,9.131905530771487,2.0228483470630394,313.8656223268777,0.0,0.0,0.0,7.673913203144786,50.0,0.6133333333333333,3699.4093813192267,9,0.04199981689453125
paper,50,1500000.0,10,13,exclude,launch,0,0.0,prior,0.0,cluster_patrol,12600.0,43200.0,6251830.358967667,0,5425091.621090956,826738.737876711,0,31,0.9933669540005605,35,4.616046259841628,9.560532601501828,8332.091090158548,2078.939860900455,4.007855757092297,2.0125004131985493,307.5471260181701,0.0,0.0,0.3185053380782918,0.4785489674670135,1.1860189573459716,0.4052757793764988,1634.9246739211262,844,0.1640000343322754
core,200,1500000.0,18,15,exclude,launch,0,0.0,prior,0.0,cluster_patrol,12600.0,43200.0,4135038.4703674046,0,3935740.6832832615,199297.78708414317,0,25,0.953154839061753,51,5.853354962496979,15.1166463835789,6500.354398964457,1314.3563574436798,4.945655995157308,2.0132207930158126,307.9849126198777,0.0,0.0,0.024278392230914485,0.4098900736481318,7.135125448028674,0.8716049382716049,327.1739825163,2790,2.2970645427703857
paper,100,1500000.0,10,13,exclude,launch,0,0.0,prior,0.0,cyc_sector0,12600.0,43200.0,8537479.610804632,0,7397973.864294071,1139505.7465105609,0,53,0.9860802505783963,63,4.8468564258348,7.207536554643344,7919.438460522844,2764.4860488457152,2.8647055259437937,2.0075147045130683,304.52576394301667,0.0,0.0,0.0,0.766495015048961,2.7369020501138954,0.46300448430493274,1362.2877729301958,878,0.31800007820129395
paper,100,1500000.0,11,13,exclude,launch,0,0.0,prior,0.0,cyc_sector0,12600.0,43200.0,10073263.502483584,0,8663991.829368195,1409271.6731153913,0,63,0.9906361239816828,73,4.8468564258348,8.934719090297305,7919.438460522844,2228.7235618545715,3.5533516116879476,2.00873609823791,305.2645547664728,0.0,0.0,0.0,0.549236058008291,1.7095096582466567,0.36220472440944884,1418.0932196888168,1346,0.3500020503997803
paper,100,1500000.0,10,15,exclude,launch,0,0.0,prior,0.0,cyc_sector0,12600.0,43200.0,10481564.078885816,0,9014934.953956343,1466629.1249294726,0,62,0.9936364059604923,68,4.910459184525673,7.481398212748546,7812.5443731858395,2661.754308304064,2.9351110088607686,2.008673056061845,305.2264002075426,0.0,0.0,0.0,0.6886017732344833,2.36028659160696,0.3811074918566775,1416.705969599664,977,0.327207088470459
paper,100,1500000.0,11,15,exclude,launch,0,0.0,prior,0.0,cyc_sector0,12600.0,43200.0,11575594.697061788,0,9992749.890466833,1582844.8065949543,0,70,0.9965851570596252,74,4.910459184525673,9.063852268906512,7812.5443731858395,2199.6093876470704,3.5517871568746777,2.0063264952737727,303.8079045269983,0.0,0.0,0.057980456026058634,0.583478161905733,2.0865800865800868,0.3002183406113537,1346.7248982605824,1155,0.3337128162384033
core,50,3000000.0,3,14,exclude,launch,0,0.0,prior,0.0,cyc,12600.0,43200.0,80900.13875006246,0,76438.82724825037,4461.311501812097,0,0,0.0,0,11.675778910862638,90.94309432891109,6518.4579356475715,438.1923414193948,14.875791563432967,2.0074996452843434,304.51666057442344,0.0,0.0,0.0,0.9754545297325754,16.3719806763285,0.9649122807017544,481.5308554712766,207,3.488776922225952
core,50,3000000.0,2,14,exclude,launch,0,0.0,prior,0.0,cyc,12600.0,43200.0,118092.44954425003,0,109571.731586056,8520.717958194029,0,0,0.0,0,11.675778910862638,116.66172949741991,6518.4579356475715,341.0351428042012,19.113742595700817,2.0107702090989754,306.49692468059584,0.0,0.0,0.0,1.344533929533777,23.9,0.956140350877193,678.6975784619088,100,3.52077579498291
paper,100,3000000.0,1,13,exclude,launch,0,0.0,prior,0.0,cyc,12600.0,43200.0,2985858.4819879034,0,1601474.7673670375,1384383.7146208656,0,0,0.0,0,9.6937128516696,33.658597459488874,7919.438460522844,1165.2385786484963,6.796409426907421,2.03976021658658,324.33039239885176,0.0,0.0,0.0,12.20196593143768,94.4,0.3754010695187166,6231.223441063296,5,1.136016607284546
paper,100,3000000.0,1,15,exclude,launch,0,0.0,prior,0.0,cyc_sector0,12600.0,43200.0,2827983.032974726,0,1487435.024091458,1340548.0088832679,0,0,0.0,0,9.820918369051347,46.38308004452135,7812.5443731858395,844.736363953287,9.248500131595927,2.0417812564263373,325.5924558723715,0.0,0.0,0.0,12.137314819971019,100.0,0.4107883817427386,5851.108179152349,5,0.05800032615661621
paper,100,3000000.0,2,15,exclude,launch,0,0.0,prior,0.0,cyc_sector0,12600.0,43200.0,1145197.1944081835,0,671997.0125555029,473200.1818526806,0,0,0.0,0,9.820918369051347,30.065907215843303,7812.5443731858395,1315.8773809206468,5.937137066464227,2.022088933399802,313.39973633350337,0.0,0.0,0.0,4.858258853156686,50.0,0.7121374865735768,2458.174291454772,27,0.11479663848876953
core,200,3000000.0,24,15,exclude,launch,0,0.0,prior,0.0,cluster_patrol,12600.0,43200.0,216297.88716373156,0,202959.95528526173,13337.931878469823,0,1,0.35864870879425975,1,11.706709924993959,33.58172955632017,6500.354398964457,1185.9804801406594,5.480996110655635,2.00867366665777,305.2267697426491,0.0,0.0,0.01888772298006296,0.4311332103804214,8.85921382771118,0.9827586206896551,205.228647304261,3587,3.8557066917419434
paper,100,1500000.0,10,15,exclude,launch,0,0.0,prior,0.0,cyc,12600.0,43200.0,10523971.630459756,0,9006549.605003795,1517422.0254559617,0,62,0.9948804925663742,68,4.910459184525673,7.867541766759258,7812.5443731858395,2534.6595990997166,3.082285438234298,2.005863111755885,303.5281798773698,0.0,0.0,0.0,0.7413378561839803,3.032008830022075,0.36026200873362446,1190.5288152435828,906,2.44791841506958
core,200,3000000.0,24,15,exclude,launch,0,0.0,prior,0.0,cyc_sector0,12600.0,43200.0,216973.95037169327,0,204243.6530108336,12730.297360859693,0,1,0.3575246324548281,1,11.706709924993959,62.749171769955936,6500.354398964457,635.9030214314735,10.222241725368105,2.004892543241079,302.94270703845723,0.0,0.0,0.0,0.4858724559642088,8.281456953642385,0.9778325123152709,237.33696139859217,3322,3.532428026199341
paper,100,1500000.0,11,15,exclude,launch,0,0.0,prior,0.0,cyc,12600.0,43200.0,11681390.253791412,0,9982515.760229902,1698874.4935615095,0,70,0.997772360432578,74,4.910459184525673,8.651507218717057,7812.5443731858395,2305.0644077118814,3.3892954778391418,2.0057885691233093,303.48319373373437,0.0,0.0,0.0,0.6104612102723915,2.548227535037098,0.3133047210300429,1058.2227686966937,1213,2.955919027328491
paper,200,1500000.0,9,14,exclude,launch,0,0.0,prior,0.0,cyc_sector0,12600.0,43200.0,14495991.100609774,0,12515273.568431813,1980717.53217796,0,72,0.9459497864346932,79,4.629302721230921,7.141581369781954,8307.276799279487,2774.784847590573,2.993845381018618,2.01853501889756,311.224075416196,0.0,0.0,0.0,0.8394648671695285,4.762829403606102,0.5850713501646543,1907.284568127114,721,0.38623499870300293
paper,100,3000000.0,2,13,exclude,launch,0,0.0,prior,0.0,cyc,12600.0,43200.0,1125893.0283697404,0,690908.1263057332,434984.9020640071,0,0,0.0,0,9.6937128516696,39.271728786942596,7919.438460522844,1008.0427044141187,7.856252940321289,2.0208358434532574,312.6317457836769,0.0,0.0,0.0,5.178886394455535,47.46153846153846,0.7022411953041622,2692.2390439645064,26,3.1729495525360107
paper,200,3000000.0,1,14,exclude,launch,0,0.0,prior,0.0,cluster_patrol,12600.0,43200.0,10560112.912788177,0,6586749.854366483,3973363.058421693,0,0,0.0,0,9.258605442461842,9.5271511752622,8307.276799279487,4056.2422891539222,2.0480228268149814,2.0701558483454257,343.5700619243753,0.0,0.5714285714285714,0.0,14.54403070451292,129.2,0.22995169082125605,10853.44914227364,5,0.08700013160705566
paper,200,1500000.0,10,14,exclude,launch,0,0.0,prior,0.0,cyc_sector0,12600.0,43200.0,17144778.81368922,0,14974119.532293975,2170659.2813952453,0,91,0.9731535356121853,99,4.629302721230921,7.912564074029857,8307.276799279487,2509.77365427842,3.309970516710956,2.014225989635425,308.59630741558726,0.0,0.0,0.0,0.7538931337449807,4.398428731762065,0.526228602981778,1667.9254280489247,891,0.48950982093811035
paper,200,3000000.0,2,14,exclude,launch,0,0.0,prior,0.0,cluster_patrol,12600.0,43200.0,5116944.398340718,0,2813726.993698213,2303217.404642505,0,0,0.0,0,9.258605442461842,10.111662030440346,8307.276799279487,3868.6748041334477,2.147318453958358,2.0450560550942614,327.64264748675413,0.0,0.25,0.0,7.630814348427039,79.94117647058823,0.5135281385281385,4909.812320865792,17,0.1529998779296875
paper,100,3000000.0,1,14,exclude,launch,0,0.0,prior,0.0,cyc,12600.0,43200.0,3082599.114632277,0,1621985.1753293343,1460613.9393029425,0,0,0.0,0,9.911461556919711,258.5831651685077,7738.130147665369,151.7000134817707,51.00942293980241,2.039408009052326,324.11070278463603,0.0,0.0,0.0,11.008467824964539,94.16666666666667,0.4428121720881427,5635.665276305421,6,3.1369497776031494
core,100,3000000.0,2,14,exclude,launch,0,0.0,prior,0.0,cyc,12600.0,43200.0,359043.37352069764,0,329306.32986473216,29737.0436559655,0,0,0.0,0,11.97835253998471,106.30055422004756,6345.381434240381,372.12880654153616,17.051572796023585,2.0223725787296747,313.57370692150937,0.0,0.0,0.0,2.24282802912648,47.389830508474574,0.9230769230769231,1153.9394270734003,59,6.988432884216309
paper,100,3000000.0,2,14,exclude,launch,0,0.0,prior,0.0,cyc,12600.0,43200.0,1204055.0879719981,0,744062.9739732033,459992.1139987948,0,0,0.0,0,9.911461556919711,72.15690841798629,7738.130147665369,548.6404796331944,14.104191059396245,2.0208041359766558,312.6123252081142,0.0,0.0,0.0,5.033601351436877,47.407407407407405,0.7084673097534834,2715.828066627246,27,3.6266567707061768
paper,200,3000000.0,1,15,exclude,launch,0,0.0,prior,0.0,cyc_sector0,12600.0,43200.0,9560427.653886693,0,5927958.510459282,3632469.1434274097,0,0,0.0,0,9.947414648405159,8.556035042752551,7708.957334908408,4520.644729366891,1.7052782946710425,2.0683167761175825,342.39022024027946,0.0,0.2857142857142857,0.0,14.567664371922653,123.0,0.22554605887939222,11419.059137819488,5,0.09600019454956055
paper,200,3000000.0,2,15,exclude,launch,0,0.0,prior,0.0,cyc_sector0,12600.0,43200.0,4399191.496289317,0,2521806.9724783665,1877384.52381095,0,0,0.0,0,9.947414648405159,12.17722232702702,7708.957334908408,3214.1575920093596,2.3984378843381737,2.043970319148086,326.962208178647,0.0,0.15384615384615385,0.0,7.207750160230421,80.47368421052632,0.5254677754677755,4476.73040659963,19,0.1509997844696045
ring,50,3000000.0,1,13,exclude,launch,0,0.0,prior,0.0,cluster_patrol,12600.0,43200.0,501243.4578191029,0,426646.8022307882,74596.6555883147,0,0,0.0,0,9.583929771688203,5.965310370173199,8013.97324192218,6620.403544587203,1.2104961862142603,2.0256876478672012,315.6105452962055,0.0,0.0,0.0,6.714747025360151,50.0,0.9108910891089109,3237.0183869975203,10,0.042999982833862305
core,100,3000000.0,2,15,exclude,launch,0,0.0,prior,0.0,cyc,12600.0,43200.0,317051.28165416996,0,290318.28911515133,26732.99253901857,0,0,0.0,0,11.647427075364401,114.77004003373659,6535.136370950874,344.8503908559683,18.950642203796622,2.021299791988655,312.91597953482085,0.0,0.0,0.0,2.1052642234093737,48.453125,0.961352657004831,1054.4530056431097,64,7.416435241699219
ring,50,3000000.0,1,13,exclude,launch,0,0.0,prior,0.0,cyc_sector0,12600.0,43200.0,501243.4578191029,0,426646.8022307882,74596.6555883147,0,0,0.0,0,9.583929771688203,5.965310370173199,8013.97324192218,6620.403544587203,1.2104961862142603,2.0256876478672012,315.6105452962055,0.0,0.0,0.0,6.714747025360151,50.0,0.9108910891089109,3237.0183869975203,10,0.0409998893737793
ring,50,3000000.0,1,14,exclude,launch,0,0.0,prior,0.0,cluster_patrol,12600.0,43200.0,642683.602131448,0,496777.57432299055,145906.0278084574,0,0,0.0,0,9.729077099187826,6.260373160477566,7889.440438978361,6310.83176860583,1.2501427273383448,2.0248980541142907,315.12480639817784,0.0,0.0,0.0,7.022031353115102,50.0,0.8695652173913043,3385.152786584316,9,0.0409998893737793
ring,50,3000000.0,1,13,exclude,launch,0,0.0,prior,0.0,cyc,12600.0,43200.0,501243.4578191029,0,426646.8022307882,74596.6555883147,0,0,0.0,0,9.583929771688203,5.965310370173199,8013.97324192218,6620.403544587203,1.2104961862142603,2.0256876478672012,315.6105452962055,0.0,0.0,0.0,6.714747025360151,50.0,0.9108910891089109,3237.0183869975203,10,0.2950000762939453
ring,50,3000000.0,1,14,exclude,launch,0,0.0,prior,0.0,cyc_sector0,12600.0,43200.0,642683.602131448,0,496777.57432299055,145906.0278084574,0,0,0.0,0,9.729077099187826,6.260373160477566,7889.440438978361,6310.83176860583,1.2501427273383448,2.0248980541142907,315.12480639817784,0.0,0.0,0.0,7.022031353115102,50.0,0.8695652173913043,3385.152786584316,9,0.040000200271606445
ring,50,3000000.0,1,15,exclude,launch,0,0.0,prior,0.0,cluster_patrol,12600.0,43200.0,578562.1245105967,0,458692.2046976312,119869.91981296548,0,0,0.0,0,9.810959562514983,6.119928452750214,7820.813005793199,6455.276524082219,1.2115380304184762,2.0250175492588482,315.1982928865844,0.0,0.0,0.0,6.806324547060411,50.0,0.8770491803278688,3281.165712348695,10,0.042510986328125
ring,50,3000000.0,1,14,exclude,launch,0,0.0,prior,0.0,cyc,12600.0,43200.0,642683.602131448,0,496777.57432299055,145906.0278084574,0,0,0.0,0,9.729077099187826,6.260373160477566,7889.440438978361,6310.83176860583,1.2501427273383448,2.0248980541142907,315.12480639817784,0.0,0.0,0.0,7.022031353115102,50.0,0.8695652173913043,3385.152786584316,9,0.25651097297668457
ring,50,3000000.0,1,15,exclude,launch,0,0.0,prior,0.0,cyc_sector0,12600.0,43200.0,578562.1245105967,0,458692.2046976312,119869.91981296548,0,0,0.0,0,9.810959562514983,6.119928452750214,7820.813005793199,6455.276524082219,1.2115380304184762,2.0250175492588482,315.1982928865844,0.0,0.0,0.0,6.806324547060411,50.0,0.8770491803278688,3281.165712348695,10,0.04000067710876465
ring,100,3000000.0,1,13,exclude,launch,0,0.0,prior,0.0,cluster_patrol,12600.0,43200.0,1515263.5409007822,0,1204143.1436018911,311120.397298891,0,0,0.0,0,9.684815272979659,6.1895287483799075,7927.020400330289,6312.772054622074,1.2557114896183044,2.047445237915786,329.14245792973725,0.0,0.0,0.0,9.438091802371162,100.0,0.785,4549.87754371988,7,0.06500005722045898
ring,50,3000000.0,1,15,exclude,launch,0,0.0,prior,0.0,cyc,12600.0,43200.0,578562.1245105967,0,458692.2046976312,119869.91981296548,0,0,0.0,0,9.810959562514983,6.119928452750214,7820.813005793199,6455.276524082219,1.2115380304184762,2.0250175492588482,315.1982928865844,0.0,0.0,0.0,6.806324547060411,50.0,0.8770491803278688,3281.165712348695,10,0.2909994125366211
ring,100,3000000.0,1,13,exclude,launch,0,0.0,prior,0.0,cyc_sector0,12600.0,43200.0,1515263.5409007822,0,1204143.1436018911,311120.397298891,0,0,0.0,0,9.684815272979659,6.1895287483799075,7927.020400330289,6312.772054622074,1.2557114896183044,2.047445237915786,329.14245792973725,0.0,0.0,0.0,9.438091802371162,100.0,0.785,4549.87754371988,7,0.06500053405761719
ring,100,3000000.0,1,14,exclude,launch,0,0.0,prior,0.0,cluster_patrol,12600.0,43200.0,1911533.2175019323,0,1504066.5182536985,407466.6992482339,0,0,0.0,0,9.713879099642634,5.9852758465091505,7902.3055066583165,6523.817878707697,1.211300752654316,2.0488208618049963,330.0075600472125,0.0,0.0,0.0,10.986245359523458,100.0,0.6346153846153846,5296.205217937631,6,0.06335258483886719
core,100,3000000.0,2,13,exclude,launch,0,0.0,prior,0.0,cyc,12600.0,43200.0,307927.502435561,0,287252.095038862,20675.407396698964,0,0,0.0,0,10.8501829170014,129.77032440243102,7039.814254312048,304.96702597172714,23.083853842496058,2.021443988630292,313.004346572688,0.0,0.0,0.0,2.0064649421043232,47.55223880597015,0.9646464646464646,1026.4415504971478,67,9.081311702728271
ring,100,3000000.0,1,14,exclude,launch,0,0.0,prior,0.0,cyc_sector0,12600.0,43200.0,1911533.2175019323,0,1504066.5182536985,407466.6992482339,0,0,0.0,0,9.713879099642634,5.9852758465091505,7902.3055066583165,6523.817878707697,1.211300752654316,2.0488208618049963,330.0075600472125,0.0,0.0,0.0,10.986245359523458,100.0,0.6346153846153846,5296.205217937631,6,0.062000274658203125
ring,100,3000000.0,1,15,exclude,launch,0,0.0,prior,0.0,cluster_patrol,12600.0,43200.0,1989022.250460285,0,1490124.0783256746,498898.1721346102,0,0,0.0,0,9.581630380623276,5.938613736568135,8015.976421067365,6584.211046591925,1.2174543562385565,2.0459789700181186,328.22160171604924,0.0,0.0,0.0,11.592887953920012,100.0,0.6231884057971014,5588.653053273944,5,0.042999982833862305
ring,100,3000000.0,1,13,exclude,launch,0,0.0,prior,0.0,cyc,12600.0,43200.0,1509474.6824178037,0,1202160.8241729352,307313.85824486846,0,0,0.0,0,9.684815272979659,6.189840399967479,7927.020400330289,6312.772054622074,1.2557114896183044,2.0473421513226544,329.0776745811497,0.0,0.0,0.0,9.402191284150282,99.57142857142857,0.785,4552.079678405484,7,1.3513667583465576
ring,100,3000000.0,1,15,exclude,launch,0,0.0,prior,0.0,cyc_sector0,12600.0,43200.0,1989022.250460285,0,1490124.0783256746,498898.1721346102,0,0,0.0,0,9.581630380623276,5.938613736568135,8015.976421067365,6584.211046591925,1.2174543562385565,2.0459789700181186,328.22160171604924,0.0,0.0,0.0,11.592887953920012,100.0,0.6231884057971014,5588.653053273944,5,0.05500054359436035
ring,200,3000000.0,1,13,exclude,launch,0,0.0,prior,0.0,cluster_patrol,12600.0,43200.0,6109806.126906542,0,4780548.263754011,1329257.863152531,0,0,0.0,0,9.703703202010994,5.682710883662405,7910.9419020655405,6759.738574506848,1.1703029362555901,2.0825935804707,351.6026581429109,0.0,0.7142857142857143,0.0,14.350400769139926,174.0,0.5044642857142857,7951.705518602183,5,0.10099983215332031
core,100,3000000.0,3,14,exclude,launch,0,0.0,prior,0.0,cyc,12600.0,43200.0,227754.97057517577,0,213252.91836102147,14502.052214154319,0,0,0.0,0,11.97835253998471,87.22775351201531,6345.381434240381,455.04698110297704,13.944453425138585,2.0154826401545565,309.3614977365807,0.0,0.0,0.0,1.4703379815029387,32.64963503649635,0.9538461538461539,732.3630262785749,137,9.83402156829834
ring,200,3000000.0,1,13,exclude,launch,0,0.0,prior,0.0,cyc_sector0,12600.0,43200.0,6109806.126906542,0,4780548.263754011,1329257.863152531,0,0,0.0,0,9.703703202010994,5.682710883662405,7910.9419020655405,6759.738574506848,1.1703029362555901,2.0825935804707,351.6026581429109,0.0,0.7142857142857143,0.0,14.350400769139926,174.0,0.5044642857142857,7951.705518602183,5,0.11599993705749512
ring,200,3000000.0,1,15,exclude,launch,0,0.0,prior,0.0,cluster_patrol,12600.0,43200.0,6870166.2022367325,0,5526060.771436003,1344105.4308007292,0,0,0.0,0,9.733622044539784,5.85232559452938,7885.600957923348,6573.896891237706,1.1995321935204066,2.0794027729785567,349.53310389413946,0.0,0.8571428571428571,0.0,14.435188932316201,152.4,0.3795454545454545,9132.359763432107,5,0.11599946022033691
core,100,3000000.0,3,13,exclude,launch,0,0.0,prior,0.0,cyc,12600.0,43200.0,198441.02050560198,0,186716.71664251655,11724.303863085437,0,0,0.0,0,10.8501829170014,135.60814601808045,7039.814254312048,292.8422403113258,24.039613434277435,2.0145149182025546,308.77215577666084,0.0,0.0,0.0,1.3272326976420614,32.333333333333336,0.9696969696969697,664.9557685268242,153,10.137021541595459
ring,200,3000000.0,1,15,exclude,launch,0,0.0,prior,0.0,cyc_sector0,12600.0,43200.0,6870166.2022367325,0,5526060.771436003,1344105.4308007292,0,0,0.0,0,9.733622044539784,5.85232559452938,7885.600957923348,6573.896891237706,1.1995321935204066,2.0794027729785567,349.53310389413946,0.0,0.8571428571428571,0.0,14.435188932316201,152.4,0.3795454545454545,9132.359763432107,5,0.11100029945373535
core,100,1500000.0,18,13,exclude,launch,0,0.0,prior,0.0,cyc,12600.0,43200.0,2953332.803651216,0,2744836.8187137656,208495.98493745047,0,18,0.9872397255007804,26,5.4250914585007,20.60132134855915,7039.814254312048,968.5268743274744,7.268579159664882,2.0047177651912023,302.8373363072411,0.0,0.0,0.0,0.3434211740571153,4.83139369855237,0.7715736040609137,191.32889681165227,3523,10.335021495819092
ring,100,3000000.0,1,14,exclude,launch,0,0.0,prior,0.0,cyc,12600.0,43200.0,1674210.1756670335,0,1350118.395238127,324091.78042890644,0,0,0.0,0,9.713879099642634,6.043424118830803,7902.3055066583165,6460.811418471618,1.2231134751999466,2.0488956891493597,330.05465001483293,0.0,0.0,0.0,9.56446935407083,98.85714285714286,0.735,4664.105187620137,7,2.312455654144287
core,100,3000000.0,3,15,exclude,launch,0,0.0,prior,0.0,cyc,12600.0,43200.0,207230.03055148164,0,195796.6392067073,11433.391344774334,0,0,0.0,0,11.647427075364401,120.66265767480573,6535.136370950874,329.12788258261355,19.855918373340813,2.014431131446968,308.7211561346326,0.0,0.0,0.0,1.4264813046395188,32.7972027972028,0.9665071770334929,711.3924405082882,143,10.908468961715698
paper,200,3000000.0,1,14,exclude,launch,0,0.0,prior,0.0,cyc,12600.0,43200.0,10531736.398756623,0,6560112.819218984,3971623.5795376394,0,0,0.0,0,9.258605442461842,11.6514035423708,8307.276799279487,3316.3774330484734,2.5049250174288185,2.070369168393195,343.7070469940217,0.0,0.7142857142857143,0.0,14.49169767186431,130.8,0.2343825665859564,10682.109551776237,5,6.160451889038086
ring,100,3000000.0,1,15,exclude,launch,0,0.0,prior,0.0,cyc,12600.0,43200.0,1770131.9683046818,0,1374645.6389653434,395486.3293393386,0,0,0.0,0,9.581630380623276,5.990332554047534,8015.976421067365,6524.371252959926,1.2286205230014675,2.0469177334135655,328.8110221607393,0.0,0.0,0.0,9.724802438385774,96.71428571428571,0.7289719626168224,4847.364405023755,7,3.2188668251037598
ring,200,3000000.0,1,13,exclude,launch,0,0.0,prior,0.0,cyc,12600.0,43200.0,6015950.524366716,0,4740337.077200547,1275613.447166169,0,0,0.0,0,9.703703202010994,5.766762231289347,7910.9419020655405,6662.161615979856,1.187443709424635,2.082297499551498,351.4103632606274,0.0,0.7142857142857143,0.0,14.377707153285552,177.6,0.5200892857142857,7805.346344174872,5,3.702880620956421
core,200,3000000.0,1,14,exclude,launch,0,0.0,prior,0.0,cyc,12600.0,43200.0,3653213.019861714,0,2790912.6335185403,862300.3863431739,0,0,0.0,0,9.792960241420158,146.434379091937,7835.800210335435,263.1181171559607,29.780542271404446,2.0763290689908045,347.5452794263837,0.0,0.0,0.0,9.642452822726094,196.0,0.7380352644836272,4743.260292825004,7,13.32268476486206
paper,200,1500000.0,10,13,exclude,launch,0,0.0,prior,0.0,cyc,12600.0,43200.0,19518788.650138576,0,16785788.017040644,2733000.6330979313,0,110,0.9824985239962544,127,4.646836166414484,7.222322049099109,8274.674043622275,2750.494160552448,3.008431780113386,2.0135963440033584,308.2132645730924,0.0,0.0,0.0,0.7961267828707687,3.965680473372781,0.40427927927927926,1952.9739809594723,845,9.31345510482788
paper,200,3000000.0,2,14,exclude,launch,0,0.0,prior,0.0,cyc,12600.0,43200.0,4718517.363807946,0,2693690.547220712,2024826.8165872348,0,0,0.0,0,9.258605442461842,23.49463077167987,8307.276799279487,1666.9992925390202,4.983371520588114,2.042612320777583,326.11213543116514,0.0,0.11538461538461539,0.0,7.1241724886496165,82.47368421052632,0.5451127819548872,4281.842590319573,19,7.97020149230957
core,200,3000000.0,1,13,exclude,launch,0,0.0,prior,0.0,cyc,12600.0,43200.0,3405037.2915604236,0,2651977.432597564,753059.8589628595,0,0,0.0,0,9.5786309571142,135.9382651872963,8018.59089865545,283.1680932883092,28.317423780126514,2.078279468683716,348.80598377545095,0.0,0.0,0.0,9.25210916559201,189.125,0.7440347071583514,4716.689785181159,8,14.17592978477478
paper,200,3000000.0,2,15,exclude,launch,0,0.0,prior,0.0,cyc,12600.0,43200.0,4332984.129606911,0,2428421.314780435,1904562.814826476,0,0,0.0,0,9.947414648405159,13.965151551209892,7708.957334908408,2803.262839851347,2.7499944797603075,2.043527629131087,326.6849738279843,0.0,0.19230769230769232,0.0,7.085558398059667,81.89473684210526,0.5408970976253298,4284.9243215644865,19,8.568872928619385
paper,200,3000000.0,1,15,exclude,launch,0,0.0,prior,0.0,cyc,12600.0,43200.0,9243194.357685601,0,5752446.920717179,3490747.4369684225,0,0,0.0,0,9.947414648405159,9.552394754106334,7708.957334908408,4053.4619436016274,1.9018205776119261,2.066101369646535,340.9716391086653,0.0,0.14285714285714285,0.0,14.692336085652263,123.6,0.21630537229029217,11460.878011046765,5,9.115084409713745
ring,200,3000000.0,1,15,exclude,launch,0,0.0,prior,0.0,cyc,12600.0,43200.0,6693336.146040716,0,5355354.763936227,1337981.382104489,0,0,0.0,0,9.733622044539784,5.743821886882137,7885.600957923348,6695.76919763259,1.1776990402703016,2.08012075654573,349.998254616276,0.0,0.8571428571428571,0.0,14.422253598616832,157.4,0.41818181818181815,8834.33586506583,5,6.519510269165039
paper,200,1500000.0,9,13,exclude,launch,0,0.0,prior,0.0,cyc,12600.0,43200.0,16388561.7355627,0,14204568.341752782,2183993.393809918,0,94,0.9633461031009545,104,4.646836166414484,6.168950344602234,8274.674043622275,3206.786253341781,2.580363451102881,2.02198860413215,313.338212092794,0.0,0.0,0.0010660980810234541,0.8604596125325195,3.921985815602837,0.4739787353105764,2370.4536873560337,705,12.759955644607544
paper,200,1500000.0,10,14,exclude,launch,0,0.0,prior,0.0,cyc,12600.0,43200.0,17112768.067688596,0,14950614.554360267,2162153.5133283287,0,92,0.9772671343242822,99,4.629302721230921,8.517462126067034,8307.276799279487,2333.874929489702,3.559435295487689,2.0122048961018595,307.3676255077728,0.0,0.0,0.0,0.7516826911124845,5.276286353467562,0.5445489762036525,1387.538789097431,894,12.26343584060669
paper,200,1500000.0,9,14,exclude,launch,0,0.0,prior,0.0,cyc,12600.0,43200.0,14190727.074678862,0,12383389.522852153,1807337.5518267113,0,73,0.9584135094268545,79,4.629302721230921,7.747667166128167,8307.276799279487,2562.018002329409,3.2424740152982685,2.01514758675486,309.15738686826484,0.0,0.0,0.0,0.858529181645681,6.321937321937322,0.6059602649006622,1464.6423784099857,702,13.71715784072876
core,200,3000000.0,2,14,exclude,launch,0,0.0,prior,0.0,cyc,12600.0,43200.0,1125011.829339973,0,990306.4269117166,134705.4024282563,0,0,0.0,0,9.792960241420158,115.46178204505306,7835.800210335435,339.63232398387083,23.07142064224593,2.040058935536663,324.5167768168969,0.0,0.0,0.0,3.5041110232393113,99.15789473684211,0.9445843828715366,1717.2550629354337,38,18.615143537521362
core,200,1500000.0,14,14,exclude,launch,0,0.0,prior,0.0,cyc,12600.0,43200.0,514620.8048192387,0,480155.62727195997,34465.17754727873,0,1,0.531537919769301,1,4.896480120710079,18.13877897666248,7835.800210335435,1097.2795796984417,7.141115496279351,2.0097157929648746,305.85779476880566,0.0,0.0,0.0,0.5494978628099723,10.27161214953271,0.9923857868020305,371.42268706274893,1712,23.165465593338013
core,200,3000000.0,2,13,exclude,launch,0,0.0,prior,0.0,cyc,12600.0,43200.0,1090355.1971521406,0,954963.5305644542,135391.66658768646,0,0,0.0,0,9.5786309571142,112.67668492367224,8018.59089865545,347.74200742633775,23.059022860084077,2.0417321577037404,325.56176651822705,0.0,0.0,0.0,3.3677012730254376,95.675,0.9463869463869464,1720.13665439493,40,24.419665813446045
core,200,1500000.0,18,15,exclude,launch,0,0.0,prior,0.0,cyc,12600.0,43200.0,4092404.158830838,0,3896141.1854552883,196262.97337554954,0,25,0.9630858613388974,51,5.853354962496979,18.095457176611912,6500.354398964457,1099.6879026437255,5.911090213266107,2.0101153678903128,306.09991693445477,0.0,0.0,0.0240064017071219,0.4050180587066516,8.325416518964905,0.8790123456790123,277.5570825873709,2821,28.546874046325684
core,200,3000000.0,24,15,exclude,launch,0,0.0,prior,0.0,cyc,12600.0,43200.0,196593.6950630558,0,184106.80564172487,12486.889421330938,0,1,0.39459414446697394,1,11.706709924993959,39.73717202177981,6500.354398964457,1002.6764502407206,6.483002964120544,2.0078543958332378,304.73114496011425,0.0,0.0,0.017311021350259664,0.3953379990698348,8.984159427695452,0.9778869778869779,185.7071508803721,3914,28.34764552116394
core,50,3000000.0,1,14,exclude,launch,0,0.0,prior,0.0,cluster_patrol,12600.0,43200.0,318397.8048441833,0,273063.25928104273,45334.54556314065,0,0,0.0,0,11.675778910862638,112.7388421106905,6518.4579356475715,351.1697422905128,18.562128653598624,2.0206883054690588,312.5413850763896,0.0,0.0,0.0,3.8670825287616175,50.0,0.9396551724137931,1864.2276771352856,18,0.0760030746459961
core,50,3000000.0,1,14,exclude,launch,0,0.0,prior,0.0,cyc_sector0,12600.0,43200.0,318397.8048441833,0,273063.25928104273,45334.54556314065,0,0,0.0,0,11.675778910862638,112.7388421106905,6518.4579356475715,351.1697422905128,18.562128653598624,2.0206883054690588,312.5413850763896,0.0,0.0,0.0,3.8670825287616175,50.0,0.9396551724137931,1864.2276771352856,18,0.07000374794006348
core,50,3000000.0,1,15,exclude,launch,0,0.0,prior,0.0,cluster_patrol,12600.0,43200.0,316161.6478180498,0,269898.5846971734,46263.06312087644,0,0,0.0,0,10.639119231666244,57.63664535012617,7186.086109009999,686.8318901433303,10.462656455148556,2.0208814616080213,312.65968759647893,0.0,0.0,0.0,3.9951683551271855,50.0,0.9344262295081968,1925.9747799662935,17,0.07000303268432617
core,100,3000000.0,1,13,exclude,launch,0,0.0,prior,0.0,cyc_sector0,12600.0,43200.0,932366.4182449436,0,761432.3534828253,170934.06476211827,0,0,0.0,0,10.8501829170014,122.18919649088497,7039.814254312048,320.7147737318558,21.950389663676415,2.0414474824604953,325.38385761699124,0.0,0.0,0.0,5.974770936284279,100.0,0.9320388349514563,2880.29367388018,12,0.1005103588104248
core,100,3000000.0,1,13,exclude,launch,0,0.0,prior,0.0,cluster_patrol,12600.0,43200.0,932366.4182449436,0,761432.3534828253,170934.06476211827,0,0,0.0,0,10.8501829170014,122.18919649088497,7039.814254312048,320.7147737318558,21.950389663676415,2.0414474824604953,325.38385761699124,0.0,0.0,0.0,5.974770936284279,100.0,0.9320388349514563,2880.29367388018,12,0.10351085662841797
core,50,3000000.0,2,14,exclude,launch,0,0.0,prior,0.0,cluster_patrol,12600.0,43200.0,175820.66366127998,0,159004.63339312628,16816.030268153714,0,0,0.0,0,11.675778910862638,50.217056376468804,6518.4579356475715,792.0511817014844,8.229844341175806,2.0113399929803837,306.84257442046885,0.0,0.0,0.0,1.6111014848966645,21.682926829268293,0.9646017699115044,902.8010602698481,82,0.14850974082946777
core,100,3000000.0,1,14,exclude,launch,0,0.0,prior,0.0,cyc_sector0,12600.0,43200.0,1006113.7772452271,0,844936.5492405257,161177.22800470144,0,0,0.0,0,11.97835253998471,98.66559482631796,6345.381434240381,396.7789761689586,15.992231986450705,2.0435044890058784,326.67048557262586,0.0,0.0,0.0,6.177894573280142,100.0,0.8974358974358975,2978.214704308598,11,0.09551262855529785
core,100,3000000.0,1,15,exclude,launch,0,0.0,prior,0.0,cyc_sector0,12600.0,43200.0,956151.7725994393,0,786123.2202489433,170028.55235049597,0,0,0.0,0,11.647427075364401,127.66141530233654,6535.136370950874,307.02045643724216,21.285670820721734,2.041094061347214,325.1630533717311,0.0,0.0,0.0,6.09608133502357,100.0,0.9077669902912622,2938.7745056628223,11,0.09250974655151367
core,50,3000000.0,2,14,exclude,launch,0,0.0,prior,0.0,cyc_sector0,12600.0,43200.0,140255.727314152,0,128772.67301952485,11483.054294627153,0,0,0.0,0,11.675778910862638,76.50791805968609,6518.4579356475715,519.9978724052417,12.535547319639118,2.0108609306897325,306.5519463584736,0.0,0.0,0.0,1.780922080275885,25.0,0.9739130434782609,872.6311301223135,76,0.14851021766662598
core,50,3000000.0,2,15,exclude,launch,0,0.0,prior,0.0,cluster_patrol,12600.0,43200.0,141563.19541317198,0,129809.95914525543,11753.236267916558,0,0,0.0,0,10.639119231666244,62.07056681604972,7186.086109009999,640.9269853677785,11.212019891605063,2.010924282343124,306.59037138928824,0.0,0.0,0.0,1.8289937044395141,25.0,0.9672131147540983,899.561901435444,74,0.15350961685180664
core,200,3000000.0,1,13,exclude,launch,0,0.0,prior,0.0,cluster_patrol,12600.0,43200.0,4383620.961902786,0,3318400.48500278,1065220.476900006,0,0,0.0,0,9.5786309571142,135.80690203986353,8018.59089865545,283.1680932883092,28.317423780126514,2.0802897445102793,350.1077796282254,0.0,0.0,0.0,12.369859855194585,200.0,0.6175115207373272,5963.212559552785,5,0.13350701332092285
core,200,3000000.0,1,13,exclude,launch,0,0.0,prior,0.0,cyc_sector0,12600.0,43200.0,4383620.961902786,0,3318400.48500278,1065220.476900006,0,0,0.0,0,9.5786309571142,135.80690203986353,8018.59089865545,283.1680932883092,28.317423780126514,2.0802897445102793,350.1077796282254,0.0,0.0,0.0,12.369859855194585,200.0,0.6175115207373272,5963.212559552785,5,0.1365070343017578
core,200,3000000.0,1,14,exclude,launch,0,0.0,prior,0.0,cluster_patrol,12600.0,43200.0,4263878.552901419,0,3204326.911233233,1059551.6416681865,0,0,0.0,0,9.792960241420158,146.36708022376314,7835.800210335435,263.11811715596076,29.78054227140444,2.077283754949463,348.1620866034044,0.0,0.0,0.0,11.732628226617994,200.0,0.6073903002309469,5656.018484975097,6,0.13399839401245117
core,200,3000000.0,1,15,exclude,launch,0,0.0,prior,0.0,cluster_patrol,12600.0,43200.0,4237499.018694884,0,3254438.4638012974,983060.5548935864,0,0,0.0,0,11.706709924993959,144.08093106882393,6500.354398964457,266.60046372875433,24.382382191120538,2.0826801615854666,351.6588996872197,0.0,0.0,0.0,11.64430476620254,200.0,0.6426966292134831,5613.439864471856,6,0.14599990844726562
core,100,3000000.0,2,13,exclude,launch,0,0.0,prior,0.0,cyc_sector0,12600.0,43200.0,357150.9400380671,0,331202.7816198559,25948.15841821119,0,0,0.0,0,10.8501829170014,129.3019668316658,7039.814254312048,306.10017297669907,22.998400118016047,2.0212558083795966,312.88902784471907,0.0,0.0,0.0,2.5602107289508504,50.0,0.96,1246.731114485154,52,0.19450950622558594
core,100,3000000.0,2,13,exclude,launch,0,0.0,prior,0.0,cluster_patrol,12600.0,43200.0,375784.4522744878,0,337529.06295440043,38255.389320087386,0,0,0.0,0,10.8501829170014,133.90972589730842,7039.814254312048,295.5712725770906,23.81765383669325,2.0212295758584267,312.87295398239456,0.0,0.0,0.0,2.62285989042188,50.549019607843135,0.9646464646464646,1266.1428312306937,51,0.20351123809814453
core,100,3000000.0,2,14,exclude,launch,0,0.0,prior,0.0,cyc_sector0,12600.0,43200.0,403321.1040679791,0,372773.56466710946,30547.53940086967,0,0,0.0,0,11.97835253998471,108.15454151793179,6345.381434240381,365.75050494504717,17.348934173566633,2.0223684991932274,313.57120444278377,0.0,0.0,0.0,2.610279557649528,50.0,0.9384615384615385,1274.0873248900425,52,0.20650959014892578
paper,50,3000000.0,1,15,exclude,launch,0,0.0,prior,0.0,cyc_sector0,12600.0,43200.0,926473.1873858264,0,517919.7187439816,408553.46864184475,0,0,0.0,0,9.99931808206301,47.10321893225843,7667.212238219762,839.6070472240219,9.131905530771487,2.0228483470630394,313.8656223268777,0.0,0.0,0.0,7.673913203144786,50.0,0.6133333333333333,3699.4093813192267,9,0.04300045967102051
core,100,3000000.0,2,15,exclude,launch,0,0.0,prior,0.0,cyc_sector0,12600.0,43200.0,360044.0354638157,0,328605.2723139212,31438.763149894505,0,0,0.0,0,11.647427075364401,117.87793418873189,6535.136370950874,335.7787587306359,19.46262591372972,2.0211765527494787,312.8404655655925,0.0,0.0,0.0,2.4201172149788928,50.0,0.9519230769230769,1171.09095536779,56,0.21750664710998535
paper,50,1500000.0,10,13,exclude,launch,0,0.0,prior,0.0,cyc_sector0,12600.0,43200.0,6247065.49907056,0,5418899.264099174,828166.2349713863,0,31,0.9949584025851484,35,4.616046259841628,8.180722750018164,8332.091090158548,2432.9800931675413,3.424644169328507,2.009693192549184,305.8441029240491,0.0,0.0,0.24321880650994576,0.5664485833773146,1.5018094089264173,0.39473684210526316,1309.6840555757444,829,0.18599987030029297
paper,50,1500000.0,11,13,exclude,launch,0,0.0,prior,0.0,cyc_sector0,12600.0,43200.0,6703920.40290936,0,5866243.362490681,837677.0404186798,0,35,0.9963092850612789,39,4.616046259841628,9.193733838131779,8332.091090158548,2163.4753651917354,3.851253046008281,2.0110187060305664,306.6476471831164,0.0,0.0,0.17938420348058903,0.4788671790731419,1.0722569134701159,0.3204819277108434,1353.8207790764413,1121,0.19500017166137695
core,200,3000000.0,2,15,exclude,launch,0,0.0,prior,0.0,cluster_patrol,12600.0,43200.0,1258405.1495064672,0,1107659.5252067295,150745.62429973765,0,0,0.0,0,11.706709924993959,140.16695186744815,6500.354398964457,279.38257786551947,23.266856683144344,2.042890259118008,326.28602776896764,0.0,0.0,0.0,3.9527103516683013,100.58823529411765,0.9299516908212561,1937.8735639260537,34,0.27899909019470215
paper,100,3000000.0,1,13,exclude,launch,0,0.0,prior,0.0,cluster_patrol,12600.0,43200.0,2949996.2939935643,0,1654789.3546984615,1295206.9392951028,0,0,0.0,0,9.6937128516696,40.82383395826763,7919.438460522844,960.5287950223196,8.24487355461199,2.0401674262924776,324.584482415975,0.0,0.0,0.0,13.00380900622555,100.0,0.38737864077669903,6268.824230485188,6,0.06000041961669922
paper,100,1500000.0,11,13,exclude,launch,0,0.0,prior,0.0,cluster_patrol,12600.0,43200.0,10381240.762364391,0,8945788.212906674,1435452.5494577172,0,64,0.9858534032646352,73,4.8468564258348,7.82381851475421,7919.438460522844,2539.1498848818374,3.118933036476256,2.013505803500414,308.158204118706,0.0,0.0,0.1332836932241251,0.5992416113633688,1.643141153081511,0.3269876819708847,1976.2164780246433,1006,0.25699877738952637
paper,100,1500000.0,12,13,exclude,launch,0,0.0,prior,0.0,cluster_patrol,12600.0,43200.0,11827614.184517426,0,10187638.573199831,1639975.6113175966,0,72,0.9897008397920667,82,4.8468564258348,9.423609389732388,7919.438460522844,2106.298597975697,3.7598840298018477,2.015221446658766,309.20237572677524,0.0,0.0,0.242914979757085,0.4832791164108131,1.232495511669659,0.26038159371492703,2382.0826435965364,1114,0.24299955368041992
paper,100,3000000.0,1,13,exclude,launch,0,0.0,prior,0.0,cyc_sector0,12600.0,43200.0,2949996.2939935643,0,1654789.3546984615,1295206.9392951028,0,0,0.0,0,9.6937128516696,40.82383395826763,7919.438460522844,960.5287950223196,8.24487355461199,2.0401674262924776,324.584482415975,0.0,0.0,0.0,13.00380900622555,100.0,0.38737864077669903,6268.824230485188,6,0.05699944496154785
paper,100,3000000.0,1,14,exclude,launch,0,0.0,prior,0.0,cluster_patrol,12600.0,43200.0,3233546.429343372,0,1689713.0774292648,1543833.3519141073,0,0,0.0,0,9.911461556919711,258.4720658137175,7738.130147665369,151.7000134817707,51.00942293980241,2.040284610217122,324.657621076377,0.0,0.0,0.0,12.424708315813108,100.0,0.40461215932914046,5989.65368605392,6,0.056000709533691406
paper,100,3000000.0,1,14,exclude,launch,0,0.0,prior,0.0,cyc_sector0,12600.0,43200.0,3233546.429343372,0,1689713.0774292648,1543833.3519141073,0,0,0.0,0,9.911461556919711,258.4720658137175,7738.130147665369,151.7000134817707,51.00942293980241,2.040284610217122,324.657621076377,0.0,0.0,0.0,12.424708315813108,100.0,0.40461215932914046,5989.65368605392,6,0.05800032615661621
paper,100,3000000.0,1,15,exclude,launch,0,0.0,prior,0.0,cluster_patrol,12600.0,43200.0,2827983.032974726,0,1487435.024091458,1340548.0088832679,0,0,0.0,0,9.820918369051347,46.38308004452135,7812.5443731858395,844.736363953287,9.248500131595927,2.0417812564263373,325.5924558723715,0.0,0.0,0.0,12.137314819971019,100.0,0.4107883817427386,5851.108179152349,5,0.06400060653686523
paper,100,1500000.0,11,15,exclude,launch,0,0.0,prior,0.0,cluster_patrol,12600.0,43200.0,11591940.679316735,0,10011074.857981853,1580865.8213348798,0,70,0.9941403052898095,74,4.910459184525673,10.631103518707429,7812.5443731858395,1872.191089066263,4.172941757287323,2.0097011010703003,305.8488940507729,0.0,0.0,0.2801556420233463,0.4875078086239766,1.8643892339544514,0.2966194111232279,1814.221797613895,966,0.26972031593322754
paper,100,1500000.0,12,15,exclude,launch,0,0.0,prior,0.0,cluster_patrol,12600.0,43200.0,12555678.432280645,0,10841580.074314734,1714098.3579659103,0,75,0.9972539247359816,78,4.910459184525673,11.955372430973162,7812.5443731858395,1665.3571415466788,4.6912125803418,2.009044229145731,305.45107691169073,0.0,0.0,0.30425963488843816,0.42333411995580306,1.5710431654676258,0.256043956043956,1868.3111127257544,1112,0.2727200984954834
paper,50,3000000.0,1,15,exclude,launch,0,0.0,prior,0.0,cyc,12600.0,43200.0,886438.2043945728,0,510574.11175978376,375864.092634789,0,0,0.0,0,9.99931808206301,47.102206807821034,7667.212238219762,839.6070472240219,9.131905530771487,2.0228918136940948,313.89229875671845,0.0,0.0,0.0,7.5135160693915735,49.55555555555556,0.610062893081761,3654.5708468623443,9,0.468719482421875
paper,200,1500000.0,10,13,exclude,launch,0,0.0,prior,0.0,cluster_patrol,12600.0,43200.0,20238213.66498314,0,17196196.83562533,3042016.8293578075,0,111,0.9464049069711389,127,4.646836166414484,8.475401597006975,8274.674043622275,2323.3664694371046,3.5615018777588836,2.031337041907535,319.09682820317533,0.0,0.0,0.24953445065176907,0.58389927325947,2.097772277227723,0.3459154929577465,3853.1390759181886,808,0.26171875
paper,200,1500000.0,11,13,exclude,launch,0,0.0,prior,0.0,cluster_patrol,12600.0,43200.0,23935941.569155864,0,20434818.09135083,3501123.4778050315,0,133,0.9794499080286038,146,4.646836166414484,8.843424544288446,8274.674043622275,2235.151948173001,3.7020633207446774,2.023636315129901,314.3493916958166,0.0,0.0,0.20503048780487804,0.5466972809781058,1.955420466058764,0.2651345291479821,3388.976676401195,987,0.30222606658935547
paper,200,3000000.0,1,14,exclude,launch,0,0.0,prior,0.0,cyc_sector0,12600.0,43200.0,10560112.912788177,0,6586749.854366483,3973363.058421693,0,0,0.0,0,9.258605442461842,9.5271511752622,8307.276799279487,4056.2422891539222,2.0480228268149814,2.0701558483454257,343.5700619243753,0.0,0.5714285714285714,0.0,14.54403070451292,129.2,0.22995169082125605,10853.44914227364,5,0.0969996452331543
paper,200,1500000.0,10,13,exclude,launch,0,0.0,prior,0.0,cyc_sector0,12600.0,43200.0,19614372.38625176,0,16874910.43504246,2739461.9512092983,0,110,0.9739593734649508,127,4.646836166414484,6.604283156225008,8274.674043622275,2997.2896095047654,2.7607188899538735,2.0207174784531485,312.55925124592613,0.0,0.0,0.0,0.7638893999696765,2.6784090909090907,0.39730639730639733,2780.329205331285,880,0.3305060863494873
paper,200,1500000.0,10,14,exclude,launch,0,0.0,prior,0.0,cluster_patrol,12600.0,43200.0,17804676.8039527,0,15376981.392701257,2427695.4112514425,0,92,0.9580883054255085,99,4.629302721230921,9.23343360732076,8307.276799279487,2138.578008262914,3.8844862180300703,2.0256838426030197,315.6082034930688,0.0,0.0,0.2511671335200747,0.5861328358769139,3.1492537313432836,0.48705234159779615,2585.323774721366,804,0.3215067386627197
paper,200,1500000.0,11,13,exclude,launch,0,0.0,prior,0.0,cyc_sector0,12600.0,43200.0,23164866.082946975,0,19865687.539258514,3299178.5436884584,0,131,0.9888385915790676,146,4.646836166414484,7.068097464350678,8274.674043622275,2804.64838003364,2.950342760443655,2.0178042874880093,310.7776702886925,0.0,0.0,0.0,0.6838838413160341,2.3401109057301293,0.3063973063973064,2585.145864138891,1082,0.3565061092376709
paper,200,3000000.0,1,15,exclude,launch,0,0.0,prior,0.0,cluster_patrol,12600.0,43200.0,9560427.653886693,0,5927958.510459282,3632469.1434274097,0,0,0.0,0,9.947414648405159,8.556035042752551,7708.957334908408,4520.644729366891,1.7052782946710425,2.0683167761175825,342.39022024027946,0.0,0.2857142857142857,0.0,14.567664371922653,123.0,0.22554605887939222,11419.059137819488,5,0.07400321960449219
paper,50,1500000.0,10,13,exclude,launch,0,0.0,prior,0.0,cyc,12600.0,43200.0,6258551.217181213,0,5410859.585178226,847691.6320029866,0,31,0.9966862023433397,35,4.616046259841628,6.797457072616395,8332.091090158548,2932.285105521935,2.841501010412652,2.0068149298303197,304.1028908787696,0.0,0.0,0.07639484978540773,0.6918856361867416,1.8304696449026345,0.4138755980861244,1020.71895079793,873,0.9327354431152344
paper,200,1500000.0,11,14,exclude,launch,0,0.0,prior,0.0,cluster_patrol,12600.0,43200.0,19712724.938746188,0,16930331.373180434,2782393.5655657556,0,101,0.9617040548958162,118,4.629302721230921,9.155426272576975,8307.276799279487,2156.3676624227405,3.852439889562258,2.026089431908761,315.8578566824531,0.0,0.0,0.20756172839506173,0.5528955763340032,2.7091469681397737,0.437813720022309,2480.624830061165,973,0.33101654052734375
paper,50,1500000.0,11,13,exclude,launch,0,0.0,prior,0.0,cyc,12600.0,43200.0,6753231.791126385,0,5857485.180394079,895746.6107323059,0,35,0.9980192941121848,39,4.616046259841628,7.7035766631056735,8332.091090158548,2587.1124945724114,3.2206141432344815,2.0070226285729933,304.2283723374182,0.0,0.0,0.13065693430656936,0.5882075239504685,1.4557823129251701,0.30455635491606714,1091.7328583476374,1029,1.0107355117797852
core,200,1500000.0,15,14,exclude,launch,0,0.0,prior,0.0,cyc_sector0,12600.0,43200.0,638906.2813900553,0,592897.0627561942,46009.21863386119,0,1,0.4281386488617484,21,4.896480120710079,13.144519338369749,7835.800210335435,1511.2727365505075,5.184901454796778,2.013596436299286,308.2133207035838,0.0,0.0,0.0,0.5153234272152393,6.389683350357507,0.9670050761421319,521.9557706048521,1958,1.2472419738769531
core,50,3000000.0,1,15,exclude,launch,0,0.0,prior,0.0,cyc,12600.0,43200.0,252909.15914168156,0,221132.93979007547,31776.219351606094,0,0,0.0,0,10.639119231666244,57.63541523751015,7186.086109009999,686.8318901433303,10.462656455148556,2.020924593279254,312.686107548723,0.0,0.0,0.0,3.071162221746481,47.77272727272727,0.9262295081967213,1549.559428288984,22,1.3242454528808594
core,200,1500000.0,15,14,exclude,launch,0,0.0,prior,0.0,cluster_patrol,12600.0,43200.0,675859.5631177648,0,621476.0901195109,54383.47299825388,0,1,0.4047297500708123,21,4.896480120710079,14.904193477351521,7835.800210335435,1331.9230941233614,5.883072562453588,2.0149875284406735,309.0599048670321,0.0,0.0,0.03229278794402583,0.44934903426184597,7.809251311397234,0.9720812182741116,397.95077446623503,2097,1.493241786956787
core,50,3000000.0,2,13,exclude,launch,0,0.0,prior,0.0,cyc,12600.0,43200.0,108219.19883524656,0,103583.67370612206,4635.525129124506,0,0,0.0,0,12.042817475902995,84.03861281154752,6309.630421624802,473.37089851010893,13.329147274333465,2.010988359330827,306.62923881073135,0.0,0.0,0.0,1.4697242770798595,24.32608695652174,0.9900990099009901,736.6189568588153,92,1.712244987487793
core,50,3000000.0,2,15,exclude,launch,0,0.0,prior,0.0,cyc,12600.0,43200.0,117953.73982808457,0,106896.86286345133,11056.876964633224,0,0,0.0,0,10.639119231666244,56.27279051392357,7186.086109009999,706.8285967849831,10.166660123396227,2.0113026380585284,306.8199077232416,0.0,0.0,0.0,1.3880458212835136,23.75257731958763,0.9672131147540983,706.7138091673127,97,1.7042450904846191
paper,100,3000000.0,1,15,exclude,launch,0,0.0,prior,0.0,cyc,12600.0,43200.0,2506541.895648001,0,1388726.8437599225,1117815.0518880787,0,0,0.0,0,9.820918369051347,46.41049522976289,7812.5443731858395,844.7363639532871,9.248500131595925,2.0405751539900128,324.8389953304016,0.0,0.0,0.0,10.13580408766109,92.14285714285714,0.46310679611650485,5302.882982874907,7,1.847442865371704
paper,100,1500000.0,12,13,exclude,launch,0,0.0,prior,0.0,cyc,12600.0,43200.0,11493800.681067027,0,9867357.046433266,1626443.6346337616,0,71,0.997112152871092,82,4.8468564258348,8.06287479148178,7919.438460522844,2470.610765387487,3.2054577643195734,2.0080094214953172,304.8248981469972,0.0,0.0,0.0,0.5869063150115904,2.022594752186589,0.2825361512791991,1177.8474171831465,1372,2.303225517272949
core,50,3000000.0,3,13,exclude,launch,0,0.0,prior,0.0,cyc,12600.0,43200.0,76559.82842792313,0,73320.21466897387,3239.6137589492473,0,0,0.0,0,12.042817475902995,50.596852720238616,6309.630421624802,787.3498558699486,8.013757003426699,2.008161938402628,304.9171482131233,0.0,0.0,0.0,1.0146214139478262,15.522388059701493,0.9801980198019802,529.9753074650243,201,2.6547353267669678
paper,100,1500000.0,11,13,exclude,launch,0,0.0,prior,0.0,cyc,12600.0,43200.0,10057063.557112956,0,8634304.659244932,1422758.8978680233,0,63,0.9948813032006086,73,4.8468564258348,8.123872344067257,7919.438460522844,2455.7627764023264,3.2248385457347637,2.0049820492892785,302.9966758181034,0.0,0.0,0.0,0.7049708679766545,2.9533777354900095,0.3632286995515695,1054.52066678738,1051,2.4132256507873535
core,200,3000000.0,25,15,exclude,launch,0,0.0,prior,0.0,cyc_sector0,12600.0,43200.0,216237.89546882978,0,203378.53494493055,12859.36052389922,0,1,0.35872354405728707,1,11.706709924993959,58.1170422510083,6500.354398964457,686.5996597114643,9.467459395036924,2.0048546837939365,302.9198806627836,0.0,0.0,0.0,0.48263398149211467,7.953174375179546,0.9827586206896551,235.79591456935603,3481,2.5482254028320312
core,200,3000000.0,25,15,exclude,launch,0,0.0,prior,0.0,cluster_patrol,12600.0,43200.0,204928.51231348809,0,192158.82141846343,12769.690895024665,0,1,0.37854354009582675,1,11.706709924993959,33.005505857497994,6500.354398964457,1206.8078053597553,5.386404007410832,2.0084706199636018,305.10389739893134,0.0,0.0,0.018148820326678767,0.4322833146841268,8.626541554959786,0.9802955665024631,202.6532496027914,3730,3.1062448024749756
core,200,3000000.0,1,15,exclude,launch,0,0.0,prior,0.0,cyc,12600.0,43200.0,3538160.9705588263,0,2763402.322629503,774758.6479293235,0,0,0.0,0,11.706709924993959,144.24029031338694,6500.354398964457,266.60046372875433,24.382382191120538,2.0803791794084647,350.1657513897924,0.0,0.0,0.0,9.173367773779619,189.375,0.7264367816091954,4670.374065122201,8,12.999834537506104
core,200,3000000.0,2,15,exclude,launch,0,0.0,prior,0.0,cyc,12600.0,43200.0,1095622.4918381025,0,968406.8675753645,127215.6242627379,0,0,0.0,0,11.706709924993959,150.16084546547648,6500.354398964457,260.7780961311755,24.926765305068702,2.0429708585067496,326.33646350829184,0.0,0.0,0.0,3.2279364483627297,95.63414634146342,0.941031941031941,1634.6746658945901,41,17.169443607330322
core,200,3000000.0,25,15,exclude,launch,0,0.0,prior,0.0,cyc,12600.0,43200.0,193637.91889386746,0,181527.5565974984,12110.362296369052,0,1,0.4006102010452023,1,11.706709924993959,40.60976955192267,6500.354398964457,981.6511218365616,6.621858065829953,2.006791693587213,304.0888542828627,0.0,0.0,0.0,0.4105851678450046,8.47140762463343,0.9828009828009828,188.35432908808022,4092,18.393649101257324
core,200,1500000.0,15,14,exclude,launch,0,0.0,prior,0.0,cyc,12600.0,43200.0,544073.241546125,0,508152.79146126047,35920.45008486457,0,1,0.5027640603795982,21,4.896480120710079,14.904301640725226,7835.800210335435,1334.1950093901594,5.873054654819209,2.0115417369274025,306.96500566383196,0.0,0.0,0.0,0.5134461946307961,8.459183673469388,0.9796954314720813,392.9666054170231,1960,20.122893810272217
core,50,3000000.0,1,13,exclude,launch,0,0.0,prior,0.0,cluster_patrol,12600.0,43200.0,286077.37399559945,0,250724.7760210093,35352.59797459012,0,0,0.0,0,12.042817475902995,53.32969210778372,6309.630421624802,742.1437975539411,8.501897398349138,2.021309645657758,312.92201769407274,0.0,0.0,0.0,3.945760583721316,50.0,0.95,1902.1564791580372,17,0.0689992904663086
core,50,3000000.0,1,13,exclude,launch,0,0.0,prior,0.0,cyc_sector0,12600.0,43200.0,286077.37399559945,0,250724.7760210093,35352.59797459012,0,0,0.0,0,12.042817475902995,53.32969210778372,6309.630421624802,742.1437975539411,8.501897398349138,2.021309645657758,312.92201769407274,0.0,0.0,0.0,3.945760583721316,50.0,0.95,1902.1564791580372,17,0.06500053405761719
core,50,3000000.0,1,15,exclude,launch,0,0.0,prior,0.0,cyc_sector0,12600.0,43200.0,316161.6478180498,0,269898.5846971734,46263.06312087644,0,0,0.0,0,10.639119231666244,57.63664535012617,7186.086109009999,686.8318901433303,10.462656455148556,2.0208814616080213,312.65968759647893,0.0,0.0,0.0,3.9951683551271855,50.0,0.9344262295081968,1925.9747799662935,17,0.0690009593963623
core,100,3000000.0,1,14,exclude,launch,0,0.0,prior,0.0,cluster_patrol,12600.0,43200.0,1006113.7772452271,0,844936.5492405257,161177.22800470144,0,0,0.0,0,11.97835253998471,98.66559482631796,6345.381434240381,396.7789761689586,15.992231986450705,2.0435044890058784,326.67048557262586,0.0,0.0,0.0,6.177894573280142,100.0,0.8974358974358975,2978.214704308598,11,0.10499978065490723
core,100,3000000.0,1,15,exclude,launch,0,0.0,prior,0.0,cluster_patrol,12600.0,43200.0,956151.7725994393,0,786123.2202489433,170028.55235049597,0,0,0.0,0,11.647427075364401,127.66141530233654,6535.136370950874,307.02045643724216,21.285670820721734,2.041094061347214,325.1630533717311,0.0,0.0,0.0,6.09608133502357,100.0,0.9077669902912622,2938.7745056628223,11,0.09799790382385254
core,50,3000000.0,2,13,exclude,launch,0,0.0,prior,0.0,cluster_patrol,12600.0,43200.0,126169.01780737264,0,117881.06216220658,8287.95564516606,0,0,0.0,0,12.042817475902995,89.94712488701458,6309.630421624802,442.30530027181226,14.26532853607522,2.010854083520283,306.5477934508893,0.0,0.0,0.0,1.7870255186845125,25.473684210526315,0.9702970297029703,856.6272951895746,76,0.15099883079528809
core,50,3000000.0,2,13,exclude,launch,0,0.0,prior,0.0,cyc_sector0,12600.0,43200.0,132876.89424857742,0,124041.05005426292,8835.844194314515,0,0,0.0,0,12.042817475902995,71.59699022830115,6309.630421624802,555.6280641123153,11.355852645249692,2.01099526356611,306.6334268859326,0.0,0.0,0.0,1.8175697084702165,25.0,0.9702970297029703,890.0583696696273,74,0.13899779319763184
core,200,3000000.0,1,15,exclude,launch,0,0.0,prior,0.0,cyc_sector0,12600.0,43200.0,4237499.018694884,0,3254438.4638012974,983060.5548935864,0,0,0.0,0,11.706709924993959,144.08093106882393,6500.354398964457,266.60046372875433,24.382382191120538,2.0826801615854666,351.6588996872197,0.0,0.0,0.0,11.64430476620254,200.0,0.6426966292134831,5613.439864471856,6,0.13299822807312012
paper,50,1500000.0,11,13,exclude,launch,0,0.0,prior,0.0,cluster_patrol,12600.0,43200.0,6811772.433967017,0,5872812.604018573,938959.8299484444,0,35,0.9951291408660194,39,4.616046259841628,12.279730992836988,8332.091090158548,1619.0052708945195,5.146426166701094,2.0119763695603363,307.2288517645555,0.0,0.0,0.4427040395713108,0.3701228566390432,0.9198682766190999,0.2921615201900237,1950.8327864375874,911,0.15700125694274902
paper,50,1500000.0,12,13,exclude,launch,0,0.0,prior,0.0,cluster_patrol,12600.0,43200.0,7403021.712917725,0,6415826.565870281,987195.1470474432,0,39,0.997707759139812,45,4.616046259841628,13.453468211140962,8332.091090158548,1479.527248447238,5.631590157533812,2.00956827756172,305.7684321176816,0.0,0.0,0.4693572496263079,0.33461753500051566,0.7410358565737052,0.18465227817745802,2197.0008653893456,1004,0.16623258590698242
paper,100,1500000.0,12,13,exclude,launch,0,0.0,prior,0.0,cyc_sector0,12600.0,43200.0,11789833.324298348,0,10141961.206202544,1647872.1180958026,0,72,0.9960188943653779,82,4.8468564258348,9.161008450563122,7919.438460522844,2175.938850211144,3.6395501002954997,2.006642569363411,303.9987787363709,0.0,0.0,0.10948012232415902,0.5475405059477424,1.8079739625711961,0.27242152466367714,1464.6167622879161,1229,0.31023263931274414
paper,100,1500000.0,12,15,exclude,launch,0,0.0,prior,0.0,cyc_sector0,12600.0,43200.0,12380451.652752653,0,10694628.4770672,1685823.1756854523,0,74,0.9977529348011019,78,4.910459184525673,10.099390967603297,7812.5443731858395,1973.523361455818,3.958678435619188,2.006885220707303,304.1453543036384,0.0,0.0,0.09972144846796657,0.49782256730069324,1.7540861812778603,0.2508108108108108,1378.6948028887632,1346,0.36774635314941406
paper,100,1500000.0,13,13,exclude,launch,0,0.0,prior,0.0,cyc_sector0,12600.0,43200.0,13370570.347674448,0,11439743.465693004,1930826.881981442,0,81,0.9984582608818977,85,4.8468564258348,11.785724331982756,7919.438460522844,1690.845675963402,4.683714530015014,2.0072420263771065,304.360949910078,0.0,0.0,0.07050019692792438,0.3877486502683878,1.387637506547931,0.1597300337457818,1231.1471791293936,1909,0.44174671173095703
paper,100,1500000.0,13,15,exclude,launch,0,0.0,prior,0.0,cyc_sector0,12600.0,43200.0,12812760.13399985,0,11018785.29687386,1793974.8371259905,0,77,0.998673102304356,83,4.910459184525673,9.301810845673565,7812.5443731858395,2142.636594339269,3.6462293203738625,2.0069842740085395,304.2051984301517,0.0,0.0,0.04222011385199241,0.5094727078298698,1.7217665615141955,0.23939064200217627,1187.961935384242,1585,0.4077467918395996
paper,200,1500000.0,11,14,exclude,launch,0,0.0,prior,0.0,cyc_sector0,12600.0,43200.0,19059882.864180528,0,16497551.229982894,2562331.634197634,0,99,0.9736989383527019,118,4.629302721230921,8.628336677053026,8307.276799279487,2303.241208853876,3.6067767315666,2.0127669203483642,307.70905048557296,0.0,0.0,0.0,0.6726091608197025,3.6493624772313296,0.47191629955947134,1629.0619320617914,1098,0.5177421569824219
paper,200,1500000.0,12,14,exclude,launch,0,0.0,prior,0.0,cyc_sector0,12600.0,43200.0,22828835.417037006,0,19833477.528684586,2995357.8883524183,0,118,0.9927708266916996,129,4.629302721230921,10.909453820793752,8307.276799279487,1827.0101312093916,4.546924320436294,2.006855150628876,304.127188304369,0.0,0.0,0.0,0.628326388137744,4.65809968847352,0.4130675526024363,1089.6752082619187,1284,0.6955106258392334
core,200,1500000.0,16,14,exclude,launch,0,0.0,prior,0.0,cyc_sector0,12600.0,43200.0,1153132.167219905,0,1060484.5964070384,92647.57081286644,0,3,0.6102638289358987,45,4.896480120710079,11.56525529849235,7835.800210335435,1713.389077329077,4.5732754539035,2.01859304811339,311.25953929947775,0.0,0.0,0.0,0.4842628171925066,4.006750675067507,0.9593908629441624,732.6409188518685,2222,1.0427439212799072
core,50,3000000.0,1,14,exclude,launch,0,0.0,prior,0.0,cyc,12600.0,43200.0,261253.3233617687,0,231746.5836276546,29506.739734114093,0,0,0.0,0,11.675778910862638,112.7347947474397,6518.4579356475715,351.1697422905127,18.562128653598627,2.0207608514794293,312.5858147739029,0.0,0.0,0.0,3.07058734942971,48.72727272727273,0.9224137931034483,1518.9198822481758,22,1.1457433700561523
core,200,1500000.0,16,14,exclude,launch,0,0.0,prior,0.0,cluster_patrol,12600.0,43200.0,1629458.2300337364,0,1486262.3577973475,143195.87223638908,0,5,0.6718197376612667,45,4.896480120710079,14.26883195028755,7835.800210335435,1390.5860285856636,5.634890649883104,2.0159219171813687,309.6292025428403,0.0,0.0,0.029097963142580018,0.4334138089086531,6.5724108293940695,0.9416243654822335,425.34720380117176,2327,1.3502519130706787
paper,100,1500000.0,12,15,exclude,launch,0,0.0,prior,0.0,cyc,12600.0,43200.0,12483783.99699229,0,10688804.26748544,1794979.7295068488,0,74,0.9984332518606213,78,4.910459184525673,8.451479999095717,7812.5443731858395,2357.5333373209523,3.313863795480338,2.007563913858954,304.55551215323226,0.0,0.0,0.0,0.5651167624695557,2.052594670406732,0.2678958785249458,1115.3318289031617,1426,1.9894394874572754
paper,100,1500000.0,13,15,exclude,launch,0,0.0,prior,0.0,cyc,12600.0,43200.0,12770946.684986638,0,11017415.146442942,1753531.538543695,0,77,0.9988212448572791,83,4.910459184525673,8.737374696041078,7812.5443731858395,2279.6567768938003,3.427070448662454,2.008212037083718,304.94745351615023,0.0,0.0,0.0,0.5255521708902395,1.7462417318099819,0.21810250817884405,1121.2939467927083,1663,2.0624420642852783
core,100,3000000.0,1,14,exclude,launch,0,0.0,prior,0.0,cyc,12600.0,43200.0,894989.6439425165,0,756636.7671743812,138352.87676813535,0,0,0.0,0,11.97835253998471,98.66026820895532,6345.381434240381,396.7789761689586,15.992231986450705,2.0436148167668846,326.73956573261347,0.0,0.0,0.0,5.247144664895835,96.38461538461539,0.868020304568528,2624.404840316538,13,2.412954568862915
core,100,3000000.0,1,15,exclude,launch,0,0.0,prior,0.0,cyc,12600.0,43200.0,837418.4391596575,0,703064.9575164398,134353.48164321773,0,0,0.0,0,11.647427075364401,127.66335091731065,6535.136370950874,307.0204564372421,21.28567082072174,2.0410631145468967,325.1437225410254,0.0,0.0,0.0,5.1420547724477474,96.76923076923077,0.8899521531100478,2561.62126822518,13,2.4159531593322754
core,200,3000000.0,26,15,exclude,launch,0,0.0,prior,0.0,cyc_sector0,12600.0,43200.0,217152.38102689182,0,204232.2699941188,12920.111032773006,0,1,0.3572381228897518,1,11.706709924993959,59.177874126952254,6500.354398964457,674.3658129783153,9.639211054095176,2.0046339521393852,302.78681333736034,0.0,0.0,0.0,0.48263384547363125,7.6404308202154105,0.9802955665024631,235.8033779528904,3621,2.483952522277832
core,200,3000000.0,26,15,exclude,launch,0,0.0,prior,0.0,cluster_patrol,12600.0,43200.0,203152.2878609356,0,190537.55615571368,12614.731705221937,0,1,0.3818474162296435,1,11.706709924993959,33.46584381437621,6500.354398964457,1190.2751396057831,5.46122000087926,2.0083566758182405,305.03495570016366,0.0,0.0,0.016863406408094434,0.4183449018018869,8.261454183266933,0.9827586206896551,196.66475830005982,4016,3.2315897941589355
core,100,3000000.0,1,13,exclude,launch,0,0.0,prior,0.0,cyc,12600.0,43200.0,754640.5284366519,0,647252.7880501773,107387.74038647457,0,0,0.0,0,10.8501829170014,122.19711456368577,7039.814254312048,320.7147737318558,21.950389663676415,2.041315201679211,325.301204774465,0.0,0.0,0.0,4.7197673986094255,96.6,0.926829268292683,2355.3691391843035,15,5.504081964492798
paper,200,1500000.0,11,14,exclude,launch,0,0.0,prior,0.0,cyc,12600.0,43200.0,18822638.03011773,0,16431470.964305859,2391167.065811871,0,99,0.979473544314303,118,4.629302721230921,9.514952265239076,8307.276799279487,2091.5119163494455,3.9719002958295957,2.0099860078366767,306.0215208077603,0.0,0.0,0.0,0.6895158396026985,4.518207282913165,0.5096206706981858,1349.9156848222467,1071,7.276556015014648
paper,200,1500000.0,12,13,exclude,launch,0,0.0,prior,0.0,cyc,12600.0,43200.0,26094887.538430884,0,22309633.46833522,3785254.070095666,0,147,0.9967650127068732,160,4.646836166414484,8.732226015150205,8274.674043622275,2282.1646118811095,3.625800698399993,2.0071880218420963,304.3283134026585,0.0,0.0,0.0005906674542232723,0.6334937791703671,2.9159465828750983,0.2345679012345679,1757.5089719304385,1273,7.561910152435303
paper,200,1500000.0,11,13,exclude,launch,0,0.0,prior,0.0,cyc,12600.0,43200.0,23145587.855647147,0,19828953.557015345,3316634.2986318027,0,131,0.9914148226365563,146,4.646836166414484,7.860404031918938,8274.674043622275,2531.909381639876,3.2681556866237074,2.0098653525422523,305.9484090795862,0.0,0.0,0.0,0.7196701445730878,3.174927113702624,0.3150224215246637,2000.6847391463723,1029,8.169920921325684
paper,200,1500000.0,12,14,exclude,launch,0,0.0,prior,0.0,cyc,12600.0,43200.0,22883020.27264768,0,19804129.947441634,3078890.325206047,0,118,0.9945278013853085,129,4.629302721230921,12.7038425954425,8307.276799279487,1569.8885511527533,5.291634742593375,2.0056542355017593,303.4021324147882,0.0,0.0,0.0,0.6278462272629933,5.305058365758755,0.4417960088691796,957.5691384697765,1285,8.126921892166138
core,200,1500000.0,16,14,exclude,launch,0,0.0,prior,0.0,cyc,12600.0,43200.0,1304837.9080850533,0,1197220.998819468,107616.90926558532,0,4,0.7136157496947335,45,4.896480120710079,12.583919996839223,7835.800210335435,1577.0507806114624,4.968641661175487,2.015572224927981,309.41608321355056,0.0,0.0,0.0,0.4781802343771967,5.489096573208723,0.9517766497461929,528.6237742483526,2247,11.843254089355469
core,200,3000000.0,26,15,exclude,launch,0,0.0,prior,0.0,cyc,12600.0,43200.0,191854.44975247327,0,179618.25320434663,12236.196548126612,0,1,0.40434124857761694,1,11.706709924993959,41.08625458153601,6500.354398964457,969.9835810179856,6.701509722610373,2.007377496228912,304.44282597252976,0.0,0.0,0.01514386673397274,0.37569440449556524,8.262463670914375,0.972972972972973,176.864156183001,4473,19.89275860786438
paper,50,1500000.0,13,13,exclude,launch,0,0.0,prior,0.0,cyc_sector0,12600.0,43200.0,8323367.178448328,0,7148143.864727984,1175223.3137203446,0,45,0.9996305799238429,46,4.616046259841628,15.54477767583409,8332.091090158548,1194.231592927178,6.9769474694064835,2.1547005383792515,400.0,0.0,0.0,0.3985547526403558,0.24829992148008562,0.6025166543301258,0.07177033492822966,1995.2387836104847,1351,0.20064258575439453
paper,100,1500000.0,14,13,exclude,launch,0,0.0,prior,0.0,cluster_patrol,12600.0,43200.0,14063619.79566638,0,12040740.51260966,2022879.283056719,0,85,0.9981919948173379,89,4.8468564258348,21.40742469373713,7919.438460522844,929.7917623572299,8.517432376949971,2.00960115755434,305.7883492005189,0.0,0.0,0.5717017208413002,0.2280686841995831,0.7875955819881053,0.11963882618510158,3509.424249985632,1177,0.1926407814025879
paper,50,1500000.0,12,13,exclude,launch,0,0.0,prior,0.0,cyc_sector0,12600.0,43200.0,7456787.938435834,0,6410857.262066081,1045930.6763697522,0,39,0.9984958158934893,45,4.616046259841628,10.568591546313847,8332.091090158548,1857.5641305263332,4.485493099932805,2.0375067744817743,322.92609212867245,0.0,0.0,0.19617486338797815,0.39042700826413324,0.9469476744186046,0.2014388489208633,1249.130601357362,1376,0.25314784049987793
paper,100,1500000.0,13,13,exclude,launch,0,0.0,prior,0.0,cluster_patrol,12600.0,43200.0,13424041.235694582,0,11453134.190861914,1970907.0448326669,0,81,0.9972643848421735,85,4.8468564258348,13.582223635778012,7919.438460522844,1464.3797784590874,5.4080495900156285,2.011107989082503,306.70180967593893,0.0,0.0,0.400765794511806,0.34271195022589923,1.0119047619047619,0.15410573678290213,2732.193536336002,1176,0.25014829635620117
paper,100,1500000.0,14,15,exclude,launch,0,0.0,prior,0.0,cluster_patrol,12600.0,43200.0,13465949.03019393,0,11578545.092102185,1887403.9380917454,0,81,0.9985477086886576,87,4.910459184525673,12.126483098570647,7812.5443731858395,1641.0207877439072,4.760783307277056,2.0100693573211155,306.0720319797273,0.0,0.0,0.28739316239316237,0.3823979286414581,1.2135231316725978,0.17519042437431992,1913.9451661957357,1405,0.2875082492828369
paper,100,1500000.0,13,15,exclude,launch,0,0.0,prior,0.0,cluster_patrol,12600.0,43200.0,12915689.732271284,0,11113134.010354934,1802555.7219163503,0,78,0.9981464342108298,83,4.910459184525673,11.425976209553047,7812.5443731858395,1741.4853972349536,4.486138319385406,2.010235039527206,306.17245052656085,0.0,0.0,0.2590882862088863,0.41329658217884174,1.5099846390168972,0.2123510292524377,1657.5178981525635,1302,0.3045046329498291
paper,200,1500000.0,13,13,exclude,launch,0,0.0,prior,0.0,cluster_patrol,12600.0,43200.0,28030872.751676735,0,23933644.405513786,4097228.346162949,0,160,0.9937184043894001,170,4.646836166414484,14.145977781981886,8274.674043622275,1401.2266794778147,5.905307231736367,2.0179881979279863,310.8899913362008,0.0,0.0,0.4029468289557976,0.3443495100723537,1.3427109974424551,0.14510686164229472,4138.223102309242,1173,0.29150819778442383
paper,200,1500000.0,12,13,exclude,launch,0,0.0,prior,0.0,cluster_patrol,12600.0,43200.0,26520078.16045196,0,22638853.894618016,3881224.2658339464,0,149,0.9890865361579037,160,4.646836166414484,9.653269032573766,8274.674043622275,2048.11304003333,4.040145188220479,2.0231666557548396,314.06100163456256,0.0,0.0,0.23997326203208555,0.47846880594569674,1.566340160284951,0.20898876404494382,3718.382167369636,1123,0.3225076198577881
paper,200,1500000.0,12,14,exclude,launch,0,0.0,prior,0.0,cluster_patrol,12600.0,43200.0,23053784.504499983,0,19957472.781583827,3096311.7229161556,0,118,0.9847163488188747,129,4.629302721230921,11.40169129835436,8307.276799279487,1731.7095653346908,4.797153613731945,2.025889050684535,315.73450329432507,0.0,0.0,0.3121951219512195,0.43771668604414354,2.413184772516249,0.39358761746821447,2510.414567818442,1077,0.3585066795349121
paper,50,1500000.0,13,13,exclude,launch,0,0.0,prior,0.0,cyc,12600.0,43200.0,8374468.542525258,0,7148144.348289279,1226324.1942359786,0,45,0.9996401123610873,46,4.616046259841628,15.527240090971839,8332.091090158548,1195.580444222285,6.969076092222722,2.1547005383792515,400.0,0.0,0.0,0.39866740699611325,0.2485810728137766,0.6031042128603105,0.06775700934579439,1996.1540693656723,1353,0.47614622116088867
paper,200,1500000.0,13,14,exclude,launch,0,0.0,prior,0.0,cluster_patrol,12600.0,43200.0,24440080.51104869,0,21233539.479203854,3206541.0318448353,0,126,0.9872730626740213,138,4.629302721230921,11.03787291320154,8307.276799279487,1788.5491006703987,4.6447015607039726,2.0261599874202396,315.90129593469203,0.0,0.0,0.26976463488231744,0.43289449651172374,2.007234726688103,0.37596471885336274,2605.9655630367847,1244,0.28450489044189453
paper,200,1500000.0,13,13,exclude,launch,0,0.0,prior,0.0,cyc_sector0,12600.0,43200.0,28025989.46657843,0,23859298.68359079,4166690.7829876435,0,160,0.9980060426232237,170,4.646836166414484,10.11922903841973,8274.674043622275,1969.1497496341203,4.202155801081029,2.0073995429546434,304.4561517435675,0.0,0.0,0.04225352112676056,0.5033943310082568,2.408863920099875,0.16178128523111612,1690.5881441582505,1602,0.4555060863494873
paper,200,1500000.0,12,13,exclude,launch,0,0.0,prior,0.0,cyc_sector0,12600.0,43200.0,26021510.290536378,0,22252352.259364728,3769158.031171647,0,146,0.995371821295269,160,4.646836166414484,8.505395686536552,8274.674043622275,2341.88409125195,3.5333405587971307,2.008168138747694,304.92089879579703,0.0,0.0,0.0,0.6295330277488652,2.557377049180328,0.24493243243243243,1993.245743558281,1281,0.46750783920288086
paper,50,1500000.0,12,13,exclude,launch,0,0.0,prior,0.0,cyc,12600.0,43200.0,7434322.299834026,0,6408424.095877056,1025898.2039569691,0,39,0.9989127014331981,45,4.616046259841628,9.603708138720169,8332.091090158548,2044.1790436098959,4.076008467166644,2.0375210605479017,322.9349853241329,0.0,0.0,0.14346666666666666,0.42900883518642086,0.9957446808510638,0.2038369304556355,1161.4164328461902,1410,0.6826586723327637
core,200,1500000.0,17,14,exclude,launch,0,0.0,prior,0.0,cyc_sector0,12600.0,43200.0,4622160.15498924,0,4383888.800466438,238271.3545228022,0,22,0.9283151087712667,59,4.896480120710079,13.376642687525182,7835.800210335435,1484.9402339515862,5.276845512821432,2.0137422886771263,308.30202835570157,0.0,0.0,0.00029197080291970805,0.4435841822568931,4.636046511627907,0.8908629441624365,545.3055173177204,2580,1.0216586589813232
core,50,3000000.0,1,13,exclude,launch,0,0.0,prior,0.0,cyc,12600.0,43200.0,244012.19498956285,0,219975.5419105874,24036.653078975432,0,0,0.0,0,12.042817475902995,51.598867768148295,6309.630421624802,766.9950275660076,8.226429370276191,2.0214232964601893,312.9916651654799,0.0,0.0,0.0,3.0599701612331103,45.77272727272727,0.9405940594059405,1611.3723862872635,22,1.2136597633361816
core,200,1500000.0,17,14,exclude,launch,0,0.0,prior,0.0,cluster_patrol,12600.0,43200.0,5001995.202083549,0,4739648.735760733,262346.4663228162,0,25,0.9323014433990529,59,4.896480120710079,15.027254604528377,7835.800210335435,1322.0454875583318,5.927027688591313,2.0134180075025774,308.1048173791482,0.0,0.0,0.025728987993138937,0.4087554083490842,6.385317611259034,0.8807106598984772,387.49713971068843,2629,1.3096575736999512
paper,100,1500000.0,14,13,exclude,launch,0,0.0,prior,0.0,cyc,12600.0,43200.0,14088046.271123098,0,12027283.92479693,2060762.3463261684,0,85,0.9993542343848664,89,4.8468564258348,12.7433839954161,7919.438460522844,1563.6963222729487,5.064562951079499,2.0073486336661723,304.4253809247314,0.0,0.0,0.09544159544159544,0.3500634117788993,1.2363808621506396,0.12895927601809956,1244.21409558862,2111,1.4597351551055908
paper,100,1500000.0,13,13,exclude,launch,0,0.0,prior,0.0,cyc,12600.0,43200.0,13340470.622713635,0,11435530.731791222,1904939.8909224127,0,81,0.9988654218614111,85,4.8468564258348,11.25264736124553,7919.438460522844,1771.4470442197319,4.470604123540771,2.0066753150274668,304.0185569656949,0.0,0.0,0.07458333333333333,0.4098646674306337,1.558758314855876,0.1746031746031746,1158.751301249476,1804,1.9983556270599365
core,200,3000000.0,27,15,exclude,launch,0,0.0,prior,0.0,cyc_sector0,12600.0,43200.0,215217.8656838915,0,202531.781415224,12686.084268667484,0,1,0.3604397212779587,1,11.706709924993959,59.684657030314305,6500.354398964457,668.7006503042815,9.720873452129252,2.0044514371758444,302.67680689338596,0.0,0.0,0.0,0.48159523150075045,7.374568622245819,0.9729064039408867,234.99168134765725,3767,2.317999839782715
core,200,3000000.0,27,15,exclude,launch,0,0.0,prior,0.0,cluster_patrol,12600.0,43200.0,204907.03292888193,0,192254.73321199103,12652.299716890913,0,1,0.37858692851728215,1,11.706709924993959,35.003934677684875,6500.354398964457,1138.1183813328373,5.711492324156971,2.008101611871865,304.88065795759576,0.0,0.0,0.015426808364758314,0.3979999533126099,7.7406057845593255,0.9827586206896551,191.9112164975577,4391,2.7792551517486572
core,200,1500000.0,17,14,exclude,launch,0,0.0,prior,0.0,cyc,12600.0,43200.0,4579565.13082202,0,4339416.820756091,240148.31006592847,0,23,0.9448952055280828,59,4.896480120710079,14.124918260047451,7835.800210335435,1407.7631654009201,5.566135272550521,2.011613078430991,307.0083061357879,0.0,0.0,0.0,0.45516290795925546,5.87808764940239,0.8934010152284264,441.98264216558346,2510,10.897103548049927
core,200,3000000.0,27,15,exclude,launch,0,0.0,prior,0.0,cyc,12600.0,43200.0,182790.0960874147,0,177481.56719862623,5308.528888788498,0,1,0.38632840711225064,1,11.706709924993959,41.80081804054998,6500.354398964457,953.374214925846,6.818261179289455,2.007436443785439,304.4784564801155,0.0,0.0,0.013774104683195593,0.3552485154841332,7.973368570847733,0.9778869778869779,166.52521879086657,4919,18.668156385421753
paper,50,1500000.0,14,13,exclude,launch,0,0.0,prior,0.0,cluster_patrol,12600.0,43200.0,8403125.083351975,0,7213183.022335769,1189942.0610162076,0,46,0.9995964419389977,48,4.616046259841628,42.645561626412025,8332.091090158548,468.20559505368635,17.79579564657521,2.0033164344955408,301.9931603186533,0.0,0.0,0.7702219040801718,0.1282890601532199,0.4618320610687023,0.045454545454545456,3363.9601488431153,1048,0.13399767875671387
paper,50,1500000.0,13,13,exclude,launch,0,0.0,prior,0.0,cluster_patrol,12600.0,43200.0,8326917.453746039,0,7148765.305974132,1178152.1477719066,0,45,0.9995541820809881,46,4.616046259841628,25.10369125568222,8332.091090158548,795.1426655369029,10.478737277331842,2.003906015623727,302.3481864616519,0.0,0.0,0.6561814191660571,0.1968971467797816,0.580896686159844,0.07655502392344497,2736.2638657200037,1026,0.1459977626800537
paper,100,1500000.0,15,15,exclude,launch,0,0.0,prior,0.0,cyc_sector0,12600.0,43200.0,14197942.13500649,0,12195272.371278532,2002669.7637279578,0,86,0.9995535138637454,89,4.910459184525673,13.45413377188795,7812.5443731858395,1478.3972344791919,5.284469012104202,2.011004805441183,306.63921498754934,0.0,0.0,0.11828665568369028,0.32433155300218935,1.1362839614373357,0.12733260153677278,1256.1431307359012,2282,0.3855116367340088
paper,100,1500000.0,15,13,exclude,launch,0,0.0,prior,0.0,cyc_sector0,12600.0,43200.0,14460459.976024471,0,12368814.303105183,2091645.6729192883,0,87,0.9995102503816228,91,4.8468564258348,13.68398788224021,7919.438460522844,1455.0853060597765,5.4425939342126135,2.0089024819092334,305.36526540078347,0.0,0.0,0.11608300907911803,0.31886905894811335,1.0189818809318378,0.09731543624161074,1375.7500644075917,2318,0.4005107879638672
paper,100,1500000.0,14,13,exclude,launch,0,0.0,prior,0.0,cyc_sector0,12600.0,43200.0,14001493.625120208,0,12028003.890232582,1973489.7348876258,0,85,0.9992997861933169,89,4.8468564258348,13.187142550706167,7919.438460522844,1512.6488003184154,5.235477302369055,2.0052622735315087,303.1656715757214,0.0,0.0,0.14161392405063292,0.3536447791195696,1.2188321935823252,0.13641488162344984,1407.8622325976985,1901,0.4175117015838623
paper,100,1500000.0,14,15,exclude,launch,0,0.0,prior,0.0,cyc_sector0,12600.0,43200.0,13486230.55469426,0,11575448.611071467,1910781.943622793,0,81,0.9988786749255771,87,4.910459184525673,12.214642142746323,7812.5443731858395,1630.6623092520297,4.791025296199668,2.008238137939691,304.96324283882893,0.0,0.0,0.10259344012204424,0.3748074345693543,1.2623033992897006,0.1733477789815818,1307.610880208157,1971,0.42551112174987793
paper,200,1500000.0,13,14,exclude,launch,0,0.0,prior,0.0,cyc_sector0,12600.0,43200.0,24324226.2891347,0,21104952.87338434,3219273.4157503545,0,126,0.9951279413984241,138,4.629302721230921,12.497762205914668,8307.276799279487,1595.2481740309822,5.207513748966151,2.0063166533987853,303.80196207231927,0.0,0.0,0.0,0.5211442259095505,3.658318425760286,0.4101433296582139,1063.541563725418,1677,0.6545107364654541
paper,200,1500000.0,14,14,exclude,launch,0,0.0,prior,0.0,cyc_sector0,12600.0,43200.0,26520810.303011283,0,22981396.47958416,3539413.8234271216,0,137,0.9980793169657597,141,4.629302721230921,17.10093486241353,8307.276799279487,1167.1788728688632,7.117398191813261,2.004023088603402,302.41870873461437,0.0,0.0,0.0,0.42847617694544543,3.785063752276867,0.34662236987818384,783.6464764654539,2196,0.8835113048553467
paper,100,1500000.0,15,15,exclude,launch,0,0.0,prior,0.0,cyc,12600.0,43200.0,14197942.13500649,0,12195272.371278532,2002669.7637279578,0,86,0.9995535138637454,89,4.910459184525673,13.45413377188795,7812.5443731858395,1478.3972344791919,5.284469012104202,2.011004805441183,306.63921498754934,0.0,0.0,0.11828665568369028,0.32433155300218935,1.1362839614373357,0.12733260153677278,1256.1431307359012,2282,1.0855112075805664
core,200,1500000.0,18,14,exclude,launch,0,0.0,prior,0.0,cyc_sector0,12600.0,43200.0,7717673.237746158,0,7234742.608948747,482930.628797411,0,43,0.974376473141298,77,4.896480120710079,17.064254228554322,7835.800210335435,1167.401947063999,6.712169900043745,2.007947091994084,304.7872020777992,0.0,0.0,0.0,0.42851137910880366,5.308781869688385,0.7791878172588832,434.8779101687077,2824,1.320901870727539
core,200,1500000.0,18,14,exclude,launch,0,0.0,prior,0.0,cluster_patrol,12600.0,43200.0,8053175.118258158,0,7555554.884656069,497620.23360208847,0,45,0.9761740663530732,77,4.896480120710079,15.723040154893624,7835.800210335435,1264.6277104239996,6.196131988684858,2.0116886885985004,307.0542007914461,0.0,0.0,0.022533800701051578,0.3802984863383794,6.281676089125374,0.766497461928934,344.490469186692,3007,1.5344123840332031
paper,100,1500000.0,14,15,exclude,launch,0,0.0,prior,0.0,cyc,12600.0,43200.0,13454386.545085084,0,11571697.55992282,1882688.9851622637,0,81,0.9991784724111376,87,4.910459184525673,10.483971330641415,7812.5443731858395,1902.5427958407204,4.106369848954452,2.0053940963147907,303.24518667139046,0.0,0.0,0.1267074894017899,0.46386400128468125,1.5432330827067668,0.16703056768558952,1317.3769352359839,1596,1.9619042873382568
core,200,3000000.0,28,15,exclude,launch,0,0.0,prior,0.0,cyc_sector0,12600.0,43200.0,214742.39470681053,0,202104.53325407908,12637.861452731433,0,1,0.3612390476740903,1,11.706709924993959,58.59087371447305,6500.354398964457,681.2239598773174,9.542169362532572,2.0043340213399543,302.6060479262651,0.0,0.0,0.0,0.4790837650164485,7.101630157921549,0.9802955665024631,233.9782938250009,3926,2.5074100494384766
core,200,3000000.0,28,15,exclude,launch,0,0.0,prior,0.0,cluster_patrol,12600.0,43200.0,214359.75402608787,0,200663.4065854352,13696.34744065265,0,1,0.36188724541500994,1,11.706709924993959,33.517681490518044,6500.354398964457,1188.4426035013432,5.4696410073261985,2.00834262242115,305.0264532573484,0.0,0.0,0.014858841010401188,0.3980583012723521,7.342399649045843,0.9802955665024631,194.9843508026267,4559,3.0171148777008057
paper,200,1500000.0,14,13,exclude,launch,0,0.0,prior,0.0,cyc,12600.0,43200.0,29481736.632358428,0,25191510.04889425,4290226.583464177,0,168,0.9991463175572071,178,4.646836166414484,10.268323347287064,8274.674043622275,1942.6064842058906,4.259572955664689,2.0052827654086816,303.1780315283178,0.0,0.0,0.0,0.491767310012416,2.063251437532671,0.13284341435839458,1651.1877151752042,1913,4.873594760894775
paper,200,1500000.0,13,13,exclude,launch,0,0.0,prior,0.0,cyc,12600.0,43200.0,27758753.95782938,0,23672883.713704947,4085870.244124432,0,159,0.9982309900950289,170,4.646836166414484,9.544621987302824,8274.674043622275,2088.0037988181116,3.9629592859486418,2.0071044505025526,304.27781226661466,0.0,0.0,0.0,0.5327792867035015,2.543956043956044,0.1703204047217538,1566.1915615821802,1638,5.553286552429199
paper,200,1500000.0,13,14,exclude,launch,0,0.0,prior,0.0,cyc,12600.0,43200.0,24462391.64144917,0,21082399.3636881,3379992.2777610696,0,126,0.9964843835003692,138,4.629302721230921,12.853286807644045,8307.276799279487,1551.9471155945132,5.352809200651899,2.0052516149120283,303.15924278497226,0.0,0.0,0.0,0.574037764773696,4.87310979618672,0.4088397790055249,881.2793754816357,1521,9.103655338287354
paper,200,1500000.0,14,14,exclude,launch,0,0.0,prior,0.0,cyc,12600.0,43200.0,26371921.654677927,0,22750646.91942753,3621274.7352503976,0,136,0.9980726516554148,141,4.629302721230921,14.899315362444655,8307.276799279487,1339.5647648216022,6.201474551613647,2.0041488005073216,302.4944440680879,0.0,0.0,0.0,0.48826564573730163,4.346473029045643,0.3659878921298844,778.942395510006,1928,12.521996021270752
core,200,1500000.0,18,14,exclude,launch,0,0.0,prior,0.0,cyc,12600.0,43200.0,7822052.358390388,0,7338860.537522854,483191.8208675336,0,44,0.9806818586138404,77,4.896480120710079,17.960407836691587,7835.800210335435,1109.5275383829114,7.062285467700762,2.0072696184391887,304.3776252691885,0.0,0.0,0.0002697599136768276,0.43408415716857296,6.321863799283154,0.7715736040609137,369.7070989097737,2790,15.674628496170044
core,200,3000000.0,28,15,exclude,launch,0,0.0,prior,0.0,cyc,12600.0,43200.0,189531.94192776736,0,177257.0764767903,12274.865450977053,0,1,0.40929911805946867,1,11.706709924993959,40.65574143551865,6500.354398964457,980.0587692399278,6.6326169439876805,2.00777934617991,304.68576317604214,0.0,0.0,0.01283147989734816,0.343676633029287,7.559575677211593,0.9802955665024631,163.59688238572772,5279,23.146122932434082
paper,50,1500000.0,14,13,exclude,launch,0,0.0,prior,0.0,cyc_sector0,12600.0,43200.0,8389233.712087125,0,7212562.327309482,1176671.3847776428,0,46,0.9996843611955206,48,4.616046259841628,19.75823698684305,8332.091090158548,939.5607825673891,8.868070320464804,2.1547005383792515,400.0,0.0,0.0,0.4896288209606987,0.19537598058183148,0.5112563543936093,0.04316546762589928,2317.993317686142,1377,0.12360739707946777
paper,50,1500000.0,15,13,exclude,launch,0,0.0,prior,0.0,cyc_sector0,12600.0,43200.0,8700479.603350533,0,7480525.640254809,1219953.9630957241,0,47,0.9998550729236528,48,4.616046259841628,26.62455488497699,8332.091090158548,697.2535197568704,11.949873115110147,2.1547005383792515,400.0,0.0,0.0,0.5816216216216217,0.14499802933419498,0.41942446043165466,0.028846153846153848,2787.0350996349493,1390,0.1616077423095703
paper,100,1500000.0,15,13,exclude,launch,0,0.0,prior,0.0,cluster_patrol,12600.0,43200.0,14429837.326374423,0,12376994.602704378,2052842.7236700468,0,87,0.9988463243520874,91,4.8468564258348,18.499411879553456,7919.438460522844,1076.822739231421,7.354449504080234,2.0079729200948524,304.8028222933633,0.0,0.0,0.5146299483648882,0.25709753308271005,0.8264525993883792,0.0945945945945946,3018.4179602411214,1308,0.19460773468017578
paper,100,1500000.0,16,13,exclude,launch,0,0.0,prior,0.0,cluster_patrol,12600.0,43200.0,14690733.619629798,0,12593405.59388021,2097328.0257495893,0,89,0.9987313760515135,92,4.8468564258348,31.186006801708544,7919.438460522844,638.3319888645684,12.406457139347705,2.0093408482719095,305.6306843970772,0.0,0.0,0.6730213749277874,0.15523746896382715,0.5296381832178599,0.07977528089887641,4727.155319571382,1299,0.1966078281402588
paper,100,1500000.0,16,15,exclude,launch,0,0.0,prior,0.0,cluster_patrol,12600.0,43200.0,14470828.687799407,0,12382868.423589397,2087960.2642100106,0,87,0.9990551433588684,93,4.910459184525673,25.733372755664114,7812.5443731858395,774.0061539096844,10.093646327904331,2.0082550454556296,304.9734710060202,0.0,0.0,0.5899122807017544,0.19619870299579162,0.7258771929824561,0.11764705882352941,3276.185692459385,1368,0.2220001220703125
paper,200,1500000.0,14,13,exclude,launch,0,0.0,prior,0.0,cluster_patrol,12600.0,43200.0,29506731.060897592,0,25224498.44333769,4282232.617559907,0,168,0.997692774032633,178,4.646836166414484,15.492497977120184,8274.674043622275,1281.9143826074192,6.454935022096838,2.0140930137113955,308.5153921374783,0.0,0.0,0.42244418331374856,0.3155169560320427,1.3067292644757433,0.12394366197183099,3905.227061901478,1278,0.22600007057189941
paper,100,1500000.0,15,15,exclude,launch,0,0.0,prior,0.0,cluster_patrol,12600.0,43200.0,14202789.898485634,0,12200713.75446088,2002076.1440247549,0,86,0.9991096465727544,89,4.910459184525673,20.04393147127253,7812.5443731858395,994.2424765444139,7.857785759002265,2.00717282621977,304.31913056265574,0.0,0.0,0.5062076749435666,0.2528438163334369,1.087218045112782,0.12910284463894967,2250.383627426255,1330,0.24199986457824707
paper,200,1500000.0,15,13,exclude,launch,0,0.0,prior,0.0,cluster_patrol,12600.0,43200.0,30646325.07213144,0,26219239.14827643,4427085.923855011,0,175,0.9986594224747247,182,4.646836166414484,17.035829317438175,8274.674043622275,1167.4288592976068,7.0879471393235915,2.0112510603894997,306.7886121416663,0.0,0.0,0.4327798607391537,0.28766942345636337,1.2489300998573467,0.0893760539629005,3718.0589838964147,1402,0.23600006103515625
paper,200,1500000.0,15,14,exclude,launch,0,0.0,prior,0.0,cluster_patrol,12600.0,43200.0,26888973.04082635,0,23266323.58690644,3622649.4539199127,0,138,0.9882640461832467,148,4.629302721230921,20.5519742417385,8307.276799279487,961.5505795178366,8.63945899075337,2.0241109318765167,314.64096023669606,0.0,0.0,0.4980544747081712,0.24868513232698916,1.471502590673575,0.30244173140954494,3276.7812975218935,1351,0.2737083435058594
paper,50,1500000.0,15,13,exclude,launch,0,0.0,prior,0.0,cyc,12600.0,43200.0,8642882.0090708,0,7480524.911784086,1162357.0972867133,0,47,0.999848796461255,48,4.616046259841628,26.61120271536242,8332.091090158548,697.6033666750924,11.943880273787736,2.1547005383792515,400.0,0.0,0.0,0.5821621621621622,0.14507074812243417,0.4197264218862491,0.03365384615384615,2786.0669619048385,1389,0.3233163356781006
paper,200,1500000.0,14,14,exclude,launch,0,0.0,prior,0.0,cluster_patrol,12600.0,43200.0,26328696.20244577,0,22651916.612064928,3676779.590380844,0,135,0.9912757618653646,141,4.629302721230921,13.932564817118223,8307.276799279487,1419.3003989013298,5.853078605283343,2.0228076822792156,313.8406664788142,0.0,0.0,0.35086737548964747,0.35037561297202996,1.8501118568232662,0.3259668508287293,2625.2903282177185,1341,0.2857086658477783
paper,50,1500000.0,14,13,exclude,launch,0,0.0,prior,0.0,cyc,12600.0,43200.0,8372687.550507372,0,7212561.734622041,1160125.815885332,0,46,0.9996790017168083,48,4.616046259841628,19.749258090191027,8332.091090158548,939.9879489513837,8.864040330999483,2.1547005383792515,400.0,0.0,0.0,0.4898962315674495,0.19546557430267644,0.512,0.047961630695443645,2304.909685620738,1375,0.39231300354003906
paper,200,1500000.0,14,13,exclude,launch,0,0.0,prior,0.0,cyc_sector0,12600.0,43200.0,29371161.880442258,0,25199409.45833521,4171752.4221070474,0,168,0.9987288178412169,178,4.646836166414484,10.7375953654893,8274.674043622275,1857.959535699198,4.453635229740513,2.00501075246767,303.01398377268947,0.0,0.0,0.037098791162984576,0.4847441878039136,1.9023849140321687,0.1324354657687991,1889.905054951038,1803,0.36470794677734375
paper,200,1500000.0,15,13,exclude,launch,0,0.0,prior,0.0,cyc_sector0,12600.0,43200.0,30628417.011412032,0,26081029.28078581,4547387.730626224,0,174,0.9993381263359774,182,4.646836166414484,11.534393361502573,8274.674043622275,1729.5194730547119,4.784377494754298,2.0051172669360486,303.0782160878975,0.0,0.0,0.06634544106745738,0.43124747607075675,1.6518737672583828,0.09422321929332586,1945.5645936099893,2028,0.42070841789245605
paper,100,1500000.0,15,13,exclude,launch,0,0.0,prior,0.0,cyc,12600.0,43200.0,14490094.795615772,0,12368459.11838499,2121635.6772307795,0,87,0.9995354107640193,91,4.8468564258348,13.212509690977834,7919.438460522844,1506.8468907118975,5.255635797729503,2.0091184699298994,305.4960259060984,0.0,0.0,0.12005365526492287,0.3297976593834985,1.0883534136546185,0.1019036954087346,1331.648655027532,2241,1.367532730102539
paper,100,1500000.0,16,13,exclude,launch,0,0.0,prior,0.0,cyc,12600.0,43200.0,14672450.208525104,0,12582229.977092264,2090220.231432839,0,89,0.999623034298001,92,4.8468564258348,18.539226518673985,7919.438460522844,1071.4218808965838,7.391522052821737,2.0137607372699353,308.31324972902473,0.0,0.0,0.1793478260869565,0.22988307970719868,0.9749144811858609,0.08616780045351474,1268.9669208871962,2631,2.0157535076141357
core,200,3000000.0,29,15,exclude,launch,0,0.0,prior,0.0,cyc_sector0,12600.0,43200.0,220384.09627235399,0,207344.055429828,13040.040842526,0,1,0.3519982541579241,7,11.706709924993959,49.64036755320361,6500.354398964457,803.9510622511116,8.085510056747822,2.0045891950010866,302.7598352138791,0.0,0.0,0.0,0.4674163734680285,6.6520278377729785,0.9778325123152709,234.81368157567806,4167,2.3082590103149414
core,200,3000000.0,29,15,exclude,launch,0,0.0,prior,0.0,cluster_patrol,12600.0,43200.0,221410.0139935504,0,207489.39709635673,13920.616897193679,0,1,0.3503567925586375,7,11.706709924993959,32.368583623264435,6500.354398964457,1230.3370817001864,5.283393060039858,2.008825336502584,305.3185678708656,0.0,0.0,0.014071294559099437,0.3910685895454446,6.8788697278204864,0.9778325123152709,197.23943489811177,4813,2.7077698707580566
core,200,3000000.0,29,15,exclude,launch,0,0.0,prior,0.0,cyc,12600.0,43200.0,190569.40574993723,0,178628.40798077855,11940.997769158683,0,1,0.40706486347353604,7,11.706709924993959,37.92125154155999,6500.354398964457,1051.4809624043137,6.182094237922066,2.0063463711886973,303.8199056413979,0.0,0.0,0.0,0.4078356440535479,7.4276150627615065,0.9802955665024631,183.71333376888796,4780,17.234108209609985
paper,50,1500000.0,15,13,exclude,launch,0,0.0,prior,0.0,cluster_patrol,12600.0,43200.0,8677004.411170032,0,7480858.481017684,1196145.9301523482,0,47,0.9998133553605029,48,4.616046259841628,42.942519933108706,8332.091090158548,464.44608002378413,17.939845869152055,2.005566947513289,303.34946577935807,0.0,0.0,0.7041062801932367,0.1084350956162902,0.39662107803700725,0.03597122302158273,3298.796905989331,1243,0.1289980411529541
paper,50,1500000.0,16,13,exclude,launch,0,0.0,prior,0.0,cluster_patrol,12600.0,43200.0,8785643.96802985,0,7589089.655834077,1196554.3121957728,0,48,0.9999183731925038,48,4.616046259841628,40.18457144749756,8332.091090158548,461.96995356202143,18.036002181340848,2.1547005383792515,400.00000000000006,0.0,0.0,0.6732832618025751,0.09609975685909632,0.3280914939242316,0.007194244604316547,3537.766335041377,1399,0.1679985523223877
paper,100,1500000.0,16,15,exclude,launch,0,0.0,prior,0.0,cyc_sector0,12600.0,43200.0,14443521.32969664,0,12376318.661264464,2067202.6684321766,0,87,0.9996382830788267,93,4.910459184525673,14.600958065058563,7812.5443731858395,1364.143301428014,5.72707014358939,2.0082540104502375,304.97284487669634,0.0,0.0,0.1834924965893588,0.3051158166461094,1.0748978665456197,0.12117903930131005,1376.2268941842071,2203,0.33899950981140137
paper,100,1500000.0,16,13,exclude,launch,0,0.0,prior,0.0,cyc_sector0,12600.0,43200.0,14677063.345838105,0,12582594.290978692,2094469.054859412,0,89,0.9996008062091385,92,4.8468564258348,19.48783835399487,7919.438460522844,1022.8027066402842,7.742879842913909,2.0068016714645687,304.09488169915494,0.0,0.0,0.2302504816955684,0.22955374798749775,1.0021331058020477,0.08049886621315193,1388.4314511714847,2344,0.40999770164489746
paper,100,1500000.0,17,13,exclude,launch,0,0.0,prior,0.0,cyc_sector0,12600.0,43200.0,15210092.834859733,0,12984682.31540639,2225410.5194533425,0,91,0.9997689827016961,92,4.8468564258348,23.472166313353984,7919.438460522844,846.971275086313,9.350303479555185,2.0120470682951126,307.27178053341964,0.0,0.0,0.26283367556468173,0.18341690152562815,0.8955165692007797,0.06053811659192825,1418.0010634248426,2565,0.4089977741241455
paper,100,1500000.0,17,15,exclude,launch,0,0.0,prior,0.0,cyc_sector0,12600.0,43200.0,14477172.213668857,0,12412458.499984663,2064713.7136841945,0,88,0.9996573860347009,93,4.910459184525673,16.23227544441121,7812.5443731858395,1225.3485467330618,6.375773157780369,2.011041105763365,306.66123526296207,0.0,0.0,0.18768679019725046,0.267306044358575,0.9570747217806042,0.09518599562363239,1354.0444609715096,2516,0.4010026454925537
paper,200,1500000.0,15,14,exclude,launch,0,0.0,prior,0.0,cyc_sector0,12600.0,43200.0,26704414.915541925,0,23108748.02337881,3595666.8921631137,0,138,0.9975997472976245,148,4.629302721230921,15.696556693583167,8307.276799279487,1271.543582634188,6.53322222905624,2.0041228883016506,302.4788324433749,0.0,0.0,0.0,0.42979160624643875,3.252770673486786,0.3507214206437292,854.478326764305,2346,0.7115180492401123
paper,200,1500000.0,16,14,exclude,launch,0,0.0,prior,0.0,cyc_sector0,12600.0,43200.0,27623614.98935924,0,23960641.34269641,3662973.6466628313,0,143,0.997542891755757,149,4.629302721230921,17.074684703259113,8307.276799279487,1168.6273537169686,7.10857637625641,2.004616270407616,302.7761552303125,0.0,0.0,0.0,0.3433294742197276,2.288130185067007,0.32393587617468217,907.6079335613371,3134,0.7772810459136963
paper,100,1500000.0,17,15,exclude,launch,0,0.0,prior,0.0,cyc,12600.0,43200.0,14429711.328219943,0,12412305.884540563,2017405.4436793807,0,88,0.9996664568921982,93,4.910459184525673,17.23801753842698,7812.5443731858395,1150.7308877427186,6.789201938005661,2.0165031398441853,309.98358999392605,0.0,0.0,0.17319360176503035,0.24679777498952135,0.9479281261459479,0.10087719298245613,1261.3119207184004,2727,1.2437829971313477
paper,100,1500000.0,16,15,exclude,launch,0,0.0,prior,0.0,cyc,12600.0,43200.0,14444697.118395442,0,12376165.42072316,2068531.697672282,0,87,0.99965159567377,93,4.910459184525673,15.692852114852936,7812.5443731858395,1267.7190887903585,6.162677869464339,2.010643524105194,306.42009984472975,0.0,0.0,0.16749688667496887,0.27863989554866914,1.0542667771333887,0.12253829321663019,1280.4993924018038,2414,1.5317816734313965
core,200,3000000.0,30,15,exclude,launch,0,0.0,prior,0.0,cyc_sector0,12600.0,43200.0,218309.76646836774,0,205927.79137849537,12381.975089872381,0,1,0.35534306375204444,13,11.706709924993959,52.76590100174154,6500.354398964457,756.4460812040983,8.5932818749187,2.004281193033173,302.57421440404,0.0,0.0,0.0,0.4704095299267727,6.450303313112459,0.9802955665024631,235.87742852096264,4286,2.395491123199463
core,200,3000000.0,30,15,exclude,launch,0,0.0,prior,0.0,cluster_patrol,12600.0,43200.0,220697.88158006055,0,206451.14190203583,14246.739678024729,0,1,0.35149437374181214,13,11.706709924993959,34.21230522815668,6500.354398964457,1164.0691860271588,5.584164993791698,2.008763718896442,305.28127216853403,0.0,0.0,0.012672486623486343,0.36483536344333534,6.6061739943872775,0.9778325123152709,184.85017996919336,5345,3.099881649017334
paper,200,1500000.0,16,13,exclude,launch,0,0.0,prior,0.0,cyc,12600.0,43200.0,31419488.95072172,0,26864362.16401231,4555126.786709412,0,179,0.9996426704796285,184,4.646836166414484,14.241005722389307,8274.674043622275,1401.180196321213,5.905503136104381,2.004588985900584,302.759709177829,0.0,0.0,0.16197691197691197,0.3548406906720252,1.5989433237271855,0.07090602138435566,1956.2026400909824,2082,3.610605001449585
paper,200,1500000.0,15,13,exclude,launch,0,0.0,prior,0.0,cyc,12600.0,43200.0,30531009.330371022,0,26078341.924363494,4452667.406007526,0,174,0.9994385278182933,182,4.646836166414484,11.129206184626188,8274.674043622275,1792.6535378261658,4.615880240671844,2.0049310436881327,302.96592077043596,0.0,0.0,0.03190358029067707,0.44378539838857833,1.7034417727487035,0.09820426487093153,1803.3285250257657,2121,3.791621208190918
paper,200,1500000.0,15,14,exclude,launch,0,0.0,prior,0.0,cyc,12600.0,43200.0,26626023.27815029,0,23097922.304627594,3528100.973522695,0,138,0.9981320598287647,148,4.629302721230921,15.312953394811313,8307.276799279487,1303.6277405454994,6.3724302121734,2.0037680020548803,302.2650605847738,0.0,0.0,0.0,0.4685076421615959,3.8625812441968432,0.33076074972436603,784.3606499054671,2154,8.007591962814331
paper,200,1500000.0,16,14,exclude,launch,0,0.0,prior,0.0,cyc,12600.0,43200.0,27428268.532987352,0,23781835.262164682,3646433.2708226657,0,143,0.9976444681501059,149,4.629302721230921,17.25508642268464,8307.276799279487,1155.3217266241038,7.190444538382985,2.0065034550303444,303.91476149640613,0.0,0.0,0.2155448717948718,0.3581385219085423,3.0778666666666665,0.3220620842572062,1127.0577539985732,1875,13.906449556350708
core,200,3000000.0,30,15,exclude,launch,0,0.0,prior,0.0,cyc,12600.0,43200.0,192178.4763222543,0,179412.68292883752,12765.793393416783,0,1,0.40365839646239665,13,11.706709924993959,36.171948205045965,6500.354398964457,1101.3694902381071,5.90206507133145,2.008098654064823,304.8788688981925,0.0,0.0,0.01252261026854042,0.3601112977676534,7.243573145921953,0.980246913580247,166.2186701151391,5407,19.287986516952515
paper,50,1500000.0,16,13,exclude,launch,0,0.0,prior,0.0,cyc_sector0,12600.0,43200.0,8822127.959459972,0,7589089.6193817025,1233038.340078268,0,48,0.9999205152647925,48,4.616046259841628,40.14748782900236,8332.091090158548,462.3966681197819,18.019357976861883,2.1547005383792515,400.0,0.0,0.0,0.6732832618025751,0.09618901596027303,0.32833690221270523,0.007211538461538462,3532.9189110103543,1401,0.14699769020080566
paper,50,1500000.0,17,13,exclude,launch,0,0.0,prior,0.0,cyc_sector0,12600.0,43200.0,8828755.258378107,0,7589089.519155862,1239665.739222245,0,48,0.9999206543195237,48,4.616046259841628,42.22340219665482,8332.091090158548,439.6629271854587,18.95108860666777,2.1547005383792515,400.0,0.0,0.0,0.6883316274309109,0.09146046182056809,0.3122017723244717,0.007211538461538462,3548.892879395398,1467,0.16350555419921875
paper,100,1500000.0,17,13,exclude,launch,0,0.0,prior,0.0,cluster_patrol,12600.0,43200.0,15191241.865163015,0,12993988.846056474,2197253.019106539,0,91,0.9990192229429735,92,4.8468564258348,33.02041250743397,7919.438460522844,602.864038915618,13.1363590284265,2.00936169138165,305.6433072086477,0.0,0.0,0.6686201385189131,0.14317163477391037,0.4918381831085876,0.06621773288439955,4691.026472066483,1409,0.17950654029846191
paper,100,1500000.0,18,13,exclude,launch,0,0.0,prior,0.0,cluster_patrol,12600.0,43200.0,15232439.391133415,0,13021371.816875853,2211067.574257562,0,92,0.9991334604388146,93,4.8468564258348,53.116477939713825,7919.438460522844,374.96193212842184,21.120646609561668,2.0083691558324754,305.04250633028977,0.0,0.0,0.76033934252386,0.09529694074819382,0.4098939929328622,0.04377104377104377,5605.954727012937,1415,0.18350625038146973
paper,100,1500000.0,18,15,exclude,launch,0,0.0,prior,0.0,cluster_patrol,12600.0,43200.0,15066775.76319976,0,12893377.173413327,2173398.5897864336,0,93,0.9996097929800523,93,4.910459184525673,65.05345313306574,7812.5443731858395,306.66417644733883,25.47589504484372,2.0050563882827714,303.04150308840275,0.0,0.0,0.7441619097042034,0.09279475987790246,0.5684647302904564,0.05066079295154185,3942.682266859391,1446,0.19650816917419434
paper,50,1500000.0,17,13,exclude,launch,0,0.0,prior,0.0,cyc,12600.0,43200.0,8814767.767096186,0,7589089.855971386,1225677.9111248008,0,48,0.999919038043267,48,4.616046259841628,42.13778864437378,8332.091090158548,440.55621338327745,18.912662759132967,2.1547005383792515,400.00000000000006,0.0,0.0,0.6883316274309109,0.09164625666705836,0.3128834355828221,0.007194244604316547,3536.960817520123,1467,0.2315061092376709
paper,100,1500000.0,17,15,exclude,launch,0,0.0,prior,0.0,cluster_patrol,12600.0,43200.0,14585578.69411456,0,12542045.148016917,2043533.5460976432,0,89,0.9989830735740572,93,4.910459184525673,21.544854430835432,7812.5443731858395,923.5443763148994,8.459305880199533,2.0102897537306306,306.20561594792946,0.0,0.0,0.5106786900806835,0.21212303776869407,0.7155499367888748,0.09440175631174534,2871.548847989121,1582,0.25250673294067383
paper,200,1500000.0,17,13,exclude,launch,0,0.0,prior,0.0,cluster_patrol,12600.0,43200.0,32211165.69828602,0,27381245.7153198,4829919.982966216,0,182,0.9993147737522573,184,4.646836166414484,19.505515743388152,8274.674043622275,1020.3277587673898,8.109819587402505,2.0098463213354303,305.9368778144103,0.0,0.0,0.44600090375056484,0.2427362781488437,0.957280385078219,0.05393258426966292,4094.5247626754285,1662,0.25650835037231445
paper,50,1500000.0,16,13,exclude,launch,0,0.0,prior,0.0,cyc,12600.0,43200.0,8785643.96802985,0,7589089.655834077,1196554.3121957728,0,48,0.9999183731925038,48,4.616046259841628,40.18457144749756,8332.091090158548,461.96995356202143,18.036002181340848,2.1547005383792515,400.00000000000006,0.0,0.0,0.6732832618025751,0.09609975685909632,0.3280914939242316,0.007194244604316547,3537.766335041377,1399,0.28850579261779785
paper,200,1500000.0,17,14,exclude,launch,0,0.0,prior,0.0,cluster_patrol,12600.0,43200.0,28699456.4109615,0,24802326.67226388,3897129.7386976196,0,148,0.9883754830439531,157,4.629302721230921,27.834703073935554,8307.276799279487,709.8523604086151,11.702823379353893,2.0244421346755406,314.8445061895736,0.0,0.0,0.5969230769230769,0.18352842034668232,1.1065573770491803,0.24556541019955655,4014.7844622887246,1464,0.24850845336914062
paper,200,1500000.0,16,14,exclude,launch,0,0.0,prior,0.0,cluster_patrol,12600.0,43200.0,27882715.930087775,0,24086546.160156824,3796169.7699309494,0,143,0.9908582313031228,149,4.629302721230921,20.78654477454625,8307.276799279487,948.9899921848414,8.753808646763286,2.0277576743773995,316.8857511724921,0.0,0.0,0.5138092756644086,0.23347337888794775,1.2968099861303746,0.2700165654334622,3482.8756375600324,1442,0.26950812339782715
paper,200,1500000.0,16,13,exclude,launch,0,0.0,prior,0.0,cluster_patrol,12600.0,43200.0,31370341.968024526,0,26878042.588739254,4492299.379285269,0,179,0.9991541235057366,184,4.646836166414484,18.565860626559576,8274.674043622275,1071.6909106455612,7.721138587092997,2.010367052594802,306.2524742907319,0.0,0.0,0.4348668280871671,0.26043709225747425,1.1300708306503542,0.07934721440630275,3717.397116955614,1553,0.302509069442749
paper,200,1500000.0,16,13,exclude,launch,0,0.0,prior,0.0,cyc_sector0,12600.0,43200.0,31419488.95072172,0,26864362.16401231,4555126.786709412,0,179,0.9996426704796285,184,4.646836166414484,14.241005722389307,8274.674043622275,1401.180196321213,5.905503136104381,2.004588985900584,302.759709177829,0.0,0.0,0.16197691197691197,0.3548406906720252,1.5989433237271855,0.07090602138435566,1956.2026400909824,2082,0.4255080223083496
paper,200,1500000.0,17,13,exclude,launch,0,0.0,prior,0.0,cyc_sector0,12600.0,43200.0,32100526.380999267,0,27367952.899536274,4732573.481462989,0,182,0.9997422018707461,184,4.646836166414484,15.327500957325993,8274.674043622275,1299.9301096263143,6.365476099327342,2.007560472765104,304.5534318835923,0.0,0.0,0.16239058255357683,0.29662962187752234,1.281413087113609,0.059355568117580554,2037.7318271709757,2491,0.4665086269378662
paper,100,1500000.0,18,13,exclude,launch,0,0.0,prior,0.0,cyc,12600.0,43200.0,15194151.381916529,0,13012653.73576877,2181497.646147756,0,92,0.9997747661987333,93,4.8468564258348,27.553085865653987,7919.438460522844,722.0810702572232,10.967519834998226,2.0104986499655273,306.332256474646,0.0,0.0,0.31600587371512484,0.15744557727984687,0.8426395939086294,0.04772727272727273,1504.7066362427042,2561,1.2140181064605713
paper,100,1500000.0,17,13,exclude,launch,0,0.0,prior,0.0,cyc,12600.0,43200.0,15210092.834859733,0,12984682.31540639,2225410.5194533425,0,91,0.9997689827016961,92,4.8468564258348,23.472166313353984,7919.438460522844,846.971275086313,9.350303479555185,2.0120470682951126,307.27178053341964,0.0,0.0,0.26283367556468173,0.18341690152562815,0.8955165692007797,0.06053811659192825,1418.0010634248426,2565,1.4553401470184326
core,200,3000000.0,31,15,exclude,launch,0,0.0,prior,0.0,cyc_sector0,12600.0,43200.0,231411.25209675942,0,217380.19003641955,14031.062060339875,0,1,0.33522213837920123,21,11.706709924993959,49.88179127293293,6500.354398964457,800.158706335923,8.12383136931772,2.0043419270121317,302.6108119063325,0.0,0.0,0.0,0.456436466780666,5.961858833844805,0.9778325123152709,239.19979982719215,4562,2.4073522090911865
core,200,3000000.0,31,15,exclude,launch,0,0.0,prior,0.0,cluster_patrol,12600.0,43200.0,228275.1695228361,0,212547.45008917362,15727.719433662522,0,1,0.3398316107525774,21,11.706709924993959,32.98622837732592,6500.354398964457,1207.0794523946138,5.385191824837215,2.009192130029433,305.54062659400324,0.0,0.0,0.012219959266802444,0.363914471756554,6.2856369541681705,0.9827586206896551,187.28500971701598,5542,2.9791038036346436
core,200,3000000.0,31,15,exclude,launch,0,0.0,prior,0.0,cyc,12600.0,43200.0,195136.82211630736,0,182762.04906901147,12374.773047295881,0,1,0.3975403275754322,21,11.706709924993959,32.59534274645942,6500.354398964457,1222.7746741282458,5.316068885380507,2.0071877591916425,304.32815467964457,0.0,0.0,0.0,0.4120968168088254,6.974891261368129,0.9852216748768473,184.6525118829297,5058,17.380403757095337
paper,50,1500000.0,18,13,exclude,launch,0,0.0,prior,0.0,cluster_patrol,12600.0,43200.0,8834343.922364129,0,7589089.621351157,1245254.301012972,0,48,0.999919559405187,48,4.616046259841628,44.033558276636,8332.091090158548,421.58901828654143,19.763539202284143,2.1547005383792515,400.0,0.0,0.0,0.7019089574155654,0.08770098143881119,0.299412915851272,0.007194244604316547,3530.949831878296,1533,0.11899781227111816
paper,50,1500000.0,17,13,exclude,launch,0,0.0,prior,0.0,cluster_patrol,12600.0,43200.0,8814767.767096186,0,7589089.855971386,1225677.9111248008,0,48,0.999919038043267,48,4.616046259841628,42.13778864437378,8332.091090158548,440.55621338327745,18.912662759132967,2.1547005383792515,400.00000000000006,0.0,0.0,0.6883316274309109,0.09164625666705836,0.3128834355828221,0.007194244604316547,3536.960817520123,1467,0.16350555419921875
paper,100,1500000.0,18,15,exclude,launch,0,0.0,prior,0.0,cyc_sector0,12600.0,43200.0,15019661.085956348,0,12890437.74226415,2129223.3436921975,0,93,0.9998285324100005,93,4.910459184525673,26.067760311371014,7812.5443731858395,763.2156854232253,10.236351954498362,2.0105227186908707,306.3468494971166,0.0,0.0,0.33426529978254116,0.1666930426388652,0.7383216205043407,0.047097480832420595,1819.6415432135236,2419,0.26950788497924805
paper,100,1500000.0,19,15,exclude,launch,0,0.0,prior,0.0,cyc_sector0,12600.0,43200.0,15112480.589517597,0,12890277.895666813,2222202.693850784,0,93,0.9998386018139659,94,4.910459184525673,26.38723244430172,7812.5443731858395,752.6963266054256,10.379410788969201,2.01393918501598,308.42180127326105,0.0,0.0,0.35260290556900725,0.16228701616061042,0.7418445428916633,0.0628385698808234,1762.8148084610145,2483,0.36250877380371094
paper,100,1500000.0,19,13,exclude,launch,0,0.0,prior,0.0,cyc_sector0,12600.0,43200.0,15187261.872561086,0,13012653.561721439,2174608.3108396484,0,92,0.9997755966743245,93,4.8468564258348,28.276995362634608,7919.438460522844,703.5949073105003,11.25567905372566,2.0104998423435285,306.3329794128887,0.0,0.0,0.3334287349742416,0.15341248263399274,0.8212248003042982,0.05227272727272727,1504.4134119113687,2629,0.39150547981262207
paper,100,1500000.0,18,13,exclude,launch,0,0.0,prior,0.0,cyc_sector0,12600.0,43200.0,15194151.381916529,0,13012653.73576877,2181497.646147756,0,92,0.9997747661987333,93,4.8468564258348,27.553085865653987,7919.438460522844,722.0810702572232,10.967519834998226,2.0104986499655273,306.332256474646,0.0,0.0,0.31600587371512484,0.15744557727984687,0.8426395939086294,0.04772727272727273,1504.7066362427042,2561,0.4215049743652344
paper,100,1500000.0,19,15,exclude,launch,0,0.0,prior,0.0,cyc,12600.0,43200.0,15112480.589517597,0,12890277.895666813,2222202.693850784,0,93,0.9998386018139659,94,4.910459184525673,26.38723244430172,7812.5443731858395,752.6963266054256,10.379410788969201,2.01393918501598,308.42180127326105,0.0,0.0,0.35260290556900725,0.16228701616061042,0.7418445428916633,0.0628385698808234,1762.8148084610145,2483,0.7045083045959473
paper,200,1500000.0,18,14,exclude,launch,0,0.0,prior,0.0,cyc_sector0,12600.0,43200.0,28535969.89443682,0,24621250.652608402,3914719.2418284216,0,148,0.9985296488069536,161,4.629302721230921,17.512383030236613,8307.276799279487,1139.2513248024472,7.2918737230523005,2.0049114749819426,302.95412176511513,0.0,0.0,0.03925438596491228,0.3136153623034347,2.3168172544447683,0.28008874098724346,819.2020139140687,3431,0.8397212028503418
paper,100,1500000.0,18,15,exclude,launch,0,0.0,prior,0.0,cyc,12600.0,43200.0,15026871.279087285,0,12890277.758474214,2136593.5206130724,0,93,0.9998367370813013,93,4.910459184525673,25.67399485007677,7812.5443731858395,773.6044007646747,10.098888224347581,2.013945018390938,308.4253500959398,0.0,0.0,0.3345771144278607,0.16678885562028098,0.7625155151013653,0.04896626768226333,1761.4023471088876,2417,0.9567229747772217
paper,200,1500000.0,17,14,exclude,launch,0,0.0,prior,0.0,cyc_sector0,12600.0,43200.0,28512317.32194521,0,24611940.33991195,3900376.9820332606,0,148,0.9989308382466026,157,4.629302721230921,28.21703470897573,8307.276799279487,707.4826531199906,11.742021889362926,2.0037005765792353,302.2244542276468,0.0,0.0,0.0,0.2121107583212964,2.0274633512711078,0.29828444936358606,596.6299489810864,5389,1.1874427795410156
core,200,3000000.0,32,15,exclude,launch,0,0.0,prior,0.0,cyc_sector0,12600.0,43200.0,1094601.1232056194,0,1056525.866902067,38075.25630355229,0,6,0.8691979820063364,25,11.706709924993959,46.507154739245465,6500.354398964457,858.2466124877199,7.573993656814423,2.0042787336694365,302.5727324702063,0.0,0.0,0.00015785319652722967,0.4514624900877548,5.759127150650441,0.9630541871921182,237.73222560373418,4766,2.4321749210357666
paper,200,1500000.0,17,13,exclude,launch,0,0.0,prior,0.0,cyc,12600.0,43200.0,32078477.308778584,0,27367776.44379046,4710700.864988127,0,182,0.9997494549614511,184,4.646836166414484,14.43653900766319,8274.674043622275,1379.327330588635,5.99906480508221,2.0087669810179722,305.283246597634,0.0,0.0,0.12884670693126257,0.3082721350653879,1.240627390971691,0.05464788732394366,2006.7838670254096,2614,2.7221970558166504
paper,200,1500000.0,18,13,exclude,launch,0,0.0,prior,0.0,cyc,12600.0,43200.0,32313573.893880557,0,27584610.460420217,4728963.433460345,0,184,0.9997945428967944,185,4.646836166414484,15.837419589282089,8274.674043622275,1257.799426874989,6.578691218027312,2.00800216144284,304.8205072420309,0.0,0.0,0.14065359477124184,0.28041213718965474,1.1115745568300313,0.047244094488188976,2033.5684754500537,2877,3.1381938457489014
core,200,3000000.0,32,15,exclude,launch,0,0.0,prior,0.0,cluster_patrol,12600.0,43200.0,847008.5582482569,0,826062.9017033088,20945.656544948055,0,5,0.8329854451167076,25,11.706709924993959,32.82925643042673,6500.354398964457,1212.9177483411759,5.35927057531687,2.009081662421065,305.4737404303381,0.0,0.0,0.011658031088082901,0.3584565447981414,6.112947658402204,0.9728395061728395,183.52844179715777,5808,3.251194477081299
paper,200,1500000.0,18,14,exclude,launch,0,0.0,prior,0.0,cyc,12600.0,43200.0,28377799.334911086,0,24612200.48268813,3765598.852222956,0,148,0.9989149994854496,161,4.629302721230921,19.36366633565727,8307.276799279487,1030.8771849484854,8.058454412001188,2.00385121744675,302.31518003079657,0.0,0.0,0.03901482127288579,0.3119029203035026,2.7556521739130435,0.2894299944659657,685.1094982878197,3450,6.633171319961548
paper,200,1500000.0,17,14,exclude,launch,0,0.0,prior,0.0,cyc,12600.0,43200.0,28392408.66410291,0,24632244.010215886,3760164.6538870214,0,148,0.9979981490543066,157,4.629302721230921,23.580262253785783,8307.276799279487,845.5198203294192,9.825052706680403,2.0062616324211087,303.7687418648385,0.0,0.0,0.32214228617106316,0.28582023153046515,2.7946808510638297,0.28903654485049834,1237.7750582605136,1880,10.171209335327148
core,200,3000000.0,32,15,exclude,launch,0,0.0,prior,0.0,cyc,12600.0,43200.0,565267.9560702958,0,544531.9828413061,20735.973228989562,0,4,0.7901194181228338,25,11.706709924993959,34.665898825046405,6500.354398964457,1149.1457244545506,5.656684144258459,2.0082252175955966,304.9554268187065,0.0,0.0,0.011704180064308681,0.3558717507070848,6.613217213114754,0.9679802955665024,168.3031935398555,5856,19.462596654891968
paper,50,1500000.0,19,13,exclude,launch,0,0.0,prior,0.0,cyc_sector0,12600.0,43200.0,8830398.457960235,0,7589089.4810649725,1241308.9768952632,0,48,0.9999205368519927,48,4.616046259841628,46.00045871653682,8332.091090158548,403.56259749289285,20.64634121675581,2.1547005383792515,400.0,0.0,0.0,0.7144866385372715,0.08395136283812255,0.28651685393258425,0.007194244604316547,3542.100616102778,1602,0.12499880790710449
paper,100,1500000.0,20,13,exclude,launch,0,0.0,prior,0.0,cluster_patrol,12600.0,43200.0,15367696.599743366,0,13110065.671377556,2257630.92836581,0,93,0.9990452830153077,94,4.8468564258348,108.09598786899073,7919.438460522844,183.5071268321376,43.15602667446872,2.016496539167001,309.97956424154717,0.0,0.0,0.8592330978809284,0.0453508227085735,0.24697173620457605,0.033860045146726865,8846.561361189575,1486,0.14799904823303223
paper,50,1500000.0,18,13,exclude,launch,0,0.0,prior,0.0,cyc_sector0,12600.0,43200.0,8781269.166910466,0,7589089.4070301065,1192179.7598803598,0,48,0.9999200064637592,48,4.616046259841628,44.076594338254694,8332.091090158548,421.17738187857617,19.782855036030064,2.1547005383792515,399.99999999999994,0.0,0.0,0.702054794520548,0.08761596332121997,0.2990228013029316,0.007177033492822967,3541.711963662461,1535,0.16199922561645508
paper,100,1500000.0,19,13,exclude,launch,0,0.0,prior,0.0,cluster_patrol,12600.0,43200.0,15301694.998774832,0,13022922.108165499,2278772.890609334,0,92,0.9989905530840661,93,4.8468564258348,51.7345072789954,7919.438460522844,383.8212921696452,20.633140010957316,2.0144227193941164,308.7160360868862,0.0,0.0,0.7562065541211519,0.08907742546195485,0.34811383189940437,0.049886621315192746,6164.388405776708,1511,0.17999982833862305
paper,100,1500000.0,20,15,exclude,launch,0,0.0,prior,0.0,cluster_patrol,12600.0,43200.0,15115442.15770339,0,12894498.82291855,2220943.3347848416,0,93,0.9995135494415551,94,4.910459184525673,62.415632911409,7812.5443731858395,319.1940046863341,24.47584935332065,2.007760413214961,304.6743151329568,0.0,0.0,0.7488393686165274,0.08320753877282197,0.46101485148514854,0.05477980665950591,4365.833921553344,1616,0.2165076732635498
paper,100,1500000.0,19,15,exclude,launch,0,0.0,prior,0.0,cluster_patrol,12600.0,43200.0,15106733.102290248,0,12893377.37521659,2213355.7270736583,0,93,0.9995882722661621,94,4.910459184525673,67.92969631267646,7812.5443731858395,293.67966633963556,26.602265218289794,2.0050556930255645,303.0410838249293,0.0,0.0,0.7550818046603868,0.08884227780345505,0.5442536327608983,0.0650759219088937,3949.236903827964,1514,0.22450804710388184
paper,200,1500000.0,19,13,exclude,launch,0,0.0,prior,0.0,cluster_patrol,12600.0,43200.0,32380395.60763182,0,27594846.88085705,4785548.726774772,0,184,0.9994617847031398,187,4.646836166414484,23.9015307911211,8274.674043622275,828.1767620676216,9.991434706479533,2.0207437041221263,312.57531285148787,0.0,0.0,0.51372388365424,0.18362258276691945,0.7435897435897436,0.04887640449438202,4777.64749117317,1833,0.24150633811950684
paper,50,1500000.0,18,13,exclude,launch,0,0.0,prior,0.0,cyc,12600.0,43200.0,8834343.922364129,0,7589089.621351157,1245254.301012972,0,48,0.999919559405187,48,4.616046259841628,44.033558276636,8332.091090158548,421.58901828654143,19.763539202284143,2.1547005383792515,400.0,0.0,0.0,0.7019089574155654,0.08770098143881119,0.299412915851272,0.007194244604316547,3530.949831878296,1533,0.2895064353942871
paper,200,1500000.0,19,14,exclude,launch,0,0.0,prior,0.0,cluster_patrol,12600.0,43200.0,29507880.433194764,0,25463877.699009057,4044002.734185708,0,153,0.9945238255322161,164,4.629302721230921,30.952016184653264,8307.276799279487,638.3224061810548,13.01423343256918,2.0245614278387776,314.9178358245104,0.0,0.0,0.6064021641118125,0.16182984514897367,1.035392921415717,0.2369589345172031,3776.677569065938,1667,0.24850749969482422
paper,200,1500000.0,18,13,exclude,launch,0,0.0,prior,0.0,cluster_patrol,12600.0,43200.0,32367269.63413844,0,27593616.169954155,4773653.464184282,0,184,0.9995061667375702,185,4.646836166414484,24.20435018720177,8274.674043622275,822.2848370432437,10.06302642448837,2.0097603863010702,305.8848113228659,0.0,0.0,0.513668430335097,0.197702692505779,0.9753376394597769,0.044582392776523705,3920.833258135213,1703,0.272507905960083
paper,50,1500000.0,19,13,exclude,launch,0,0.0,prior,0.0,cyc,12600.0,43200.0,8840859.928480037,0,7589089.304763794,1251770.6237162424,0,48,0.9999188372868982,48,4.616046259841628,46.02264493009614,8332.091090158548,403.36805139528957,20.6562990334436,2.1547005383792515,400.00000000000006,0.0,0.0,0.7143527204502814,0.08391003936687119,0.2864290181363352,0.007211538461538462,3538.805363737688,1599,0.30150794982910156
paper,200,1500000.0,18,14,exclude,launch,0,0.0,prior,0.0,cluster_patrol,12600.0,43200.0,28853013.83363392,0,24717395.16069639,4135618.672937527,0,148,0.9935834082900197,161,4.629302721230921,31.617229742732288,8307.276799279487,626.3836181760314,13.262282981584791,2.0197414821200432,311.96180710691493,0.0,0.0,0.6027857829010567,0.17210418602383168,1.4071702944942381,0.2562814070351759,2963.6687084542205,1562,0.2925088405609131
paper,200,1500000.0,19,13,exclude,launch,0,0.0,prior,0.0,cyc_sector0,12600.0,43200.0,32254517.220115185,0,27584708.32545234,4669808.894662846,0,184,0.999790957704579,187,4.646836166414484,17.81945902052484,8274.674043622275,1118.5883113722477,7.397425808491754,2.0067589069464695,304.0690490148151,0.0,0.0,0.23249783923941228,0.2574898469503537,1.1989267918742814,0.05730337078651685,2080.473562271684,2609,0.4235053062438965
paper,200,1500000.0,18,13,exclude,launch,0,0.0,prior,0.0,cyc_sector0,12600.0,43200.0,32313573.893880557,0,27584610.460420217,4728963.433460345,0,184,0.9997945428967944,185,4.646836166414484,15.837419589282089,8274.674043622275,1257.799426874989,6.578691218027312,2.00800216144284,304.8205072420309,0.0,0.0,0.14065359477124184,0.28041213718965474,1.1115745568300313,0.047244094488188976,2033.5684754500537,2877,0.49750566482543945
paper,100,1500000.0,20,13,exclude,launch,0,0.0,prior,0.0,cyc,12600.0,43200.0,15326741.666702922,0,13099812.590867847,2226929.075835075,0,93,0.9998059788442286,94,4.8468564258348,29.608720096227753,7919.438460522844,670.1706946904651,11.817046796086231,2.0158347330079094,309.5760614355753,0.0,0.0,0.3344,0.14300586569280344,0.7333333333333333,0.030269058295964126,1569.5953983184806,2820,0.9940128326416016
paper,100,1500000.0,19,13,exclude,launch,0,0.0,prior,0.0,cyc,12600.0,43200.0,15187261.872561086,0,13012653.561721439,2174608.3108396484,0,92,0.9997755966743245,93,4.8468564258348,28.276995362634608,7919.438460522844,703.5949073105003,11.25567905372566,2.0104998423435285,306.3329794128887,0.0,0.0,0.3334287349742416,0.15341248263399274,0.8212248003042982,0.05227272727272727,1504.4134119113687,2629,1.0130128860473633
core,200,3000000.0,33,15,exclude,launch,0,0.0,prior,0.0,cyc_sector0,12600.0,43200.0,1607805.2696444078,0,1560014.7472915384,47790.522352869484,0,9,0.912313305316778,31,11.706709924993959,46.63381395086407,6500.354398964457,855.9726595328866,7.594114515890928,2.004145085514701,302.4922058289978,0.0,0.0,0.00014806040864672785,0.4366697986413008,5.328152665748574,0.9482758620689655,240.73721566689616,5083,2.512766122817993
core,200,3000000.0,33,15,exclude,launch,0,0.0,prior,0.0,cluster_patrol,12600.0,43200.0,1607898.194894408,0,1558636.5808252885,49261.6140691195,0,9,0.9101597376031946,31,11.706709924993959,33.62859542096972,6500.354398964457,1183.8997879140002,5.490628907382362,2.0093996204460427,305.6662781269845,0.0,0.0,0.01062072220911022,0.3371588991688123,5.7039535613429555,0.9532019704433498,179.22246993679093,6374,3.0544605255126953
core,200,3000000.0,33,15,exclude,launch,0,0.0,prior,0.0,cyc,12600.0,43200.0,1576368.5642579594,0,1529242.6061404883,47125.95811747124,0,9,0.928343953798064,31,11.706709924993959,36.415532174512364,6500.354398964457,1095.2101434539732,5.935257665222344,2.005884250577152,303.54093766774776,0.0,0.0,0.0,0.3905520757925149,6.100035223670306,0.9507389162561576,188.27520109207128,5678,16.49464750289917
paper,50,1500000.0,19,13,exclude,launch,0,0.0,prior,0.0,cluster_patrol,12600.0,43200.0,8840859.928480037,0,7589089.304763794,1251770.6237162424,0,48,0.9999188372868982,48,4.616046259841628,46.02264493009614,8332.091090158548,403.36805139528957,20.6562990334436,2.1547005383792515,400.00000000000006,0.0,0.0,0.7143527204502814,0.08391003936687119,0.2864290181363352,0.007211538461538462,3538.805363737688,1599,0.17499852180480957
paper,50,1500000.0,20,13,exclude,launch,0,0.0,prior,0.0,cluster_patrol,12600.0,43200.0,8814922.782485887,0,7589089.001332355,1225833.7811535315,0,48,0.9999189738855883,48,4.616046259841628,47.979830580656845,8332.091090158548,386.913925723496,21.53474076844934,2.1547005383792515,400.0,0.0,0.0,0.725922592259226,0.08048665763354645,0.27474505098980206,0.007159904534606206,3538.9404532093336,1667,0.17600083351135254
paper,100,1500000.0,20,15,exclude,launch,0,0.0,prior,0.0,cyc_sector0,12600.0,43200.0,14966983.481211344,0,12890340.221205441,2076643.2600059034,0,93,0.9998282285169715,94,4.910459184525673,30.326714556249986,7812.5443731858395,657.2121960724571,11.88740017284237,2.0069151600165522,304.1634418413479,0.0,0.0,0.4511581067472306,0.15012844174205264,0.7455277280858676,0.07292817679558011,1946.708891868822,2236,0.2520008087158203
paper,100,1500000.0,20,13,exclude,launch,0,0.0,prior,0.0,cyc_sector0,12600.0,43200.0,15326741.666702922,0,13099812.590867847,2226929.075835075,0,93,0.9998059788442286,94,4.8468564258348,29.608720096227753,7919.438460522844,670.1706946904651,11.817046796086231,2.0158347330079094,309.5760614355753,0.0,0.0,0.3344,0.14300586569280344,0.7333333333333333,0.030269058295964126,1569.5953983184806,2820,0.3139989376068115
paper,100,1500000.0,21,15,exclude,launch,0,0.0,prior,0.0,cyc_sector0,12600.0,43200.0,14998750.248170862,0,12890277.859700382,2108472.388470479,0,93,0.9998366768936565,94,4.910459184525673,27.805089578426447,7812.5443731858395,714.3128182653641,10.937147106162547,2.013943345540337,308.4243323896595,0.0,0.0,0.38565279770444766,0.15400571343416578,0.7039724980901452,0.05561613958560523,1767.0957775974198,2618,0.3429999351501465
paper,100,1500000.0,21,13,exclude,launch,0,0.0,prior,0.0,cyc_sector0,12600.0,43200.0,15301901.20547179,0,13099812.560305906,2202088.645165882,0,93,0.9998099497451144,94,4.8468564258348,30.31219000209812,7919.438460522844,654.6177204804679,12.09780641854644,2.015834712064187,309.576048670359,0.0,0.0,0.3498306850742381,0.13968688153177033,0.7163145133356426,0.03068181818181818,1570.0953700468938,2887,0.4269986152648926
paper,100,1500000.0,21,15,exclude,launch,0,0.0,prior,0.0,cyc,12600.0,43200.0,14998750.248170862,0,12890277.859700382,2108472.388470479,0,93,0.9998366768936565,94,4.910459184525673,27.805089578426447,7812.5443731858395,714.3128182653641,10.937147106162547,2.013943345540337,308.4243323896595,0.0,0.0,0.38565279770444766,0.15400571343416578,0.7039724980901452,0.05561613958560523,1767.0957775974198,2618,0.7035093307495117
paper,100,1500000.0,20,15,exclude,launch,0,0.0,prior,0.0,cyc,12600.0,43200.0,15123056.546335688,0,12890277.835834393,2232778.7105012946,0,93,0.9998396808647115,94,4.910459184525673,27.087843885692738,7812.5443731858395,733.2297735260805,10.654974273092515,2.0139350573330654,308.41929014670217,0.0,0.0,0.3696933962264151,0.15809268491036818,0.7229199372056515,0.046994535519125684,1759.5839231030052,2548,0.7735080718994141
paper,200,1500000.0,19,14,exclude,launch,0,0.0,prior,0.0,cyc_sector0,12600.0,43200.0,29358399.88172066,0,25370857.550333805,3987542.331386854,0,153,0.9990430667746726,164,4.629302721230921,18.533032078335367,8307.276799279487,1077.1002536726537,7.712630993218751,2.0038139037985143,302.292706037764,0.0,0.0,0.016735614892816848,0.3025611500784113,2.197450637340665,0.26243093922651933,740.6051214892177,4001,0.903510332107544
paper,200,1500000.0,20,14,exclude,launch,0,0.0,prior,0.0,cyc_sector0,12600.0,43200.0,30095456.97625126,0,25955591.560884092,4139865.4153671665,0,158,0.9990642230787722,168,4.629302721230921,22.664461038011872,8307.276799279487,880.7795136767738,9.431732539510529,2.0037677876844437,302.2649314778767,0.0,0.0,0.0620248790601244,0.24706950645684111,1.8893734220794125,0.2509716823986674,791.5580177071415,4357,0.9115102291107178
core,200,3000000.0,34,15,exclude,launch,0,0.0,prior,0.0,cyc_sector0,12600.0,43200.0,2531971.658702307,0,2439395.085025107,92576.57367720017,0,14,0.9483331738150711,38,11.706709924993959,44.846241729359676,6500.354398964457,890.034708444386,7.303484164483719,2.0042735279293264,302.5695956698845,0.0,0.0,0.0,0.4059091692326722,4.887606534090909,0.9333333333333333,236.22215711155923,5632,2.6936047077178955
paper,200,1500000.0,20,13,exclude,launch,0,0.0,prior,0.0,cyc,12600.0,43200.0,32351088.186060015,0,27652353.104667947,4698735.081392069,0,185,0.9998192670955481,191,4.646836166414484,17.773830887830655,8274.674043622275,1118.8332679128584,7.395806221474242,2.0114700766659626,306.9215147971945,0.0,0.0,0.20054671968190854,0.2442450133556549,1.0627684175751568,0.0421822272215973,2018.570573829671,3027,2.863607168197632
core,200,3000000.0,34,15,exclude,launch,0,0.0,prior,0.0,cluster_patrol,12600.0,43200.0,2305915.6906546066,0,2217863.5199647085,88052.17068989838,0,13,0.9400830093603114,38,11.706709924993959,35.23168618830438,6500.354398964457,1130.3620160405117,5.750683680732852,2.008810652142192,305.30967956266636,0.0,0.0,0.02074260829704332,0.3273206948414514,5.469782310854011,0.9334975369458128,181.61773878101428,6569,3.1723060607910156
paper,200,1500000.0,19,13,exclude,launch,0,0.0,prior,0.0,cyc,12600.0,43200.0,32345059.454185244,0,27584435.460557777,4760623.993627466,0,184,0.9998023161366985,187,4.646836166414484,17.16365404445692,8274.674043622275,1160.2661418169864,7.131703447507369,2.0085961227796463,305.1798416658406,0.0,0.0,0.18919631093544137,0.25897783188151713,1.142907180385289,0.04499437570303712,1994.4062669255313,2855,3.2498128414154053
paper,200,1500000.0,19,14,exclude,launch,0,0.0,prior,0.0,cyc,12600.0,43200.0,29331062.490256127,0,25367427.342569664,3963635.1476864642,0,153,0.9991706576511091,164,4.629302721230921,19.250828848698095,8307.276799279487,1036.9596205091523,8.01118639046,2.003773889967623,302.26860665422004,0.0,0.0,0.016172996547337816,0.29235221533755396,2.543829992755373,0.2747797356828194,618.1214273500829,4141,5.195059537887573
paper,200,1500000.0,20,14,exclude,launch,0,0.0,prior,0.0,cyc,12600.0,43200.0,30041704.177854627,0,25948079.87397454,4093624.303880086,0,158,0.9993571855353575,168,4.629302721230921,20.713361634252838,8307.276799279487,963.5971536844463,8.621109731920098,2.0040746531204876,302.44977271170814,0.0,0.0,0.045756080966150706,0.25840798140167953,2.4514014466546112,0.24585635359116023,600.5204993744667,4424,6.901270151138306
core,200,3000000.0,34,15,exclude,launch,0,0.0,prior,0.0,cyc,12600.0,43200.0,2272103.857204972,0,2185812.757722797,86291.09948217517,0,13,0.9540719117654649,38,11.706709924993959,37.87783366824023,6500.354398964457,1051.9739021974694,6.179197397754696,2.0077049446332174,304.6407766314709,0.0,0.0,0.020426588421171427,0.32251152987143655,6.107662318188634,0.9334975369458128,160.18029674667596,6669,16.68935489654541
paper,100,1500000.0,21,15,exclude,launch,0,0.0,prior,0.0,cluster_patrol,12600.0,43200.0,14971700.398150228,0,12894499.033300135,2077201.3648500931,0,93,0.9994679547521532,94,4.910459184525673,65.00342154772895,7812.5443731858395,306.48693498105524,25.490627760915007,2.00776004946652,304.6740951902288,0.0,0.0,0.7588051716451182,0.0798879785835082,0.44266191325014853,0.06476399560922064,4365.019433491403,1683,0.14399933815002441
paper,100,1500000.0,21,13,exclude,launch,0,0.0,prior,0.0,cluster_patrol,12600.0,43200.0,15329226.562074475,0,13110067.259027157,2219159.3030473185,0,93,0.9990478803713235,94,4.8468564258348,112.96976390346072,7919.438460522844,175.59020635708723,45.10182330111031,2.016496539167001,309.9795642415472,0.0,0.0,0.8652824722356349,0.04339836146456073,0.23631680618158404,0.03587443946188341,8847.143233891717,1553,0.17199921607971191
paper,50,1500000.0,20,13,exclude,launch,0,0.0,prior,0.0,cyc_sector0,12600.0,43200.0,8801985.266207678,0,7589089.547488833,1212895.7187188454,0,48,0.9999203430284884,48,4.616046259841628,47.92432309481895,8332.091090158548,387.3620618236156,21.50982739748155,2.1547005383792515,400.0,0.0,0.0,0.7260458839406208,0.08057979739014212,0.2750149790293589,0.007177033492822967,3539.956957614052,1669,0.1849989891052246
paper,100,1500000.0,22,13,exclude,launch,0,0.0,prior,0.0,cluster_patrol,12600.0,43200.0,15261874.157331578,0,13110068.70234499,2151805.454986589,0,93,0.999025031684958,95,4.8468564258348,117.9162828638183,7919.438460522844,168.22430010645064,47.07666166844804,2.016496539167001,309.9795642415472,0.0,0.0,0.8708931050439611,0.04157880493040345,0.22640345465761874,0.03146067415730337,8847.385942623703,1621,0.18399977684020996
paper,50,1500000.0,21,13,exclude,launch,0,0.0,prior,0.0,cyc_sector0,12600.0,43200.0,8848978.485497555,0,7589089.603614681,1259888.8818828734,0,48,0.9999208151577147,48,4.616046259841628,49.84818747310108,8332.091090158548,372.4120283315751,22.373313578207295,2.1547005383792515,400.0,0.0,0.0,0.7365916955017301,0.07746994616953494,0.26440092165898615,0.007194244604316547,3540.375366488376,1736,0.18500018119812012
paper,100,1500000.0,22,15,exclude,launch,0,0.0,prior,0.0,cluster_patrol,12600.0,43200.0,15216228.51617605,0,13074877.419703705,2141351.0964723458,0,94,0.9997576450787166,95,4.910459184525673,72.4993893001527,7812.5443731858395,275.0959832665665,28.39934004276437,2.0055864823520024,303.3612520467222,0.0,0.0,0.7619047619047619,0.07619305254329398,0.47592067988668557,0.04907306434023991,3871.513981275818,1765,0.16900157928466797
paper,50,1500000.0,21,13,exclude,launch,0,0.0,prior,0.0,cyc,12600.0,43200.0,8808792.493691873,0,7589088.938821341,1219703.554870533,0,48,0.9999192092856016,48,4.616046259841628,49.908234089297515,8332.091090158548,371.9639643489435,22.400264242646156,2.1547005383792515,400.0,0.0,0.0,0.7364777152747728,0.07737808965534522,0.26412918108419836,0.007211538461538462,3539.0667622931105,1734,0.1959993839263916
paper,200,1500000.0,21,13,exclude,launch,0,0.0,prior,0.0,cluster_patrol,12600.0,43200.0,32364014.555880547,0,27671510.31761526,4692504.238265287,0,185,0.9991509950438322,192,4.646836166414484,39.50086644232332,8274.674043622275,500.00290255042364,16.549252017167642,2.025260274010405,315.3475888391671,0.0,0.0,0.6777310924369748,0.11307196770691412,0.46024636058230683,0.041690140845070424,7915.076664245965,1786,0.18400120735168457
paper,50,1500000.0,20,13,exclude,launch,0,0.0,prior,0.0,cyc,12600.0,43200.0,8814922.782485887,0,7589089.001332355,1225833.7811535315,0,48,0.9999189738855883,48,4.616046259841628,47.979830580656845,8332.091090158548,386.913925723496,21.53474076844934,2.1547005383792515,400.0,0.0,0.0,0.725922592259226,0.08048665763354645,0.27474505098980206,0.007159904534606206,3538.9404532093336,1667,0.2239990234375
paper,200,1500000.0,20,13,exclude,launch,0,0.0,prior,0.0,cluster_patrol,12600.0,43200.0,32419596.209398217,0,27669936.099694874,4749660.109703342,0,185,0.9992150608980804,191,4.646836166414484,39.36550900249392,8274.674043622275,503.74643610069984,16.42626815918188,2.0171218481129305,310.36105617259886,0.0,0.0,0.6752326096588391,0.11895692375251184,0.542232722976964,0.03722504230118443,7084.9100278318465,1693,0.24251365661621094
paper,200,1500000.0,20,14,exclude,launch,0,0.0,prior,0.0,cluster_patrol,12600.0,43200.0,30440433.15489508,0,26252794.786746323,4187638.368148758,0,159,0.9967963904571899,168,4.629302721230921,35.86198639985146,8307.276799279487,553.1793704399414,15.01732935679207,2.0163210035592325,309.87251468269375,0.0,0.0,0.6005025125628141,0.14992951607538677,1.2332589285714286,0.21265963353692394,2940.1138451894885,1792,0.28551340103149414
paper,200,1500000.0,21,14,exclude,launch,0,0.0,prior,0.0,cluster_patrol,12600.0,43200.0,31027834.17974093,0,26699714.21824988,4328119.961491052,0,162,0.9954746330478743,171,4.629302721230921,38.58414293374371,8307.276799279487,514.6369565827047,16.142013691440884,2.0144206439645904,308.7147728704604,0.0,0.0,0.6023715415019762,0.14171629643824754,1.1683324566017885,0.19734660033167495,2928.9306487045674,1901,0.3165132999420166
paper,200,1500000.0,21,13,exclude,launch,0,0.0,prior,0.0,cyc_sector0,12600.0,43200.0,32276617.644028943,0,27652754.757348895,4623862.886680047,0,185,0.999806038490396,192,4.646836166414484,17.359354956033304,8274.674043622275,1140.6264096269897,7.254499785191085,2.0201470561897983,312.2100048758136,0.0,0.0,0.1829102447869447,0.2429002230249869,0.9496836396504972,0.04269662921348315,2059.7178811119165,3319,0.44051432609558105
paper,200,1500000.0,20,13,exclude,launch,0,0.0,prior,0.0,cyc_sector0,12600.0,43200.0,32351088.186060015,0,27652353.104667947,4698735.081392069,0,185,0.9998192670955481,191,4.646836166414484,17.773830887830655,8274.674043622275,1118.8332679128584,7.395806221474242,2.0114700766659626,306.9215147971945,0.0,0.0,0.20054671968190854,0.2442450133556549,1.0627684175751568,0.0421822272215973,2018.570573829671,3027,0.46851253509521484
paper,100,1500000.0,22,13,exclude,launch,0,0.0,prior,0.0,cyc,12600.0,43200.0,15291407.79409005,0,13099812.411445087,2191595.382644962,0,93,0.9998071448072519,95,4.8468564258348,31.023918675092272,7919.438460522844,639.6005310211762,12.381850977951492,2.0158328695325087,309.5749256467954,0.0,0.0,0.36472384830745735,0.13648407903499102,0.6997291807718348,0.03295454545454545,1571.3070571479154,2954,0.7225117683410645
paper,100,1500000.0,21,13,exclude,launch,0,0.0,prior,0.0,cyc,12600.0,43200.0,15301901.20547179,0,13099812.560305906,2202088.645165882,0,93,0.9998099497451144,94,4.8468564258348,30.31219000209812,7919.438460522844,654.6177204804679,12.09780641854644,2.015834712064187,309.576048670359,0.0,0.0,0.3498306850742381,0.13968688153177033,0.7163145133356426,0.03068181818181818,1570.0953700468938,2887,0.9785106182098389
paper,50,1500000.0,22,13,exclude,launch,0,0.0,prior,0.0,cluster_patrol,12600.0,43200.0,8806157.94221515,0,7589089.0716255605,1217068.8705895902,0,48,0.99991941122944,49,4.616046259841628,51.817703281833886,8332.091090158548,358.25718682553656,23.25728944613216,2.1547005383792515,400.00000000000006,0.0,0.0,0.7467721782590587,0.07452639522614807,0.2544345898004435,0.007159904534606206,3539.0174538712777,1804,0.15199947357177734
paper,50,1500000.0,21,13,exclude,launch,0,0.0,prior,0.0,cluster_patrol,12600.0,43200.0,8808792.493691873,0,7589088.938821341,1219703.554870533,0,48,0.9999192092856016,48,4.616046259841628,49.908234089297515,8332.091090158548,371.9639643489435,22.400264242646156,2.1547005383792515,400.0,0.0,0.0,0.7364777152747728,0.07737808965534522,0.26412918108419836,0.007211538461538462,3539.0667622931105,1734,0.17499804496765137
paper,100,1500000.0,22,13,exclude,launch,0,0.0,prior,0.0,cyc_sector0,12600.0,43200.0,15291407.79409005,0,13099812.411445087,2191595.382644962,0,93,0.9998071448072519,95,4.8468564258348,31.023918675092272,7919.438460522844,639.6005310211762,12.381850977951492,2.0158328695325087,309.5749256467954,0.0,0.0,0.36472384830745735,0.13648407903499102,0.6997291807718348,0.03295454545454545,1571.3070571479154,2954,0.28450489044189453
paper,100,1500000.0,23,15,exclude,launch,0,0.0,prior,0.0,cyc_sector0,12600.0,43200.0,15231496.392697772,0,13073106.854301514,2158389.5383962574,0,94,0.9998953347524412,96,4.910459184525673,28.4216202409652,7812.5443731858395,653.1670062480488,11.961021145362206,2.1547005383792515,400.0,0.0,0.0,0.38572513287775245,0.13587881656866016,0.6146850791512294,0.05824175824175824,1781.192930464236,2969,0.2715036869049072
paper,100,1500000.0,23,13,exclude,launch,0,0.0,prior,0.0,cyc_sector0,12600.0,43200.0,15322471.144970017,0,13099812.311076976,2222658.8338930407,0,93,0.9998068930695597,97,4.8468564258348,31.729627574081295,7919.438460522844,625.3743742644313,12.66351610559312,2.01583478644411,309.57609400498524,0.0,0.0,0.3789499875590943,0.13344804236041907,0.6843150231634679,0.03611738148984198,1569.9542490089755,3022,0.3235049247741699
paper,100,1500000.0,22,15,exclude,launch,0,0.0,prior,0.0,cyc_sector0,12600.0,43200.0,15007982.360118473,0,12890090.854249656,2117891.505868817,0,93,0.9998459127529749,95,4.910459184525673,24.727241445040136,7812.5443731858395,750.7535624938794,10.406270131085169,2.1547005383792515,400.0,0.0,0.0,0.33507853403141363,0.15616824235134277,0.6650082918739635,0.08134490238611713,1624.7527993939416,3015,0.34050440788269043
paper,100,1500000.0,22,15,exclude,launch,0,0.0,prior,0.0,cyc,12600.0,43200.0,15007982.360118473,0,12890090.854249656,2117891.505868817,0,93,0.9998459127529749,95,4.910459184525673,24.727241445040136,7812.5443731858395,750.7535624938794,10.406270131085169,2.1547005383792515,400.0,0.0,0.0,0.33507853403141363,0.15616824235134277,0.6650082918739635,0.08134490238611713,1624.7527993939416,3015,0.8133008480072021
paper,100,1500000.0,23,15,exclude,launch,0,0.0,prior,0.0,cyc,12600.0,43200.0,15219028.573549641,0,13073106.546677995,2145922.026871644,0,94,0.9998944918423195,96,4.910459184525673,28.402724398806537,7812.5443731858395,653.6015469801282,11.953068974947467,2.1547005383792515,400.0,0.0,0.0,0.3860182370820669,0.13596924950336522,0.6148921832884097,0.05452562704471101,1781.3249559068731,2968,0.8263001441955566
paper,200,1500000.0,21,14,exclude,launch,0,0.0,prior,0.0,cyc_sector0,12600.0,43200.0,30721664.818582762,0,26527970.483582236,4193694.3350005266,0,161,0.9993024804346253,171,4.629302721230921,21.846231444697633,8307.276799279487,913.2321028096545,9.09656676952253,2.004944204366697,302.97385616706424,0.0,0.0,0.05410700828937453,0.22885863990364902,1.7134561473768521,0.21119733924611975,760.6901959237013,4994,0.9089901447296143
paper,200,1500000.0,22,14,exclude,launch,0,0.0,prior,0.0,cyc_sector0,12600.0,43200.0,31172524.867155768,0,26936300.01896377,4236224.848191999,0,164,0.999387839352218,172,4.629302721230921,23.77334609766684,8307.276799279487,839.4101523014126,9.896564601349422,2.004451077191081,302.67658994109695,0.0,0.0,0.04663548973759418,0.20893413417822015,1.761658031088083,0.21519689406544648,637.9312036778605,5790,1.1154942512512207
paper,200,1500000.0,22,13,exclude,launch,0,0.0,prior,0.0,cyc,12600.0,43200.0,32429828.83070366,0,27652731.031166747,4777097.799536912,0,185,0.9998089802712954,193,4.646836166414484,18.278690048614045,8274.674043622275,1087.1534147311763,7.611321393557301,2.012908753323034,307.795242767527,0.0,0.0,0.2856006364359586,0.23703885311167855,1.05326278659612,0.04147982062780269,2175.738404913205,2835,2.8670828342437744
paper,200,1500000.0,21,13,exclude,launch,0,0.0,prior,0.0,cyc,12600.0,43200.0,32344847.395941373,0,27652252.736836933,4692594.659104439,0,185,0.9998229198999126,192,4.646836166414484,16.543889402701655,8274.674043622275,1196.841192637525,6.913761069158271,2.020160359639596,312.21814781399695,0.0,0.0,0.1569958397197285,0.25434397884970783,0.9708963911525029,0.047914317925591886,1946.9545775780562,3436,3.2300803661346436
paper,200,1500000.0,21,14,exclude,launch,0,0.0,prior,0.0,cyc,12600.0,43200.0,30439792.63829343,0,26287545.414830968,4152247.223462464,0,160,0.9994450996830033,171,4.629302721230921,22.412477503370415,8307.276799279487,890.1574023119392,9.332368385303115,2.0049489404004666,302.9767118436062,0.0,0.0,0.037103448275862067,0.22167994180320577,2.050201539025284,0.24805771365149834,582.3225092230635,5458,6.287156581878662
paper,200,1500000.0,22,14,exclude,launch,0,0.0,prior,0.0,cyc,12600.0,43200.0,31253570.078453455,0,26931141.806798227,4322428.271655229,0,164,0.9995885402313963,172,4.629302721230921,23.074488973262174,8307.276799279487,864.6099545051243,9.608120697655295,2.004969028887057,302.98882470665836,0.0,0.0,0.047051114023591085,0.2107902647852066,1.996690472043198,0.20167130919220055,567.6277984949759,5741,6.52336311340332
paper,100,1500000.0,24,13,exclude,launch,0,0.0,prior,0.0,cluster_patrol,12600.0,43200.0,15598841.08566507,0,13357750.403262239,2241090.682402831,0,94,0.9996876713440065,97,4.8468564258348,64.84502973546452,7919.438460522844,304.71025990040147,25.990061716699056,2.0243994935476026,314.81829671417523,0.0,0.0,0.7298297557364914,0.06614798957881865,0.33661902414982753,0.023809523809523808,4747.591260870238,2029,0.16453886032104492
paper,100,1500000.0,23,15,exclude,launch,0,0.0,prior,0.0,cluster_patrol,12600.0,43200.0,15305715.277214209,0,13075851.824927334,2229863.4522868735,0,94,0.9996762735105941,96,4.910459184525673,69.41752417079815,7812.5443731858395,286.9994322230487,27.22146281848435,2.0077509200830495,304.66857507846964,0.0,0.0,0.7622519238558121,0.07266927035687784,0.3917970858067998,0.04746136865342163,4477.100656415629,1853,0.14654040336608887
paper,100,1500000.0,24,15,exclude,launch,0,0.0,prior,0.0,cluster_patrol,12600.0,43200.0,15305432.010907417,0,13075851.900480494,2229580.110426925,0,94,0.9996779874063997,97,4.910459184525673,71.92749274242314,7812.5443731858395,276.98434786943193,28.205725100642173,2.007750955577116,304.66859653997716,0.0,0.0,0.7705238467552775,0.07013414439947822,0.378125,0.06500541711809317,4477.741390521261,1920,0.1565394401550293
paper,50,1500000.0,23,13,exclude,launch,0,0.0,prior,0.0,cyc_sector0,12600.0,43200.0,8816648.525080564,0,7589089.568493343,1227558.956587219,0,48,0.9999204167518327,49,4.616046259841628,53.724630623371034,8332.091090158548,345.5410375112851,24.113173793102444,2.1547005383792515,400.0,0.0,0.0,0.7556179775280899,0.07188174047308125,0.24532335649385356,0.007194244604316547,3541.2979933684182,1871,0.18953824043273926
paper,50,1500000.0,22,13,exclude,launch,0,0.0,prior,0.0,cyc,12600.0,43200.0,8806157.94221515,0,7589089.0716255605,1217068.8705895902,0,48,0.99991941122944,49,4.616046259841628,51.817703281833886,8332.091090158548,358.25718682553656,23.25728944613216,2.1547005383792515,400.00000000000006,0.0,0.0,0.7467721782590587,0.07452639522614807,0.2544345898004435,0.007159904534606206,3539.0174538712777,1804,0.20254039764404297
paper,50,1500000.0,22,13,exclude,launch,0,0.0,prior,0.0,cyc_sector0,12600.0,43200.0,8837175.807494186,0,7589089.508184862,1248086.2993093238,0,48,0.9999205350535633,49,4.616046259841628,51.80076624508891,8332.091090158548,358.37432438116093,23.249687612376704,2.1547005383792515,400.0,0.0,0.0,0.7464612822647794,0.07455019787198919,0.2544345898004435,0.007194244604316547,3543.3065314696023,1804,0.19853901863098145
paper,100,1500000.0,23,13,exclude,launch,0,0.0,prior,0.0,cluster_patrol,12600.0,43200.0,15284812.647807896,0,13104511.195006441,2180301.4528014557,0,93,0.9994602531105177,97,4.8468564258348,64.95377723018251,7919.438460522844,305.62021413110295,25.912678855481776,2.014992825567148,309.0631307858348,0.0,0.0,0.7301279565723149,0.06955064947384887,0.38699690402476783,0.03479236812570146,4338.793652278508,1938,0.233536958694458
paper,200,1500000.0,23,13,exclude,launch,0,0.0,prior,0.0,cluster_patrol,12600.0,43200.0,32837800.260704376,0,28002333.588232197,4835466.672472182,0,188,0.9996283181287523,193,4.646836166414484,43.04315279244098,8274.674043622275,459.89428404917305,17.992556834512705,2.0206816834254377,312.53732966405573,0.0,0.0,0.6897613548883756,0.10342087343809937,0.5425641025641026,0.037162162162162164,6150.927690058155,1950,0.20553922653198242
paper,50,1500000.0,23,13,exclude,launch,0,0.0,prior,0.0,cyc,12600.0,43200.0,8813370.595193414,0,7589089.319932072,1224281.275261342,0,48,0.9999196425947466,49,4.616046259841628,53.74219669640312,8332.091090158548,345.428094619598,24.12105795660381,2.1547005383792515,400.0,0.0,0.0,0.755921316740265,0.07185743799383458,0.24532335649385356,0.007211538461538462,3535.4718922591637,1871,0.25453662872314453
paper,200,1500000.0,22,13,exclude,launch,0,0.0,prior,0.0,cluster_patrol,12600.0,43200.0,32689482.855458356,0,27954985.308335595,4734497.547122761,0,187,0.9996116324518601,193,4.646836166414484,32.39673896087106,8274.674043622275,610.2402764199137,13.559698307963489,2.0232885633998112,314.1358451954547,0.0,0.0,0.6054013503375844,0.13414290357970662,0.6078921078921079,0.04409270774448841,5339.183765032534,2002,0.26553773880004883
paper,200,1500000.0,22,14,exclude,launch,0,0.0,prior,0.0,cluster_patrol,12600.0,43200.0,31318925.006583054,0,27017773.543029986,4301151.463553067,0,164,0.9952810103086367,172,4.629302721230921,30.751198268210384,8307.276799279487,644.2271263994567,12.894950334842797,2.0191051674591414,311.57260270257734,0.0,0.0,0.5300451545675582,0.15549016863224144,1.0216989843028623,0.19066147859922178,2939.6057107653814,2166,0.2915384769439697
paper,200,1500000.0,23,14,exclude,launch,0,0.0,prior,0.0,cluster_patrol,12600.0,43200.0,31629338.297044933,0,27211272.52272609,4418065.774318843,0,166,0.9969052728978742,174,4.629302721230921,28.595967913785937,8307.276799279487,694.448163496654,11.962414527026844,2.0142592026345456,308.61651903865936,0.0,0.0,0.47972335743476896,0.16871719986163994,1.182198077726703,0.18176795580110497,2298.6550540746107,2393,0.34504270553588867
paper,200,1500000.0,22,13,exclude,launch,0,0.0,prior,0.0,cyc_sector0,12600.0,43200.0,32573570.611833345,0,27844151.155480966,4729419.456352382,0,186,0.9998287423362512,193,4.646836166414484,19.707816634242523,8274.674043622275,1008.515230634564,8.204808209406812,2.0125144955456578,307.55568110702336,0.0,0.0,0.26404907975460123,0.21922385610872772,0.941617742987606,0.041596402473299605,2252.644360844445,3066,0.40804266929626465
paper,200,1500000.0,23,13,exclude,launch,0,0.0,prior,0.0,cyc_sector0,12600.0,43200.0,32801882.309152704,0,27995030.469415013,4806851.839737694,0,188,0.9998630121421249,193,4.646836166414484,19.50539401457443,8274.674043622275,1016.5959358769951,8.139589931061346,2.017236856961974,310.4312469485625,0.0,0.0,0.23695221316890552,0.21638655517053842,0.8208430913348946,0.03934794828555368,2314.081489450186,3416,0.467043399810791
paper,100,1500000.0,23,13,exclude,launch,0,0.0,prior,0.0,cyc,12600.0,43200.0,15322471.144970017,0,13099812.311076976,2222658.8338930407,0,93,0.9998068930695597,97,4.8468564258348,31.729627574081295,7919.438460522844,625.3743742644313,12.66351610559312,2.01583478644411,309.57609400498524,0.0,0.0,0.3789499875590943,0.13344804236041907,0.6843150231634679,0.03611738148984198,1569.9542490089755,3022,0.752272367477417
paper,100,1500000.0,24,13,exclude,launch,0,0.0,prior,0.0,cyc,12600.0,43200.0,15627717.875885509,0,13355027.868380837,2272690.007504672,0,94,0.9998718288920933,97,4.8468564258348,30.214313004484776,7919.438460522844,614.4129308104632,12.889439761751804,2.1547005383792515,399.99999999999994,0.0,0.0,0.3847437425506555,0.1277348827551316,0.6167247386759582,0.02824858757062147,1668.3036263044273,3157,0.9107804298400879
paper,50,1500000.0,24,13,exclude,launch,0,0.0,prior,0.0,cluster_patrol,12600.0,43200.0,8828952.728414357,0,7589089.3326827455,1239863.3957316114,0,48,0.9999199486159537,49,4.616046259841628,55.66669011097234,8332.091090158548,333.4860500687657,24.984826467075457,2.1547005383792515,400.0,0.0,0.0,0.7643410852713178,0.0693730768791445,0.23684210526315788,0.007211538461538462,3534.4203214642284,1938,0.14901351928710938
paper,50,1500000.0,23,13,exclude,launch,0,0.0,prior,0.0,cluster_patrol,12600.0,43200.0,8813370.595193414,0,7589089.319932072,1224281.275261342,0,48,0.9999196425947466,49,4.616046259841628,53.74219669640312,8332.091090158548,345.428094619598,24.12105795660381,2.1547005383792515,400.0,0.0,0.0,0.755921316740265,0.07185743799383458,0.24532335649385356,0.007211538461538462,3535.4718922591637,1871,0.16001296043395996
paper,100,1500000.0,24,15,exclude,launch,0,0.0,prior,0.0,cyc_sector0,12600.0,43200.0,15290201.81355959,0,13073169.128898548,2217032.6846610415,0,94,0.9998929267928806,97,4.910459184525673,35.163727230043285,7812.5443731858395,565.592603939821,13.813024284202086,2.0112282803896835,306.77479051796286,0.0,0.0,0.4696467991169978,0.12347490746718685,0.6060271958838662,0.05274725274725275,1971.619333394165,2721,0.24201369285583496
paper,100,1500000.0,24,13,exclude,launch,0,0.0,prior,0.0,cyc_sector0,12600.0,43200.0,15609723.421284962,0,13355667.624557873,2254055.7967270897,0,94,0.999830157225614,97,4.8468564258348,44.09112346328286,7919.438460522844,449.987881738705,17.59922607231773,2.0160811451766114,309.7262680750243,0.0,0.0,0.4841934612266955,0.09661440810728197,0.594176851186197,0.02914798206278027,1965.6115136214885,2782,0.25701355934143066
paper,100,1500000.0,25,13,exclude,launch,0,0.0,prior,0.0,cyc_sector0,12600.0,43200.0,15607880.722855348,0,13355127.028307667,2252753.694547683,0,94,0.9998671138964929,97,4.8468564258348,37.82946489265903,7919.438460522844,524.4698799088208,15.099891841071294,2.0160868703060864,309.7297584025252,0.0,0.0,0.448224112056028,0.11182245840448887,0.6242928452579035,0.030303030303030304,1731.182295103372,3005,0.2710142135620117
paper,100,1500000.0,25,15,exclude,launch,0,0.0,prior,0.0,cyc_sector0,12600.0,43200.0,15230110.176297057,0,13073293.83425018,2156816.3420468774,0,94,0.9998822630064349,97,4.910459184525673,35.64654164473437,7812.5443731858395,557.5979036230269,14.011071997264244,2.0124331245236133,307.50624948979396,0.0,0.0,0.48538170005414183,0.1211147714345418,0.5996396396396396,0.048087431693989074,1950.8390477967619,2775,0.28501367568969727
paper,100,1500000.0,24,15,exclude,launch,0,0.0,prior,0.0,cyc,12600.0,43200.0,15300237.387429139,0,13073106.557494355,2227130.829934783,0,94,0.9998962117286675,97,4.910459184525673,29.053406219569677,7812.5443731858395,638.9634477008715,12.226903434456323,2.1547005383792515,400.0,0.0,0.0,0.39945517582961865,0.13292367814839665,0.6013179571663921,0.04121475054229935,1781.574263231022,3035,0.8942277431488037
paper,100,1500000.0,25,15,exclude,launch,0,0.0,prior,0.0,cyc,12600.0,43200.0,15224849.919207925,0,13073106.575313391,2151743.3438945343,0,94,0.9998954282389899,97,4.910459184525673,29.704374404754127,7812.5443731858395,624.9606321464573,12.5008584082381,2.1547005383792515,400.0,0.0,0.0,0.4123486682808717,0.13001084167761925,0.58814050918466,0.05274725274725275,1779.565398321042,3103,0.9069259166717529
paper,200,1500000.0,23,14,exclude,launch,0,0.0,prior,0.0,cyc_sector0,12600.0,43200.0,31229714.354994595,0,26940477.796418503,4289236.558576093,0,164,0.999228142989594,174,4.629302721230921,24.909221328478033,8307.276799279487,800.9895843187313,10.371266945181448,2.00480885102948,302.8922481321551,0.0,0.0,0.08812368236120871,0.20102667729198043,1.6464759768180968,0.20672268907563024,738.5739154103751,5349,0.9929282665252686
paper,200,1500000.0,24,14,exclude,launch,0,0.0,prior,0.0,cyc_sector0,12600.0,43200.0,31969712.324258413,0,27543191.898202706,4426520.426055704,0,168,0.9996470899229386,179,4.629302721230921,28.287370245450322,8307.276799279487,705.4438801066324,11.775957001744475,2.004494856820261,302.7029752135072,0.0,0.0,0.0714936247723133,0.1729103807555945,1.6399939494781426,0.1913477537437604,600.238356641905,6611,1.1929376125335693
paper,200,1500000.0,24,13,exclude,launch,0,0.0,prior,0.0,cyc,12600.0,43200.0,33390423.860965274,0,28605895.422693275,4784528.438272,0,192,0.9999283783021475,193,4.646836166414484,29.408113547239488,8274.674043622275,674.4194075947418,12.269329664063466,2.016799687582499,310.1644814003602,0.0,0.0,0.4350404312668464,0.14467200898307603,0.7516129032258064,0.023163841807909605,3101.4727040609696,2790,1.4969367980957031
paper,200,1500000.0,23,13,exclude,launch,0,0.0,prior,0.0,cyc,12600.0,43200.0,32725201.10170946,0,27994827.864909157,4730373.236800303,0,188,0.9998683853803482,193,4.646836166414484,19.855741063252644,8274.674043622275,994.1084566501705,8.323713562909722,2.0264697371656175,316.0920363950556,0.0,0.0,0.22957115425645402,0.20968759954118146,0.8264322178105502,0.04101123595505618,2226.7547109573125,3526,2.653656005859375
paper,200,1500000.0,23,14,exclude,launch,0,0.0,prior,0.0,cyc,12600.0,43200.0,31168548.41343042,0,26933755.939846713,4234792.4735837085,0,164,0.9994916533938559,174,4.629302721230921,22.724039134150804,8307.276799279487,878.0715572938703,9.460819827579535,2.004677671725445,302.8131672190985,0.0,0.0,0.07732181425485961,0.21886629490308093,1.888739946380697,0.2121380846325167,659.5521033478589,5222,5.784955739974976
paper,200,1500000.0,24,14,exclude,launch,0,0.0,prior,0.0,cyc,12600.0,43200.0,31848487.533851657,0,27542398.581345323,4306088.952506334,0,168,0.9996713428040916,179,4.629302721230921,28.10824893351347,8307.276799279487,709.8964715092573,11.70209619667219,2.0046159551690867,302.77596521408896,0.0,0.0,0.07162408759124088,0.17317287037153595,1.7383333333333333,0.1874310915104741,567.1905795202192,6600,5.855957269668579
paper,50,1500000.0,25,13,exclude,launch,0,0.0,prior,0.0,cyc_sector0,12600.0,43200.0,8807551.812610071,0,7589089.535221332,1218462.2773887385,0,48,0.9999202133424976,50,4.616046259841628,57.484554307622226,8332.091090158548,322.9400458802664,25.800736689211234,2.1547005383792515,400.0,0.0,0.0,0.7719955073006365,0.06718005197120715,0.22931206380857427,0.007246376811594203,3534.3622186173156,2006,0.12999916076660156
paper,100,1500000.0,26,13,exclude,launch,0,0.0,prior,0.0,cluster_patrol,12600.0,43200.0,15628567.06167108,0,13357751.232034558,2270815.829636523,0,94,0.9996931674341659,97,4.8468564258348,69.10268020955104,7919.438460522844,285.93276697249127,27.696855258581643,2.0244225775414266,314.83248521298617,0.0,0.0,0.7463566967383761,0.06206960510678937,0.31608133086876156,0.01694915254237288,4742.626197531755,2164,0.16399860382080078
paper,100,1500000.0,25,13,exclude,launch,0,0.0,prior,0.0,cluster_patrol,12600.0,43200.0,15605979.86706072,0,13357750.779989716,2248229.087071004,0,94,0.9996986252066749,97,4.8468564258348,66.98629298327155,7919.438460522844,294.96999872992114,26.848284553080934,2.024399402131761,314.8182405263729,0.0,0.0,0.7385386819484241,0.06403659842720634,0.3258587786259542,0.017045454545454544,4744.234278698837,2096,0.17699813842773438
paper,50,1500000.0,24,13,exclude,launch,0,0.0,prior,0.0,cyc,12600.0,43200.0,8828952.728414357,0,7589089.3326827455,1239863.3957316114,0,48,0.9999199486159537,49,4.616046259841628,55.66669011097234,8332.091090158548,333.4860500687657,24.984826467075457,2.1547005383792515,400.0,0.0,0.0,0.7643410852713178,0.0693730768791445,0.23684210526315788,0.007211538461538462,3534.4203214642284,1938,0.20200037956237793
paper,50,1500000.0,24,13,exclude,launch,0,0.0,prior,0.0,cyc_sector0,12600.0,43200.0,8835153.066410618,0,7589089.619381684,1246063.447028935,0,48,0.9999206324441069,49,4.616046259841628,55.564581656270924,8332.091090158548,334.0988819163561,24.938997228504775,2.1547005383792515,400.0,0.0,0.0,0.7640449438202247,0.06950003142490013,0.2372356884992264,0.007194244604316547,3534.0105686190504,1939,0.20499944686889648
paper,100,1500000.0,26,15,exclude,launch,0,0.0,prior,0.0,cluster_patrol,12600.0,43200.0,15433571.699488856,0,13254654.482086595,2178917.2174022594,0,95,0.9997176038403349,97,4.910459184525673,72.62851800365421,7812.5443731858395,272.92082288020504,28.625680850358023,2.017976650778152,310.88293845885096,0.0,0.0,0.7253711201079622,0.060416257061651615,0.3094916779127305,0.03934426229508197,4726.117041121708,2223,0.21399950981140137
paper,100,1500000.0,25,15,exclude,launch,0,0.0,prior,0.0,cluster_patrol,12600.0,43200.0,15320108.860660914,0,13075851.917881886,2244256.9427790293,0,94,0.9996845039677045,97,4.910459184525673,74.43746197933513,7812.5443731858395,267.64466427242536,29.189987382800005,2.0077509707331904,304.6686057041062,0.0,0.0,0.7780294450736127,0.06776563209870384,0.3653749370910921,0.05519480519480519,4477.748446073501,1987,0.21499943733215332
paper,50,1500000.0,25,13,exclude,launch,0,0.0,prior,0.0,cyc,12600.0,43200.0,8822190.398798116,0,7589089.280904371,1233101.117893745,0,48,0.9999200355910757,50,4.616046259841628,57.67941240770024,8332.091090158548,321.8490589725888,25.88819466105127,2.1547005383792515,400.0,0.0,0.0,0.7722846441947565,0.06695360665269404,0.22854291417165667,0.007263922518159807,3539.0631547931175,2004,0.25299811363220215
paper,200,1500000.0,24,13,exclude,launch,0,0.0,prior,0.0,cluster_patrol,12600.0,43200.0,33408193.018371563,0,28608450.534673847,4799742.483697715,0,192,0.999848230521684,193,4.646836166414484,74.79061383299351,8274.674043622275,266.35944527605955,31.065817977831646,2.0079125395401904,304.76630620870696,0.0,0.0,0.7703125,0.07000831734890385,0.6363163371488033,0.023622047244094488,5318.400697896155,1922,0.24999690055847168
paper,200,1500000.0,25,13,exclude,launch,0,0.0,prior,0.0,cluster_patrol,12600.0,43200.0,33509554.033949945,0,28606329.62107665,4903224.412873295,0,192,0.9999154211025033,195,4.646836166414484,52.792152255201316,8274.674043622275,377.5916406566545,21.914346486146044,2.0066343964622404,303.9938424422697,0.0,0.0,0.69155275148966,0.09409930011430581,0.8292113859076061,0.02131239484015704,3657.4106781170212,2143,0.307997465133667
paper,200,1500000.0,24,13,exclude,launch,0,0.0,prior,0.0,cyc_sector0,12600.0,43200.0,33390423.860965274,0,28605895.422693275,4784528.438272,0,192,0.9999283783021475,193,4.646836166414484,29.408113547239488,8274.674043622275,674.4194075947418,12.269329664063466,2.016799687582499,310.1644814003602,0.0,0.0,0.4350404312668464,0.14467200898307603,0.7516129032258064,0.023163841807909605,3101.4727040609696,2790,0.3209972381591797
paper,200,1500000.0,25,13,exclude,launch,0,0.0,prior,0.0,cyc_sector0,12600.0,43200.0,33489799.38051711,0,28605788.63080546,4884010.74971165,0,192,0.9999312642725939,195,4.646836166414484,27.15613195609445,8274.674043622275,709.1309315118722,11.668753506465459,2.077139438726696,348.06881113813864,0.0,0.0,0.3816505083944195,0.1479957939482249,0.697074551745832,0.02699662542182227,2929.1472514223337,3179,0.34170079231262207
paper,200,1500000.0,24,14,exclude,launch,0,0.0,prior,0.0,cluster_patrol,12600.0,43200.0,31921661.357720524,0,27587756.78502625,4333904.572694277,0,168,0.9977479682260492,179,4.629302721230921,34.48043817900278,8307.276799279487,575.2709366597823,14.440633569139347,2.0165768701046494,310.0285598495295,0.0,0.0,0.5304915992532669,0.13904964780897652,1.1104218362282878,0.1739612188365651,2423.3531551646815,2418,0.349700927734375
paper,200,1500000.0,25,14,exclude,launch,0,0.0,prior,0.0,cluster_patrol,12600.0,43200.0,32381187.112412103,0,27937122.24996756,4444064.8624445405,0,171,0.9983448211139665,181,4.629302721230921,44.596187897630244,8307.276799279487,445.3006816475106,18.655432478891484,2.014229233408213,308.5982813699435,0.0,0.0,0.595448798988622,0.11310721934298354,1.0954985275557425,0.15871254162042175,2497.573137004209,2377,0.3757004737854004
paper,100,1500000.0,26,13,exclude,launch,0,0.0,prior,0.0,cyc,12600.0,43200.0,15625211.213095427,0,13355027.73416419,2270183.478931237,0,94,0.9998719591127027,97,4.8468564258348,31.49677038256554,7919.438460522844,589.3958136033523,13.436536666431797,2.1547005383792515,400.0,0.0,0.0,0.4090909090909091,0.12253373941017878,0.5916134913400183,0.02593010146561443,1669.6092809354313,3291,0.7664103507995605
paper,100,1500000.0,25,13,exclude,launch,0,0.0,prior,0.0,cyc,12600.0,43200.0,15643739.268686071,0,13355027.873128757,2288711.395557314,0,94,0.9998729702911938,97,4.8468564258348,30.857136058900487,7919.438460522844,601.6133373516865,13.163668371090916,2.1547005383792515,400.0,0.0,0.0,0.3967365967365967,0.12507424592430608,0.604031007751938,0.026047565118912798,1668.584568324267,3225,1.0509147644042969
paper,50,1500000.0,25,13,exclude,launch,0,0.0,prior,0.0,cluster_patrol,12600.0,43200.0,8822190.398798116,0,7589089.280904371,1233101.117893745,0,48,0.9999200355910757,50,4.616046259841628,57.67941240770024,8332.091090158548,321.8490589725888,25.88819466105127,2.1547005383792515,400.0,0.0,0.0,0.7722846441947565,0.06695360665269404,0.22854291417165667,0.007263922518159807,3539.0631547931175,2004,0.1269979476928711
paper,50,1500000.0,26,13,exclude,launch,0,0.0,prior,0.0,cluster_patrol,12600.0,43200.0,8801754.8178786,0,7589089.22603558,1212665.5918430204,0,48,0.9999199746250732,50,4.616046259841628,59.4962237582174,8332.091090158548,312.0208886021305,26.70363233527967,2.1547005383792515,400.00000000000006,0.0,0.0,0.7793478260869565,0.06490854887524242,0.22152509652509653,0.007246376811594203,3544.377682720036,2072,0.18399858474731445
paper,100,1500000.0,26,15,exclude,launch,0,0.0,prior,0.0,cyc_sector0,12600.0,43200.0,15432344.870378617,0,13252159.678665308,2180185.191713309,0,95,0.999918288166809,97,4.910459184525673,43.86069980889461,7812.5443731858395,453.6706193696758,17.22074130354857,2.0102208828163026,306.163869623445,0.0,0.0,0.5485666573893682,0.09962746844137478,0.5385470719051149,0.033112582781456956,2234.5348444927026,2698,0.229996919631958
paper,100,1500000.0,27,13,exclude,launch,0,0.0,prior,0.0,cyc_sector0,12600.0,43200.0,16120987.481790692,0,13751035.850234138,2369951.6315565538,0,96,0.9999490258898773,97,4.8468564258348,43.90357835822739,7919.438460522844,422.8371649809118,18.729286629476746,2.1547005383792515,400.0,0.0,0.0,0.5063882063882064,0.08789259556832509,0.4947712418300654,0.008988764044943821,2143.642749827602,3060,0.24999737739562988
paper,100,1500000.0,27,15,exclude,launch,0,0.0,prior,0.0,cyc_sector0,12600.0,43200.0,15557824.845259558,0,13251972.51974699,2305852.325512567,0,95,0.9999332426149382,97,4.910459184525673,35.54454747376762,7812.5443731858395,522.2760148855665,14.958650503790818,2.1547005383792515,399.99999999999994,0.0,0.0,0.4785142024763292,0.10863886649492992,0.5216548157724629,0.038002171552660155,2015.1419180818875,3094,0.2579989433288574
paper,100,1500000.0,26,13,exclude,launch,0,0.0,prior,0.0,cyc_sector0,12600.0,43200.0,15629391.104369186,0,13355126.863559598,2274264.240809588,0,94,0.9998656092818025,97,4.8468564258348,38.67292254386279,7919.438460522844,513.0312464602886,15.436561642519472,2.016086591100975,309.72958818456,0.0,0.0,0.4602397846831417,0.10937959529010628,0.6106770833333334,0.025959367945823927,1731.5169010578522,3072,0.29599714279174805
paper,100,1500000.0,27,15,exclude,launch,0,0.0,prior,0.0,cyc,12600.0,43200.0,15557824.845259558,0,13251972.51974699,2305852.325512567,0,95,0.9999332426149382,97,4.910459184525673,35.54454747376762,7812.5443731858395,522.2760148855665,14.958650503790818,2.1547005383792515,399.99999999999994,0.0,0.0,0.4785142024763292,0.10863886649492992,0.5216548157724629,0.038002171552660155,2015.1419180818875,3094,0.6236927509307861
paper,100,1500000.0,26,15,exclude,launch,0,0.0,prior,0.0,cyc,12600.0,43200.0,15482886.060610453,0,13251972.495100254,2230913.5655102,0,95,0.9999332893605906,97,4.910459184525673,34.76334862819031,7812.5443731858395,534.0125545459164,14.629888954256952,2.1547005383792515,400.0,0.0,0.0,0.46686522710349965,0.11108120937848767,0.5333773959021811,0.030973451327433628,2012.622647919209,3026,0.8511972427368164
paper,200,1500000.0,25,14,exclude,launch,0,0.0,prior,0.0,cyc_sector0,12600.0,43200.0,32321495.180366274,0,27903752.29345369,4417742.886912585,0,171,0.9997012883717268,181,4.629302721230921,31.7759343412952,8307.276799279487,628.1770083998763,13.224420327703804,2.003916517201308,302.35451205288103,0.0,0.0,0.08850914667542994,0.1564568735675221,1.609429569266589,0.18282548476454294,587.7026876367826,6872,1.1607086658477783
paper,200,1500000.0,26,13,exclude,launch,0,0.0,prior,0.0,cyc,12600.0,43200.0,33510285.6221072,0,28605895.47885367,4904390.143253533,0,192,0.9999285623263778,196,4.646836166414484,30.831265629724623,8274.674043622275,643.29085290958,12.863037001375412,2.0167927071768843,310.16022281042916,0.0,0.0,0.4611625514403292,0.13799627570668133,0.7167293876154636,0.02820078962210942,3101.168756131418,2923,1.3737082481384277
paper,200,1500000.0,25,13,exclude,launch,0,0.0,prior,0.0,cyc,12600.0,43200.0,33489799.38051711,0,28605788.63080546,4884010.74971165,0,192,0.9999312642725939,195,4.646836166414484,27.15613195609445,8274.674043622275,709.1309315118722,11.668753506465459,2.077139438726696,348.06881113813864,0.0,0.0,0.3816505083944195,0.1479957939482249,0.697074551745832,0.02699662542182227,2929.1472514223337,3179,1.3947114944458008
paper,200,1500000.0,26,14,exclude,launch,0,0.0,prior,0.0,cyc_sector0,12600.0,43200.0,32554932.1653296,0,27904511.267145418,4650420.898184184,0,171,0.9996764168352416,181,4.629302721230921,36.64270524928168,8307.276799279487,544.3846940369638,15.259938220664635,2.0052409090882284,303.1527855913583,0.0,0.0,0.0680955193654544,0.1279585456069635,1.3873460246360583,0.1529541689674213,525.1336872858366,8930,1.3947081565856934
paper,200,1500000.0,25,14,exclude,launch,0,0.0,prior,0.0,cyc,12600.0,43200.0,32366846.907862265,0,27903348.587360244,4463498.3205020195,0,171,0.9997170592947974,181,4.629302721230921,30.177783518489587,8307.276799279487,661.3655670195869,12.560794231722468,2.0041539188289264,302.49752780984716,0.0,0.0,0.07621271627215795,0.16107721770367137,1.5801494431129282,0.165834719911259,579.8503456650665,7093,5.147493124008179
paper,200,1500000.0,26,14,exclude,launch,0,0.0,prior,0.0,cyc,12600.0,43200.0,32304348.80910594,0,27902993.97709306,4401354.83201288,0,171,0.9997260424721193,181,4.629302721230921,36.617303440864575,8307.276799279487,544.813045032835,15.247940325619076,2.0050542818340493,303.04023282988703,0.0,0.0,0.0684826883910387,0.1286916424511242,1.4351351351351351,0.16685144124168513,510.52736738327076,8880,6.760163068771362
paper,50,1500000.0,27,13,exclude,launch,0,0.0,prior,0.0,cyc_sector0,12600.0,43200.0,8961503.082811777,0,7745118.155665867,1216384.9271459095,0,49,0.9999713646586071,50,4.616046259841628,114.82656690265993,8332.091090158548,161.6704662192609,51.537496519979044,2.1547005383792515,399.99999999999994,0.0,0.0,0.8773052314640573,0.03362258626925998,0.12337011033099297,0.0,6593.344421708876,1994,0.18350958824157715
paper,100,1500000.0,28,13,exclude,launch,0,0.0,prior,0.0,cluster_patrol,12600.0,43200.0,16172358.140586836,0,13808345.214762585,2364012.9258242515,0,97,0.9999259023652557,98,4.8468564258348,77.80306452164479,7919.438460522844,238.603257077948,33.19082294813639,2.1547005383792515,400.0,0.0,0.0,0.6467813540510544,0.04965532531216165,0.3547434477667036,0.0022701475595913734,3379.8423920026376,2709,0.20250749588012695
paper,50,1500000.0,26,13,exclude,launch,0,0.0,prior,0.0,cyc_sector0,12600.0,43200.0,8828284.032764547,0,7589089.466105619,1239194.566658926,0,48,0.9999204831256138,50,4.616046259841628,59.496223758217404,8332.091090158548,312.0208886021305,26.70363233527967,2.1547005383792515,400.0,0.0,0.0,0.7793478260869565,0.06490935568897087,0.22152509652509653,0.007211538461538462,3542.3517119581506,2072,0.22350811958312988
paper,50,1500000.0,26,13,exclude,launch,0,0.0,prior,0.0,cyc,12600.0,43200.0,8801754.8178786,0,7589089.22603558,1212665.5918430204,0,48,0.9999199746250732,50,4.616046259841628,59.4962237582174,8332.091090158548,312.0208886021305,26.70363233527967,2.1547005383792515,400.00000000000006,0.0,0.0,0.7793478260869565,0.06490854887524242,0.22152509652509653,0.007246376811594203,3544.377682720036,2072,0.23350739479064941
paper,100,1500000.0,27,13,exclude,launch,0,0.0,prior,0.0,cluster_patrol,12600.0,43200.0,16088988.737681301,0,13752026.990533385,2336961.7471479164,0,96,0.9998858989870358,97,4.8468564258348,67.04934578423281,7919.438460522844,276.8716739645754,28.603281611018485,2.1547005383792515,400.0,0.0,0.0,0.7215067611075338,0.0576698092994728,0.27977720651242505,0.013544018058690745,4976.513584930764,2334,0.2535076141357422
paper,50,1500000.0,27,13,exclude,launch,0,0.0,prior,0.0,cyc,12600.0,43200.0,8958121.940968366,0,7745117.936506519,1213004.0044618472,0,49,0.9999713783153971,50,4.616046259841628,114.82656690265993,8332.091090158548,161.6704662192609,51.537496519979044,2.1547005383792515,400.0,0.0,0.0,0.8773052314640573,0.03362259865649836,0.12337011033099297,0.0,6586.067892993037,1994,0.2665081024169922
paper,200,1500000.0,27,13,exclude,launch,0,0.0,prior,0.0,cluster_patrol,12600.0,43200.0,33493744.216113772,0,28719983.243718393,4773760.972395376,0,193,0.9998965765870637,198,4.646836166414484,84.47933870090365,8274.674043622275,236.0079399075114,35.06099857006937,2.0062399387106935,303.7556442769501,0.0,0.0,0.7863157894736842,0.06287643137723432,0.6079439252336448,0.020833333333333332,4996.147916600513,2140,0.24251031875610352
paper,100,1500000.0,28,15,exclude,launch,0,0.0,prior,0.0,cluster_patrol,12600.0,43200.0,15588265.252787799,0,13343430.151554856,2244835.101232942,0,96,0.9998582360533906,97,4.910459184525673,80.18870329299746,7812.5443731858395,248.1520409232382,31.482893890856708,2.0101522355576793,306.1222617006532,0.0,0.0,0.738276299112801,0.05676678196230246,0.31334459459459457,0.04276315789473684,4376.263038081805,2368,0.25650906562805176
paper,100,1500000.0,27,15,exclude,launch,0,0.0,prior,0.0,cluster_patrol,12600.0,43200.0,15592924.738237109,0,13342784.241705593,2250140.4965315145,0,96,0.9998671899751957,97,4.910459184525673,77.92927790343266,7812.5443731858395,255.34042375652922,30.596582625848594,2.01020229498749,306.15260303939766,0.0,0.0,0.730593607305936,0.05837523840444773,0.3217391304347826,0.020994475138121547,4393.54482007752,2300,0.2645096778869629
paper,200,1500000.0,27,14,exclude,launch,0,0.0,prior,0.0,cluster_patrol,12600.0,43200.0,32822883.873798124,0,28317444.225418255,4505439.648379865,0,174,0.9988401684167323,181,4.629302721230921,46.484508182503426,8307.276799279487,427.2476209960678,19.443705221604837,2.0140585786031435,308.4944402515885,0.0,0.0,0.6132580261593341,0.10642032726709798,0.9766613924050633,0.1511111111111111,2630.6988387975916,2528,0.3115098476409912
paper,200,1500000.0,26,14,exclude,launch,0,0.0,prior,0.0,cluster_patrol,12600.0,43200.0,32452685.85113773,0,27947403.94118741,4505281.909950319,0,171,0.9978069204180459,181,4.629302721230921,45.14370130849154,8307.276799279487,439.69106220106517,18.89344022071723,2.0151862440297297,309.1809330201571,0.0,0.0,0.6065170611743006,0.11015377742449636,1.0151329243353784,0.16240266963292546,2619.7168844905887,2445,0.3185102939605713
paper,200,1500000.0,26,13,exclude,launch,0,0.0,prior,0.0,cluster_patrol,12600.0,43200.0,33527067.386098105,0,28606290.03448882,4920777.351609285,0,192,0.9999161927292352,196,4.646836166414484,54.30816977005438,8274.674043622275,367.02646999515684,22.545169681444133,2.0067692498267147,304.07529671899374,0.0,0.0,0.6992200746015599,0.09110769690966306,0.8127256317689531,0.02480270574971815,3608.957148013275,2216,0.33651137351989746
paper,200,1500000.0,26,13,exclude,launch,0,0.0,prior,0.0,cyc_sector0,12600.0,43200.0,33510285.6221072,0,28605895.47885367,4904390.143253533,0,192,0.9999285623263778,196,4.646836166414484,30.831265629724623,8274.674043622275,643.29085290958,12.863037001375412,2.0167927071768843,310.16022281042916,0.0,0.0,0.4611625514403292,0.13799627570668133,0.7167293876154636,0.02820078962210942,3101.168756131418,2923,0.33850884437561035
paper,200,1500000.0,27,13,exclude,launch,0,0.0,prior,0.0,cyc_sector0,12600.0,43200.0,33582023.632791705,0,28718521.988529906,4863501.644261802,0,193,0.9999422327201838,198,4.646836166414484,27.52512739550131,8274.674043622275,674.4406424997794,12.26894336164651,2.1547005383792515,400.0,0.0,0.0,0.4021519838601211,0.14025220743369723,0.5997019374068554,0.020247469066366704,3232.0376831651997,3355,0.3555111885070801
paper,100,1500000.0,27,13,exclude,launch,0,0.0,prior,0.0,cyc,12600.0,43200.0,16108181.735420005,0,13751035.866461366,2357145.8689586394,0,96,0.9999489459087335,97,4.8468564258348,43.90405614985151,7919.438460522844,422.83256340024906,18.72949045560236,2.1547005383792515,400.0,0.0,0.0,0.5068829891838741,0.0878906476183166,0.494609604704345,0.011286681715575621,2145.8048112056345,3061,0.5595064163208008
paper,100,1500000.0,28,13,exclude,launch,0,0.0,prior,0.0,cyc,12600.0,43200.0,16022889.879112741,0,13751035.776530761,2271854.10258198,0,96,0.9999484990575651,98,4.8468564258348,44.8648658582278,7919.438460522844,413.7773344552574,19.13937231711562,2.1547005383792515,400.0,0.0,0.0,0.5170673076923077,0.08600875819521875,0.4841701311160857,0.012415349887133182,2142.8197340194197,3127,0.5725083351135254
paper,50,1500000.0,28,13,exclude,launch,0,0.0,prior,0.0,cluster_patrol,12600.0,43200.0,9006695.034549719,0,7745117.854321768,1261577.1802279511,0,49,0.9999715417969528,50,4.616046259841628,118.26167919651272,8332.091090158548,156.97447162628822,53.079274635145126,2.1547005383792515,400.0,0.0,0.0,0.881004366812227,0.0326461769351928,0.11978661493695442,0.0,6581.18607911136,2062,0.12099719047546387
paper,50,1500000.0,27,13,exclude,launch,0,0.0,prior,0.0,cluster_patrol,12600.0,43200.0,8958121.940968366,0,7745117.936506519,1213004.0044618472,0,49,0.9999713783153971,50,4.616046259841628,114.82656690265993,8332.091090158548,161.6704662192609,51.537496519979044,2.1547005383792515,400.0,0.0,0.0,0.8773052314640573,0.03362259865649836,0.12337011033099297,0.0,6586.067892993037,1994,0.1719975471496582
paper,100,1500000.0,28,15,exclude,launch,0,0.0,prior,0.0,cyc_sector0,12600.0,43200.0,15476515.138640383,0,13342246.269485801,2134268.869154583,0,96,0.9999490948146508,97,4.910459184525673,43.1877830849485,7812.5443731858395,429.84527751738204,18.175247657268763,2.1547005383792515,400.0,0.0,0.0,0.536944583125312,0.08942383157549705,0.4634308510638298,0.030501089324618737,2332.214414693049,3008,0.24379181861877441
paper,100,1500000.0,29,13,exclude,launch,0,0.0,prior,0.0,cyc_sector0,12600.0,43200.0,16148897.353693392,0,13807818.238968834,2341079.114724558,0,97,0.9999583848579842,98,4.8468564258348,58.034371300873964,7919.438460522844,319.8805154494819,24.757489368787596,2.1547005383792515,400.00000000000006,0.0,0.0,0.5774473358116481,0.06649490408346097,0.4240026376524893,0.004489337822671156,2523.1741601980702,3033,0.25379276275634766
paper,100,1500000.0,29,15,exclude,launch,0,0.0,prior,0.0,cyc_sector0,12600.0,43200.0,15598862.699564744,0,13342246.270103745,2256616.429460999,0,96,0.9999493103143613,97,4.910459184525673,44.14974500871564,7812.5443731858395,420.4795430153773,18.580081963464576,2.1547005383792515,400.0,0.0,0.0,0.5470085470085471,0.08747510915896349,0.4533333333333333,0.032044198895027624,2332.509012854088,3075,0.2487928867340088
paper,100,1500000.0,28,13,exclude,launch,0,0.0,prior,0.0,cyc_sector0,12600.0,43200.0,16022889.879112741,0,13751035.776530761,2271854.10258198,0,96,0.9999484990575651,98,4.8468564258348,44.8648658582278,7919.438460522844,413.7773344552574,19.13937231711562,2.1547005383792515,400.0,0.0,0.0,0.5170673076923077,0.08600875819521875,0.4841701311160857,0.012415349887133182,2142.8197340194197,3127,0.26279544830322266
paper,100,1500000.0,28,15,exclude,launch,0,0.0,prior,0.0,cyc,12600.0,43200.0,15476515.138640383,0,13342246.269485801,2134268.869154583,0,96,0.9999490948146508,97,4.910459184525673,43.1877830849485,7812.5443731858395,429.84527751738204,18.175247657268763,2.1547005383792515,400.0,0.0,0.0,0.536944583125312,0.08942383157549705,0.4634308510638298,0.030501089324618737,2332.214414693049,3008,0.5788097381591797
paper,100,1500000.0,29,15,exclude,launch,0,0.0,prior,0.0,cyc,12600.0,43200.0,15598862.699564744,0,13342246.270103745,2256616.429460999,0,96,0.9999493103143613,97,4.910459184525673,44.14974500871564,7812.5443731858395,420.4795430153773,18.580081963464576,2.1547005383792515,400.0,0.0,0.0,0.5470085470085471,0.08747510915896349,0.4533333333333333,0.032044198895027624,2332.509012854088,3075,0.5868110656738281
paper,200,1500000.0,27,13,exclude,launch,0,0.0,prior,0.0,cyc,12600.0,43200.0,33582023.632791705,0,28718521.988529906,4863501.644261802,0,193,0.9999422327201838,198,4.646836166414484,27.52512739550131,8274.674043622275,674.4406424997794,12.26894336164651,2.1547005383792515,400.0,0.0,0.0,0.4021519838601211,0.14025220743369723,0.5997019374068554,0.020247469066366704,3232.0376831651997,3355,1.3398127555847168
paper,200,1500000.0,27,14,exclude,launch,0,0.0,prior,0.0,cyc_sector0,12600.0,43200.0,32866200.250458498,0,28295712.16824981,4570488.082208688,0,174,0.9996805211340032,181,4.629302721230921,40.710659265451376,8307.276799279487,489.8948911294375,16.957263587965407,2.0056213566760874,303.3822939009164,0.0,0.0,0.09202873759835785,0.11447536038652315,1.3226282342260554,0.15920398009950248,558.1810215474695,8812,1.3608112335205078
paper,200,1500000.0,28,14,exclude,launch,0,0.0,prior,0.0,cyc_sector0,12600.0,43200.0,32857937.678735353,0,28293919.128328376,4564018.5504069775,0,174,0.9997454183662309,182,4.629302721230921,39.571500117392866,8307.276799279487,504.0771367149916,16.4801697879356,2.005305187809718,303.19155619113945,0.0,0.0,0.088659793814433,0.11769822240757012,1.3232621784345922,0.1404775124930594,538.1801888775207,9135,1.3638112545013428
paper,200,1500000.0,28,13,exclude,launch,0,0.0,prior,0.0,cyc,12600.0,43200.0,33576686.487248816,0,28718628.496190585,4858057.9910582295,0,193,0.9999388865050199,198,4.646836166414484,32.555267695076076,8274.674043622275,609.4856575121704,13.5764868978185,2.015928990260951,309.63351397579055,0.0,0.0,0.4790099490414948,0.13017887964741331,0.6105195224265892,0.02359550561797753,3434.4307348112134,3099,1.3768115043640137
paper,200,1500000.0,28,14,exclude,launch,0,0.0,prior,0.0,cyc,12600.0,43200.0,32857937.678735353,0,28293919.128328376,4564018.5504069775,0,174,0.9997454183662309,182,4.629302721230921,39.571500117392866,8307.276799279487,504.0771367149916,16.4801697879356,2.005305187809718,303.19155619113945,0.0,0.0,0.088659793814433,0.11769822240757012,1.3232621784345922,0.1404775124930594,538.1801888775207,9135,3.9057629108428955
paper,200,1500000.0,27,14,exclude,launch,0,0.0,prior,0.0,cyc,12600.0,43200.0,32653066.564641953,0,28109486.4522439,4543580.112398054,0,173,0.9994469287462009,181,4.629302721230921,30.617355326026434,8307.276799279487,650.6494988696288,12.767668020511337,2.007914506294223,304.7674955994981,0.0,0.0,0.38088859120339363,0.15966795148656057,1.5387125482052804,0.14341517857142858,1254.587963033786,3371,5.230332374572754
paper,50,1500000.0,29,13,exclude,launch,0,0.0,prior,0.0,cyc_sector0,12600.0,43200.0,8980266.558494914,0,7745118.18589476,1235148.372600154,0,49,0.9999714211234856,50,4.616046259841628,122.54309647385173,8332.091090158548,151.4900891171082,55.00089899424042,2.1547005383792515,400.0,0.0,0.0,0.885049365303244,0.03150549336909544,0.1156015037593985,0.0,6593.72239165417,2128,0.1829991340637207
paper,50,1500000.0,28,13,exclude,launch,0,0.0,prior,0.0,cyc_sector0,12600.0,43200.0,9010083.32822857,0,7745118.171320107,1264965.1569084649,0,49,0.9999715173162046,50,4.616046259841628,118.68483168825583,8332.091090158548,156.41480331936256,53.26919775710974,2.1547005383792515,400.0,0.0,0.0,0.8813250819075354,0.03252971192308619,0.11935953420669577,0.0,6591.790461022881,2061,0.19199872016906738
paper,100,1500000.0,29,15,exclude,launch,0,0.0,prior,0.0,cluster_patrol,12600.0,43200.0,15649397.039439347,0,13343429.945231643,2305967.0942077045,0,96,0.9998592460437485,97,4.910459184525673,82.45758204881282,7812.5443731858395,241.32403815450843,32.37366833793754,2.0101515996174006,306.121876262878,0.0,0.0,0.7452248921749846,0.055200737105198516,0.3047227926078029,0.03732162458836443,4378.256182994631,2435,0.1789991855621338
paper,100,1500000.0,30,13,exclude,launch,0,0.0,prior,0.0,cluster_patrol,12600.0,43200.0,16208063.669079762,0,13808345.42415946,2399718.2449203013,0,97,0.9999260448689463,98,4.8468564258348,81.65157343486013,7919.438460522844,227.35709582277917,34.83259861260678,2.1547005383792515,400.0,0.0,0.0,0.6633192389006343,0.04731288488638454,0.3380232149138234,0.003367003367003367,3378.5233213593733,2843,0.2089989185333252
paper,50,1500000.0,28,13,exclude,launch,0,0.0,prior,0.0,cyc,12600.0,43200.0,9006695.034549719,0,7745117.854321768,1261577.1802279511,0,49,0.9999715417969528,50,4.616046259841628,118.26167919651272,8332.091090158548,156.97447162628822,53.079274635145126,2.1547005383792515,400.0,0.0,0.0,0.881004366812227,0.0326461769351928,0.11978661493695442,0.0,6581.18607911136,2062,0.24799895286560059
paper,200,1500000.0,29,13,exclude,launch,0,0.0,prior,0.0,cluster_patrol,12600.0,43200.0,33641204.446417786,0,28720937.866142243,4920266.580275541,0,193,0.9998675007355622,198,4.646836166414484,78.03813471589837,8274.674043622275,254.19422606548716,32.552564909521195,2.016449869586446,309.95110121469116,0.0,0.0,0.7783853329044709,0.0575476156027069,0.385340762966138,0.01748448956570784,7225.163202081713,2333,0.21199941635131836
paper,200,1500000.0,28,13,exclude,launch,0,0.0,prior,0.0,cluster_patrol,12600.0,43200.0,33606280.778978765,0,28720467.035940904,4885813.74303786,0,193,0.99988198121742,198,4.646836166414484,83.87859870712906,8274.674043622275,237.5286739307339,34.83652691984154,2.007672085777789,304.6209097367281,0.0,0.0,0.7835294117647059,0.060093493496651586,0.5376344086021505,0.021947101857062466,5407.354856447157,2232,0.22099971771240234
paper,50,1500000.0,29,13,exclude,launch,0,0.0,prior,0.0,cyc,12600.0,43200.0,8965409.165622937,0,7745117.867530707,1220291.29809223,0,49,0.999971409273099,50,4.616046259841628,122.10432347690377,8332.091090158548,152.03445772353513,54.8039649360931,2.1547005383792515,400.0,0.0,0.0,0.8847373986605569,0.031618767847436356,0.11601690934711131,0.0,6580.127702721296,2129,0.26099681854248047
paper,100,1500000.0,29,13,exclude,launch,0,0.0,prior,0.0,cluster_patrol,12600.0,43200.0,16146556.268193705,0,13808345.320184112,2338210.9480095925,0,97,0.9999257988094405,98,4.8468564258348,79.6942208364436,7919.438460522844,232.94116449935817,33.997591097921486,2.1547005383792515,400.0,0.0,0.0,0.6551164049810504,0.048476554113554914,0.34641699675909254,0.003389830508474576,3376.5114710516473,2777,0.24899816513061523
paper,100,1500000.0,30,15,exclude,launch,0,0.0,prior,0.0,cluster_patrol,12600.0,43200.0,15681752.131882843,0,13453876.597710699,2227875.5341721424,0,97,0.9999519206092744,97,4.910459184525673,94.41358489762573,7812.5443731858395,211.40523388270066,36.95530252349699,2.004055607635104,302.43829896704943,0.0,0.0,0.7505234819024827,0.0536538396097502,0.3488835725677831,0.02280130293159609,3712.7994179424727,2508,0.27199792861938477
paper,200,1500000.0,28,14,exclude,launch,0,0.0,prior,0.0,cluster_patrol,12600.0,43200.0,32819193.004616432,0,28318739.309231408,4500453.695385024,0,174,0.9987814434406124,182,4.629302721230921,47.72389349368288,8307.276799279487,416.15092456507136,19.962173117749547,2.0140639668679783,308.497718670006,0.0,0.0,0.6232261801332175,0.10369541910138193,0.9529683885890516,0.14197875908328675,2626.0321877337046,2594,0.31786608695983887
paper,200,1500000.0,29,13,exclude,launch,0,0.0,prior,0.0,cyc_sector0,12600.0,43200.0,33626378.93207737,0,28718539.712369904,4907839.2197074685,0,193,0.9999413807565756,198,4.646836166414484,33.00277732366434,8274.674043622275,585.5517952878139,14.131412643957583,2.069875315445521,343.3899571798961,0.0,0.0,0.4697038724373576,0.12226349917943402,0.6063636363636363,0.021348314606741574,3250.8887095900045,3300,0.3348679542541504
paper,200,1500000.0,28,13,exclude,launch,0,0.0,prior,0.0,cyc_sector0,12600.0,43200.0,33576686.487248816,0,28718628.496190585,4858057.9910582295,0,193,0.9999388865050199,198,4.646836166414484,32.555267695076076,8274.674043622275,609.4856575121704,13.5764868978185,2.015928990260951,309.63351397579055,0.0,0.0,0.4790099490414948,0.13017887964741331,0.6105195224265892,0.02359550561797753,3434.4307348112134,3099,0.34186792373657227
paper,200,1500000.0,29,14,exclude,launch,0,0.0,prior,0.0,cluster_patrol,12600.0,43200.0,33569408.70649191,0,28924431.57947092,4644977.127020985,0,179,0.9993482600680407,184,4.629302721230921,70.33755415061107,8307.276799279487,282.9388694414063,29.36067715149981,2.009926216523025,305.9852888461535,0.0,0.0,0.6835777126099707,0.07874338104475809,0.98515625,0.12278761061946902,2576.593641647973,2560,0.34186768531799316
paper,100,1500000.0,30,13,exclude,launch,0,0.0,prior,0.0,cyc,12600.0,43200.0,16157079.745260105,0,13807818.205223506,2349261.540036598,0,97,0.9999584619485699,98,4.8468564258348,59.31637027125266,7919.438460522844,312.9669688252512,25.304390716531994,2.1547005383792515,400.0,0.0,0.0,0.5866666666666667,0.06505792731734432,0.41483870967741937,0.003367003367003367,2522.2817266407105,3100,0.5923447608947754
paper,100,1500000.0,29,13,exclude,launch,0,0.0,prior,0.0,cyc,12600.0,43200.0,16148897.353693392,0,13807818.238968834,2341079.114724558,0,97,0.9999583848579842,98,4.8468564258348,58.034371300873964,7919.438460522844,319.8805154494819,24.757489368787596,2.1547005383792515,400.00000000000006,0.0,0.0,0.5774473358116481,0.06649490408346097,0.4240026376524893,0.004489337822671156,2523.1741601980702,3033,0.5973453521728516
paper,50,1500000.0,29,13,exclude,launch,0,0.0,prior,0.0,cluster_patrol,12600.0,43200.0,8965409.165622937,0,7745117.867530707,1220291.29809223,0,49,0.999971409273099,50,4.616046259841628,122.10432347690377,8332.091090158548,152.03445772353513,54.8039649360931,2.1547005383792515,400.0,0.0,0.0,0.8847373986605569,0.031618767847436356,0.11601690934711131,0.0,6580.127702721296,2129,0.12099838256835938
paper,50,1500000.0,30,13,exclude,launch,0,0.0,prior,0.0,cluster_patrol,12600.0,43200.0,9010680.838053769,0,7745117.980840989,1265562.8572127786,0,49,0.9999715403441871,50,4.616046259841628,125.94696775729483,8332.091090158548,147.39588364909213,56.52865523704107,2.1547005383792515,400.0,0.0,0.0,0.8882815169115135,0.03065425963674069,0.11247723132969034,0.0,6575.859300333233,2196,0.1399979591369629
paper,100,1500000.0,30,13,exclude,launch,0,0.0,prior,0.0,cyc_sector0,12600.0,43200.0,16157079.745260105,0,13807818.205223506,2349261.540036598,0,97,0.9999584619485699,98,4.8468564258348,59.31637027125266,7919.438460522844,312.9669688252512,25.304390716531994,2.1547005383792515,400.0,0.0,0.0,0.5866666666666667,0.06505792731734432,0.41483870967741937,0.003367003367003367,2522.2817266407105,3100,0.23950839042663574
paper,100,1500000.0,31,13,exclude,launch,0,0.0,prior,0.0,cyc_sector0,12600.0,43200.0,16162120.076519303,0,13807818.201791985,2354301.874727317,0,97,0.9999584599957188,98,4.8468564258348,60.598369241631346,7919.438460522844,306.3459435927624,25.8512920642764,2.1547005383792515,400.0,0.0,0.0,0.5953962980541053,0.06368091234745775,0.40606251973476476,0.004484304932735426,2523.8968192641596,3167,0.24350810050964355
paper,100,1500000.0,31,15,exclude,launch,0,0.0,prior,0.0,cyc_sector0,12600.0,43200.0,15698039.612213237,0,13453643.16458748,2244396.4476257567,0,97,0.9999687653326939,97,4.910459184525673,58.133466787427984,7812.5443731858395,319.3352406350016,24.465024147195624,2.1547005383792515,400.0,0.0,0.0,0.6204253214638972,0.06644139376000087,0.3801054018445323,0.02516411378555799,2813.838207961756,3036,0.26350903511047363
paper,100,1500000.0,30,15,exclude,launch,0,0.0,prior,0.0,cyc_sector0,12600.0,43200.0,15658004.029861456,0,13453643.136758689,2204360.893102767,0,97,0.9999682925131418,97,4.910459184525673,56.850547724596076,7812.5443731858395,326.5415259575159,23.92511748782076,2.1547005383792515,400.0,0.0,0.0,0.6118836915297092,0.06794021470638334,0.38868305826877736,0.025330396475770924,2812.9379852997363,2969,0.27150917053222656
paper,100,1500000.0,31,15,exclude,launch,0,0.0,prior,0.0,cyc,12600.0,43200.0,15721821.095318954,0,13453643.144260572,2268177.951058382,0,97,0.999968429132731,97,4.910459184525673,58.13339350041084,7812.5443731858395,319.3356432113152,24.464993304915904,2.1547005383792515,400.0,0.0,0.0,0.6207323107372588,0.06644160890571475,0.3801054018445323,0.026172300981461286,2813.484209658602,3036,0.5030245780944824
paper,100,1500000.0,30,15,exclude,launch,0,0.0,prior,0.0,cyc,12600.0,43200.0,15670202.714334635,0,13453643.21930432,2216559.495030315,0,97,0.9999683861062566,97,4.910459184525673,56.820897578882935,7812.5443731858395,326.7119210804122,23.91263945114195,2.1547005383792515,400.0,0.0,0.0,0.6121932709334682,0.06797568321231037,0.3888888888888889,0.024043715846994537,2810.5244130139567,2970,0.545020341873169
paper,200,1500000.0,30,14,exclude,launch,0,0.0,prior,0.0,cyc_sector0,12600.0,43200.0,33473080.980997074,0,28910833.871890645,4562247.109106426,0,179,0.9998104787927,184,4.629302721230921,44.0520054779507,8307.276799279487,452.55908031955164,18.356226094090797,2.0064069504338145,303.85648496444696,0.0,0.0,0.11746864497089926,0.1025564950743868,1.2701612903225807,0.13101903695408734,557.561687880845,9176,1.3047912120819092
paper,200,1500000.0,29,14,exclude,launch,0,0.0,prior,0.0,cyc_sector0,12600.0,43200.0,33564236.93998504,0,28912026.83512762,4652210.104857418,0,179,0.9997700700952317,184,4.629302721230921,45.90232298500128,8307.276799279487,434.2905587021128,19.128384517743083,2.0065266800087986,303.92878727086025,0.0,0.0,0.12199897837561723,0.0989436786847256,1.29376485232545,0.13314917127071824,568.2954144592757,8837,1.32979154586792
paper,200,1500000.0,29,13,exclude,launch,0,0.0,prior,0.0,cyc,12600.0,43200.0,33626378.93207737,0,28718539.712369904,4907839.2197074685,0,193,0.9999413807565756,198,4.646836166414484,33.00277732366434,8274.674043622275,585.5517952878139,14.131412643957583,2.069875315445521,343.3899571798961,0.0,0.0,0.4697038724373576,0.12226349917943402,0.6063636363636363,0.021348314606741574,3250.8887095900045,3300,1.3677887916564941
paper,200,1500000.0,30,13,exclude,launch,0,0.0,prior,0.0,cyc,12600.0,43200.0,33496561.36599302,0,28718638.918936413,4777922.447056606,0,193,0.9999386725806281,199,4.646836166414484,34.46654121000691,8274.674043622275,574.6126504635901,14.400438342153405,2.019701114231233,311.93710870932546,0.0,0.0,0.4899863450159308,0.12203405287745617,0.5861338177414471,0.018068887634105024,3358.820146953998,3303,1.5908007621765137
paper,200,1500000.0,29,14,exclude,launch,0,0.0,prior,0.0,cyc,12600.0,43200.0,33252713.730636198,0,28676074.66678557,4576639.0638506245,0,178,0.9998026129020114,184,4.629302721230921,38.09769076170774,8307.276799279487,523.5341454880308,15.867688613768573,2.0054707257991353,303.2914141317119,0.0,0.0,0.12994678277697147,0.12103195620014871,1.2508997429305913,0.12791991101223582,667.9999372626602,7780,4.748742580413818
paper,200,1500000.0,30,14,exclude,launch,0,0.0,prior,0.0,cyc,12600.0,43200.0,33457442.88093769,0,28910334.37835384,4547108.502583853,0,179,0.9998300749145548,184,4.629302721230921,43.84717161540098,8307.276799279487,454.85130906191733,18.263719667889635,2.0056214150758205,303.38232913772885,0.0,0.0,0.11960604290126033,0.10443944171177755,1.2975701764118495,0.1322222222222222,555.6200769443642,9013,5.971424341201782
paper,50,1500000.0,31,13,exclude,launch,0,0.0,prior,0.0,cyc_sector0,12600.0,43200.0,9076743.364641957,0,7848069.366628387,1228673.99801357,0,50,1.0,50,4.616046259841628,1200000000000000.0,8332.091090158548,0.0,8332091090158.548,1.0000018257418584,1e-09,0.0,0.0,1.0,0.0,0.0,0.0,1618842309677422.2,2083,0.15599894523620605
paper,50,1500000.0,30,13,exclude,launch,0,0.0,prior,0.0,cyc,12600.0,43200.0,9010680.838053769,0,7745117.980840989,1265562.8572127786,0,49,0.9999715403441871,50,4.616046259841628,125.94696775729483,8332.091090158548,147.39588364909213,56.52865523704107,2.1547005383792515,400.0,0.0,0.0,0.8882815169115135,0.03065425963674069,0.11247723132969034,0.0,6575.859300333233,2196,0.19171714782714844
paper,50,1500000.0,30,13,exclude,launch,0,0.0,prior,0.0,cyc_sector0,12600.0,43200.0,9002125.88586645,0,7745118.1994977305,1257007.6863687197,0,49,0.9999714890087862,50,4.616046259841628,126.40136125944763,8332.091090158548,146.86601805977506,56.732600231371116,2.1547005383792515,399.99999999999994,0.0,0.0,0.8885850991114149,0.030543528222158098,0.11207289293849658,0.0,6592.259429349063,2195,0.1947166919708252
paper,50,1500000.0,31,13,exclude,launch,0,0.0,prior,0.0,cyc,12600.0,43200.0,9076743.364641957,0,7848069.366628387,1228673.99801357,0,50,1.0,50,4.616046259841628,1200000000000000.0,8332.091090158548,0.0,8332091090158.548,1.0000018257418584,1e-09,0.0,0.0,1.0,0.0,0.0,0.0,1618842309677422.2,2083,0.20271635055541992
paper,100,1500000.0,31,13,exclude,launch,0,0.0,prior,0.0,cluster_patrol,12600.0,43200.0,16106509.896997694,0,13808072.9920888,2298436.9049088927,0,97,0.9999424841475042,98,4.8468564258348,96.59962054950526,7919.438460522844,206.7683033624019,38.3010274386325,2.0026294879168134,301.5797670120993,0.0,0.0,0.7769805680119581,0.05348926799094204,0.33479299363057324,0.003401360544217687,3855.1928330634787,2512,0.20071625709533691
paper,100,1500000.0,31,15,exclude,launch,0,0.0,prior,0.0,cluster_patrol,12600.0,43200.0,15740192.125152739,0,13454060.456386022,2286131.668766717,0,97,0.9999392752133083,97,4.910459184525673,78.00982771191622,7812.5443731858395,237.97084482824044,32.829838372951436,2.1547005383792515,400.0,0.0,0.0,0.7182748133812552,0.04958702235123607,0.28187177597641855,0.02178649237472767,4244.931654511108,2714,0.19571757316589355
paper,200,1500000.0,30,13,exclude,launch,0,0.0,prior,0.0,cluster_patrol,12600.0,43200.0,33583015.93893681,0,28723541.211311456,4859474.727625349,0,193,0.999787050425321,199,4.646836166414484,77.41461837883517,8274.674043622275,254.70782076202713,32.48692568161573,2.028592119181979,317.40052429298237,0.0,0.0,0.7785359801488834,0.05550153475237353,0.27862753203803226,0.016402714932126698,9626.255610262957,2419,0.2057170867919922
paper,100,1500000.0,32,15,exclude,launch,0,0.0,prior,0.0,cluster_patrol,12600.0,43200.0,15631564.68532416,0,13454060.469307937,2177504.216016225,0,97,0.9999384568072747,97,4.910459184525673,79.96438492798487,7812.5443731858395,232.15415990792397,33.652398803813895,2.1547005383792515,400.0,0.0,0.0,0.7251146479633126,0.048375821010467945,0.27498202731847593,0.030803080308030802,4245.629728211798,2782,0.2097175121307373
paper,200,1500000.0,31,13,exclude,launch,0,0.0,prior,0.0,cluster_patrol,12600.0,43200.0,33791259.42016575,0,28949524.60711,4841734.813055745,0,195,0.9999115069156488,199,4.646836166414484,80.19506073711182,8274.674043622275,246.73367870726787,33.536864877857205,2.0215474366131923,313.0677495752952,0.0,0.0,0.7788432724003596,0.05362052154112059,0.2763578274760383,0.009572072072072071,9388.462961910127,2504,0.21671676635742188
paper,100,1500000.0,32,13,exclude,launch,0,0.0,prior,0.0,cluster_patrol,12600.0,43200.0,16116623.60122894,0,13808073.137674961,2308550.463553977,0,97,0.9999423129794606,98,4.8468564258348,99.11853688858857,7919.438460522844,201.5140427354499,39.29968528753889,2.002625734877756,301.57750927174817,0.0,0.0,0.7825960419091967,0.052153152566340566,0.3266175900813638,0.003386004514672686,3855.517048037238,2581,0.25571727752685547
paper,200,1500000.0,31,14,exclude,launch,0,0.0,prior,0.0,cluster_patrol,12600.0,43200.0,34164853.89741599,0,29415331.06911144,4749522.828304549,0,181,0.9995306540185124,184,4.629302721230921,74.66615069881951,8307.276799279487,266.51378454437565,31.17015809700564,2.0100948571699373,306.08748614434677,0.0,0.0,0.6682641107561236,0.07151007479515402,0.9035460992907801,0.11602209944751381,2551.7901816344024,2820,0.34071779251098633
paper,200,1500000.0,30,13,exclude,launch,0,0.0,prior,0.0,cyc_sector0,12600.0,43200.0,33597878.5685967,0,28719185.9629312,4878692.6056655,0,193,0.9999223107673392,199,4.646836166414484,38.6798221155004,8274.674043622275,512.9817333650736,16.13054326387376,2.0159215269663324,309.6289646860813,0.0,0.0,0.5527613412228797,0.11022509723834199,0.5380577427821522,0.0140607424071991,3960.3763067595482,3048,0.35771656036376953
paper,200,1500000.0,31,13,exclude,launch,0,0.0,prior,0.0,cyc_sector0,12600.0,43200.0,33795064.213953145,0,28947942.86483178,4847121.349121366,0,195,0.9999589713521663,199,4.646836166414484,37.42072148520332,8274.674043622275,496.0905046379364,16.679767030940074,2.1547005383792515,400.0,0.0,0.0,0.5377336718209093,0.10317208289303835,0.46390168970814133,0.01122334455667789,4303.49741799016,3255,0.3592257499694824
paper,200,1500000.0,30,14,exclude,launch,0,0.0,prior,0.0,cluster_patrol,12600.0,43200.0,33699969.40328153,0,28926886.097173553,4773083.306107978,0,179,0.9992261651563601,184,4.629302721230921,70.93391207514325,8307.276799279487,280.45999756386755,29.62018423817364,2.0106438652851186,306.42030673153346,0.0,0.0,0.6868085106382978,0.07624340478703855,0.9028722600151171,0.11940298507462686,2719.054544695286,2646,0.38022661209106445
paper,100,1500000.0,32,13,exclude,launch,0,0.0,prior,0.0,cyc,12600.0,43200.0,16197221.671941604,0,13807818.191045513,2389403.48089609,0,97,0.9999585687883937,98,4.8468564258348,61.89950252500076,7919.438460522844,299.90652344923603,26.406356118703552,2.1547005383792515,400.0,0.0,0.0,0.6038568773234201,0.06234264847297932,0.3975270479134467,0.003367003367003367,2524.2370098542133,3235,0.49622511863708496
paper,100,1500000.0,31,13,exclude,launch,0,0.0,prior,0.0,cyc,12600.0,43200.0,16162120.076519303,0,13807818.201791985,2354301.874727317,0,97,0.9999584599957188,98,4.8468564258348,60.598369241631346,7919.438460522844,306.3459435927624,25.8512920642764,2.1547005383792515,400.0,0.0,0.0,0.5953962980541053,0.06368091234745775,0.40606251973476476,0.004484304932735426,2523.8968192641596,3167,0.5792281627655029
paper,50,1500000.0,31,13,exclude,launch,0,0.0,prior,0.0,cluster_patrol,12600.0,43200.0,9076743.364641957,0,7848069.366628387,1228673.99801357,0,50,1.0,50,4.616046259841628,1200000000000000.0,8332.091090158548,0.0,8332091090158.548,1.0000018257418584,1e-09,0.0,0.0,1.0,0.0,0.0,0.0,1618842309677422.2,2083,0.09499740600585938
paper,50,1500000.0,32,13,exclude,launch,0,0.0,prior,0.0,cluster_patrol,12600.0,43200.0,9080272.835704131,0,7848987.782752561,1231285.0529515685,0,50,1.0,50,4.616046259841628,1200000000000000.0,8332.091090158548,0.0,8332091090158.548,1.0000018257418584,1e-09,0.0,0.0,1.0,0.0,0.0,0.0,1619474062500003.0,2151,0.14799880981445312
paper,100,1500000.0,33,15,exclude,launch,0,0.0,prior,0.0,cyc_sector0,12600.0,43200.0,15644205.108551733,0,13453643.072931148,2190562.035620586,0,97,0.9999680721326096,97,4.910459184525673,60.718452958805706,7812.5443731858395,305.7400790185635,25.552895774294242,2.1547005383792515,400.0,0.0,0.0,0.6366003787878788,0.06361216806806158,0.36392305266477454,0.033112582781456956,2814.192195505887,3171,0.24599885940551758
paper,100,1500000.0,32,15,exclude,launch,0,0.0,prior,0.0,cyc_sector0,12600.0,43200.0,15743407.8784931,0,13453643.037785416,2289764.840707684,0,97,0.9999687636461894,97,4.910459184525673,59.4355338959738,7812.5443731858395,312.33949438397707,25.012989114919375,2.1547005383792515,400.0,0.0,0.0,0.6286889211417513,0.06498548125205482,0.37177835051546393,0.027472527472527472,2814.670469030379,3104,0.2669987678527832
paper,100,1500000.0,33,13,exclude,launch,0,0.0,prior,0.0,cyc_sector0,12600.0,43200.0,16144326.49919126,0,13807818.164207252,2336508.334984009,0,97,0.9999584248289572,99,4.8468564258348,63.18150149537942,7919.438460522844,293.8212002902116,26.953257466447948,2.1547005383792515,400.00000000000006,0.0,0.0,0.611970869367319,0.061077420911442824,0.3894609327680194,0.0033594624860022394,2523.4197051235305,3302,0.2780025005340576
paper,100,1500000.0,32,13,exclude,launch,0,0.0,prior,0.0,cyc_sector0,12600.0,43200.0,16197221.671941604,0,13807818.191045513,2389403.48089609,0,97,0.9999585687883937,98,4.8468564258348,61.89950252500076,7919.438460522844,299.90652344923603,26.406356118703552,2.1547005383792515,400.0,0.0,0.0,0.6038568773234201,0.06234264847297932,0.3975270479134467,0.003367003367003367,2524.2370098542133,3235,0.30499935150146484
paper,100,1500000.0,32,15,exclude,launch,0,0.0,prior,0.0,cyc,12600.0,43200.0,15624474.92637486,0,13453643.048026966,2170831.8783478956,0,97,0.9999683891831823,97,4.910459184525673,59.46738189252335,7812.5443731858395,312.17221970628214,25.026392100285342,2.1547005383792515,400.0,0.0,0.0,0.6289932236205228,0.0649513160269573,0.37157589429584276,0.026402640264026403,2816.413385542595,3103,0.5007171630859375
paper,100,1500000.0,33,15,exclude,launch,0,0.0,prior,0.0,cyc,12600.0,43200.0,15723421.636325395,0,13453643.261854757,2269778.3744706376,0,97,0.9999686389158691,97,4.910459184525673,60.718452958805706,7812.5443731858395,305.7400790185635,25.552895774294242,2.1547005383792515,400.0,0.0,0.0,0.6369019422074846,0.06361262879358043,0.36392305266477454,0.029379760609358,2813.0875229894436,3171,0.5257174968719482
paper,200,1500000.0,32,13,exclude,launch,0,0.0,prior,0.0,cyc,12600.0,43200.0,34049721.09452664,0,29147195.83197252,4902525.262554116,0,196,0.9999730726940869,199,4.646836166414484,45.02798176132958,8274.674043622275,412.27840732255885,20.07059767539154,2.1547005383792515,400.0,0.0,0.0,0.6014857416726576,0.08571844930553599,0.39987244897959184,0.007878446820483961,5182.890284821969,3136,1.0397284030914307
paper,200,1500000.0,31,13,exclude,launch,0,0.0,prior,0.0,cyc,12600.0,43200.0,33874157.18404978,0,28947942.765184708,4926214.418865073,0,195,0.9999594124998358,199,4.646836166414484,37.44695692680756,8274.674043622275,495.7429422581606,16.691461114767012,2.1547005383792515,399.99999999999994,0.0,0.0,0.5379469434832757,0.10309485514941925,0.4636391531144523,0.009014084507042254,4298.291041681563,3259,1.2337288856506348
paper,200,1500000.0,31,14,exclude,launch,0,0.0,prior,0.0,cyc_sector0,12600.0,43200.0,34103857.98284829,0,29404637.364394855,4699220.61845343,0,181,0.9998829903760573,184,4.629302721230921,50.522682871591364,8307.276799279487,394.136064104135,21.077180080340515,2.00875703820698,305.2772286396353,0.0,0.0,0.105460088691796,0.08663632434117792,1.1749654855039116,0.10987791342952276,508.9313360685382,10865,1.4957313537597656
paper,200,1500000.0,32,14,exclude,launch,0,0.0,prior,0.0,cyc_sector0,12600.0,43200.0,34098747.17022824,0,29404523.143600956,4694224.026627283,0,181,0.9998855925358909,184,4.629302721230921,50.98963872709937,8307.276799279487,390.5626407676064,21.270024145044903,2.0085717856684298,305.1651140539215,0.0,0.0,0.11080560901842178,0.08594268753960943,1.1766639276910436,0.11425402107598447,504.24899671528567,10953,1.5717310905456543
paper,200,1500000.0,32,14,exclude,launch,0,0.0,prior,0.0,cyc,12600.0,43200.0,34098747.17022824,0,29404523.143600956,4694224.026627283,0,181,0.9998855925358909,184,4.629302721230921,50.98963872709937,8307.276799279487,390.5626407676064,21.270024145044903,2.0085717856684298,305.1651140539215,0.0,0.0,0.11080560901842178,0.08594268753960943,1.1766639276910436,0.11425402107598447,504.24899671528567,10953,4.470236301422119
paper,200,1500000.0,31,14,exclude,launch,0,0.0,prior,0.0,cyc,12600.0,43200.0,34103857.98284829,0,29404637.364394855,4699220.61845343,0,181,0.9998829903760573,184,4.629302721230921,50.522682871591364,8307.276799279487,394.136064104135,21.077180080340515,2.00875703820698,305.2772286396353,0.0,0.0,0.105460088691796,0.08663632434117792,1.1749654855039116,0.10987791342952276,508.9313360685382,10865,5.276778697967529
paper,50,1500000.0,32,13,exclude,launch,0,0.0,prior,0.0,cyc,12600.0,43200.0,9080272.835704131,0,7848987.782752561,1231285.0529515685,0,50,1.0,50,4.616046259841628,1200000000000000.0,8332.091090158548,0.0,8332091090158.548,1.0000018257418584,1e-09,0.0,0.0,1.0,0.0,0.0,0.0,1619474062500003.0,2151,0.1605091094970703
paper,50,1500000.0,32,13,exclude,launch,0,0.0,prior,0.0,cyc_sector0,12600.0,43200.0,9080272.835704131,0,7848987.782752561,1231285.0529515685,0,50,1.0,50,4.616046259841628,1200000000000000.0,8332.091090158548,0.0,8332091090158.548,1.0000018257418584,1e-09,0.0,0.0,1.0,0.0,0.0,0.0,1619474062500003.0,2151,0.17351007461547852
paper,50,1500000.0,33,13,exclude,launch,0,0.0,prior,0.0,cyc,12600.0,43200.0,9053257.801920433,0,7849850.537293489,1203407.2646269442,0,50,1.0,50,4.616046259841628,1200000000000000.0,8332.091090158548,0.0,8332091090158.548,1.0000018257418584,1e-09,0.0,0.0,1.0,0.0,0.0,0.0,1619337109090912.0,2218,0.17451047897338867
paper,50,1500000.0,33,13,exclude,launch,0,0.0,prior,0.0,cyc_sector0,12600.0,43200.0,9053257.801920433,0,7849850.537293489,1203407.2646269442,0,50,1.0,50,4.616046259841628,1200000000000000.0,8332.091090158548,0.0,8332091090158.548,1.0000018257418584,1e-09,0.0,0.0,1.0,0.0,0.0,0.0,1619337109090912.0,2218,0.17650985717773438
paper,100,1500000.0,33,15,exclude,launch,0,0.0,prior,0.0,cluster_patrol,12600.0,43200.0,15721142.956168119,0,13454060.481446749,2267082.4747213717,0,97,0.9999391857965952,97,4.910459184525673,81.89019865558191,7812.5443731858395,226.6945850697945,34.46286275775189,2.1547005383792515,400.0,0.0,0.0,0.7316302343955755,0.04723758093925524,0.2685152685152685,0.028291621327529923,4244.369173483313,2849,0.20451092720031738
paper,100,1500000.0,34,13,exclude,launch,0,0.0,prior,0.0,cluster_patrol,12600.0,43200.0,16142966.459652264,0,13808073.147097237,2334893.3125550263,0,97,0.9999422866801225,99,4.8468564258348,104.26455938183736,7919.438460522844,191.56822994482366,41.34004089719802,2.002625734044248,301.57750877033027,0.0,0.0,0.793141592920354,0.04957886434822513,0.3104972375690608,0.005592841163310962,3855.0512768834083,2715,0.22651171684265137
paper,100,1500000.0,34,15,exclude,launch,0,0.0,prior,0.0,cluster_patrol,12600.0,43200.0,15739143.091847235,0,13454060.492871443,2285082.5989757925,0,97,0.999941404470054,98,4.910459184525673,83.81601238317896,7812.5443731858395,221.48589604384242,35.273326711689904,2.1547005383792515,400.0,0.0,0.0,0.7377766340710242,0.04615351962514519,0.2623456790123457,0.02287581699346405,4245.049260531046,2916,0.25251102447509766
paper,200,1500000.0,32,13,exclude,launch,0,0.0,prior,0.0,cyc_sector0,12600.0,43200.0,34072727.730662584,0,29147302.627779644,4925425.102882943,0,196,0.9999699178834942,199,4.646836166414484,60.92622187500846,8274.674043622275,326.7726121509969,25.322422185732837,2.009139508257851,305.5087641380692,0.0,0.0,0.6945483698556921,0.07173620246305122,0.40320284697508896,0.008450704225352112,5735.3312497630295,2810,0.25450921058654785
paper,100,1500000.0,33,13,exclude,launch,0,0.0,prior,0.0,cluster_patrol,12600.0,43200.0,16193640.07980429,0,13808073.23596931,2385566.8438349813,0,97,0.9999425093585314,99,4.8468564258348,101.69154851444495,7919.438460522844,196.4153112916149,40.31986309236845,2.0026257269821897,301.57750452196933,0.0,0.0,0.7881452070334657,0.05083351961641156,0.3183534743202417,0.0022675736961451248,3852.858455698203,2648,0.29350996017456055
paper,200,1500000.0,32,13,exclude,launch,0,0.0,prior,0.0,cluster_patrol,12600.0,43200.0,34009605.31283178,0,29147947.53349405,4861657.77933773,0,196,0.9999493772013122,199,4.646836166414484,83.25595710093954,8274.674043622275,238.1889164096108,34.73996258244196,2.0170800075517965,310.3355225284688,0.0,0.0,0.775533756491633,0.05169300913330156,0.2778631821675634,0.01015228426395939,8989.713072086273,2602,0.2705080509185791
paper,200,1500000.0,33,13,exclude,launch,0,0.0,prior,0.0,cluster_patrol,12600.0,43200.0,34065448.954209805,0,29147947.53794638,4917501.416263424,0,196,0.99994889897756,199,4.646836166414484,85.51163648563754,8274.674043622275,231.9072388682011,35.680964872015004,2.017067669361971,310.3279932184175,0.0,0.0,0.781214848143982,0.05032476261772018,0.27061469265367316,0.012373453318335208,8997.33744418113,2668,0.30650806427001953
paper,200,1500000.0,33,13,exclude,launch,0,0.0,prior,0.0,cyc_sector0,12600.0,43200.0,34076754.418264575,0,29147195.728517108,4929558.689747464,0,196,0.9999730284408552,199,4.646836166414484,45.97258357709418,8274.674043622275,403.8072947190143,20.491640819366904,2.1547005383792515,400.0,0.0,0.0,0.6098076020647584,0.0839578753663412,0.3915625,0.010668163952835485,5185.988931475945,3200,0.31950926780700684
paper,200,1500000.0,33,14,exclude,launch,0,0.0,prior,0.0,cluster_patrol,12600.0,43200.0,34231360.01466349,0,29416085.00637981,4815275.0082836775,0,181,0.9994915040591249,185,4.629302721230921,72.97550699119368,8307.276799279487,272.3551187676596,30.501636381456265,2.012553010225921,307.57907955527236,0.0,0.0,0.6917931566760999,0.06907354295157957,0.8299622900239972,0.12249443207126949,2679.0796919919353,2917,0.32350945472717285
paper,200,1500000.0,32,14,exclude,launch,0,0.0,prior,0.0,cluster_patrol,12600.0,43200.0,34217941.709501,0,29416315.75481642,4801625.954684576,0,181,0.9994873270648993,184,4.629302721230921,75.50466920411162,8307.276799279487,263.5515343723217,31.520502504621046,2.0101137444849644,306.0989330392308,0.0,0.0,0.6843906291129245,0.0706522310259828,0.8450210378681627,0.11937812326485286,2694.490040188448,2852,0.3785090446472168
paper,100,1500000.0,34,13,exclude,launch,0,0.0,prior,0.0,cyc,12600.0,43200.0,16090743.322936157,0,13807818.177139523,2282925.1457966343,0,97,0.999958291406722,99,4.8468564258348,64.47768770799509,7919.438460522844,287.9145525438605,27.50621109822647,2.1547005383792515,400.00000000000006,0.0,0.0,0.6200892857142857,0.05985000612696307,0.38153206650831356,0.0022753128555176336,2522.8783813088826,3368,0.5015089511871338
paper,100,1500000.0,33,13,exclude,launch,0,0.0,prior,0.0,cyc,12600.0,43200.0,16144326.49919126,0,13807818.164207252,2336508.334984009,0,97,0.9999584248289572,99,4.8468564258348,63.18150149537942,7919.438460522844,293.8212002902116,26.953257466447948,2.1547005383792515,400.00000000000006,0.0,0.0,0.611970869367319,0.061077420911442824,0.3894609327680194,0.0033594624860022394,2523.4197051235305,3302,0.522510290145874
paper,50,1500000.0,34,13,exclude,launch,0,0.0,prior,0.0,cluster_patrol,12600.0,43200.0,9100184.691120993,0,7848601.299949178,1251583.391171815,0,50,1.0,50,4.616046259841628,1200000000000000.0,8332.091090158548,0.0,8332091090158.548,1.0000018257418584,1e-09,0.0,0.0,1.0,0.0,0.0,0.0,1619208211764708.8,2285,0.1459980010986328
paper,50,1500000.0,33,13,exclude,launch,0,0.0,prior,0.0,cluster_patrol,12600.0,43200.0,9053257.801920433,0,7849850.537293489,1203407.2646269442,0,50,1.0,50,4.616046259841628,1200000000000000.0,8332.091090158548,0.0,8332091090158.548,1.0000018257418584,1e-09,0.0,0.0,1.0,0.0,0.0,0.0,1619337109090912.0,2218,0.16900134086608887
paper,100,1500000.0,35,13,exclude,launch,0,0.0,prior,0.0,cyc_sector0,12600.0,43200.0,16290758.968914744,0,13947598.918917071,2343160.0499976724,0,98,0.9999768905494765,99,4.8468564258348,92.33274360864992,7919.438460522844,201.0561354506427,39.389190699266116,2.1547005383792515,400.00000000000006,0.0,0.0,0.6906374036890031,0.04178450721705237,0.3110627719080174,0.004489337822671156,3239.2827425721593,3218,0.24671483039855957
paper,100,1500000.0,34,13,exclude,launch,0,0.0,prior,0.0,cyc_sector0,12600.0,43200.0,16161100.993587889,0,13807818.236404544,2353282.757183347,0,97,0.9999584595036579,99,4.8468564258348,64.46350046575813,7919.438460522844,287.9779172924543,27.500158814192353,2.1547005383792515,400.0,0.0,0.0,0.6196743252286415,0.05986365208695144,0.381715642623924,0.0033975084937712344,2523.753468819322,3369,0.25571250915527344
paper,100,1500000.0,34,15,exclude,launch,0,0.0,prior,0.0,cyc_sector0,12600.0,43200.0,15692131.991061812,0,13453643.063914208,2238488.9271476045,0,97,0.9999683794391723,98,4.910459184525673,62.00137202163761,7812.5443731858395,299.4137710215765,26.092802433669117,2.1547005383792515,400.0,0.0,0.0,0.6440992348713193,0.06229610617130946,0.3563928350833848,0.024229074889867842,2813.771638773332,3238,0.2877182960510254
paper,100,1500000.0,35,15,exclude,launch,0,0.0,prior,0.0,cyc_sector0,12600.0,43200.0,15605746.935623176,0,13453643.092763236,2152103.842859939,0,97,0.9999684926870083,100,4.910459184525673,63.284291084469515,7812.5443731858395,293.343960837478,26.63270909304399,2.1547005383792515,400.0,0.0,0.0,0.651374063138769,0.06103362193844279,0.34916792738275343,0.025219298245614034,2813.3372474557505,3305,0.285719633102417
paper,100,1500000.0,35,15,exclude,launch,0,0.0,prior,0.0,cyc,12600.0,43200.0,15666060.816571703,0,13453643.05933503,2212417.757236671,0,97,0.9999687041400702,100,4.910459184525673,63.31944240183603,7812.5443731858395,293.1811131200343,26.647502255669604,2.1547005383792515,400.0,0.0,0.0,0.6516700749829584,0.06099964203419215,0.34897094430992737,0.02188183807439825,2815.2371584748316,3304,0.47621965408325195
paper,100,1500000.0,34,15,exclude,launch,0,0.0,prior,0.0,cyc,12600.0,43200.0,15755482.70943252,0,13453643.109072452,2301839.600360068,0,97,0.9999689748160626,98,4.910459184525673,62.03542223206512,7812.5443731858395,299.24942778764085,26.107132203874848,2.1547005383792515,400.0,0.0,0.0,0.6443980514961726,0.06226208149561462,0.35619400679641644,0.018498367791077257,2816.0273158099358,3237,0.5012190341949463
paper,200,1500000.0,34,13,exclude,launch,0,0.0,prior,0.0,cyc,12600.0,43200.0,34008308.32594786,0,29194716.883075953,4813591.442871907,0,197,0.9999760338515615,199,4.646836166414484,58.539555362596516,8274.674043622275,317.12001381841003,26.09319400559984,2.1547005383792515,399.99999999999994,0.0,0.0,0.6818851251840943,0.06593188612172501,0.3196078431372549,0.00676818950930626,6644.09709478732,3060,0.9717249870300293
paper,200,1500000.0,33,13,exclude,launch,0,0.0,prior,0.0,cyc,12600.0,43200.0,33943221.31880378,0,29147195.70178671,4796025.617017071,0,196,0.9999729312577494,199,4.646836166414484,46.01261517117228,8274.674043622275,403.4559769413172,20.509484346605255,2.1547005383792515,400.0,0.0,0.0,0.6098991320666197,0.08388660359709713,0.39131792629606493,0.009626274065685165,5184.742261625159,3202,1.0287272930145264
paper,200,1500000.0,33,14,exclude,launch,0,0.0,prior,0.0,cyc_sector0,12600.0,43200.0,34246213.70111007,0,29404648.35405125,4841565.347058821,0,181,0.9998820698545426,185,4.629302721230921,54.20237429942228,8307.276799279487,367.51733879910324,22.603768373008684,2.0080006417014786,304.8195881011779,0.0,0.0,0.1260196905766526,0.08165725032732385,1.1873715673454137,0.12097669256381798,511.13813804761764,10706,1.4787266254425049
paper,200,1500000.0,34,14,exclude,launch,0,0.0,prior,0.0,cyc_sector0,12600.0,43200.0,34271049.77012841,0,29404453.23020479,4866596.539923614,0,181,0.9998892435131139,186,4.629302721230921,50.35302815883348,8307.276799279487,395.1250592823737,21.02442405036817,2.0104803085218395,306.32113617311734,0.0,0.0,0.10894194456890482,0.08571261793555196,1.1138874723780383,0.11634349030470914,495.87063193765647,11766,1.6579339504241943
paper,200,1500000.0,34,14,exclude,launch,0,0.0,prior,0.0,cyc,12600.0,43200.0,34271049.77012841,0,29404453.23020479,4866596.539923614,0,181,0.9998892435131139,186,4.629302721230921,50.35302815883348,8307.276799279487,395.1250592823737,21.02442405036817,2.0104803085218395,306.32113617311734,0.0,0.0,0.10894194456890482,0.08571261793555196,1.1138874723780383,0.11634349030470914,495.87063193765647,11766,3.493825674057007
paper,200,1500000.0,33,14,exclude,launch,0,0.0,prior,0.0,cyc,12600.0,43200.0,34246213.70111007,0,29404648.35405125,4841565.347058821,0,181,0.9998820698545426,185,4.629302721230921,54.20237429942228,8307.276799279487,367.51733879910324,22.603768373008684,2.0080006417014786,304.8195881011779,0.0,0.0,0.1260196905766526,0.08165725032732385,1.1873715673454137,0.12097669256381798,511.13813804761764,10706,4.376507759094238
paper,50,1500000.0,35,13,exclude,launch,0,0.0,prior,0.0,cyc_sector0,12600.0,43200.0,9108371.204068,0,7849425.79659641,1258945.4074715904,0,50,1.0,50,4.616046259841628,1200000000000000.0,8332.091090158548,0.0,8332091090158.548,1.0000018257418584,1e-09,0.0,0.0,1.0,0.0,0.0,0.0,1619086680000002.8,2352,0.11650800704956055
paper,50,1500000.0,34,13,exclude,launch,0,0.0,prior,0.0,cyc,12600.0,43200.0,9100184.691120993,0,7848601.299949178,1251583.391171815,0,50,1.0,50,4.616046259841628,1200000000000000.0,8332.091090158548,0.0,8332091090158.548,1.0000018257418584,1e-09,0.0,0.0,1.0,0.0,0.0,0.0,1619208211764708.8,2285,0.19350934028625488
paper,50,1500000.0,34,13,exclude,launch,0,0.0,prior,0.0,cyc_sector0,12600.0,43200.0,9100184.691120993,0,7848601.299949178,1251583.391171815,0,50,1.0,50,4.616046259841628,1200000000000000.0,8332.091090158548,0.0,8332091090158.548,1.0000018257418584,1e-09,0.0,0.0,1.0,0.0,0.0,0.0,1619208211764708.8,2285,0.1845083236694336
paper,50,1500000.0,35,13,exclude,launch,0,0.0,prior,0.0,cyc,12600.0,43200.0,9108371.204068,0,7849425.79659641,1258945.4074715904,0,50,1.0,50,4.616046259841628,1200000000000000.0,8332.091090158548,0.0,8332091090158.548,1.0000018257418584,1e-09,0.0,0.0,1.0,0.0,0.0,0.0,1619086680000002.8,2352,0.1925067901611328
paper,100,1500000.0,36,13,exclude,launch,0,0.0,prior,0.0,cluster_patrol,12600.0,43200.0,16190369.052585505,0,13947990.475554567,2242378.577030939,0,98,0.9999523356603723,99,4.8468564258348,161.83691162837155,7919.438460522844,114.70847051344576,69.03970059991823,2.1547005383792515,400.0,0.0,0.0,0.8383649479027518,0.02388437609533594,0.16263345195729537,0.0022522522522522522,7097.202600245726,2810,0.19550848007202148
paper,100,1500000.0,35,13,exclude,launch,0,0.0,prior,0.0,cluster_patrol,12600.0,43200.0,16304945.03068018,0,13947990.357601713,2356954.673078467,0,98,0.9999525326834953,99,4.8468564258348,157.72056612842178,7919.438460522844,117.7022442995459,67.28366572491429,2.1547005383792515,400.0,0.0,0.0,0.8346111719605696,0.024507689093761692,0.16666666666666666,0.004545454545454545,7087.453083796374,2742,0.21150660514831543
paper,200,1500000.0,35,13,exclude,launch,0,0.0,prior,0.0,cluster_patrol,12600.0,43200.0,34090476.945879735,0,29282682.381543957,4807794.564335778,0,198,0.9999819847597688,200,4.646836166414484,83.70127190174993,8274.674043622275,221.78951626088815,37.30867979300195,2.1547005383792515,400.0,0.0,0.0,0.7613285272914521,0.04609084080298224,0.2391901166781057,0.003403289846851957,9314.57568748732,2914,0.23950815200805664
paper,200,1500000.0,35,13,exclude,launch,0,0.0,prior,0.0,cyc_sector0,12600.0,43200.0,34200171.41618573,0,29282682.431200027,4917488.9849857045,0,198,0.9999820729778681,200,4.646836166414484,83.70127190174995,8274.674043622275,221.7895162608881,37.308679793001964,2.1547005383792515,400.0,0.0,0.0,0.7619783616692427,0.0460909180466409,0.2391901166781057,0.002258610954263128,9304.482064319385,2914,0.25850749015808105
paper,200,1500000.0,34,13,exclude,launch,0,0.0,prior,0.0,cluster_patrol,12600.0,43200.0,33971739.40555993,0,29195199.055685576,4776540.349874349,0,197,0.9999609531685346,199,4.646836166414484,80.05804060277383,8274.674043622275,231.88257501354565,35.68476002622837,2.1547005383792515,400.0,0.0,0.0,0.7725680409593102,0.048265522169793636,0.22800718132854578,0.011884550084889643,10229.316096464123,2785,0.26550793647766113
paper,100,1500000.0,35,15,exclude,launch,0,0.0,prior,0.0,cluster_patrol,12600.0,43200.0,15685346.662784886,0,13454060.503990766,2231286.1587941195,0,97,0.9999396908772483,100,4.910459184525673,85.741826110776,7812.5443731858395,216.51118768482888,36.0837906656279,2.1547005383792515,400.0,0.0,0.0,0.7437122736418511,0.045116486374926205,0.25645323499832384,0.021953896816684963,4243.883668582871,2983,0.27750658988952637
paper,100,1500000.0,36,15,exclude,launch,0,0.0,prior,0.0,cluster_patrol,12600.0,43200.0,15803843.760692732,0,13454060.519232035,2349783.2414606973,0,97,0.9999417267023294,100,4.910459184525673,87.69638332684465,7812.5443731858395,211.68563515694674,36.90635109649036,2.1547005383792515,400.0,0.0,0.0,0.749385145105755,0.04411001711980485,0.25073746312684364,0.021668472372697724,4244.533289259268,3051,0.2925078868865967
paper,200,1500000.0,34,14,exclude,launch,0,0.0,prior,0.0,cluster_patrol,12600.0,43200.0,34079168.80859267,0,29418929.102900743,4660239.705691928,0,181,0.9993800850730387,186,4.629302721230921,71.95137387091941,8307.276799279487,275.4786585302548,30.155790810078777,2.0180547331810015,310.93063192567195,0.0,0.0,0.6764061358655953,0.0654353030374054,0.6705577172503242,0.11624026696329255,3140.7588509144584,3084,0.3225076198577881
paper,200,1500000.0,34,13,exclude,launch,0,0.0,prior,0.0,cyc_sector0,12600.0,43200.0,34008308.32594786,0,29194716.883075953,4813591.442871907,0,197,0.9999760338515615,199,4.646836166414484,58.539555362596516,8274.674043622275,317.12001381841003,26.09319400559984,2.1547005383792515,399.99999999999994,0.0,0.0,0.6818851251840943,0.06593188612172501,0.3196078431372549,0.00676818950930626,6644.09709478732,3060,0.3325076103210449
paper,200,1500000.0,35,14,exclude,launch,0,0.0,prior,0.0,cluster_patrol,12600.0,43200.0,34190949.01410171,0,29418930.9953644,4772018.018737301,0,181,0.9993866384417862,187,4.629302721230921,73.44433169679694,8307.276799279487,269.87819316426373,30.781578540594385,2.018059255434726,310.9333942728925,0.0,0.0,0.6831824678418295,0.06409918456387657,0.6564086294416244,0.12276785714285714,3141.2135099570482,3152,0.3315083980560303
paper,100,1500000.0,36,13,exclude,launch,0,0.0,prior,0.0,cyc,12600.0,43200.0,16343644.020015549,0,13947598.959164357,2396045.0608511926,0,98,0.9999769472466407,99,4.8468564258348,94.28383949596757,7919.438460522844,196.89550939749492,40.221529098131896,2.1547005383792515,400.0,0.0,0.0,0.6970043448433569,0.04092160794843975,0.30462568472306756,0.004479283314669653,3240.225533812408,3286,0.43350648880004883
paper,100,1500000.0,35,13,exclude,launch,0,0.0,prior,0.0,cyc,12600.0,43200.0,16290758.968914744,0,13947598.918917071,2343160.0499976724,0,98,0.9999768905494765,99,4.8468564258348,92.33274360864992,7919.438460522844,201.0561354506427,39.389190699266116,2.1547005383792515,400.00000000000006,0.0,0.0,0.6906374036890031,0.04178450721705237,0.3110627719080174,0.004489337822671156,3239.2827425721593,3218,0.45050716400146484
paper,50,1500000.0,36,13,exclude,launch,0,0.0,prior,0.0,cluster_patrol,12600.0,43200.0,9073962.530767778,0,7850204.487874374,1223758.042893403,0,50,1.0,50,4.616046259841628,1200000000000000.0,8332.091090158548,0.0,8332091090158.548,1.0000018257418584,1e-09,0.0,0.0,1.0,0.0,0.0,0.0,1619641450000003.0,2420,0.12576627731323242
paper,50,1500000.0,35,13,exclude,launch,0,0.0,prior,0.0,cluster_patrol,12600.0,43200.0,9108371.204068,0,7849425.79659641,1258945.4074715904,0,50,1.0,50,4.616046259841628,1200000000000000.0,8332.091090158548,0.0,8332091090158.548,1.0000018257418584,1e-09,0.0,0.0,1.0,0.0,0.0,0.0,1619086680000002.8,2352,0.1777665615081787
paper,100,1500000.0,36,13,exclude,launch,0,0.0,prior,0.0,cyc_sector0,12600.0,43200.0,16343644.020015549,0,13947598.959164357,2396045.0608511926,0,98,0.9999769472466407,99,4.8468564258348,94.28383949596757,7919.438460522844,196.89550939749492,40.221529098131896,2.1547005383792515,400.0,0.0,0.0,0.6970043448433569,0.04092160794843975,0.30462568472306756,0.004479283314669653,3240.225533812408,3286,0.23876714706420898
paper,100,1500000.0,37,13,exclude,launch,0,0.0,prior,0.0,cyc_sector0,12600.0,43200.0,16229991.905969806,0,13947598.901782932,2282393.004186875,0,98,0.9999768375480658,99,4.8468564258348,96.20624279670703,7919.438460522844,192.96112254105822,41.04162722642613,2.1547005383792515,400.0,0.0,0.0,0.7030479605558045,0.040102453083848216,0.2985386221294363,0.0022598870056497176,3241.0598308040444,3353,0.257765531539917
paper,100,1500000.0,37,15,exclude,launch,0,0.0,prior,0.0,cyc_sector0,12600.0,43200.0,15681230.39086102,0,13453643.16875806,2227587.2221029587,0,97,0.9999688567852513,100,4.910459184525673,65.86927725584725,7812.5443731858395,281.8319158627514,27.720580720142607,2.1547005383792515,400.0,0.0,0.0,0.6649934526407683,0.05863801038372359,0.3354651162790698,0.02207505518763797,2814.80983137764,3440,0.25276660919189453
paper,100,1500000.0,36,15,exclude,launch,0,0.0,prior,0.0,cyc_sector0,12600.0,43200.0,15642713.965370312,0,13453643.116917608,2189070.848452705,0,97,0.9999679962816622,100,4.910459184525673,64.58635819301534,7812.5443731858395,287.4301187571494,27.180674060767732,2.1547005383792515,400.0,0.0,0.0,0.6583574449143111,0.05980344534425845,0.34212866884079457,0.027563395810363836,2814.1215436753714,3373,0.27176666259765625
paper,100,1500000.0,36,15,exclude,launch,0,0.0,prior,0.0,cyc,12600.0,43200.0,15747930.67326872,0,13453642.980942428,2294287.692326293,0,97,0.9999684033526052,100,4.910459184525673,64.62262705175274,7812.5443731858395,287.2688012303065,27.195937532118005,2.1547005383792515,400.0,0.0,0.0,0.6586506346025384,0.059770417652884086,0.3419335705812574,0.025027203482045703,2815.6456960704922,3372,0.5257670879364014
paper,100,1500000.0,37,15,exclude,launch,0,0.0,prior,0.0,cyc,12600.0,43200.0,15643305.670777215,0,13453642.915640308,2189662.755136906,0,97,0.9999684063113973,100,4.910459184525673,65.86927725584725,7812.5443731858395,281.8319158627514,27.720580720142607,2.1547005383792515,400.0,0.0,0.0,0.6651386160227024,0.05863835313200027,0.3354651162790698,0.026578073089700997,2813.779884794058,3440,0.5677669048309326
paper,200,1500000.0,35,13,exclude,launch,0,0.0,prior,0.0,cyc,12600.0,43200.0,34200171.41618573,0,29282682.431200027,4917488.9849857045,0,198,0.9999820729778681,200,4.646836166414484,83.70127190174995,8274.674043622275,221.7895162608881,37.308679793001964,2.1547005383792515,400.0,0.0,0.0,0.7619783616692427,0.0460909180466409,0.2391901166781057,0.002258610954263128,9304.482064319385,2914,0.6482722759246826
paper,200,1500000.0,36,13,exclude,launch,0,0.0,prior,0.0,cyc,12600.0,43200.0,34198264.0650361,0,29282682.43163588,4915581.633400224,0,198,0.9999820726024266,200,4.646836166414484,85.57237062188854,8274.674043622275,216.93993599333203,38.14269606807946,2.1547005383792515,400.0,0.0,0.0,0.7673716012084593,0.04508306426345429,0.23399262487428762,0.0005649717514124294,9294.76509614882,2983,0.648273229598999
paper,200,1500000.0,35,14,exclude,launch,0,0.0,prior,0.0,cyc_sector0,12600.0,43200.0,34371409.96779863,0,29404648.020323247,4966761.947475382,0,181,0.9998833299185144,187,4.629302721230921,47.95883567404028,8307.276799279487,415.5745452812403,19.989859565767034,2.0069771227584767,304.20087772768204,0.0,0.0,0.15822429156297663,0.09329395679539351,1.2302273455011208,0.10622914349276974,563.7322887198062,9369,1.3734769821166992
paper,200,1500000.0,36,14,exclude,launch,0,0.0,prior,0.0,cyc_sector0,12600.0,43200.0,34274941.118486956,0,29520148.247743983,4754792.87074297,0,182,0.9998967439259137,188,4.629302721230921,52.2678391938857,8307.276799279487,380.57877567861203,21.828008628349643,2.010855578930811,306.54870043666364,0.0,0.0,0.13009042307438454,0.0825387949189812,1.1201893574121153,0.11431742508324085,508.6015494502562,11407,1.5414762496948242
paper,200,1500000.0,36,14,exclude,launch,0,0.0,prior,0.0,cyc,12600.0,43200.0,34165131.30466592,0,29407814.23682074,4757317.06784519,0,181,0.9997805297396238,188,4.629302721230921,56.412053320050596,8307.276799279487,353.7575936196215,23.482963897057434,2.004390393301911,302.6400186471503,0.0,0.0,0.4972253052164262,0.0993100663959487,1.2656326932545543,0.12723214285714285,1263.5451850064424,4062,2.9537220001220703
paper,200,1500000.0,35,14,exclude,launch,0,0.0,prior,0.0,cyc,12600.0,43200.0,34243901.28209066,0,29404528.825638175,4839372.456452482,0,181,0.9998863046956272,187,4.629302721230921,45.5245171595288,8307.276799279487,437.7001677893642,18.9793776896088,2.0074185357185823,304.4676318328117,0.0,0.0,0.14616520320149196,0.09723265574169436,1.2081008472824963,0.11019736842105263,555.7432576205471,9678,4.7326390743255615
paper,50,1500000.0,36,13,exclude,launch,0,0.0,prior,0.0,cyc_sector0,12600.0,43200.0,9073962.530767778,0,7850204.487874374,1223758.042893403,0,50,1.0,50,4.616046259841628,1200000000000000.0,8332.091090158548,0.0,8332091090158.548,1.0000018257418584,1e-09,0.0,0.0,1.0,0.0,0.0,0.0,1619641450000003.0,2420,0.17699885368347168
paper,50,1500000.0,37,13,exclude,launch,0,0.0,prior,0.0,cyc_sector0,12600.0,43200.0,9109663.96261672,0,7849046.9738125615,1260616.9888041583,0,50,1.0,50,4.616046259841628,1200000000000000.0,8332.091090158548,0.0,8332091090158.548,1.0000018257418584,1e-09,0.0,0.0,1.0,0.0,0.0,0.0,1619514778378381.2,2487,0.17699909210205078
paper,50,1500000.0,36,13,exclude,launch,0,0.0,prior,0.0,cyc,12600.0,43200.0,9073962.530767778,0,7850204.487874374,1223758.042893403,0,50,1.0,50,4.616046259841628,1200000000000000.0,8332.091090158548,0.0,8332091090158.548,1.0000018257418584,1e-09,0.0,0.0,1.0,0.0,0.0,0.0,1619641450000003.0,2420,0.1999988555908203
paper,50,1500000.0,37,13,exclude,launch,0,0.0,prior,0.0,cyc,12600.0,43200.0,9109663.96261672,0,7849046.9738125615,1260616.9888041583,0,50,1.0,50,4.616046259841628,1200000000000000.0,8332.091090158548,0.0,8332091090158.548,1.0000018257418584,1e-09,0.0,0.0,1.0,0.0,0.0,0.0,1619514778378381.2,2487,0.20399856567382812
paper,100,1500000.0,37,13,exclude,launch,0,0.0,prior,0.0,cluster_patrol,12600.0,43200.0,16304527.32430435,0,13947990.587131573,2356536.737172777,0,98,0.9999527190486539,99,4.8468564258348,165.695656496379,7919.438460522844,112.03712274688306,70.6858429273896,2.1547005383792515,400.0,0.0,0.0,0.8421189979123174,0.0233282114577445,0.15884602015988877,0.0022753128555176336,7096.005811176155,2877,0.24199748039245605
paper,100,1500000.0,38,13,exclude,launch,0,0.0,prior,0.0,cluster_patrol,12600.0,43200.0,16228065.13165314,0,13947990.548199298,2280074.5834538415,0,98,0.9999522253121871,99,4.8468564258348,169.55440136438642,7919.438460522844,109.48736485828212,72.33198525486095,2.1547005383792515,400.00000000000006,0.0,0.0,0.8457419683834778,0.022797471457747437,0.15523097826086957,0.0045045045045045045,7092.096034959838,2944,0.23999834060668945
paper,100,1500000.0,37,15,exclude,launch,0,0.0,prior,0.0,cluster_patrol,12600.0,43200.0,15619772.191587713,0,13454060.556304442,2165711.6352832713,0,97,0.9999394024804427,100,4.910459184525673,89.6221970544417,7812.5443731858395,207.13690598583852,37.716815050428366,2.1547005383792515,400.0,0.0,0.0,0.7547533092659446,0.04316271863157688,0.245349583066068,0.030871003307607496,4245.1477953045105,3118,0.2440016269683838
paper,200,1500000.0,37,13,exclude,launch,0,0.0,prior,0.0,cluster_patrol,12600.0,43200.0,34142303.67415774,0,29282682.364971697,4859621.309186039,0,198,0.9999820451713541,200,4.646836166414484,87.57899040097307,8274.674043622275,211.9693835304126,39.03711897352881,2.1547005383792515,399.99999999999994,0.0,0.0,0.7718434654196407,0.04405017866755094,0.22859954083306003,0.000564334085778781,9313.707462892116,3049,0.23999738693237305
paper,100,1500000.0,38,15,exclude,launch,0,0.0,prior,0.0,cluster_patrol,12600.0,43200.0,15754289.2190982,0,13454060.621308297,2300228.5977899046,0,97,0.9999414099292796,100,4.910459184525673,91.54801078203876,7812.5443731858395,202.77955191957437,38.52727900436638,2.1547005383792515,400.0,0.0,0.0,0.7599528857479387,0.042255604856001425,0.2401883830455259,0.01847826086956522,4244.153850935158,3185,0.2499995231628418
paper,200,1500000.0,36,13,exclude,launch,0,0.0,prior,0.0,cyc_sector0,12600.0,43200.0,34198264.0650361,0,29282682.43163588,4915581.633400224,0,198,0.9999820726024266,200,4.646836166414484,85.57237062188854,8274.674043622275,216.93993599333203,38.14269606807946,2.1547005383792515,400.0,0.0,0.0,0.7673716012084593,0.04508306426345429,0.23399262487428762,0.0005649717514124294,9294.76509614882,2983,0.28250622749328613
paper,200,1500000.0,36,13,exclude,launch,0,0.0,prior,0.0,cluster_patrol,12600.0,43200.0,34156532.435410194,0,29282682.374305632,4873850.061104564,0,198,0.9999819953699937,200,4.646836166414484,85.654493071729,8274.674043622275,216.73194177874848,38.17930100985993,2.1547005383792515,400.0,0.0,0.0,0.7667337695017614,0.04504003876848355,0.23373574782025486,0.0017006802721088435,9314.127404378354,2982,0.3025059700012207
paper,200,1500000.0,37,13,exclude,launch,0,0.0,prior,0.0,cyc_sector0,12600.0,43200.0,34190310.78950952,0,29282682.42810522,4907628.361404298,0,198,0.999982068535461,200,4.646836166414484,87.57899040097307,8274.674043622275,211.9693835304126,39.03711897352881,2.1547005383792515,400.0,0.0,0.0,0.7724698350160059,0.04405022381615907,0.22859954083306003,0.000564334085778781,9307.80705618859,3049,0.3155059814453125
paper,200,1500000.0,36,14,exclude,launch,0,0.0,prior,0.0,cluster_patrol,12600.0,43200.0,34177331.41186911,0,29419107.525211055,4758223.886658053,0,181,0.9993727225874585,188,4.629302721230921,74.87809236170234,8307.276799279487,264.73026781490154,31.380154856670586,2.0179092020181244,310.8417430659525,0.0,0.0,0.6921816479400749,0.06295475481750415,0.6376676021203617,0.11882287617990006,3177.7255358640764,3207,0.37950611114501953
paper,200,1500000.0,37,14,exclude,launch,0,0.0,prior,0.0,cluster_patrol,12600.0,43200.0,34546980.93650385,0,29770387.695319757,4776593.241184097,0,183,0.9995115223871087,188,4.629302721230921,120.65252052112129,8307.276799279487,164.622764589452,50.46250328742059,2.0138805221827347,308.3861139784604,0.0,0.0,0.7678746327130265,0.04394287079709418,0.6407830342577487,0.08912556053811659,3307.556566366277,3065,0.3895070552825928
paper,100,1500000.0,38,13,exclude,launch,0,0.0,prior,0.0,cyc,12600.0,43200.0,16269760.982189596,0,13947598.883359727,2322162.098829867,0,98,0.999976824127834,99,4.8468564258348,98.2047496847796,7919.438460522844,189.03428464608533,41.89419117992174,2.1547005383792515,400.0,0.0,0.0,0.7094505494505494,0.03928612467166001,0.29239766081871343,0.0033783783783783786,3240.858197914851,3420,0.4465057849884033
paper,100,1500000.0,37,13,exclude,launch,0,0.0,prior,0.0,cyc,12600.0,43200.0,16229991.905969806,0,13947598.901782932,2282393.004186875,0,98,0.9999768375480658,99,4.8468564258348,96.20624279670703,7919.438460522844,192.96112254105822,41.04162722642613,2.1547005383792515,400.0,0.0,0.0,0.7030479605558045,0.040102453083848216,0.2985386221294363,0.0022598870056497176,3241.0598308040444,3353,0.47350597381591797
paper,50,1500000.0,37,13,exclude,launch,0,0.0,prior,0.0,cluster_patrol,12600.0,43200.0,9109663.96261672,0,7849046.9738125615,1260616.9888041583,0,50,1.0,50,4.616046259841628,1200000000000000.0,8332.091090158548,0.0,8332091090158.548,1.0000018257418584,1e-09,0.0,0.0,1.0,0.0,0.0,0.0,1619514778378381.2,2487,0.11473679542541504
paper,50,1500000.0,38,13,exclude,launch,0,0.0,prior,0.0,cluster_patrol,12600.0,43200.0,9110539.463759517,0,7849794.650359666,1260744.8133998506,0,50,1.0,50,4.616046259841628,1200000000000000.0,8332.091090158548,0.0,8332091090158.548,1.0000018257418584,1e-09,0.0,0.0,1.0,0.0,0.0,0.0,1619394773684213.5,2554,0.1867365837097168
paper,100,1500000.0,39,13,exclude,launch,0,0.0,prior,0.0,cyc_sector0,12600.0,43200.0,16251023.402434595,0,13947598.88983192,2303424.512602675,0,98,0.9999768588683497,99,4.8468564258348,100.05104939818592,7919.438460522844,185.54592597653232,42.68182348301459,2.1547005383792515,400.0,0.0,0.0,0.7145011850894204,0.038561097347310946,0.2870662460567823,0.0022522522522522522,3241.434789710667,3487,0.2687497138977051
paper,100,1500000.0,38,15,exclude,launch,0,0.0,prior,0.0,cyc_sector0,12600.0,43200.0,15704457.528975127,0,13453643.057147425,2250814.471827703,0,97,0.9999690874702202,100,4.910459184525673,67.19243377791989,7812.5443731858395,276.2820687053387,28.277421005986824,2.1547005383792515,400.0,0.0,0.0,0.671590665810319,0.057484543490978195,0.32886480319452366,0.02101769911504425,2814.952499587487,3506,0.26674890518188477
paper,100,1500000.0,39,15,exclude,launch,0,0.0,prior,0.0,cyc_sector0,12600.0,43200.0,15691530.003713463,0,13453643.053474393,2237886.9502390684,0,97,0.9999685138091313,100,4.910459184525673,68.43511538151107,7812.5443731858395,271.26519042189835,28.80039403889235,2.1547005383792515,400.0,0.0,0.0,0.6775887418609536,0.05643979904016201,0.3228875209848909,0.0242024202420242,2814.029356337917,3574,0.30974864959716797
paper,100,1500000.0,38,13,exclude,launch,0,0.0,prior,0.0,cyc_sector0,12600.0,43200.0,16226524.009126635,0,13947598.925657826,2278925.083468811,0,98,0.9999768260675947,99,4.8468564258348,98.12864609744648,7919.438460522844,189.180890023441,41.861725354720356,2.1547005383792515,400.0,0.0,0.0,0.7089191564147628,0.03931658474984301,0.29269005847953217,0.0022522522522522522,3240.6464148326077,3420,0.32074785232543945
paper,100,1500000.0,38,15,exclude,launch,0,0.0,prior,0.0,cyc,12600.0,43200.0,15745410.506829325,0,13453643.052123098,2291767.4547062274,0,97,0.9999686809389027,100,4.910459184525673,67.15219631867916,7812.5443731858395,276.4476163581023,28.260487379517475,2.1547005383792515,400.0,0.0,0.0,0.671590665810319,0.05751799934946486,0.3290561733675506,0.01847826086956522,2812.9228056587763,3507,0.46974611282348633
paper,100,1500000.0,39,15,exclude,launch,0,0.0,prior,0.0,cyc,12600.0,43200.0,15645195.924989395,0,13453643.213822229,2191552.7111671665,0,97,0.9999684219880154,100,4.910459184525673,68.4746875610654,7812.5443731858395,271.1084236631944,28.81704768750226,2.1547005383792515,400.0,0.0,0.0,0.6778735028367304,0.05640744032362014,0.3226980128743353,0.03076923076923077,2815.730473035534,3573,0.472747802734375
paper,200,1500000.0,38,13,exclude,launch,0,0.0,prior,0.0,cyc,12600.0,43200.0,34366451.227713995,0,29471362.539242204,4895088.688471788,0,199,0.999992670663106,200,4.646836166414484,164.61885258034343,8274.674043622275,112.7699793463805,73.37656787367197,2.1547005383792515,400.0,0.0,0.0,0.8660224601723687,0.02342358780492527,0.13470240167072747,0.0022484541877459247,16763.023788800012,2873,0.567746639251709
paper,200,1500000.0,37,13,exclude,launch,0,0.0,prior,0.0,cyc,12600.0,43200.0,34190310.78950952,0,29282682.42810522,4907628.361404298,0,198,0.999982068535461,200,4.646836166414484,87.57899040097307,8274.674043622275,211.9693835304126,39.03711897352881,2.1547005383792515,400.0,0.0,0.0,0.7724698350160059,0.04405022381615907,0.22859954083306003,0.000564334085778781,9307.80705618859,3049,0.6327483654022217
paper,200,1500000.0,38,14,exclude,launch,0,0.0,prior,0.0,cyc_sector0,12600.0,43200.0,34589610.437980294,0,29880614.88141994,4708995.556560354,0,184,0.9999191800726832,188,4.629302721230921,55.90837594449828,8307.276799279487,355.72505516050734,23.35308317130247,2.0112620501046923,306.7952801945837,0.0,0.0,0.14832726068234514,0.07693313182557092,1.0760362580304497,0.11463550361713967,531.1451069493856,11363,1.4853534698486328
paper,200,1500000.0,37,14,exclude,launch,0,0.0,prior,0.0,cyc_sector0,12600.0,43200.0,34544841.92853904,0,29757874.84266346,4786967.085875576,0,183,0.9999104260645982,188,4.629302721230921,55.27346440275117,8307.276799279487,360.12120108255516,23.0680025899811,2.0095305615377113,305.745586403594,0.0,0.0,0.1455469014561463,0.07863687256925377,1.117631176311763,0.10227904391328516,523.1088390049939,11111,1.5043537616729736
paper,200,1500000.0,38,14,exclude,launch,0,0.0,prior,0.0,cyc,12600.0,43200.0,34589610.437980294,0,29880614.88141994,4708995.556560354,0,184,0.9999191800726832,188,4.629302721230921,55.90837594449828,8307.276799279487,355.72505516050734,23.35308317130247,2.0112620501046923,306.7952801945837,0.0,0.0,0.14832726068234514,0.07693313182557092,1.0760362580304497,0.11463550361713967,531.1451069493856,11363,3.8180489540100098
paper,200,1500000.0,37,14,exclude,launch,0,0.0,prior,0.0,cyc,12600.0,43200.0,34544841.92853904,0,29757874.84266346,4786967.085875576,0,183,0.9999104260645982,188,4.629302721230921,55.27346440275117,8307.276799279487,360.12120108255516,23.0680025899811,2.0095305615377113,305.745586403594,0.0,0.0,0.1455469014561463,0.07863687256925377,1.117631176311763,0.10227904391328516,523.1088390049939,11111,3.879049301147461
paper,50,1500000.0,38,13,exclude,launch,0,0.0,prior,0.0,cyc_sector0,12600.0,43200.0,9110539.463759517,0,7849794.650359666,1260744.8133998506,0,50,1.0,50,4.616046259841628,1200000000000000.0,8332.091090158548,0.0,8332091090158.548,1.0000018257418584,1e-09,0.0,0.0,1.0,0.0,0.0,0.0,1619394773684213.5,2554,0.1289992332458496
paper,50,1500000.0,39,13,exclude,launch,0,0.0,prior,0.0,cyc,12600.0,43200.0,9067292.636649188,0,7848707.004647573,1218585.6320016154,0,50,1.0,50,4.616046259841628,1200000000000000.0,8332.091090158548,0.0,8332091090158.548,1.0000018257418584,1e-09,0.0,0.0,1.0,0.0,0.0,0.0,1619280923076926.0,2621,0.19199824333190918
paper,50,1500000.0,39,13,exclude,launch,0,0.0,prior,0.0,cyc_sector0,12600.0,43200.0,9067292.636649188,0,7848707.004647573,1218585.6320016154,0,50,1.0,50,4.616046259841628,1200000000000000.0,8332.091090158548,0.0,8332091090158.548,1.0000018257418584,1e-09,0.0,0.0,1.0,0.0,0.0,0.0,1619280923076926.0,2621,0.20099830627441406
paper,200,1500000.0,39,13,exclude,launch,0,0.0,prior,0.0,cluster_patrol,12600.0,43200.0,34426781.23285979,0,29471362.247086115,4955418.985773676,0,199,0.9999927877334807,200,4.646836166414484,168.51515678342847,8274.674043622275,110.1625809799902,75.11329137364055,2.1547005383792515,400.00000000000006,0.0,0.0,0.8686224489795918,0.022881897291759427,0.13158789527371642,0.0005675368898978433,16785.1944353025,2941,0.20800018310546875
paper,100,1500000.0,40,13,exclude,launch,0,0.0,prior,0.0,cluster_patrol,12600.0,43200.0,16237242.481529051,0,13947990.262240816,2289252.2192882355,0,98,0.9999526638186387,99,4.8468564258348,177.2718911004013,7919.438460522844,104.72085839596575,75.62426990980367,2.1547005383792515,400.0,0.0,0.0,0.8524750060960742,0.021804996034355626,0.1484730344379467,0.0022650056625141564,7087.500126202539,3078,0.22899842262268066
paper,50,1500000.0,38,13,exclude,launch,0,0.0,prior,0.0,cyc,12600.0,43200.0,9110539.463759517,0,7849794.650359666,1260744.8133998506,0,50,1.0,50,4.616046259841628,1200000000000000.0,8332.091090158548,0.0,8332091090158.548,1.0000018257418584,1e-09,0.0,0.0,1.0,0.0,0.0,0.0,1619394773684213.5,2554,0.25299811363220215
paper,200,1500000.0,39,13,exclude,launch,0,0.0,prior,0.0,cyc_sector0,12600.0,43200.0,34353633.48242044,0,29471362.540348258,4882270.942072178,0,199,0.9999927638401375,200,4.646836166414484,168.83683048078012,8274.674043622275,109.95269546725744,75.25667295793009,2.1547005383792515,400.0,0.0,0.0,0.8690658499234303,0.022838255918318805,0.13133718952024498,0.0005630630630630631,16805.94146788016,2939,0.22899818420410156
paper,100,1500000.0,39,15,exclude,launch,0,0.0,prior,0.0,cluster_patrol,12600.0,43200.0,15627963.207962716,0,13454060.575467207,2173902.632495509,0,97,0.9999395578796408,100,4.910459184525673,93.4738245096358,7812.5443731858395,198.6017444230764,39.337742958304375,2.1547005383792515,400.0,0.0,0.0,0.7648823257960313,0.04138424409942023,0.235239852398524,0.03076923076923077,4244.666461065252,3252,0.25300121307373047
paper,200,1500000.0,38,13,exclude,launch,0,0.0,prior,0.0,cyc_sector0,12600.0,43200.0,34366451.227713995,0,29471362.539242204,4895088.688471788,0,199,0.999992670663106,200,4.646836166414484,164.61885258034343,8274.674043622275,112.7699793463805,73.37656787367197,2.1547005383792515,400.0,0.0,0.0,0.8660224601723687,0.02342358780492527,0.13470240167072747,0.0022484541877459247,16763.023788800012,2873,0.24299955368041992
paper,100,1500000.0,39,13,exclude,launch,0,0.0,prior,0.0,cluster_patrol,12600.0,43200.0,16302854.54101442,0,13947990.401553933,2354864.139460486,0,98,0.9999528128774473,99,4.8468564258348,173.41314623239384,7919.438460522844,107.05108008727419,73.97812758233232,2.1547005383792515,400.00000000000006,0.0,0.0,0.8491647968087759,0.022290010818086604,0.1517768183327798,0.0022701475595913734,7091.09155726014,3011,0.2759976387023926
paper,100,1500000.0,40,15,exclude,launch,0,0.0,prior,0.0,cluster_patrol,12600.0,43200.0,15640006.135850819,0,13454060.59203323,2185945.5438175895,0,97,0.9999388155679376,100,4.910459184525673,95.39963823723285,7812.5443731858395,194.59261008250814,40.14820691224238,2.1547005383792515,400.0,0.0,0.0,0.7696654611211573,0.04054885660125279,0.23049111178065682,0.023204419889502764,4243.645587132407,3319,0.2649984359741211
paper,200,1500000.0,38,13,exclude,launch,0,0.0,prior,0.0,cluster_patrol,12600.0,43200.0,34298185.6241503,0,29471362.25956919,4826823.364581113,0,199,0.9999926842026452,200,4.646836166414484,165.04532629169145,8274.674043622275,112.47858405091182,73.56666260909599,2.1547005383792515,400.0,0.0,0.0,0.8657963446475195,0.02336295472435915,0.13435433344935607,0.0033821871476888386,16784.067357149645,2873,0.2889983654022217
paper,200,1500000.0,39,14,exclude,launch,0,0.0,prior,0.0,cluster_patrol,12600.0,43200.0,34870565.02883563,0,29892062.552471273,4978502.476364358,0,184,0.9995426403106912,189,4.629302721230921,125.5893127822622,8307.276799279487,158.1569245480083,52.52553325136153,2.0138127957610603,308.3449154546571,0.0,0.0,0.7734484367708819,0.04185420883971008,0.5970149253731343,0.09850581073602656,3381.9019988486602,3216,0.3429982662200928
paper,200,1500000.0,38,14,exclude,launch,0,0.0,prior,0.0,cluster_patrol,12600.0,43200.0,34732642.80764877,0,29892060.876322567,4840581.9313262,0,184,0.9995507653637808,188,4.629302721230921,122.97287668432597,8307.276799279487,161.52196549583823,51.431251308624844,2.013812666089405,308.34483657699235,0.0,0.0,0.7686442697164642,0.04274024037392132,0.6097173705938393,0.08536585365853659,3382.1260114077336,3149,0.34999680519104004
paper,100,1500000.0,40,13,exclude,launch,0,0.0,prior,0.0,cyc,12600.0,43200.0,16295013.606980663,0,13947598.98794345,2347414.619037212,0,98,0.9999768994979542,99,4.8468564258348,101.88751127302913,7919.438460522844,182.20157086538163,43.46525895967201,2.1547005383792515,400.0,0.0,0.0,0.720143732826041,0.03786624957181677,0.28177727784026996,0.004519774011299435,3241.1465391473125,3556,0.4419984817504883
paper,100,1500000.0,39,13,exclude,launch,0,0.0,prior,0.0,cyc,12600.0,43200.0,16251023.402434595,0,13947598.88983192,2303424.512602675,0,98,0.9999768588683497,99,4.8468564258348,100.05104939818592,7919.438460522844,185.54592597653232,42.68182348301459,2.1547005383792515,400.0,0.0,0.0,0.7145011850894204,0.038561097347310946,0.2870662460567823,0.0022522522522522522,3241.434789710667,3487,0.5309984683990479
paper,50,1500000.0,40,13,exclude,launch,0,0.0,prior,0.0,cluster_patrol,12600.0,43200.0,9067062.062305752,0,7849425.796596424,1217636.2657093285,0,50,1.0,50,4.616046259841628,1200000000000000.0,8332.091090158548,0.0,8332091090158.548,1.0000018257418584,1e-09,0.0,0.0,1.0,0.0,0.0,0.0,1619172765000002.8,2688,0.16150426864624023
paper,50,1500000.0,39,13,exclude,launch,0,0.0,prior,0.0,cluster_patrol,12600.0,43200.0,9067292.636649188,0,7848707.004647573,1218585.6320016154,0,50,1.0,50,4.616046259841628,1200000000000000.0,8332.091090158548,0.0,8332091090158.548,1.0000018257418584,1e-09,0.0,0.0,1.0,0.0,0.0,0.0,1619280923076926.0,2621,0.1715071201324463
paper,100,1500000.0,40,13,exclude,launch,0,0.0,prior,0.0,cyc_sector0,12600.0,43200.0,16209791.17505719,0,13947598.932588473,2262192.242468718,0,98,0.9999768109915179,99,4.8468564258348,101.97345269892539,7919.438460522844,182.0480145976838,43.50192161130882,2.1547005383792515,400.0,0.0,0.0,0.7199323610230395,0.037834222446343574,0.28165447383230163,0.0022675736961451248,3239.7995371369893,3554,0.2675056457519531
paper,100,1500000.0,41,13,exclude,launch,0,0.0,prior,0.0,cyc_sector0,12600.0,43200.0,16249608.708692273,0,13947598.903940031,2302009.804752241,0,98,0.9999768508396691,99,4.8468564258348,103.92454858624303,7919.438460522844,178.63021642191282,44.3342600101746,2.1547005383792515,400.0,0.0,0.0,0.7251607550300767,0.0371242340796454,0.2763666482606295,0.0033783783783783786,3240.6052161413068,3622,0.2615058422088623
paper,100,1500000.0,40,15,exclude,launch,0,0.0,prior,0.0,cyc_sector0,12600.0,43200.0,15672528.477475565,0,13453643.069226792,2218885.408248773,0,97,0.9999690777580995,100,4.910459184525673,69.71803444434296,7812.5443731858395,266.27349370169316,29.340300698267217,2.1547005383792515,400.0,0.0,0.0,0.6835703978561122,0.055401201064550216,0.3169458939851689,0.025191675794085433,2813.61230764988,3641,0.28650593757629395
paper,100,1500000.0,41,15,exclude,launch,0,0.0,prior,0.0,cyc_sector0,12600.0,43200.0,15682523.125070728,0,13453643.07509557,2228880.0499751596,0,97,0.999968598955689,100,4.910459184525673,71.0201015528888,7812.5443731858395,261.3916933318589,29.88826566599097,2.1547005383792515,400.0,0.0,0.0,0.6893341428860554,0.05438544517726218,0.31113507684011865,0.025386313465783666,2814.2973605476345,3709,0.3345046043395996
paper,100,1500000.0,41,15,exclude,launch,0,0.0,prior,0.0,cyc,12600.0,43200.0,15734746.363517115,0,13453643.06706668,2281103.2964504343,0,97,0.9999684266605756,100,4.910459184525673,71.06189238075301,7812.5443731858395,261.2379713453596,29.905853015745425,2.1547005383792515,400.0,0.0,0.0,0.689613282040899,0.05435487655064512,0.31094929881337646,0.02854006586169045,2815.469555049255,3708,0.46750402450561523
paper,100,1500000.0,40,15,exclude,launch,0,0.0,prior,0.0,cyc,12600.0,43200.0,15650954.80069698,0,13453643.097904282,2197311.7027926967,0,97,0.9999684847206716,100,4.910459184525673,69.75870773083629,7812.5443731858395,266.1182411397235,29.357417739297013,2.1547005383792515,400.0,0.0,0.0,0.6838523406888019,0.055368764499304016,0.31675824175824174,0.024175824175824177,2815.081293624933,3640,0.47750377655029297
paper,200,1500000.0,40,13,exclude,launch,0,0.0,prior,0.0,cyc,12600.0,43200.0,34397636.92389247,0,29471362.53924215,4926274.384650321,0,199,0.9999927731292039,200,4.646836166414484,172.29686380406986,8274.674043622275,107.7446460466083,76.79893477066886,2.1547005383792515,400.0,0.0,0.0,0.8720059880239521,0.02237976997899248,0.12869970069837047,0.0005614823133071309,16762.040361627427,3007,0.6132979393005371
paper,200,1500000.0,39,13,exclude,launch,0,0.0,prior,0.0,cyc,12600.0,43200.0,34353633.48242044,0,29471362.540348258,4882270.942072178,0,199,0.9999927638401375,200,4.646836166414484,168.83683048078012,8274.674043622275,109.95269546725744,75.25667295793009,2.1547005383792515,400.0,0.0,0.0,0.8690658499234303,0.022838255918318805,0.13133718952024498,0.0005630630630630631,16805.94146788016,2939,0.6463015079498291
paper,200,1500000.0,40,14,exclude,launch,0,0.0,prior,0.0,cyc_sector0,12600.0,43200.0,34723677.743427895,0,29880544.883066133,4843132.860361762,0,184,0.9999218303325564,191,4.629302721230921,54.754666643037226,8307.276799279487,362.45119074664774,22.91971170564107,2.0155302527903074,309.3905082997037,0.0,0.0,0.14402325149959805,0.07731102139088071,1.022094455852156,0.09650582362728785,521.8184071352526,12175,1.5896008014678955
paper,200,1500000.0,39,14,exclude,launch,0,0.0,prior,0.0,cyc_sector0,12600.0,43200.0,34751454.6830626,0,29880544.89004044,4870909.793022164,0,184,0.9999219793709648,189,4.629302721230921,54.46236733569654,8307.276799279487,364.3966999510634,22.797343665283226,2.01552895233295,309.3897159079377,0.0,0.0,0.1392412935323383,0.07772670823383776,1.0277525398529777,0.09944751381215469,521.9716408011507,12107,1.5916004180908203
paper,200,1500000.0,40,14,exclude,launch,0,0.0,prior,0.0,cyc,12600.0,43200.0,34723677.743427895,0,29880544.883066133,4843132.860361762,0,184,0.9999218303325564,191,4.629302721230921,54.754666643037226,8307.276799279487,362.45119074664774,22.91971170564107,2.0155302527903074,309.3905082997037,0.0,0.0,0.14402325149959805,0.07731102139088071,1.022094455852156,0.09650582362728785,521.8184071352526,12175,3.830393075942993
paper,200,1500000.0,39,14,exclude,launch,0,0.0,prior,0.0,cyc,12600.0,43200.0,34751454.6830626,0,29880544.89004044,4870909.793022164,0,184,0.9999219793709648,189,4.629302721230921,54.46236733569654,8307.276799279487,364.3966999510634,22.797343665283226,2.01552895233295,309.3897159079377,0.0,0.0,0.1392412935323383,0.07772670823383776,1.0277525398529777,0.09944751381215469,521.9716408011507,12107,3.8973939418792725
paper,50,1500000.0,40,13,exclude,launch,0,0.0,prior,0.0,cyc_sector0,12600.0,43200.0,9067062.062305752,0,7849425.796596424,1217636.2657093285,0,50,1.0,50,4.616046259841628,1200000000000000.0,8332.091090158548,0.0,8332091090158.548,1.0000018257418584,1e-09,0.0,0.0,1.0,0.0,0.0,0.0,1619172765000002.8,2688,0.13799762725830078
paper,50,1500000.0,40,13,exclude,launch,0,0.0,prior,0.0,cyc,12600.0,43200.0,9067062.062305752,0,7849425.796596424,1217636.2657093285,0,50,1.0,50,4.616046259841628,1200000000000000.0,8332.091090158548,0.0,8332091090158.548,1.0000018257418584,1e-09,0.0,0.0,1.0,0.0,0.0,0.0,1619172765000002.8,2688,0.19150996208190918
paper,50,1500000.0,41,13,exclude,launch,0,0.0,prior,0.0,cyc_sector0,12600.0,43200.0,9098517.072335998,0,7850109.525523408,1248407.5468125902,0,50,1.0,50,4.616046259841628,1200000000000000.0,8332.091090158548,0.0,8332091090158.548,1.0000018257418584,1e-09,0.0,0.0,1.0,0.0,0.0,0.0,1619657780487807.8,2756,0.20450997352600098
paper,50,1500000.0,41,13,exclude,launch,0,0.0,prior,0.0,cyc,12600.0,43200.0,9098517.072335998,0,7850109.525523408,1248407.5468125902,0,50,1.0,50,4.616046259841628,1200000000000000.0,8332.091090158548,0.0,8332091090158.548,1.0000018257418584,1e-09,0.0,0.0,1.0,0.0,0.0,0.0,1619657780487807.8,2756,0.23950934410095215
paper,100,1500000.0,42,13,exclude,launch,0,0.0,prior,0.0,cluster_patrol,12600.0,43200.0,16310759.237205364,0,13947990.360874485,2362768.8763308795,0,98,0.9999529196750662,99,4.8468564258348,184.58337256351547,7919.438460522844,100.57278912878385,78.74335124963048,2.1547005383792515,400.0,0.0,0.0,0.8584442887175894,0.020941112637993864,0.14250155569383946,0.0022727272727272726,7090.326147937932,3214,0.23551177978515625
paper,200,1500000.0,40,13,exclude,launch,0,0.0,prior,0.0,cluster_patrol,12600.0,43200.0,34359756.382194355,0,29471362.268669948,4888394.113524407,0,199,0.9999927730364925,200,4.646836166414484,172.3541623952917,8274.674043622275,107.708826682896,76.82447482213898,2.1547005383792515,399.99999999999994,0.0,0.0,0.871571072319202,0.022372301046272643,0.12865691489361702,0.0005624296962879641,16780.08208406294,3008,0.23851323127746582
paper,200,1500000.0,41,13,exclude,launch,0,0.0,prior,0.0,cyc_sector0,12600.0,43200.0,34501944.43260554,0,29471362.54263825,5030581.889967296,0,199,0.9999927948793051,200,4.646836166414484,176.59217995846137,8274.674043622275,105.12393362988604,78.71351230781798,2.1547005383792515,400.0,0.0,0.0,0.8748169838945827,0.021835340803550242,0.12556929082628496,0.0011280315848843769,16805.004411561196,3074,0.23750996589660645
paper,100,1500000.0,42,15,exclude,launch,0,0.0,prior,0.0,cluster_patrol,12600.0,43200.0,15693705.707925221,0,13454060.621682009,2239645.086243212,0,97,0.9999403471895218,100,4.910459184525673,99.28000918089855,7812.5443731858395,186.98693481871584,41.78123129704284,2.1547005383792515,400.0,0.0,0.0,0.7786226374103845,0.03896406412409322,0.22148233931673422,0.02097130242825607,4244.75089101309,3454,0.2535107135772705
paper,100,1500000.0,41,15,exclude,launch,0,0.0,prior,0.0,cluster_patrol,12600.0,43200.0,15749111.831715168,0,13454060.671268525,2295051.1604466434,0,97,0.9999368947608931,100,4.910459184525673,97.3541954533015,7812.5443731858395,190.68582015466325,40.97076734310484,2.1547005383792515,400.0,0.0,0.0,0.7742578644217989,0.03973492332898338,0.22586359610274578,0.02854006586169045,4244.259821705554,3387,0.2605102062225342
paper,200,1500000.0,41,13,exclude,launch,0,0.0,prior,0.0,cluster_patrol,12600.0,43200.0,34276945.525309,0,29471362.28920096,4805583.236108033,0,199,0.9999926740944368,200,4.646836166414484,176.25046659837673,8274.674043622275,105.32774728938594,78.56119832210756,2.1547005383792515,400.00000000000006,0.0,0.0,0.874390243902439,0.021877657992337828,0.12581274382314694,0.0016882386043894203,16781.29557638923,3076,0.26751089096069336
paper,100,1500000.0,41,13,exclude,launch,0,0.0,prior,0.0,cluster_patrol,12600.0,43200.0,16286937.35863557,0,13947990.300401809,2338947.0582337608,0,98,0.9999528260806116,99,4.8468564258348,180.73549267497918,7919.438460522844,102.7139956339089,77.10184392737621,2.1547005383792515,400.0,0.0,0.0,0.8554389312977099,0.021386970497278914,0.14553543056879567,0.0033975084937712344,7091.127616512588,3147,0.28450822830200195
paper,200,1500000.0,40,13,exclude,launch,0,0.0,prior,0.0,cyc_sector0,12600.0,43200.0,34397636.92389247,0,29471362.53924215,4926274.384650321,0,199,0.9999927731292039,200,4.646836166414484,172.29686380406986,8274.674043622275,107.7446460466083,76.79893477066886,2.1547005383792515,400.0,0.0,0.0,0.8720059880239521,0.02237976997899248,0.12869970069837047,0.0005614823133071309,16762.040361627427,3007,0.2755107879638672
paper,200,1500000.0,40,14,exclude,launch,0,0.0,prior,0.0,cluster_patrol,12600.0,43200.0,34787198.593779616,0,29892177.839922786,4895020.753856828,0,184,0.9995416934800154,191,4.629302721230921,127.0813661608157,8307.276799279487,156.27307157960973,53.15872219896526,2.01416000502215,308.55615473595816,0.0,0.0,0.7813217072051399,0.0410768823396616,0.5758873929008568,0.09404563160823595,3445.6885485439625,3268,0.3635106086730957
paper,200,1500000.0,41,14,exclude,launch,0,0.0,prior,0.0,cluster_patrol,12600.0,43200.0,34785834.24953747,0,29892219.179692682,4893615.069844786,0,184,0.99953036374226,191,4.629302721230921,125.74221741178876,8307.276799279487,157.68027849928757,52.68431079868381,2.0174440457466485,310.55771586759244,0.0,0.0,0.7686386628546295,0.03946564168797591,0.5193434935521688,0.09966777408637874,3664.3165740503973,3412,0.3635108470916748
paper,100,1500000.0,42,13,exclude,launch,0,0.0,prior,0.0,cyc,12600.0,43200.0,16262595.152295591,0,13947598.904098438,2314996.248197153,0,98,0.999976833584248,99,4.8468564258348,105.84695188698248,7919.438460522844,175.385915933903,45.15435813846884,2.1547005383792515,400.0,0.0,0.0,0.730142566191446,0.03644972342808479,0.2713472485768501,0.004509582863585118,3241.3627145823048,3689,0.5065104961395264
paper,100,1500000.0,41,13,exclude,launch,0,0.0,prior,0.0,cyc,12600.0,43200.0,16249608.708692273,0,13947598.903940031,2302009.804752241,0,98,0.9999768508396691,99,4.8468564258348,103.92454858624303,7919.438460522844,178.63021642191282,44.3342600101746,2.1547005383792515,400.0,0.0,0.0,0.7251607550300767,0.0371242340796454,0.2763666482606295,0.0033783783783783786,3240.6052161413068,3622,0.5105109214782715
paper,50,1500000.0,41,13,exclude,launch,0,0.0,prior,0.0,cluster_patrol,12600.0,43200.0,9098517.072335998,0,7850109.525523408,1248407.5468125902,0,50,1.0,50,4.616046259841628,1200000000000000.0,8332.091090158548,0.0,8332091090158.548,1.0000018257418584,1e-09,0.0,0.0,1.0,0.0,0.0,0.0,1619657780487807.8,2756,0.13750553131103516
paper,50,1500000.0,42,13,exclude,launch,0,0.0,prior,0.0,cluster_patrol,12600.0,43200.0,9108317.586705333,0,7849092.071763012,1259225.5149423212,0,50,1.0,50,4.616046259841628,1200000000000000.0,8332.091090158548,0.0,8332091090158.548,1.0000018257418584,1e-09,0.0,0.0,1.0,0.0,0.0,0.0,1619545800000003.0,2823,0.13750529289245605
paper,100,1500000.0,43,13,exclude,launch,0,0.0,prior,0.0,cyc_sector0,12600.0,43200.0,16303832.837727128,0,13947598.952311564,2356233.885415565,0,98,0.9999769311280942,99,4.8468564258348,107.76935518772191,7919.438460522844,172.2573599254974,45.974456266763056,2.1547005383792515,400.0,0.0,0.0,0.735,0.03579947800091545,0.266506922257721,0.0022727272727272726,3240.9603884582407,3756,0.26201319694519043
paper,100,1500000.0,42,15,exclude,launch,0,0.0,prior,0.0,cyc_sector0,12600.0,43200.0,15680684.084630935,0,13453643.127505882,2227040.957125054,0,97,0.9999686708153867,100,4.910459184525673,72.30302061572071,7812.5443731858395,256.75365216309973,30.428172325365846,2.1547005383792515,400.0,0.0,0.0,0.694831013916501,0.05342136127884188,0.305614406779661,0.0231023102310231,2814.9327128759846,3776,0.2780134677886963
paper,100,1500000.0,42,13,exclude,launch,0,0.0,prior,0.0,cyc_sector0,12600.0,43200.0,16262595.152295591,0,13947598.904098438,2314996.248197153,0,98,0.999976833584248,99,4.8468564258348,105.84695188698248,7919.438460522844,175.385915933903,45.15435813846884,2.1547005383792515,400.0,0.0,0.0,0.730142566191446,0.03644972342808479,0.2713472485768501,0.004509582863585118,3241.3627145823048,3689,0.3000171184539795
paper,100,1500000.0,43,15,exclude,launch,0,0.0,prior,0.0,cyc_sector0,12600.0,43200.0,15711990.758799074,0,13453643.110522073,2258347.648277001,0,97,0.9999684110014204,100,4.910459184525673,73.58593967855262,7812.5443731858395,252.27733296067257,30.96807898474071,2.1547005383792515,400.0,0.0,0.0,0.7001953125,0.052489265342550495,0.30028623471246424,0.03296703296703297,2813.582900183774,3843,0.2910139560699463
paper,100,1500000.0,42,15,exclude,launch,0,0.0,prior,0.0,cyc,12600.0,43200.0,15701675.773238434,0,13453643.013125421,2248032.7601130116,0,97,0.9999687149511013,100,4.910459184525673,72.30302061572068,7812.5443731858395,256.7536521630998,30.42817232536584,2.1547005383792515,400.0,0.0,0.0,0.6949691787631735,0.05342093424102458,0.305614406779661,0.020994475138121547,2814.62768835264,3776,0.4850132465362549
paper,100,1500000.0,43,15,exclude,launch,0,0.0,prior,0.0,cyc,12600.0,43200.0,15706300.502438404,0,13453643.11537146,2252657.3870669454,0,97,0.9999681869159616,100,4.910459184525673,73.62993272029479,7812.5443731858395,252.12660014278853,30.986593119334927,2.1547005383792515,400.0,0.0,0.0,0.700332096112522,0.05245833600553511,0.30010411244143675,0.029605263157894735,2815.2012154108243,3842,0.5360124111175537
paper,200,1500000.0,42,13,exclude,launch,0,0.0,prior,0.0,cyc,12600.0,43200.0,34341740.08339379,0,29471362.539242193,4870377.544151599,0,199,0.9999927613662811,200,4.646836166414484,180.03217361901812,8274.674043622275,103.1152611910093,80.24684171913586,2.1547005383792515,400.0,0.0,0.0,0.8774779078098878,0.02141813747136034,0.12316995544239338,0.0005659309564233164,16767.082377131304,3142,0.5523672103881836
paper,200,1500000.0,41,13,exclude,launch,0,0.0,prior,0.0,cyc,12600.0,43200.0,34501944.43260554,0,29471362.54263825,5030581.889967296,0,199,0.9999927948793051,200,4.646836166414484,176.59217995846137,8274.674043622275,105.12393362988604,78.71351230781798,2.1547005383792515,400.0,0.0,0.0,0.8748169838945827,0.021835340803550242,0.12556929082628496,0.0011280315848843769,16805.004411561196,3074,0.5613665580749512
paper,200,1500000.0,41,14,exclude,launch,0,0.0,prior,0.0,cyc_sector0,12600.0,43200.0,34716128.540721565,0,29880666.688185185,4835461.852536382,0,184,0.9999181671489414,191,4.629302721230921,50.5894870928957,8307.276799279487,393.72275593958705,21.099305727084158,2.008210339056837,304.9464263343307,0.0,0.0,0.18673218673218672,0.08652283832298131,1.085041085041085,0.10256410256410256,592.5313094318882,10101,1.3100943565368652
paper,200,1500000.0,42,14,exclude,launch,0,0.0,prior,0.0,cyc_sector0,12600.0,43200.0,34808166.044274874,0,29880614.925452404,4927551.118822468,0,184,0.9999195496022739,191,4.629302721230921,57.23106133182812,8307.276799279487,347.5039710690113,23.905559334255013,2.0112609412709093,306.79460740203757,0.0,0.0,0.1680688584002071,0.07515551398162278,1.0511695906432748,0.10599334073251943,531.200819406881,11628,1.5186011791229248
paper,200,1500000.0,42,14,exclude,launch,0,0.0,prior,0.0,cyc,12600.0,43200.0,34808166.044274874,0,29880614.925452404,4927551.118822468,0,184,0.9999195496022739,191,4.629302721230921,57.23106133182812,8307.276799279487,347.5039710690113,23.905559334255013,2.0112609412709093,306.79460740203757,0.0,0.0,0.1680688584002071,0.07515551398162278,1.0511695906432748,0.10599334073251943,531.200819406881,11628,3.1708316802978516
paper,200,1500000.0,41,14,exclude,launch,0,0.0,prior,0.0,cyc,12600.0,43200.0,34716128.540721565,0,29880666.688185185,4835461.852536382,0,184,0.9999181671489414,191,4.629302721230921,50.5894870928957,8307.276799279487,393.72275593958705,21.099305727084158,2.008210339056837,304.9464263343307,0.0,0.0,0.18673218673218672,0.08652283832298131,1.085041085041085,0.10256410256410256,592.5313094318882,10101,3.459832191467285
paper,50,1500000.0,42,13,exclude,launch,0,0.0,prior,0.0,cyc_sector0,12600.0,43200.0,9108317.586705333,0,7849092.071763012,1259225.5149423212,0,50,1.0,50,4.616046259841628,1200000000000000.0,8332.091090158548,0.0,8332091090158.548,1.0000018257418584,1e-09,0.0,0.0,1.0,0.0,0.0,0.0,1619545800000003.0,2823,0.14950895309448242
paper,50,1500000.0,42,13,exclude,launch,0,0.0,prior,0.0,cyc,12600.0,43200.0,9108317.586705333,0,7849092.071763012,1259225.5149423212,0,50,1.0,50,4.616046259841628,1200000000000000.0,8332.091090158548,0.0,8332091090158.548,1.0000018257418584,1e-09,0.0,0.0,1.0,0.0,0.0,0.0,1619545800000003.0,2823,0.16751503944396973
paper,50,1500000.0,43,13,exclude,launch,0,0.0,prior,0.0,cyc,12600.0,43200.0,9079134.41544352,0,7849751.760387181,1229382.6550563376,0,50,1.0,50,4.616046259841628,1200000000000000.0,8332.091090158548,0.0,8332091090158.548,1.0000018257418584,1e-09,0.0,0.0,1.0,0.0,0.0,0.0,1619439027906979.5,2890,0.17551159858703613
paper,50,1500000.0,43,13,exclude,launch,0,0.0,prior,0.0,cyc_sector0,12600.0,43200.0,9079134.41544352,0,7849751.760387181,1229382.6550563376,0,50,1.0,50,4.616046259841628,1200000000000000.0,8332.091090158548,0.0,8332091090158.548,1.0000018257418584,1e-09,0.0,0.0,1.0,0.0,0.0,0.0,1619439027906979.5,2890,0.21851062774658203
paper,100,1500000.0,43,13,exclude,launch,0,0.0,prior,0.0,cluster_patrol,12600.0,43200.0,16395393.258690841,0,14084101.186337123,2311292.0723537193,0,99,0.9999910977953842,99,4.8468564258348,199.07486923771572,7919.438460522844,93.25167298411131,84.92543036597529,2.1547005383792515,400.0,0.0,0.0,0.815111495994804,0.019370932772712426,0.18598615916955016,0.003401360544217687,5024.4950018577465,3468,0.22651052474975586
paper,200,1500000.0,42,13,exclude,launch,0,0.0,prior,0.0,cluster_patrol,12600.0,43200.0,34354224.09283194,0,29471362.308754228,4882861.784077715,0,199,0.9999927707058923,200,4.646836166414484,180.08947221023996,8274.674043622275,103.08245328098988,80.27238177060599,2.1547005383792515,399.99999999999994,0.0,0.0,0.8770589639532108,0.021411183422203068,0.12313076678332803,0.0005624296962879641,16782.451283366652,3143,0.21499896049499512
paper,100,1500000.0,44,15,exclude,launch,0,0.0,prior,0.0,cluster_patrol,12600.0,43200.0,15763121.431675335,0,13454060.639560683,2309060.792114654,0,97,0.9999417395579118,100,4.910459184525673,103.13163663609267,7812.5443731858395,180.00358775469465,43.40215920491886,2.1547005383792515,400.0,0.0,0.0,0.786909242994563,0.03750890163956067,0.21321070234113712,0.021834061135371178,4244.363574845656,3588,0.2689979076385498
paper,200,1500000.0,43,13,exclude,launch,0,0.0,prior,0.0,cluster_patrol,12600.0,43200.0,34359578.160672165,0,29471362.327398095,4888215.833274067,0,199,0.999992769888489,200,4.646836166414484,183.92847782210322,8274.674043622275,100.9308880567449,81.98356521910443,2.1547005383792515,399.99999999999994,0.0,0.0,0.8796447768170134,0.020964278177455897,0.1205607476635514,0.0022497187851518562,16777.759402026033,3210,0.2739982604980469
paper,200,1500000.0,42,13,exclude,launch,0,0.0,prior,0.0,cyc_sector0,12600.0,43200.0,34341740.08339379,0,29471362.539242193,4870377.544151599,0,199,0.9999927613662811,200,4.646836166414484,180.03217361901812,8274.674043622275,103.1152611910093,80.24684171913586,2.1547005383792515,400.0,0.0,0.0,0.8774779078098878,0.02141813747136034,0.12316995544239338,0.0005659309564233164,16767.082377131304,3142,0.2759976387023926
paper,100,1500000.0,44,13,exclude,launch,0,0.0,prior,0.0,cluster_patrol,12600.0,43200.0,16415651.414763888,0,14084101.1589262,2331550.255837688,0,99,0.9999911367285348,99,4.8468564258348,202.92089468146625,7919.438460522844,91.48424382147044,86.5661465812349,2.1547005383792515,400.0,0.0,0.0,0.8186066270178419,0.019003782016655237,0.18246110325318246,0.003401360544217687,5024.019301416165,3535,0.30100417137145996
paper,200,1500000.0,43,13,exclude,launch,0,0.0,prior,0.0,cyc_sector0,12600.0,43200.0,34349697.390545905,0,29471362.54471539,4878334.845830513,0,199,0.9999927628838156,200,4.646836166414484,184.2900824029747,8274.674043622275,100.73284662664265,82.14474544029932,2.1547005383792515,400.0,0.0,0.0,0.8800561140986672,0.020923212542442563,0.12032418952618454,0.0011242270938729624,16804.154523271907,3208,0.28499865531921387
paper,100,1500000.0,43,15,exclude,launch,0,0.0,prior,0.0,cluster_patrol,12600.0,43200.0,15710098.097734373,0,13454060.685627092,2256037.4121072832,0,97,0.9999379186071544,100,4.910459184525673,101.2058229084956,7812.5443731858395,183.4288193308277,42.591695250980855,2.1547005383792515,400.0,0.0,0.0,0.7828681014276582,0.03822262837350651,0.2172678216415791,0.02643171806167401,4243.838625268033,3521,0.2969985008239746
paper,200,1500000.0,43,14,exclude,launch,0,0.0,prior,0.0,cluster_patrol,12600.0,43200.0,34780684.48893744,0,29892219.006807785,4888465.482129654,0,184,0.9995363276300168,192,4.629302721230921,130.68048119771615,8307.276799279487,151.72168929485875,54.75338982770599,2.0174445031654225,310.55799510645994,0.0,0.0,0.7774016081252645,0.037969587523292284,0.49971799210377893,0.0975609756097561,3663.4368282436976,3546,0.33899831771850586
paper,200,1500000.0,42,14,exclude,launch,0,0.0,prior,0.0,cluster_patrol,12600.0,43200.0,34547595.89899927,0,29892219.055159535,4655376.843839731,0,184,0.999528702356812,191,4.629302721230921,128.21135329585968,8307.276799279487,154.64360742729784,53.7188503131949,2.017444216059313,310.55781983776495,0.0,0.0,0.7730802415875755,0.03870008691539198,0.5093417648749641,0.10050251256281408,3664.1672505115594,3479,0.3769984245300293
paper,100,1500000.0,44,13,exclude,launch,0,0.0,prior,0.0,cyc,12600.0,43200.0,16415651.414763888,0,14084101.1589262,2331550.255837688,0,99,0.9999911367285348,99,4.8468564258348,202.92089468146625,7919.438460522844,91.48424382147044,86.5661465812349,2.1547005383792515,400.0,0.0,0.0,0.8186066270178419,0.019003782016655237,0.18246110325318246,0.003401360544217687,5024.019301416165,3535,0.40199780464172363
paper,100,1500000.0,43,13,exclude,launch,0,0.0,prior,0.0,cyc,12600.0,43200.0,16303832.837727128,0,13947598.952311564,2356233.885415565,0,98,0.9999769311280942,99,4.8468564258348,107.76935518772191,7919.438460522844,172.2573599254974,45.974456266763056,2.1547005383792515,400.0,0.0,0.0,0.735,0.03579947800091545,0.266506922257721,0.0022727272727272726,3240.9603884582407,3756,0.48900437355041504
paper,50,1500000.0,43,13,exclude,launch,0,0.0,prior,0.0,cluster_patrol,12600.0,43200.0,9079134.41544352,0,7849751.760387181,1229382.6550563376,0,50,1.0,50,4.616046259841628,1200000000000000.0,8332.091090158548,0.0,8332091090158.548,1.0000018257418584,1e-09,0.0,0.0,1.0,0.0,0.0,0.0,1619439027906979.5,2890,0.16289281845092773
paper,50,1500000.0,44,13,exclude,launch,0,0.0,prior,0.0,cluster_patrol,12600.0,43200.0,9107688.060440583,0,7848788.685550824,1258899.3748897586,0,50,1.0,50,4.616046259841628,1200000000000000.0,8332.091090158548,0.0,8332091090158.548,1.0000018257418584,1e-09,0.0,0.0,1.0,0.0,0.0,0.0,1619337109090912.0,2957,0.20389151573181152
paper,100,1500000.0,45,13,exclude,launch,0,0.0,prior,0.0,cyc_sector0,12600.0,43200.0,16435461.156189963,0,14084101.198020918,2351359.958169045,0,99,0.9999911775974175,99,4.8468564258348,206.50416199857827,7919.438460522844,89.8968060781167,88.09477005936309,2.1547005383792515,400.0,0.0,0.0,0.8220091704877032,0.018674050692233074,0.17929503191784624,0.0022727272727272726,5020.7726000037,3603,0.23489141464233398
paper,100,1500000.0,44,13,exclude,launch,0,0.0,prior,0.0,cyc_sector0,12600.0,43200.0,16411937.04337588,0,14084101.205196371,2327835.838179508,0,99,0.9999911023310538,99,4.8468564258348,202.66409015458584,7919.438460522844,91.60016750550183,86.45659365248622,2.1547005383792515,399.99999999999994,0.0,0.0,0.8186066270178419,0.01902789363669267,0.18269230769230768,0.003401360544217687,5021.33735863632,3536,0.26589369773864746
paper,100,1500000.0,44,15,exclude,launch,0,0.0,prior,0.0,cyc_sector0,12600.0,43200.0,15768823.05678109,0,13453643.021254016,2315180.035527075,0,97,0.9999686479118266,100,4.910459184525673,74.86885874138451,7812.5443731858395,247.95442214011888,31.50798564411558,2.1547005383792515,400.0,0.0,0.0,0.7053177193319256,0.05158997949757022,0.2951406649616368,0.024017467248908297,2814.21105596773,3910,0.29927992820739746
paper,100,1500000.0,45,15,exclude,launch,0,0.0,prior,0.0,cyc_sector0,12600.0,43200.0,15752282.689716108,0,13453643.030300254,2298639.6594158546,0,97,0.9999681991405162,100,4.910459184525673,76.15177780421644,7812.5443731858395,243.77716634846988,32.04789230349045,2.1547005383792515,400.0,0.0,0.0,0.7103227023966786,0.05072073784107566,0.29016846869499624,0.029379760609358,2813.887314880691,3977,0.29928064346313477
paper,100,1500000.0,45,15,exclude,launch,0,0.0,prior,0.0,cyc,12600.0,43200.0,15798888.934249876,0,13453642.985004973,2345245.949244903,0,97,0.9999692320295447,100,4.910459184525673,76.15177780421644,7812.5443731858395,243.77716634846988,32.04789230349045,2.1547005383792515,400.0,0.0,0.0,0.7103227023966786,0.050720099399222875,0.29016846869499624,0.018518518518518517,2813.8680930399064,3977,0.4902772903442383
paper,100,1500000.0,44,15,exclude,launch,0,0.0,prior,0.0,cyc,12600.0,43200.0,15658638.883471843,0,13453643.029541986,2204995.853929858,0,97,0.9999686605339202,100,4.910459184525673,74.91395289006567,7812.5443731858395,247.80516698608176,31.52696317112968,2.1547005383792515,400.0,0.0,0.0,0.7054531490015361,0.05155879609332167,0.2949603479150678,0.0231023102310231,2815.542360292164,3909,0.5344040393829346
paper,200,1500000.0,44,13,exclude,launch,0,0.0,prior,0.0,cyc,12600.0,43200.0,34374053.91154609,0,29471362.34519454,4902691.566351547,0,199,0.9999926954338869,200,4.646836166414484,187.76748343396636,8274.674043622275,98.8673026128017,83.69474866760288,2.1547005383792515,400.00000000000006,0.0,0.0,0.8820970695970696,0.020535652410629667,0.11809581934696368,0.002810567734682406,16778.942944467282,3277,0.5842785835266113
paper,200,1500000.0,43,13,exclude,launch,0,0.0,prior,0.0,cyc,12600.0,43200.0,34349697.390545905,0,29471362.54471539,4878334.845830513,0,199,0.9999927628838156,200,4.646836166414484,184.2900824029747,8274.674043622275,100.73284662664265,82.14474544029932,2.1547005383792515,400.0,0.0,0.0,0.8800561140986672,0.020923212542442563,0.12032418952618454,0.0011242270938729624,16804.154523271907,3208,0.599278450012207
paper,200,1500000.0,44,14,exclude,launch,0,0.0,prior,0.0,cyc_sector0,12600.0,43200.0,34737008.09332126,0,29915339.649832524,4821668.443488734,0,185,0.9999231769431246,192,4.629302721230921,58.98885978021237,8307.276799279487,336.52590833396465,24.685400421044065,2.014983455347222,309.0574243885758,0.0,0.0,0.1720783244516049,0.07192944288870319,0.9944855967078189,0.10233592880978866,537.5000046202158,12150,1.5115289688110352
paper,200,1500000.0,43,14,exclude,launch,0,0.0,prior,0.0,cyc_sector0,12600.0,43200.0,34689341.86056917,0,29880544.888299003,4808796.97227017,0,184,0.999921289641371,192,4.629302721230921,55.6686411814829,8307.276799279487,356.5006149475371,23.302279017111914,2.0155291670445816,309.38984673547833,0.0,0.0,0.15804842438252828,0.0760411255701889,1.0054137039431157,0.10831937465103295,521.8001502212829,12376,1.6165289878845215
paper,200,1500000.0,43,14,exclude,launch,0,0.0,prior,0.0,cyc,12600.0,43200.0,34689341.86056917,0,29880544.888299003,4808796.97227017,0,184,0.999921289641371,192,4.629302721230921,55.6686411814829,8307.276799279487,356.5006149475371,23.302279017111914,2.0155291670445816,309.38984673547833,0.0,0.0,0.15804842438252828,0.0760411255701889,1.0054137039431157,0.10831937465103295,521.8001502212829,12376,3.9577531814575195
paper,200,1500000.0,44,14,exclude,launch,0,0.0,prior,0.0,cyc,12600.0,43200.0,34698512.38085917,0,29880544.765784968,4817967.615074196,0,184,0.9999213472402568,192,4.629302721230921,55.96615035766112,8307.276799279487,354.6054511467296,23.42681640232902,2.015529453234513,309.39002111603673,0.0,0.0,0.16257260406582769,0.07563785490328309,1.0,0.10901001112347053,521.9495237557089,12443,5.673366546630859
paper,50,1500000.0,44,13,exclude,launch,0,0.0,prior,0.0,cyc_sector0,12600.0,43200.0,9107688.060440583,0,7848788.685550824,1258899.3748897586,0,50,1.0,50,4.616046259841628,1200000000000000.0,8332.091090158548,0.0,8332091090158.548,1.0000018257418584,1e-09,0.0,0.0,1.0,0.0,0.0,0.0,1619337109090912.0,2957,0.1659996509552002
paper,50,1500000.0,45,13,exclude,launch,0,0.0,prior,0.0,cyc,12600.0,43200.0,9112763.900091419,0,7849425.796596431,1263338.1034949883,0,50,1.0,50,4.616046259841628,1200000000000000.0,8332.091090158548,0.0,8332091090158.548,1.0000018257418584,1e-09,0.0,0.0,1.0,0.0,0.0,0.0,1619239720000002.8,3024,0.1809983253479004
paper,50,1500000.0,45,13,exclude,launch,0,0.0,prior,0.0,cyc_sector0,12600.0,43200.0,9112763.900091419,0,7849425.796596431,1263338.1034949883,0,50,1.0,50,4.616046259841628,1200000000000000.0,8332.091090158548,0.0,8332091090158.548,1.0000018257418584,1e-09,0.0,0.0,1.0,0.0,0.0,0.0,1619239720000002.8,3024,0.17999887466430664
paper,100,1500000.0,45,13,exclude,launch,0,0.0,prior,0.0,cluster_patrol,12600.0,43200.0,16405383.333823413,0,14084101.178495493,2321282.1553279185,0,99,0.9999911491757528,99,4.8468564258348,206.76692012521679,7919.438460522844,89.78256577148753,88.2068627964945,2.1547005383792515,400.00000000000006,0.0,0.0,0.8220091704877032,0.01865030961451487,0.1790671848972793,0.0033975084937712344,5021.903843991625,3602,0.23099684715270996
paper,50,1500000.0,44,13,exclude,launch,0,0.0,prior,0.0,cyc,12600.0,43200.0,9107688.060440583,0,7848788.685550824,1258899.3748897586,0,50,1.0,50,4.616046259841628,1200000000000000.0,8332.091090158548,0.0,8332091090158.548,1.0000018257418584,1e-09,0.0,0.0,1.0,0.0,0.0,0.0,1619337109090912.0,2957,0.26200056076049805
paper,100,1500000.0,46,15,exclude,launch,0,0.0,prior,0.0,cluster_patrol,12600.0,43200.0,15787565.941172816,0,13493596.709227767,2293969.231945047,0,98,0.9999424896262485,100,4.910459184525673,196.26924691039153,7812.5443731858395,94.5846835290797,82.59840897795998,2.1547005383792515,400.0,0.0,0.0,0.8861788617886179,0.019730585742448258,0.11368297685320831,0.022950819672131147,8367.673239866586,3413,0.23400235176086426
paper,200,1500000.0,44,13,exclude,launch,0,0.0,prior,0.0,cyc_sector0,12600.0,43200.0,34414306.430621885,0,29471362.53924222,4942943.89137967,0,199,0.9999927384032324,200,4.646836166414484,187.71018484274455,8274.674043622275,98.89748188710354,83.66920861613275,2.1547005383792515,400.0,0.0,0.0,0.8825011452130096,0.020541920924796533,0.11813186813186813,0.0016968325791855204,16766.00387114117,3276,0.234999418258667
paper,100,1500000.0,46,13,exclude,launch,0,0.0,prior,0.0,cluster_patrol,12600.0,43200.0,16418421.785521083,0,14084101.197213855,2334320.5883072265,0,99,0.999991167977766,99,4.8468564258348,210.4015483477049,7919.438460522844,88.23159692167107,89.75739686037242,2.1547005383792515,400.0,0.0,0.0,0.8251176109633872,0.018328114921285922,0.17597384908744212,0.003401360544217687,5021.4986531187815,3671,0.25251173973083496
paper,200,1500000.0,44,13,exclude,launch,0,0.0,prior,0.0,cluster_patrol,12600.0,43200.0,34374053.91154609,0,29471362.34519454,4902691.566351547,0,199,0.9999926954338869,200,4.646836166414484,187.76748343396636,8274.674043622275,98.8673026128017,83.69474866760288,2.1547005383792515,400.00000000000006,0.0,0.0,0.8820970695970696,0.020535652410629667,0.11809581934696368,0.002810567734682406,16778.942944467282,3277,0.24351286888122559
paper,200,1500000.0,45,13,exclude,launch,0,0.0,prior,0.0,cluster_patrol,12600.0,43200.0,34388353.52115463,0,29471362.362200007,4916991.158954617,0,199,0.9999926649417316,200,4.646836166414484,191.6064890458296,8274.674043622275,96.88640869083468,85.40593211610131,2.1547005383792515,400.00000000000006,0.0,0.0,0.8844773441004935,0.020124381810063485,0.11572966507177034,0.002244668911335578,16774.537554272898,3344,0.279512882232666
paper,200,1500000.0,45,13,exclude,launch,0,0.0,prior,0.0,cyc_sector0,12600.0,43200.0,34560854.57498049,0,29471362.54660771,5089492.028372781,0,199,0.9999928070458206,200,4.646836166414484,191.98798484748795,8274.674043622275,96.69388748601726,85.57597857278064,2.1547005383792515,400.0,0.0,0.0,0.8848743267504489,0.02008445472814933,0.11549970077797726,0.000564652738565782,16803.380180608332,3342,0.2945137023925781
paper,100,1500000.0,45,15,exclude,launch,0,0.0,prior,0.0,cluster_patrol,12600.0,43200.0,15760930.292156512,0,13454060.665464854,2306869.626691656,0,97,0.9999411203358689,100,4.910459184525673,105.0574503636897,7812.5443731858395,176.70393238408877,44.21262315885686,2.1547005383792515,400.0,0.0,0.0,0.7908456486042693,0.03682121577736915,0.20930232558139536,0.01847826086956522,4243.479719186005,3655,0.31151366233825684
paper,100,1500000.0,45,13,exclude,launch,0,0.0,prior,0.0,cyc,12600.0,43200.0,16405383.333823413,0,14084101.178495493,2321282.1553279185,0,99,0.9999911491757528,99,4.8468564258348,206.76692012521679,7919.438460522844,89.78256577148753,88.2068627964945,2.1547005383792515,400.00000000000006,0.0,0.0,0.8220091704877032,0.01865030961451487,0.1790671848972793,0.0033975084937712344,5021.903843991625,3602,0.38751888275146484
paper,100,1500000.0,46,13,exclude,launch,0,0.0,prior,0.0,cyc,12600.0,43200.0,16409509.49344373,0,14084101.191157512,2325408.302286218,0,99,0.9999911599504578,99,4.8468564258348,210.4015483477049,7919.438460522844,88.23159692167107,89.75739686037242,2.1547005383792515,400.0,0.0,0.0,0.8252864157119476,0.018328140061120376,0.17597384908744212,0.003401360544217687,5021.854673655146,3671,0.39051389694213867
paper,200,1500000.0,44,14,exclude,launch,0,0.0,prior,0.0,cluster_patrol,12600.0,43200.0,34865127.75529389,0,29923868.60136385,4941259.153930037,0,185,0.9996527476782228,192,4.629302721230921,142.02694734477697,8307.276799279487,139.88602769310887,59.386036877854124,2.0133297033634205,308.0511263155793,0.0,0.0,0.7755564715581204,0.036969933427344934,0.5781378742103818,0.08949416342412451,3084.2102798769342,3641,0.4345123767852783
paper,200,1500000.0,45,14,exclude,launch,0,0.0,prior,0.0,cluster_patrol,12600.0,43200.0,34797354.341150574,0,29925843.764023483,4871510.577127092,0,185,0.999583676342506,192,4.629302721230921,155.7824504010149,8307.276799279487,127.65428346025296,65.07636543090291,2.011435303204951,306.90041177078734,0.0,0.0,0.7613119936771389,0.035372768492992035,0.6414646996838778,0.08226077224398433,2662.2760996789884,3796,0.46502685546875
paper,50,1500000.0,45,13,exclude,launch,0,0.0,prior,0.0,cluster_patrol,12600.0,43200.0,9112763.900091419,0,7849425.796596431,1263338.1034949883,0,50,1.0,50,4.616046259841628,1200000000000000.0,8332.091090158548,0.0,8332091090158.548,1.0000018257418584,1e-09,0.0,0.0,1.0,0.0,0.0,0.0,1619239720000002.8,3024,0.13950777053833008
paper,50,1500000.0,46,13,exclude,launch,0,0.0,prior,0.0,cluster_patrol,12600.0,43200.0,9064179.40146385,0,7850035.2071617665,1214144.194302084,0,50,1.0,50,4.616046259841628,1200000000000000.0,8332.091090158548,0.0,8332091090158.548,1.0000018257418584,1e-09,0.0,0.0,1.0,0.0,0.0,0.0,1619670560869568.2,3092,0.24550747871398926
paper,100,1500000.0,47,13,exclude,launch,0,0.0,prior,0.0,cyc_sector0,12600.0,43200.0,16404493.659201585,0,14084101.184586186,2320392.474615399,0,99,0.9999911543255539,99,4.8468564258348,214.24162019169734,7919.438460522844,86.65013170129868,91.3955732672493,2.1547005383792515,400.0,0.0,0.0,0.8284106891701828,0.01799962525043773,0.17281968967362227,0.0022727272727272726,5022.8907016193,3738,0.2745060920715332
paper,100,1500000.0,47,15,exclude,launch,0,0.0,prior,0.0,cyc_sector0,12600.0,43200.0,15674723.070973681,0,13493350.312136592,2181372.75883709,0,98,0.9999727092513822,100,4.910459184525673,109.17902149338245,7812.5443731858395,170.03325686185408,45.947154794154486,2.1547005383792515,400.0,0.0,0.0,0.7955801104972375,0.0353691471688091,0.2043661230931089,0.027502750275027504,4177.467737317501,3802,0.29550933837890625
paper,100,1500000.0,46,15,exclude,launch,0,0.0,prior,0.0,cyc_sector0,12600.0,43200.0,15772478.865549965,0,13493350.295938894,2279128.5696110697,0,98,0.9999728147181657,100,4.910459184525673,107.25503558068999,7812.5443731858395,173.08338489659153,45.13746006211651,2.1547005383792515,400.0,0.0,0.0,0.7919260895762201,0.036002836396950094,0.20803212851405622,0.023153252480705624,4177.12905901258,3735,0.31050920486450195
paper,100,1500000.0,46,13,exclude,launch,0,0.0,prior,0.0,cyc_sector0,12600.0,43200.0,16409509.49344373,0,14084101.191157512,2325408.302286218,0,99,0.9999911599504578,99,4.8468564258348,210.4015483477049,7919.438460522844,88.23159692167107,89.75739686037242,2.1547005383792515,400.0,0.0,0.0,0.8252864157119476,0.018328140061120376,0.17597384908744212,0.003401360544217687,5021.854673655146,3671,0.3225078582763672
paper,100,1500000.0,47,15,exclude,launch,0,0.0,prior,0.0,cyc,12600.0,43200.0,15752308.816157708,0,13493350.230637193,2258958.585520518,0,98,0.9999728525308483,100,4.910459184525673,109.17902149338245,7812.5443731858395,170.03325686185408,45.947154794154486,2.1547005383792515,400.0,0.0,0.0,0.7960915909988157,0.03536862885740442,0.2043661230931089,0.024363233665559248,4178.371896160834,3802,0.4385073184967041
paper,100,1500000.0,46,15,exclude,launch,0,0.0,prior,0.0,cyc,12600.0,43200.0,15793035.053739388,0,13493178.992426766,2299856.061312621,0,98,0.999972570697263,100,4.910459184525673,107.25503558069,7812.5443731858395,173.0833848965915,45.13746006211652,2.1547005383792515,400.0,0.0,0.0,0.7922860586580956,0.03600303755236417,0.20803212851405622,0.024070021881838075,4178.747738211015,3735,0.5385086536407471
paper,200,1500000.0,46,13,exclude,launch,0,0.0,prior,0.0,cyc,12600.0,43200.0,34446677.0574826,0,29471362.37846619,4975314.679016411,0,199,0.9999927433681215,200,4.646836166414484,195.50279324891466,8274.674043622275,94.95549550473363,87.14265561606989,2.1547005383792515,399.99999999999994,0.0,0.0,0.8867634124890061,0.019723133924277093,0.1134232121922626,0.0016891891891891893,16775.739678515685,3412,0.5465075969696045
paper,200,1500000.0,45,13,exclude,launch,0,0.0,prior,0.0,cyc,12600.0,43200.0,34388353.52115463,0,29471362.362200007,4916991.158954617,0,199,0.9999926649417316,200,4.646836166414484,191.6064890458296,8274.674043622275,96.88640869083468,85.40593211610131,2.1547005383792515,400.00000000000006,0.0,0.0,0.8844773441004935,0.020124381810063485,0.11572966507177034,0.002244668911335578,16774.537554272898,3344,0.5565063953399658
paper,200,1500000.0,46,14,exclude,launch,0,0.0,prior,0.0,cyc_sector0,12600.0,43200.0,34974905.126374215,0,30147071.516974088,4827833.609400132,0,186,0.9999318548608606,192,4.629302721230921,55.80218774586739,8307.276799279487,356.5578319064872,23.298539692316165,2.0103829162572735,306.26209123936565,0.0,0.0,0.21912092655204662,0.07717181661714292,1.0077474892395983,0.09664804469273743,616.0826427114682,10455,1.300203561782837
paper,200,1500000.0,45,14,exclude,launch,0,0.0,prior,0.0,cyc_sector0,12600.0,43200.0,34753013.05429606,0,29915339.8060385,4837673.2482575625,0,185,0.9999237970249802,192,4.629302721230921,59.3190618162238,8307.276799279487,334.6528037344464,24.82356850615683,2.014982365948927,309.0567609561846,0.0,0.0,0.17668084057435138,0.07152908235158822,0.9890307793058284,0.09460211463550362,536.9717150424549,12216,1.5462045669555664
paper,200,1500000.0,46,14,exclude,launch,0,0.0,prior,0.0,cyc,12600.0,43200.0,34974905.126374215,0,30147071.516974088,4827833.609400132,0,186,0.9999318548608606,192,4.629302721230921,55.80218774586739,8307.276799279487,356.5578319064872,23.298539692316165,2.0103829162572735,306.26209123936565,0.0,0.0,0.21912092655204662,0.07717181661714292,1.0077474892395983,0.09664804469273743,616.0826427114682,10455,2.9484193325042725
paper,200,1500000.0,45,14,exclude,launch,0,0.0,prior,0.0,cyc,12600.0,43200.0,34753013.05429606,0,29915339.8060385,4837673.2482575625,0,185,0.9999237970249802,192,4.629302721230921,59.3190618162238,8307.276799279487,334.6528037344464,24.82356850615683,2.014982365948927,309.0567609561846,0.0,0.0,0.17668084057435138,0.07152908235158822,0.9890307793058284,0.09460211463550362,536.9717150424549,12216,3.5414202213287354
paper,50,1500000.0,47,13,exclude,launch,0,0.0,prior,0.0,cyc_sector0,12600.0,43200.0,9063154.163163612,0,7849127.574404884,1214026.5887587278,0,50,1.0,50,4.616046259841628,1200000000000000.0,8332.091090158548,0.0,8332091090158.548,1.0000018257418584,1e-09,0.0,0.0,1.0,0.0,0.0,0.0,1619570221276599.0,3159,0.1399989128112793
paper,100,1500000.0,48,15,exclude,launch,0,0.0,prior,0.0,cluster_patrol,12600.0,43200.0,15983644.599091964,0,13760664.958570825,2222979.6405211384,0,100,1.0,100,4.910459184525673,1200000000000000.0,7812.5443731858395,0.0,7812544373185.839,1.0000018257418584,1e-09,0.0,0.0,1.0,0.0,0.0,0.0,3238948125000006.0,3226,0.1679999828338623
paper,50,1500000.0,47,13,exclude,launch,0,0.0,prior,0.0,cyc,12600.0,43200.0,9063154.163163612,0,7849127.574404884,1214026.5887587278,0,50,1.0,50,4.616046259841628,1200000000000000.0,8332.091090158548,0.0,8332091090158.548,1.0000018257418584,1e-09,0.0,0.0,1.0,0.0,0.0,0.0,1619570221276599.0,3159,0.19399785995483398
paper,50,1500000.0,46,13,exclude,launch,0,0.0,prior,0.0,cyc_sector0,12600.0,43200.0,9064179.40146385,0,7850035.2071617665,1214144.194302084,0,50,1.0,50,4.616046259841628,1200000000000000.0,8332.091090158548,0.0,8332091090158.548,1.0000018257418584,1e-09,0.0,0.0,1.0,0.0,0.0,0.0,1619670560869568.2,3092,0.22099852561950684
paper,100,1500000.0,48,13,exclude,launch,0,0.0,prior,0.0,cluster_patrol,12600.0,43200.0,16414841.00924887,0,14084101.232310975,2330739.776937894,0,99,0.9999911358546865,100,4.8468564258348,218.36239982130064,7919.438460522844,85.01493215270715,93.15349974399366,2.1547005383792515,400.0,0.0,0.0,0.8312943962115232,0.017660064257251563,0.1695583596214511,0.003401360544217687,5026.984901362615,3804,0.24499940872192383
paper,50,1500000.0,46,13,exclude,launch,0,0.0,prior,0.0,cyc,12600.0,43200.0,9064179.40146385,0,7850035.2071617665,1214144.194302084,0,50,1.0,50,4.616046259841628,1200000000000000.0,8332.091090158548,0.0,8332091090158.548,1.0000018257418584,1e-09,0.0,0.0,1.0,0.0,0.0,0.0,1619670560869568.2,3092,0.27499866485595703
paper,200,1500000.0,47,13,exclude,launch,0,0.0,prior,0.0,cyc_sector0,12600.0,43200.0,34491613.17162445,0,29626747.212403104,4864865.959221347,0,200,1.0,200,4.646836166414484,1200000000000000.0,8274.674043622275,0.0,8274674043622.274,1.0000018257418584,1e-09,0.0,0.0,1.0,0.0,0.0,0.0,6478280885106396.0,3159,0.2390000820159912
paper,100,1500000.0,47,15,exclude,launch,0,0.0,prior,0.0,cluster_patrol,12600.0,43200.0,15735392.430022663,0,13493767.88032714,2241624.54969552,0,98,0.999943349863117,100,4.910459184525673,200.12217382014722,7812.5443731858395,92.7636565760773,84.21988375133336,2.1547005383792515,400.0,0.0,0.0,0.8885535675792197,0.01935039073958922,0.11149425287356322,0.024390243902439025,8368.649569260402,3480,0.2630019187927246
paper,200,1500000.0,46,13,exclude,launch,0,0.0,prior,0.0,cyc_sector0,12600.0,43200.0,34406098.955904275,0,29471362.539242238,4934736.41666204,0,199,0.9999927564229674,200,4.646836166414484,195.44549465769285,8274.674043622275,94.98333352745563,87.11711556459977,2.1547005383792515,399.99999999999994,0.0,0.0,0.887153541575011,0.019728916138854715,0.11345646437994723,0.001692047377326565,16764.985819197136,3411,0.2550015449523926
paper,200,1500000.0,47,13,exclude,launch,0,0.0,prior,0.0,cluster_patrol,12600.0,43200.0,34349021.09118902,0,29471362.394039955,4877658.697149064,0,199,0.999992767127922,200,4.646836166414484,199.34179886077783,8274.674043622275,93.12680386954618,88.85383906456833,2.1547005383792515,400.00000000000006,0.0,0.0,0.8889368125943498,0.01934341848811666,0.11123886174187984,0.0005627462014631402,16776.89064853537,3479,0.27299952507019043
paper,100,1500000.0,47,13,exclude,launch,0,0.0,prior,0.0,cluster_patrol,12600.0,43200.0,16402983.37488436,0,14084101.215135815,2318882.1597485454,0,99,0.9999911665790746,99,4.8468564258348,214.24162019169734,7919.438460522844,86.65013170129868,91.3955732672493,2.1547005383792515,400.0,0.0,0.0,0.8282442748091603,0.01799960628865873,0.17281968967362227,0.0022753128555176336,5021.123125087588,3738,0.31499791145324707
paper,200,1500000.0,46,13,exclude,launch,0,0.0,prior,0.0,cluster_patrol,12600.0,43200.0,34446677.0574826,0,29471362.37846619,4975314.679016411,0,199,0.9999927433681215,200,4.646836166414484,195.50279324891466,8274.674043622275,94.95549550473363,87.14265561606989,2.1547005383792515,399.99999999999994,0.0,0.0,0.8867634124890061,0.019723133924277093,0.1134232121922626,0.0016891891891891893,16775.739678515685,3412,0.3039991855621338
paper,100,1500000.0,47,13,exclude,launch,0,0.0,prior,0.0,cyc,12600.0,43200.0,16404493.659201585,0,14084101.184586186,2320392.474615399,0,99,0.9999911543255539,99,4.8468564258348,214.24162019169734,7919.438460522844,86.65013170129868,91.3955732672493,2.1547005383792515,400.0,0.0,0.0,0.8284106891701828,0.01799962525043773,0.17281968967362227,0.0022727272727272726,5022.8907016193,3738,0.3379979133605957
paper,200,1500000.0,46,14,exclude,launch,0,0.0,prior,0.0,cluster_patrol,12600.0,43200.0,35127797.401814535,0,30154431.762930047,4973365.638884492,0,186,0.9996927886403039,192,4.629302721230921,159.14216784114777,8307.276799279487,125.03030034671134,66.44210864281102,2.0102934014956695,306.207827131707,0.0,0.0,0.762669245647969,0.03467826058606265,0.6362464552719773,0.07632743362831858,2630.7368378229726,3879,0.379000186920166
paper,100,1500000.0,48,13,exclude,launch,0,0.0,prior,0.0,cyc,12600.0,43200.0,16434073.172938274,0,14084101.205196384,2349971.9677418894,0,99,0.9999911798210142,100,4.8468564258348,218.08169203568977,7919.438460522844,85.12436065688686,93.03374967412614,2.1547005383792515,399.99999999999994,0.0,0.0,0.8314584566804816,0.017682797227282148,0.16977660972404732,0.0022727272727272726,5020.772019486306,3805,0.4069981575012207
paper,200,1500000.0,47,14,exclude,launch,0,0.0,prior,0.0,cluster_patrol,12600.0,43200.0,35115575.89023689,0,30154431.424792066,4961144.465444824,0,186,0.9996970159533939,192,4.629302721230921,161.89097441384365,8307.276799279487,122.90738343763135,67.58972949330555,2.010293095937741,306.20764190983977,0.0,0.0,0.7666856816885339,0.03408678543052389,0.6254434870755196,0.08637873754152824,2631.050019863157,3946,0.45550990104675293
paper,50,1500000.0,47,13,exclude,launch,0,0.0,prior,0.0,cluster_patrol,12600.0,43200.0,9063154.163163612,0,7849127.574404884,1214026.5887587278,0,50,1.0,50,4.616046259841628,1200000000000000.0,8332.091090158548,0.0,8332091090158.548,1.0000018257418584,1e-09,0.0,0.0,1.0,0.0,0.0,0.0,1619570221276599.0,3159,0.15750765800476074
paper,50,1500000.0,48,13,exclude,launch,0,0.0,prior,0.0,cluster_patrol,12600.0,43200.0,9093180.280413684,0,7849717.805825644,1243462.4745880384,0,50,1.0,50,4.616046259841628,1200000000000000.0,8332.091090158548,0.0,8332091090158.548,1.0000018257418584,1e-09,0.0,0.0,1.0,0.0,0.0,0.0,1619474062500003.0,3226,0.15450620651245117
paper,100,1500000.0,49,15,exclude,launch,0,0.0,prior,0.0,cyc_sector0,12600.0,43200.0,16054839.483378883,0,13761657.410498915,2293182.0728799663,0,100,1.0,100,4.910459184525673,1200000000000000.0,7812.5443731858395,0.0,7812544373185.839,1.0000018257418584,1e-09,0.0,0.0,1.0,0.0,0.0,0.0,3239747485714291.5,3294,0.2235093116760254
paper,100,1500000.0,48,15,exclude,launch,0,0.0,prior,0.0,cyc_sector0,12600.0,43200.0,15983644.599091964,0,13760664.958570825,2222979.6405211384,0,100,1.0,100,4.910459184525673,1200000000000000.0,7812.5443731858395,0.0,7812544373185.839,1.0000018257418584,1e-09,0.0,0.0,1.0,0.0,0.0,0.0,3238948125000006.0,3226,0.23250889778137207
paper,100,1500000.0,48,13,exclude,launch,0,0.0,prior,0.0,cyc_sector0,12600.0,43200.0,16434073.172938274,0,14084101.205196384,2349971.9677418894,0,99,0.9999911798210142,100,4.8468564258348,218.08169203568977,7919.438460522844,85.12436065688686,93.03374967412614,2.1547005383792515,399.99999999999994,0.0,0.0,0.8314584566804816,0.017682797227282148,0.16977660972404732,0.0022727272727272726,5020.772019486306,3805,0.25650644302368164
paper,100,1500000.0,49,15,exclude,launch,0,0.0,prior,0.0,cyc,12600.0,43200.0,16054839.483378883,0,13761657.410498915,2293182.0728799663,0,100,1.0,100,4.910459184525673,1200000000000000.0,7812.5443731858395,0.0,7812544373185.839,1.0000018257418584,1e-09,0.0,0.0,1.0,0.0,0.0,0.0,3239747485714291.5,3294,0.2685060501098633
paper,100,1500000.0,48,15,exclude,launch,0,0.0,prior,0.0,cyc,12600.0,43200.0,15983644.599091964,0,13760664.958570825,2222979.6405211384,0,100,1.0,100,4.910459184525673,1200000000000000.0,7812.5443731858395,0.0,7812544373185.839,1.0000018257418584,1e-09,0.0,0.0,1.0,0.0,0.0,0.0,3238948125000006.0,3226,0.2955055236816406
paper,100,1500000.0,49,13,exclude,launch,0,0.0,prior,0.0,cyc_sector0,12600.0,43200.0,16438552.273236994,0,14084101.19860666,2354451.0746303336,0,99,0.9999911795132583,100,4.8468564258348,221.97907838481643,7919.438460522844,83.62979403549045,94.6963764751355,2.1547005383792515,400.0,0.0,0.0,0.834399844871049,0.017372135603176016,0.1667957655564162,0.0022727272727272726,5021.787855577814,3873,0.30350613594055176
paper,200,1500000.0,48,13,exclude,launch,0,0.0,prior,0.0,cyc,12600.0,43200.0,34541039.91414295,0,29628975.057082046,4912064.857060902,0,200,1.0,200,4.646836166414484,1200000000000000.0,8274.674043622275,0.0,8274674043622.274,1.0000018257418584,1e-09,0.0,0.0,1.0,0.0,0.0,0.0,6477896250000012.0,3226,0.4560117721557617
paper,200,1500000.0,47,13,exclude,launch,0,0.0,prior,0.0,cyc,12600.0,43200.0,34349021.09118902,0,29471362.394039955,4877658.697149064,0,199,0.999992767127922,200,4.646836166414484,199.34179886077783,8274.674043622275,93.12680386954618,88.85383906456833,2.1547005383792515,400.00000000000006,0.0,0.0,0.8889368125943498,0.01934341848811666,0.11123886174187984,0.0005627462014631402,16776.89064853537,3479,0.531013011932373
paper,200,1500000.0,47,14,exclude,launch,0,0.0,prior,0.0,cyc_sector0,12600.0,43200.0,35002463.36181684,0,30147019.765587598,4855443.5962292375,0,186,0.9999337289566945,192,4.629302721230921,62.66842074725088,8307.276799279487,316.4245422056856,26.25357926212785,2.017163403383482,310.38641675480073,0.0,0.0,0.19688500910632417,0.0673283863048898,0.9848130841121495,0.08249721293199554,549.9699544180986,11984,1.46488356590271
paper,200,1500000.0,48,14,exclude,launch,0,0.0,prior,0.0,cyc_sector0,12600.0,43200.0,35423238.36716967,0,30387729.773539938,5035508.5936297355,0,187,0.9999473314141799,192,4.629302721230921,63.63072284343272,8307.276799279487,309.467093912981,26.843813002022788,2.0313214654978227,319.08718955897297,0.0,0.0,0.19574054972392452,0.06502118375163897,0.9372229833185591,0.07581627006087438,558.0829142173793,12409,1.4938783645629883
paper,200,1500000.0,47,14,exclude,launch,0,0.0,prior,0.0,cyc,12600.0,43200.0,35002463.36181684,0,30147019.765587598,4855443.5962292375,0,186,0.9999337289566945,192,4.629302721230921,62.66842074725088,8307.276799279487,316.4245422056856,26.25357926212785,2.017163403383482,310.38641675480073,0.0,0.0,0.19688500910632417,0.0673283863048898,0.9848130841121495,0.08249721293199554,549.9699544180986,11984,3.156491279602051
paper,200,1500000.0,48,14,exclude,launch,0,0.0,prior,0.0,cyc,12600.0,43200.0,35423238.36716967,0,30387729.773539938,5035508.5936297355,0,187,0.9999473314141799,192,4.629302721230921,63.63072284343272,8307.276799279487,309.467093912981,26.843813002022788,2.0313214654978227,319.08718955897297,0.0,0.0,0.19574054972392452,0.06502118375163897,0.9372229833185591,0.07581627006087438,558.0829142173793,12409,3.4519991874694824
paper,50,1500000.0,48,13,exclude,launch,0,0.0,prior,0.0,cyc_sector0,12600.0,43200.0,9093180.280413684,0,7849717.805825644,1243462.4745880384,0,50,1.0,50,4.616046259841628,1200000000000000.0,8332.091090158548,0.0,8332091090158.548,1.0000018257418584,1e-09,0.0,0.0,1.0,0.0,0.0,0.0,1619474062500003.0,3226,0.15950417518615723
paper,100,1500000.0,50,15,exclude,launch,0,0.0,prior,0.0,cluster_patrol,12600.0,43200.0,16054149.024262749,0,13760153.062313206,2293995.9619495426,0,100,1.0,100,4.910459184525673,1200000000000000.0,7812.5443731858395,0.0,7812544373185.839,1.0000018257418584,1e-09,0.0,0.0,1.0,0.0,0.0,0.0,3238586568000005.5,3360,0.16350626945495605
paper,100,1500000.0,49,15,exclude,launch,0,0.0,prior,0.0,cluster_patrol,12600.0,43200.0,16054839.483378883,0,13761657.410498915,2293182.0728799663,0,100,1.0,100,4.910459184525673,1200000000000000.0,7812.5443731858395,0.0,7812544373185.839,1.0000018257418584,1e-09,0.0,0.0,1.0,0.0,0.0,0.0,3239747485714291.5,3294,0.1645064353942871
paper,50,1500000.0,48,13,exclude,launch,0,0.0,prior,0.0,cyc,12600.0,43200.0,9093180.280413684,0,7849717.805825644,1243462.4745880384,0,50,1.0,50,4.616046259841628,1200000000000000.0,8332.091090158548,0.0,8332091090158.548,1.0000018257418584,1e-09,0.0,0.0,1.0,0.0,0.0,0.0,1619474062500003.0,3226,0.20450472831726074
paper,50,1500000.0,49,13,exclude,launch,0,0.0,prior,0.0,cyc_sector0,12600.0,43200.0,9113165.134861695,0,7850283.946168039,1262881.1886936552,0,50,1.0,50,4.616046259841628,1200000000000000.0,8332.091090158548,0.0,8332091090158.548,1.0000018257418584,1e-09,0.0,0.0,1.0,0.0,0.0,0.0,1619873742857145.8,3294,0.2055063247680664
paper,200,1500000.0,48,13,exclude,launch,0,0.0,prior,0.0,cyc_sector0,12600.0,43200.0,34541039.91414295,0,29628975.057082046,4912064.857060902,0,200,1.0,200,4.646836166414484,1200000000000000.0,8274.674043622275,0.0,8274674043622.274,1.0000018257418584,1e-09,0.0,0.0,1.0,0.0,0.0,0.0,6477896250000012.0,3226,0.19750761985778809
paper,100,1500000.0,50,13,exclude,launch,0,0.0,prior,0.0,cluster_patrol,12600.0,43200.0,16409205.269364439,0,14084101.205468036,2325104.063896403,0,99,0.9999911115981561,100,4.8468564258348,225.99704734396968,7919.438460522844,82.14295197076403,96.4104438727926,2.1547005383792515,400.0,0.0,0.0,0.8370186808997331,0.017063378776743646,0.16383032766065533,0.0022753128555176336,5024.86463847259,3937,0.2505044937133789
paper,200,1500000.0,48,13,exclude,launch,0,0.0,prior,0.0,cluster_patrol,12600.0,43200.0,34541039.91414295,0,29628975.057082046,4912064.857060902,0,200,1.0,200,4.646836166414484,1200000000000000.0,8274.674043622275,0.0,8274674043622.274,1.0000018257418584,1e-09,0.0,0.0,1.0,0.0,0.0,0.0,6477896250000012.0,3226,0.23850774765014648
paper,200,1500000.0,49,13,exclude,launch,0,0.0,prior,0.0,cluster_patrol,12600.0,43200.0,34496913.30468836,0,29631111.969325095,4865801.335363256,0,200,1.0,200,4.646836166414484,1200000000000000.0,8274.674043622275,0.0,8274674043622.274,1.0000018257418584,1e-09,0.0,0.0,1.0,0.0,0.0,0.0,6479494971428583.0,3294,0.2385087013244629
paper,200,1500000.0,49,13,exclude,launch,0,0.0,prior,0.0,cyc_sector0,12600.0,43200.0,34496913.30468836,0,29631111.969325095,4865801.335363256,0,200,1.0,200,4.646836166414484,1200000000000000.0,8274.674043622275,0.0,8274674043622.274,1.0000018257418584,1e-09,0.0,0.0,1.0,0.0,0.0,0.0,6479494971428583.0,3294,0.23050904273986816
paper,50,1500000.0,49,13,exclude,launch,0,0.0,prior,0.0,cyc,12600.0,43200.0,9113165.134861695,0,7850283.946168039,1262881.1886936552,0,50,1.0,50,4.616046259841628,1200000000000000.0,8332.091090158548,0.0,8332091090158.548,1.0000018257418584,1e-09,0.0,0.0,1.0,0.0,0.0,0.0,1619873742857145.8,3294,0.2765038013458252
paper,100,1500000.0,49,13,exclude,launch,0,0.0,prior,0.0,cluster_patrol,12600.0,43200.0,16435905.6456591,0,14084101.242463019,2351804.403196082,0,99,0.9999911908547557,100,4.8468564258348,222.20842526505118,7919.438460522844,83.5434776308184,94.79421595925326,2.1547005383792515,400.0,0.0,0.0,0.8342059336823735,0.01735420538698889,0.16662361146990443,0.0022753128555176336,5026.665792389298,3871,0.326505184173584
paper,100,1500000.0,49,13,exclude,launch,0,0.0,prior,0.0,cyc,12600.0,43200.0,16438552.273236994,0,14084101.19860666,2354451.0746303336,0,99,0.9999911795132583,100,4.8468564258348,221.97907838481643,7919.438460522844,83.62979403549045,94.6963764751355,2.1547005383792515,400.0,0.0,0.0,0.834399844871049,0.017372135603176016,0.1667957655564162,0.0022727272727272726,5021.787855577814,3873,0.4220089912414551
paper,100,1500000.0,50,13,exclude,launch,0,0.0,prior,0.0,cyc,12600.0,43200.0,16412688.24764968,0,14084101.192280633,2328587.0553690484,0,99,0.9999911626973798,100,4.8468564258348,225.7618357236747,7919.438460522844,82.22853320625904,96.3101024878799,2.1547005383792515,400.0,0.0,0.0,0.8372093023255814,0.01708115875179711,0.164001015486164,0.0022727272727272726,5021.270562869628,3939,0.4220089912414551
paper,200,1500000.0,49,14,exclude,launch,0,0.0,prior,0.0,cluster_patrol,12600.0,43200.0,35269652.02830815,0,30395204.73601784,4874447.2922903085,0,187,0.9997038835967363,193,4.629302721230921,181.77887662798761,8307.276799279487,109.58195905714432,75.80879983125183,2.008063840589897,304.857812011456,0.0,0.0,0.7612075198843095,0.032408406345912806,0.8183570224042399,0.07456872565386756,1910.7191235901407,4151,0.4370126724243164
paper,200,1500000.0,48,14,exclude,launch,0,0.0,prior,0.0,cluster_patrol,12600.0,43200.0,35311913.60577707,0,30392325.335249946,4919588.270527122,0,187,0.9998070444569849,192,4.629302721230921,109.50179911146695,8307.276799279487,181.67361291546337,45.72638076584651,2.0106981744606913,306.4532399574521,0.0,0.0,0.6654563459316719,0.04435163092491707,0.6591908531222516,0.07370184254606366,2163.2649326329356,4548,0.5050132274627686
paper,50,1500000.0,50,13,exclude,launch,0,0.0,prior,0.0,cluster_patrol,12600.0,43200.0,9080553.419139588,0,7849425.796596411,1231127.6225431769,0,50,1.0,50,4.616046259841628,1200000000000000.0,8332.091090158548,0.0,8332091090158.548,1.0000018257418584,1e-09,0.0,0.0,1.0,0.0,0.0,0.0,1619293284000002.8,3360,0.15634512901306152
paper,100,1500000.0,51,15,exclude,launch,0,0.0,prior,0.0,cyc_sector0,12600.0,43200.0,16006748.487309061,0,13761116.631739335,2245631.8555697263,0,100,1.0,100,4.910459184525673,1200000000000000.0,7812.5443731858395,0.0,7812544373185.839,1.0000018257418584,1e-09,0.0,0.0,1.0,0.0,0.0,0.0,3239361670588241.0,3428,0.17034292221069336
paper,100,1500000.0,50,15,exclude,launch,0,0.0,prior,0.0,cyc_sector0,12600.0,43200.0,16054149.024262749,0,13760153.062313206,2293995.9619495426,0,100,1.0,100,4.910459184525673,1200000000000000.0,7812.5443731858395,0.0,7812544373185.839,1.0000018257418584,1e-09,0.0,0.0,1.0,0.0,0.0,0.0,3238586568000005.5,3360,0.18134379386901855
paper,50,1500000.0,49,13,exclude,launch,0,0.0,prior,0.0,cluster_patrol,12600.0,43200.0,9113165.134861695,0,7850283.946168039,1262881.1886936552,0,50,1.0,50,4.616046259841628,1200000000000000.0,8332.091090158548,0.0,8332091090158.548,1.0000018257418584,1e-09,0.0,0.0,1.0,0.0,0.0,0.0,1619873742857145.8,3294,0.23934459686279297
paper,100,1500000.0,51,13,exclude,launch,0,0.0,prior,0.0,cyc_sector0,12600.0,43200.0,16406648.118344536,0,14084101.186202627,2322546.9321419103,0,99,0.9999911563556059,100,4.8468564258348,229.65922207280133,7919.438460522844,80.83309016707122,97.97272928888925,2.1547005383792515,400.0,0.0,0.0,0.8399550224887556,0.016791248330299043,0.161217868729723,0.0022727272727272726,5022.23678689121,4007,0.2508542537689209
paper,100,1500000.0,50,13,exclude,launch,0,0.0,prior,0.0,cyc_sector0,12600.0,43200.0,16412688.24764968,0,14084101.192280633,2328587.0553690484,0,99,0.9999911626973798,100,4.8468564258348,225.7618357236747,7919.438460522844,82.22853320625904,96.3101024878799,2.1547005383792515,400.0,0.0,0.0,0.8372093023255814,0.01708115875179711,0.164001015486164,0.0022727272727272726,5021.270562869628,3939,0.2808535099029541
paper,100,1500000.0,50,15,exclude,launch,0,0.0,prior,0.0,cyc,12600.0,43200.0,16054149.024262749,0,13760153.062313206,2293995.9619495426,0,100,1.0,100,4.910459184525673,1200000000000000.0,7812.5443731858395,0.0,7812544373185.839,1.0000018257418584,1e-09,0.0,0.0,1.0,0.0,0.0,0.0,3238586568000005.5,3360,0.29285430908203125
paper,100,1500000.0,51,15,exclude,launch,0,0.0,prior,0.0,cyc,12600.0,43200.0,16006748.487309061,0,13761116.631739335,2245631.8555697263,0,100,1.0,100,4.910459184525673,1200000000000000.0,7812.5443731858395,0.0,7812544373185.839,1.0000018257418584,1e-09,0.0,0.0,1.0,0.0,0.0,0.0,3239361670588241.0,3428,0.30936145782470703
paper,200,1500000.0,49,13,exclude,launch,0,0.0,prior,0.0,cyc,12600.0,43200.0,34496913.30468836,0,29631111.969325095,4865801.335363256,0,200,1.0,200,4.646836166414484,1200000000000000.0,8274.674043622275,0.0,8274674043622.274,1.0000018257418584,1e-09,0.0,0.0,1.0,0.0,0.0,0.0,6479494971428583.0,3294,0.4681417942047119
paper,200,1500000.0,50,13,exclude,launch,0,0.0,prior,0.0,cyc,12600.0,43200.0,34474771.655313894,0,29627872.86024088,4846898.795073014,0,200,1.0,200,4.646836166414484,1200000000000000.0,8274.674043622275,0.0,8274674043622.274,1.0000018257418584,1e-09,0.0,0.0,1.0,0.0,0.0,0.0,6477173136000011.0,3360,0.5011417865753174
paper,200,1500000.0,50,14,exclude,launch,0,0.0,prior,0.0,cyc_sector0,12600.0,43200.0,35478573.490899265,0,30519337.945148043,4959235.5457512215,0,188,0.9999530627248234,194,4.629302721230921,72.20236233209084,8307.276799279487,274.8547887195336,30.224238908045262,2.0156043001728565,309.4356283588792,0.0,0.0,0.2083606655137456,0.058578711369516714,0.8568372682617652,0.06763555058692007,599.8447921270407,12622,1.4494988918304443
paper,200,1500000.0,49,14,exclude,launch,0,0.0,prior,0.0,cyc_sector0,12600.0,43200.0,35385100.56864367,0,30387729.785773262,4997370.782870403,0,187,0.9999473334949329,193,4.629302721230921,63.97533572709007,8307.276799279487,307.8004048542322,26.989167877195086,2.0313194688462444,319.0859540463897,0.0,0.0,0.20006035003017503,0.06467097619351389,0.9321843687374749,0.07186629526462396,558.2869987285862,12475,1.4814980030059814
paper,200,1500000.0,50,14,exclude,launch,0,0.0,prior,0.0,cyc,12600.0,43200.0,35478573.490899265,0,30519337.945148043,4959235.5457512215,0,188,0.9999530627248234,194,4.629302721230921,72.20236233209084,8307.276799279487,274.8547887195336,30.224238908045262,2.0156043001728565,309.4356283588792,0.0,0.0,0.2083606655137456,0.058578711369516714,0.8568372682617652,0.06763555058692007,599.8447921270407,12622,2.7090647220611572
paper,200,1500000.0,49,14,exclude,launch,0,0.0,prior,0.0,cyc,12600.0,43200.0,35385100.56864367,0,30387729.785773262,4997370.782870403,0,187,0.9999473334949329,193,4.629302721230921,63.97533572709007,8307.276799279487,307.8004048542322,26.989167877195086,2.0313194688462444,319.0859540463897,0.0,0.0,0.20006035003017503,0.06467097619351389,0.9321843687374749,0.07186629526462396,558.2869987285862,12475,3.000800848007202
paper,50,1500000.0,50,13,exclude,launch,0,0.0,prior,0.0,cyc_sector0,12600.0,43200.0,9080553.419139588,0,7849425.796596411,1231127.6225431769,0,50,1.0,50,4.616046259841628,1200000000000000.0,8332.091090158548,0.0,8332091090158.548,1.0000018257418584,1e-09,0.0,0.0,1.0,0.0,0.0,0.0,1619293284000002.8,3360,0.15199708938598633
paper,100,1500000.0,51,15,exclude,launch,0,0.0,prior,0.0,cluster_patrol,12600.0,43200.0,16006748.487309061,0,13761116.631739335,2245631.8555697263,0,100,1.0,100,4.910459184525673,1200000000000000.0,7812.5443731858395,0.0,7812544373185.839,1.0000018257418584,1e-09,0.0,0.0,1.0,0.0,0.0,0.0,3239361670588241.0,3428,0.1699984073638916
paper,200,1500000.0,51,13,exclude,launch,0,0.0,prior,0.0,cluster_patrol,12600.0,43200.0,34552629.056078225,0,29629947.583706517,4922681.472371715,0,200,1.0,200,4.646836166414484,1200000000000000.0,8274.674043622275,0.0,8274674043622.274,1.0000018257418584,1e-09,0.0,0.0,1.0,0.0,0.0,0.0,6478723341176482.0,3428,0.1900005340576172
paper,200,1500000.0,50,13,exclude,launch,0,0.0,prior,0.0,cluster_patrol,12600.0,43200.0,34474771.655313894,0,29627872.86024088,4846898.795073014,0,200,1.0,200,4.646836166414484,1200000000000000.0,8274.674043622275,0.0,8274674043622.274,1.0000018257418584,1e-09,0.0,0.0,1.0,0.0,0.0,0.0,6477173136000011.0,3360,0.19100022315979004
paper,200,1500000.0,50,13,exclude,launch,0,0.0,prior,0.0,cyc_sector0,12600.0,43200.0,34474771.655313894,0,29627872.86024088,4846898.795073014,0,200,1.0,200,4.646836166414484,1200000000000000.0,8274.674043622275,0.0,8274674043622.274,1.0000018257418584,1e-09,0.0,0.0,1.0,0.0,0.0,0.0,6477173136000011.0,3360,0.1959989070892334
paper,50,1500000.0,51,13,exclude,launch,0,0.0,prior,0.0,cyc_sector0,12600.0,43200.0,9111825.189919721,0,7849975.461027913,1261849.7288918083,0,50,1.0,50,4.616046259841628,1200000000000000.0,8332.091090158548,0.0,8332091090158.548,1.0000018257418584,1e-09,0.0,0.0,1.0,0.0,0.0,0.0,1619680835294120.5,3428,0.21799755096435547
paper,100,1500000.0,52,15,exclude,launch,0,0.0,prior,0.0,cluster_patrol,12600.0,43200.0,16126321.747314895,0,13759680.542690841,2366641.2046240536,0,100,1.0,100,4.910459184525673,1200000000000000.0,7812.5443731858395,0.0,7812544373185.839,1.0000018257418584,1e-09,0.0,0.0,1.0,0.0,0.0,0.0,3239179892307698.0,3495,0.23299932479858398
paper,200,1500000.0,51,13,exclude,launch,0,0.0,prior,0.0,cyc_sector0,12600.0,43200.0,34552629.056078225,0,29629947.583706517,4922681.472371715,0,200,1.0,200,4.646836166414484,1200000000000000.0,8274.674043622275,0.0,8274674043622.274,1.0000018257418584,1e-09,0.0,0.0,1.0,0.0,0.0,0.0,6478723341176482.0,3428,0.23600053787231445
paper,50,1500000.0,50,13,exclude,launch,0,0.0,prior,0.0,cyc,12600.0,43200.0,9080553.419139588,0,7849425.796596411,1231127.6225431769,0,50,1.0,50,4.616046259841628,1200000000000000.0,8332.091090158548,0.0,8332091090158.548,1.0000018257418584,1e-09,0.0,0.0,1.0,0.0,0.0,0.0,1619293284000002.8,3360,0.279998779296875
paper,50,1500000.0,51,13,exclude,launch,0,0.0,prior,0.0,cyc,12600.0,43200.0,9111825.189919721,0,7849975.461027913,1261849.7288918083,0,50,1.0,50,4.616046259841628,1200000000000000.0,8332.091090158548,0.0,8332091090158.548,1.0000018257418584,1e-09,0.0,0.0,1.0,0.0,0.0,0.0,1619680835294120.5,3428,0.2799985408782959
paper,100,1500000.0,51,13,exclude,launch,0,0.0,prior,0.0,cluster_patrol,12600.0,43200.0,16403699.558201836,0,14084101.169923812,2319598.388278025,0,99,0.9999911253451335,100,4.8468564258348,229.90047615255236,7919.438460522844,80.74826514579226,98.07564838977251,2.1547005383792515,400.0,0.0,0.0,0.8397676161919041,0.016773669356621706,0.16104868913857678,0.0022753128555176336,5024.5996173588155,4005,0.3189983367919922
paper,100,1500000.0,52,13,exclude,launch,0,0.0,prior,0.0,cluster_patrol,12600.0,43200.0,16433716.646307243,0,14084101.160073876,2349615.4862333667,0,99,0.9999911476851688,100,4.8468564258348,233.74650159630286,7919.438460522844,79.41964683420875,99.71636460503211,2.1547005383792515,400.0,0.0,0.0,0.8423963133640553,0.016497642543294385,0.15839882121807466,0.00340522133938706,5024.344789364801,4072,0.33499860763549805
paper,100,1500000.0,52,13,exclude,launch,0,0.0,prior,0.0,cyc,12600.0,43200.0,16408770.173051164,0,14084101.180358417,2324668.992692747,0,99,0.9999911542662778,100,4.8468564258348,233.49929391679373,7919.438460522844,79.50372908675858,99.61090569576608,2.1547005383792515,400.0,0.0,0.0,0.8425806451612903,0.01651512284171334,0.15856651939126165,0.0022727272727272726,5023.165848450422,4074,0.34999847412109375
paper,100,1500000.0,51,13,exclude,launch,0,0.0,prior,0.0,cyc,12600.0,43200.0,16406648.118344536,0,14084101.186202627,2322546.9321419103,0,99,0.9999911563556059,100,4.8468564258348,229.65922207280133,7919.438460522844,80.83309016707122,97.97272928888925,2.1547005383792515,400.0,0.0,0.0,0.8399550224887556,0.016791248330299043,0.161217868729723,0.0022727272727272726,5022.23678689121,4007,0.41699790954589844
paper,200,1500000.0,51,14,exclude,launch,0,0.0,prior,0.0,cluster_patrol,12600.0,43200.0,35457155.86803419,0,30523425.10115449,4933730.766879701,0,188,0.9998249300327252,194,4.629302721230921,166.44233068019378,8307.276799279487,119.51090560449387,69.51061710444536,2.010891625439039,306.57056351483476,0.0,0.0,0.7698106591865358,0.031387895087613055,0.608177570093458,0.07602663706992231,2491.054889330763,4280,0.4530012607574463
paper,200,1500000.0,50,14,exclude,launch,0,0.0,prior,0.0,cluster_patrol,12600.0,43200.0,35233939.172269076,0,30395204.677804664,4838734.494464412,0,187,0.9997101023662449,194,4.629302721230921,184.84139526422908,8307.276799279487,107.76602827831772,77.0862296031271,2.0080701297242594,304.86161593268554,0.0,0.0,0.7650302383493419,0.03186569830475124,0.8041725936462779,0.0755879059350504,1913.7676203008093,4218,0.47899913787841797
paper,50,1500000.0,51,13,exclude,launch,0,0.0,prior,0.0,cluster_patrol,12600.0,43200.0,9111825.189919721,0,7849975.461027913,1261849.7288918083,0,50,1.0,50,4.616046259841628,1200000000000000.0,8332.091090158548,0.0,8332091090158.548,1.0000018257418584,1e-09,0.0,0.0,1.0,0.0,0.0,0.0,1619680835294120.5,3428,0.17499732971191406
paper,100,1500000.0,53,15,exclude,launch,0,0.0,prior,0.0,cyc_sector0,12600.0,43200.0,16040517.516436642,0,13760616.666471072,2279900.84996557,0,100,1.0,100,4.910459184525673,1200000000000000.0,7812.5443731858395,0.0,7812544373185.839,1.0000018257418584,1e-09,0.0,0.0,1.0,0.0,0.0,0.0,3239004973584911.5,3562,0.186997652053833
paper,50,1500000.0,52,13,exclude,launch,0,0.0,prior,0.0,cluster_patrol,12600.0,43200.0,9094372.95468832,0,7849156.249615583,1245216.7050727375,0,50,1.0,50,4.616046259841628,1200000000000000.0,8332.091090158548,0.0,8332091090158.548,1.0000018257418584,1e-09,0.0,0.0,1.0,0.0,0.0,0.0,1619589946153849.0,3495,0.21199798583984375
paper,100,1500000.0,52,15,exclude,launch,0,0.0,prior,0.0,cyc_sector0,12600.0,43200.0,16126321.747314895,0,13759680.542690841,2366641.2046240536,0,100,1.0,100,4.910459184525673,1200000000000000.0,7812.5443731858395,0.0,7812544373185.839,1.0000018257418584,1e-09,0.0,0.0,1.0,0.0,0.0,0.0,3239179892307698.0,3495,0.23199701309204102
paper,100,1500000.0,52,13,exclude,launch,0,0.0,prior,0.0,cyc_sector0,12600.0,43200.0,16408770.173051164,0,14084101.180358417,2324668.992692747,0,99,0.9999911542662778,100,4.8468564258348,233.49929391679373,7919.438460522844,79.50372908675858,99.61090569576608,2.1547005383792515,400.0,0.0,0.0,0.8425806451612903,0.01651512284171334,0.15856651939126165,0.0022727272727272726,5023.165848450422,4074,0.24599170684814453
paper,100,1500000.0,53,13,exclude,launch,0,0.0,prior,0.0,cyc_sector0,12600.0,43200.0,16418084.0941508,0,14084101.199104043,2333982.895046756,0,99,0.9999911687332202,100,4.8468564258348,237.33936576078614,7919.438460522844,78.21738524497815,101.24908210264293,2.1547005383792515,400.0,0.0,0.0,0.8451495920217589,0.01624791267860358,0.15600096595025356,0.0022727272727272726,5021.241850540708,4141,0.25999999046325684
paper,100,1500000.0,53,15,exclude,launch,0,0.0,prior,0.0,cyc,12600.0,43200.0,16040517.516436642,0,13760616.666471072,2279900.84996557,0,100,1.0,100,4.910459184525673,1200000000000000.0,7812.5443731858395,0.0,7812544373185.839,1.0000018257418584,1e-09,0.0,0.0,1.0,0.0,0.0,0.0,3239004973584911.5,3562,0.25999999046325684
paper,100,1500000.0,52,15,exclude,launch,0,0.0,prior,0.0,cyc,12600.0,43200.0,16126321.747314895,0,13759680.542690841,2366641.2046240536,0,100,1.0,100,4.910459184525673,1200000000000000.0,7812.5443731858395,0.0,7812544373185.839,1.0000018257418584,1e-09,0.0,0.0,1.0,0.0,0.0,0.0,3239179892307698.0,3495,0.2649972438812256
paper,200,1500000.0,51,13,exclude,launch,0,0.0,prior,0.0,cyc,12600.0,43200.0,34552629.056078225,0,29629947.583706517,4922681.472371715,0,200,1.0,200,4.646836166414484,1200000000000000.0,8274.674043622275,0.0,8274674043622.274,1.0000018257418584,1e-09,0.0,0.0,1.0,0.0,0.0,0.0,6478723341176482.0,3428,0.46599817276000977
paper,200,1500000.0,52,13,exclude,launch,0,0.0,prior,0.0,cyc,12600.0,43200.0,34504739.47672769,0,29626855.447772097,4877884.028955587,0,200,1.0,200,4.646836166414484,1200000000000000.0,8274.674043622275,0.0,8274674043622.274,1.0000018257418584,1e-09,0.0,0.0,1.0,0.0,0.0,0.0,6478359784615396.0,3495,0.504997730255127
paper,200,1500000.0,52,14,exclude,launch,0,0.0,prior,0.0,cyc_sector0,12600.0,43200.0,35644518.848346226,0,30519407.943349656,5125110.904996569,0,188,0.9999511423896859,194,4.629302721230921,77.56189257345429,8307.276799279487,256.52133822825147,32.384349998547535,2.0104260212509493,306.2882233263071,0.0,0.0,0.23436331921255918,0.05566006494846065,0.8774428618747929,0.07700892857142858,612.3442865330095,12076,1.402740240097046
paper,200,1500000.0,51,14,exclude,launch,0,0.0,prior,0.0,cyc_sector0,12600.0,43200.0,35562362.191510886,0,30519337.976588216,5043024.21492267,0,188,0.9999533061830549,194,4.629302721230921,72.58542361641163,8307.276799279487,273.4040409917858,30.38461600327653,2.0156060176651946,309.4366749353266,0.0,0.0,0.21256153253069213,0.05826798415753793,0.852269145918689,0.06862202545655784,600.1528918039,12692,1.4477410316467285
paper,200,1500000.0,52,14,exclude,launch,0,0.0,prior,0.0,cyc,12600.0,43200.0,35644518.848346226,0,30519407.943349656,5125110.904996569,0,188,0.9999511423896859,194,4.629302721230921,77.56189257345429,8307.276799279487,256.52133822825147,32.384349998547535,2.0104260212509493,306.2882233263071,0.0,0.0,0.23436331921255918,0.05566006494846065,0.8774428618747929,0.07700892857142858,612.3442865330095,12076,2.9881274700164795
paper,200,1500000.0,51,14,exclude,launch,0,0.0,prior,0.0,cyc,12600.0,43200.0,35562362.191510886,0,30519337.976588216,5043024.21492267,0,188,0.9999533061830549,194,4.629302721230921,72.58542361641163,8307.276799279487,273.4040409917858,30.38461600327653,2.0156060176651946,309.4366749353266,0.0,0.0,0.21256153253069213,0.05826798415753793,0.852269145918689,0.06862202545655784,600.1528918039,12692,3.11812686920166
paper,50,1500000.0,53,13,exclude,launch,0,0.0,prior,0.0,cyc_sector0,12600.0,43200.0,9065977.948734455,0,7849690.257785177,1216287.690949278,0,50,1.0,50,4.616046259841628,1200000000000000.0,8332.091090158548,0.0,8332091090158.548,1.0000018257418584,1e-09,0.0,0.0,1.0,0.0,0.0,0.0,1619502486792455.8,3562,0.17950820922851562
paper,100,1500000.0,53,15,exclude,launch,0,0.0,prior,0.0,cluster_patrol,12600.0,43200.0,16040517.516436642,0,13760616.666471072,2279900.84996557,0,100,1.0,100,4.910459184525673,1200000000000000.0,7812.5443731858395,0.0,7812544373185.839,1.0000018257418584,1e-09,0.0,0.0,1.0,0.0,0.0,0.0,3239004973584911.5,3562,0.17450904846191406
paper,50,1500000.0,52,13,exclude,launch,0,0.0,prior,0.0,cyc_sector0,12600.0,43200.0,9094372.95468832,0,7849156.249615583,1245216.7050727375,0,50,1.0,50,4.616046259841628,1200000000000000.0,8332.091090158548,0.0,8332091090158.548,1.0000018257418584,1e-09,0.0,0.0,1.0,0.0,0.0,0.0,1619589946153849.0,3495,0.20850729942321777
paper,50,1500000.0,53,13,exclude,launch,0,0.0,prior,0.0,cyc,12600.0,43200.0,9065977.948734455,0,7849690.257785177,1216287.690949278,0,50,1.0,50,4.616046259841628,1200000000000000.0,8332.091090158548,0.0,8332091090158.548,1.0000018257418584,1e-09,0.0,0.0,1.0,0.0,0.0,0.0,1619502486792455.8,3562,0.22350740432739258
paper,200,1500000.0,53,13,exclude,launch,0,0.0,prior,0.0,cluster_patrol,12600.0,43200.0,34529981.60749707,0,29628871.076247998,4901110.531249073,0,200,1.0,200,4.646836166414484,1200000000000000.0,8274.674043622275,0.0,8274674043622.274,1.0000018257418584,1e-09,0.0,0.0,1.0,0.0,0.0,0.0,6478009947169823.0,3562,0.20250749588012695
paper,200,1500000.0,52,13,exclude,launch,0,0.0,prior,0.0,cluster_patrol,12600.0,43200.0,34504739.47672769,0,29626855.447772097,4877884.028955587,0,200,1.0,200,4.646836166414484,1200000000000000.0,8274.674043622275,0.0,8274674043622.274,1.0000018257418584,1e-09,0.0,0.0,1.0,0.0,0.0,0.0,6478359784615396.0,3495,0.21050786972045898
paper,200,1500000.0,52,13,exclude,launch,0,0.0,prior,0.0,cyc_sector0,12600.0,43200.0,34504739.47672769,0,29626855.447772097,4877884.028955587,0,200,1.0,200,4.646836166414484,1200000000000000.0,8274.674043622275,0.0,8274674043622.274,1.0000018257418584,1e-09,0.0,0.0,1.0,0.0,0.0,0.0,6478359784615396.0,3495,0.20850849151611328
paper,50,1500000.0,52,13,exclude,launch,0,0.0,prior,0.0,cyc,12600.0,43200.0,9094372.95468832,0,7849156.249615583,1245216.7050727375,0,50,1.0,50,4.616046259841628,1200000000000000.0,8332.091090158548,0.0,8332091090158.548,1.0000018257418584,1e-09,0.0,0.0,1.0,0.0,0.0,0.0,1619589946153849.0,3495,0.2835073471069336
paper,200,1500000.0,53,13,exclude,launch,0,0.0,prior,0.0,cyc_sector0,12600.0,43200.0,34529981.60749707,0,29628871.076247998,4901110.531249073,0,200,1.0,200,4.646836166414484,1200000000000000.0,8274.674043622275,0.0,8274674043622.274,1.0000018257418584,1e-09,0.0,0.0,1.0,0.0,0.0,0.0,6478009947169823.0,3562,0.25650668144226074
paper,100,1500000.0,54,15,exclude,launch,0,0.0,prior,0.0,cluster_patrol,12600.0,43200.0,16149519.673077438,0,13761518.119000226,2388001.5540772136,0,100,1.0,100,4.910459184525673,1200000000000000.0,7812.5443731858395,0.0,7812544373185.839,1.0000018257418584,1e-09,0.0,0.0,1.0,0.0,0.0,0.0,3239729266666673.0,3630,0.2745075225830078
paper,100,1500000.0,54,13,exclude,launch,0,0.0,prior,0.0,cluster_patrol,12600.0,43200.0,16417682.794424832,0,14084101.187671524,2333581.606753308,0,99,0.9999911622410347,100,4.8468564258348,241.17943760477863,7919.438460522844,76.9720038734445,102.8872585095198,2.1547005383792515,400.0,0.0,0.0,0.8473064573671066,0.01598923102077579,0.1535171102661597,0.003401360544217687,5022.476958171296,4208,0.3335080146789551
paper,100,1500000.0,53,13,exclude,launch,0,0.0,prior,0.0,cluster_patrol,12600.0,43200.0,16412320.454313997,0,14084101.174133062,2328219.2801809353,0,99,0.9999911524521442,100,4.8468564258348,237.59252704005337,7919.438460522844,78.13404250033777,101.35708082029173,2.1547005383792515,400.00000000000006,0.0,0.0,0.8449682683590208,0.016230605769579912,0.15583474269147138,0.0022753128555176336,5022.689380066482,4139,0.35350894927978516
paper,100,1500000.0,54,13,exclude,launch,0,0.0,prior,0.0,cyc,12600.0,43200.0,16417682.794424832,0,14084101.187671524,2333581.606753308,0,99,0.9999911622410347,100,4.8468564258348,241.17943760477863,7919.438460522844,76.9720038734445,102.8872585095198,2.1547005383792515,400.0,0.0,0.0,0.8473064573671066,0.01598923102077579,0.1535171102661597,0.003401360544217687,5022.476958171296,4208,0.416506290435791
paper,100,1500000.0,53,13,exclude,launch,0,0.0,prior,0.0,cyc,12600.0,43200.0,16412320.454313997,0,14084101.174133062,2328219.2801809353,0,99,0.9999911524521442,100,4.8468564258348,237.59252704005337,7919.438460522844,78.13404250033777,101.35708082029173,2.1547005383792515,400.00000000000006,0.0,0.0,0.8449682683590208,0.016230605769579912,0.15583474269147138,0.0022753128555176336,5022.689380066482,4139,0.4475071430206299
paper,200,1500000.0,53,14,exclude,launch,0,0.0,prior,0.0,cluster_patrol,12600.0,43200.0,35587274.305472866,0,30523424.992397755,5063849.3130751075,0,188,0.9998301141678374,195,4.629302721230921,171.586320147931,8307.276799279487,115.92848941234328,71.65863060400565,2.0108846270514995,306.5663187627148,0.0,0.0,0.7766825288919103,0.0304577909982388,0.5907134767836919,0.06952169076751946,2488.62807423948,4415,0.4325070381164551
paper,200,1500000.0,52,14,exclude,launch,0,0.0,prior,0.0,cluster_patrol,12600.0,43200.0,35504883.81765331,0,30523425.070341457,4981458.747311853,0,188,0.9998290638785592,194,4.629302721230921,169.04785210600005,8307.276799279487,117.66889256665144,70.59875059650093,2.010891637815596,306.5705710216493,0.0,0.0,0.7733471431037459,0.030904752621559867,0.5988037727168162,0.07683741648106904,2491.3109821012504,4347,0.4965062141418457
paper,50,1500000.0,54,13,exclude,launch,0,0.0,prior,0.0,cluster_patrol,12600.0,43200.0,9063732.215229025,0,7850204.487874371,1213527.7273546548,0,50,1.0,50,4.616046259841628,1200000000000000.0,8332.091090158548,0.0,8332091090158.548,1.0000018257418584,1e-09,0.0,0.0,1.0,0.0,0.0,0.0,1619864633333336.5,3630,0.17470884323120117
paper,100,1500000.0,55,15,exclude,launch,0,0.0,prior,0.0,cyc_sector0,12600.0,43200.0,16071843.957500968,0,13760153.062313199,2311690.895187771,0,100,1.0,100,4.910459184525673,1200000000000000.0,7812.5443731858395,0.0,7812544373185.839,1.0000018257418584,1e-09,0.0,0.0,1.0,0.0,0.0,0.0,3238674218181824.0,3696,0.18170952796936035
paper,50,1500000.0,53,13,exclude,launch,0,0.0,prior,0.0,cluster_patrol,12600.0,43200.0,9065977.948734455,0,7849690.257785177,1216287.690949278,0,50,1.0,50,4.616046259841628,1200000000000000.0,8332.091090158548,0.0,8332091090158.548,1.0000018257418584,1e-09,0.0,0.0,1.0,0.0,0.0,0.0,1619502486792455.8,3562,0.23570871353149414
paper,100,1500000.0,54,13,exclude,launch,0,0.0,prior,0.0,cyc_sector0,12600.0,43200.0,16415516.7264728,0,14084101.193237357,2331415.5332354424,0,99,0.9999911643570579,100,4.8468564258348,241.2367521099128,7919.438460522844,76.95371639331302,102.91170890365228,2.1547005383792515,400.0,0.0,0.0,0.847636039250669,0.015985423596676294,0.1534806367308149,0.003401360544217687,5022.154927159775,4209,0.25571155548095703
paper,100,1500000.0,55,13,exclude,launch,0,0.0,prior,0.0,cyc_sector0,12600.0,43200.0,16419620.793850929,0,14084101.187583983,2335519.6062669456,0,99,0.9999911640686064,100,4.8468564258348,245.01950944877103,7919.438460522844,75.76565901741625,104.52543491639666,2.1547005383792515,400.0,0.0,0.0,0.8500175623463295,0.015738607918229928,0.1511111111111111,0.0022727272727272726,5021.677987032659,4275,0.26570940017700195
paper,100,1500000.0,54,15,exclude,launch,0,0.0,prior,0.0,cyc_sector0,12600.0,43200.0,16149519.673077438,0,13761518.119000226,2388001.5540772136,0,100,1.0,100,4.910459184525673,1200000000000000.0,7812.5443731858395,0.0,7812544373185.839,1.0000018257418584,1e-09,0.0,0.0,1.0,0.0,0.0,0.0,3239729266666673.0,3630,0.26170897483825684
paper,100,1500000.0,54,15,exclude,launch,0,0.0,prior,0.0,cyc,12600.0,43200.0,16149519.673077438,0,13761518.119000226,2388001.5540772136,0,100,1.0,100,4.910459184525673,1200000000000000.0,7812.5443731858395,0.0,7812544373185.839,1.0000018257418584,1e-09,0.0,0.0,1.0,0.0,0.0,0.0,3239729266666673.0,3630,0.27470827102661133
paper,100,1500000.0,55,15,exclude,launch,0,0.0,prior,0.0,cyc,12600.0,43200.0,16071843.957500968,0,13760153.062313199,2311690.895187771,0,100,1.0,100,4.910459184525673,1200000000000000.0,7812.5443731858395,0.0,7812544373185.839,1.0000018257418584,1e-09,0.0,0.0,1.0,0.0,0.0,0.0,3238674218181824.0,3696,0.2887096405029297
paper,200,1500000.0,54,13,exclude,launch,0,0.0,prior,0.0,cyc,12600.0,43200.0,34519659.39771972,0,29630812.051817212,4888847.345902503,0,200,1.0,200,4.646836166414484,1200000000000000.0,8274.674043622275,0.0,8274674043622.274,1.0000018257418584,1e-09,0.0,0.0,1.0,0.0,0.0,0.0,6479458533333346.0,3630,0.5272138118743896
paper,200,1500000.0,53,13,exclude,launch,0,0.0,prior,0.0,cyc,12600.0,43200.0,34529981.60749707,0,29628871.076247998,4901110.531249073,0,200,1.0,200,4.646836166414484,1200000000000000.0,8274.674043622275,0.0,8274674043622.274,1.0000018257418584,1e-09,0.0,0.0,1.0,0.0,0.0,0.0,6478009947169823.0,3562,0.5312135219573975
paper,200,1500000.0,53,14,exclude,launch,0,0.0,prior,0.0,cyc_sector0,12600.0,43200.0,35511836.6893733,0,30519337.960781764,4992498.728591532,0,188,0.9999530243467932,195,4.629302721230921,73.35177813631016,8307.276799279487,270.54764449304105,30.705411665460517,2.0156057474645896,309.43651028493224,0.0,0.0,0.22083333333333333,0.05765916836988163,0.8433650397629815,0.06536312849162011,600.1212038964671,12826,1.45872163772583
paper,200,1500000.0,54,14,exclude,launch,0,0.0,prior,0.0,cyc_sector0,12600.0,43200.0,35466565.943335325,0,30519337.914811302,4947228.028524019,0,188,0.9999530547550711,195,4.629302721230921,73.742789214729,8307.276799279487,269.1132374511836,30.869075330366847,2.01560473686653,309.4358944637201,0.0,0.0,0.22492702860478692,0.057353606988579046,0.8389048320794229,0.06633221850613155,600.3033605681511,12893,1.5034384727478027
paper,200,1500000.0,53,14,exclude,launch,0,0.0,prior,0.0,cyc,12600.0,43200.0,35511836.6893733,0,30519337.960781764,4992498.728591532,0,188,0.9999530243467932,195,4.629302721230921,73.35177813631016,8307.276799279487,270.54764449304105,30.705411665460517,2.0156057474645896,309.43651028493224,0.0,0.0,0.22083333333333333,0.05765916836988163,0.8433650397629815,0.06536312849162011,600.1212038964671,12826,2.9698498249053955
paper,200,1500000.0,54,14,exclude,launch,0,0.0,prior,0.0,cyc,12600.0,43200.0,35466565.943335325,0,30519337.914811302,4947228.028524019,0,188,0.9999530547550711,195,4.629302721230921,73.742789214729,8307.276799279487,269.1132374511836,30.869075330366847,2.01560473686653,309.4358944637201,0.0,0.0,0.22492702860478692,0.057353606988579046,0.8389048320794229,0.06633221850613155,600.3033605681511,12893,3.000847339630127
paper,50,1500000.0,54,13,exclude,launch,0,0.0,prior,0.0,cyc_sector0,12600.0,43200.0,9063732.215229025,0,7850204.487874371,1213527.7273546548,0,50,1.0,50,4.616046259841628,1200000000000000.0,8332.091090158548,0.0,8332091090158.548,1.0000018257418584,1e-09,0.0,0.0,1.0,0.0,0.0,0.0,1619864633333336.5,3630,0.1765117645263672
paper,50,1500000.0,54,13,exclude,launch,0,0.0,prior,0.0,cyc,12600.0,43200.0,9063732.215229025,0,7850204.487874371,1213527.7273546548,0,50,1.0,50,4.616046259841628,1200000000000000.0,8332.091090158548,0.0,8332091090158.548,1.0000018257418584,1e-09,0.0,0.0,1.0,0.0,0.0,0.0,1619864633333336.5,3630,0.20151352882385254
paper,100,1500000.0,56,15,exclude,launch,0,0.0,prior,0.0,cluster_patrol,12600.0,43200.0,16014141.496868081,0,13761030.598754868,2253110.8981132144,0,100,1.0,100,4.910459184525673,1200000000000000.0,7812.5443731858395,0.0,7812544373185.839,1.0000018257418584,1e-09,0.0,0.0,1.0,0.0,0.0,0.0,3239378550000006.0,3764,0.18651723861694336
paper,100,1500000.0,55,15,exclude,launch,0,0.0,prior,0.0,cluster_patrol,12600.0,43200.0,16071843.957500968,0,13760153.062313199,2311690.895187771,0,100,1.0,100,4.910459184525673,1200000000000000.0,7812.5443731858395,0.0,7812544373185.839,1.0000018257418584,1e-09,0.0,0.0,1.0,0.0,0.0,0.0,3238674218181824.0,3696,0.21551227569580078
paper,50,1500000.0,55,13,exclude,launch,0,0.0,prior,0.0,cyc_sector0,12600.0,43200.0,9107584.305946084,0,7849425.79659643,1258158.5093496528,0,50,1.0,50,4.616046259841628,1200000000000000.0,8332.091090158548,0.0,8332091090158.548,1.0000018257418584,1e-09,0.0,0.0,1.0,0.0,0.0,0.0,1619337109090912.0,3696,0.26251220703125
paper,50,1500000.0,55,13,exclude,launch,0,0.0,prior,0.0,cyc,12600.0,43200.0,9107584.305946084,0,7849425.79659643,1258158.5093496528,0,50,1.0,50,4.616046259841628,1200000000000000.0,8332.091090158548,0.0,8332091090158.548,1.0000018257418584,1e-09,0.0,0.0,1.0,0.0,0.0,0.0,1619337109090912.0,3696,0.2775123119354248
paper,200,1500000.0,55,13,exclude,launch,0,0.0,prior,0.0,cyc_sector0,12600.0,43200.0,34528457.22205575,0,29627872.860240914,4900584.361814831,0,200,1.0,200,4.646836166414484,1200000000000000.0,8274.674043622275,0.0,8274674043622.274,1.0000018257418584,1e-09,0.0,0.0,1.0,0.0,0.0,0.0,6477348436363648.0,3696,0.25051140785217285
paper,100,1500000.0,56,13,exclude,launch,0,0.0,prior,0.0,cluster_patrol,12600.0,43200.0,16444514.690040847,0,14084101.21329803,2360413.476742816,0,99,0.9999911757741222,100,4.8468564258348,248.8595812927635,7919.438460522844,74.5965435972949,106.16361132327353,2.1547005383792515,400.0,0.0,0.0,0.8520311149524633,0.015495760393607018,0.1487793643482266,0.003367003367003367,5020.747459714288,4342,0.29551219940185547
paper,100,1500000.0,55,13,exclude,launch,0,0.0,prior,0.0,cluster_patrol,12600.0,43200.0,16489175.879462866,0,14084101.200717747,2405074.6787451194,0,99,0.9999911889426314,100,4.8468564258348,244.96219494363683,7919.438460522844,75.78338612528181,104.50098452226418,2.1547005383792515,400.0,0.0,0.0,0.849692712906058,0.015742333327370173,0.15114646700982687,0.003374578177727784,5020.918079249529,4274,0.3225114345550537
paper,200,1500000.0,55,13,exclude,launch,0,0.0,prior,0.0,cluster_patrol,12600.0,43200.0,34528457.22205575,0,29627872.860240914,4900584.361814831,0,200,1.0,200,4.646836166414484,1200000000000000.0,8274.674043622275,0.0,8274674043622.274,1.0000018257418584,1e-09,0.0,0.0,1.0,0.0,0.0,0.0,6477348436363648.0,3696,0.3225107192993164
paper,200,1500000.0,54,13,exclude,launch,0,0.0,prior,0.0,cyc_sector0,12600.0,43200.0,34519659.39771972,0,29630812.051817212,4888847.345902503,0,200,1.0,200,4.646836166414484,1200000000000000.0,8274.674043622275,0.0,8274674043622.274,1.0000018257418584,1e-09,0.0,0.0,1.0,0.0,0.0,0.0,6479458533333346.0,3630,0.316511869430542
paper,200,1500000.0,54,13,exclude,launch,0,0.0,prior,0.0,cluster_patrol,12600.0,43200.0,34519659.39771972,0,29630812.051817212,4888847.345902503,0,200,1.0,200,4.646836166414484,1200000000000000.0,8274.674043622275,0.0,8274674043622.274,1.0000018257418584,1e-09,0.0,0.0,1.0,0.0,0.0,0.0,6479458533333346.0,3630,0.33051156997680664
paper,100,1500000.0,55,13,exclude,launch,0,0.0,prior,0.0,cyc,12600.0,43200.0,16419620.793850929,0,14084101.187583983,2335519.6062669456,0,99,0.9999911640686064,100,4.8468564258348,245.01950944877103,7919.438460522844,75.76565901741625,104.52543491639666,2.1547005383792515,400.0,0.0,0.0,0.8500175623463295,0.015738607918229928,0.1511111111111111,0.0022727272727272726,5021.677987032659,4275,0.4105110168457031
paper,100,1500000.0,56,13,exclude,launch,0,0.0,prior,0.0,cyc,12600.0,43200.0,16406129.391210543,0,14084101.18213254,2322028.209078003,0,99,0.9999911538514055,100,4.8468564258348,248.9168957978977,7919.438460522844,74.57936732660706,106.18806171740603,2.1547005383792515,400.0,0.0,0.0,0.8523513139695712,0.015492197657169478,0.14874510706884642,0.0022727272727272726,5022.550665620832,4343,0.4505124092102051
paper,200,1500000.0,54,14,exclude,launch,0,0.0,prior,0.0,cluster_patrol,12600.0,43200.0,35632904.835532084,0,30524065.22455991,5108839.610972174,0,188,0.9998108181149071,195,4.629302721230921,169.36293440571447,8307.276799279487,117.34864534154305,70.79141625453937,2.012628142338025,307.62472639648774,0.0,0.0,0.7727649693149776,0.02974246963761041,0.5457559681697612,0.06917542888765911,2628.979006746958,4524,0.46151161193847656
paper,200,1500000.0,55,14,exclude,launch,0,0.0,prior,0.0,cluster_patrol,12600.0,43200.0,35500813.31049797,0,30524063.831177607,4976749.479320367,0,188,0.9998109838122947,196,4.629302721230921,171.96094020324674,8307.276799279487,115.57572905383745,71.87734714967529,2.012628131280259,307.6247196780449,0.0,0.0,0.7761072070599772,0.02929543535942843,0.5380091483336964,0.06763555058692007,2627.1437733799085,4591,0.500511884689331
paper,50,1500000.0,55,13,exclude,launch,0,0.0,prior,0.0,cluster_patrol,12600.0,43200.0,9107584.305946084,0,7849425.79659643,1258158.5093496528,0,50,1.0,50,4.616046259841628,1200000000000000.0,8332.091090158548,0.0,8332091090158.548,1.0000018257418584,1e-09,0.0,0.0,1.0,0.0,0.0,0.0,1619337109090912.0,3696,0.17751145362854004
paper,50,1500000.0,56,13,exclude,launch,0,0.0,prior,0.0,cluster_patrol,12600.0,43200.0,9118238.765769746,0,7849926.383846533,1268312.3819232134,0,50,1.0,50,4.616046259841628,1200000000000000.0,8332.091090158548,0.0,8332091090158.548,1.0000018257418584,1e-09,0.0,0.0,1.0,0.0,0.0,0.0,1619689275000003.0,3764,0.18551111221313477
paper,100,1500000.0,56,15,exclude,launch,0,0.0,prior,0.0,cyc_sector0,12600.0,43200.0,16014141.496868081,0,13761030.598754868,2253110.8981132144,0,100,1.0,100,4.910459184525673,1200000000000000.0,7812.5443731858395,0.0,7812544373185.839,1.0000018257418584,1e-09,0.0,0.0,1.0,0.0,0.0,0.0,3239378550000006.0,3764,0.18251252174377441
paper,100,1500000.0,57,15,exclude,launch,0,0.0,prior,0.0,cyc_sector0,12600.0,43200.0,16065495.55310966,0,13759721.991780473,2305773.5613291874,0,100,1.0,100,4.910459184525673,1200000000000000.0,7812.5443731858395,0.0,7812544373185.839,1.0000018257418584,1e-09,0.0,0.0,1.0,0.0,0.0,0.0,3239212421052637.5,3831,0.18351221084594727
paper,100,1500000.0,56,15,exclude,launch,0,0.0,prior,0.0,cyc,12600.0,43200.0,16014141.496868081,0,13761030.598754868,2253110.8981132144,0,100,1.0,100,4.910459184525673,1200000000000000.0,7812.5443731858395,0.0,7812544373185.839,1.0000018257418584,1e-09,0.0,0.0,1.0,0.0,0.0,0.0,3239378550000006.0,3764,0.26351261138916016
paper,100,1500000.0,57,15,exclude,launch,0,0.0,prior,0.0,cyc,12600.0,43200.0,16065495.55310966,0,13759721.991780473,2305773.5613291874,0,100,1.0,100,4.910459184525673,1200000000000000.0,7812.5443731858395,0.0,7812544373185.839,1.0000018257418584,1e-09,0.0,0.0,1.0,0.0,0.0,0.0,3239212421052637.5,3831,0.2695126533508301
paper,100,1500000.0,56,13,exclude,launch,0,0.0,prior,0.0,cyc_sector0,12600.0,43200.0,16406129.391210543,0,14084101.18213254,2322028.209078003,0,99,0.9999911538514055,100,4.8468564258348,248.9168957978977,7919.438460522844,74.57936732660706,106.18806171740603,2.1547005383792515,400.0,0.0,0.0,0.8523513139695712,0.015492197657169478,0.14874510706884642,0.0022727272727272726,5022.550665620832,4343,0.339510440826416
paper,100,1500000.0,57,13,exclude,launch,0,0.0,prior,0.0,cyc_sector0,12600.0,43200.0,16415065.188154964,0,14084101.199531544,2330963.98862342,0,99,0.9999911672606456,100,4.8468564258348,252.7569676418901,7919.438460522844,73.44630210871983,107.82623812428288,2.1547005383792515,400.0,0.0,0.0,0.8545887961859356,0.015256857560718378,0.14648526077097507,0.003401360544217687,5022.081684242175,4410,0.33851170539855957
paper,200,1500000.0,55,13,exclude,launch,0,0.0,prior,0.0,cyc,12600.0,43200.0,34528457.22205575,0,29627872.860240914,4900584.361814831,0,200,1.0,200,4.646836166414484,1200000000000000.0,8274.674043622275,0.0,8274674043622.274,1.0000018257418584,1e-09,0.0,0.0,1.0,0.0,0.0,0.0,6477348436363648.0,3696,0.46151113510131836
paper,200,1500000.0,56,13,exclude,launch,0,0.0,prior,0.0,cyc,12600.0,43200.0,34481332.61901154,0,29629762.340539873,4851570.27847167,0,200,1.0,200,4.646836166414484,1200000000000000.0,8274.674043622275,0.0,8274674043622.274,1.0000018257418584,1e-09,0.0,0.0,1.0,0.0,0.0,0.0,6478757100000012.0,3764,0.5265119075775146
paper,200,1500000.0,55,14,exclude,launch,0,0.0,prior,0.0,cyc_sector0,12600.0,43200.0,35461877.73558403,0,30519337.933370087,4942539.802213945,0,188,0.999953146205713,196,4.629302721230921,74.11812598945787,8307.276799279487,267.7503154527581,31.02620732764449,2.0156056641505,309.4364595163733,0.0,0.0,0.22893315523549568,0.05706239853230548,0.834645061728395,0.07546115148127445,600.0724987032272,12960,1.4792227745056152
paper,200,1500000.0,56,14,exclude,launch,0,0.0,prior,0.0,cyc_sector0,12600.0,43200.0,35500259.18826057,0,30519337.94906817,4980921.239192403,0,188,0.9999530573556603,196,4.629302721230921,74.50699673677387,8307.276799279487,266.3527854058754,31.188999156215466,2.0156062229072584,309.4368000023844,0.0,0.0,0.23294239990756255,0.05676590240368454,0.8302886091495241,0.07032115171650055,600.2088292335742,13028,1.5242221355438232
paper,200,1500000.0,56,14,exclude,launch,0,0.0,prior,0.0,cyc,12600.0,43200.0,35500259.18826057,0,30519337.94906817,4980921.239192403,0,188,0.9999530573556603,196,4.629302721230921,74.50699673677387,8307.276799279487,266.3527854058754,31.188999156215466,2.0156062229072584,309.4368000023844,0.0,0.0,0.23294239990756255,0.05676590240368454,0.8302886091495241,0.07032115171650055,600.2088292335742,13028,2.480973720550537
paper,200,1500000.0,55,14,exclude,launch,0,0.0,prior,0.0,cyc,12600.0,43200.0,35461877.73558403,0,30519337.933370087,4942539.802213945,0,188,0.999953146205713,196,4.629302721230921,74.11812598945787,8307.276799279487,267.7503154527581,31.02620732764449,2.0156056641505,309.4364595163733,0.0,0.0,0.22893315523549568,0.05706239853230548,0.834645061728395,0.07546115148127445,600.0724987032272,12960,2.860973834991455
paper,50,1500000.0,56,13,exclude,launch,0,0.0,prior,0.0,cyc_sector0,12600.0,43200.0,9118238.765769746,0,7849926.383846533,1268312.3819232134,0,50,1.0,50,4.616046259841628,1200000000000000.0,8332.091090158548,0.0,8332091090158.548,1.0000018257418584,1e-09,0.0,0.0,1.0,0.0,0.0,0.0,1619689275000003.0,3764,0.19771027565002441
paper,50,1500000.0,57,13,exclude,launch,0,0.0,prior,0.0,cyc_sector0,12600.0,43200.0,9074095.719132813,0,7849179.894087596,1224915.8250452175,0,50,1.0,50,4.616046259841628,1200000000000000.0,8332.091090158548,0.0,8332091090158.548,1.0000018257418584,1e-09,0.0,0.0,1.0,0.0,0.0,0.0,1619606210526318.8,3831,0.20371007919311523
paper,200,1500000.0,56,13,exclude,launch,0,0.0,prior,0.0,cyc_sector0,12600.0,43200.0,34481332.61901154,0,29629762.340539873,4851570.27847167,0,200,1.0,200,4.646836166414484,1200000000000000.0,8274.674043622275,0.0,8274674043622.274,1.0000018257418584,1e-09,0.0,0.0,1.0,0.0,0.0,0.0,6478757100000012.0,3764,0.2497110366821289
paper,50,1500000.0,57,13,exclude,launch,0,0.0,prior,0.0,cyc,12600.0,43200.0,9074095.719132813,0,7849179.894087596,1224915.8250452175,0,50,1.0,50,4.616046259841628,1200000000000000.0,8332.091090158548,0.0,8332091090158.548,1.0000018257418584,1e-09,0.0,0.0,1.0,0.0,0.0,0.0,1619606210526318.8,3831,0.28270959854125977
paper,100,1500000.0,58,15,exclude,launch,0,0.0,prior,0.0,cluster_patrol,12600.0,43200.0,16148129.901947903,0,13760576.700595343,2387553.2013525595,0,100,1.0,100,4.910459184525673,1200000000000000.0,7812.5443731858395,0.0,7812544373185.839,1.0000018257418584,1e-09,0.0,0.0,1.0,0.0,0.0,0.0,3239052020689661.0,3898,0.2607095241546631
paper,100,1500000.0,57,15,exclude,launch,0,0.0,prior,0.0,cluster_patrol,12600.0,43200.0,16065495.55310966,0,13759721.991780473,2305773.5613291874,0,100,1.0,100,4.910459184525673,1200000000000000.0,7812.5443731858395,0.0,7812544373185.839,1.0000018257418584,1e-09,0.0,0.0,1.0,0.0,0.0,0.0,3239212421052637.5,3831,0.2717118263244629
paper,50,1500000.0,56,13,exclude,launch,0,0.0,prior,0.0,cyc,12600.0,43200.0,9118238.765769746,0,7849926.383846533,1268312.3819232134,0,50,1.0,50,4.616046259841628,1200000000000000.0,8332.091090158548,0.0,8332091090158.548,1.0000018257418584,1e-09,0.0,0.0,1.0,0.0,0.0,0.0,1619689275000003.0,3764,0.3147091865539551
paper,100,1500000.0,57,13,exclude,launch,0,0.0,prior,0.0,cluster_patrol,12600.0,43200.0,16422791.61488126,0,14084101.22543679,2338690.38944447,0,99,0.9999911331030352,100,4.8468564258348,253.0340321798878,7919.438460522844,73.36588065083893,107.94443398305049,2.1547005383792515,400.0,0.0,0.0,0.8542730677562138,0.015240109629609899,0.14632486388384755,0.003401360544217687,5028.366676173326,4408,0.307711124420166
paper,200,1500000.0,56,13,exclude,launch,0,0.0,prior,0.0,cluster_patrol,12600.0,43200.0,34481332.61901154,0,29629762.340539873,4851570.27847167,0,200,1.0,200,4.646836166414484,1200000000000000.0,8274.674043622275,0.0,8274674043622.274,1.0000018257418584,1e-09,0.0,0.0,1.0,0.0,0.0,0.0,6478757100000012.0,3764,0.30670881271362305
paper,200,1500000.0,57,13,exclude,launch,0,0.0,prior,0.0,cyc_sector0,12600.0,43200.0,34475754.93601324,0,29626944.694479957,4848810.2415332785,0,200,1.0,200,4.646836166414484,1200000000000000.0,8274.674043622275,0.0,8274674043622.274,1.0000018257418584,1e-09,0.0,0.0,1.0,0.0,0.0,0.0,6478424842105275.0,3831,0.3102231025695801
paper,200,1500000.0,57,13,exclude,launch,0,0.0,prior,0.0,cluster_patrol,12600.0,43200.0,34475754.93601324,0,29626944.694479957,4848810.2415332785,0,200,1.0,200,4.646836166414484,1200000000000000.0,8274.674043622275,0.0,8274674043622.274,1.0000018257418584,1e-09,0.0,0.0,1.0,0.0,0.0,0.0,6478424842105275.0,3831,0.32321977615356445
paper,100,1500000.0,58,13,exclude,launch,0,0.0,prior,0.0,cluster_patrol,12600.0,43200.0,16389233.45524659,0,14084101.237157099,2305132.2180894907,0,99,0.9999911400636005,100,4.8468564258348,256.8800576236383,7919.438460522844,72.26744176735151,109.5851501983101,2.1547005383792515,400.0,0.0,0.0,0.8564721663313213,0.015012102048711284,0.1441340782122905,0.003401360544217687,5026.918845132334,4475,0.3502202033996582
paper,100,1500000.0,57,13,exclude,launch,0,0.0,prior,0.0,cyc,12600.0,43200.0,16415065.188154964,0,14084101.199531544,2330963.98862342,0,99,0.9999911672606456,100,4.8468564258348,252.7569676418901,7919.438460522844,73.44630210871983,107.82623812428288,2.1547005383792515,400.0,0.0,0.0,0.8545887961859356,0.015256857560718378,0.14648526077097507,0.003401360544217687,5022.081684242175,4410,0.38422060012817383
paper,100,1500000.0,58,13,exclude,launch,0,0.0,prior,0.0,cyc,12600.0,43200.0,16416745.491615767,0,14084101.194062145,2332644.2975536194,0,99,0.999991165733071,100,4.8468564258348,256.59703948588253,7919.438460522844,72.3471503907649,109.46441453115975,2.1547005383792515,400.0,0.0,0.0,0.8567834982391414,0.015028655471949608,0.14429305338396248,0.0022727272727272726,5021.630676240905,4477,0.436220645904541
paper,200,1500000.0,56,14,exclude,launch,0,0.0,prior,0.0,cluster_patrol,12600.0,43200.0,35741842.48050537,0,30763717.852272082,4978124.628233287,0,189,0.9998624451069957,196,4.629302721230921,176.2692519190456,8307.276799279487,112.84242334801716,73.6183835192818,2.010995161464919,306.63336495164356,0.0,0.0,0.7763516765602438,0.028745079269362178,0.5422279238828309,0.07138873396542109,2558.8493682825588,4677,0.4582211971282959
paper,200,1500000.0,57,14,exclude,launch,0,0.0,prior,0.0,cluster_patrol,12600.0,43200.0,35774140.946189575,0,30765781.130786117,5008359.815403457,0,189,0.9998672298754783,196,4.629302721230921,178.79690451602355,8307.276799279487,111.24738951262302,74.67390323201137,2.0109911849018642,306.6309527847828,0.0,0.0,0.7795001581777918,0.02834161104021953,0.5345699831365935,0.06707317073170732,2558.8314725441514,4744,0.5437278747558594
paper,50,1500000.0,57,13,exclude,launch,0,0.0,prior,0.0,cluster_patrol,12600.0,43200.0,9074095.719132813,0,7849179.894087596,1224915.8250452175,0,50,1.0,50,4.616046259841628,1200000000000000.0,8332.091090158548,0.0,8332091090158.548,1.0000018257418584,1e-09,0.0,0.0,1.0,0.0,0.0,0.0,1619606210526318.8,3831,0.17548179626464844
paper,100,1500000.0,59,15,exclude,launch,0,0.0,prior,0.0,cyc_sector0,12600.0,43200.0,15989089.153756386,0,13761402.436230129,2227686.717526257,0,100,1.0,100,4.910459184525673,1200000000000000.0,7812.5443731858395,0.0,7812544373185.839,1.0000018257418584,1e-09,0.0,0.0,1.0,0.0,0.0,0.0,3239714135593226.5,3966,0.19199657440185547
paper,100,1500000.0,58,15,exclude,launch,0,0.0,prior,0.0,cyc_sector0,12600.0,43200.0,16148129.901947903,0,13760576.700595343,2387553.2013525595,0,100,1.0,100,4.910459184525673,1200000000000000.0,7812.5443731858395,0.0,7812544373185.839,1.0000018257418584,1e-09,0.0,0.0,1.0,0.0,0.0,0.0,3239052020689661.0,3898,0.19299745559692383
paper,50,1500000.0,58,13,exclude,launch,0,0.0,prior,0.0,cluster_patrol,12600.0,43200.0,9074667.813977167,0,7849667.459406813,1225000.3545703546,0,50,1.0,50,4.616046259841628,1200000000000000.0,8332.091090158548,0.0,8332091090158.548,1.0000018257418584,1e-09,0.0,0.0,1.0,0.0,0.0,0.0,1619526010344830.5,3898,0.2234814167022705
paper,100,1500000.0,58,13,exclude,launch,0,0.0,prior,0.0,cyc_sector0,12600.0,43200.0,16416745.491615767,0,14084101.194062145,2332644.2975536194,0,99,0.999991165733071,100,4.8468564258348,256.59703948588253,7919.438460522844,72.3471503907649,109.46441453115975,2.1547005383792515,400.0,0.0,0.0,0.8567834982391414,0.015028655471949608,0.14429305338396248,0.0022727272727272726,5021.630676240905,4477,0.2709941864013672
paper,100,1500000.0,58,15,exclude,launch,0,0.0,prior,0.0,cyc,12600.0,43200.0,16148129.901947903,0,13760576.700595343,2387553.2013525595,0,100,1.0,100,4.910459184525673,1200000000000000.0,7812.5443731858395,0.0,7812544373185.839,1.0000018257418584,1e-09,0.0,0.0,1.0,0.0,0.0,0.0,3239052020689661.0,3898,0.2819943428039551
paper,100,1500000.0,59,13,exclude,launch,0,0.0,prior,0.0,cyc_sector0,12600.0,43200.0,16427853.296560729,0,14084101.188778045,2343752.1077826847,0,99,0.9999911684018469,100,4.8468564258348,260.49442583500917,7919.438460522844,71.26472877875786,111.12704133216909,2.1547005383792515,400.0,0.0,0.0,0.8589129357343466,0.014803659331199004,0.14213421342134214,0.003401360544217687,5022.4597832193695,4545,0.30399489402770996
paper,100,1500000.0,59,15,exclude,launch,0,0.0,prior,0.0,cyc,12600.0,43200.0,15989089.153756386,0,13761402.436230129,2227686.717526257,0,100,1.0,100,4.910459184525673,1200000000000000.0,7812.5443731858395,0.0,7812544373185.839,1.0000018257418584,1e-09,0.0,0.0,1.0,0.0,0.0,0.0,3239714135593226.5,3966,0.3395094871520996
paper,200,1500000.0,57,13,exclude,launch,0,0.0,prior,0.0,cyc,12600.0,43200.0,34475754.93601324,0,29626944.694479957,4848810.2415332785,0,200,1.0,200,4.646836166414484,1200000000000000.0,8274.674043622275,0.0,8274674043622.274,1.0000018257418584,1e-09,0.0,0.0,1.0,0.0,0.0,0.0,6478424842105275.0,3831,0.45871901512145996
paper,200,1500000.0,58,13,exclude,launch,0,0.0,prior,0.0,cyc,12600.0,43200.0,34585288.39841213,0,29628785.02314384,4956503.3752682945,0,200,1.0,200,4.646836166414484,1200000000000000.0,8274.674043622275,0.0,8274674043622.274,1.0000018257418584,1e-09,0.0,0.0,1.0,0.0,0.0,0.0,6478104041379322.0,3898,0.4877204895019531
paper,200,1500000.0,57,14,exclude,launch,0,0.0,prior,0.0,cyc_sector0,12600.0,43200.0,35732864.16137852,0,30762623.191782974,4970240.969595548,0,189,0.9999600541550322,196,4.629302721230921,86.19233646827853,8307.276799279487,230.95887294351974,35.96864105459592,2.0093550661940265,305.63929489546416,0.0,0.0,0.26917057902973396,0.05035071906321353,0.843248190365255,0.06904231625835189,640.5773226035286,12019,1.3542249202728271
paper,200,1500000.0,58,14,exclude,launch,0,0.0,prior,0.0,cyc_sector0,12600.0,43200.0,35805528.56504697,0,30890572.34426792,4914956.220779055,0,190,0.9999674090779122,197,4.629302721230921,80.43587776675368,8307.276799279487,230.79333651759086,35.99443954763535,2.1547005383792515,400.0,0.0,0.0,0.23091377644153335,0.04798295180755765,0.7698237099421883,0.06923506420993858,601.8878098493824,14011,1.543731689453125
paper,200,1500000.0,58,14,exclude,launch,0,0.0,prior,0.0,cyc,12600.0,43200.0,35857841.02831635,0,30890802.417781625,4967038.610534725,0,190,0.9999482544417417,197,4.629302721230921,122.14364760444592,8307.276799279487,163.4266162170245,50.83184729375863,2.0038551146184,302.3175273436561,0.0,0.0,0.5987379361544172,0.044273407551789205,0.9291714709273596,0.0645879732739421,1150.252651842704,6071,2.061939001083374
paper,200,1500000.0,57,14,exclude,launch,0,0.0,prior,0.0,cyc,12600.0,43200.0,35732864.16137852,0,30762623.191782974,4970240.969595548,0,189,0.9999600541550322,196,4.629302721230921,86.19233646827853,8307.276799279487,230.95887294351974,35.96864105459592,2.0093550661940265,305.63929489546416,0.0,0.0,0.26917057902973396,0.05035071906321353,0.843248190365255,0.06904231625835189,640.5773226035286,12019,2.445446014404297
paper,50,1500000.0,58,13,exclude,launch,0,0.0,prior,0.0,cyc_sector0,12600.0,43200.0,9074667.813977167,0,7849667.459406813,1225000.3545703546,0,50,1.0,50,4.616046259841628,1200000000000000.0,8332.091090158548,0.0,8332091090158.548,1.0000018257418584,1e-09,0.0,0.0,1.0,0.0,0.0,0.0,1619526010344830.5,3898,0.18171024322509766
paper,50,1500000.0,59,13,exclude,launch,0,0.0,prior,0.0,cyc_sector0,12600.0,43200.0,9098566.884816648,0,7850138.497088105,1248428.3877285433,0,50,1.0,50,4.616046259841628,1200000000000000.0,8332.091090158548,0.0,8332091090158.548,1.0000018257418584,1e-09,0.0,0.0,1.0,0.0,0.0,0.0,1619857067796613.2,3966,0.18571019172668457
paper,50,1500000.0,58,13,exclude,launch,0,0.0,prior,0.0,cyc,12600.0,43200.0,9074667.813977167,0,7849667.459406813,1225000.3545703546,0,50,1.0,50,4.616046259841628,1200000000000000.0,8332.091090158548,0.0,8332091090158.548,1.0000018257418584,1e-09,0.0,0.0,1.0,0.0,0.0,0.0,1619526010344830.5,3898,0.21570968627929688
paper,50,1500000.0,59,13,exclude,launch,0,0.0,prior,0.0,cyc,12600.0,43200.0,9098566.884816648,0,7850138.497088105,1248428.3877285433,0,50,1.0,50,4.616046259841628,1200000000000000.0,8332.091090158548,0.0,8332091090158.548,1.0000018257418584,1e-09,0.0,0.0,1.0,0.0,0.0,0.0,1619857067796613.2,3966,0.22371125221252441
paper,100,1500000.0,60,15,exclude,launch,0,0.0,prior,0.0,cluster_patrol,12600.0,43200.0,16010205.591086356,0,13760153.062313212,2250052.5287731453,0,100,1.0,100,4.910459184525673,1200000000000000.0,7812.5443731858395,0.0,7812544373185.839,1.0000018257418584,1e-09,0.0,0.0,1.0,0.0,0.0,0.0,3238747260000005.5,4032,0.2432231903076172
paper,200,1500000.0,59,13,exclude,launch,0,0.0,prior,0.0,cyc_sector0,12600.0,43200.0,34584982.50794307,0,29630562.967785392,4954419.540157678,0,200,1.0,200,4.646836166414484,1200000000000000.0,8274.674043622275,0.0,8274674043622.274,1.0000018257418584,1e-09,0.0,0.0,1.0,0.0,0.0,0.0,6479428271186453.0,3966,0.23922133445739746
paper,100,1500000.0,59,15,exclude,launch,0,0.0,prior,0.0,cluster_patrol,12600.0,43200.0,15989089.153756386,0,13761402.436230129,2227686.717526257,0,100,1.0,100,4.910459184525673,1200000000000000.0,7812.5443731858395,0.0,7812544373185.839,1.0000018257418584,1e-09,0.0,0.0,1.0,0.0,0.0,0.0,3239714135593226.5,3966,0.2752201557159424
paper,100,1500000.0,59,13,exclude,launch,0,0.0,prior,0.0,cluster_patrol,12600.0,43200.0,16421985.068487832,0,14084101.243176606,2337883.8253112263,0,99,0.9999911537809187,100,4.8468564258348,260.78348643222097,7919.438460522844,71.18573671778518,111.25035471529,2.1547005383792515,400.00000000000006,0.0,0.0,0.8586058804096465,0.01478723480863679,0.14197666740039622,0.003401360544217687,5026.786880654025,4543,0.301954984664917
paper,200,1500000.0,58,13,exclude,launch,0,0.0,prior,0.0,cluster_patrol,12600.0,43200.0,34585288.39841213,0,29628785.02314384,4956503.3752682945,0,200,1.0,200,4.646836166414484,1200000000000000.0,8274.674043622275,0.0,8274674043622.274,1.0000018257418584,1e-09,0.0,0.0,1.0,0.0,0.0,0.0,6478104041379322.0,3898,0.29895710945129395
paper,200,1500000.0,58,13,exclude,launch,0,0.0,prior,0.0,cyc_sector0,12600.0,43200.0,34585288.39841213,0,29628785.02314384,4956503.3752682945,0,200,1.0,200,4.646836166414484,1200000000000000.0,8274.674043622275,0.0,8274674043622.274,1.0000018257418584,1e-09,0.0,0.0,1.0,0.0,0.0,0.0,6478104041379322.0,3898,0.30295777320861816
paper,200,1500000.0,59,13,exclude,launch,0,0.0,prior,0.0,cluster_patrol,12600.0,43200.0,34584982.50794307,0,29630562.967785392,4954419.540157678,0,200,1.0,200,4.646836166414484,1200000000000000.0,8274.674043622275,0.0,8274674043622.274,1.0000018257418584,1e-09,0.0,0.0,1.0,0.0,0.0,0.0,6479428271186453.0,3966,0.3169574737548828
paper,100,1500000.0,60,13,exclude,launch,0,0.0,prior,0.0,cluster_patrol,12600.0,43200.0,16430465.350032954,0,14084101.21757269,2346364.132460263,0,99,0.9999911902782619,100,4.8468564258348,264.5721085111395,7919.438460522844,70.16637055953525,112.86658262882935,2.1547005383792515,400.0,0.0,0.0,0.8606544033859678,0.01457547829571414,0.13994358863093947,0.0022753128555176336,5025.413640573055,4609,0.3594624996185303
paper,100,1500000.0,59,13,exclude,launch,0,0.0,prior,0.0,cyc,12600.0,43200.0,16427853.296560729,0,14084101.188778045,2343752.1077826847,0,99,0.9999911684018469,100,4.8468564258348,260.49442583500917,7919.438460522844,71.26472877875786,111.12704133216909,2.1547005383792515,400.0,0.0,0.0,0.8589129357343466,0.014803659331199004,0.14213421342134214,0.003401360544217687,5022.4597832193695,4545,0.3734622001647949
paper,100,1500000.0,60,13,exclude,launch,0,0.0,prior,0.0,cyc,12600.0,43200.0,16431044.826707747,0,14084101.183670117,2346943.643037629,0,99,0.9999911681192329,100,4.8468564258348,264.2771831738674,7919.438460522844,70.24467410528182,112.74076734491346,2.1547005383792515,400.0,0.0,0.0,0.8609573428850538,0.014591804696998091,0.1400997614400347,0.0022727272727272726,5022.017507168519,4611,0.4704623222351074
paper,200,1500000.0,58,14,exclude,launch,0,0.0,prior,0.0,cluster_patrol,12600.0,43200.0,35934571.82629,0,30893054.267721392,5041517.558568605,0,190,0.9998938867493816,197,4.629302721230921,193.83385628622537,8307.276799279487,102.77841002777538,80.82706082955053,2.007837033818287,304.720646020693,0.0,0.0,0.7760593875657285,0.027698365807911508,0.5528756957328386,0.06395995550611791,2418.591376630318,4851,0.5229675769805908
paper,200,1500000.0,59,14,exclude,launch,0,0.0,prior,0.0,cluster_patrol,12600.0,43200.0,35976552.00487347,0,30993618.95421822,4982933.05065525,0,191,0.9999111639487384,197,4.629302721230921,202.73739282052713,8307.276799279487,98.303159527059,84.50671208581878,2.007052152198863,304.2462111745086,0.0,0.0,0.7658170914542729,0.026868150602927045,0.6263736263736264,0.05434173669467787,2069.3243608411267,5005,0.5429701805114746
paper,100,1500000.0,60,15,exclude,launch,0,0.0,prior,0.0,cyc_sector0,12600.0,43200.0,16010205.591086356,0,13760153.062313212,2250052.5287731453,0,100,1.0,100,4.910459184525673,1200000000000000.0,7812.5443731858395,0.0,7812544373185.839,1.0000018257418584,1e-09,0.0,0.0,1.0,0.0,0.0,0.0,3238747260000005.5,4032,0.19300031661987305
paper,100,1500000.0,61,15,exclude,launch,0,0.0,prior,0.0,cyc_sector0,12600.0,43200.0,16033541.552121533,0,13760958.669538371,2272582.8825831623,0,100,1.0,100,4.910459184525673,1200000000000000.0,7812.5443731858395,0.0,7812544373185.839,1.0000018257418584,1e-09,0.0,0.0,1.0,0.0,0.0,0.0,3239392662295088.0,4100,0.23450422286987305
paper,50,1500000.0,60,13,exclude,launch,0,0.0,prior,0.0,cluster_patrol,12600.0,43200.0,9068411.425948944,0,7849425.796596425,1218985.62935252,0,50,1.0,50,4.616046259841628,1200000000000000.0,8332.091090158548,0.0,8332091090158.548,1.0000018257418584,1e-09,0.0,0.0,1.0,0.0,0.0,0.0,1619373630000002.8,4032,0.28821325302124023
paper,50,1500000.0,59,13,exclude,launch,0,0.0,prior,0.0,cluster_patrol,12600.0,43200.0,9098566.884816648,0,7850138.497088105,1248428.3877285433,0,50,1.0,50,4.616046259841628,1200000000000000.0,8332.091090158548,0.0,8332091090158.548,1.0000018257418584,1e-09,0.0,0.0,1.0,0.0,0.0,0.0,1619857067796613.2,3966,0.2932126522064209
paper,100,1500000.0,61,15,exclude,launch,0,0.0,prior,0.0,cyc,12600.0,43200.0,16033541.552121533,0,13760958.669538371,2272582.8825831623,0,100,1.0,100,4.910459184525673,1200000000000000.0,7812.5443731858395,0.0,7812544373185.839,1.0000018257418584,1e-09,0.0,0.0,1.0,0.0,0.0,0.0,3239392662295088.0,4100,0.28721189498901367
paper,100,1500000.0,60,13,exclude,launch,0,0.0,prior,0.0,cyc_sector0,12600.0,43200.0,16431044.826707747,0,14084101.183670117,2346943.643037629,0,99,0.9999911681192329,100,4.8468564258348,264.2771831738674,7919.438460522844,70.24467410528182,112.74076734491346,2.1547005383792515,400.0,0.0,0.0,0.8609573428850538,0.014591804696998091,0.1400997614400347,0.0022727272727272726,5022.017507168519,4611,0.3042120933532715
paper,100,1500000.0,60,15,exclude,launch,0,0.0,prior,0.0,cyc,12600.0,43200.0,16010205.591086356,0,13760153.062313212,2250052.5287731453,0,100,1.0,100,4.910459184525673,1200000000000000.0,7812.5443731858395,0.0,7812544373185.839,1.0000018257418584,1e-09,0.0,0.0,1.0,0.0,0.0,0.0,3238747260000005.5,4032,0.30521273612976074
paper,100,1500000.0,61,13,exclude,launch,0,0.0,prior,0.0,cyc_sector0,12600.0,43200.0,16412375.901183555,0,14084101.199903049,2328274.7012805054,0,99,0.9999911659803197,100,4.8468564258348,268.17456952299415,7919.438460522844,69.22380686032366,114.40339414592282,2.1547005383792515,400.0,0.0,0.0,0.8629653401797176,0.014379712938783758,0.13806368882239795,0.003386004514672686,5021.588018969648,4679,0.31821179389953613
paper,200,1500000.0,60,13,exclude,launch,0,0.0,prior,0.0,cyc,12600.0,43200.0,34565249.877129026,0,29627872.860240918,4937377.016888107,0,200,1.0,200,4.646836166414484,1200000000000000.0,8274.674043622275,0.0,8274674043622.274,1.0000018257418584,1e-09,0.0,0.0,1.0,0.0,0.0,0.0,6477494520000011.0,4032,0.48471760749816895
paper,200,1500000.0,59,13,exclude,launch,0,0.0,prior,0.0,cyc,12600.0,43200.0,34584982.50794307,0,29630562.967785392,4954419.540157678,0,200,1.0,200,4.646836166414484,1200000000000000.0,8274.674043622275,0.0,8274674043622.274,1.0000018257418584,1e-09,0.0,0.0,1.0,0.0,0.0,0.0,6479428271186453.0,3966,0.49371767044067383
paper,200,1500000.0,60,14,exclude,launch,0,0.0,prior,0.0,cyc_sector0,12600.0,43200.0,35965770.18741014,0,30991548.801549777,4974221.385860358,0,191,0.999971388028192,197,4.629302721230921,87.6058909479857,8307.276799279487,211.9042955288502,39.20296555832901,2.1547005383792515,400.0,0.0,0.0,0.25035608633724116,0.0440618741361492,0.7504005826656955,0.05078125,629.73081893144,13730,1.454329490661621
paper,200,1500000.0,59,14,exclude,launch,0,0.0,prior,0.0,cyc_sector0,12600.0,43200.0,36017451.45416261,0,30991548.78665032,5025902.667512295,0,191,0.9999711246322064,197,4.629302721230921,87.18939118838281,8307.276799279487,212.91655271913032,39.016585104297,2.1547005383792515,400.0,0.0,0.0,0.24668318194329755,0.04427275555141684,0.7540071726560784,0.06503613118399111,629.8968583991283,13663,1.5223314762115479
paper,200,1500000.0,60,14,exclude,launch,0,0.0,prior,0.0,cyc,12600.0,43200.0,35965770.18741014,0,30991548.801549777,4974221.385860358,0,191,0.999971388028192,197,4.629302721230921,87.6058909479857,8307.276799279487,211.9042955288502,39.20296555832901,2.1547005383792515,400.0,0.0,0.0,0.25035608633724116,0.0440618741361492,0.7504005826656955,0.05078125,629.73081893144,13730,2.816249370574951
paper,200,1500000.0,59,14,exclude,launch,0,0.0,prior,0.0,cyc,12600.0,43200.0,36017451.45416261,0,30991548.78665032,5025902.667512295,0,191,0.9999711246322064,197,4.629302721230921,87.18939118838281,8307.276799279487,212.91655271913032,39.016585104297,2.1547005383792515,400.0,0.0,0.0,0.24668318194329755,0.04427275555141684,0.7540071726560784,0.06503613118399111,629.8968583991283,13663,2.8372514247894287
paper,50,1500000.0,61,13,exclude,launch,0,0.0,prior,0.0,cyc_sector0,12600.0,43200.0,9075618.002502846,0,7849885.352104726,1225732.6503981191,0,50,1.0,50,4.616046259841628,1200000000000000.0,8332.091090158548,0.0,8332091090158.548,1.0000018257418584,1e-09,0.0,0.0,1.0,0.0,0.0,0.0,1619696331147544.0,4100,0.2114429473876953
paper,50,1500000.0,60,13,exclude,launch,0,0.0,prior,0.0,cyc_sector0,12600.0,43200.0,9068411.425948944,0,7849425.796596425,1218985.62935252,0,50,1.0,50,4.616046259841628,1200000000000000.0,8332.091090158548,0.0,8332091090158.548,1.0000018257418584,1e-09,0.0,0.0,1.0,0.0,0.0,0.0,1619373630000002.8,4032,0.22644281387329102
paper,50,1500000.0,61,13,exclude,launch,0,0.0,prior,0.0,cyc,12600.0,43200.0,9075618.002502846,0,7849885.352104726,1225732.6503981191,0,50,1.0,50,4.616046259841628,1200000000000000.0,8332.091090158548,0.0,8332091090158.548,1.0000018257418584,1e-09,0.0,0.0,1.0,0.0,0.0,0.0,1619696331147544.0,4100,0.23944449424743652
paper,200,1500000.0,60,13,exclude,launch,0,0.0,prior,0.0,cluster_patrol,12600.0,43200.0,34565249.877129026,0,29627872.860240918,4937377.016888107,0,200,1.0,200,4.646836166414484,1200000000000000.0,8274.674043622275,0.0,8274674043622.274,1.0000018257418584,1e-09,0.0,0.0,1.0,0.0,0.0,0.0,6477494520000011.0,4032,0.23744463920593262
paper,50,1500000.0,60,13,exclude,launch,0,0.0,prior,0.0,cyc,12600.0,43200.0,9068411.425948944,0,7849425.796596425,1218985.62935252,0,50,1.0,50,4.616046259841628,1200000000000000.0,8332.091090158548,0.0,8332091090158.548,1.0000018257418584,1e-09,0.0,0.0,1.0,0.0,0.0,0.0,1619373630000002.8,4032,0.3079519271850586
paper,200,1500000.0,60,13,exclude,launch,0,0.0,prior,0.0,cyc_sector0,12600.0,43200.0,34565249.877129026,0,29627872.860240918,4937377.016888107,0,200,1.0,200,4.646836166414484,1200000000000000.0,8274.674043622275,0.0,8274674043622.274,1.0000018257418584,1e-09,0.0,0.0,1.0,0.0,0.0,0.0,6477494520000011.0,4032,0.30495357513427734
paper,200,1500000.0,61,13,exclude,launch,0,0.0,prior,0.0,cyc_sector0,12600.0,43200.0,34492006.980288506,0,29629607.4651056,4862399.515182905,0,200,1.0,200,4.646836166414484,1200000000000000.0,8274.674043622275,0.0,8274674043622.274,1.0000018257418584,1e-09,0.0,0.0,1.0,0.0,0.0,0.0,6478785324590176.0,4100,0.309952974319458
paper,100,1500000.0,62,15,exclude,launch,0,0.0,prior,0.0,cluster_patrol,12600.0,43200.0,16136795.941894818,0,13759756.755533108,2377039.186361709,0,100,1.0,100,4.910459184525673,1200000000000000.0,7812.5443731858395,0.0,7812544373185.839,1.0000018257418584,1e-09,0.0,0.0,1.0,0.0,0.0,0.0,3239239703225812.0,4167,0.31995391845703125
paper,200,1500000.0,61,13,exclude,launch,0,0.0,prior,0.0,cluster_patrol,12600.0,43200.0,34492006.980288506,0,29629607.4651056,4862399.515182905,0,200,1.0,200,4.646836166414484,1200000000000000.0,8274.674043622275,0.0,8274674043622.274,1.0000018257418584,1e-09,0.0,0.0,1.0,0.0,0.0,0.0,6478785324590176.0,4100,0.3409538269042969
paper,100,1500000.0,61,15,exclude,launch,0,0.0,prior,0.0,cluster_patrol,12600.0,43200.0,16033541.552121533,0,13760958.669538371,2272582.8825831623,0,100,1.0,100,4.910459184525673,1200000000000000.0,7812.5443731858395,0.0,7812544373185.839,1.0000018257418584,1e-09,0.0,0.0,1.0,0.0,0.0,0.0,3239392662295088.0,4100,0.34595561027526855
paper,100,1500000.0,62,13,exclude,launch,0,0.0,prior,0.0,cluster_patrol,12600.0,43200.0,16419118.593470903,0,14084101.168842709,2335017.424628193,0,99,0.9999911220544531,100,4.8468564258348,272.3215627634727,7919.438460522844,68.16964627084697,116.17250336106885,2.1547005383792515,400.0,0.0,0.0,0.8645998101866498,0.01416074026734466,0.13596121416526138,0.003389830508474576,5025.2110373581845,4744,0.3549501895904541
paper,100,1500000.0,61,13,exclude,launch,0,0.0,prior,0.0,cluster_patrol,12600.0,43200.0,16396695.332189115,0,14084101.192808216,2312594.1393808974,0,99,0.9999910940665403,100,4.8468564258348,268.47553731972215,7919.438460522844,69.14620524030319,114.53178714580923,2.1547005383792515,400.0,0.0,0.0,0.862666452751484,0.014363574475380822,0.1379089159717768,0.003386004514672686,5025.310678283531,4677,0.3639512062072754
paper,100,1500000.0,61,13,exclude,launch,0,0.0,prior,0.0,cyc,12600.0,43200.0,16412375.901183555,0,14084101.199903049,2328274.7012805054,0,99,0.9999911659803197,100,4.8468564258348,268.17456952299415,7919.438460522844,69.22380686032366,114.40339414592282,2.1547005383792515,400.0,0.0,0.0,0.8629653401797176,0.014379712938783758,0.13806368882239795,0.003386004514672686,5021.588018969648,4679,0.3849525451660156
paper,100,1500000.0,62,13,exclude,launch,0,0.0,prior,0.0,cyc,12600.0,43200.0,16415874.049058031,0,14084101.194780426,2331772.8542776057,0,99,0.9999911653762859,100,4.8468564258348,272.0146413669865,7919.438460522844,68.2465639063326,116.04157055279966,2.1547005383792515,400.0,0.0,0.0,0.8648947951273532,0.014176699947610123,0.13611462284028655,0.003389830508474576,5022.377695889014,4746,0.45627284049987793
paper,200,1500000.0,61,14,exclude,launch,0,0.0,prior,0.0,cluster_patrol,12600.0,43200.0,36066329.33798059,0,30993618.874435306,5072710.463545284,0,191,0.9999095952063894,197,4.629302721230921,208.1653307865726,8307.276799279487,95.73989364330224,86.76922945235219,2.007052115824397,304.2461891959185,0.0,0.0,0.7718248175182482,0.026167341490946128,0.6100408639813193,0.05728587319243604,2070.430673222334,5139,0.5352737903594971
paper,200,1500000.0,60,14,exclude,launch,0,0.0,prior,0.0,cluster_patrol,12600.0,43200.0,36077521.21325712,0,30993618.9970521,5083902.216205021,0,191,0.9999096069393022,197,4.629302721230921,205.50313354550042,8307.276799279487,96.98021867153223,85.65949750449492,2.0070508872871224,304.2454468757343,0.0,0.0,0.7689007249593135,0.026498383339453164,0.6173570019723866,0.055279159756771695,2072.3653063738925,5070,0.5972726345062256
paper,50,1500000.0,62,13,exclude,launch,0,0.0,prior,0.0,cluster_patrol,12600.0,43200.0,9094990.815009272,0,7849199.724935082,1245791.0900741897,0,50,1.0,50,4.616046259841628,1200000000000000.0,8332.091090158548,0.0,8332091090158.548,1.0000018257418584,1e-09,0.0,0.0,1.0,0.0,0.0,0.0,1619619851612906.0,4167,0.23399996757507324
paper,50,1500000.0,61,13,exclude,launch,0,0.0,prior,0.0,cluster_patrol,12600.0,43200.0,9075618.002502846,0,7849885.352104726,1225732.6503981191,0,50,1.0,50,4.616046259841628,1200000000000000.0,8332.091090158548,0.0,8332091090158.548,1.0000018257418584,1e-09,0.0,0.0,1.0,0.0,0.0,0.0,1619696331147544.0,4100,0.2369999885559082
paper,100,1500000.0,62,15,exclude,launch,0,0.0,prior,0.0,cyc_sector0,12600.0,43200.0,16136795.941894818,0,13759756.755533108,2377039.186361709,0,100,1.0,100,4.910459184525673,1200000000000000.0,7812.5443731858395,0.0,7812544373185.839,1.0000018257418584,1e-09,0.0,0.0,1.0,0.0,0.0,0.0,3239239703225812.0,4167,0.24499797821044922
paper,100,1500000.0,63,15,exclude,launch,0,0.0,prior,0.0,cyc_sector0,12600.0,43200.0,16035501.524816934,0,13760543.07850954,2274958.446307394,0,100,1.0,100,4.910459184525673,1200000000000000.0,7812.5443731858395,0.0,7812544373185.839,1.0000018257418584,1e-09,0.0,0.0,1.0,0.0,0.0,0.0,3239091600000006.0,4234,0.2539982795715332
paper,100,1500000.0,62,15,exclude,launch,0,0.0,prior,0.0,cyc,12600.0,43200.0,16136795.941894818,0,13759756.755533108,2377039.186361709,0,100,1.0,100,4.910459184525673,1200000000000000.0,7812.5443731858395,0.0,7812544373185.839,1.0000018257418584,1e-09,0.0,0.0,1.0,0.0,0.0,0.0,3239239703225812.0,4167,0.3100004196166992
paper,100,1500000.0,63,13,exclude,launch,0,0.0,prior,0.0,cyc_sector0,12600.0,43200.0,16427554.00605972,0,14084101.18982043,2343452.8162392904,0,99,0.9999911694797355,100,4.8468564258348,275.85471321097896,7919.438460522844,67.29652863067825,117.67974695967654,2.1547005383792515,400.0,0.0,0.0,0.8667914521915457,0.013979374061750833,0.13421982131726573,0.0022727272727272726,5021.957783575989,4813,0.32399749755859375
paper,100,1500000.0,63,15,exclude,launch,0,0.0,prior,0.0,cyc,12600.0,43200.0,16035501.524816934,0,13760543.07850954,2274958.446307394,0,100,1.0,100,4.910459184525673,1200000000000000.0,7812.5443731858395,0.0,7812544373185.839,1.0000018257418584,1e-09,0.0,0.0,1.0,0.0,0.0,0.0,3239091600000006.0,4234,0.3230006694793701
paper,100,1500000.0,62,13,exclude,launch,0,0.0,prior,0.0,cyc_sector0,12600.0,43200.0,16415874.049058031,0,14084101.194780426,2331772.8542776057,0,99,0.9999911653762859,100,4.8468564258348,272.0146413669865,7919.438460522844,68.2465639063326,116.04157055279966,2.1547005383792515,400.0,0.0,0.0,0.8648947951273532,0.014176699947610123,0.13611462284028655,0.003389830508474576,5022.377695889014,4746,0.35199809074401855
paper,200,1500000.0,61,13,exclude,launch,0,0.0,prior,0.0,cyc,12600.0,43200.0,34492006.980288506,0,29629607.4651056,4862399.515182905,0,200,1.0,200,4.646836166414484,1200000000000000.0,8274.674043622275,0.0,8274674043622.274,1.0000018257418584,1e-09,0.0,0.0,1.0,0.0,0.0,0.0,6478785324590176.0,4100,0.530996561050415
paper,200,1500000.0,62,13,exclude,launch,0,0.0,prior,0.0,cyc,12600.0,43200.0,34600394.6818092,0,29627019.546557464,4973375.135251739,0,200,1.0,200,4.646836166414484,1200000000000000.0,8274.674043622275,0.0,8274674043622.274,1.0000018257418584,1e-09,0.0,0.0,1.0,0.0,0.0,0.0,6478479406451624.0,4167,0.545996904373169
paper,200,1500000.0,62,14,exclude,launch,0,0.0,prior,0.0,cyc_sector0,12600.0,43200.0,36104768.03154473,0,30991548.786306802,5113219.245237932,0,191,0.999971328207815,197,4.629302721230921,88.46106741338087,8307.276799279487,209.85576082594423,39.58565048004375,2.1547005383792515,400.0,0.0,0.0,0.2576078112286412,0.04363469658973049,0.7431311747313767,0.05515320334261838,629.7265075721093,13867,1.488464593887329
paper,200,1500000.0,61,14,exclude,launch,0,0.0,prior,0.0,cyc_sector0,12600.0,43200.0,35891848.351539895,0,30991548.786405932,4900299.565133962,0,191,0.9999713583974208,197,4.629302721230921,88.04450195609438,8307.276799279487,210.84865259125013,39.39924062680126,2.1547005383792515,400.0,0.0,0.0,0.25403401657217617,0.04384254530375352,0.7466840617525549,0.05036373810856184,629.8569288458274,13797,1.510465145111084
paper,200,1500000.0,62,14,exclude,launch,0,0.0,prior,0.0,cyc,12600.0,43200.0,36104768.03154473,0,30991548.786306802,5113219.245237932,0,191,0.999971328207815,197,4.629302721230921,88.46106741338087,8307.276799279487,209.85576082594423,39.58565048004375,2.1547005383792515,400.0,0.0,0.0,0.2576078112286412,0.04363469658973049,0.7431311747313767,0.05515320334261838,629.7265075721093,13867,2.907698154449463
paper,200,1500000.0,61,14,exclude,launch,0,0.0,prior,0.0,cyc,12600.0,43200.0,35891848.351539895,0,30991548.786405932,4900299.565133962,0,191,0.9999713583974208,197,4.629302721230921,88.04450195609438,8307.276799279487,210.84865259125013,39.39924062680126,2.1547005383792515,400.0,0.0,0.0,0.25403401657217617,0.04384254530375352,0.7466840617525549,0.05036373810856184,629.8569288458274,13797,2.925698757171631
paper,50,1500000.0,63,13,exclude,launch,0,0.0,prior,0.0,cyc_sector0,12600.0,43200.0,9108802.24654847,0,7849648.279818703,1259153.9667297665,0,50,1.0,50,4.616046259841628,1200000000000000.0,8332.091090158548,0.0,8332091090158.548,1.0000018257418584,1e-09,0.0,0.0,1.0,0.0,0.0,0.0,1619545800000003.0,4234,0.2325124740600586
paper,50,1500000.0,62,13,exclude,launch,0,0.0,prior,0.0,cyc_sector0,12600.0,43200.0,9094990.815009272,0,7849199.724935082,1245791.0900741897,0,50,1.0,50,4.616046259841628,1200000000000000.0,8332.091090158548,0.0,8332091090158.548,1.0000018257418584,1e-09,0.0,0.0,1.0,0.0,0.0,0.0,1619619851612906.0,4167,0.24756455421447754
paper,100,1500000.0,63,15,exclude,launch,0,0.0,prior,0.0,cluster_patrol,12600.0,43200.0,16035501.524816934,0,13760543.07850954,2274958.446307394,0,100,1.0,100,4.910459184525673,1200000000000000.0,7812.5443731858395,0.0,7812544373185.839,1.0000018257418584,1e-09,0.0,0.0,1.0,0.0,0.0,0.0,3239091600000006.0,4234,0.23651361465454102
paper,200,1500000.0,62,13,exclude,launch,0,0.0,prior,0.0,cyc_sector0,12600.0,43200.0,34600394.6818092,0,29627019.546557464,4973375.135251739,0,200,1.0,200,4.646836166414484,1200000000000000.0,8274.674043622275,0.0,8274674043622.274,1.0000018257418584,1e-09,0.0,0.0,1.0,0.0,0.0,0.0,6478479406451624.0,4167,0.24651360511779785
paper,200,1500000.0,63,13,exclude,launch,0,0.0,prior,0.0,cyc_sector0,12600.0,43200.0,34557306.35557647,0,29628712.62926264,4928593.726313826,0,200,1.0,200,4.646836166414484,1200000000000000.0,8274.674043622275,0.0,8274674043622.274,1.0000018257418584,1e-09,0.0,0.0,1.0,0.0,0.0,0.0,6478183200000012.0,4234,0.2605128288269043
paper,200,1500000.0,62,13,exclude,launch,0,0.0,prior,0.0,cluster_patrol,12600.0,43200.0,34600394.6818092,0,29627019.546557464,4973375.135251739,0,200,1.0,200,4.646836166414484,1200000000000000.0,8274.674043622275,0.0,8274674043622.274,1.0000018257418584,1e-09,0.0,0.0,1.0,0.0,0.0,0.0,6478479406451624.0,4167,0.27821993827819824
paper,50,1500000.0,63,13,exclude,launch,0,0.0,prior,0.0,cyc,12600.0,43200.0,9108802.24654847,0,7849648.279818703,1259153.9667297665,0,50,1.0,50,4.616046259841628,1200000000000000.0,8332.091090158548,0.0,8332091090158.548,1.0000018257418584,1e-09,0.0,0.0,1.0,0.0,0.0,0.0,1619545800000003.0,4234,0.312269926071167
paper,100,1500000.0,64,15,exclude,launch,0,0.0,prior,0.0,cluster_patrol,12600.0,43200.0,16061074.821753537,0,13761304.828892894,2299769.9928606427,0,100,1.0,100,4.910459184525673,1200000000000000.0,7812.5443731858395,0.0,7812544373185.839,1.0000018257418584,1e-09,0.0,0.0,1.0,0.0,0.0,0.0,3239701368750006.0,4302,0.3132193088531494
paper,50,1500000.0,62,13,exclude,launch,0,0.0,prior,0.0,cyc,12600.0,43200.0,9094990.815009272,0,7849199.724935082,1245791.0900741897,0,50,1.0,50,4.616046259841628,1200000000000000.0,8332.091090158548,0.0,8332091090158.548,1.0000018257418584,1e-09,0.0,0.0,1.0,0.0,0.0,0.0,1619619851612906.0,4167,0.3402678966522217
paper,200,1500000.0,63,13,exclude,launch,0,0.0,prior,0.0,cluster_patrol,12600.0,43200.0,34557306.35557647,0,29628712.62926264,4928593.726313826,0,200,1.0,200,4.646836166414484,1200000000000000.0,8274.674043622275,0.0,8274674043622.274,1.0000018257418584,1e-09,0.0,0.0,1.0,0.0,0.0,0.0,6478183200000012.0,4234,0.34721922874450684
paper,100,1500000.0,64,13,exclude,launch,0,0.0,prior,0.0,cluster_patrol,12600.0,43200.0,16423492.04325209,0,14084101.165455326,2339390.877796764,0,99,0.9999911476013815,100,4.8468564258348,280.071017015806,7919.438460522844,66.28341912459479,119.47842409330839,2.1547005383792515,400.0,0.0,0.0,0.8683482005536758,0.013768919008084116,0.13219922115187538,0.003386004514672686,5023.853277076802,4879,0.3612174987792969
paper,100,1500000.0,63,13,exclude,launch,0,0.0,prior,0.0,cyc,12600.0,43200.0,16427554.00605972,0,14084101.18982043,2343452.8162392904,0,99,0.9999911694797355,100,4.8468564258348,275.85471321097896,7919.438460522844,67.29652863067825,117.67974695967654,2.1547005383792515,400.0,0.0,0.0,0.8667914521915457,0.013979374061750833,0.13421982131726573,0.0022727272727272726,5021.957783575989,4813,0.380218505859375
paper,100,1500000.0,63,13,exclude,launch,0,0.0,prior,0.0,cluster_patrol,12600.0,43200.0,16422162.567569708,0,14084101.155845396,2338061.4117243127,0,99,0.9999911451144602,100,4.8468564258348,276.1675882072233,7919.438460522844,67.22028723943006,117.81321957632846,2.1547005383792515,400.0,0.0,0.0,0.8665003119151591,0.01396351898532795,0.13406776138017043,0.0022753128555176336,5023.928203047671,4811,0.39221787452697754
paper,100,1500000.0,64,13,exclude,launch,0,0.0,prior,0.0,cyc,12600.0,43200.0,16418917.594984248,0,14084101.185015531,2334816.409968716,0,99,0.9999911611744146,100,4.8468564258348,279.75209956010565,7919.438460522844,66.3589822371347,119.34237376068587,2.1547005383792515,400.0,0.0,0.0,0.8686355945239194,0.013784626380711993,0.1323499282933825,0.003401360544217687,5022.71700551965,4881,0.4232184886932373
paper,200,1500000.0,63,14,exclude,launch,0,0.0,prior,0.0,cluster_patrol,12600.0,43200.0,35846154.53570624,0,30993245.089513656,4852909.44619258,0,191,0.9999211422965268,197,4.629302721230921,231.62418285226948,8307.276799279487,86.10158950136136,96.48226992543663,2.0056951402087595,303.42681451185473,0.0,0.0,0.7767514565866136,0.025461414284699717,0.5988636363636364,0.05655095184770437,2051.2875862776364,5280,0.5142185688018799
paper,200,1500000.0,62,14,exclude,launch,0,0.0,prior,0.0,cluster_patrol,12600.0,43200.0,36000496.04678726,0,30994459.26230103,5006036.784486227,0,191,0.9998827243532777,197,4.629302721230921,203.05940963797477,8307.276799279487,98.07519333157205,84.70313967360016,2.008527115699948,305.13808293061675,0.0,0.0,0.7627695800227015,0.025410887497795874,0.5132375189107413,0.056179775280898875,2390.776225790837,5288,0.580219030380249
paper,50,1500000.0,63,13,exclude,launch,0,0.0,prior,0.0,cluster_patrol,12600.0,43200.0,9108802.24654847,0,7849648.279818703,1259153.9667297665,0,50,1.0,50,4.616046259841628,1200000000000000.0,8332.091090158548,0.0,8332091090158.548,1.0000018257418584,1e-09,0.0,0.0,1.0,0.0,0.0,0.0,1619545800000003.0,4234,0.20250487327575684
paper,100,1500000.0,65,15,exclude,launch,0,0.0,prior,0.0,cyc_sector0,12600.0,43200.0,16056311.250409335,0,13760153.062313206,2296158.188096129,0,100,1.0,100,4.910459184525673,1200000000000000.0,7812.5443731858395,0.0,7812544373185.839,1.0000018257418584,1e-09,0.0,0.0,1.0,0.0,0.0,0.0,3238809064615390.5,4368,0.21250414848327637
paper,100,1500000.0,64,15,exclude,launch,0,0.0,prior,0.0,cyc_sector0,12600.0,43200.0,16061074.821753537,0,13761304.828892894,2299769.9928606427,0,100,1.0,100,4.910459184525673,1200000000000000.0,7812.5443731858395,0.0,7812544373185.839,1.0000018257418584,1e-09,0.0,0.0,1.0,0.0,0.0,0.0,3239701368750006.0,4302,0.2145061492919922
paper,50,1500000.0,64,13,exclude,launch,0,0.0,prior,0.0,cluster_patrol,12600.0,43200.0,9070582.594424728,0,7850082.817362172,1220499.7770625565,0,50,1.0,50,4.616046259841628,1200000000000000.0,8332.091090158548,0.0,8332091090158.548,1.0000018257418584,1e-09,0.0,0.0,1.0,0.0,0.0,0.0,1619850684375003.0,4302,0.2685060501098633
paper,100,1500000.0,64,15,exclude,launch,0,0.0,prior,0.0,cyc,12600.0,43200.0,16061074.821753537,0,13761304.828892894,2299769.9928606427,0,100,1.0,100,4.910459184525673,1200000000000000.0,7812.5443731858395,0.0,7812544373185.839,1.0000018257418584,1e-09,0.0,0.0,1.0,0.0,0.0,0.0,3239701368750006.0,4302,0.28850436210632324
paper,100,1500000.0,65,15,exclude,launch,0,0.0,prior,0.0,cyc,12600.0,43200.0,16056311.250409335,0,13760153.062313206,2296158.188096129,0,100,1.0,100,4.910459184525673,1200000000000000.0,7812.5443731858395,0.0,7812544373185.839,1.0000018257418584,1e-09,0.0,0.0,1.0,0.0,0.0,0.0,3238809064615390.5,4368,0.2985060214996338
paper,100,1500000.0,65,13,exclude,launch,0,0.0,prior,0.0,cyc_sector0,12600.0,43200.0,16412530.380499888,0,14084101.1803584,2328429.200141487,0,99,0.9999911562928876,100,4.8468564258348,283.5348568989638,7919.438460522844,65.47365924791883,120.95609977343025,2.1547005383792515,400.0,0.0,0.0,0.8704097116843703,0.01360070973052215,0.13058419243986255,0.0022727272727272726,5022.304793437324,4947,0.3455054759979248
paper,100,1500000.0,64,13,exclude,launch,0,0.0,prior,0.0,cyc_sector0,12600.0,43200.0,16418917.594984248,0,14084101.185015531,2334816.409968716,0,99,0.9999911611744146,100,4.8468564258348,279.75209956010565,7919.438460522844,66.3589822371347,119.34237376068587,2.1547005383792515,400.0,0.0,0.0,0.8686355945239194,0.013784626380711993,0.1323499282933825,0.003401360544217687,5022.71700551965,4881,0.38150620460510254
paper,200,1500000.0,63,13,exclude,launch,0,0.0,prior,0.0,cyc,12600.0,43200.0,34557306.35557647,0,29628712.62926264,4928593.726313826,0,200,1.0,200,4.646836166414484,1200000000000000.0,8274.674043622275,0.0,8274674043622.274,1.0000018257418584,1e-09,0.0,0.0,1.0,0.0,0.0,0.0,6478183200000012.0,4234,0.46550607681274414
paper,200,1500000.0,64,13,exclude,launch,0,0.0,prior,0.0,cyc,12600.0,43200.0,34588960.49085723,0,29630352.80313343,4958607.687723794,0,200,1.0,200,4.646836166414484,1200000000000000.0,8274.674043622275,0.0,8274674043622.274,1.0000018257418584,1e-09,0.0,0.0,1.0,0.0,0.0,0.0,6479402737500012.0,4302,0.5272438526153564
paper,200,1500000.0,64,14,exclude,launch,0,0.0,prior,0.0,cyc_sector0,12600.0,43200.0,36392456.16341266,0,31197576.17742335,5194879.985989314,0,192,0.9999781941017406,197,4.629302721230921,97.16852532685745,8307.276799279487,191.05018361721565,43.48217123896505,2.1547005383792515,400.0,0.0,0.0,0.2787777777777778,0.03972655136245322,0.7218856213979606,0.048494983277591976,664.1475990727296,13534,1.4130783081054688
paper,200,1500000.0,63,14,exclude,launch,0,0.0,prior,0.0,cyc_sector0,12600.0,43200.0,36060235.885203294,0,30991548.806465957,5068687.078737332,0,191,0.9999714657108371,197,4.629302721230921,88.89290462369911,8307.276799279487,208.83629221134655,39.77889432585958,2.1547005383792515,400.0,0.0,0.0,0.2612427792474221,0.04342420927413943,0.7395018304500753,0.054575523704520394,629.8082386055479,13931,1.4750800132751465
paper,200,1500000.0,64,14,exclude,launch,0,0.0,prior,0.0,cyc,12600.0,43200.0,35952327.74505727,0,30992060.844504606,4960266.900552664,0,191,0.9999561032707435,197,4.629302721230921,136.32535513340196,8307.276799279487,146.41340008891956,56.73850067162107,2.0040221964558946,302.4181712928358,0.0,0.0,0.5786698235040896,0.038523198580798446,0.9235066609368285,0.06152125279642058,1006.7679703117673,6981,2.070798873901367
paper,200,1500000.0,63,14,exclude,launch,0,0.0,prior,0.0,cyc,12600.0,43200.0,36060235.885203294,0,30991548.806465957,5068687.078737332,0,191,0.9999714657108371,197,4.629302721230921,88.89290462369911,8307.276799279487,208.83629221134655,39.77889432585958,2.1547005383792515,400.0,0.0,0.0,0.2612427792474221,0.04342420927413943,0.7395018304500753,0.054575523704520394,629.8082386055479,13931,2.726799249649048
paper,50,1500000.0,64,13,exclude,launch,0,0.0,prior,0.0,cyc,12600.0,43200.0,9070582.594424728,0,7850082.817362172,1220499.7770625565,0,50,1.0,50,4.616046259841628,1200000000000000.0,8332.091090158548,0.0,8332091090158.548,1.0000018257418584,1e-09,0.0,0.0,1.0,0.0,0.0,0.0,1619850684375003.0,4302,0.24550628662109375
paper,50,1500000.0,65,13,exclude,launch,0,0.0,prior,0.0,cyc,12600.0,43200.0,9054134.54614682,0,7849425.796596433,1204708.749550386,0,50,1.0,50,4.616046259841628,1200000000000000.0,8332.091090158548,0.0,8332091090158.548,1.0000018257418584,1e-09,0.0,0.0,1.0,0.0,0.0,0.0,1619404532307695.2,4368,0.253507137298584
paper,200,1500000.0,65,13,exclude,launch,0,0.0,prior,0.0,cyc_sector0,12600.0,43200.0,34552455.89196086,0,29627872.860240843,4924583.031720015,0,200,1.0,200,4.646836166414484,1200000000000000.0,8274.674043622275,0.0,8274674043622.274,1.0000018257418584,1e-09,0.0,0.0,1.0,0.0,0.0,0.0,6477618129230781.0,4368,0.25250887870788574
paper,200,1500000.0,64,13,exclude,launch,0,0.0,prior,0.0,cyc_sector0,12600.0,43200.0,34588960.49085723,0,29630352.80313343,4958607.687723794,0,200,1.0,200,4.646836166414484,1200000000000000.0,8274.674043622275,0.0,8274674043622.274,1.0000018257418584,1e-09,0.0,0.0,1.0,0.0,0.0,0.0,6479402737500012.0,4302,0.25850868225097656
paper,50,1500000.0,65,13,exclude,launch,0,0.0,prior,0.0,cyc_sector0,12600.0,43200.0,9054134.54614682,0,7849425.796596433,1204708.749550386,0,50,1.0,50,4.616046259841628,1200000000000000.0,8332.091090158548,0.0,8332091090158.548,1.0000018257418584,1e-09,0.0,0.0,1.0,0.0,0.0,0.0,1619404532307695.2,4368,0.30150914192199707
paper,100,1500000.0,65,13,exclude,launch,0,0.0,prior,0.0,cluster_patrol,12600.0,43200.0,16408243.657316398,0,14084101.17476953,2324142.482546867,0,99,0.9999911506485414,100,4.8468564258348,283.8596390947244,7919.438460522844,65.39874659431709,121.09465200684771,2.1547005383792515,400.0,0.0,0.0,0.870125929297527,0.0135851220624063,0.13043478260869565,0.0022753128555176336,5022.630803210941,4945,0.30851054191589355
paper,200,1500000.0,65,13,exclude,launch,0,0.0,prior,0.0,cluster_patrol,12600.0,43200.0,34552455.89196086,0,29627872.860240843,4924583.031720015,0,200,1.0,200,4.646836166414484,1200000000000000.0,8274.674043622275,0.0,8274674043622.274,1.0000018257418584,1e-09,0.0,0.0,1.0,0.0,0.0,0.0,6477618129230781.0,4368,0.3115079402923584
paper,50,1500000.0,64,13,exclude,launch,0,0.0,prior,0.0,cyc_sector0,12600.0,43200.0,9070582.594424728,0,7850082.817362172,1220499.7770625565,0,50,1.0,50,4.616046259841628,1200000000000000.0,8332.091090158548,0.0,8332091090158.548,1.0000018257418584,1e-09,0.0,0.0,1.0,0.0,0.0,0.0,1619850684375003.0,4302,0.33350610733032227
paper,100,1500000.0,65,15,exclude,launch,0,0.0,prior,0.0,cluster_patrol,12600.0,43200.0,16056311.250409335,0,13760153.062313206,2296158.188096129,0,100,1.0,100,4.910459184525673,1200000000000000.0,7812.5443731858395,0.0,7812544373185.839,1.0000018257418584,1e-09,0.0,0.0,1.0,0.0,0.0,0.0,3238809064615390.5,4368,0.32750797271728516
paper,200,1500000.0,64,13,exclude,launch,0,0.0,prior,0.0,cluster_patrol,12600.0,43200.0,34588960.49085723,0,29630352.80313343,4958607.687723794,0,200,1.0,200,4.646836166414484,1200000000000000.0,8274.674043622275,0.0,8274674043622.274,1.0000018257418584,1e-09,0.0,0.0,1.0,0.0,0.0,0.0,6479402737500012.0,4302,0.3375082015991211
paper,100,1500000.0,66,15,exclude,launch,0,0.0,prior,0.0,cluster_patrol,12600.0,43200.0,16034551.02626381,0,13760897.638687909,2273653.3875759044,0,100,1.0,100,4.910459184525673,1200000000000000.0,7812.5443731858395,0.0,7812544373185.839,1.0000018257418584,1e-09,0.0,0.0,1.0,0.0,0.0,0.0,3239404636363642.0,4436,0.34750866889953613
paper,100,1500000.0,66,13,exclude,launch,0,0.0,prior,0.0,cluster_patrol,12600.0,43200.0,16401017.224224603,0,14084101.183801504,2316916.040423099,0,99,0.9999911506997533,100,4.8468564258348,287.3749287429563,7919.438460522844,64.5987619264967,122.5942761803071,2.1547005383792515,400.0,0.0,0.0,0.8717449865309788,0.013418951989980249,0.12883925009972078,0.003401360544217687,5022.5752461731245,5014,0.36250829696655273
paper,100,1500000.0,66,13,exclude,launch,0,0.0,prior,0.0,cyc,12600.0,43200.0,16401017.224224603,0,14084101.183801504,2316916.040423099,0,99,0.9999911506997533,100,4.8468564258348,287.3749287429563,7919.438460522844,64.5987619264967,122.5942761803071,2.1547005383792515,400.0,0.0,0.0,0.8717449865309788,0.013418951989980249,0.12883925009972078,0.003401360544217687,5022.5752461731245,5014,0.4255077838897705
paper,100,1500000.0,65,13,exclude,launch,0,0.0,prior,0.0,cyc,12600.0,43200.0,16412530.380499888,0,14084101.1803584,2328429.200141487,0,99,0.9999911562928876,100,4.8468564258348,283.5348568989638,7919.438460522844,65.47365924791883,120.95609977343025,2.1547005383792515,400.0,0.0,0.0,0.8704097116843703,0.01360070973052215,0.13058419243986255,0.0022727272727272726,5022.304793437324,4947,0.47487711906433105
paper,200,1500000.0,64,14,exclude,launch,0,0.0,prior,0.0,cluster_patrol,12600.0,43200.0,35821598.367662914,0,30993794.82353494,4827803.544127974,0,191,0.9999046603063619,197,4.629302721230921,220.77659388453736,8307.276799279487,90.28071256699309,92.01607478579709,2.006836467636529,304.1159017688409,0.0,0.0,0.7728474057587982,0.024924937087830515,0.5261401557285873,0.05239687848383501,2285.6122790196896,5394,0.49887728691101074
paper,200,1500000.0,65,14,exclude,launch,0,0.0,prior,0.0,cluster_patrol,12600.0,43200.0,36364862.04613796,0,31199016.998556495,5165845.047581461,0,192,0.9999363126001859,197,4.629302721230921,241.0097333427622,8307.276799279487,82.77682359812134,100.35752083954118,2.0050105029668233,303.01383332208815,0.0,0.0,0.776799229393147,0.02465457110157413,0.537417461482025,0.056017748197448695,2213.280329400629,5452,0.586383581161499
paper,50,1500000.0,65,13,exclude,launch,0,0.0,prior,0.0,cluster_patrol,12600.0,43200.0,9054134.54614682,0,7849425.796596433,1204708.749550386,0,50,1.0,50,4.616046259841628,1200000000000000.0,8332.091090158548,0.0,8332091090158.548,1.0000018257418584,1e-09,0.0,0.0,1.0,0.0,0.0,0.0,1619404532307695.2,4368,0.22270727157592773
paper,100,1500000.0,66,15,exclude,launch,0,0.0,prior,0.0,cyc_sector0,12600.0,43200.0,16034551.02626381,0,13760897.638687909,2273653.3875759044,0,100,1.0,100,4.910459184525673,1200000000000000.0,7812.5443731858395,0.0,7812544373185.839,1.0000018257418584,1e-09,0.0,0.0,1.0,0.0,0.0,0.0,3239404636363642.0,4436,0.22070741653442383
paper,50,1500000.0,66,13,exclude,launch,0,0.0,prior,0.0,cluster_patrol,12600.0,43200.0,9097097.096620176,0,7849850.53729346,1247246.5593267167,0,50,1.0,50,4.616046259841628,1200000000000000.0,8332.091090158548,0.0,8332091090158.548,1.0000018257418584,1e-09,0.0,0.0,1.0,0.0,0.0,0.0,1619702318181821.0,4436,0.2277073860168457
paper,100,1500000.0,67,15,exclude,launch,0,0.0,prior,0.0,cyc_sector0,12600.0,43200.0,16072673.684802502,0,13761619.988902275,2311053.6959002307,0,100,1.0,100,4.910459184525673,1200000000000000.0,7812.5443731858395,0.0,7812544373185.839,1.0000018257418584,1e-09,0.0,0.0,1.0,0.0,0.0,0.0,3239262913432842.0,4503,0.2422184944152832
paper,100,1500000.0,66,13,exclude,launch,0,0.0,prior,0.0,cyc_sector0,12600.0,43200.0,16411917.215676565,0,14084101.195411675,2327816.0202648896,0,99,0.9999911637634561,100,4.8468564258348,287.4322432480905,7919.438460522844,64.58588081743858,122.61872657443959,2.1547005383792515,400.0,0.0,0.0,0.8721556886227545,0.013416290319305926,0.1288135593220339,0.0022727272727272726,5021.903489400962,5015,0.3172180652618408
paper,100,1500000.0,67,15,exclude,launch,0,0.0,prior,0.0,cyc,12600.0,43200.0,16072673.684802502,0,13761619.988902275,2311053.6959002307,0,100,1.0,100,4.910459184525673,1200000000000000.0,7812.5443731858395,0.0,7812544373185.839,1.0000018257418584,1e-09,0.0,0.0,1.0,0.0,0.0,0.0,3239262913432842.0,4503,0.32121849060058594
paper,100,1500000.0,67,13,exclude,launch,0,0.0,prior,0.0,cyc_sector0,12600.0,43200.0,16398542.956414629,0,14084101.190738458,2314441.7656761715,0,99,0.9999911543168923,100,4.8468564258348,291.272315092083,7919.438460522844,63.734394391864306,124.25690298131649,2.1547005383792515,400.0,0.0,0.0,0.8738552437223043,0.013239446209766756,0.12711530893349074,0.0022727272727272726,5021.515724188536,5082,0.330951452255249
paper,100,1500000.0,66,15,exclude,launch,0,0.0,prior,0.0,cyc,12600.0,43200.0,16034551.02626381,0,13760897.638687909,2273653.3875759044,0,100,1.0,100,4.910459184525673,1200000000000000.0,7812.5443731858395,0.0,7812544373185.839,1.0000018257418584,1e-09,0.0,0.0,1.0,0.0,0.0,0.0,3239404636363642.0,4436,0.35495686531066895
paper,200,1500000.0,65,13,exclude,launch,0,0.0,prior,0.0,cyc,12600.0,43200.0,34552455.89196086,0,29627872.860240843,4924583.031720015,0,200,1.0,200,4.646836166414484,1200000000000000.0,8274.674043622275,0.0,8274674043622.274,1.0000018257418584,1e-09,0.0,0.0,1.0,0.0,0.0,0.0,6477618129230781.0,4368,0.5585281848907471
paper,200,1500000.0,66,13,exclude,launch,0,0.0,prior,0.0,cyc,12600.0,43200.0,34595270.18635086,0,29629476.055646148,4965794.130704711,0,200,1.0,200,4.646836166414484,1200000000000000.0,8274.674043622275,0.0,8274674043622.274,1.0000018257418584,1e-09,0.0,0.0,1.0,0.0,0.0,0.0,6478809272727284.0,4436,0.5715289115905762
paper,200,1500000.0,65,14,exclude,launch,0,0.0,prior,0.0,cyc_sector0,12600.0,43200.0,36208188.78199431,0,31197576.195503395,5010612.586490917,0,192,0.9999780298803073,197,4.629302721230921,97.6373013651779,8307.276799279487,190.13291381413592,43.69194492753764,2.1547005383792515,400.0,0.0,0.0,0.28232627563712753,0.03953580781298923,0.7184237612115866,0.05277777777777778,663.9111587393694,13602,1.4087321758270264
paper,200,1500000.0,66,14,exclude,launch,0,0.0,prior,0.0,cyc_sector0,12600.0,43200.0,36252150.15146258,0,31197576.187276,5054573.964186578,0,192,0.9999780457018504,197,4.629302721230921,98.13216811414836,8307.276799279487,189.1741002187608,43.91339400939641,2.1547005383792515,400.0,0.0,0.0,0.28587931129325045,0.039336380116544604,0.7148291755066208,0.05747767857142857,664.0343289385326,13669,1.4297335147857666
paper,200,1500000.0,65,14,exclude,launch,0,0.0,prior,0.0,cyc,12600.0,43200.0,36208188.78199431,0,31197576.195503395,5010612.586490917,0,192,0.9999780298803073,197,4.629302721230921,97.6373013651779,8307.276799279487,190.13291381413592,43.69194492753764,2.1547005383792515,400.0,0.0,0.0,0.28232627563712753,0.03953580781298923,0.7184237612115866,0.05277777777777778,663.9111587393694,13602,2.6297430992126465
paper,200,1500000.0,66,14,exclude,launch,0,0.0,prior,0.0,cyc,12600.0,43200.0,36252150.15146258,0,31197576.187276,5054573.964186578,0,192,0.9999780457018504,197,4.629302721230921,98.13216811414836,8307.276799279487,189.1741002187608,43.91339400939641,2.1547005383792515,400.0,0.0,0.0,0.28587931129325045,0.039336380116544604,0.7148291755066208,0.05747767857142857,664.0343289385326,13669,2.6567485332489014
paper,50,1500000.0,66,13,exclude,launch,0,0.0,prior,0.0,cyc_sector0,12600.0,43200.0,9097097.096620176,0,7849850.53729346,1247246.5593267167,0,50,1.0,50,4.616046259841628,1200000000000000.0,8332.091090158548,0.0,8332091090158.548,1.0000018257418584,1e-09,0.0,0.0,1.0,0.0,0.0,0.0,1619702318181821.0,4436,0.19951367378234863
paper,50,1500000.0,67,13,exclude,launch,0,0.0,prior,0.0,cyc_sector0,12600.0,43200.0,9094253.098979307,0,7850262.599163777,1243990.49981553,0,50,1.0,50,4.616046259841628,1200000000000000.0,8332.091090158548,0.0,8332091090158.548,1.0000018257418584,1e-09,0.0,0.0,1.0,0.0,0.0,0.0,1619631456716421.0,4503,0.2025132179260254
paper,200,1500000.0,67,13,exclude,launch,0,0.0,prior,0.0,cluster_patrol,12600.0,43200.0,34475730.28445003,0,29631031.394472133,4844698.8899778975,0,200,1.0,200,4.646836166414484,1200000000000000.0,8274.674043622275,0.0,8274674043622.274,1.0000018257418584,1e-09,0.0,0.0,1.0,0.0,0.0,0.0,6478525826865684.0,4503,0.27051424980163574
paper,200,1500000.0,67,13,exclude,launch,0,0.0,prior,0.0,cyc_sector0,12600.0,43200.0,34475730.28445003,0,29631031.394472133,4844698.8899778975,0,200,1.0,200,4.646836166414484,1200000000000000.0,8274.674043622275,0.0,8274674043622.274,1.0000018257418584,1e-09,0.0,0.0,1.0,0.0,0.0,0.0,6478525826865684.0,4503,0.2795140743255615
paper,50,1500000.0,66,13,exclude,launch,0,0.0,prior,0.0,cyc,12600.0,43200.0,9097097.096620176,0,7849850.53729346,1247246.5593267167,0,50,1.0,50,4.616046259841628,1200000000000000.0,8332.091090158548,0.0,8332091090158.548,1.0000018257418584,1e-09,0.0,0.0,1.0,0.0,0.0,0.0,1619702318181821.0,4436,0.30451416969299316
paper,100,1500000.0,68,15,exclude,launch,0,0.0,prior,0.0,cluster_patrol,12600.0,43200.0,16019423.71571241,0,13760514.400848033,2258909.314864375,0,100,1.0,100,4.910459184525673,1200000000000000.0,7812.5443731858395,0.0,7812544373185.839,1.0000018257418584,1e-09,0.0,0.0,1.0,0.0,0.0,0.0,3239125358823535.5,4570,0.2965126037597656
paper,50,1500000.0,67,13,exclude,launch,0,0.0,prior,0.0,cyc,12600.0,43200.0,9094253.098979307,0,7850262.599163777,1243990.49981553,0,50,1.0,50,4.616046259841628,1200000000000000.0,8332.091090158548,0.0,8332091090158.548,1.0000018257418584,1e-09,0.0,0.0,1.0,0.0,0.0,0.0,1619631456716421.0,4503,0.331514835357666
paper,200,1500000.0,66,13,exclude,launch,0,0.0,prior,0.0,cluster_patrol,12600.0,43200.0,34595270.18635086,0,29629476.055646148,4965794.130704711,0,200,1.0,200,4.646836166414484,1200000000000000.0,8274.674043622275,0.0,8274674043622.274,1.0000018257418584,1e-09,0.0,0.0,1.0,0.0,0.0,0.0,6478809272727284.0,4436,0.33451390266418457
paper,100,1500000.0,67,15,exclude,launch,0,0.0,prior,0.0,cluster_patrol,12600.0,43200.0,16072673.684802502,0,13761619.988902275,2311053.6959002307,0,100,1.0,100,4.910459184525673,1200000000000000.0,7812.5443731858395,0.0,7812544373185.839,1.0000018257418584,1e-09,0.0,0.0,1.0,0.0,0.0,0.0,3239262913432842.0,4503,0.3485133647918701
paper,200,1500000.0,66,13,exclude,launch,0,0.0,prior,0.0,cyc_sector0,12600.0,43200.0,34595270.18635086,0,29629476.055646148,4965794.130704711,0,200,1.0,200,4.646836166414484,1200000000000000.0,8274.674043622275,0.0,8274674043622.274,1.0000018257418584,1e-09,0.0,0.0,1.0,0.0,0.0,0.0,6478809272727284.0,4436,0.3855147361755371
paper,100,1500000.0,68,13,exclude,launch,0,0.0,prior,0.0,cyc,12600.0,43200.0,16394200.51806368,0,14084101.186202686,2310099.3318609917,0,99,0.999991149640905,100,4.8468564258348,295.1123869360754,7919.438460522844,62.905067449884335,125.89507938819332,2.1547005383792515,400.0,0.0,0.0,0.8754920542353113,0.01306713269715801,0.12546125461254612,0.0022727272727272726,5022.23678689121,5149,0.40151333808898926
paper,100,1500000.0,67,13,exclude,launch,0,0.0,prior,0.0,cluster_patrol,12600.0,43200.0,16417810.848616514,0,14084101.192563836,2333709.656052677,0,99,0.9999911652195353,100,4.8468564258348,291.21500058694875,7919.438460522844,63.74693806326597,124.23245258718399,2.1547005383792515,400.0,0.0,0.0,0.8734494979326639,0.013242014510193915,0.12714032670734107,0.003386004514672686,5021.410107373427,5081,0.4045145511627197
paper,100,1500000.0,68,13,exclude,launch,0,0.0,prior,0.0,cluster_patrol,12600.0,43200.0,16392443.215947002,0,14084101.201068478,2308342.014878526,0,99,0.9999911557569658,100,4.8468564258348,295.05507243094115,7919.438460522844,62.91728677145579,125.87062899406084,2.1547005383792515,400.0,0.0,0.0,0.875091094592625,0.013069652280116806,0.12548562548562547,0.0022727272727272726,5021.376660417868,5148,0.41251516342163086
paper,100,1500000.0,67,13,exclude,launch,0,0.0,prior,0.0,cyc,12600.0,43200.0,16398542.956414629,0,14084101.190738458,2314441.7656761715,0,99,0.9999911543168923,100,4.8468564258348,291.272315092083,7919.438460522844,63.734394391864306,124.25690298131649,2.1547005383792515,400.0,0.0,0.0,0.8738552437223043,0.013239446209766756,0.12711530893349074,0.0022727272727272726,5021.515724188536,5082,0.415513277053833
paper,200,1500000.0,67,14,exclude,launch,0,0.0,prior,0.0,cluster_patrol,12600.0,43200.0,36300397.553776644,0,31199232.609023154,5101164.94475349,0,192,0.9999294708642429,197,4.629302721230921,217.13539109835128,8307.276799279487,91.76110686537127,90.53156705561145,2.0075701629530096,304.5592899819463,0.0,0.0,0.7746010638297872,0.023822798382733542,0.4551577454803261,0.05695142378559464,2523.872717381259,5642,0.5515141487121582
paper,200,1500000.0,66,14,exclude,launch,0,0.0,prior,0.0,cluster_patrol,12600.0,43200.0,36194912.446500026,0,31199017.781359244,4995894.665140779,0,192,0.9999355977220071,197,4.629302721230921,244.11483444651685,8307.276799279487,81.72360489410018,101.65088544545114,2.005018131399658,303.01843333261826,0.0,0.0,0.7795296996058176,0.02433474540354164,0.5305308932777677,0.04692737430167598,2214.1981123769374,5519,0.563514232635498
paper,50,1500000.0,67,13,exclude,launch,0,0.0,prior,0.0,cluster_patrol,12600.0,43200.0,9094253.098979307,0,7850262.599163777,1243990.49981553,0,50,1.0,50,4.616046259841628,1200000000000000.0,8332.091090158548,0.0,8332091090158.548,1.0000018257418584,1e-09,0.0,0.0,1.0,0.0,0.0,0.0,1619631456716421.0,4503,0.2019972801208496
paper,50,1500000.0,68,13,exclude,launch,0,0.0,prior,0.0,cluster_patrol,12600.0,43200.0,9056016.241322046,0,7849631.920758257,1206384.3205637897,0,50,1.0,50,4.616046259841628,1200000000000000.0,8332.091090158548,0.0,8332091090158.548,1.0000018257418584,1e-09,0.0,0.0,1.0,0.0,0.0,0.0,1619562679411767.8,4570,0.2019977569580078
paper,100,1500000.0,69,15,exclude,launch,0,0.0,prior,0.0,cyc_sector0,12600.0,43200.0,16016304.414665433,0,13761221.367546508,2255083.047118926,0,100,1.0,100,4.910459184525673,1200000000000000.0,7812.5443731858395,0.0,7812544373185.839,1.0000018257418584,1e-09,0.0,0.0,1.0,0.0,0.0,0.0,3239690452173919.0,4638,0.2519986629486084
paper,100,1500000.0,68,15,exclude,launch,0,0.0,prior,0.0,cyc_sector0,12600.0,43200.0,16019423.71571241,0,13760514.400848033,2258909.314864375,0,100,1.0,100,4.910459184525673,1200000000000000.0,7812.5443731858395,0.0,7812544373185.839,1.0000018257418584,1e-09,0.0,0.0,1.0,0.0,0.0,0.0,3239125358823535.5,4570,0.2709975242614746
paper,100,1500000.0,69,13,exclude,launch,0,0.0,prior,0.0,cyc_sector0,12600.0,43200.0,16421208.485762889,0,14084101.181798333,2337107.3039645567,0,99,0.999991161786455,100,4.8468564258348,299.009773285202,7919.438460522844,62.08514324313867,127.55770618920268,2.1547005383792515,400.0,0.0,0.0,0.8771046193696935,0.012896851649053047,0.12382595361318766,0.0022727272727272726,5022.936949225689,5217,0.3099982738494873
paper,100,1500000.0,68,13,exclude,launch,0,0.0,prior,0.0,cyc_sector0,12600.0,43200.0,16394200.51806368,0,14084101.186202686,2310099.3318609917,0,99,0.999991149640905,100,4.8468564258348,295.1123869360754,7919.438460522844,62.905067449884335,125.89507938819332,2.1547005383792515,400.0,0.0,0.0,0.8754920542353113,0.01306713269715801,0.12546125461254612,0.0022727272727272726,5022.23678689121,5149,0.3119990825653076
paper,100,1500000.0,68,15,exclude,launch,0,0.0,prior,0.0,cyc,12600.0,43200.0,16019423.71571241,0,13760514.400848033,2258909.314864375,0,100,1.0,100,4.910459184525673,1200000000000000.0,7812.5443731858395,0.0,7812544373185.839,1.0000018257418584,1e-09,0.0,0.0,1.0,0.0,0.0,0.0,3239125358823535.5,4570,0.3379979133605957
paper,100,1500000.0,69,15,exclude,launch,0,0.0,prior,0.0,cyc,12600.0,43200.0,16016304.414665433,0,13761221.367546508,2255083.047118926,0,100,1.0,100,4.910459184525673,1200000000000000.0,7812.5443731858395,0.0,7812544373185.839,1.0000018257418584,1e-09,0.0,0.0,1.0,0.0,0.0,0.0,3239690452173919.0,4638,0.40599751472473145
paper,200,1500000.0,68,13,exclude,launch,0,0.0,prior,0.0,cyc,12600.0,43200.0,34423572.54033074,0,29628650.881540492,4794921.658790242,0,200,1.0,200,4.646836166414484,1200000000000000.0,8274.674043622275,0.0,8274674043622.274,1.0000018257418584,1e-09,0.0,0.0,1.0,0.0,0.0,0.0,6478250717647071.0,4570,0.4819982051849365
paper,200,1500000.0,67,13,exclude,launch,0,0.0,prior,0.0,cyc,12600.0,43200.0,34475730.28445003,0,29631031.394472133,4844698.8899778975,0,200,1.0,200,4.646836166414484,1200000000000000.0,8274.674043622275,0.0,8274674043622.274,1.0000018257418584,1e-09,0.0,0.0,1.0,0.0,0.0,0.0,6478525826865684.0,4503,0.5419983863830566
paper,200,1500000.0,67,14,exclude,launch,0,0.0,prior,0.0,cyc_sector0,12600.0,43200.0,36410810.27195056,0,31197593.832661178,5213216.439289378,0,192,0.9999776016072953,197,4.629302721230921,103.79139743365307,8307.276799279487,190.65711457736825,43.57181643965566,2.021369069614224,312.95843290938774,0.0,0.0,0.346970381364135,0.040365120524596676,0.7948190084062446,0.052135330005546314,700.131556464927,11658,1.2947092056274414
paper,200,1500000.0,68,14,exclude,launch,0,0.0,prior,0.0,cyc_sector0,12600.0,43200.0,36293367.66719657,0,31197593.833379414,5095773.833817159,0,192,0.9999775742086022,197,4.629302721230921,104.38789803889966,8307.276799279487,189.56764535121184,43.822229177814606,2.0213691021235993,312.95845283183024,0.0,0.0,0.3506993455665341,0.04013457529294197,0.7902771855010661,0.049804141018466704,700.1819642427648,11725,1.3317101001739502
paper,200,1500000.0,67,14,exclude,launch,0,0.0,prior,0.0,cyc,12600.0,43200.0,36410810.27195056,0,31197593.832661178,5213216.439289378,0,192,0.9999776016072953,197,4.629302721230921,103.79139743365307,8307.276799279487,190.65711457736825,43.57181643965566,2.021369069614224,312.95843290938774,0.0,0.0,0.346970381364135,0.040365120524596676,0.7948190084062446,0.052135330005546314,700.131556464927,11658,2.4346301555633545
paper,200,1500000.0,68,14,exclude,launch,0,0.0,prior,0.0,cyc,12600.0,43200.0,36293367.66719657,0,31197593.833379414,5095773.833817159,0,192,0.9999775742086022,197,4.629302721230921,104.38789803889966,8307.276799279487,189.56764535121184,43.822229177814606,2.0213691021235993,312.95845283183024,0.0,0.0,0.3506993455665341,0.04013457529294197,0.7902771855010661,0.049804141018466704,700.1819642427648,11725,2.4513614177703857
paper,50,1500000.0,69,13,exclude,launch,0,0.0,prior,0.0,cyc,12600.0,43200.0,9071713.32728751,0,7850035.2071617665,1221678.1201257445,0,50,1.0,50,4.616046259841628,1200000000000000.0,8332.091090158548,0.0,8332091090158.548,1.0000018257418584,1e-09,0.0,0.0,1.0,0.0,0.0,0.0,1619845226086959.5,4638,0.24299836158752441
paper,50,1500000.0,68,13,exclude,launch,0,0.0,prior,0.0,cyc,12600.0,43200.0,9056016.241322046,0,7849631.920758257,1206384.3205637897,0,50,1.0,50,4.616046259841628,1200000000000000.0,8332.091090158548,0.0,8332091090158.548,1.0000018257418584,1e-09,0.0,0.0,1.0,0.0,0.0,0.0,1619562679411767.8,4570,0.2629978656768799
paper,50,1500000.0,68,13,exclude,launch,0,0.0,prior,0.0,cyc_sector0,12600.0,43200.0,9056016.241322046,0,7849631.920758257,1206384.3205637897,0,50,1.0,50,4.616046259841628,1200000000000000.0,8332.091090158548,0.0,8332091090158.548,1.0000018257418584,1e-09,0.0,0.0,1.0,0.0,0.0,0.0,1619562679411767.8,4570,0.2859988212585449
paper,200,1500000.0,69,13,exclude,launch,0,0.0,prior,0.0,cluster_patrol,12600.0,43200.0,34529970.41814457,0,29630173.097126726,4899797.321017843,0,200,1.0,200,4.646836166414484,1200000000000000.0,8274.674043622275,0.0,8274674043622.274,1.0000018257418584,1e-09,0.0,0.0,1.0,0.0,0.0,0.0,6479380904347838.0,4638,0.27199864387512207
paper,200,1500000.0,68,13,exclude,launch,0,0.0,prior,0.0,cluster_patrol,12600.0,43200.0,34423572.54033074,0,29628650.881540492,4794921.658790242,0,200,1.0,200,4.646836166414484,1200000000000000.0,8274.674043622275,0.0,8274674043622.274,1.0000018257418584,1e-09,0.0,0.0,1.0,0.0,0.0,0.0,6478250717647071.0,4570,0.28499722480773926
paper,200,1500000.0,69,13,exclude,launch,0,0.0,prior,0.0,cyc_sector0,12600.0,43200.0,34529970.41814457,0,29630173.097126726,4899797.321017843,0,200,1.0,200,4.646836166414484,1200000000000000.0,8274.674043622275,0.0,8274674043622.274,1.0000018257418584,1e-09,0.0,0.0,1.0,0.0,0.0,0.0,6479380904347838.0,4638,0.2779998779296875
paper,100,1500000.0,70,15,exclude,launch,0,0.0,prior,0.0,cluster_patrol,12600.0,43200.0,16064157.140274597,0,13760153.062313188,2304004.077961408,0,100,1.0,100,4.910459184525673,1200000000000000.0,7812.5443731858395,0.0,7812544373185.839,1.0000018257418584,1e-09,0.0,0.0,1.0,0.0,0.0,0.0,3238862040000005.5,4704,0.30499768257141113
paper,50,1500000.0,69,13,exclude,launch,0,0.0,prior,0.0,cyc_sector0,12600.0,43200.0,9071713.32728751,0,7850035.2071617665,1221678.1201257445,0,50,1.0,50,4.616046259841628,1200000000000000.0,8332.091090158548,0.0,8332091090158.548,1.0000018257418584,1e-09,0.0,0.0,1.0,0.0,0.0,0.0,1619845226086959.5,4638,0.3319976329803467
paper,100,1500000.0,69,13,exclude,launch,0,0.0,prior,0.0,cluster_patrol,12600.0,43200.0,16415097.641693387,0,14084101.209326612,2330996.4323667735,0,99,0.9999911711591009,100,4.8468564258348,298.9524587800678,7919.438460522844,62.09704606968068,127.53325579507019,2.1547005383792515,400.0,0.0,0.0,0.8767083872824054,0.012899314092841861,0.12384969325153375,0.0022727272727272726,5021.344182939279,5216,0.36299729347229004
paper,100,1500000.0,70,13,exclude,launch,0,0.0,prior,0.0,cluster_patrol,12600.0,43200.0,16416499.921798274,0,14084101.217348859,2332398.7044494157,0,99,0.999991120498724,100,4.8468564258348,302.735216118926,7919.438460522844,61.32112690258509,129.14698180781454,2.1547005383792515,400.0,0.0,0.0,0.8782670454545455,0.0127381126735569,0.1223021582733813,0.003386004514672686,5020.246565277194,5282,0.3659980297088623
paper,100,1500000.0,69,15,exclude,launch,0,0.0,prior,0.0,cluster_patrol,12600.0,43200.0,16016304.414665433,0,13761221.367546508,2255083.047118926,0,100,1.0,100,4.910459184525673,1200000000000000.0,7812.5443731858395,0.0,7812544373185.839,1.0000018257418584,1e-09,0.0,0.0,1.0,0.0,0.0,0.0,3239690452173919.0,4638,0.37599873542785645
paper,200,1500000.0,68,13,exclude,launch,0,0.0,prior,0.0,cyc_sector0,12600.0,43200.0,34423572.54033074,0,29628650.881540492,4794921.658790242,0,200,1.0,200,4.646836166414484,1200000000000000.0,8274.674043622275,0.0,8274674043622.274,1.0000018257418584,1e-09,0.0,0.0,1.0,0.0,0.0,0.0,6478250717647071.0,4570,0.3729984760284424
paper,100,1500000.0,70,13,exclude,launch,0,0.0,prior,0.0,cyc,12600.0,43200.0,16425593.116364,0,14084101.195970817,2341491.9203931824,0,99,0.9999911712166542,100,4.8468564258348,302.79253062406025,7919.438460522844,61.30951964782405,129.17143220194706,2.1547005383792515,400.0,0.0,0.0,0.8786587098607559,0.012735718361710939,0.12227900813931478,0.0033975084937712344,5021.483477940116,5283,0.4979977607727051
paper,100,1500000.0,69,13,exclude,launch,0,0.0,prior,0.0,cyc,12600.0,43200.0,16421208.485762889,0,14084101.181798333,2337107.3039645567,0,99,0.999991161786455,100,4.8468564258348,299.009773285202,7919.438460522844,62.08514324313867,127.55770618920268,2.1547005383792515,400.0,0.0,0.0,0.8771046193696935,0.012896851649053047,0.12382595361318766,0.0022727272727272726,5022.936949225689,5217,0.5329983234405518
paper,200,1500000.0,68,14,exclude,launch,0,0.0,prior,0.0,cluster_patrol,12600.0,43200.0,36276270.072450735,0,31199232.660486497,5077037.411964239,0,192,0.999929614225612,197,4.629302721230921,219.65909009881753,8307.276799279487,90.70706882072204,91.58356572736797,2.007565288688159,304.556343290776,0.0,0.0,0.7771353482260184,0.02354560558622484,0.44946575582413734,0.051580698835274545,2529.0323530045594,5709,0.5099985599517822
paper,200,1500000.0,69,14,exclude,launch,0,0.0,prior,0.0,cluster_patrol,12600.0,43200.0,36261890.173576966,0,31199135.013580028,5062755.15999694,0,192,0.9999331024731876,197,4.629302721230921,214.36501461389204,8307.276799279487,92.86153855832795,89.45874608852772,2.0094176310367944,305.6771861543801,0.0,0.0,0.7701385325808107,0.022965176625288963,0.45700119678577533,0.05310229178311906,2424.658579526297,5849,0.5779993534088135
paper,100,1500000.0,71,15,exclude,launch,0,0.0,prior,0.0,cyc_sector0,12600.0,43200.0,16040463.15233347,0,13760845.203731963,2279617.9486015085,0,100,1.0,100,4.910459184525673,1200000000000000.0,7812.5443731858395,0.0,7812544373185.839,1.0000018257418584,1e-09,0.0,0.0,1.0,0.0,0.0,0.0,3239414923943668.0,4772,0.2409977912902832
paper,100,1500000.0,70,15,exclude,launch,0,0.0,prior,0.0,cyc_sector0,12600.0,43200.0,16064157.140274597,0,13760153.062313188,2304004.077961408,0,100,1.0,100,4.910459184525673,1200000000000000.0,7812.5443731858395,0.0,7812544373185.839,1.0000018257418584,1e-09,0.0,0.0,1.0,0.0,0.0,0.0,3238862040000005.5,4704,0.253997802734375
paper,50,1500000.0,69,13,exclude,launch,0,0.0,prior,0.0,cluster_patrol,12600.0,43200.0,9071713.32728751,0,7850035.2071617665,1221678.1201257445,0,50,1.0,50,4.616046259841628,1200000000000000.0,8332.091090158548,0.0,8332091090158.548,1.0000018257418584,1e-09,0.0,0.0,1.0,0.0,0.0,0.0,1619845226086959.5,4638,0.2985084056854248
paper,50,1500000.0,70,13,exclude,launch,0,0.0,prior,0.0,cluster_patrol,12600.0,43200.0,9114690.546030212,0,7849425.7965964405,1265264.749433772,0,50,1.0,50,4.616046259841628,1200000000000000.0,8332.091090158548,0.0,8332091090158.548,1.0000018257418584,1e-09,0.0,0.0,1.0,0.0,0.0,0.0,1619431020000002.8,4704,0.3229992389678955
paper,100,1500000.0,71,13,exclude,launch,0,0.0,prior,0.0,cyc_sector0,12600.0,43200.0,16428481.21502544,0,14084101.191553002,2344380.0234724386,0,99,0.9999911708383139,100,4.8468564258348,306.6899169731869,7919.438460522844,60.530404092591006,130.8340590029564,2.1547005383792515,400.0,0.0,0.0,0.8801907968574635,0.012573881523923892,0.12072509811250233,0.0022727272727272726,5022.17452737716,5351,0.3209989070892334
paper,100,1500000.0,70,13,exclude,launch,0,0.0,prior,0.0,cyc_sector0,12600.0,43200.0,16425593.116364,0,14084101.195970817,2341491.9203931824,0,99,0.9999911712166542,100,4.8468564258348,302.79253062406025,7919.438460522844,61.30951964782405,129.17143220194706,2.1547005383792515,400.0,0.0,0.0,0.8786587098607559,0.012735718361710939,0.12227900813931478,0.0033975084937712344,5021.483477940116,5283,0.33699870109558105
paper,100,1500000.0,71,15,exclude,launch,0,0.0,prior,0.0,cyc,12600.0,43200.0,16040463.15233347,0,13760845.203731963,2279617.9486015085,0,100,1.0,100,4.910459184525673,1200000000000000.0,7812.5443731858395,0.0,7812544373185.839,1.0000018257418584,1e-09,0.0,0.0,1.0,0.0,0.0,0.0,3239414923943668.0,4772,0.3429985046386719
paper,100,1500000.0,70,15,exclude,launch,0,0.0,prior,0.0,cyc,12600.0,43200.0,16064157.140274597,0,13760153.062313188,2304004.077961408,0,100,1.0,100,4.910459184525673,1200000000000000.0,7812.5443731858395,0.0,7812544373185.839,1.0000018257418584,1e-09,0.0,0.0,1.0,0.0,0.0,0.0,3238862040000005.5,4704,0.3509998321533203
paper,200,1500000.0,70,13,exclude,launch,0,0.0,prior,0.0,cyc,12600.0,43200.0,34487839.3648761,0,29627872.86024085,4859966.50463525,0,200,1.0,200,4.646836166414484,1200000000000000.0,8274.674043622275,0.0,8274674043622.274,1.0000018257418584,1e-09,0.0,0.0,1.0,0.0,0.0,0.0,6477724080000011.0,4704,0.48199939727783203
paper,200,1500000.0,69,13,exclude,launch,0,0.0,prior,0.0,cyc,12600.0,43200.0,34529970.41814457,0,29630173.097126726,4899797.321017843,0,200,1.0,200,4.646836166414484,1200000000000000.0,8274.674043622275,0.0,8274674043622.274,1.0000018257418584,1e-09,0.0,0.0,1.0,0.0,0.0,0.0,6479380904347838.0,4638,0.53299880027771
paper,200,1500000.0,69,14,exclude,launch,0,0.0,prior,0.0,cyc_sector0,12600.0,43200.0,36192871.07408471,0,31197593.832091615,4995277.241993092,0,192,0.9999774234844602,197,4.629302721230921,104.99140869681705,8307.276799279487,188.47804027545067,44.07556862931534,2.021368394998137,312.9580194903211,0.0,0.0,0.3544271497831079,0.03990384980691401,0.785702170963365,0.052135330005546314,700.3047885515796,11792,1.3522520065307617
paper,200,1500000.0,70,14,exclude,launch,0,0.0,prior,0.0,cyc_sector0,12600.0,43200.0,36352909.43823373,0,31197593.84182685,5155315.596406884,0,192,0.9999775907443519,197,4.629302721230921,105.57979170664372,8307.276799279487,187.42692834871713,44.32274952414194,2.021376454697278,312.9629586629944,0.0,0.0,0.35807167776720583,0.039680907657721566,0.7812447292966773,0.048630519843487985,700.2805466559375,11858,1.395254135131836
paper,200,1500000.0,70,14,exclude,launch,0,0.0,prior,0.0,cyc,12600.0,43200.0,36352909.43823373,0,31197593.84182685,5155315.596406884,0,192,0.9999775907443519,197,4.629302721230921,105.57979170664372,8307.276799279487,187.42692834871713,44.32274952414194,2.021376454697278,312.9629586629944,0.0,0.0,0.35807167776720583,0.039680907657721566,0.7812447292966773,0.048630519843487985,700.2805466559375,11858,2.3937127590179443
paper,200,1500000.0,69,14,exclude,launch,0,0.0,prior,0.0,cyc,12600.0,43200.0,36192871.07408471,0,31197593.832091615,4995277.241993092,0,192,0.9999774234844602,197,4.629302721230921,104.99140869681705,8307.276799279487,188.47804027545067,44.07556862931534,2.021368394998137,312.9580194903211,0.0,0.0,0.3544271497831079,0.03990384980691401,0.785702170963365,0.052135330005546314,700.3047885515796,11792,2.485712766647339
paper,50,1500000.0,71,13,exclude,launch,0,0.0,prior,0.0,cyc,12600.0,43200.0,9063893.190775057,0,7849820.625976778,1214072.5647982797,0,50,1.0,50,4.616046259841628,1200000000000000.0,8332.091090158548,0.0,8332091090158.548,1.0000018257418584,1e-09,0.0,0.0,1.0,0.0,0.0,0.0,1619707461971834.0,4772,0.2644641399383545
paper,100,1500000.0,72,15,exclude,launch,0,0.0,prior,0.0,cluster_patrol,12600.0,43200.0,16131159.921713462,0,13761518.119000224,2369641.8027132377,0,100,1.0,100,4.910459184525673,1200000000000000.0,7812.5443731858395,0.0,7812544373185.839,1.0000018257418584,1e-09,0.0,0.0,1.0,0.0,0.0,0.0,3239282900000006.0,4839,0.26746606826782227
paper,200,1500000.0,70,13,exclude,launch,0,0.0,prior,0.0,cluster_patrol,12600.0,43200.0,34487839.3648761,0,29627872.86024085,4859966.50463525,0,200,1.0,200,4.646836166414484,1200000000000000.0,8274.674043622275,0.0,8274674043622.274,1.0000018257418584,1e-09,0.0,0.0,1.0,0.0,0.0,0.0,6477724080000011.0,4704,0.27646589279174805
paper,50,1500000.0,71,13,exclude,launch,0,0.0,prior,0.0,cyc_sector0,12600.0,43200.0,9063893.190775057,0,7849820.625976778,1214072.5647982797,0,50,1.0,50,4.616046259841628,1200000000000000.0,8332.091090158548,0.0,8332091090158.548,1.0000018257418584,1e-09,0.0,0.0,1.0,0.0,0.0,0.0,1619707461971834.0,4772,0.29746532440185547
paper,200,1500000.0,71,13,exclude,launch,0,0.0,prior,0.0,cluster_patrol,12600.0,43200.0,34528268.555281594,0,29629363.15456126,4898905.400720337,0,200,1.0,200,4.646836166414484,1200000000000000.0,8274.674043622275,0.0,8274674043622.274,1.0000018257418584,1e-09,0.0,0.0,1.0,0.0,0.0,0.0,6478829847887336.0,4772,0.29546594619750977
paper,50,1500000.0,70,13,exclude,launch,0,0.0,prior,0.0,cyc,12600.0,43200.0,9114690.546030212,0,7849425.7965964405,1265264.749433772,0,50,1.0,50,4.616046259841628,1200000000000000.0,8332.091090158548,0.0,8332091090158.548,1.0000018257418584,1e-09,0.0,0.0,1.0,0.0,0.0,0.0,1619431020000002.8,4704,0.3484642505645752
paper,200,1500000.0,70,13,exclude,launch,0,0.0,prior,0.0,cyc_sector0,12600.0,43200.0,34487839.3648761,0,29627872.86024085,4859966.50463525,0,200,1.0,200,4.646836166414484,1200000000000000.0,8274.674043622275,0.0,8274674043622.274,1.0000018257418584,1e-09,0.0,0.0,1.0,0.0,0.0,0.0,6477724080000011.0,4704,0.32146453857421875
paper,50,1500000.0,70,13,exclude,launch,0,0.0,prior,0.0,cyc_sector0,12600.0,43200.0,9114690.546030212,0,7849425.7965964405,1265264.749433772,0,50,1.0,50,4.616046259841628,1200000000000000.0,8332.091090158548,0.0,8332091090158.548,1.0000018257418584,1e-09,0.0,0.0,1.0,0.0,0.0,0.0,1619431020000002.8,4704,0.3484644889831543
paper,100,1500000.0,71,15,exclude,launch,0,0.0,prior,0.0,cluster_patrol,12600.0,43200.0,16040463.15233347,0,13760845.203731963,2279617.9486015085,0,100,1.0,100,4.910459184525673,1200000000000000.0,7812.5443731858395,0.0,7812544373185.839,1.0000018257418584,1e-09,0.0,0.0,1.0,0.0,0.0,0.0,3239414923943668.0,4772,0.32846617698669434
paper,100,1500000.0,71,13,exclude,launch,0,0.0,prior,0.0,cluster_patrol,12600.0,43200.0,16407584.339391187,0,14084101.22514509,2323483.1142460974,0,99,0.9999911717988726,100,4.8468564258348,307.05059848689194,7919.438460522844,60.45930116075865,130.98792590184598,2.1547005383792515,400.00000000000006,0.0,0.0,0.8798036465638148,0.012559066101568655,0.12058328659562535,0.0022753128555176336,5028.014223241274,5349,0.35146522521972656
paper,200,1500000.0,71,13,exclude,launch,0,0.0,prior,0.0,cyc_sector0,12600.0,43200.0,34528268.555281594,0,29629363.15456126,4898905.400720337,0,200,1.0,200,4.646836166414484,1200000000000000.0,8274.674043622275,0.0,8274674043622.274,1.0000018257418584,1e-09,0.0,0.0,1.0,0.0,0.0,0.0,6478829847887336.0,4772,0.3394639492034912
paper,100,1500000.0,72,13,exclude,launch,0,0.0,prior,0.0,cluster_patrol,12600.0,43200.0,16417487.890170239,0,14084101.232724715,2333386.6574455253,0,99,0.9999911786954216,100,4.8468564258348,310.8966239306426,7919.438460522844,59.71137405998854,132.6286421171056,2.1547005383792515,400.0,0.0,0.0,0.8813019390581718,0.012403780299910709,0.11909158050221566,0.0022753128555176336,5025.922864445165,5416,0.3724629878997803
paper,100,1500000.0,71,13,exclude,launch,0,0.0,prior,0.0,cyc,12600.0,43200.0,16428481.21502544,0,14084101.191553002,2344380.0234724386,0,99,0.9999911708383139,100,4.8468564258348,306.6899169731869,7919.438460522844,60.530404092591006,130.8340590029564,2.1547005383792515,400.0,0.0,0.0,0.8801907968574635,0.012573881523923892,0.12072509811250233,0.0022727272727272726,5022.17452737716,5351,0.526463508605957
paper,100,1500000.0,72,13,exclude,launch,0,0.0,prior,0.0,cyc,12600.0,43200.0,16408795.283715108,0,14084101.187257824,2324694.0964572835,0,99,0.9999911571914153,100,4.8468564258348,310.52998881717934,7919.438460522844,59.78187380942312,132.47223540983325,2.1547005383792515,400.0,0.0,0.0,0.8816846771958992,0.01241841057369152,0.11923218899963087,0.003386004514672686,5021.809925888151,5418,0.5354642868041992
paper,200,1500000.0,71,14,exclude,launch,0,0.0,prior,0.0,cluster_patrol,12600.0,43200.0,36214209.120733954,0,31199134.882649906,5015074.238084048,0,192,0.9999321310619278,197,4.629302721230921,219.27609235511014,8307.276799279487,90.7817380958817,91.50823693753827,2.009417659629631,305.67720347164834,0.0,0.0,0.7752978056426332,0.02245077642831573,0.4467658365368544,0.0562047857540345,2424.2549031132094,5983,0.5634644031524658
paper,200,1500000.0,70,14,exclude,launch,0,0.0,prior,0.0,cluster_patrol,12600.0,43200.0,36166146.44214498,0,31199134.945043437,4967011.4971015435,0,192,0.9999320768579532,197,4.629302721230921,216.7839004040637,8307.276799279487,91.8253827603821,90.46819680520457,2.0094176753746993,305.67721300765857,0.0,0.0,0.7727330374128091,0.02270837946321136,0.45190194420963653,0.0554932735426009,2424.2126483319503,5915,0.6229708194732666
paper,100,1500000.0,72,15,exclude,launch,0,0.0,prior,0.0,cyc_sector0,12600.0,43200.0,16131159.921713462,0,13761518.119000224,2369641.8027132377,0,100,1.0,100,4.910459184525673,1200000000000000.0,7812.5443731858395,0.0,7812544373185.839,1.0000018257418584,1e-09,0.0,0.0,1.0,0.0,0.0,0.0,3239282900000006.0,4839,0.23399806022644043
paper,100,1500000.0,73,15,exclude,launch,0,0.0,prior,0.0,cyc_sector0,12600.0,43200.0,16018380.936121691,0,13760489.651633305,2257891.284488385,0,100,1.0,100,4.910459184525673,1200000000000000.0,7812.5443731858395,0.0,7812544373185.839,1.0000018257418584,1e-09,0.0,0.0,1.0,0.0,0.0,0.0,3239154493150691.5,4906,0.24799871444702148
paper,50,1500000.0,72,13,exclude,launch,0,0.0,prior,0.0,cluster_patrol,12600.0,43200.0,9065732.860716626,0,7850204.487874341,1215528.3728422844,0,50,1.0,50,4.616046259841628,1200000000000000.0,8332.091090158548,0.0,8332091090158.548,1.0000018257418584,1e-09,0.0,0.0,1.0,0.0,0.0,0.0,1619641450000003.0,4839,0.2889978885650635
paper,50,1500000.0,71,13,exclude,launch,0,0.0,prior,0.0,cluster_patrol,12600.0,43200.0,9063893.190775057,0,7849820.625976778,1214072.5647982797,0,50,1.0,50,4.616046259841628,1200000000000000.0,8332.091090158548,0.0,8332091090158.548,1.0000018257418584,1e-09,0.0,0.0,1.0,0.0,0.0,0.0,1619707461971834.0,4772,0.3229987621307373
paper,100,1500000.0,73,15,exclude,launch,0,0.0,prior,0.0,cyc,12600.0,43200.0,16018380.936121691,0,13760489.651633305,2257891.284488385,0,100,1.0,100,4.910459184525673,1200000000000000.0,7812.5443731858395,0.0,7812544373185.839,1.0000018257418584,1e-09,0.0,0.0,1.0,0.0,0.0,0.0,3239154493150691.5,4906,0.3169987201690674
paper,100,1500000.0,72,13,exclude,launch,0,0.0,prior,0.0,cyc_sector0,12600.0,43200.0,16408795.283715108,0,14084101.187257824,2324694.0964572835,0,99,0.9999911571914153,100,4.8468564258348,310.52998881717934,7919.438460522844,59.78187380942312,132.47223540983325,2.1547005383792515,400.0,0.0,0.0,0.8816846771958992,0.01241841057369152,0.11923218899963087,0.003386004514672686,5021.809925888151,5418,0.32399892807006836
paper,100,1500000.0,72,15,exclude,launch,0,0.0,prior,0.0,cyc,12600.0,43200.0,16131159.921713462,0,13761518.119000224,2369641.8027132377,0,100,1.0,100,4.910459184525673,1200000000000000.0,7812.5443731858395,0.0,7812544373185.839,1.0000018257418584,1e-09,0.0,0.0,1.0,0.0,0.0,0.0,3239282900000006.0,4839,0.33899855613708496
paper,100,1500000.0,73,13,exclude,launch,0,0.0,prior,0.0,cyc_sector0,12600.0,43200.0,16407217.915867843,0,14084101.183080375,2323116.7327874685,0,99,0.999991154967525,100,4.8468564258348,314.37006066117175,7919.438460522844,59.0516303189525,134.11041181671013,2.1547005383792515,400.0,0.0,0.0,0.8831257698097714,0.012266684442119521,0.11777575205104832,0.0022727272727272726,5022.477570574208,5485,0.3430025577545166
paper,200,1500000.0,72,13,exclude,launch,0,0.0,prior,0.0,cyc,12600.0,43200.0,34509543.03475264,0,29630812.051817164,4878730.98293547,0,200,1.0,200,4.646836166414484,1200000000000000.0,8274.674043622275,0.0,8274674043622.274,1.0000018257418584,1e-09,0.0,0.0,1.0,0.0,0.0,0.0,6478565800000012.0,4839,0.48850440979003906
paper,200,1500000.0,71,13,exclude,launch,0,0.0,prior,0.0,cyc,12600.0,43200.0,34528268.555281594,0,29629363.15456126,4898905.400720337,0,200,1.0,200,4.646836166414484,1200000000000000.0,8274.674043622275,0.0,8274674043622.274,1.0000018257418584,1e-09,0.0,0.0,1.0,0.0,0.0,0.0,6478829847887336.0,4772,0.506505012512207
paper,200,1500000.0,72,14,exclude,launch,0,0.0,prior,0.0,cyc_sector0,12600.0,43200.0,36258566.692194454,0,31197593.813979026,5060972.87821543,0,192,0.9999775655973328,197,4.629302721230921,106.78178960559619,8307.276799279487,185.31714469766428,44.82735158062357,2.0213764240380296,312.96293987421393,0.0,0.0,0.36531828159297586,0.039234170473355555,0.7724505961811057,0.05400890868596882,700.3942277718795,11993,1.3447163105010986
paper,200,1500000.0,71,14,exclude,launch,0,0.0,prior,0.0,cyc_sector0,12600.0,43200.0,36270574.15273582,0,31197593.8286301,5072980.324105724,0,192,0.9999776677573856,197,4.629302721230921,106.1939966622766,8307.276799279487,186.34309421798343,44.58054554767491,2.0213742206843577,312.96158960357354,0.0,0.0,0.36171554714601073,0.03945160028010345,0.7767714884696016,0.04127161182375906,700.4180704238199,11925,1.3707163333892822
paper,200,1500000.0,72,14,exclude,launch,0,0.0,prior,0.0,cyc,12600.0,43200.0,36258566.692194454,0,31197593.813979026,5060972.87821543,0,192,0.9999775655973328,197,4.629302721230921,106.78178960559619,8307.276799279487,185.31714469766428,44.82735158062357,2.0213764240380296,312.96293987421393,0.0,0.0,0.36531828159297586,0.039234170473355555,0.7724505961811057,0.05400890868596882,700.3942277718795,11993,2.4566311836242676
paper,200,1500000.0,71,14,exclude,launch,0,0.0,prior,0.0,cyc,12600.0,43200.0,36270574.15273582,0,31197593.8286301,5072980.324105724,0,192,0.9999776677573856,197,4.629302721230921,106.1939966622766,8307.276799279487,186.34309421798343,44.58054554767491,2.0213742206843577,312.96158960357354,0.0,0.0,0.36171554714601073,0.03945160028010345,0.7767714884696016,0.04127161182375906,700.4180704238199,11925,2.4606316089630127
paper,50,1500000.0,72,13,exclude,launch,0,0.0,prior,0.0,cyc_sector0,12600.0,43200.0,9065732.860716626,0,7850204.487874341,1215528.3728422844,0,50,1.0,50,4.616046259841628,1200000000000000.0,8332.091090158548,0.0,8332091090158.548,1.0000018257418584,1e-09,0.0,0.0,1.0,0.0,0.0,0.0,1619641450000003.0,4839,0.25299859046936035
paper,50,1500000.0,73,13,exclude,launch,0,0.0,prior,0.0,cyc_sector0,12600.0,43200.0,9099344.28268722,0,7849617.802664958,1249726.480022262,0,50,1.0,50,4.616046259841628,1200000000000000.0,8332.091090158548,0.0,8332091090158.548,1.0000018257418584,1e-09,0.0,0.0,1.0,0.0,0.0,0.0,1619577246575345.8,4906,0.2539980411529541
paper,50,1500000.0,72,13,exclude,launch,0,0.0,prior,0.0,cyc,12600.0,43200.0,9065732.860716626,0,7850204.487874341,1215528.3728422844,0,50,1.0,50,4.616046259841628,1200000000000000.0,8332.091090158548,0.0,8332091090158.548,1.0000018257418584,1e-09,0.0,0.0,1.0,0.0,0.0,0.0,1619641450000003.0,4839,0.2669985294342041
paper,200,1500000.0,72,13,exclude,launch,0,0.0,prior,0.0,cluster_patrol,12600.0,43200.0,34509543.03475264,0,29630812.051817164,4878730.98293547,0,200,1.0,200,4.646836166414484,1200000000000000.0,8274.674043622275,0.0,8274674043622.274,1.0000018257418584,1e-09,0.0,0.0,1.0,0.0,0.0,0.0,6478565800000012.0,4839,0.28499889373779297
paper,200,1500000.0,73,13,exclude,launch,0,0.0,prior,0.0,cyc_sector0,12600.0,43200.0,34478275.85796666,0,29628597.592410315,4849678.265556347,0,200,1.0,200,4.646836166414484,1200000000000000.0,8274.674043622275,0.0,8274674043622.274,1.0000018257418584,1e-09,0.0,0.0,1.0,0.0,0.0,0.0,6478308986301383.0,4906,0.3020007610321045
paper,50,1500000.0,73,13,exclude,launch,0,0.0,prior,0.0,cyc,12600.0,43200.0,9099344.28268722,0,7849617.802664958,1249726.480022262,0,50,1.0,50,4.616046259841628,1200000000000000.0,8332.091090158548,0.0,8332091090158.548,1.0000018257418584,1e-09,0.0,0.0,1.0,0.0,0.0,0.0,1619577246575345.8,4906,0.35200071334838867
paper,100,1500000.0,73,13,exclude,launch,0,0.0,prior,0.0,cluster_patrol,12600.0,43200.0,16421660.05865297,0,14084101.240096657,2337558.818556313,0,99,0.9999911820471516,100,4.8468564258348,314.7426493743931,7919.438460522844,58.98172568099544,134.26935833236521,2.1547005383792515,400.0,0.0,0.0,0.8827472978519634,0.01225215474850038,0.11763633047601678,0.0022753128555176336,5025.936487126109,5483,0.37723517417907715
paper,200,1500000.0,72,13,exclude,launch,0,0.0,prior,0.0,cyc_sector0,12600.0,43200.0,34509543.03475264,0,29630812.051817164,4878730.98293547,0,200,1.0,200,4.646836166414484,1200000000000000.0,8274.674043622275,0.0,8274674043622.274,1.0000018257418584,1e-09,0.0,0.0,1.0,0.0,0.0,0.0,6478565800000012.0,4839,0.3852353096008301
paper,200,1500000.0,73,13,exclude,launch,0,0.0,prior,0.0,cluster_patrol,12600.0,43200.0,34478275.85796666,0,29628597.592410315,4849678.265556347,0,200,1.0,200,4.646836166414484,1200000000000000.0,8274.674043622275,0.0,8274674043622.274,1.0000018257418584,1e-09,0.0,0.0,1.0,0.0,0.0,0.0,6478308986301383.0,4906,0.3892343044281006
paper,100,1500000.0,73,15,exclude,launch,0,0.0,prior,0.0,cluster_patrol,12600.0,43200.0,16018380.936121691,0,13760489.651633305,2257891.284488385,0,100,1.0,100,4.910459184525673,1200000000000000.0,7812.5443731858395,0.0,7812544373185.839,1.0000018257418584,1e-09,0.0,0.0,1.0,0.0,0.0,0.0,3239154493150691.5,4906,0.4042344093322754
paper,100,1500000.0,74,15,exclude,launch,0,0.0,prior,0.0,cluster_patrol,12600.0,43200.0,16040833.805828914,0,13761149.18476048,2279684.621068433,0,100,1.0,100,4.910459184525673,1200000000000000.0,7812.5443731858395,0.0,7812544373185.839,1.0000018257418584,1e-09,0.0,0.0,1.0,0.0,0.0,0.0,3239681010810817.0,4974,0.4212343692779541
paper,100,1500000.0,74,13,exclude,launch,0,0.0,prior,0.0,cluster_patrol,12600.0,43200.0,16415924.263905454,0,14084101.246008534,2331823.0178969204,0,99,0.9999911797288991,100,4.8468564258348,318.6460781829757,7919.438460522844,58.25919688504739,135.9345628493451,2.1547005383792515,400.0,0.0,0.0,0.8841735369644547,0.01210205162622274,0.11619528012970635,0.0022497187851518562,5025.949741626486,5551,0.46723318099975586
paper,100,1500000.0,74,13,exclude,launch,0,0.0,prior,0.0,cyc,12600.0,43200.0,16419525.327735893,0,14084101.196469495,2335424.1312663984,0,99,0.9999911683412146,100,4.8468564258348,318.26744701029844,7919.438460522844,58.32850572653601,135.77303861771946,2.1547005383792515,400.0,0.0,0.0,0.8845477896444505,0.01211649162022982,0.11633351341617144,0.0022727272727272726,5022.117315931819,5553,0.47623443603515625
paper,100,1500000.0,73,13,exclude,launch,0,0.0,prior,0.0,cyc,12600.0,43200.0,16407217.915867843,0,14084101.183080375,2323116.7327874685,0,99,0.999991154967525,100,4.8468564258348,314.37006066117175,7919.438460522844,59.0516303189525,134.11041181671013,2.1547005383792515,400.0,0.0,0.0,0.8831257698097714,0.012266684442119521,0.11777575205104832,0.0022727272727272726,5022.477570574208,5485,0.5372343063354492
paper,200,1500000.0,73,14,exclude,launch,0,0.0,prior,0.0,cluster_patrol,12600.0,43200.0,36266733.28780399,0,31199134.846064787,5067598.441739205,0,192,0.9999317347360239,197,4.629302721230921,224.02247317012396,8307.276799279487,88.8582474255213,93.48909122073822,2.0094197226281643,305.67845292921595,0.0,0.0,0.7801348865726548,0.02197212183453792,0.43707093821510296,0.05885619100499723,2426.634374803047,6118,0.5787410736083984
paper,200,1500000.0,72,14,exclude,launch,0,0.0,prior,0.0,cluster_patrol,12600.0,43200.0,36307092.092563115,0,31199134.86571573,5107957.226847383,0,192,0.9999324217618056,197,4.629302721230921,221.7316324702387,8307.276799279487,89.77638661614219,92.53298236204354,2.009417662172761,305.67720501189683,0.0,0.0,0.7778053316800992,0.022202206727715675,0.44181818181818183,0.052836484983314794,2423.921771067435,6050,0.6387424468994141
paper,50,1500000.0,74,13,exclude,launch,0,0.0,prior,0.0,cluster_patrol,12600.0,43200.0,9092078.959087735,0,7849994.030772222,1242084.9283155133,0,50,1.0,50,4.616046259841628,1200000000000000.0,8332.091090158548,0.0,8332091090158.548,1.0000018257418584,1e-09,0.0,0.0,1.0,0.0,0.0,0.0,1619840505405408.5,4974,0.23350739479064941
paper,50,1500000.0,73,13,exclude,launch,0,0.0,prior,0.0,cluster_patrol,12600.0,43200.0,9099344.28268722,0,7849617.802664958,1249726.480022262,0,50,1.0,50,4.616046259841628,1200000000000000.0,8332.091090158548,0.0,8332091090158.548,1.0000018257418584,1e-09,0.0,0.0,1.0,0.0,0.0,0.0,1619577246575345.8,4906,0.2815072536468506
paper,100,1500000.0,74,15,exclude,launch,0,0.0,prior,0.0,cyc_sector0,12600.0,43200.0,16040833.805828914,0,13761149.18476048,2279684.621068433,0,100,1.0,100,4.910459184525673,1200000000000000.0,7812.5443731858395,0.0,7812544373185.839,1.0000018257418584,1e-09,0.0,0.0,1.0,0.0,0.0,0.0,3239681010810817.0,4974,0.2595083713531494
paper,100,1500000.0,75,15,exclude,launch,0,0.0,prior,0.0,cyc_sector0,12600.0,43200.0,16048403.10162921,0,13760153.062313208,2288250.039316002,0,100,1.0,100,4.910459184525673,1200000000000000.0,7812.5443731858395,0.0,7812544373185.839,1.0000018257418584,1e-09,0.0,0.0,1.0,0.0,0.0,0.0,3238907952000005.5,5040,0.2855076789855957
paper,100,1500000.0,75,15,exclude,launch,0,0.0,prior,0.0,cyc,12600.0,43200.0,16048403.10162921,0,13760153.062313208,2288250.039316002,0,100,1.0,100,4.910459184525673,1200000000000000.0,7812.5443731858395,0.0,7812544373185.839,1.0000018257418584,1e-09,0.0,0.0,1.0,0.0,0.0,0.0,3238907952000005.5,5040,0.3395073413848877
paper,100,1500000.0,75,13,exclude,launch,0,0.0,prior,0.0,cyc_sector0,12600.0,43200.0,16408933.074730454,0,14084101.19228066,2324831.8824497955,0,99,0.9999911602809768,100,4.8468564258348,322.05020434915656,7919.438460522844,57.64338713284472,137.3867646304638,2.1547005383792515,400.0,0.0,0.0,0.8859203847181405,0.011974177953027491,0.11496707599216943,0.003386004514672686,5021.768061321641,5619,0.35950684547424316
paper,100,1500000.0,74,13,exclude,launch,0,0.0,prior,0.0,cyc_sector0,12600.0,43200.0,16419525.327735893,0,14084101.196469495,2335424.1312663984,0,99,0.9999911683412146,100,4.8468564258348,318.26744701029844,7919.438460522844,58.32850572653601,135.77303861771946,2.1547005383792515,400.0,0.0,0.0,0.8845477896444505,0.01211649162022982,0.11633351341617144,0.0022727272727272726,5022.117315931819,5553,0.36650776863098145
paper,100,1500000.0,74,15,exclude,launch,0,0.0,prior,0.0,cyc,12600.0,43200.0,16040833.805828914,0,13761149.18476048,2279684.621068433,0,100,1.0,100,4.910459184525673,1200000000000000.0,7812.5443731858395,0.0,7812544373185.839,1.0000018257418584,1e-09,0.0,0.0,1.0,0.0,0.0,0.0,3239681010810817.0,4974,0.4405069351196289
paper,200,1500000.0,74,13,exclude,launch,0,0.0,prior,0.0,cyc,12600.0,43200.0,34578044.10746144,0,29630017.67571549,4948026.431745944,0,200,1.0,200,4.646836166414484,1200000000000000.0,8274.674043622275,0.0,8274674043622.274,1.0000018257418584,1e-09,0.0,0.0,1.0,0.0,0.0,0.0,6479362021621634.0,4974,0.48950719833374023
paper,200,1500000.0,73,13,exclude,launch,0,0.0,prior,0.0,cyc,12600.0,43200.0,34478275.85796666,0,29628597.592410315,4849678.265556347,0,200,1.0,200,4.646836166414484,1200000000000000.0,8274.674043622275,0.0,8274674043622.274,1.0000018257418584,1e-09,0.0,0.0,1.0,0.0,0.0,0.0,6478308986301383.0,4906,0.5102362632751465
paper,200,1500000.0,73,14,exclude,launch,0,0.0,prior,0.0,cyc_sector0,12600.0,43200.0,36261792.26857925,0,31197593.818541758,5064198.450037494,0,192,0.999977533379448,197,4.629302721230921,107.3783383243354,8307.276799279487,184.28760500489946,45.0777837123589,2.0213763787061376,312.9629120936589,0.0,0.0,0.36884121242359985,0.03901626201328627,0.7681592039800995,0.05490848585690516,700.4423971580313,12060,1.2902495861053467
paper,200,1500000.0,74,14,exclude,launch,0,0.0,prior,0.0,cyc_sector0,12600.0,43200.0,36335495.58151977,0,31197593.795568377,5137901.78595139,0,192,0.9999775283771883,197,4.629302721230921,107.98378470626514,8307.276799279487,183.2543301747269,45.331953637105194,2.021376446443128,312.9629536046375,0.0,0.0,0.3723641776234185,0.038797526603018245,0.7638522427440633,0.05385896724042199,700.4903487434855,12128,1.3802495002746582
paper,200,1500000.0,74,14,exclude,launch,0,0.0,prior,0.0,cyc,12600.0,43200.0,36335495.58151977,0,31197593.795568377,5137901.78595139,0,192,0.9999775283771883,197,4.629302721230921,107.98378470626514,8307.276799279487,183.2543301747269,45.331953637105194,2.021376446443128,312.9629536046375,0.0,0.0,0.3723641776234185,0.038797526603018245,0.7638522427440633,0.05385896724042199,700.4903487434855,12128,2.1869606971740723
paper,200,1500000.0,73,14,exclude,launch,0,0.0,prior,0.0,cyc,12600.0,43200.0,36261792.26857925,0,31197593.818541758,5064198.450037494,0,192,0.999977533379448,197,4.629302721230921,107.3783383243354,8307.276799279487,184.28760500489946,45.0777837123589,2.0213763787061376,312.9629120936589,0.0,0.0,0.36884121242359985,0.03901626201328627,0.7681592039800995,0.05490848585690516,700.4423971580313,12060,2.4048590660095215
paper,50,1500000.0,75,13,exclude,launch,0,0.0,prior,0.0,cyc_sector0,12600.0,43200.0,9063378.48272827,0,7849425.796596452,1213952.6861318182,0,50,1.0,50,4.616046259841628,1200000000000000.0,8332.091090158548,0.0,8332091090158.548,1.0000018257418584,1e-09,0.0,0.0,1.0,0.0,0.0,0.0,1619453976000002.8,5040,0.2302992343902588
paper,50,1500000.0,75,13,exclude,launch,0,0.0,prior,0.0,cyc,12600.0,43200.0,9063378.48272827,0,7849425.796596452,1213952.6861318182,0,50,1.0,50,4.616046259841628,1200000000000000.0,8332.091090158548,0.0,8332091090158.548,1.0000018257418584,1e-09,0.0,0.0,1.0,0.0,0.0,0.0,1619453976000002.8,5040,0.27429842948913574
paper,200,1500000.0,74,13,exclude,launch,0,0.0,prior,0.0,cluster_patrol,12600.0,43200.0,34578044.10746144,0,29630017.67571549,4948026.431745944,0,200,1.0,200,4.646836166414484,1200000000000000.0,8274.674043622275,0.0,8274674043622.274,1.0000018257418584,1e-09,0.0,0.0,1.0,0.0,0.0,0.0,6479362021621634.0,4974,0.28029870986938477
paper,50,1500000.0,74,13,exclude,launch,0,0.0,prior,0.0,cyc,12600.0,43200.0,9092078.959087735,0,7849994.030772222,1242084.9283155133,0,50,1.0,50,4.616046259841628,1200000000000000.0,8332.091090158548,0.0,8332091090158.548,1.0000018257418584,1e-09,0.0,0.0,1.0,0.0,0.0,0.0,1619840505405408.5,4974,0.3182981014251709
paper,100,1500000.0,75,15,exclude,launch,0,0.0,prior,0.0,cluster_patrol,12600.0,43200.0,16048403.10162921,0,13760153.062313208,2288250.039316002,0,100,1.0,100,4.910459184525673,1200000000000000.0,7812.5443731858395,0.0,7812544373185.839,1.0000018257418584,1e-09,0.0,0.0,1.0,0.0,0.0,0.0,3238907952000005.5,5040,0.2982981204986572
paper,200,1500000.0,75,13,exclude,launch,0,0.0,prior,0.0,cluster_patrol,12600.0,43200.0,34591008.30410516,0,29627872.860240787,4963135.4438643735,0,200,1.0,200,4.646836166414484,1200000000000000.0,8274.674043622275,0.0,8274674043622.274,1.0000018257418584,1e-09,0.0,0.0,1.0,0.0,0.0,0.0,6477815904000011.0,5040,0.30629920959472656
paper,50,1500000.0,74,13,exclude,launch,0,0.0,prior,0.0,cyc_sector0,12600.0,43200.0,9092078.959087735,0,7849994.030772222,1242084.9283155133,0,50,1.0,50,4.616046259841628,1200000000000000.0,8332.091090158548,0.0,8332091090158.548,1.0000018257418584,1e-09,0.0,0.0,1.0,0.0,0.0,0.0,1619840505405408.5,4974,0.33429861068725586
paper,200,1500000.0,75,13,exclude,launch,0,0.0,prior,0.0,cyc_sector0,12600.0,43200.0,34591008.30410516,0,29627872.860240787,4963135.4438643735,0,200,1.0,200,4.646836166414484,1200000000000000.0,8274.674043622275,0.0,8274674043622.274,1.0000018257418584,1e-09,0.0,0.0,1.0,0.0,0.0,0.0,6477815904000011.0,5040,0.3102989196777344
paper,100,1500000.0,76,15,exclude,launch,0,0.0,prior,0.0,cluster_patrol,12600.0,43200.0,16129504.720836112,0,13760799.668112338,2368705.0527237765,0,100,1.0,100,4.910459184525673,1200000000000000.0,7812.5443731858395,0.0,7812544373185.839,1.0000018257418584,1e-09,0.0,0.0,1.0,0.0,0.0,0.0,3239423857894743.0,5108,0.36229729652404785
paper,100,1500000.0,75,13,exclude,launch,0,0.0,prior,0.0,cluster_patrol,12600.0,43200.0,16412362.866519691,0,14084101.229677329,2328261.636842361,0,99,0.9999911537191727,100,4.8468564258348,322.4921036267263,7919.438460522844,57.56440048218192,137.57527906460473,2.1547005383792515,400.0,0.0,0.0,0.8855502136752137,0.011957737254766234,0.11480954076183696,0.003386004514672686,5025.96264267352,5618,0.3952975273132324
paper,200,1500000.0,74,13,exclude,launch,0,0.0,prior,0.0,cyc_sector0,12600.0,43200.0,34578044.10746144,0,29630017.67571549,4948026.431745944,0,200,1.0,200,4.646836166414484,1200000000000000.0,8274.674043622275,0.0,8274674043622.274,1.0000018257418584,1e-09,0.0,0.0,1.0,0.0,0.0,0.0,6479362021621634.0,4974,0.3812994956970215
paper,100,1500000.0,76,13,exclude,launch,0,0.0,prior,0.0,cluster_patrol,12600.0,43200.0,16440930.594191032,0,14084101.213775959,2356829.3804150736,0,99,0.9999911961674847,100,4.8468564258348,326.39553243530895,7919.438460522844,56.875976417322896,139.24048358158464,2.1547005383792515,400.0,0.0,0.0,0.8869094747954606,0.011814732096550358,0.11343651072810411,0.0022753128555176336,5025.975204219317,5686,0.4102973937988281
paper,100,1500000.0,75,13,exclude,launch,0,0.0,prior,0.0,cyc,12600.0,43200.0,16408933.074730454,0,14084101.19228066,2324831.8824497955,0,99,0.9999911602809768,100,4.8468564258348,322.05020434915656,7919.438460522844,57.64338713284472,137.3867646304638,2.1547005383792515,400.0,0.0,0.0,0.8859203847181405,0.011974177953027491,0.11496707599216943,0.003386004514672686,5021.768061321641,5619,0.5342972278594971
paper,100,1500000.0,76,13,exclude,launch,0,0.0,prior,0.0,cyc,12600.0,43200.0,16413981.82421873,0,14084101.188201975,2329880.6360167526,0,99,0.9999911613532244,100,4.8468564258348,325.94759069828325,7919.438460522844,56.954139669325556,139.0493914314732,2.1547005383792515,400.0,0.0,0.0,0.8872756071805702,0.011830983306103486,0.11359240372780025,0.0022727272727272726,5022.409902461754,5687,0.5472965240478516
paper,200,1500000.0,75,14,exclude,launch,0,0.0,prior,0.0,cluster_patrol,12600.0,43200.0,36220912.1631298,0,31199135.26868212,5021776.8944476815,0,192,0.9999328145737116,197,4.629302721230921,229.0213071553741,8307.276799279487,86.9190523148938,95.57486624662627,2.009412593163612,305.6741349711864,0.0,0.0,0.7848572114230862,0.021501689262042316,0.4281829814459373,0.049776286353467564,2421.304752283919,6252,0.6338016986846924
paper,200,1500000.0,74,14,exclude,launch,0,0.0,prior,0.0,cluster_patrol,12600.0,43200.0,36160579.067935795,0,31199134.820563283,4961444.247372508,0,192,0.9999331620096064,197,4.629302721230921,226.51242978985877,8307.276799279487,87.88146746675386,94.52819847850384,2.009419684313307,305.6784297237531,0.0,0.0,0.7825348696179503,0.021730433860451263,0.4322664080181054,0.051152332771219784,2426.7176096681583,6186,0.647801399230957
paper,50,1500000.0,76,13,exclude,launch,0,0.0,prior,0.0,cluster_patrol,12600.0,43200.0,9077080.7047905,0,7849794.650359663,1227286.054430837,0,50,1.0,50,4.616046259841628,1200000000000000.0,8332.091090158548,0.0,8332091090158.548,1.0000018257418584,1e-09,0.0,0.0,1.0,0.0,0.0,0.0,1619711928947371.5,5108,0.2709970474243164
paper,100,1500000.0,76,15,exclude,launch,0,0.0,prior,0.0,cyc_sector0,12600.0,43200.0,16129504.720836112,0,13760799.668112338,2368705.0527237765,0,100,1.0,100,4.910459184525673,1200000000000000.0,7812.5443731858395,0.0,7812544373185.839,1.0000018257418584,1e-09,0.0,0.0,1.0,0.0,0.0,0.0,3239423857894743.0,5108,0.2729988098144531
paper,50,1500000.0,75,13,exclude,launch,0,0.0,prior,0.0,cluster_patrol,12600.0,43200.0,9063378.48272827,0,7849425.796596452,1213952.6861318182,0,50,1.0,50,4.616046259841628,1200000000000000.0,8332.091090158548,0.0,8332091090158.548,1.0000018257418584,1e-09,0.0,0.0,1.0,0.0,0.0,0.0,1619453976000002.8,5040,0.3229982852935791
paper,100,1500000.0,77,15,exclude,launch,0,0.0,prior,0.0,cyc_sector0,12600.0,43200.0,16052800.03457798,0,13761429.478955634,2291370.5556223476,0,100,1.0,100,4.910459184525673,1200000000000000.0,7812.5443731858395,0.0,7812544373185.839,1.0000018257418584,1e-09,0.0,0.0,1.0,0.0,0.0,0.0,3239300290909097.0,5175,0.3080003261566162
paper,100,1500000.0,76,15,exclude,launch,0,0.0,prior,0.0,cyc,12600.0,43200.0,16129504.720836112,0,13760799.668112338,2368705.0527237765,0,100,1.0,100,4.910459184525673,1200000000000000.0,7812.5443731858395,0.0,7812544373185.839,1.0000018257418584,1e-09,0.0,0.0,1.0,0.0,0.0,0.0,3239423857894743.0,5108,0.3300032615661621
paper,100,1500000.0,77,15,exclude,launch,0,0.0,prior,0.0,cyc,12600.0,43200.0,16052800.03457798,0,13761429.478955634,2291370.5556223476,0,100,1.0,100,4.910459184525673,1200000000000000.0,7812.5443731858395,0.0,7812544373185.839,1.0000018257418584,1e-09,0.0,0.0,1.0,0.0,0.0,0.0,3239300290909097.0,5175,0.3467104434967041
paper,100,1500000.0,77,13,exclude,launch,0,0.0,prior,0.0,cyc_sector0,12600.0,43200.0,16590948.921245681,0,14239353.031816626,2351595.889429056,0,100,1.0,100,4.8468564258348,1200000000000000.0,7919.438460522844,0.0,7919438460522.844,1.0000018257418584,1e-09,0.0,0.0,1.0,0.0,0.0,0.0,3239300290909097.0,5175,0.3857107162475586
paper,100,1500000.0,76,13,exclude,launch,0,0.0,prior,0.0,cyc_sector0,12600.0,43200.0,16413981.82421873,0,14084101.188201975,2329880.6360167526,0,99,0.9999911613532244,100,4.8468564258348,325.94759069828325,7919.438460522844,56.954139669325556,139.0493914314732,2.1547005383792515,400.0,0.0,0.0,0.8872756071805702,0.011830983306103486,0.11359240372780025,0.0022727272727272726,5022.409902461754,5687,0.4237086772918701
paper,200,1500000.0,75,13,exclude,launch,0,0.0,prior,0.0,cyc,12600.0,43200.0,34591008.30410516,0,29627872.860240787,4963135.4438643735,0,200,1.0,200,4.646836166414484,1200000000000000.0,8274.674043622275,0.0,8274674043622.274,1.0000018257418584,1e-09,0.0,0.0,1.0,0.0,0.0,0.0,6477815904000011.0,5040,0.5057089328765869
paper,200,1500000.0,76,13,exclude,launch,0,0.0,prior,0.0,cyc,12600.0,43200.0,34557924.751474366,0,29629265.108882245,4928659.642592126,0,200,1.0,200,4.646836166414484,1200000000000000.0,8274.674043622275,0.0,8274674043622.274,1.0000018257418584,1e-09,0.0,0.0,1.0,0.0,0.0,0.0,6478847715789486.0,5108,0.6212167739868164
paper,200,1500000.0,76,14,exclude,launch,0,0.0,prior,0.0,cyc_sector0,12600.0,43200.0,36207590.04733718,0,31197593.81709842,5009996.230238761,0,192,0.9999775805218483,197,4.629302721230921,109.18612923622925,8307.276799279487,181.23655481196084,45.83665148511884,2.021374223687035,312.9615914436879,0.0,0.0,0.3792553517757468,0.03837054115905608,0.7554848707283256,0.04658901830282862,700.5172545757761,12261,1.3087270259857178
paper,200,1500000.0,75,14,exclude,launch,0,0.0,prior,0.0,cyc_sector0,12600.0,43200.0,36191345.887090676,0,31197593.814642448,4993752.072448224,0,192,0.9999774438492088,197,4.629302721230921,108.57142656597593,8307.276799279487,182.26246648836212,45.57864797582955,2.0213764607443734,312.9629623688107,0.0,0.0,0.37580953555788565,0.03858754805385824,0.7597178940462522,0.056666666666666664,700.3901877796105,12194,1.3567273616790771
paper,200,1500000.0,76,14,exclude,launch,0,0.0,prior,0.0,cyc,12600.0,43200.0,36207590.04733718,0,31197593.81709842,5009996.230238761,0,192,0.9999775805218483,197,4.629302721230921,109.18612923622925,8307.276799279487,181.23655481196084,45.83665148511884,2.021374223687035,312.9615914436879,0.0,0.0,0.3792553517757468,0.03837054115905608,0.7554848707283256,0.04658901830282862,700.5172545757761,12261,2.150423288345337
paper,200,1500000.0,75,14,exclude,launch,0,0.0,prior,0.0,cyc,12600.0,43200.0,36191345.887090676,0,31197593.814642448,4993752.072448224,0,192,0.9999774438492088,197,4.629302721230921,108.57142656597593,8307.276799279487,182.26246648836212,45.57864797582955,2.0213764607443734,312.9629623688107,0.0,0.0,0.37580953555788565,0.03858754805385824,0.7597178940462522,0.056666666666666664,700.3901877796105,12194,2.375424385070801
paper,50,1500000.0,76,13,exclude,launch,0,0.0,prior,0.0,cyc_sector0,12600.0,43200.0,9077080.7047905,0,7849794.650359663,1227286.054430837,0,50,1.0,50,4.616046259841628,1200000000000000.0,8332.091090158548,0.0,8332091090158.548,1.0000018257418584,1e-09,0.0,0.0,1.0,0.0,0.0,0.0,1619711928947371.5,5108,0.24870777130126953
paper,50,1500000.0,77,13,exclude,launch,0,0.0,prior,0.0,cyc_sector0,12600.0,43200.0,9112467.987907466,0,7850153.923505678,1262314.0644017875,0,50,1.0,50,4.616046259841628,1200000000000000.0,8332.091090158548,0.0,8332091090158.548,1.0000018257418584,1e-09,0.0,0.0,1.0,0.0,0.0,0.0,1619650145454548.5,5175,0.28070759773254395
paper,50,1500000.0,77,13,exclude,launch,0,0.0,prior,0.0,cyc,12600.0,43200.0,9112467.987907466,0,7850153.923505678,1262314.0644017875,0,50,1.0,50,4.616046259841628,1200000000000000.0,8332.091090158548,0.0,8332091090158.548,1.0000018257418584,1e-09,0.0,0.0,1.0,0.0,0.0,0.0,1619650145454548.5,5175,0.32074642181396484
paper,100,1500000.0,78,15,exclude,launch,0,0.0,prior,0.0,cluster_patrol,12600.0,43200.0,16038299.586109858,0,13760468.0753948,2277831.5107150595,0,100,1.0,100,4.910459184525673,1200000000000000.0,7812.5443731858395,0.0,7812544373185.839,1.0000018257418584,1e-09,0.0,0.0,1.0,0.0,0.0,0.0,3239179892307698.0,5242,0.32274746894836426
paper,200,1500000.0,76,13,exclude,launch,0,0.0,prior,0.0,cyc_sector0,12600.0,43200.0,34557924.751474366,0,29629265.108882245,4928659.642592126,0,200,1.0,200,4.646836166414484,1200000000000000.0,8274.674043622275,0.0,8274674043622.274,1.0000018257418584,1e-09,0.0,0.0,1.0,0.0,0.0,0.0,6478847715789486.0,5108,0.3237471580505371
paper,100,1500000.0,77,15,exclude,launch,0,0.0,prior,0.0,cluster_patrol,12600.0,43200.0,16052800.03457798,0,13761429.478955634,2291370.5556223476,0,100,1.0,100,4.910459184525673,1200000000000000.0,7812.5443731858395,0.0,7812544373185.839,1.0000018257418584,1e-09,0.0,0.0,1.0,0.0,0.0,0.0,3239300290909097.0,5175,0.3387458324432373
paper,50,1500000.0,76,13,exclude,launch,0,0.0,prior,0.0,cyc,12600.0,43200.0,9077080.7047905,0,7849794.650359663,1227286.054430837,0,50,1.0,50,4.616046259841628,1200000000000000.0,8332.091090158548,0.0,8332091090158.548,1.0000018257418584,1e-09,0.0,0.0,1.0,0.0,0.0,0.0,1619711928947371.5,5108,0.37274599075317383
paper,100,1500000.0,78,13,exclude,launch,0,0.0,prior,0.0,cluster_patrol,12600.0,43200.0,16569693.099705182,0,14238358.239471149,2331334.8602340315,0,100,1.0,100,4.8468564258348,1200000000000000.0,7919.438460522844,0.0,7919438460522.844,1.0000018257418584,1e-09,0.0,0.0,1.0,0.0,0.0,0.0,3239179892307698.0,5242,0.37874722480773926
paper,200,1500000.0,77,13,exclude,launch,0,0.0,prior,0.0,cluster_patrol,12600.0,43200.0,34587341.8184676,0,29630621.19522128,4956720.623246322,0,200,1.0,200,4.646836166414484,1200000000000000.0,8274.674043622275,0.0,8274674043622.274,1.0000018257418584,1e-09,0.0,0.0,1.0,0.0,0.0,0.0,6478600581818194.0,5175,0.37674498558044434
paper,200,1500000.0,76,13,exclude,launch,0,0.0,prior,0.0,cluster_patrol,12600.0,43200.0,34557924.751474366,0,29629265.108882245,4928659.642592126,0,200,1.0,200,4.646836166414484,1200000000000000.0,8274.674043622275,0.0,8274674043622.274,1.0000018257418584,1e-09,0.0,0.0,1.0,0.0,0.0,0.0,6478847715789486.0,5108,0.39874696731567383
paper,100,1500000.0,77,13,exclude,launch,0,0.0,prior,0.0,cluster_patrol,12600.0,43200.0,16431556.859330615,0,14084101.198287686,2347455.661042929,0,99,0.9999911272036496,100,4.8468564258348,330.24155787905954,7919.438460522844,56.21359323985712,140.88119979684424,2.1547005383792515,400.0,0.0,0.0,0.8882368283776735,0.011677155734692721,0.1121154180427603,0.0022753128555176336,5025.016784100076,5753,0.41774439811706543
paper,200,1500000.0,77,13,exclude,launch,0,0.0,prior,0.0,cyc_sector0,12600.0,43200.0,34587341.8184676,0,29630621.19522128,4956720.623246322,0,200,1.0,200,4.646836166414484,1200000000000000.0,8274.674043622275,0.0,8274674043622.274,1.0000018257418584,1e-09,0.0,0.0,1.0,0.0,0.0,0.0,6478600581818194.0,5175,0.43674540519714355
paper,100,1500000.0,77,13,exclude,launch,0,0.0,prior,0.0,cyc,12600.0,43200.0,16423695.241317691,0,14084101.18394409,2339594.0573736005,0,99,0.9999911630172115,100,4.8468564258348,329.7303480371415,7919.438460522844,56.30074609759333,140.66311744421756,2.1547005383792515,400.0,0.0,0.0,0.888352680318247,0.011695236508052844,0.11228924039631497,0.003401360544217687,5022.082419697494,5753,0.5267443656921387
paper,100,1500000.0,78,13,exclude,launch,0,0.0,prior,0.0,cyc,12600.0,43200.0,16403424.742976375,0,14084101.233552177,2319323.509424199,0,99,0.999991171277958,100,4.8468564258348,334.0875833228101,7919.438460522844,55.566460809089016,142.52191601210384,2.1547005383792515,399.99999999999994,0.0,0.0,0.889060688055663,0.011542721181316308,0.11082474226804123,0.0022753128555176336,5027.392082202395,5820,0.5467438697814941
paper,200,1500000.0,77,14,exclude,launch,0,0.0,prior,0.0,cluster_patrol,12600.0,43200.0,36278856.6288536,0,31199723.626529343,5079133.002324249,0,192,0.9999141863210085,198,4.629302721230921,213.88244452504435,8307.276799279487,92.28205666777029,90.02049910078371,2.0265978950013555,316.170971406364,0.0,0.0,0.7608966376089664,0.020295828363983415,0.32261958653991246,0.05379922351636162,3034.3830407898504,6627,0.5897443294525146
paper,200,1500000.0,76,14,exclude,launch,0,0.0,prior,0.0,cluster_patrol,12600.0,43200.0,36199460.01368831,0,31198843.340282857,5000616.673405451,0,192,0.9999412200068841,197,4.629302721230921,237.9769107862521,8307.276799279487,83.65302382781948,99.30635402227786,2.009294172187966,305.60241780377737,0.0,0.0,0.7681881371640408,0.020745125858147806,0.4734403953057443,0.051054384017758046,2113.7852073656886,6476,0.6187458038330078
paper,50,1500000.0,77,13,exclude,launch,0,0.0,prior,0.0,cluster_patrol,12600.0,43200.0,9112467.987907466,0,7850153.923505678,1262314.0644017875,0,50,1.0,50,4.616046259841628,1200000000000000.0,8332.091090158548,0.0,8332091090158.548,1.0000018257418584,1e-09,0.0,0.0,1.0,0.0,0.0,0.0,1619650145454548.5,5175,0.24699854850769043
paper,100,1500000.0,79,15,exclude,launch,0,0.0,prior,0.0,cyc_sector0,12600.0,43200.0,15999774.56770085,0,13761086.139035963,2238688.428664888,0,100,1.0,100,4.910459184525673,1200000000000000.0,7812.5443731858395,0.0,7812544373185.839,1.0000018257418584,1e-09,0.0,0.0,1.0,0.0,0.0,0.0,3239672764556968.5,5310,0.26172709465026855
paper,100,1500000.0,78,15,exclude,launch,0,0.0,prior,0.0,cyc_sector0,12600.0,43200.0,16038299.586109858,0,13760468.0753948,2277831.5107150595,0,100,1.0,100,4.910459184525673,1200000000000000.0,7812.5443731858395,0.0,7812544373185.839,1.0000018257418584,1e-09,0.0,0.0,1.0,0.0,0.0,0.0,3239179892307698.0,5242,0.2907280921936035
paper,50,1500000.0,78,13,exclude,launch,0,0.0,prior,0.0,cluster_patrol,12600.0,43200.0,9064244.418326113,0,7849605.494583632,1214638.9237424824,0,50,1.0,50,4.616046259841628,1200000000000000.0,8332.091090158548,0.0,8332091090158.548,1.0000018257418584,1e-09,0.0,0.0,1.0,0.0,0.0,0.0,1619589946153849.0,5242,0.33472776412963867
paper,100,1500000.0,78,13,exclude,launch,0,0.0,prior,0.0,cyc_sector0,12600.0,43200.0,16569693.099705182,0,14238358.239471149,2331334.8602340315,0,100,1.0,100,4.8468564258348,1200000000000000.0,7919.438460522844,0.0,7919438460522.844,1.0000018257418584,1e-09,0.0,0.0,1.0,0.0,0.0,0.0,3239179892307698.0,5242,0.3517270088195801
paper,100,1500000.0,79,15,exclude,launch,0,0.0,prior,0.0,cyc,12600.0,43200.0,15999774.56770085,0,13761086.139035963,2238688.428664888,0,100,1.0,100,4.910459184525673,1200000000000000.0,7812.5443731858395,0.0,7812544373185.839,1.0000018257418584,1e-09,0.0,0.0,1.0,0.0,0.0,0.0,3239672764556968.5,5310,0.3577263355255127
paper,100,1500000.0,79,13,exclude,launch,0,0.0,prior,0.0,cyc_sector0,12600.0,43200.0,16570441.299583785,0,14238997.767973375,2331443.531610411,0,100,1.0,100,4.8468564258348,1200000000000000.0,7919.438460522844,0.0,7919438460522.844,1.0000018257418584,1e-09,0.0,0.0,1.0,0.0,0.0,0.0,3239672764556968.5,5310,0.3647267818450928
paper,100,1500000.0,78,15,exclude,launch,0,0.0,prior,0.0,cyc,12600.0,43200.0,16038299.586109858,0,13760468.0753948,2277831.5107150595,0,100,1.0,100,4.910459184525673,1200000000000000.0,7812.5443731858395,0.0,7812544373185.839,1.0000018257418584,1e-09,0.0,0.0,1.0,0.0,0.0,0.0,3239179892307698.0,5242,0.44524145126342773
paper,200,1500000.0,77,13,exclude,launch,0,0.0,prior,0.0,cyc,12600.0,43200.0,34587341.8184676,0,29630621.19522128,4956720.623246322,0,200,1.0,200,4.646836166414484,1200000000000000.0,8274.674043622275,0.0,8274674043622.274,1.0000018257418584,1e-09,0.0,0.0,1.0,0.0,0.0,0.0,6478600581818194.0,5175,0.5192408561706543
paper,200,1500000.0,78,13,exclude,launch,0,0.0,prior,0.0,cyc,12600.0,43200.0,34541733.16384686,0,29628551.135219984,4913182.028626878,0,200,1.0,200,4.646836166414484,1200000000000000.0,8274.674043622275,0.0,8274674043622.274,1.0000018257418584,1e-09,0.0,0.0,1.0,0.0,0.0,0.0,6478359784615396.0,5242,0.6022381782531738
paper,200,1500000.0,77,14,exclude,launch,0,0.0,prior,0.0,cyc_sector0,12600.0,43200.0,36205659.64368795,0,31197593.81420335,5008065.829484596,0,192,0.9999775314384318,198,4.629302721230921,109.77342342758733,8307.276799279487,180.26673017755598,46.08325003231118,2.021376449956141,312.9629557575029,0.0,0.0,0.38266333190996155,0.03816507850042831,0.7513991402384622,0.06065664997217585,700.3577335953822,12329,1.3147451877593994
paper,200,1500000.0,78,14,exclude,launch,0,0.0,prior,0.0,cyc_sector0,12600.0,43200.0,36296794.92796346,0,31197593.822722685,5099201.105240776,0,192,0.9999774849752703,198,4.629302721230921,110.36997221989469,8307.276799279487,179.29239402703192,46.33368216404651,2.021376404365538,312.96292781840253,0.0,0.0,0.3859968450430773,0.03795871970235249,0.7473378509196515,0.058725761772853186,700.3996676126112,12396,1.3867454528808594
paper,200,1500000.0,78,14,exclude,launch,0,0.0,prior,0.0,cyc,12600.0,43200.0,36296794.92796346,0,31197593.822722685,5099201.105240776,0,192,0.9999774849752703,198,4.629302721230921,110.36997221989469,8307.276799279487,179.29239402703192,46.33368216404651,2.021376404365538,312.96292781840253,0.0,0.0,0.3859968450430773,0.03795871970235249,0.7473378509196515,0.058725761772853186,700.3996676126112,12396,2.0774598121643066
paper,200,1500000.0,77,14,exclude,launch,0,0.0,prior,0.0,cyc,12600.0,43200.0,36205659.64368795,0,31197593.81420335,5008065.829484596,0,192,0.9999775314384318,198,4.629302721230921,109.77342342758733,8307.276799279487,180.26673017755598,46.08325003231118,2.021376449956141,312.9629557575029,0.0,0.0,0.38266333190996155,0.03816507850042831,0.7513991402384622,0.06065664997217585,700.3577335953822,12329,2.1014604568481445
paper,100,1500000.0,79,15,exclude,launch,0,0.0,prior,0.0,cluster_patrol,12600.0,43200.0,15999774.56770085,0,13761086.139035963,2238688.428664888,0,100,1.0,100,4.910459184525673,1200000000000000.0,7812.5443731858395,0.0,7812544373185.839,1.0000018257418584,1e-09,0.0,0.0,1.0,0.0,0.0,0.0,3239672764556968.5,5310,0.28272414207458496
paper,50,1500000.0,78,13,exclude,launch,0,0.0,prior,0.0,cyc_sector0,12600.0,43200.0,9064244.418326113,0,7849605.494583632,1214638.9237424824,0,50,1.0,50,4.616046259841628,1200000000000000.0,8332.091090158548,0.0,8332091090158.548,1.0000018257418584,1e-09,0.0,0.0,1.0,0.0,0.0,0.0,1619589946153849.0,5242,0.31972193717956543
paper,100,1500000.0,79,13,exclude,launch,0,0.0,prior,0.0,cluster_patrol,12600.0,43200.0,16570441.299583785,0,14238997.767973375,2331443.531610411,0,100,1.0,100,4.8468564258348,1200000000000000.0,7919.438460522844,0.0,7919438460522.844,1.0000018257418584,1e-09,0.0,0.0,1.0,0.0,0.0,0.0,3239672764556968.5,5310,0.34072279930114746
paper,50,1500000.0,78,13,exclude,launch,0,0.0,prior,0.0,cyc,12600.0,43200.0,9064244.418326113,0,7849605.494583632,1214638.9237424824,0,50,1.0,50,4.616046259841628,1200000000000000.0,8332.091090158548,0.0,8332091090158.548,1.0000018257418584,1e-09,0.0,0.0,1.0,0.0,0.0,0.0,1619589946153849.0,5242,0.36472201347351074
paper,200,1500000.0,79,13,exclude,launch,0,0.0,prior,0.0,cluster_patrol,12600.0,43200.0,34412110.9395122,0,29629881.927900515,4782229.011611689,0,200,1.0,200,4.646836166414484,1200000000000000.0,8274.674043622275,0.0,8274674043622.274,1.0000018257418584,1e-09,0.0,0.0,1.0,0.0,0.0,0.0,6479345529113937.0,5310,0.33872437477111816
paper,200,1500000.0,78,13,exclude,launch,0,0.0,prior,0.0,cluster_patrol,12600.0,43200.0,34541733.16384686,0,29628551.135219984,4913182.028626878,0,200,1.0,200,4.646836166414484,1200000000000000.0,8274.674043622275,0.0,8274674043622.274,1.0000018257418584,1e-09,0.0,0.0,1.0,0.0,0.0,0.0,6478359784615396.0,5242,0.3447244167327881
paper,200,1500000.0,78,13,exclude,launch,0,0.0,prior,0.0,cyc_sector0,12600.0,43200.0,34541733.16384686,0,29628551.135219984,4913182.028626878,0,200,1.0,200,4.646836166414484,1200000000000000.0,8274.674043622275,0.0,8274674043622.274,1.0000018257418584,1e-09,0.0,0.0,1.0,0.0,0.0,0.0,6478359784615396.0,5242,0.367722749710083
paper,50,1500000.0,79,13,exclude,launch,0,0.0,prior,0.0,cyc,12600.0,43200.0,9069388.57382552,0,7849958.066583935,1219430.5072415841,0,50,1.0,50,4.616046259841628,1200000000000000.0,8332.091090158548,0.0,8332091090158.548,1.0000018257418584,1e-09,0.0,0.0,1.0,0.0,0.0,0.0,1619836382278484.2,5310,0.3997225761413574
paper,200,1500000.0,79,13,exclude,launch,0,0.0,prior,0.0,cyc_sector0,12600.0,43200.0,34412110.9395122,0,29629881.927900515,4782229.011611689,0,200,1.0,200,4.646836166414484,1200000000000000.0,8274.674043622275,0.0,8274674043622.274,1.0000018257418584,1e-09,0.0,0.0,1.0,0.0,0.0,0.0,6479345529113937.0,5310,0.37572360038757324
paper,100,1500000.0,80,13,exclude,launch,0,0.0,prior,0.0,cluster_patrol,12600.0,43200.0,16580772.48998533,0,14238032.286234591,2342740.203750738,0,100,1.0,100,4.8468564258348,1200000000000000.0,7919.438460522844,0.0,7919438460522.844,1.0000018257418584,1e-09,0.0,0.0,1.0,0.0,0.0,0.0,3238948125000006.0,5376,0.3957219123840332
paper,50,1500000.0,79,13,exclude,launch,0,0.0,prior,0.0,cyc_sector0,12600.0,43200.0,9069388.57382552,0,7849958.066583935,1219430.5072415841,0,50,1.0,50,4.616046259841628,1200000000000000.0,8332.091090158548,0.0,8332091090158.548,1.0000018257418584,1e-09,0.0,0.0,1.0,0.0,0.0,0.0,1619836382278484.2,5310,0.4067225456237793
paper,100,1500000.0,80,15,exclude,launch,0,0.0,prior,0.0,cluster_patrol,12600.0,43200.0,16020073.388902621,0,13760153.06231315,2259920.32658947,0,100,1.0,100,4.910459184525673,1200000000000000.0,7812.5443731858395,0.0,7812544373185.839,1.0000018257418584,1e-09,0.0,0.0,1.0,0.0,0.0,0.0,3238948125000006.0,5376,0.3897244930267334
paper,100,1500000.0,80,13,exclude,launch,0,0.0,prior,0.0,cyc,12600.0,43200.0,16580772.48998533,0,14238032.286234591,2342740.203750738,0,100,1.0,100,4.8468564258348,1200000000000000.0,7919.438460522844,0.0,7919438460522.844,1.0000018257418584,1e-09,0.0,0.0,1.0,0.0,0.0,0.0,3238948125000006.0,5376,0.4067227840423584
paper,100,1500000.0,79,13,exclude,launch,0,0.0,prior,0.0,cyc,12600.0,43200.0,16570441.299583785,0,14238997.767973375,2331443.531610411,0,100,1.0,100,4.8468564258348,1200000000000000.0,7919.438460522844,0.0,7919438460522.844,1.0000018257418584,1e-09,0.0,0.0,1.0,0.0,0.0,0.0,3239672764556968.5,5310,0.46622681617736816
paper,200,1500000.0,79,14,exclude,launch,0,0.0,prior,0.0,cluster_patrol,12600.0,43200.0,36220483.17196304,0,31199723.588912047,5020759.583050994,0,192,0.999914391134718,198,4.629302721230921,218.26358027084555,8307.276799279487,90.42959052651844,91.86458493189109,2.0266005312650854,316.17259523812675,0.0,0.0,0.7656458055925432,0.01988926496338738,0.31617864537119195,0.048916064480266815,3033.976729013755,6762,0.5782263278961182
paper,200,1500000.0,78,14,exclude,launch,0,0.0,prior,0.0,cluster_patrol,12600.0,43200.0,36376762.43853783,0,31199723.60333754,5177038.835200288,0,192,0.9999150832449225,198,4.629302721230921,216.06867884282443,8307.276799279487,91.34820602633965,90.94077662438318,2.026600531262119,316.1725952362996,0.0,0.0,0.7632817753866846,0.020090561633874657,0.3193904989542874,0.051598429613011774,3033.751144060034,6694,0.5912284851074219
paper,50,1500000.0,79,13,exclude,launch,0,0.0,prior,0.0,cluster_patrol,12600.0,43200.0,9069388.57382552,0,7849958.066583935,1219430.5072415841,0,50,1.0,50,4.616046259841628,1200000000000000.0,8332.091090158548,0.0,8332091090158.548,1.0000018257418584,1e-09,0.0,0.0,1.0,0.0,0.0,0.0,1619836382278484.2,5310,0.23399758338928223
paper,50,1500000.0,80,13,exclude,launch,0,0.0,prior,0.0,cluster_patrol,12600.0,43200.0,9064332.362577774,0,7849425.796596423,1214906.565981352,0,50,1.0,50,4.616046259841628,1200000000000000.0,8332.091090158548,0.0,8332091090158.548,1.0000018257418584,1e-09,0.0,0.0,1.0,0.0,0.0,0.0,1619474062500003.0,5376,0.23199844360351562
paper,100,1500000.0,80,15,exclude,launch,0,0.0,prior,0.0,cyc_sector0,12600.0,43200.0,16020073.388902621,0,13760153.06231315,2259920.32658947,0,100,1.0,100,4.910459184525673,1200000000000000.0,7812.5443731858395,0.0,7812544373185.839,1.0000018257418584,1e-09,0.0,0.0,1.0,0.0,0.0,0.0,3238948125000006.0,5376,0.2649970054626465
paper,100,1500000.0,80,13,exclude,launch,0,0.0,prior,0.0,cyc_sector0,12600.0,43200.0,16580772.48998533,0,14238032.286234591,2342740.203750738,0,100,1.0,100,4.8468564258348,1200000000000000.0,7919.438460522844,0.0,7919438460522.844,1.0000018257418584,1e-09,0.0,0.0,1.0,0.0,0.0,0.0,3238948125000006.0,5376,0.2759983539581299
paper,100,1500000.0,80,15,exclude,launch,0,0.0,prior,0.0,cyc,12600.0,43200.0,16020073.388902621,0,13760153.06231315,2259920.32658947,0,100,1.0,100,4.910459184525673,1200000000000000.0,7812.5443731858395,0.0,7812544373185.839,1.0000018257418584,1e-09,0.0,0.0,1.0,0.0,0.0,0.0,3238948125000006.0,5376,0.3269970417022705
paper,200,1500000.0,80,13,exclude,launch,0,0.0,prior,0.0,cyc,12600.0,43200.0,34457687.68168127,0,29627872.860240895,4829814.821440378,0,200,1.0,200,4.646836166414484,1200000000000000.0,8274.674043622275,0.0,8274674043622.274,1.0000018257418584,1e-09,0.0,0.0,1.0,0.0,0.0,0.0,6477896250000012.0,5376,0.5176961421966553
paper,200,1500000.0,79,13,exclude,launch,0,0.0,prior,0.0,cyc,12600.0,43200.0,34412110.9395122,0,29629881.927900515,4782229.011611689,0,200,1.0,200,4.646836166414484,1200000000000000.0,8274.674043622275,0.0,8274674043622.274,1.0000018257418584,1e-09,0.0,0.0,1.0,0.0,0.0,0.0,6479345529113937.0,5310,0.5196959972381592
paper,200,1500000.0,79,14,exclude,launch,0,0.0,prior,0.0,cyc_sector0,12600.0,43200.0,36389154.876643725,0,31197593.817480125,5191561.0591635965,0,192,0.9999777380073227,198,4.629302721230921,110.97541959305123,8307.276799279487,178.31422628041463,46.5878520887928,2.021376452081679,312.9629570600875,0.0,0.0,0.3893314023654357,0.03775163924206448,0.7432605905006419,0.04925290536801328,700.4548091671813,12464,1.3069164752960205
paper,200,1500000.0,80,14,exclude,launch,0,0.0,prior,0.0,cyc_sector0,12600.0,43200.0,36383009.61314846,0,31197593.82522139,5185415.78792707,0,192,0.9999776939655434,198,4.629302721230921,111.56306091222875,8307.276799279487,177.37498135347866,46.83454642751716,2.0213764757634816,312.962971572909,0.0,0.0,0.3925934817838065,0.037552932055199745,0.7393455706304868,0.05426356589147287,700.3616253316387,12530,1.330916166305542
paper,200,1500000.0,79,14,exclude,launch,0,0.0,prior,0.0,cyc,12600.0,43200.0,36389154.876643725,0,31197593.817480125,5191561.0591635965,0,192,0.9999777380073227,198,4.629302721230921,110.97541959305123,8307.276799279487,178.31422628041463,46.5878520887928,2.021376452081679,312.9629570600875,0.0,0.0,0.3893314023654357,0.03775163924206448,0.7432605905006419,0.04925290536801328,700.4548091671813,12464,2.042099952697754
paper,200,1500000.0,80,14,exclude,launch,0,0.0,prior,0.0,cyc,12600.0,43200.0,36383009.61314846,0,31197593.82522139,5185415.78792707,0,192,0.9999776939655434,198,4.629302721230921,111.56306091222875,8307.276799279487,177.37498135347866,46.83454642751716,2.0213764757634816,312.962971572909,0.0,0.0,0.3925934817838065,0.037552932055199745,0.7393455706304868,0.05426356589147287,700.3616253316387,12530,2.065338611602783
paper,50,1500000.0,80,13,exclude,launch,0,0.0,prior,0.0,cyc_sector0,12600.0,43200.0,9064332.362577774,0,7849425.796596423,1214906.565981352,0,50,1.0,50,4.616046259841628,1200000000000000.0,8332.091090158548,0.0,8332091090158.548,1.0000018257418584,1e-09,0.0,0.0,1.0,0.0,0.0,0.0,1619474062500003.0,5376,0.23050332069396973
paper,50,1500000.0,80,13,exclude,launch,0,0.0,prior,0.0,cyc,12600.0,43200.0,9064332.362577774,0,7849425.796596423,1214906.565981352,0,50,1.0,50,4.616046259841628,1200000000000000.0,8332.091090158548,0.0,8332091090158.548,1.0000018257418584,1e-09,0.0,0.0,1.0,0.0,0.0,0.0,1619474062500003.0,5376,0.25950074195861816
paper,200,1500000.0,80,13,exclude,launch,0,0.0,prior,0.0,cluster_patrol,12600.0,43200.0,34457687.68168127,0,29627872.860240895,4829814.821440378,0,200,1.0,200,4.646836166414484,1200000000000000.0,8274.674043622275,0.0,8274674043622.274,1.0000018257418584,1e-09,0.0,0.0,1.0,0.0,0.0,0.0,6477896250000012.0,5376,0.28550195693969727
paper,200,1500000.0,80,13,exclude,launch,0,0.0,prior,0.0,cyc_sector0,12600.0,43200.0,34457687.68168127,0,29627872.860240895,4829814.821440378,0,200,1.0,200,4.646836166414484,1200000000000000.0,8274.674043622275,0.0,8274674043622.274,1.0000018257418584,1e-09,0.0,0.0,1.0,0.0,0.0,0.0,6477896250000012.0,5376,0.2935059070587158
paper,200,1500000.0,80,14,exclude,launch,0,0.0,prior,0.0,cluster_patrol,12600.0,43200.0,36309497.70624193,0,31386409.03046115,4923088.675780779,0,193,0.999947170782065,198,4.629302721230921,262.66927370894297,8307.276799279487,75.87672405629758,109.48386218039423,2.006975846720124,304.200106763313,0.0,0.0,0.7683597185576078,0.019708486016343146,0.43303048065650646,0.04756575265808618,2194.942556703861,6824,0.5656969547271729
