n,d_first,d_last,d_mean,tour_len,hop,E_excursion,E_tour,E_hover,M,Emax,K,seed
13,236.140784299456,179.34654506109607,345.6206288367788,1075.6387346312797,89.6365612192733,3116.15497020414,8067.290509734597,400.3940833515844,50,25000,2,4474730
9,331.4505904242088,156.76310920803283,346.69688667815825,1099.1959978970563,137.39949973713203,3661.6027472418123,8243.969984227922,241.1108663066233,50,25000,2,4474730
13,246.31878858476284,107.88394399518006,326.4676207424899,1269.246824434759,105.77056870289658,2656.520494349572,9519.351183260693,266.13579288207757,50,25000,2,9944578
10,212.9800233295434,178.28375377544987,339.7215251739618,1217.977250832034,135.33080564800377,2934.4783282874496,9134.829381240255,254.8174648027894,50,25000,2,9944578
15,314.45664246031373,187.75220517590407,328.11043668774346,1076.7356999923227,76.90969285659448,3766.5663572716335,8075.51774994242,436.01721898831744,50,25000,2,9925823
11,286.8901728291016,156.67658528882106,432.71427991571943,1175.1205073646586,117.51205073646585,3326.75068588442,8813.403805234939,300.41853881219083,50,25000,2,9925823
12,154.69714300549947,67.78415834045411,253.11287230485377,1391.7644757521803,126.5240432501982,1668.6097600946518,10438.233568141351,329.965754513575,50,25000,2,3820097
8,626.9257667452777,80.38001333038373,354.40222974278356,865.8290945394615,123.6898706484945,5304.79335056746,6493.718209045961,226.81396622833273,50,25000,2,3820097
10,530.8307760638941,187.61292556156778,298.4591177890176,881.3884875374358,97.9320541708262,5388.327762190964,6610.413656530769,268.8831608080289,50,25000,2,9535879
11,375.23429866576856,68.08890671666794,354.74444992743787,1184.0255532894564,118.40255532894564,3324.924040368274,8880.191649670924,286.84416278072354,50,25000,2,9535879
12,237.44550313644075,78.18233191857247,269.3204529116361,1297.9992675908213,117.99993341734739,2367.2087629125995,9734.99450693116,352.59585496502035,50,25000,2,8271480
10,168.61086857166467,207.3797166328998,276.9989276336124,1234.043883649138,137.11598707212644,2819.9293890342333,9255.329127368535,313.33765668269297,50,25000,2,8271480
13,219.80313905065498,171.9344203483549,310.37160905311106,1223.0110978526734,101.91759148772279,2938.0316954925743,9172.583233895051,362.6899970624914,50,25000,2,6394530
9,90.41342549758544,116.42997160506894,232.66607484804658,1416.8587336356559,177.10734170445699,1551.3254782699078,10626.440502267418,254.0283798166974,50,25000,2,6394530
10,218.74826948538828,131.7353038112792,291.2469090426482,1171.0674845373812,130.11860939304236,2628.626799725006,8783.00613403036,250.25996388478177,50,25000,2,8372552
9,93.44020521751663,353.8846969729485,339.75672370054406,1191.4248619985951,148.9281077498244,3354.9367664284887,8935.686464989463,207.0860767881178,50,25000,2,8372552
7,402.9169082098508,190.04151745898727,376.34318089576175,489.9186226172218,81.65310376953697,4447.188192516286,3674.3896696291636,201.33187242757668,50,25000,3,4474730
4,152.4944418427394,121.75443024662259,282.6012667912529,783.4637459732784,261.1545819910928,2056.8665406702153,5875.978094799588,125.41143597787874,50,25000,3,4474730
5,393.7897256104818,179.34654506109607,328.8004178390933,411.05938774113065,102.76484693528266,4298.522030036835,3082.94540805848,175.26751204752216,50,25000,3,4474730
11,172.5437409334057,107.88394399518006,257.38508005723526,745.9373626649514,74.59373626649514,2103.2076369643933,5594.530219987135,286.9342915671498,50,25000,3,9944578
4,290.1585525340235,273.8184890306461,332.8632252095913,496.1091571180052,165.36971903933508,4229.827811735023,3720.818678385039,118.12223094830819,50,25000,3,9944578
6,212.9800233295434,178.28375377544987,307.92056944062193,686.5132533102203,137.30265066204407,2934.4783282874496,5148.849399826652,130.09916015657436,50,25000,3,9944578
5,443.03142952236436,187.75220517590407,331.5453064634345,440.32483476051476,110.08120869012869,4730.877260237014,3302.4362607038606,152.99674821729624,50,25000,3,9925823
4,428.2893935100412,156.67658528882106,266.50337561008405,507.20521690621615,169.06840563540538,4387.244840991467,3804.039126796621,126.85162267627597,50,25000,3,9925823
7,227.47032409291285,224.9617254670912,300.3315858671982,602.801767839737,100.46696130662282,3393.2403717000307,4521.013258798027,196.9579086689327,50,25000,3,9925823
6,211.18751174148147,67.78415834045411,252.10483946626024,803.9858905025795,160.7971781005159,2092.287525614517,6029.894178769347,165.93938619195225,50,25000,3,3820097
8,169.39632511828748,101.20365172999608,230.73503441856136,752.72190239052,107.53170034150286,2029.499826362127,5645.4142679289,198.9120962148067,50,25000,3,3820097
4,461.4034660677891,80.38001333038373,247.38488494862133,500.7230918016033,166.9076972672011,4063.3760954862964,3755.423188512025,124.72045590207152,50,25000,3,3820097
4,197.9140837459142,187.61292556156778,251.8954070518619,681.2198607504256,227.07328691680854,2891.4525698061148,5109.148955628192,112.90620992274111,50,25000,3,9535879
6,68.08890671666794,144.21180827286344,199.1583376441591,872.3980523394868,174.47961046789734,1592.2553624214852,6542.98539254615,154.4189725469176,50,25000,3,9535879
7,306.32926687153804,182.30691643187558,354.4151543862445,594.9920169035693,99.16533615059488,3664.7713747756025,4462.44012677677,202.76345056269088,50,25000,3,9535879
6,273.84668675140665,101.96101676663248,199.73871809954883,589.5320764121557,117.90641528243114,2818.5577763852934,4421.490573091168,152.0903166927973,50,25000,3,8271480
4,525.4239990109846,168.08206464981726,367.71391835060945,392.7936673327863,130.9312224442621,5201.295477456014,2945.9525049958975,69.39064645574172,50,25000,3,8271480
5,348.829327370942,73.42751706538117,180.04397187342687,607.5833692473461,151.89584231183653,3166.9263332724236,4556.875269355096,171.48507868716442,50,25000,3,8271480
5,337.1788267525655,171.9344203483549,326.4074175377791,583.551603183804,145.887900795951,3818.3493532569028,4376.63702387853,130.8317224434895,50,25000,3,6394530
6,289.6522545223419,159.2755689216484,264.99152403192915,606.6580768933635,121.3316153786727,3366.9586758299274,4549.935576700226,201.59251426844796,50,25000,3,6394530
4,492.5535561466339,94.30083071389777,259.6827395145309,501.93659191913525,167.3121973063784,4401.4079014539875,3764.5244393935145,122.86033886196421,50,25000,3,6394530
7,95.57982979947124,131.7353038112792,199.8376339024051,834.7324692381906,139.1220782063651,1704.8635020806285,6260.49351928643,171.43907367598888,50,25000,3,8372552
6,331.0845900956849,183.60918731452415,311.5015769786269,525.3482569471423,105.06965138942846,3860.2033305765685,3940.1119271035673,139.15664101897264,50,25000,3,8372552
6,280.8106450989128,353.8846969729485,360.4181031359976,395.8929393327037,79.17858786654074,4760.21506553896,2969.197044995278,133.13262919493687,50,25000,3,8372552
5,322.0643555757218,190.04151745898727,241.38156514720944,273.0806940868773,68.27017352171933,3840.794047760318,2048.10520565158,115.85060550883031,50,25000,4,4474730
2,393.7897256104818,185.14879995759392,289.4692627840379,209.13251071920558,209.13251071920558,4342.038941760568,1568.4938303940419,96.83548147338857,50,25000,4,4474730
4,331.4505904242088,121.75443024662259,246.79844454980616,339.6163477821274,113.20544926070913,3399.0376550312353,2547.1226083659553,78.06676374876487,50,25000,4,4474730
5,192.55300993764715,156.76310920803283,210.23351922435523,405.96677616142455,101.49169404035614,2619.8708935925997,3044.750821210684,167.02220322168935,50,25000,4,4474730
5,330.48992009295335,107.88394399518006,247.5340375437874,338.2100458199953,84.55251145499882,3287.8039806610004,2536.5753436499645,120.01707728043489,50,25000,4,9944578
2,376.77545738431616,273.8184890306461,325.29697320748113,131.7795805928442,131.7795805928442,4879.454598112217,988.3468544463316,64.7557397572481,50,25000,4,9944578
3,279.28561296523634,212.9800233295434,247.47968421053466,222.64020795662077,111.32010397831039,3691.9922722108477,1669.801559674656,76.19916589878497,50,25000,4,9944578
4,339.37947463540934,178.28375377544987,295.17581603613405,211.13061326374023,70.37687108791341,3882.4742130814443,1583.4795994780518,85.67481060753175,50,25000,4,9944578
5,327.53249795668967,224.9617254670912,278.2026791461694,241.07465489359723,60.26866372339931,4143.706675678357,1808.0599117019792,126.31339734877723,50,25000,4,9925823
3,168.10777912304764,156.67658528882106,184.37791415762936,410.69028750284446,205.34514375142223,2435.8827330890153,3080.1771562713334,102.92081221244077,50,25000,4,9925823
6,216.58072850446078,227.47032409291285,277.34908304386454,356.3650832882929,71.27301665765859,3330.3828944803026,2672.7381246621967,239.11050310795164,50,25000,4,9925823
2,351.0058812610844,187.75220517590407,269.37904321849425,242.56480657920076,242.56480657920076,4040.6856482774137,1819.2360493440058,77.37520306033183,50,25000,4,9925823
4,257.172077937297,101.20365172999608,222.9274514236431,433.580077384389,144.526692461463,2687.817972504698,3251.8505803829175,133.10358668117766,50,25000,4,3820097
6,213.58022561698797,154.69714300549947,205.64436075880704,414.8236020782917,82.96472041565833,2762.0802646686557,3111.1770155871877,170.032472579983,50,25000,4,3820097
3,225.55078500018496,80.38001333038373,160.4596227597518,229.84633520475774,114.92316760237887,2294.480987479265,1723.847514035683,61.605106595416444,50,25000,4,3820097
4,332.8296617609968,67.78415834045411,203.47393276500011,376.5428209579476,125.5142736526492,3004.603650760882,2824.071157184607,126.16124242539814,50,25000,4,3820097
4,292.81946942209584,133.70431831584054,220.69343726721155,251.46226435975268,83.82075478658423,3198.9284080345224,1885.966982698145,128.74940567072062,50,25000,4,9535879
4,306.32926687153804,68.08890671666794,253.75200438967204,341.0942801139434,113.69809337131447,2808.1363019115447,2558.2071008545754,46.34364923677198,50,25000,4,9535879
3,363.02842656823793,182.30691643187558,299.10470595264695,248.45285385959016,124.22642692979508,4090.0150725008516,1863.3964039469263,99.71889102484961,50,25000,4,9535879
5,164.3256976217847,144.21180827286344,173.37057726369684,228.19046786352718,57.047616965881794,2314.031294209861,1711.4285089764537,134.4934388423269,50,25000,4,9535879
3,226.54917056478072,166.5278613009356,200.1522494995387,358.9241089803172,179.4620544901586,2948.0777389928726,2691.930817352379,68.9594188272774,50,25000,4,8271480
5,237.44550313644075,101.96101676663248,149.90539403798726,413.2490426776216,103.3122606694054,2545.5488992730493,3099.3678200821623,153.40999068320514,50,25000,4,8271480
2,348.829327370942,222.16785658063787,285.49859197578996,138.16630099131984,138.16630099131984,4282.478879636849,1036.2472574348988,68.40597340486208,50,25000,4,8271480
3,370.9250818345306,78.18233191857247,226.75907606455897,371.63842352735594,185.81921176367797,3368.305603148273,2787.2881764551694,89.21094513628078,50,25000,4,8271480
5,90.41342549758544,171.9344203483549,179.50984517024744,528.1390311802638,132.03475779506596,1967.6088438445527,3961.0427338519785,106.08687859529886,50,25000,4,6394530
4,277.01189229300707,137.39439692843226,220.4500112412495,387.62320740791404,129.207735802638,3108.047169160795,2907.174055559355,127.29058213241767,50,25000,4,6394530
4,335.446599592523,94.30083071389777,211.5306159299115,309.1905511375577,103.06351704585256,3223.1057272981557,2318.9291335316825,139.94940187343857,50,25000,4,6394530
2,408.17194632946627,322.7938870883726,365.48291670891945,93.97075027048825,93.97075027048825,5482.243750633792,704.7806270286619,54.63219791206879,50,25000,4,6394530
4,131.7353038112792,183.60918731452415,245.98647995867663,499.8495986714104,166.61653289047013,2365.0836834435254,3748.8719900355777,81.42903347717005,50,25000,4,8372552
3,317.99780436260244,279.86735252790993,321.02350886078835,217.70270039627292,108.85135019813646,4483.988676678843,1632.7702529720468,84.98642562223075,50,25000,4,8372552
2,353.8846969729485,280.8106450989128,317.34767103593066,131.25231444552873,131.25231444552873,4760.21506553896,984.3923583414654,46.80167757459775,50,25000,4,8372552
5,331.5608556992596,93.44020521751663,207.56123997120116,373.3718509602558,93.34296274006395,3187.5079568758215,2800.2888822019186,82.86114168115381,50,25000,4,8372552
2,308.6951637360695,190.04151745898727,249.3683405975284,127.84514253406859,127.84514253406859,3740.525108962926,958.8385690055144,44.342660734694945,50,25000,5,4474730
2,290.61427166763707,243.3744858607561,266.9943787641966,72.27536210903217,72.27536210903217,4004.915681462949,542.0652158177413,30.297272920336006,50,25000,5,4474730
4,121.75443024662259,156.76310920803283,156.1019344646903,335.26179068077437,111.7539302269248,2088.881545909916,2514.4634301058077,127.37197739833528,50,25000,5,4474730
3,274.7349173874197,192.55300993764715,233.6695767841256,156.8275445601492,78.4137722800746,3504.6594549380015,1176.2065842011189,112.72054193726582,50,25000,5,4474730
3,185.14879995759392,179.34654506109607,190.41852964095423,179.19740624295392,89.59870312147696,2733.7150876401747,1343.9805468221543,92.55597863483199,50,25000,5,4474730
2,327.7691029483284,178.28375377544987,253.02642836188915,150.05529368385402,150.05529368385402,3795.3964254283374,1125.4147026289052,49.15852015400134,50,25000,5,9944578
3,309.2883507757497,107.88394399518006,212.70157442083303,202.29530088661724,101.14765044330862,3128.792210781973,1517.2147566496294,76.51757284965734,50,25000,5,9944578
2,250.1734163368243,212.9800233295434,231.57671983318386,107.33151912209759,107.33151912209759,3473.650797497758,804.9863934157319,51.6362224054373,50,25000,5,9944578
3,314.45664246031373,187.75220517590407,263.5859770956749,149.30475449728849,74.65237724864424,3766.5663572716335,1119.7856587296637,97.39433815920144,50,25000,5,9925823
3,300.1127183651303,227.47032409291285,254.99487857299675,80.41029257329603,40.20514628664802,3956.872818435323,603.0771942997203,114.19863910647999,50,25000,5,9925823
2,235.51344619594548,224.9617254670912,230.23758583151835,28.0656727273479,28.0656727273479,3453.5637874727754,210.49254545510925,28.013301222310933,50,25000,5,9925823
3,244.72537950164775,156.67658528882106,209.91711428382942,220.40324983109252,110.20162491554626,3010.514735928516,1653.024373733194,66.49634068671972,50,25000,5,9925823
2,225.55078500018496,222.20527539612755,223.87803019815624,60.0885255328085,60.0885255328085,3358.170452972344,450.6639414960637,80.23871154701044,50,25000,5,3820097
3,191.0766355624218,80.38001333038373,148.96823961383072,303.1886235864565,151.59431179322826,2035.9248666960416,2273.9146768984237,67.72882825612241,50,25000,5,3820097
3,322.1465642857979,101.20365172999608,211.5125759190918,222.7377486297596,111.3688743148798,3175.126620118455,1670.533114723197,97.53416499609628,50,25000,5,3820097
4,293.7968469429746,154.69714300549947,212.72240345439175,194.97846061373747,64.99282020457916,3363.7049246135552,1462.338454603031,121.58478804752082,50,25000,5,3820097
2,197.9140837459142,177.73376928315636,187.8239265145353,47.26161885883537,47.26161885883537,2817.3588977180293,354.46214144126526,45.674755383280754,50,25000,5,9535879
3,297.07843398842664,68.08890671666794,182.4914190456567,271.3797067008958,135.6898533504479,2738.7550552882094,2035.3478002567183,62.108410755871255,50,25000,5,9535879
3,164.3256976217847,144.21180827286344,163.73501109647125,91.73285882088945,45.866429410444724,2314.031294209861,687.9964411566708,88.81868345904613,50,25000,5,9535879
3,292.81946942209584,133.70431831584054,231.72027450242615,168.35069547744843,84.17534773872421,3198.9284080345224,1262.6302160808632,78.71140036464482,50,25000,5,9535879
3,87.59077363878522,166.5278613009356,161.76281646009826,383.5055612340522,191.7527806170261,1905.8897620479063,2876.2917092553917,80.52981253526899,50,25000,5,8271480
3,168.61086857166467,101.96101676663248,146.21798332937146,321.7812018584185,160.89060092920926,2029.2891400372284,2413.359013938139,60.318017159348436,50,25000,5,8271480
3,222.16785658063787,73.42751706538117,124.5925685215305,267.3155631208219,133.65778156041094,2216.965302345143,2004.866723406164,138.46017992764567,50,25000,5,8271480
3,306.3194098665878,226.54917056478072,268.9050890609251,96.17813234546583,48.08906617273291,3996.514353235264,721.3359925909937,81.03484360506313,50,25000,5,8271480
2,210.43450260072237,207.3797166328998,208.90710961681108,220.18554626740536,220.18554626740536,3133.6066442521665,1651.3915970055402,73.482533004599,50,25000,5,8271480
2,299.94506180815625,171.9344203483549,235.93974107825557,138.62439300135173,138.62439300135173,3539.0961161738333,1039.682947510138,54.15091897736476,50,25000,5,6394530
3,277.01189229300707,94.30083071389777,169.56903997844572,211.68666734459407,105.84333367229704,2784.845422551786,1587.6500050844556,94.29087098734416,50,25000,5,6394530
3,116.42997160506894,90.41342549758544,134.33790061622346,412.4198661389536,206.2099330694768,1551.3254782699078,3093.148996042152,99.00089481474147,50,25000,5,6394530
3,308.1181868219103,159.2755689216484,252.34867008863353,186.76161388465562,93.38080694232781,3505.4531680766904,1400.7121041349171,90.33030570986047,50,25000,5,6394530
4,188.67976425510315,219.80313905065498,231.55768418423696,236.15467791299676,78.71822597099892,3063.621774793186,1771.1600843474757,91.39390431955898,50,25000,5,6394530
2,317.99780436260244,183.60918731452415,250.8034958385633,135.50239490869785,135.50239490869785,3762.0524375784494,1016.2679618152339,33.499691114539765,50,25000,5,8372552
3,190.75840029427715,95.57982979947124,126.59281177042169,128.59581984065758,64.29790992032879,2147.536725703113,964.4686488049318,49.39051100125435,50,25000,5,8372552
2,218.74826948538828,131.7353038112792,175.24178664833374,88.38746134090452,88.38746134090452,2628.626799725006,662.9059600567839,66.18128430950925,50,25000,5,8372552
2,185.14879995759392,190.04151745898727,187.5951587082906,163.1252030064975,163.1252030064975,2813.927380624359,1223.4390225487311,71.98359885871034,50,25000,6,4474730
2,192.55300993764715,156.76310920803283,174.65805957284,59.37183000558749,59.37183000558749,2619.8708935925997,445.28872504190616,63.90259612887832,50,25000,6,4474730
3,236.140784299456,179.34654506109607,207.41585775490822,124.82786244412674,62.41393122206337,3116.15497020414,936.2089683309505,90.574966733612,50,25000,6,4474730
2,193.39575656136637,152.4944418427394,172.9450992020529,86.80601140918674,86.80601140918674,2594.1764880307933,651.0450855689005,84.57069623127832,50,25000,6,4474730
2,220.93242849156937,107.88394399518006,164.4081862433747,113.0632154178867,113.0632154178867,2466.1227936506207,847.9741156341502,36.20314158795813,50,25000,6,9944578
2,155.49351903369484,187.75220517590407,171.62286210479945,76.74217356126218,76.74217356126218,2574.342931571992,575.5663017094663,45.07902887393318,50,25000,6,9925823
2,216.58072850446078,168.10777912304764,192.34425381375422,131.70047081241884,131.70047081241884,2885.1638072063133,987.7535310931413,91.98517107745137,50,25000,6,9925823
2,237.40159326094712,227.47032409291285,232.43595867693,16.51075088955144,16.51075088955144,3486.53938015395,123.83063167163579,73.03584771874455,50,25000,6,9925823
2,235.51344619594548,224.9617254670912,230.23758583151835,28.0656727273479,28.0656727273479,3453.5637874727754,210.49254545510925,28.013301222310933,50,25000,6,9925823
2,191.0766355624218,67.78415834045411,129.43039695143796,123.87404432084043,123.87404432084043,1941.4559542715692,929.0553324063033,61.612464627849704,50,25000,6,3820097
4,239.91582201522604,154.69714300549947,190.9288978404996,109.13883325798108,36.379611085993695,2959.597237655441,818.5412494348581,115.09549881010463,50,25000,6,3820097
2,225.55078500018496,222.20527539612755,223.87803019815624,60.0885255328085,60.0885255328085,3358.170452972344,450.6639414960637,80.23871154701044,50,25000,6,3820097
2,211.18751174148147,101.20365172999608,156.19558173573878,109.98695906065205,109.98695906065205,2342.9337260360817,824.9021929548904,83.2524431404155,50,25000,6,3820097
3,169.39632511828748,80.38001333038373,141.74146946578597,230.5578689679499,115.27893448397495,1873.322538365034,1729.1840172596242,32.65727892768836,50,25000,6,3820097
2,197.9140837459142,177.73376928315636,187.8239265145353,47.26161885883537,47.26161885883537,2817.3588977180293,354.46214144126526,45.674755383280754,50,25000,6,9535879
2,182.30691643187558,68.08890671666794,125.19791157427176,120.29310547610095,120.29310547610095,1877.9686736140764,902.1982910707571,42.79378041258412,50,25000,6,9535879
2,268.6370357693421,133.70431831584054,201.1706770425913,142.98701195218683,142.98701195218683,3017.5601556388697,1072.4025896414012,53.54301964660701,50,25000,6,9535879
2,164.3256976217847,144.21180827286344,154.26875294732406,43.20136096493168,43.20136096493168,2314.031294209861,324.0102072369876,81.67501190008699,50,25000,6,9535879
2,231.16981444057393,166.5278613009356,198.84883787075478,65.76467896346624,65.76467896346624,2982.7325680613217,493.23509222599677,45.139783365107576,50,25000,6,8271480
2,168.08206464981726,101.96101676663248,135.02154070822488,86.2236483912141,86.2236483912141,2025.3231106233732,646.6773629341058,24.83269047974345,50,25000,6,8271480
2,241.43159846751695,226.54917056478072,233.99038451614882,79.20209965129241,79.20209965129241,3509.8557677422323,594.0157473846931,27.492405332338038,50,25000,6,8271480
2,207.3797166328998,87.59077363878522,147.48524513584252,187.34979044268934,187.34979044268934,2212.278677037638,1405.12342832017,63.48186175540378,50,25000,6,8271480
4,237.44550313644075,73.42751706538117,139.41655517301476,189.42193581183312,63.14064527061104,2331.5476515136643,1420.6645185887485,173.36130890603033,50,25000,6,8271480
2,226.71847669953874,219.80313905065498,223.26080787509687,9.67163239866346,9.67163239866346,3348.912118126453,72.53724298997595,48.52163186750854,50,25000,6,6394530
3,159.2755689216484,94.30083071389777,130.32359885465948,131.81195402036957,65.90597701018478,1901.822997266596,988.5896551527718,100.41194434654147,50,25000,6,6394530
2,258.6029381944674,90.41342549758544,174.50818184602642,169.63616580862316,169.63616580862316,2617.6227276903965,1272.2712435646738,53.80906556268699,50,25000,6,6394530
2,171.9344203483549,116.42997160506894,144.1821959767119,109.61924460189132,109.61924460189132,2162.7329396506784,822.144334514185,68.84866626544091,50,25000,6,6394530
2,93.44020521751663,95.57982979947124,94.51001750849395,20.516047025262385,20.516047025262385,1417.6502626274091,153.8703526894679,26.860375712681172,50,25000,6,8372552
2,182.30691643187558,68.08890671666794,125.19791157427176,120.29310547610095,120.29310547610095,1877.9686736140764,902.1982910707571,42.79378041258412,50,25000,8,9535879
18,121.75443024662259,179.34654506109607,338.8852231448615,1544.3409045521337,90.84358262071375,2258.25731480789,11582.556784141003,534.985592854357,50,50000,2,4474730
16,392.9209138733534,233.7208030273099,335.5018828214862,1630.8993138265664,108.7266209217711,4699.812876754975,12231.744853699249,472.88287193716377,50,50000,2,4474730
19,401.5239844985966,107.88394399518006,385.22674057108196,1780.5295451599793,98.9183080644433,3820.5594637033246,13353.971588699846,446.17529884589356,50,50000,2,9944578
15,541.5831339200857,178.28375377544987,354.5924872511578,1764.0642657113137,126.00459040795099,5399.001657716517,13230.481992834853,412.07099559375877,50,50000,2,9944578
20,374.04770906570695,187.75220517590407,343.0162116446596,1697.3932030633591,89.33648437175574,4213.499356812083,12730.449022975194,609.4714720236123,50,50000,2,9925823
16,484.1403702012258,156.67658528882106,451.5673420086666,1763.7374298854495,117.58249532569663,4806.127166175352,13228.030724140872,418.59799691642,50,50000,2,9925823
14,584.7428631912446,67.78415834045411,335.15544449776377,1708.4157584525651,131.41659680404348,4893.95266148774,12813.118188394239,381.7081052749388,50,50000,2,3820097
16,544.0113542309882,80.38001333038373,407.00469068223356,1851.2047808909083,123.41365205939388,4682.93525671029,13884.035856681812,389.13158106449026,50,50000,2,3820097
15,397.2996642919975,133.70431831584054,339.3054946477825,1728.0797071875863,123.43426479911331,3982.529869558785,12960.597803906898,442.93819131747097,50,50000,2,9535879
17,336.36514656307327,68.08890671666794,384.8819720585893,1745.869551187906,109.11684694924412,3033.405399598059,13094.021633909295,439.1192404908206,50,50000,2,9535879
14,399.75750793389335,101.96101676663248,350.9968287646139,1637.542133110156,125.964779470012,3762.888935253944,12281.56599832617,338.16871814479015,50,50000,2,8271480
15,507.1219990474286,207.3797166328998,331.754900773901,1360.065482483492,97.14753446310657,5358.762867602463,10200.491118626189,431.4662384518943,50,50000,2,8271480
19,196.17030474601603,171.9344203483549,293.10411627533284,1720.7336083019209,95.59631157232894,2760.7854382077817,12905.502062264406,513.3821294334307,50,50000,2,6394530
14,541.4098095009869,116.42997160506894,331.2960528799412,1782.2283610226732,137.0944893094364,4933.798358295418,13366.712707670049,483.8021251603479,50,50000,2,6394530
16,178.52631148246334,131.7353038112792,283.9110623661909,1820.1721831192328,121.34481220794886,2326.9621147030693,13651.291373394246,325.5071862214149,50,50000,2,8372552
14,351.5250395417067,279.86735252790993,375.4494895557887,1652.7199488702076,127.13230375924674,4735.442940522124,12395.399616526558,379.27353733220565,50,50000,2,8372552
16,399.9394168931722,190.04151745898727,420.0123851895158,1267.9662000240207,84.53108000160138,4424.857007641196,9509.746500180156,532.8772851202394,50,50000,3,4474730
13,121.75443024662259,152.4944418427394,360.1531880868757,1534.67892115509,127.8899100962575,2056.8665406702153,11510.091908663175,344.8300266016389,50,50000,3,4474730
13,185.14879995759392,193.39575656136637,255.52751468358295,1424.123648096685,118.67697067472375,2839.084173892202,10680.927360725138,418.80328730210795,50,50000,3,4474730
17,347.91725061432066,107.88394399518006,355.0357889337764,1449.6540859100533,90.60338036937833,3418.508959571255,10872.4056443254,379.51031835984,50,50000,3,9944578
13,275.1785053952919,273.8184890306461,327.8463970480276,1284.3926451276595,107.03272042730497,4117.477458194536,9632.944838457446,406.3081888913125,50,50000,3,9944578
12,447.4732599469257,178.28375377544987,328.47458800150974,1521.9652788134372,138.36047989213066,4693.177602917816,11414.739591100779,326.0410255892458,50,50000,3,9944578
15,244.72537950164775,187.75220517590407,342.382381771896,1639.6484799288519,117.11774856634656,3243.5818850816386,12297.36359946639,459.75554311743974,50,50000,3,9925823
14,446.17146193699557,156.67658528882106,445.80711693523523,1564.5251459287085,120.3480881483622,4521.3603541936245,11733.938594465313,382.7097117644478,50,50000,3,9925823
13,402.3459997977377,224.9617254670912,343.7064190416894,1344.2710662621312,112.0225888551776,4704.807939486217,10082.032996965983,363.96876253106825,50,50000,3,9925823
12,474.4070205525583,67.78415834045411,286.3690612474205,1559.2844775406634,141.7531343218785,4066.4338416975934,11694.633581554976,345.8011732773821,50,50000,3,3820097
9,154.69714300549947,222.20527539612755,319.95324457371726,1296.7547426534488,162.0943428316811,2826.7681380122026,9725.660569900867,232.42642476507584,50,50000,3,3820097
12,175.44806994868665,80.38001333038373,337.41124332725695,1509.3705425672636,137.21550386975125,1918.7106245930277,11320.279069254477,284.1665945985304,50,50000,3,3820097
12,673.4826959658393,133.70431831584054,316.2679348548107,1367.275871306782,124.29780648243472,6053.902607112598,10254.569034800865,349.4905766326783,50,50000,3,9535879
16,268.6370357693421,68.08890671666794,392.3340543422286,1799.7515696032326,119.98343797354885,2525.444568645075,13498.136772024245,380.7438822293677,50,50000,3,9535879
11,612.2964060742055,182.30691643187558,425.0600461094598,1306.8627724554146,130.68627724554148,5959.524918795608,9801.47079341561,322.25427675002487,50,50000,3,9535879
11,507.1219990474286,101.96101676663248,396.4000951813123,1152.616828137897,115.2616828137897,4568.122618605457,8644.626211034229,302.16790007131726,50,50000,3,8271480
12,293.57265739052906,87.59077363878522,316.79675642375963,1623.7014354316455,147.60922140287687,2858.725732719857,12177.760765737341,357.59859908981025,50,50000,3,8271480
11,515.9133622460739,73.42751706538117,275.47920061184567,1531.3377546119875,153.13377546119875,4420.056594835913,11485.033159589906,321.97627602529195,50,50000,3,8271480
17,453.92943114643293,171.9344203483549,344.25572247376374,1525.5153643347824,95.3447102709239,4693.978886210909,11441.365232510867,467.73309962198226,50,50000,3,6394530
14,196.17030474601603,159.2755689216484,356.611590104315,1590.101303789354,122.31548490687338,2665.844052507483,11925.759778420155,528.0903495114942,50,50000,3,6394530
11,188.67976425510315,90.41342549758544,286.15985971021917,1807.5711604738879,180.7571160473888,2093.1989231451644,13556.78370355416,290.9778428156242,50,50000,3,6394530
10,591.3991621158026,183.60918731452415,373.43131497784566,1374.9209091210798,152.7689899023422,5812.56262072745,10311.906818408099,234.06716344582242,50,50000,3,8372552
14,190.75840029427715,279.86735252790993,365.2132770056742,1624.9133937249433,124.9933379788418,3529.6931461664035,12186.850452937075,339.94641121806455,50,50000,3,8372552
14,178.52631148246334,280.8106450989128,368.2108437668283,1667.9509330845124,128.30391792957786,3445.027174360321,12509.631998133842,348.257908459615,50,50000,3,8372552
9,331.4505904242088,190.04151745898727,316.60641607342916,1106.3320838356867,138.29151047946084,3911.190809123971,8297.49062876765,241.1216716002648,50,50000,4,4474730
8,392.9209138733534,152.4944418427394,406.0169966167523,1079.7621501099238,154.25173572998912,4090.615167870696,8098.216125824429,257.28160852036666,50,50000,4,4474730
9,393.7897256104818,156.76310920803283,235.87632771788628,1023.4979580151228,127.93724475189035,4129.14626113886,7676.234685113421,311.4263933332079,50,50000,4,4474730
9,522.5906904795768,179.34654506109607,417.8674242444,921.0635788437205,115.13294735546506,5264.529266555047,6907.9768413279035,251.02215861411926,50,50000,4,4474730
15,211.01134558364893,107.88394399518006,333.2054840704253,1286.596021226132,91.89971580186658,2391.7146718412173,9649.470159195991,391.2016059349273,50,50000,4,9944578
11,172.5437409334057,273.8184890306461,343.25575551321975,1104.4017400844093,110.44017400844093,3347.7167247303887,8283.01305063307,325.45317297500736,50,50000,4,9944578
9,279.28561296523634,290.1585525340235,357.1162260320984,985.2265893951901,123.15332367439876,4270.831241244448,7389.199420463926,235.2874799065963,50,50000,4,9944578
6,447.4732599469257,178.28375377544987,356.24979967677905,966.4136046208384,193.28272092416768,4693.177602917816,7248.102034656288,175.56619688808212,50,50000,4,9944578
7,402.3459997977377,187.75220517590407,367.87672116967144,972.7231760738293,162.12052934563823,4425.736537302313,7295.42382055372,214.46472808006217,50,50000,4,9925823
10,499.95593140619786,156.67658528882106,447.29669062438114,961.1716785194594,106.79685316882882,4924.743875212642,7208.787588895946,255.5785113733181,50,50000,4,9925823
10,194.15735081237236,224.9617254670912,291.59793668087,1167.8028562625889,129.75587291806542,3143.393072095977,8758.521421969417,267.2842918683651,50,50000,4,9925823
12,168.10777912304764,227.47032409291285,346.9522962045341,940.3705562547431,85.48823238679482,2966.8357741197037,7052.779171910573,413.2931615291587,50,50000,4,9925823
8,259.69515113543486,67.78415834045411,292.64399893497495,1279.2949266100568,182.75641808715096,2456.094821069167,9594.711949575427,224.6236947671214,50,50000,4,3820097
7,396.35804276918094,222.20527539612755,498.8428447619919,954.0466517781377,159.0077752963563,4639.224886239814,7155.3498883360335,181.10014799154723,50,50000,4,3820097
9,239.91582201522604,80.38001333038373,246.17318234792168,1312.897500704901,164.11218758811262,2402.218765092073,9846.731255286757,231.87367185333719,50,50000,4,3820097
8,162.47980185386686,101.20365172999608,268.6938692280367,1324.6726253685836,189.23894648122624,1977.6259018789722,9935.044690264376,221.44803669636693,50,50000,4,3820097
11,144.21180827286344,133.70431831584054,333.7783580717792,1298.8565611515537,129.88565611515537,2084.3709494152795,9741.424208636652,310.6952990684334,50,50000,4,9535879
11,375.23429866576856,68.08890671666794,393.2221162748283,1183.353740285315,118.3353740285315,3324.924040368274,8875.153052139864,271.5387072077258,50,50000,4,9535879
10,397.2996642919975,182.30691643187558,385.34143476657056,1047.1882142275706,116.35424602528562,4347.049355429048,7853.91160670678,294.61881635325534,50,50000,4,9535879
8,197.9140837459142,177.73376928315636,356.3513275301635,1254.3080937779278,179.18687053970396,2817.3588977180293,9407.310703334459,201.68582787031264,50,50000,4,9535879
8,326.7947787760128,166.5278613009356,352.03112006020547,1072.7187163677029,153.24553090967183,3699.9198005771127,8045.390372757772,260.87419977553805,50,50000,4,8271480
7,644.1279003782631,101.96101676663248,455.98204903146313,845.8987790326621,140.98312983877702,5595.666878586717,6344.240842744965,181.44168115609887,50,50000,4,8271480
12,87.59077363878522,222.16785658063787,246.28883757866143,1283.917012554043,116.7197284140039,2323.189726645673,9629.377594155321,349.8949032262178,50,50000,4,8271480
10,430.9521607615515,73.42751706538117,319.41966563523283,1119.4969124230743,124.38854582478604,3782.847583701995,8396.226843173057,257.82364366537166,50,50000,4,8271480
14,219.80313905065498,171.9344203483549,308.8514666855854,1171.677711769708,90.129054751516,2938.0316954925743,8787.582838272809,356.72150621470166,50,50000,4,6394530
8,381.4312526033664,137.39439692843226,302.52372134180774,1102.9419526199918,157.56313608857025,3891.1923714884897,8272.064644649938,265.7248871099617,50,50000,4,6394530
7,436.6180827997214,94.30083071389777,333.71182328566294,937.3092168619003,156.2182028103167,3981.8918513521435,7029.819126464252,229.39798290344035,50,50000,4,6394530
9,395.68283801870535,90.41342549758544,346.62812965980976,1124.5784389942155,140.57230487427694,3645.721976372181,8434.338292456616,330.6902330638524,50,50000,4,6394530
9,286.9108367891453,183.60918731452415,349.2126652958504,1069.2080663482407,133.65100829353008,3528.900180777521,8019.060497611805,221.47924699665765,50,50000,4,8372552
9,582.3723934884194,279.86735252790993,420.27399011221536,723.7595166707611,90.46993958384513,6466.79809512247,5428.196375030708,263.9218392315399,50,50000,4,8372552
10,481.6988220573506,280.8106450989128,395.8386649118135,865.6663900982899,96.18515445536553,5718.821003671975,6492.497925737174,209.4325950592399,50,50000,4,8372552
12,190.75840029427715,93.44020521751663,313.1283747338003,1145.8617792066439,104.16925265514944,2131.4895413384534,8593.96334404983,324.6070608414045,50,50000,4,8372552
6,359.484136657431,190.04151745898727,344.14515822373147,757.2717710116245,151.4543542023249,4121.442405873137,5679.538282587184,175.86265447897676,50,50000,5,4474730
6,193.39575656136637,121.75443024662259,330.4990471012134,982.6471412418134,196.52942824836268,2363.6264010599175,7369.8535593136,164.68281018501528,50,50000,5,4474730
8,185.14879995759392,156.76310920803283,234.95142416651424,947.1456366747991,135.3065195249713,2564.3393187422007,7103.592275060993,300.83956654686983,50,50000,5,4474730
8,322.0643555757218,179.34654506109607,405.9186886483338,801.5421294965628,114.50601849950897,3760.5817547761335,6011.56597122422,224.06707446113626,50,50000,5,4474730
7,418.24782487361,243.3744858607561,379.99403995640756,645.8548162790651,107.64246937984417,4962.167330507746,4843.911122092988,174.36323886352304,50,50000,5,4474730
8,218.05470689506092,107.88394399518006,288.8829940532394,868.3027999918322,124.04325714169032,2444.5398816768075,6512.270999938742,200.3042253913561,50,50000,5,9944578
7,309.2883507757497,273.8184890306461,388.383850946137,707.2864502511796,117.88107504186327,4373.301298547968,5304.648376883847,162.14314856780604,50,50000,5,9944578
5,541.5831339200857,250.1734163368243,364.4524717957287,481.56450593042916,120.39112648260729,5938.174126926825,3611.733794478219,141.44587487841204,50,50000,5,9944578
4,330.48992009295335,178.28375377544987,267.0019426914779,485.16096081918727,161.7203202730624,3815.802554013024,3638.7072061439044,107.20552528793644,50,50000,5,9944578
6,212.9800233295434,327.7691029483284,355.2700991029492,650.9240042803383,130.18480085606765,4055.6184470840385,4881.930032102538,139.64507549960965,50,50000,5,9944578
7,168.10777912304764,187.75220517590407,307.505946187276,936.6013503110644,156.10022505184406,2668.949882242138,7024.510127332983,240.55004699341475,50,50000,5,9925823
5,578.8366498250688,156.67658528882106,434.1905765334882,576.7389999204529,144.18474998011322,5516.349263354174,4325.5424994033965,117.5916039545206,50,50000,5,9925823
7,155.49351903369484,224.9617254670912,295.67488144241116,917.5678099168283,152.92796831947138,2853.4143337558958,6881.758574376212,169.33786131125012,50,50000,5,9925823
10,216.58072850446078,227.47032409291285,353.32651162585677,842.094445916988,93.566049546332,3330.3828944803026,6315.70834437741,347.39159790805684,50,50000,5,9925823
5,468.8614542363497,244.72537950164775,383.3448494502231,606.2065352101056,151.5516338025264,5351.901253034981,4546.549014075792,85.83944013624325,50,50000,5,9925823
7,515.0361986011008,154.69714300549947,358.2870502250756,631.6516541527296,105.27527569212161,5023.000062049502,4737.387406145473,162.00966732639304,50,50000,5,3820097
4,375.3320112094633,222.20527539612755,316.19650163733286,457.59335954555667,152.5311198485189,4481.529649541932,3431.950196591675,111.53477610418128,50,50000,5,3820097
5,391.5573710325949,80.38001333038373,314.7430570856993,661.3082460272306,165.32706150680764,3539.53038272234,4959.811845204229,104.84904020901618,50,50000,5,3820097
4,578.3780964047762,67.78415834045411,265.6974188269593,645.2445725932924,215.08152419776414,4846.216910589228,4839.3342944496935,129.97772344703432,50,50000,5,3820097
7,259.69515113543486,101.20365172999608,299.3388087765414,926.1123557868541,154.352059297809,2706.741021490732,6945.842668401406,204.71288888460708,50,50000,5,3820097
8,420.3381274078899,133.70431831584054,320.5007007487257,704.9169220327657,100.70241743325224,4155.318342927978,5286.876915245743,252.01860059715688,50,50000,5,9535879
5,552.4027285318269,68.08890671666794,338.2838481794416,695.9650739922306,173.99126849805765,4653.687264363712,5219.738054941729,100.3585342227318,50,50000,5,9535879
4,545.4696574021095,182.30691643187558,383.4821621522561,588.0018724000354,196.00062413334513,5458.324303754888,4410.014043000266,130.49547199786952,50,50000,5,9535879
7,451.23723115899054,177.73376928315636,386.49046580151645,626.9956711834727,104.49927853057879,4717.282503316102,4702.467533876045,195.34979344615806,50,50000,5,9535879
8,197.9140837459142,144.21180827286344,327.4055603806815,953.4422126825772,136.2060303832253,2565.9441901408327,7150.816595119329,179.76981459515864,50,50000,5,9535879
11,87.59077363878522,166.5278613009356,231.90879348120845,1035.6419831479773,103.56419831479772,1905.8897620479063,7767.314873609829,302.756981570932,50,50000,5,8271480
6,326.7947787760128,101.96101676663248,371.80134268102256,788.9608592950751,157.792171859015,3215.6684665698394,5917.206444713063,166.97899019253967,50,50000,5,8271480
5,399.75750793389335,222.16785658063787,363.150288428881,681.4347661538327,170.35869153845817,4664.440233858984,5110.7607461537455,142.69207209631037,50,50000,5,8271480
6,495.5645692664311,168.08206464981726,366.26500951824045,582.9399469009019,116.58798938018037,4977.349754371862,4372.049601756764,131.141656710831,50,50000,5,8271480
8,507.1219990474286,73.42751706538117,309.31702117358117,662.3655302418435,94.62364717740623,4354.121370846074,4967.741476813827,282.55257149865463,50,50000,5,8271480
10,219.80313905065498,171.9344203483549,328.551044401469,889.6469758733356,98.84966398592617,2938.0316954925743,6672.352319050016,264.59215208781836,50,50000,5,6394530
5,560.6886603336391,94.30083071389777,312.38986728312204,637.9468619826775,159.4867154956694,4912.421182856526,4784.601464870082,147.0878019683374,50,50000,5,6394530
7,226.71847669953874,116.42997160506894,250.30957919188702,897.8658156342005,149.6443026057001,2573.6133622845573,6733.993617256504,209.12025176909572,50,50000,5,6394530
6,395.68283801870535,159.2755689216484,405.8411163327496,743.3706949659473,148.67413899318947,4162.188052052653,5575.280212244605,232.42558021047603,50,50000,5,6394530
6,436.6180827997214,90.41342549758544,289.9115165153017,721.517869267349,144.3035738534698,3952.736312229801,5411.384019505118,173.3009447290289,50,50000,5,6394530
8,95.57982979947124,183.60918731452415,236.3282514690511,892.6171152897086,127.51673075567267,2093.9176283549655,6694.628364672815,165.94438361413623,50,50000,5,8372552
6,575.6227387871011,279.86735252790993,457.02305977874397,435.10491669746324,87.02098333949264,6416.175684862583,3263.286875230974,195.33519681000033,50,50000,5,8372552
7,477.1533161802659,353.8846969729485,395.8948244158702,468.44326141636463,78.07387690272743,6232.7850986491085,3513.324460622735,153.97189349050805,50,50000,5,8372552
7,395.7432557195306,178.52631148246334,369.7603540876054,719.0899392433148,119.84832320721914,4307.021754014954,5393.174544324861,201.9449887041447,50,50000,5,8372552
6,381.69059191975776,131.7353038112792,351.3698841553882,638.3420862451651,127.66841724903301,3850.694217982777,4787.565646838738,129.55006492730726,50,50000,5,8372552
8,274.7349173874197,190.04151745898727,251.82382436178506,542.5746851113282,77.51066930161832,3485.8232613480527,4069.3101383349617,232.29585456313555,50,50000,6,4474730
3,444.9664042733789,427.89381258069847,433.70753311634286,176.57198040632173,88.28599020316086,6546.45162640558,1324.2898530474129,87.91481729169674,50,50000,6,4474730
2,393.7897256104818,156.76310920803283,275.2764174092573,506.7513997383552,506.7513997383552,4129.14626113886,3800.635498037664,62.34964459404908,50,50000,6,4474730
7,514.1911646904704,179.34654506109607,370.00690012690893,390.35606906689384,65.05934484448231,5201.532823136748,2927.670518001704,186.69785614263623,50,50000,6,4474730
4,493.6890990026389,121.75443024662259,380.83811202887995,459.50014385895145,153.1667146196505,4615.826469369461,3446.251078942136,114.06619443024913,50,50000,6,4474730
5,359.484136657431,243.3744858607561,323.5688796966773,453.67935035265975,113.41983758816494,4521.4396688864035,3402.595127644948,117.59200573703016,50,50000,6,4474730
5,218.05470689506092,107.88394399518006,263.0002412586765,747.4723740009144,186.8680935002286,2444.5398816768075,5606.0428050068585,141.3682005359243,50,50000,6,9944578
4,290.1585525340235,273.8184890306461,309.6568622463569,332.01346718234726,110.67115572744909,4229.827811735023,2490.1010038676045,111.71053178845884,50,50000,6,9944578
4,447.4732599469257,250.1734163368243,320.1698062646394,327.1052064293672,109.03506880978905,5232.350072128124,2453.289048220254,132.89383528047927,50,50000,6,9944578
3,523.333861781804,178.28375377544987,343.1289061685274,345.6257759732574,172.8128879866287,5262.132116679404,2592.193319799431,68.81859878564367,50,50000,6,9944578
2,453.8401291696521,212.9800233295434,333.41007624959775,281.41084000980084,281.41084000980084,5001.151143743966,2110.581300073506,44.42434954904259,50,50000,6,9944578
7,246.31878858476284,269.0755443634847,316.6113656955946,509.81875918091737,84.96979319681957,3865.457497111857,3823.6406938568803,169.8159983300261,50,50000,6,9944578
6,155.49351903369484,187.75220517590407,283.11672767640454,637.6292266804477,127.52584533608953,2574.342931571992,4782.219200103357,150.36737694273256,50,50000,6,9925823
4,428.2893935100412,156.67658528882106,266.50337561008405,507.20521690621615,169.06840563540538,4387.244840991467,3804.039126796621,126.85162267627597,50,50000,6,9925823
6,216.58072850446078,235.51344619594548,309.946149844489,591.3174351720533,118.26348703441064,3390.706310253047,4434.880763790399,236.77536272379328,50,50000,6,9925823
6,442.1821863485865,227.47032409291285,361.29246769214836,402.542898883185,80.50857977663699,5022.393828311245,3019.0717416238876,198.40870799688997,50,50000,6,9925823
3,459.60054587226546,168.10777912304764,365.5232597438876,431.1253115074145,215.56265575370725,4707.812437464848,3233.439836305609,99.66301808308584,50,50000,6,9925823
3,463.5085106216659,224.9617254670912,354.7648446938154,270.7451377210091,135.37256886050454,5163.526770665679,2030.5885329075682,57.40190774480077,50,50000,6,9925823
5,239.91582201522604,169.39632511828748,308.21940020351747,609.1782407426854,152.29456018567134,3069.8411035013514,4568.83680557014,120.15763312832841,50,50000,6,3820097
5,213.58022561698797,162.47980185386686,227.79531801668932,567.7267105203744,141.9316776300936,2820.450206031411,4257.950328902808,138.0489051682902,50,50000,6,3820097
4,464.9263650490422,67.78415834045411,304.07981621335324,506.9520155160804,168.9840051720268,3995.3289254212223,3802.1401163706028,103.70381466152716,50,50000,6,3820097
3,477.40211434024565,334.4190581827438,395.7177279108176,193.16366904545202,96.58183452272601,6088.658793922421,1448.7275178408902,88.93085154200351,50,50000,6,3820097
7,259.69515113543486,101.20365172999608,274.6140384164764,713.7051407397025,118.95085678995042,2706.741021490732,5352.788555547769,237.76922365232855,50,50000,6,3820097
5,332.8296617609968,80.38001333038373,201.05703312053478,505.98688087927377,126.49672021981844,3099.0725631853543,3794.9016065945534,121.58793373902603,50,50000,6,3820097
5,133.70431831584054,187.61292556156778,272.98550337645577,760.6277279085444,190.1569319771361,2409.8793290805625,5704.707959314083,164.76033291748564,50,50000,6,9535879
6,375.23429866576856,68.08890671666794,319.3755463821752,611.0634550216757,122.21269100433514,3324.924040368274,4582.975912662568,104.00762213160175,50,50000,6,9535879
6,297.07843398842664,182.30691643187558,347.14178843056385,561.9689208971181,112.39378417942362,3595.3901281522662,4214.766906728386,166.3277331192266,50,50000,6,9535879
6,394.12950075654675,177.73376928315636,367.07982817872966,483.63815195281506,96.72763039056301,4288.974525297774,3627.286139646113,164.48736383097096,50,50000,6,9535879
6,164.3256976217847,144.21180827286344,315.65610822025263,778.6396076920654,155.72792153841309,2314.031294209861,5839.797057690491,151.31833907481638,50,50000,6,9535879
4,430.9521607615515,166.5278613009356,308.42311703512644,445.3158348971282,148.43861163237605,4481.100165468653,3339.8687617284613,104.22799171695092,50,50000,6,8271480
5,326.7947787760128,78.18233191857247,343.98426917358364,623.0360527819525,155.75901319548814,3037.328330209389,4672.770395864644,176.15825655951357,50,50000,6,8271480
3,495.5645692664311,168.08206464981726,337.4919870957301,404.57895812770187,202.28947906385093,4977.349754371862,3034.342185957764,70.86780777392383,50,50000,6,8271480
5,168.61086857166467,101.96101676663248,255.81826190410135,790.8229131189006,197.70572827972515,2029.2891400372284,5931.171848391755,102.91591337413134,50,50000,6,8271480
4,476.2727304009752,73.42751706538117,290.03570393014667,467.73201528494485,155.91067176164827,4122.7518559976725,3507.990114637086,149.781233690575,50,50000,6,8271480
9,210.43450260072237,207.3797166328998,268.2669073446797,650.0106272243893,81.25132840304866,3133.6066442521665,4875.079704182919,257.05992475483094,50,50000,6,8271480
9,291.029356731651,171.9344203483549,320.17102734088564,611.4575611186685,76.43219513983357,3472.2283281000446,4585.931708390014,241.75840078243783,50,50000,6,6394530
3,492.5535561466339,94.30083071389777,287.9554263845129,419.5388773005353,209.76943865026766,4401.4079014539875,3146.541579754015,71.93037786197074,50,50000,6,6394530
4,323.08228398884506,116.42997160506894,268.7259792486483,456.63571499300775,152.21190499766925,3296.341916954355,3424.767862447558,153.5793370924741,50,50000,6,6394530
5,395.68283801870535,159.2755689216484,296.4189090208417,530.5388746794438,132.63471866986094,4162.188052052653,3979.0415600958286,191.50629685923005,50,50000,6,6394530
5,289.6522545223419,137.39439692843226,318.05595315532815,647.4323031954689,161.85807579886722,3202.8498858808057,4855.742273966017,160.79334142859693,50,50000,6,6394530
5,396.54834335730834,90.41342549758544,224.43262977203813,588.3048397642963,147.07620994107407,3652.2132664117034,4412.286298232222,109.71022970364336,50,50000,6,6394530
3,190.75840029427715,183.60918731452415,254.64919461660156,596.9041357450251,298.45206787251254,2807.7569070660097,4476.781018087688,44.518176121304265,50,50000,6,8372552
4,317.99780436260244,279.86735252790993,343.08522396381454,471.8534036787767,157.28446789292556,4483.988676678843,3538.9005275908253,96.23124015985246,50,50000,6,8372552
6,280.8106450989128,353.8846969729485,360.4181031359976,395.8929393327037,79.17858786654074,4760.21506553896,2969.197044995278,133.13262919493687,50,50000,6,8372552
7,396.8644325686531,93.44020521751663,255.1708102809094,587.3229783265136,97.88716305441893,3677.284783396273,4404.922337448852,157.04205592831332,50,50000,6,8372552
4,462.6029218234887,131.7353038112792,298.6942717599785,409.00087956329656,136.33362652109886,4457.536692260759,3067.506596724724,94.99359320552921,50,50000,6,8372552
4,459.29802237936036,286.9108367891453,367.1346517858444,326.8651195693519,108.95503985645064,5596.566443763792,2451.4883967701394,112.79989739903363,50,50000,6,8372552
4,286.02058386695234,190.04151745898727,276.7054051594327,270.49280667813605,90.16426889271202,3570.465759944547,2028.6960500860205,89.24887493657766,50,50000,8,4474730
2,393.7897256104818,185.14879995759392,289.4692627840379,209.13251071920558,209.13251071920558,4342.038941760568,1568.4938303940419,96.83548147338857,50,50000,8,4474730
2,331.4505904242088,121.75443024662259,226.6025103354157,237.60632453491874,237.60632453491874,3399.0376550312353,1782.0474340118906,47.769490828428864,50,50000,8,4474730
4,366.721496450263,156.76310920803283,259.2406377120738,283.2750273834336,94.42500912781121,3926.1345424372184,2124.562705375752,87.36073628612499,50,50000,8,4474730
3,274.7349173874197,192.55300993764715,233.6695767841256,156.8275445601492,78.4137722800746,3504.6594549380015,1176.2065842011189,112.72054193726582,50,50000,8,4474730
3,152.4944418427394,179.34654506109607,179.53374360266938,377.5641463625974,188.7820731812987,2488.8074017787662,2831.7310977194807,88.33917670234727,50,50000,8,4474730
3,392.9209138733534,243.3744858607561,308.96989046724883,180.7182701749411,90.35913508747055,4772.215498005821,1355.3870263120582,69.67783547015512,50,50000,8,4474730
4,397.3184121654236,236.140784299456,326.7516507058362,174.8133935131306,58.27113117104353,4750.943973486597,1311.1004513484795,160.35740906859797,50,50000,8,4474730
3,332.1384799653153,107.88394399518006,256.83744801781626,270.57454184735053,135.28727092367527,3300.1681797037154,2029.309063855129,46.38713847067639,50,50000,8,9944578
3,282.5130437430903,218.05470689506092,300.6972450455826,314.57485304441786,157.28742652220893,3754.2581297861343,2359.311397833134,102.60951915828936,50,50000,8,9944578
2,376.77545738431616,269.0755443634847,322.92550087390043,111.64712647759058,111.64712647759058,4843.882513108507,837.3534485819293,63.051092998412784,50,50000,8,9944578
3,339.37947463540934,327.7691029483284,334.13983678969544,61.075319579886205,30.537659789943103,5003.614331878033,458.0648968491465,65.35674127092275,50,50000,8,9944578
3,250.1734163368243,178.28375377544987,213.8123978139392,234.9004634255012,117.4502317127506,3213.4287758420564,1761.753475691259,71.95429174204631,50,50000,8,9944578
2,303.7469358095715,279.28561296523634,291.5162743874039,95.51371073840484,95.51371073840484,4372.744115811058,716.3528305380363,61.69111804799815,50,50000,8,9944578
4,332.52743962595184,220.93242849156937,272.9402984021095,199.92038801272787,66.64012933757596,4150.949010881409,1499.402910095459,73.72954957411658,50,50000,8,9944578
2,290.1585525340235,273.8184890306461,281.98852078233483,108.99957915817674,108.99957915817674,4229.827811735023,817.4968436863255,75.19424133492842,50,50000,8,9944578
4,194.15735081237236,187.75220517590407,206.07331196276823,419.1554030662218,139.71846768874062,2864.3216699120735,3143.6655229966636,122.64573321655857,50,50000,8,9925823
3,168.10777912304764,235.51344619594548,206.73398460781797,337.796451383453,168.8982256917265,3027.159189892448,2533.4733853758976,113.09631036382997,50,50000,8,9925823
4,352.93341413440663,227.47032409291285,302.52804412444493,213.43434780600782,71.1447826020026,4353.028036704896,1600.7576085450587,146.1752729619379,50,50000,8,9925823
2,375.82429799268925,224.9617254670912,300.39301172989025,153.77027894557,153.77027894557,4505.895175948353,1153.277092091775,17.491368765735793,50,50000,8,9925823
3,376.7124251353017,156.67658528882106,253.91279616171406,268.3148999942446,134.1574499971223,4000.4175781809204,2012.3617499568347,73.21640108357434,50,50000,8,9925823
2,351.0058812610844,237.40159326094712,294.20373726101576,127.23989900521552,127.23989900521552,4413.0560589152365,954.2992425391164,97.68003968708692,50,50000,8,9925823
2,341.19086784311486,244.72537950164775,292.9581236723813,131.65165141005636,131.65165141005636,4394.371855085719,987.3873855754227,22.754227769111772,50,50000,8,9925823
3,327.53249795668967,288.5490836508068,310.1794080226034,55.39868440592148,27.69934220296074,4620.611862056223,415.4901330444111,98.3000961264663,50,50000,8,9925823
2,334.4190581827438,191.0766355624218,262.74784687258284,258.73461205727693,258.73461205727693,3941.2177030887424,1940.509590429577,62.86086509319131,50,50000,8,3820097
2,169.39632511828748,222.20527539612755,195.80080025720753,298.16147625271793,298.16147625271793,2937.012003858113,2236.2110718953845,51.290883879282354,50,50000,8,3820097
4,213.58022561698797,80.38001333038373,173.73977347406083,487.58540570827375,162.52846856942458,2204.7017921052875,3656.8905428120534,104.2260991794239,50,50000,8,3820097
2,332.8296617609968,67.78415834045411,200.30691005072546,265.96378638364615,265.96378638364615,3004.603650760882,1994.7283978773462,39.79880921768177,50,50000,8,3820097
3,322.1465642857979,101.20365172999608,211.5125759190918,222.7377486297596,111.3688743148798,3175.126620118455,1670.533114723197,97.53416499609628,50,50000,8,3820097
2,401.59659511968636,293.7968469429746,347.69672103133047,110.8564163482938,110.8564163482938,5215.450815469957,831.4231226122035,71.73704567447187,50,50000,8,3820097
4,257.172077937297,259.69515113543486,286.27426821273855,250.93140906632084,83.64380302210695,3876.5042180454884,1881.9855679974062,147.71003912222338,50,50000,8,3820097
5,356.0870870907741,154.69714300549947,223.96053569055448,254.7846312713339,63.69615781783347,3830.8817257220517,1910.884734535004,120.34577810356528,50,50000,8,3820097
2,336.36514656307327,187.61292556156778,261.9890360623205,273.20218766032184,273.20218766032184,3929.835540934808,2049.0164074524137,64.47995247902996,50,50000,8,9535879
3,392.75163437879,306.32926687153804,347.53077041079456,114.631893305604,57.315946652802,5243.10675937746,859.7391997920299,51.96846797684523,50,50000,8,9535879
2,351.9787748578274,68.08890671666794,210.03384078724764,286.93291790734594,286.93291790734594,3150.5076118087145,2151.9968843050947,37.83816262050709,50,50000,8,9535879
2,397.2996642919975,177.73376928315636,287.5167167875769,221.75820663184146,221.75820663184146,4312.750751813654,1663.186549738811,79.09099468752868,50,50000,8,9535879
3,363.02842656823793,182.30691643187558,280.80459232951335,231.279770040769,115.6398850203845,4090.0150725008516,1734.5982753057674,89.646920843627,50,50000,8,9535879
4,197.9140837459142,144.21180827286344,172.27977925883198,132.53360455275057,44.177868184250194,2565.9441901408327,994.0020341456293,95.4180979355325,50,50000,8,9535879
4,347.5165424000003,133.70431831584054,260.6693414768197,223.855705035837,74.618568345279,3609.156455368806,1678.9177877687775,118.074309491462,50,50000,8,9535879
4,370.9250818345306,101.96101676663248,201.874006137979,342.1277134284759,114.0425711428253,3546.645739508723,2565.9578507135693,66.65594704750042,50,50000,8,8271480
2,348.829327370942,222.16785658063787,285.49859197578996,138.16630099131984,138.16630099131984,4282.478879636849,1036.2472574348988,68.40597340486208,50,50000,8,8271480
3,306.3194098665878,207.3797166328998,262.51527108363143,115.84941837664269,57.924709188321344,3852.7434487461574,868.8706378248202,89.52714169784667,50,50000,8,8271480
4,87.59077363878522,168.61086857166467,216.66105261617008,546.6535532372246,182.21785107907488,1921.5123165783743,4099.901649279184,156.454391584703,50,50000,8,8271480
3,358.9556712160615,226.54917056478072,275.6454800827864,215.10277106768677,107.55138553384339,4391.286313356316,1613.2707830076508,46.346300275853835,50,50000,8,8271480
4,376.968602285287,78.18233191857247,213.84330751131333,349.13048397562176,116.37682799187392,3413.6320065289456,2618.478629817163,188.4428947537991,50,50000,8,8271480
4,394.58643845673214,257.9020093346958,314.99632566910435,161.455245291462,53.818415097154,4893.66335843571,1210.914339685965,109.54476633626895,50,50000,8,8271480
4,188.67976425510315,171.9344203483549,238.99589800277408,454.97647105046616,151.65882368348872,2704.6063845259355,3412.3235328784963,108.43219532730029,50,50000,8,6394530
5,137.39439692843226,94.30083071389777,221.29551225591786,571.9446105748633,142.98615264371583,1737.7142073174753,4289.584579311475,142.83522857317618,50,50000,8,6394530
4,347.2793889060821,90.41342549758544,221.05360753846531,365.2772902296157,121.75909674320523,3282.6961080275064,2739.5796767221177,100.55405552619699,50,50000,8,6394530
2,408.17194632946627,322.7938870883726,365.48291670891945,93.97075027048825,93.97075027048825,5482.243750633792,704.7806270286619,54.63219791206879,50,50000,8,6394530
2,396.54834335730834,261.8648963939742,329.2066198756413,162.1468865597555,162.1468865597555,4938.09929813462,1216.1016491981663,40.99483408501001,50,50000,8,6394530
2,196.17030474601603,159.2755689216484,177.7229368338322,163.85798455807395,163.85798455807395,2665.844052507483,1228.9348841855547,87.37839497531998,50,50000,8,6394530
3,335.446599592523,116.42997160506894,250.60721100191608,266.7384334716197,133.36921673580986,3389.0742839819395,2000.5382510371478,119.85689282099176,50,50000,8,6394530
3,381.4312526033664,258.6029381944674,329.8387318215119,139.4441701746946,69.7220850873473,4800.2564309837535,1045.8312763102094,105.91832096554216,50,50000,8,6394530
2,331.0845900956849,183.60918731452415,257.34688870510456,150.23958021264497,150.23958021264497,3860.2033305765685,1126.7968515948373,29.625476355089642,50,50000,8,8372552
2,365.2053696918526,279.86735252790993,322.5363611098812,102.90267861822508,102.90267861822508,4838.045416648219,771.7700896366881,61.028366552562055,50,50000,8,8372552
2,353.8846969729485,280.8106450989128,317.34767103593066,131.25231444552873,131.25231444552873,4760.21506553896,984.3923583414654,46.80167757459775,50,50000,8,8372552
4,331.5608556992596,95.57982979947124,236.0914986596223,352.85580393499345,117.61860131166448,3203.555141240481,2646.4185295124507,71.15720603668436,50,50000,8,8372552
2,381.69059191975776,286.9108367891453,334.30071435445154,107.58374893389586,107.58374893389586,5014.510715316773,806.878117004219,55.86727836522527,50,50000,8,8372552
2,391.24515787918705,317.99780436260244,354.6214811208947,79.73135639181504,79.73135639181504,5319.322216813421,597.9851729386128,48.50279811132094,50,50000,8,8372552
3,389.57999624100347,131.7353038112792,246.68785651255698,262.8720477409666,131.4360238704833,3909.8647503921206,1971.5403580572495,78.62769309736926,50,50000,8,8372552
3,351.5250395417067,93.44020521751663,211.90788168450015,325.82751597210375,162.91375798605188,3337.2393356941748,2443.7063697907784,76.98961945882988,50,50000,8,8372552
2,185.14879995759392,190.04151745898727,187.5951587082906,163.1252030064975,163.1252030064975,2813.927380624359,1223.4390225487311,71.98359885871034,50,50000,10,4474730
2,274.7349173874197,192.55300993764715,233.64396366253345,87.45569224660714,87.45569224660714,3504.6594549380015,655.9176918495535,96.93844568473358,50,50000,10,4474730
3,236.140784299456,179.34654506109607,207.41585775490822,124.82786244412674,62.41393122206337,3116.15497020414,936.2089683309505,90.574966733612,50,50000,10,4474730
3,243.3744858607561,121.75443024662259,218.58106259167195,289.3077091450035,144.65385457250176,2738.4668708053405,2169.8078185875265,58.87241385299102,50,50000,10,4474730
2,322.0643555757218,308.6951637360695,315.37975965589567,23.369460318962247,23.369460318962247,4730.696394838435,175.27095239221686,48.73498224277085,50,50000,10,4474730
2,320.0821886286331,193.39575656136637,256.7389725949997,127.23269111271615,127.23269111271615,3851.084588924996,954.2451833453712,65.01726514108114,50,50000,10,4474730
2,286.02058386695234,233.7208030273099,259.8706934471311,68.69043713368656,68.69043713368656,3898.0604017069663,515.1782785026492,33.02436720137016,50,50000,10,4474730
2,246.31878858476284,220.93242849156937,233.6256085381661,107.60946660215227,107.60946660215227,3504.3841280724914,807.070999516142,44.49789669493449,50,50000,10,9944578
2,269.0755443634847,107.88394399518006,188.47974417933239,170.51476568332842,170.51476568332842,2827.1961626899856,1278.8607426249632,48.67152317929913,50,50000,10,9944578
2,327.7691029483284,178.28375377544987,253.02642836188915,150.05529368385402,150.05529368385402,3795.3964254283374,1125.4147026289052,49.15852015400134,50,50000,10,9944578
2,250.1734163368243,212.9800233295434,231.57671983318386,107.33151912209759,107.33151912209759,3473.650797497758,804.9863934157319,51.6362224054373,50,50000,10,9944578
2,218.05470689506092,172.5437409334057,195.29922391423332,67.76759032746331,67.76759032746331,2929.4883587135,508.25692745597485,96.40152920511437,50,50000,10,9944578
3,300.1127183651303,227.47032409291285,254.99487857299675,80.41029257329603,40.20514628664802,3956.872818435323,603.0771942997203,114.19863910647999,50,50000,10,9925823
2,235.51344619594548,224.9617254670912,230.23758583151835,28.0656727273479,28.0656727273479,3453.5637874727754,210.49254545510925,28.013301222310933,50,50000,10,9925823
3,244.72537950164775,156.67658528882106,209.91711428382942,220.40324983109252,110.20162491554626,3010.514735928516,1653.024373733194,66.49634068671972,50,50000,10,9925823
2,314.45664246031373,187.75220517590407,251.1044238181089,128.37339244375548,128.37339244375548,3766.5663572716335,962.8004433281661,48.38436935272228,50,50000,10,9925823
2,286.8901728291016,155.49351903369484,221.1918459313982,156.0992978383084,156.0992978383084,3317.877688970973,1170.744733787313,61.34542669443708,50,50000,10,9925823
3,222.20527539612755,67.78415834045411,160.35535643300116,192.22902298846466,96.11451149423233,2174.9207530243625,1441.717672413485,107.07665655867733,50,50000,10,3820097
4,259.69515113543486,154.69714300549947,195.87373012055178,214.87062741681305,71.62354247227101,3107.9422060570073,1611.529705626098,99.24752235226137,50,50000,10,3820097
2,213.58022561698797,169.39632511828748,191.48827536763773,57.39143243505221,57.39143243505221,2872.3241305145657,430.43574326289155,48.447684532462176,50,50000,10,3820097
2,293.7968469429746,239.91582201522604,266.8563344791003,93.74606222979571,93.74606222979571,4002.8450171865047,703.0954667234678,91.40463190029375,50,50000,10,3820097
3,322.1465642857979,101.20365172999608,211.5125759190918,222.7377486297596,111.3688743148798,3175.126620118455,1670.533114723197,97.53416499609628,50,50000,10,3820097
2,175.44806994868665,80.38001333038373,127.91404163953518,95.0942994917915,95.0942994917915,1918.7106245930277,713.2072461884363,26.830586979233633,50,50000,10,3820097
2,297.07843398842664,182.30691643187558,239.6926752101511,151.08660122479483,151.08660122479483,3595.3901281522662,1133.1495091859613,53.656848659873916,50,50000,10,9535879
2,306.32926687153804,68.08890671666794,187.20908679410297,240.78114744105704,240.78114744105704,2808.1363019115447,1805.858605807928,21.126591592733096,50,50000,10,9535879
2,197.9140837459142,164.3256976217847,181.11989068384946,40.80074573186113,40.80074573186113,2716.798360257742,306.0055929889585,42.972264939847335,50,50000,10,9535879
2,231.16981444057393,101.96101676663248,166.5654156036032,129.23669898540345,129.23669898540345,2498.4812340540484,969.2752423905258,36.752799895531155,50,50000,10,8271480
3,241.43159846751695,226.54917056478072,247.27581859456814,186.84753961806,93.42376980903,3509.8557677422323,1401.35654713545,50.37316844761831,50,50000,10,8271480
2,306.3194098665878,207.3797166328998,256.8495632497438,104.07148808592727,104.07148808592727,3852.7434487461574,780.5361606444545,66.64637858256641,50,50000,10,8271480
2,237.44550313644075,73.42751706538117,155.43651010091097,176.33867009337914,176.33867009337914,2331.5476515136643,1322.5400257003434,93.0919735238567,50,50000,10,8271480
5,293.57265739052906,87.59077363878522,225.78845694183315,261.21291303553744,65.30322825888436,2858.725732719857,1959.0968477665308,164.46938279117106,50,50000,10,8271480
2,326.7947787760128,78.18233191857247,202.48855534729262,249.1548119453041,249.1548119453041,3037.328330209389,1868.6610895897807,92.92869868728167,50,50000,10,8271480
2,196.17030474601603,159.2755689216484,177.7229368338322,163.85798455807395,163.85798455807395,2665.844052507483,1228.9348841855547,87.37839497531998,50,50000,10,6394530
2,323.08228398884506,171.9344203483549,247.50835216859997,156.69521252623332,156.69521252623332,3712.6252825289994,1175.21409394675,54.61130619267996,50,50000,10,6394530
3,291.029356731651,219.80313905065498,245.85032416061492,118.14105476354416,59.07052738177208,3831.2437183672946,886.0579107265812,60.16616313217293,50,50000,10,6394530
2,258.6029381944674,90.41342549758544,174.50818184602642,169.63616580862316,169.63616580862316,2617.6227276903965,1272.2712435646738,53.80906556268699,50,50000,10,6394530
2,308.1181868219103,137.39439692843226,222.75629187517126,177.7802509760865,177.7802509760865,3341.3443781275687,1333.3518823206489,49.83975924355807,50,50000,10,6394530
3,277.01189229300707,94.30083071389777,162.58089820399127,219.69306504852946,109.84653252426473,2784.845422551786,1647.6979878639709,103.71718816152125,50,50000,10,6394530
2,93.44020521751663,95.57982979947124,94.51001750849395,20.516047025262385,20.516047025262385,1417.6502626274091,153.8703526894679,26.860375712681172,50,50000,10,8372552
2,317.99780436260244,183.60918731452415,250.8034958385633,135.50239490869785,135.50239490869785,3762.0524375784494,1016.2679618152339,33.499691114539765,50,50000,10,8372552
18,121.75443024662259,179.34654506109607,338.8852231448615,1544.3409045521337,90.84358262071375,2258.25731480789,11582.556784141003,534.985592854357,50,100000,2,4474730
16,392.9209138733534,233.7208030273099,335.5018828214862,1630.8993138265664,108.7266209217711,4699.812876754975,12231.744853699249,472.88287193716377,50,100000,2,4474730
19,401.5239844985966,107.88394399518006,385.22674057108196,1780.5295451599793,98.9183080644433,3820.5594637033246,13353.971588699846,446.17529884589356,50,100000,2,9944578
15,541.5831339200857,178.28375377544987,354.5924872511578,1764.0642657113137,126.00459040795099,5399.001657716517,13230.481992834853,412.07099559375877,50,100000,2,9944578
20,374.04770906570695,187.75220517590407,343.0162116446596,1697.3932030633591,89.33648437175574,4213.499356812083,12730.449022975194,609.4714720236123,50,100000,2,9925823
16,484.1403702012258,156.67658528882106,451.5673420086666,1763.7374298854495,117.58249532569663,4806.127166175352,13228.030724140872,418.59799691642,50,100000,2,9925823
14,584.7428631912446,67.78415834045411,335.15544449776377,1708.4157584525651,131.41659680404348,4893.95266148774,12813.118188394239,381.7081052749388,50,100000,2,3820097
16,544.0113542309882,80.38001333038373,407.00469068223356,1851.2047808909083,123.41365205939388,4682.93525671029,13884.035856681812,389.13158106449026,50,100000,2,3820097
15,397.2996642919975,133.70431831584054,339.3054946477825,1728.0797071875863,123.43426479911331,3982.529869558785,12960.597803906898,442.93819131747097,50,100000,2,9535879
17,336.36514656307327,68.08890671666794,384.8819720585893,1745.869551187906,109.11684694924412,3033.405399598059,13094.021633909295,439.1192404908206,50,100000,2,9535879
14,372.99706511778965,166.5278613009356,424.5348640982897,1689.8212566906534,129.98625051466564,4046.4369481404397,12673.6594251799,355.3984858517555,50,100000,2,8271480
17,442.7924758071537,78.18233191857247,256.6789323284281,1854.1519300639384,115.88449562899615,3907.3110579429467,13906.139475479538,479.3072009753405,50,100000,2,8271480
19,196.17030474601603,171.9344203483549,293.10411627533284,1720.7336083019209,95.59631157232894,2760.7854382077817,12905.502062264406,513.3821294334307,50,100000,2,6394530
14,541.4098095009869,116.42997160506894,331.2960528799412,1782.2283610226732,137.0944893094364,4933.798358295418,13366.712707670049,483.8021251603479,50,100000,2,6394530
16,178.52631148246334,131.7353038112792,283.9110623661909,1820.1721831192328,121.34481220794886,2326.9621147030693,13651.291373394246,325.5071862214149,50,100000,2,8372552
14,351.5250395417067,279.86735252790993,375.4494895557887,1652.7199488702076,127.13230375924674,4735.442940522124,12395.399616526558,379.27353733220565,50,100000,2,8372552
18,366.721496450263,190.04151745898727,411.50010267284165,1727.5571532852875,101.62100901678161,4175.722604319377,12956.678649639656,565.9363601219409,50,100000,3,4474730
14,185.14879995759392,152.4944418427394,347.6528746490699,1790.877669262939,137.75982071253378,2532.3243135025,13431.582519472042,393.5420037153803,50,100000,3,4474730
13,673.5549902060845,193.39575656136637,293.0972216257745,1511.770027138732,125.98083559489434,6502.130600755882,11338.27520354049,387.96957170945916,50,100000,3,4474730
16,541.5831339200857,107.88394399518006,378.31922291018975,1687.647171400628,112.50981142670852,4871.003084364494,12657.353785504709,344.951824081654,50,100000,3,9944578
15,401.5239844985966,273.8184890306461,333.8071466756812,1576.552624858133,112.61090177558093,5065.06855146932,11824.144686435997,437.31539253873916,50,100000,3,9944578
13,561.7906297985179,178.28375377544987,346.42197583204876,1650.7123193958441,137.55935994965367,5550.557876804758,12380.342395468831,371.71266618144745,50,100000,3,9944578
15,244.72537950164775,187.75220517590407,342.382381771896,1639.6484799288519,117.11774856634656,3243.5818850816386,12297.36359946639,459.75554311743974,50,100000,3,9925823
16,484.1403702012258,156.67658528882106,451.5673420086666,1763.7374298854495,117.58249532569663,4806.127166175352,13228.030724140872,418.59799691642,50,100000,3,9925823
14,631.1542508982312,224.9617254670912,364.23840703144236,1602.4944012871274,123.2688000990098,6420.869822739918,12018.708009653456,370.6847824242584,50,100000,3,9925823
12,400.3309092508545,80.38001333038373,301.82288173757706,1639.844428110821,149.0767661918928,3605.331919359287,12298.833210831157,352.7213654391162,50,100000,3,3820097
12,259.69515113543486,67.78415834045411,354.2709620548444,1770.66894648471,160.96990422588271,2456.094821069167,13280.017098635324,334.583177129106,50,100000,3,3820097
10,483.8935970769919,175.44806994868665,400.590985717106,1381.9052291125943,153.54502545695493,4945.062502692589,10364.289218344456,187.32397520937306,50,100000,3,3820097
15,397.2996642919975,133.70431831584054,339.3054946477825,1728.0797071875863,123.43426479911331,3982.529869558785,12960.597803906898,442.93819131747097,50,100000,3,9535879
18,347.5165424000003,68.08890671666794,384.3156045165419,1880.6202626868828,110.62472133452252,3117.0408683750115,14104.65197015162,445.2751720742228,50,100000,3,9535879
12,640.978558427567,182.30691643187558,443.05325546930203,1414.1157527967737,128.55597752697943,6174.64106144582,10605.868145975803,369.8431502091894,50,100000,3,9535879
13,643.7331655318559,166.5278613009356,403.1021210585868,1686.4150533040654,140.5345877753388,6076.957701245936,12648.11289978049,353.87988988548227,50,100000,3,8271480
11,547.8969586715473,222.16785658063787,398.9313289661713,1355.1763714868266,135.51763714868267,5775.486114391389,10163.822786151199,264.311279256727,50,100000,3,8271480
14,328.05451314055637,73.42751706538117,249.56331034256294,1680.7807180946438,129.29082446881876,3011.115226544531,12605.855385709829,405.94733195430155,50,100000,3,8271480
20,453.92943114643293,171.9344203483549,382.59871379322635,1756.2176091320782,92.43250574379358,4693.978886210909,13171.632068490586,530.258558265873,50,100000,3,6394530
14,196.17030474601603,159.2755689216484,356.611590104315,1590.101303789354,122.31548490687338,2665.844052507483,11925.759778420155,528.0903495114942,50,100000,3,6394530
11,346.51492479508426,90.41342549758544,269.07844354222664,1781.1050565546577,178.11050565546577,3276.9626271950224,13358.287924159933,273.48891566088747,50,100000,3,6394530
12,395.7432557195306,183.60918731452415,376.88596298420293,1690.6076884196116,153.6916080381465,4345.143322755411,12679.557663147087,312.07997462510633,50,100000,3,8372552
14,190.75840029427715,279.86735252790993,365.2132770056742,1624.9133937249433,124.9933379788418,3529.6931461664035,12186.850452937075,339.94641121806455,50,100000,3,8372552
15,496.53891406578435,280.8106450989128,397.912901317741,1587.0341918282152,113.3595851305868,5830.121693735229,11902.756438711614,408.65887782166305,50,100000,3,8372552
10,121.75443024662259,190.04151745898727,277.155760769703,1386.8679955388948,154.09644394876608,2338.469607792074,10401.509966541711,254.72887672033693,50,100000,4,4474730
10,673.5549902060845,152.4944418427394,436.83526571362427,1446.5703434596817,160.73003816218684,6195.37074036618,10849.277575947614,284.6415243739667,50,100000,4,4474730
12,393.7897256104818,156.76310920803283,292.84926980112937,1550.508107413646,140.95528249214965,4129.14626113886,11628.810805602345,367.97292201696985,50,100000,4,4474730
15,399.9394168931722,179.34654506109607,422.7710212576147,1233.1781108342432,88.08415077387451,4344.644714657012,9248.835831256823,493.91850380685946,50,100000,4,4474730
17,347.91725061432066,107.88394399518006,355.0357889337764,1449.6540859100533,90.60338036937833,3418.508959571255,10872.4056443254,379.51031835984,50,100000,4,9944578
13,275.1785053952919,273.8184890306461,327.8463970480276,1284.3926451276595,107.03272042730497,4117.477458194536,9632.944838457446,406.3081888913125,50,100000,4,9944578
11,587.3787227433144,290.1585525340235,373.19742662197916,1555.5396732758518,155.55396732758518,6581.529564580033,11666.547549568888,307.9418044514667,50,100000,4,9944578
8,568.9373098939302,178.28375377544987,438.25786698295457,1203.9376362170783,171.99109088815405,5604.157977520351,9029.532271628088,206.86231754380992,50,100000,4,9944578
10,442.4666820499593,187.75220517590407,373.5507023216077,1408.4872189734842,156.4985798859427,4726.641654193975,10563.654142301131,283.1363850067186,50,100000,4,9925823
13,194.15735081237236,156.67658528882106,415.5936556372709,1543.0609654401953,128.58841378668293,2631.254520758951,11572.957240801465,323.90021357444476,50,100000,4,9925823
13,407.3196494864211,224.9617254670912,373.75144556308936,1453.8601337792475,121.15501114827062,4742.110312151342,10903.951003344357,341.3590133587914,50,100000,4,9925823
13,244.72537950164775,227.47032409291285,339.08868722738896,1209.711831277161,100.80931927309676,3541.4677769592045,9072.838734578709,424.7970971799993,50,100000,4,9925823
11,396.35804276918094,162.47980185386686,328.4266596495791,1806.7667693804042,180.67667693804043,4191.283834672859,13550.750770353032,294.4604125523486,50,100000,4,3820097
12,487.9935754968125,67.78415834045411,390.18501415943166,1657.2962082598585,150.66329165998715,4168.333003779499,12429.72156194894,376.0364049194153,50,100000,4,3820097
11,515.0361986011008,80.38001333038373,354.388500090795,1105.6655054358757,110.56655054358757,4465.621589486133,8292.491290769069,224.93480358120758,50,100000,4,3820097
11,568.2490131521661,154.69714300549947,317.2027023847332,1612.073532390546,161.2073532390546,5422.096171182491,12090.551492929095,357.4977033336951,50,100000,4,3820097
11,397.2996642919975,133.70431831584054,361.98614068684327,1384.6435985058952,138.46435985058952,3982.529869558785,10384.826988794213,309.98537827569197,50,100000,4,9535879
15,336.36514656307327,68.08890671666794,400.58052224708774,1615.4517083626793,115.38940774019137,3033.405399598059,12115.887812720095,375.39042164972403,50,100000,4,9535879
12,640.978558427567,182.30691643187558,443.05325546930203,1414.1157527967737,128.55597752697943,6174.64106144582,10605.868145975803,369.8431502091894,50,100000,4,9535879
11,412.5985585062587,177.73376928315636,353.0054097091551,1215.0487606207191,121.50487606207192,4427.492458420613,9112.865704655393,299.05060569367794,50,100000,4,9535879
9,434.6620464935528,237.44550313644075,327.86599378738026,1347.4776311493474,168.43470389366843,5040.806622224952,10106.082233620105,314.68595549829286,50,100000,4,8271480
9,222.16785658063787,78.18233191857247,443.57658094178635,1610.6568966684713,201.3321120835589,2252.6264137440776,12079.926725013534,286.6753927693,50,100000,4,8271480
14,73.42751706538117,207.3797166328998,276.4614089754326,1435.6516510527965,110.43474238867665,2106.054252737107,10767.387382895973,343.0752492205249,50,100000,4,8271480
12,399.75750793389335,101.96101676663248,338.30521006173154,1593.3056705734823,144.84597005213476,3762.888935253944,11949.792529301118,260.6137823664775,50,100000,4,8271480
16,623.6497651656963,171.9344203483549,388.0330405783474,1464.3536962481628,97.62357974987752,5966.881391355384,10982.652721861221,419.0573450437565,50,100000,4,6394530
11,346.51492479508426,94.30083071389777,301.35772339907976,1565.3280584324048,156.53280584324048,3306.118166317365,11739.960438243035,310.88383868036897,50,100000,4,6394530
9,188.67976425510315,116.42997160506894,329.227133400103,1591.7032270402897,198.9629033800362,2288.323018951291,11937.774202802173,265.4366901439707,50,100000,4,6394530
11,450.33559236939396,90.41342549758544,372.96706400522396,1549.290429457513,154.9290429457513,4055.6176340023458,11619.678220931348,388.6926411867195,50,100000,4,6394530
9,190.75840029427715,183.60918731452415,307.7219699255862,1184.5133811465012,148.06417264331265,2807.7569070660097,8883.850358598758,200.04743040722283,50,100000,4,8372552
13,595.6369822289276,279.86735252790993,442.57367969599085,1648.5058530520932,137.3754877543411,6566.282510676282,12363.793897890699,312.9440387352921,50,100000,4,8372552
14,636.0747608409379,280.8106450989128,453.8423305569208,1513.2247982732613,116.40190755948164,6876.64054454888,11349.185987049459,374.59411360375816,50,100000,4,8372552
14,530.1207082393491,93.44020521751663,375.17690182093804,1495.0603095781225,115.00463919831712,4676.706850926494,11212.952321835919,379.6388573489106,50,100000,4,8372552
8,673.5549902060845,190.04151745898727,358.0417038523147,1169.3688556097002,167.0526936585286,6476.973807488039,8770.266417072751,239.83474799453967,50,100000,5,4474730
9,320.0821886286331,121.75443024662259,406.7348354502194,1493.667762351813,186.70847029397663,3313.774641564418,11202.508217638599,242.9193092828725,50,100000,5,4474730
9,393.7897256104818,156.76310920803283,229.84679415550485,1145.5667877509013,143.19584846886266,4129.14626113886,8591.75090813176,325.59513082517253,50,100000,5,4474730
14,399.9394168931722,179.34654506109607,423.93932198211377,1223.226381911024,94.09433707007877,4344.644714657012,9174.19786433268,448.6241303049844,50,100000,5,4474730
10,447.5720860245711,243.3744858607561,408.77841210575,1239.349943861615,137.7055493179572,5182.099289139954,9295.124578962112,226.8266377860506,50,100000,5,4474730
17,347.91725061432066,107.88394399518006,355.0357889337764,1449.6540859100533,90.60338036937833,3418.508959571255,10872.4056443254,379.51031835984,50,100000,5,9944578
12,458.88972573448643,273.8184890306461,352.89191969832535,1432.036512896765,130.18513753606956,5495.311610738494,10740.273846725739,350.5129710389543,50,100000,5,9944578
7,275.1785053952919,279.28561296523634,267.3936162936465,1142.0645134543352,190.34408557572252,4158.480887703961,8565.483850907514,199.38801339882687,50,100000,5,9944578
7,587.3787227433144,290.1585525340235,435.3393332447878,671.4443183034525,111.90738638390876,6581.529564580033,5035.832387275894,218.2492577863372,50,100000,5,9944578
7,568.9373098939302,178.28375377544987,454.0419761307583,1181.158723438235,196.85978723970584,5604.157977520351,8858.690425786763,178.0218667264176,50,100000,5,9944578
10,374.04770906570695,155.49351903369484,328.3689756592562,884.2473815291708,98.24970905879675,3971.5592107455136,6631.855361468781,316.9854350632323,50,100000,5,9925823
12,194.15735081237236,156.67658528882106,437.2686670209023,1380.9616563081634,125.54196875528758,2631.254520758951,10357.212422311226,307.39481431888044,50,100000,5,9925823
10,407.3196494864211,224.9617254670912,387.91384484640236,1389.3219808839178,154.36910898710198,4742.110312151342,10419.914856629384,246.6598721197955,50,100000,5,9925823
11,442.4666820499593,227.47032409291285,336.5143082802716,1433.6725915861446,143.36725915861444,5024.527546071541,10752.544436896083,398.0891514341074,50,100000,5,9925823
7,631.1542508982312,244.72537950164775,417.79870332637836,1074.8044568817722,179.13407614696203,6569.097227999093,8061.033426613292,110.77945607712863,50,100000,5,9925823
9,259.69515113543486,191.0766355624218,353.49494579198716,1320.0842113226483,165.01052641533104,3380.788400233925,9900.631584919862,203.51933707175172,50,100000,5,3820097
9,501.5339796655542,222.20527539612755,467.4460131796095,1702.893934807631,212.86174185095388,5428.044412962613,12771.704511057233,264.48571095235457,50,100000,5,3820097
10,239.91582201522604,80.38001333038373,256.0939991893782,1326.176130705277,147.35290341169744,2402.218765092073,9946.320980289578,263.76421258174247,50,100000,5,3820097
8,257.172077937297,67.78415834045411,350.32685055737556,1466.5403820890433,209.50576886986332,2437.171772083133,10999.052865667825,239.95950162508296,50,100000,5,3820097
11,400.3309092508545,101.20365172999608,366.81206610914256,1510.944902862945,151.0944902862945,3761.509207356379,11332.086771472086,340.2919656623172,50,100000,5,3820097
10,532.6362725268469,133.70431831584054,358.45478832632784,1338.6665213999722,148.74072459999692,4997.554431320156,10039.998910499791,269.9697244949577,50,100000,5,9535879
12,336.36514656307327,68.08890671666794,396.4351023667552,1385.202331789357,125.92748470812336,3033.405399598059,10389.017488420177,292.10613771488113,50,100000,5,9535879
7,640.978558427567,182.30691643187558,415.92324881442613,895.6003163835047,149.2667193972508,6174.64106144582,6717.002372876285,237.58760617494391,50,100000,5,9535879
10,451.23723115899054,177.73376928315636,431.91085851975106,1108.5515071941804,123.17238968824228,4717.282503316102,8314.136303956353,297.60079881572267,50,100000,5,9535879
11,397.2996642919975,144.21180827286344,372.9659456190498,1227.074967294172,122.7074967294172,4061.336044236457,9203.06225470629,299.9909185676179,50,100000,5,9535879
13,462.2280325619515,166.5278613009356,298.5102240015522,1253.9508938247352,104.49590781872793,4715.669203971654,9404.631703685514,293.6385982492091,50,100000,5,8271480
9,448.2547652858508,101.96101676663248,330.7875664012771,1824.9283961242197,228.11604951552746,4126.618365393625,13686.962970931649,262.8827331378116,50,100000,5,8271480
10,358.9556712160615,222.16785658063787,414.13593157298146,1240.0733687188747,137.78592985765275,4358.426458475245,9300.550265391561,228.09613098721275,50,100000,5,8271480
7,547.8969586715473,168.08206464981726,392.21243082585573,1107.9680197386908,184.66133662311515,5369.842674910235,8309.76014804018,157.86111904781913,50,100000,5,8271480
11,337.0751981584346,73.42751706538117,372.679312132473,1283.0474995274976,128.30474995274977,3078.7703641786184,9622.856246456233,365.49061092729124,50,100000,5,8271480
14,623.6497651656963,171.9344203483549,401.1638601988119,1247.5906053854878,95.96850810657598,5966.881391355384,9356.929540391158,337.3798939183633,50,100000,5,6394530
7,471.86679668558844,94.30083071389777,345.4527913683117,1380.0983694625797,230.01639491042997,4246.257205496147,10350.737770969348,181.48168332662672,50,100000,5,6394530
10,445.9431381246451,116.42997160506894,276.7395336185212,1232.1522086296397,136.90580095884886,4217.798322972856,9241.141564722298,312.89230980355023,50,100000,5,6394530
9,500.2142085368703,159.2755689216484,418.5586390562365,1361.2285022645015,170.15356278306268,4946.17333093889,10209.213766983761,300.0849766081076,50,100000,5,6394530
10,532.6489447497817,90.41342549758544,348.9432381067887,1743.4151269928816,193.71279188809797,4672.967776855253,13075.613452446612,348.5510599141167,50,100000,5,6394530
10,636.0747608409379,183.60918731452415,410.0757996177441,1449.42657385185,161.04739709465,6147.629611165966,10870.699303888874,264.1765275398581,50,100000,5,8372552
9,595.6369822289276,279.86735252790993,476.5018747399585,1419.4611885189215,177.4326485648652,6566.282510676282,10645.958913891911,237.5993054712981,50,100000,5,8372552
11,420.8673702875168,280.8106450989128,398.11400176415015,1209.0704743131955,120.90704743131955,5262.585115398222,9068.028557348967,256.25968480780955,50,100000,5,8372552
12,530.1207082393491,93.44020521751663,341.40856706255636,1082.5195712663776,98.41087011512523,4676.706850926494,8118.896784497832,323.08898902173786,50,100000,5,8372552
8,591.3991621158026,131.7353038112792,407.9741407093484,922.2653714024376,131.75219591463394,5423.508494453114,6916.990285518282,186.09993325448008,50,100000,5,8372552
9,522.5906904795768,190.04151745898727,365.5533202557128,955.9656238450935,119.4957029806367,5344.74155953923,7169.742178838202,300.0024393846066,50,100000,6,4474730
8,639.6719573995754,152.4944418427394,421.4089177524323,1209.0794862589262,172.7256408941323,5941.247994317361,9068.096146941947,233.8975994404146,50,100000,6,4474730
8,393.7897256104818,156.76310920803283,266.3646653115478,1158.1378125861188,165.44825894087413,4129.14626113886,8686.03359439589,269.7011190769839,50,100000,6,4474730
11,185.14879995759392,179.34654506109607,387.42495567887295,1206.4528319547574,120.64528319547574,2733.7150876401747,9048.39623966068,353.2571935896557,50,100000,6,4474730
8,320.0821886286331,121.75443024662259,408.90755976335004,1385.0194601323144,197.85992287604492,3313.774641564418,10387.645950992359,191.4713374438362,50,100000,6,4474730
6,673.5549902060845,243.3744858607561,381.8998981149118,770.6404627505805,154.1280925501161,6876.971070501305,5779.803470629354,135.47026725812285,50,100000,6,4474730
13,458.88972573448643,107.88394399518006,323.399753386398,1589.8025375889222,132.48354479907684,4250.802522972499,11923.519031916916,365.57150991775075,50,100000,6,9944578
6,568.9373098939302,273.8184890306461,447.2935625206881,1036.4500134837622,207.29000269675242,6320.668491934322,7773.375101128217,188.17900154228892,50,100000,6,9944578
7,275.1785053952919,279.28561296523634,267.3936162936465,1142.0645134543352,190.34408557572252,4158.480887703961,8565.483850907514,199.38801339882687,50,100000,6,9944578
6,587.3787227433144,327.7691029483284,459.5361300299152,543.4135697311573,108.68271394623146,6863.60869268732,4075.6017729836794,174.86130626578736,50,100000,6,9944578
6,366.5082640337072,178.28375377544987,363.45025277566873,1259.1300232519384,251.8260046503877,4085.940133568678,9443.475174389538,120.91690547647983,50,100000,6,9944578
12,343.58005401226285,269.0755443634847,389.17534565850997,1148.158370622366,104.37803369294237,4594.9169878181065,8611.187779667745,276.76569070924234,50,100000,6,9944578
11,407.3196494864211,187.75220517590407,374.7761195646695,1341.7227150683,134.17227150683,4463.038909967439,10062.92036301225,302.0088027757843,50,100000,6,9925823
11,499.95593140619786,156.67658528882106,459.3696957671323,999.3634600040339,99.93634600040339,4924.743875212642,7495.225950030254,274.66813741512783,50,100000,6,9925823
6,415.82608098543443,235.51344619594548,343.153708591318,628.7014376129074,125.74028752258148,4885.046453860349,4715.260782096805,242.44207126559186,50,100000,6,9925823
9,194.15735081237236,227.47032409291285,331.74818404819547,1118.1222157261452,139.76527696576815,3162.207561789639,8385.91661794609,261.4258138965695,50,100000,6,9925823
7,631.1542508982312,244.72537950164775,417.79870332637836,1074.8044568817722,179.13407614696203,6569.097227999093,8061.033426613292,110.77945607712863,50,100000,6,9925823
6,442.4666820499593,224.9617254670912,315.2416206264857,1261.4625865149937,252.29251730299876,5005.713056377878,9460.969398862453,188.58444758294212,50,100000,6,9925823
8,483.8935970769919,191.0766355624218,365.2199201240562,905.7779566904694,129.39685095578133,5062.276744795603,6793.33467517852,175.3737882682432,50,100000,6,3820097
8,400.3309092508545,222.20527539612755,310.75385472516575,1204.6423390555833,172.09176272222618,4669.021384852365,9034.817542916875,254.63909070798047,50,100000,6,3820097
6,213.58022561698797,225.55078500018496,358.5557642731471,1000.0918333310622,200.01836666621244,3293.482579628797,7500.688749982966,172.72954528050215,50,100000,6,3820097
7,511.7116059566172,67.78415834045411,363.63467521738676,1167.015295698641,194.50254928310684,4346.218232228035,8752.614717739807,204.3900799400016,50,100000,6,3820097
10,257.172077937297,101.20365172999608,305.16899852301,1215.0487570182488,135.00541744647208,2687.817972504698,9112.865677636866,309.9275361838588,50,100000,6,3820097
8,501.5339796655542,80.38001333038373,453.83733226415745,1498.279165666043,214.0398808094347,4364.354947469535,11237.093742495323,194.9606875126627,50,100000,6,3820097
9,397.2996642919975,187.61292556156778,368.3896618569542,1158.4765383157096,144.8095672894637,4386.844423901739,8688.574037367822,249.48906278094748,50,100000,6,9535879
9,589.789088701037,68.08890671666794,388.1354505155993,738.4154448210721,92.30193060263402,4934.084965632787,5538.115836158041,217.86618278805722,50,100000,6,9535879
7,640.978558427567,182.30691643187558,415.92324881442613,895.6003163835047,149.2667193972508,6174.64106144582,6717.002372876285,237.58760617494391,50,100000,6,9535879
10,451.23723115899054,177.73376928315636,431.91085851975106,1108.5515071941804,123.17238968824228,4717.282503316102,8314.136303956353,297.60079881572267,50,100000,6,9535879
10,412.5985585062587,144.21180827286344,370.53257375175497,1208.7041765108004,134.3004640567556,4176.077750843417,9065.281323831003,259.97526478688354,50,100000,6,9535879
5,532.6362725268469,133.70431831584054,386.06855292067127,1250.2547341760305,312.56368354400763,4997.554431320156,9376.91050632023,134.73627042156835,50,100000,6,9535879
5,448.2547652858508,166.5278613009356,333.0234441521663,816.1184206735044,204.0296051683761,4610.869699400898,6120.888155051282,120.22536279542891,50,100000,6,8271480
7,87.59077363878522,101.96101676663248,312.27732614187806,1216.9024890803842,202.81708151339737,1421.6384280406328,9126.76866810288,205.69224690829148,50,100000,6,8271480
10,241.43159846751695,222.16785658063787,402.38352429812704,1274.9920407644593,141.66578230716215,3476.9959128611613,9562.440305733444,217.13510688357616,50,100000,6,8271480
6,547.8969586715473,168.08206464981726,419.0528668900693,1083.5865527490942,216.71731054981882,5369.842674910235,8126.899145618207,133.98938743228777,50,100000,6,8271480
10,337.0751981584346,73.42751706538117,362.3199703056228,1161.9824094462915,129.1091566051435,3078.7703641786184,8714.868070847186,347.59551772649,50,100000,6,8271480
12,462.2280325619515,207.3797166328998,319.302426955649,991.1864509982468,90.1078591816588,5022.058118961385,7433.898382486851,283.33157060326954,50,100000,6,8271480
13,606.3415953677915,171.9344203483549,393.0345283957077,1237.3970083268932,103.11641736057443,5837.070117871098,9280.477562451699,307.174562972793,50,100000,6,6394530
6,398.02273869818873,94.30083071389777,376.53262683084796,1105.5195606130133,221.10391212260265,3692.4267705906486,8291.396704597599,192.42952723015787,50,100000,6,6394530
6,534.4105026430018,116.42997160506894,336.65766396753594,704.7335127256126,140.94670254512252,4881.30355686053,5285.501345442095,201.55333385642393,50,100000,6,6394530
9,450.33559236939396,159.2755689216484,401.57794887352105,1268.3189779036368,158.5398722379546,4572.083709682817,9512.392334277276,336.02043518463466,50,100000,6,6394530
7,381.4312526033664,137.39439692843226,306.1682683487793,1155.4471422297022,192.57452370495037,3891.1923714884897,8665.853566722766,230.06001234513053,50,100000,6,6394530
9,623.6497651656963,90.41342549758544,323.5943354314586,1348.3281592804171,168.54101991005214,5355.4739299746125,10112.46119460313,213.15205198162442,50,100000,6,6394530
5,530.1207082393491,183.60918731452415,451.77674250746685,767.1235441441052,191.7808860360263,5352.97421665405,5753.426581080788,99.54997262881041,50,100000,6,8372552
8,459.29802237936036,279.86735252790993,461.60998630383733,660.8866899124816,94.41238427321166,5543.740311804527,4956.650174343612,221.9692577952707,50,100000,6,8372552
12,420.8673702875168,280.8106450989128,414.5742501362149,1435.5615613318203,130.50559648471094,5262.585115398222,10766.711709988653,271.889732483837,50,100000,6,8372552
11,392.5751503124483,93.44020521751663,324.2529178646661,943.5387886487941,94.35387886487942,3645.1151664747367,7076.540914865956,302.07692555283137,50,100000,6,8372552
5,523.8622216514119,131.7353038112792,343.7278617382652,509.5976565541868,127.3994141385467,4916.981440970183,3821.982424156401,117.10365613944727,50,100000,6,8372552
8,636.0747608409379,286.9108367891453,406.1190470237582,1271.4302967028193,181.63289952897418,6922.391982225625,9535.727225271145,206.78334400931337,50,100000,6,8372552
8,508.13745616678546,190.04151745898727,375.2182141865716,708.7875989648859,101.25537128069799,5236.342302193296,5315.906992236644,243.13956658676364,50,100000,8,4474730
6,447.5720860245711,152.4944418427394,405.7968647597126,1005.107034315068,201.0214068630136,4500.498959004828,7538.30275736301,175.39173706297356,50,100000,8,4474730
6,359.484136657431,185.14879995759392,308.01847548057134,555.4336790285954,111.08673580571909,4084.7470246126873,4165.752592714465,240.30345998964876,50,100000,8,4474730
6,648.1678268316606,179.34654506109607,410.4239002299373,588.3588399799272,117.67176799598545,6206.357789195675,4412.6912998494545,181.85620572555897,50,100000,8,4474730
5,446.66169399613995,121.75443024662259,394.00282842233196,641.2134969704875,160.30337424262189,4263.120931820719,4809.101227278657,123.54784876275656,50,100000,8,4474730
5,673.5549902060845,243.3744858607561,386.38305040640796,615.2183022332355,153.80457555830887,6876.971070501305,4614.137266749266,106.7504468870216,50,100000,8,4474730
7,639.6719573995754,156.76310920803283,369.6993364608175,649.5858221865064,108.26430369775107,5973.262999557061,4871.893666398799,180.73101234294424,50,100000,8,4474730
7,469.9375988017292,192.55300993764715,339.9281457705439,742.2833024867379,123.71388374778964,4968.679565545323,5567.124768650534,232.07967883595245,50,100000,8,4474730
6,537.4646896371733,220.93242849156937,364.7670250818124,521.1122670917475,104.2224534183495,5687.978385965569,3908.3420031881064,108.22720377332828,50,100000,8,9944578
6,568.9373098939302,107.88394399518006,341.87726109352025,968.3462625270315,193.6692525054063,5076.1594041683275,7262.5969689527365,135.7887066797572,50,100000,8,9944578
6,426.3856164107467,178.28375377544987,298.02129158367086,853.0463178132492,170.60926356264983,4535.020276396474,6397.847383599369,157.97076247973854,50,100000,8,9944578
6,587.3787227433144,327.7691029483284,479.2976627606324,678.6739337692871,135.73478675385743,6863.60869268732,5090.054503269654,162.98105222044748,50,100000,8,9944578
4,279.28561296523634,273.8184890306461,275.33876452769357,670.3354776621802,223.44515922072674,4148.2807649691185,5027.516082466352,112.67383690210866,50,100000,8,9944578
6,561.7906297985179,172.5437409334057,315.5644544834416,894.1508157619053,178.83016315238106,5507.507780489427,6706.13111821429,269.9193110012168,50,100000,8,9944578
7,291.9825369061538,246.31878858476284,386.80360870953365,1072.8093952187387,178.80156586978978,4037.2599411818755,8046.07046414054,140.46030741922385,50,100000,8,9944578
6,401.5239844985966,376.77545738431616,394.39294553127246,683.4709187251332,136.69418374502663,5837.245814121846,5126.0318904384985,181.3652198341844,50,100000,8,9944578
8,484.1403702012258,187.75220517590407,370.3460937484044,961.6756039836107,137.38222914051582,5039.194315328474,7212.56702987708,241.32419766049367,50,100000,8,9925823
9,606.0049710416151,156.67658528882106,441.4456638708459,853.8548991866437,106.73186239833046,5720.111672478271,6403.911743899827,225.37812997341842,50,100000,8,9925823
5,580.0997471946432,235.51344619594548,413.6036081068989,800.5876246999765,200.14690617499411,6117.098950429415,6004.407185249824,106.86878625605473,50,100000,8,9925823
6,194.15735081237236,237.40159326094712,331.6371055901523,996.3423417315499,199.26846834631,3236.692080549896,7472.567562986625,182.32061129485092,50,100000,8,9925823
6,468.8614542363497,244.72537950164775,424.6464163582245,932.0175359836825,186.40350719673648,5351.901253034981,6990.131519877618,92.55546002943342,50,100000,8,9925823
3,463.5085106216659,168.10777912304764,282.7323394163914,504.65221805693307,252.32610902846653,4737.122173085351,3784.891635426998,131.89571005651635,50,100000,8,9925823
6,376.7124251353017,227.47032409291285,326.8120517831314,959.449726243326,191.8899452486652,4531.37061921161,7195.872946824946,206.35005500361316,50,100000,8,9925823
5,468.327980434802,224.9617254670912,367.18919322822023,384.5443024540822,96.13607561352055,5199.672794264199,2884.0822684056166,129.80144439074962,50,100000,8,9925823
5,511.7116059566172,191.0766355624218,371.70068552848653,735.3330578513842,183.83326446284605,5270.9118113927925,5514.997933885381,163.54465876383793,50,100000,8,3820097
3,483.8935970769919,222.20527539612755,367.4856384141001,688.8856561014958,344.4428280507479,5295.741543548395,5166.642420761218,61.12311593199529,50,100000,8,3820097
5,564.5567743935512,225.55078500018496,526.7922030239555,679.7884722601091,169.94711806502727,5925.806695453021,5098.413541950818,149.78061992477748,50,100000,8,3820097
4,257.172077937297,67.78415834045411,283.7970030947484,1069.727170993127,356.57572366437563,2437.171772083133,8022.953782448452,117.31308413813382,50,100000,8,3820097
10,259.69515113543486,101.20365172999608,319.4848816543657,1153.4834453317792,128.16482725908656,2706.741021490732,8651.125839988345,323.10389840368373,50,100000,8,3820097
7,568.2490131521661,80.38001333038373,377.8542153329389,987.4548700305221,164.57581167175368,4864.717698619123,7405.911525228916,179.4297194874146,50,100000,8,3820097
4,487.9935754968125,169.39632511828748,333.0933980749693,878.8968720025929,292.9656240008643,4930.42425461325,6591.7265400194465,85.39200708531563,50,100000,8,3820097
11,584.7428631912446,154.69714300549947,358.26249603537195,730.5048538065369,73.05048538065368,5545.8000464755805,5478.7864035490265,281.68947181806914,50,100000,8,3820097
7,431.22341929963716,133.70431831584054,306.238211225988,688.9875270500332,114.83125450833887,4236.958032116083,5167.40645287525,223.9506596925418,50,100000,8,9535879
10,589.789088701037,68.08890671666794,385.62474812086316,799.6724434601551,88.85249371779501,4934.084965632787,5997.543325951164,253.85625497181027,50,100000,8,9535879
5,640.978558427567,182.30691643187558,412.7444856908572,816.2725989095875,204.06814972739687,6174.64106144582,6122.044491821906,158.61190405135096,50,100000,8,9535879
4,394.12950075654675,177.73376928315636,367.2367655836218,570.036550050178,190.01218335005933,4288.974525297774,4275.274125376335,139.13755290610322,50,100000,8,9535879
7,532.6362725268469,144.21180827286344,383.22647880492394,906.0195269693444,151.00325449489074,5076.360605997827,6795.146452270083,155.3201859438517,50,100000,8,9535879
3,336.36514656307327,375.23429866576856,421.3340579202229,544.2436523310853,272.12182616554264,5336.995839216314,4081.8273924831396,74.2399549268239,50,100000,8,9535879
6,612.2964060742055,356.2463384923352,475.02692047717056,351.19883983680364,70.23976796736073,7264.070584249055,2633.991298776027,158.46324590961947,50,100000,8,9535879
7,484.4689786607534,164.3256976217847,408.7029221223488,815.6832954099591,135.94721590165986,4865.960072119036,6117.624715574693,190.68979742618205,50,100000,8,9535879
5,241.43159846751695,166.5278613009356,314.19556022542326,1105.726744783326,276.4316861958315,3059.6959482633943,8292.950585874945,89.91647364280405,50,100000,8,8271480
5,448.2547652858508,101.96101676663248,307.4925252871543,740.6408400337729,185.16021000844322,4126.618365393625,5554.806300253296,99.91826991006478,50,100000,8,8271480
4,87.59077363878522,222.16785658063787,288.53813171419904,866.6755371980714,288.89184573269046,2323.189726645673,6500.066528985536,141.67528121458142,50,100000,8,8271480
3,358.9556712160615,370.9250818345306,388.1809331813816,918.9528781087829,459.47643905439145,5474.105647879441,6892.146585815872,52.77615276929086,50,100000,8,8271480
7,643.7331655318559,168.61086857166467,447.7878079876914,543.9336098390165,90.65560163983609,6092.580255776405,4079.502073792624,236.17374578871983,50,100000,8,8271480
10,414.0445894973806,226.54917056478072,413.1356639922943,693.0988151231627,77.01097945812919,4804.45320046621,5198.24111342372,235.22351557329193,50,100000,8,8271480
7,337.0751981584346,73.42751706538117,324.94857673277073,951.1372161983488,158.52286936639146,3078.7703641786184,7133.529121487616,223.45222097654388,50,100000,8,8271480
9,462.2280325619515,207.3797166328998,319.59918751885266,762.2829514710742,95.28536893388427,5022.058118961385,5717.122136033056,228.8335324740472,50,100000,8,8271480
10,453.92943114643293,171.9344203483549,340.9696478590695,811.0768950554087,90.11965500615652,4693.978886210909,6083.076712915566,244.23169535316393,50,100000,8,6394530
6,450.33559236939396,94.30083071389777,274.45295092087696,1076.2147953631,215.24295907261998,4084.7731731246877,8071.61096522325,193.7127330830007,50,100000,8,6394530
3,436.6180827997214,116.42997160506894,348.5338701838081,687.3097433453888,343.6548716726944,4147.860408035927,5154.823075090416,100.7844484379446,50,100000,8,6394530
8,395.68283801870535,90.41342549758544,386.8754755085291,896.9738885411381,128.13912693444829,3645.721976372181,6727.304164058535,284.7229164793747,50,100000,8,6394530
3,560.6886603336391,308.1181868219103,429.1012306199281,324.2645674270333,162.13228371351664,6516.05135366662,2431.9842557027496,84.99405563348246,50,100000,8,6394530
6,471.86679668558844,219.80313905065498,295.98394057783116,604.1758982836918,120.83517965673836,5187.524518021825,4531.319237127689,149.89855556231092,50,100000,8,6394530
8,606.3415953677915,159.2755689216484,408.8657924615684,802.9149281164096,114.7021325880585,5742.128732170799,6021.861960873071,259.5778783422743,50,100000,8,6394530
5,534.4105026430018,299.94506180815625,380.7032024400294,503.4315930041444,125.8578982510361,6257.666733383685,3775.736947531083,153.59352951218062,50,100000,8,6394530
5,530.1207082393491,183.60918731452415,451.77674250746685,767.1235441441052,191.7808860360263,5352.97421665405,5753.426581080788,99.54997262881041,50,100000,8,8372552
7,479.7724817978205,279.86735252790993,469.08707445111514,593.9932037386548,98.99886728977579,5697.298757442978,4454.94902803991,210.724443257649,50,100000,8,8372552
5,481.6988220573506,353.8846969729485,426.9824098509642,496.9932123915565,124.24830309788912,6266.876392727244,3727.4490929366734,94.22979332142529,50,100000,8,8372552
9,420.8673702875168,95.57982979947124,418.26504270755845,1053.920765732153,131.74009571651914,3873.35400065241,7904.405742991148,243.07681542365708,50,100000,8,8372552
5,523.8622216514119,131.7353038112792,343.7278617382652,509.5976565541868,127.3994141385467,4916.981440970183,3821.982424156401,117.10365613944727,50,100000,8,8372552
5,409.270369272893,286.9108367891453,347.30175167990257,475.02290124497006,118.75572531124251,5221.359045465288,3562.6717593372755,118.25705510563252,50,100000,8,8372552
6,595.6369822289276,280.8106450989128,403.1852636820402,669.2776669047373,133.85553338094746,6573.357204958804,5019.5825017855295,130.83284941384204,50,100000,8,8372552
8,392.5751503124483,93.44020521751663,351.64681277088937,767.0120060801792,109.57314372573988,3645.1151664747367,5752.590045601344,253.4498548047202,50,100000,8,8372552
4,648.1678268316606,190.04151745898727,413.76049104837574,478.6847873105903,159.56159577019676,6286.570082179859,3590.135904829427,118.18271574221102,50,100000,10,4474730
5,444.9664042733789,152.4944418427394,397.4418205067409,671.7758366434393,167.94395916085983,4480.956345870887,5038.318774825795,148.54639020151953,50,100000,10,4474730
2,393.7897256104818,185.14879995759392,289.4692627840379,209.13251071920558,209.13251071920558,4342.038941760568,1568.4938303940419,96.83548147338857,50,100000,10,4474730
6,469.9375988017292,206.76024390417263,428.52061955895056,547.3974918813315,109.47949837626629,5075.233820294264,4105.481189109986,210.7801127045382,50,100000,10,4474730
3,493.6890990026389,121.75443024662259,344.5637847076238,428.3162021132646,214.1581010566323,4615.826469369461,3212.3715158494842,100.78863395708115,50,100000,10,4474730
4,446.66169399613995,290.61427166763707,389.59691252015847,427.2372021588081,142.4124007196027,5529.5697424783275,3204.2790161910607,61.85662066827577,50,100000,10,4474730
7,447.5720860245711,156.76310920803283,342.2564976929597,615.0165543377227,102.50275905628712,4532.513964244529,4612.62415753292,168.01997451893155,50,100000,10,4474730
6,522.5906904795768,192.55300993764715,318.25990359867967,570.9646806511315,114.1929361302263,5363.57775312918,4282.235104883486,184.1309422435019,50,100000,10,4474730
8,322.0643555757218,179.34654506109607,327.21865284808007,534.3070557626374,76.32957939466249,3760.5817547761335,4007.3029182197806,258.7298386031828,50,100000,10,4474730
3,359.484136657431,243.3744858607561,331.92651213051346,346.04201762246396,173.02100881123198,4521.4396688864035,2595.3151321684795,78.49459987442981,50,100000,10,4474730
7,291.9825369061538,220.93242849156937,321.7726212193721,774.2640941612781,129.04401569354636,3846.8622404829243,5806.980706209586,150.1344196462003,50,100000,10,9944578
4,347.91725061432066,212.9800233295434,278.70440652256497,528.6574897385311,176.21916324617703,4206.72955457898,3964.9311730389836,115.06834220902368,50,100000,10,9944578
6,521.0832281712825,273.8184890306461,370.348601484354,424.4171707355905,84.8834341471181,5961.7628790144645,3183.1287805169286,171.23452519054757,50,100000,10,9944578
2,426.3856164107467,327.7691029483284,377.07735967953755,324.8305652375901,324.8305652375901,5656.160395193063,2436.229239281926,54.12910862073625,50,100000,10,9944578
4,493.1125742226843,246.31878858476284,348.2721892470321,567.3851430468111,189.1283810156037,5545.735221055854,4255.388572851083,125.32831463674255,50,100000,10,9944578
6,282.5130437430903,211.01134558364893,314.4262859030228,700.6409015449376,140.1281803089875,3701.432919950544,5254.806761587032,168.13870477305932,50,100000,10,9944578
7,332.52743962595184,172.5437409334057,386.106554005587,717.1753742953279,119.52922904922131,3788.033854195182,5378.815307214959,194.46841874971562,50,100000,10,9944578
5,487.1403677010502,107.88394399518006,379.9929721214199,664.1312847261231,166.03282118153078,4462.682337721727,4980.984635445923,114.69821244606713,50,100000,10,9944578
3,523.333861781804,178.28375377544987,385.15258157563534,406.8115721890144,203.4057860945072,5262.132116679404,3051.086791417608,59.40852734735553,50,100000,10,9944578
5,568.9373098939302,279.28561296523634,479.8139893049391,462.83969351594436,115.70992337898609,6361.67192144375,3471.2977013695827,137.54770370070815,50,100000,10,9944578
5,499.95593140619786,187.75220517590407,323.6492721299824,530.388995623376,132.597248905844,5157.811024365765,3977.91746717532,157.07410714473482,50,100000,10,9925823
6,499.6374648441456,156.67658528882106,383.4871540468305,644.2536259631161,128.8507251926232,4922.35537599725,4831.9021947233705,141.43630767613206,50,100000,10,9925823
4,194.15735081237236,235.51344619594548,252.52018345575772,705.4051299238687,235.13504330795624,3222.5309775623837,5290.538474429015,77.33146738802868,50,100000,10,9925823
4,442.1821863485865,237.40159326094712,410.04294092371174,386.02513426197686,128.6750447539923,5096.8783470715025,2895.1885069648265,133.08853513553393,50,100000,10,9925823
5,468.8614542363497,244.72537950164775,383.3448494502231,606.2065352101056,151.5516338025264,5351.901253034981,4546.549014075792,85.83944013624325,50,100000,10,9925823
3,463.5085106216659,168.10777912304764,282.7323394163914,504.65221805693307,252.32610902846653,4737.122173085351,3784.891635426998,131.89571005651635,50,100000,10,9925823
5,374.04770906570695,227.47032409291285,316.8319771126973,312.8800333047347,78.22000832618367,4511.3852486896485,2346.60024978551,188.12605895591796,50,100000,10,9925823
5,468.327980434802,224.9617254670912,367.18919322822023,384.5443024540822,96.13607561352055,5199.672794264199,2884.0822684056166,129.80144439074962,50,100000,10,9925823
3,557.3459650034778,228.34937806101948,411.83321070150987,505.53009669051596,252.76504834525798,5892.715072983729,3791.4757251788697,76.73304755831411,50,100000,10,9925823
4,578.8366498250688,286.8901728291016,512.9578852226072,448.7805126001856,149.59350420006186,6492.951169906277,3365.853844501392,141.16226540793295,50,100000,10,9925823
4,445.9641167311864,191.0766355624218,336.69795542145386,541.0062643181063,180.3354214393688,4777.805642202062,4057.5469823857975,126.34903841565979,50,100000,10,3820097
2,483.8935970769919,222.20527539612755,353.0494362365597,610.2404761226397,610.2404761226397,5295.741543548395,4576.803570919798,52.85269002790481,50,100000,10,3820097
3,626.9257667452777,225.55078500018496,476.951549383413,450.81976460892866,225.40988230446433,6393.574138090969,3381.148234566965,116.99378793853288,50,100000,10,3820097
4,477.40211434024565,67.78415834045411,341.5023774846273,742.8893249898301,247.62977499661005,4088.8970451052483,5571.669937423726,93.52201547420175,50,100000,10,3820097
5,511.7116059566172,101.20365172999608,309.2169759916589,497.02833254858484,124.25708313714621,4596.8644326496,3727.712494114386,162.8242265633647,50,100000,10,3820097
5,391.5573710325949,80.38001333038373,315.03930290257034,683.3603713902695,170.84009284756738,3539.53038272234,5125.202785427021,101.0876544717854,50,100000,10,3820097
4,461.4034660677891,169.39632511828748,310.18451489306136,663.1458648937302,221.04862163124338,4730.998433895575,4973.5939867029765,81.88407996825677,50,100000,10,3820097
7,515.0361986011008,154.69714300549947,330.2191088241917,632.566976749795,105.42782945829917,5023.000062049502,4744.252325623463,207.4028223436948,50,100000,10,3820097
8,206.62282448740595,257.172077937297,328.0338056208354,829.9418048318739,118.56311497598199,3478.4617681852724,6224.563536239055,273.9665312751042,50,100000,10,3820097
3,584.7428631912446,356.0870870907741,474.24362337744793,378.15234192299636,189.07617096149818,7056.22462711514,2836.142564422473,33.36483207284856,50,100000,10,3820097
6,336.36514656307327,187.61292556156778,327.5978987071544,760.3297951493442,152.06595902986885,3929.835540934808,5702.473463620082,146.67145933130973,50,100000,10,9535879
6,589.789088701037,306.32926687153804,434.6981365022935,402.83462489370163,80.56692497874033,6720.887666794313,3021.2596867027623,149.63667654222093,50,100000,10,9535879
7,297.07843398842664,351.9787748578274,415.0169422502149,637.0211609409539,106.17019349015898,4867.9290663469055,4777.658707057154,215.4344585490315,50,100000,10,9535879
3,445.84656113579354,177.73376928315636,358.27252052598016,323.809603923521,161.9048019617605,4676.852478142124,2428.572029426408,104.53766171404236,50,100000,10,9535879
5,487.9060047466254,144.21180827286344,345.9221903399462,432.08572627786646,108.02143156946661,4740.883597646166,3240.6429470839985,114.94548861145542,50,100000,10,9535879
2,552.4027285318269,375.23429866576856,463.8185135987977,187.41171395029883,187.41171395029883,6957.277703981966,1405.5878546272413,59.798007753869754,50,100000,10,9535879
5,394.12950075654675,356.2463384923352,404.94903995784426,234.68558670270988,58.67139667567747,5627.818794366614,1760.1419002703242,125.41202292417657,50,100000,10,9535879
6,484.4689786607534,164.3256976217847,364.57295981510043,575.9184805942068,115.18369611884137,4865.960072119036,4319.388604456552,154.81679405656556,50,100000,10,9535879
4,612.2964060742055,68.08890671666794,367.48541174472314,632.1885598713129,210.72951995710432,5102.889845931551,4741.414199034847,110.44489459008786,50,100000,10,9535879
4,420.3381274078899,133.70431831584054,366.85490820919995,570.2310482520995,190.07701608403318,4155.318342927978,4276.732861890747,132.0958448665824,50,100000,10,9535879
4,525.4239990109846,166.5278613009356,332.38655066489986,381.05680071370017,127.01893357123339,5189.638952339402,2857.9260053527514,82.02360280292484,50,100000,10,8271480
4,241.43159846751695,101.96101676663248,231.37981734533682,963.4399555947414,321.1466518649138,2575.444614256121,7225.79966696056,51.3275150710087,50,100000,10,8271480
3,495.5645692664311,222.16785658063787,355.5205844060036,285.1741217882042,142.5870608941021,5382.993193853017,2138.8059134115315,106.28525204442,50,100000,10,8271480
3,210.43450260072237,370.9250818345306,222.98345269134606,579.0747396693176,289.5373698346588,4360.196883264397,4343.060547519883,101.33593440769882,50,100000,10,8271480
6,293.57265739052906,168.61086857166467,336.67492920653723,822.0838731254403,164.41677462508807,3466.3764447164526,6165.629048440802,143.3553604827682,50,100000,10,8271480
9,430.9521607615515,226.54917056478072,413.0346722695069,629.6817552488171,78.71021940610214,4931.259984947492,4722.613164366128,216.62156182190583,50,100000,10,8271480
5,448.2547652858508,78.18233191857247,368.27626647555127,600.3583970372031,150.08959925930077,3948.2782290331743,4502.687977779023,143.13657993055446,50,100000,10,8271480
4,434.6620464935528,207.3797166328998,294.84652855139535,670.3848516386945,223.46161721289818,4815.313223448395,5027.886387290208,119.84079236282442,50,100000,10,8271480
4,507.1219990474286,237.44550313644075,445.32959667881033,423.53677772975345,141.1789259099178,5584.25626637902,3176.525832973151,117.18196439572672,50,100000,10,8271480
4,337.0751981584346,73.42751706538117,306.10137984249644,864.6944094343859,288.231469811462,3078.7703641786184,6485.208070757894,137.50612727550958,50,100000,10,8271480
8,422.3821847528586,171.9344203483549,327.4592937092496,696.4763712776269,99.49662446823241,4457.374538259101,5223.572784582201,225.27577972696992,50,100000,10,6394530
3,560.6886603336391,94.30083071389777,310.6671277801813,468.3001525703603,234.15007628518015,4912.421182856526,3512.251144277702,92.3813207535784,50,100000,10,6394530
5,453.92943114643293,116.42997160506894,272.67918865935593,609.7342484700039,152.43356211750097,4277.695520636264,4573.006863525029,121.54787872971227,50,100000,10,6394530
5,607.7126481373183,196.17030474601603,415.251719160432,492.15591625991993,123.03897906497998,6029.122146625008,3691.1693719493996,186.73637496589785,50,100000,10,6394530
3,436.6180827997214,137.39439692843226,330.83644147746287,391.51268090014753,195.75634045007376,4305.093597961152,2936.3451067511064,112.24898384276491,50,100000,10,6394530
5,534.4105026430018,188.67976425510315,358.4270141634017,467.9596597643401,116.98991494108502,5423.177001735787,3509.6974482325504,120.19657203634591,50,100000,10,6394530
5,395.68283801870535,159.2755689216484,310.15031739655893,544.664161176291,136.16604029407276,4162.188052052653,4084.981208822183,187.04957206457993,50,100000,10,6394530
3,323.08228398884506,299.94506180815625,319.49131512984144,255.33379527153954,127.66689763576977,4672.70509347751,1915.0034645365465,105.61953274823081,50,100000,10,6394530
7,450.33559236939396,90.41342549758544,353.7746514275758,631.0196928176872,105.16994880294787,4055.6176340023458,4732.647696132654,184.54944056103216,50,100000,10,6394530
4,575.6227387871011,183.60918731452415,392.5222494987827,469.4617810756777,156.48726035855924,5694.2394457621895,3520.9633580675827,88.41459376797575,50,100000,10,8372552
5,541.4711624853421,279.86735252790993,445.6428601145769,416.23419612643147,104.05854903160787,6160.03886259939,3121.756470948236,151.93532584476287,50,100000,10,8372552
4,477.1533161802659,353.8846969729485,413.30330679936753,308.59434497046027,102.86478165682009,6232.7850986491085,2314.457587278452,56.62981489943866,50,100000,10,8372552
4,617.1237904707135,178.52631148246334,366.47748882743286,522.1333059354571,174.04443531181903,5967.375764648827,3915.999794515928,81.9032266406872,50,100000,10,8372552
3,462.6029218234887,286.9108367891453,377.0681168441306,224.5325832711439,112.26629163557195,5621.353189594755,1683.9943745335793,67.23790704249124,50,100000,10,8372552
3,409.270369272893,317.99780436260244,372.83777717156084,359.7988761412106,179.8994380706053,5454.511302266216,2698.4915710590794,59.74761264894266,50,100000,10,8372552
5,412.4124810137527,280.8106450989128,364.69491997266283,461.9145372948347,115.47863432370868,5199.173445844992,3464.35902971126,115.20280173781458,50,100000,10,8372552
5,477.7570354575174,190.75840029427715,411.52957736668606,645.3928425067547,161.34821062668868,5013.865768138459,4840.44631880066,134.09262264897222,50,100000,10,8372552
5,564.1746586266547,131.7353038112792,365.6200899631475,582.9417312475173,145.73543281187932,5219.324718284504,4372.062984356379,144.6997079092953,50,100000,10,8372552
6,530.1207082393491,93.44020521751663,309.83069813833714,656.3959334544487,131.27918669088973,4676.706850926494,4922.969500908365,168.6407988866589,50,100000,10,8372552
17,152.4944418427394,49.831425847933446,298.5191049724473,1400.6672729870515,87.54170456169072,1517.4440076800463,10505.004547402887,425.27761653456605,100,25000,2,4474730
14,308.6951637360695,179.34654506109607,470.3148184571591,1127.4759101027869,86.72891616175284,3660.312815978742,8456.0693257709,344.6727552252765,100,25000,2,4474730
16,209.11472036758377,159.27238114303847,338.46239442917437,1219.085135844447,81.2723423896298,2762.9032613296667,9143.138518833352,545.9447863614114,100,25000,2,9944578
15,103.89035690060813,120.45372931048021,312.4894767484584,1380.328203280367,98.59487166288336,1682.5806465831624,10352.461524602753,436.91712604172386,100,25000,2,9944578
14,168.10777912304764,219.96858543920837,332.5421459121945,1214.75458936656,93.4426607205046,2910.5727342169203,9110.6594202492,468.32433577997296,100,25000,2,9925823
11,415.3667457313181,116.33985615200693,328.65084850392617,1091.707987005312,109.1707987005312,3987.7995141249376,8187.80990253984,305.1511539212258,100,25000,2,9925823
21,293.7968469429746,72.40371882462325,343.8600400135717,1221.0125937374119,61.05062968687059,2746.5042432569835,9157.59445303059,551.4802390964237,100,25000,2,3820097
12,424.0668350872231,169.39632511828748,372.5100353020544,1019.4588950882,92.67808137165456,4450.973701541329,7645.9417131615,387.266363813229,100,25000,2,3820097
13,175.64301334813223,31.84649852484742,245.40441954904918,1192.2767072896372,99.35639227413644,1556.1713390473474,8942.075304672278,415.9644834418774,100,25000,2,9535879
11,391.5354826777881,133.70431831584054,350.7024978444809,1015.6556441696173,101.56556441696173,3939.2985074522144,7617.41733127213,417.2552170924574,100,25000,2,9535879
13,476.2727304009752,73.42751706538117,321.9979143367243,1067.7335605981823,88.97779671651519,4122.7518559976725,8008.001704486367,369.1644349048662,100,25000,2,8271480
16,210.43450260072237,87.59077363878522,290.4379402141748,1281.2833246691084,85.41888831127389,2235.189571796307,9609.624935018313,441.5032297310371,100,25000,2,8271480
14,536.2242339111915,188.67976425510315,361.4330861749681,889.971063966321,68.45931261279392,5436.779986247209,6674.782979747408,378.0943168861875,100,25000,2,6394530
8,560.6886603336391,171.9344203483549,336.7336249396724,900.5852321368222,128.65503316240319,5494.6731051149545,6754.389241026167,241.30203861352078,100,25000,2,6394530
12,279.86735252790993,95.57982979947124,277.71482407685545,1208.445302439242,109.8586638581129,2815.8538674553583,9063.339768294314,421.6648010402638,100,25000,2,8372552
13,178.52631148246334,89.81829001152921,310.07976046734143,1309.5221942368762,109.12684951973968,2012.5845112049442,9821.416456776571,359.3342614917866,100,25000,2,8372552
9,231.46586829412126,49.831425847933446,210.49552599605877,786.7384476093275,98.34230595116594,2109.7297060654105,5900.538357069956,239.30632835364895,100,25000,3,4474730
9,185.14879995759392,245.41256158821452,292.58800160067744,649.8328310879785,81.22910388599732,3229.210211593563,4873.746233159839,220.05475349119544,100,25000,3,4474730
7,337.6354488509043,121.75443024662259,313.10099870607456,621.4151401068855,103.56919001781425,3445.4240932314515,4660.613550801641,126.79762088441518,100,25000,3,4474730
10,218.05470689506092,159.27238114303847,340.04275757251867,689.0879449859092,76.56532722065657,2829.9531602857455,5168.159587394319,305.8822346068862,100,25000,3,9944578
11,173.428835272238,120.45372931048021,291.42387621592667,767.2080629390186,76.72080629390186,2204.1192343703865,5754.06047204264,368.1374954172876,100,25000,3,9944578
4,431.55604277387005,103.89035690060813,293.57106916262336,556.6830407448776,185.56101358162587,4015.847997558586,4175.122805586582,109.16345194594741,100,25000,3,9944578
11,216.58072850446078,227.47032409291285,321.5979320776039,615.5436062711223,61.554360627112224,3330.3828944803026,4616.577047033417,350.5456792561559,100,25000,3,9925823
7,484.1403702012258,99.10274163246902,318.22577599027846,492.1505537989084,82.02509229981807,4374.323338752711,3691.1291534918128,240.55319613795234,100,25000,3,9925823
9,205.06142895047444,116.33985615200693,176.6545170850439,745.7705723688691,93.22132154610864,2410.50963826861,5593.279292766519,288.8594622412091,100,25000,3,9925823
7,515.0361986011008,72.40371882462325,278.07353922258125,505.4612392803492,84.24353988005821,4405.799380692931,3790.959294602619,129.21277567422533,100,25000,3,3820097
8,80.38001333038373,169.39632511828748,282.4695147824315,827.3018009200689,118.18597156000985,1873.322538365034,6204.763506900516,241.92590130057124,100,25000,3,3820097
6,391.5573710325949,222.20527539612755,368.48519249470905,465.0899233606463,93.01798467212926,4603.219848215419,3488.1744252048475,190.92576923732977,100,25000,3,3820097
7,362.08376682150805,110.68262986153414,270.7680133422707,599.6166844657862,99.93611407763103,3545.7479751228166,4497.125133493397,254.43738270727155,100,25000,3,9535879
4,300.2496147281449,182.66752739476559,321.5571529367008,613.2315975195431,204.4105325065144,3621.878565921829,4599.236981396573,99.99128626392645,100,25000,3,9535879
11,68.08890671666794,31.84649852484742,227.34008198881446,957.6694932366969,95.76694932366969,749.5155393113652,7182.5211992752265,305.873880778942,100,25000,3,9535879
9,406.4245279071052,73.42751706538117,208.15733402095213,594.0643290425069,74.25804113031336,3598.8903372936475,4455.4824678188015,272.69711289882196,100,25000,3,8271480
7,434.6620464935528,87.59077363878522,249.03943164021203,561.3464198010823,93.55773663351373,3916.896150992535,4210.098148508117,195.42194193492236,100,25000,3,8271480
8,387.27958425119743,117.5272887878177,280.2092541810052,566.1753018473206,80.88218597818866,3786.0515477926137,4246.314763854904,300.6811193678325,100,25000,3,8271480
8,196.17030474601603,90.41342549758544,222.3425961259542,789.5102191614205,112.78717416591722,2149.377976827011,5921.326643710654,227.28909763825732,100,25000,3,6394530
8,116.42997160506894,171.9344203483549,268.4155481517767,790.5705630428433,112.93865186326333,2162.7329396506784,5929.279222821325,241.27002445868837,100,25000,3,6394530
5,398.4869404391069,188.67976425510315,317.6171836195878,492.5179256039505,123.12948140098763,4403.750285206575,3693.884442029629,156.67103038120086,100,25000,3,6394530
3,472.42644987777066,89.81829001152921,263.02914693275045,523.695742633474,261.847871316737,4216.835549169749,3927.718069751055,100.63509424094423,100,25000,3,8372552
10,95.57982979947124,130.46757328207897,206.94652654929376,786.0934101457735,87.34371223841929,1695.3555231116266,5895.700576093302,267.6615273238636,100,25000,3,8372552
4,530.1207082393491,190.75840029427715,373.88129689483026,363.14861326640255,121.04953775546751,5406.593314002197,2723.6145994980193,145.91581958537398,100,25000,3,8372552
10,192.55300993764715,49.831425847933446,215.97488536666623,555.4170290335511,61.713003225950125,1817.8832683918545,4165.627717751633,252.3004895286849,100,25000,4,4474730
5,308.6951637360695,185.14879995759392,255.95230147962542,312.17249398906756,78.04312349726689,3703.829727702476,2341.293704918007,135.1651491640609,100,25000,4,4474730
5,121.75443024662259,152.4944418427394,197.30389899474625,540.5845351099599,135.14613377748998,2056.8665406702153,4054.3840133246995,80.18995289786733,100,25000,4,4474730
4,337.8548245582986,248.44570186845314,295.1123343127246,230.75808639135346,76.91936213045115,4397.253948200638,1730.6856479351509,82.04864586251361,100,25000,4,4474730
7,211.01134558364893,172.5437409334057,222.14004277389066,418.70321139675036,69.78386856612507,2876.66314887791,3140.2740854756275,191.38143963199295,100,25000,4,9944578
4,357.77591422675295,120.45372931048021,238.70036418152,333.6211455702397,111.20704852341323,3586.7223265292487,2502.158591776798,127.13518741578847,100,25000,4,9944578
6,103.89035690060813,206.78318309952738,242.69450583748437,499.3791382753083,99.87582765506167,2330.0515500010165,3745.3435370648126,125.1931273082561,100,25000,4,9944578
6,332.52743962595184,107.88394399518006,280.381526024035,370.13647649890976,74.02729529978195,3303.0853771584893,2776.0235737418234,168.47847751225785,100,25000,4,9944578
6,227.47032409291285,219.96858543920837,281.0018862894796,359.947888535211,71.9895777070422,3355.791821490909,2699.6091640140826,166.29913432063634,100,25000,4,9925823
6,200.6121794292104,156.67658528882106,242.09931806307256,433.2960613891162,86.65921227782323,2679.665735385236,3249.720460418371,151.13888720130967,100,25000,4,9925823
8,155.49351903369484,116.33985615200693,202.69354743418518,498.9614131279071,71.2802018754153,2038.7503138927632,3742.2105984593036,219.5051661391152,100,25000,4,9925823
5,344.7411329228246,99.10274163246902,277.82844903153665,358.43534129987745,89.60883532496936,3328.829059164702,2688.265059749081,109.9286996298126,100,25000,4,9925823
8,356.0870870907741,72.40371882462325,228.1397051991107,379.62941221132917,54.23277317304702,3213.68104436548,2847.2205915849686,185.79524822646425,100,25000,4,3820097
4,327.92133785923994,169.39632511828748,269.9295067257868,318.30333815809547,106.10111271936516,3729.882472331456,2387.275036185716,122.05709357149868,100,25000,4,3820097
5,391.5573710325949,67.78415834045411,270.61889971118615,336.4480766729086,84.11201916822715,3445.061470297868,2523.3605750468146,177.79168744564774,100,25000,4,3820097
4,175.44806994868665,225.55078500018496,269.49759413259386,411.56725368059875,137.18908456019957,3007.491412116537,3086.7544026044907,139.04887888123744,100,25000,4,3820097
4,336.36514656307327,110.68262986153414,226.65940475661938,359.1981689439623,119.73272298132076,3352.8583231845555,2693.986267079717,121.02925474311208,100,25000,4,9535879
4,177.73376928315636,164.3256976217847,220.54797569695145,462.32193401767313,154.10731133922437,2565.446001787058,3467.4145051325486,140.96487682488015,100,25000,4,9535879
6,356.0556764814879,31.84649852484742,229.1359557549812,384.60689983639924,76.92137996727985,2909.266312547515,2884.5517487729944,181.71143950515494,100,25000,4,9535879
3,371.8147487653198,268.6370357693421,329.3227756448874,121.09759558161127,60.54879779080564,4803.388384009964,908.2319668620845,86.44951250983792,100,25000,4,9535879
8,326.7947787760128,73.42751706538117,198.63975554576862,346.8006247936235,49.542946399089075,3001.6672188104544,2601.0046859521763,277.75261199180164,100,25000,4,8271480
9,87.96075869440472,131.07130483516045,225.9875116155707,542.4674493366606,67.80843116708257,1642.7404764717387,4068.5058700249547,314.68304178051693,100,25000,4,8271480
6,117.5272887878177,87.59077363878522,214.23891598650187,600.3568465992984,120.07136931985967,1538.385468199522,4502.676349494738,176.43971855558246,100,25000,4,8271480
3,406.4245279071052,166.5278613009356,268.04073454953823,242.84837475667564,121.42418737833782,4297.142919060306,1821.3628106750673,116.09835176039502,100,25000,4,8271480
4,349.4820046667019,193.19821791427657,247.30045958279305,269.17844598574356,89.72614866191452,4070.1016693573383,2018.8383448930767,127.49203062653535,100,25000,4,6394530
6,299.94506180815625,171.9344203483549,258.31285717677036,334.48502549721616,66.89700509944323,3539.0961161738333,2508.637691229121,169.28344476344793,100,25000,4,6394530
3,258.6029381944674,188.67976425510315,223.7371394475966,303.0158103428693,151.50790517143466,3354.6202683717793,2272.61857757152,73.05169364838878,100,25000,4,6394530
3,346.51492479508426,90.41342549758544,242.65256900810687,379.89736476176046,189.94868238088023,3276.9626271950224,2849.2302357132035,101.97960462739908,100,25000,4,6394530
6,153.33941543443242,89.81829001152921,171.6731352136371,538.9283579007854,107.78567158015707,1823.6827908447124,4041.9626842558905,104.26896176484995,100,25000,4,8372552
4,331.8964434792651,95.57982979947124,184.9161869954103,343.02670863512714,114.34223621170905,3206.0720495905225,2572.7003147634537,138.26034077925004,100,25000,4,8372552
3,392.5751503124483,190.75840029427715,321.80149311332394,224.16783064881892,112.08391532440946,4375.001629550441,1681.258729866142,103.35460055023793,100,25000,4,8372552
5,226.84270090895149,98.88752376977507,205.52164258799144,483.5713219566836,120.8928304891709,2442.9766850904493,3626.7849146751273,179.8126560545963,100,25000,4,8372552
3,294.31954819182124,146.7101554060179,211.47515338640184,217.98853357782468,108.99426678891234,3307.722776983793,1634.9140018336852,52.893661215155255,100,25000,5,4474730
4,190.04151745898727,179.34654506109607,220.12812606026233,267.31120027496866,89.10373342498956,2770.410468900625,2004.834002062265,121.25065180832266,100,25000,5,4474730
4,121.75443024662259,184.96005821027927,219.17707784488255,332.9745564871505,110.99151882905016,2300.358663426764,2497.309173653629,45.42358239833605,100,25000,5,4474730
4,302.1196839194908,49.831425847933446,185.0450218173946,276.16149703246316,92.05383234415439,2639.6333232556817,2071.2112277434735,136.8257064505545,100,25000,5,4474730
4,274.7349173874197,192.55300993764715,244.63476569981128,180.8474530818249,60.2824843606083,3504.6594549380015,1356.3558981136869,80.25677243303777,100,25000,5,4474730
4,282.5130437430903,172.5437409334057,203.335738088795,191.49952587039598,63.833175290132,3412.92588507372,1436.2464440279698,140.97660966530873,100,25000,5,9944578
4,107.88394399518006,144.43333322353163,203.14741619064665,398.8660221450769,132.95534071502564,1892.3795791403377,2991.4951660880765,107.91714166135012,100,25000,5,9944578
2,326.0503702575731,178.28375377544987,252.16706201651147,148.23616655883595,148.23616655883595,3782.505930247672,1111.7712491912696,62.57989201215906,100,25000,5,9944578
5,62.98864201150246,159.27238114303847,178.16676017988397,413.184345347364,103.296086336841,1666.957673659057,3098.88259010523,157.52946797325714,100,25000,5,9944578
4,103.89035690060813,120.45372931048021,178.5880147665356,420.53196548583,140.17732182861002,1682.5806465831624,3153.989741143725,116.4863155429767,100,25000,5,9944578
4,237.40159326094712,219.96858543920837,245.61115563309426,190.45881436134067,63.486271453780226,3430.2763402511664,1428.4411077100551,89.69436239946673,100,25000,5,9925823
3,302.86839042007654,156.67658528882106,220.052385046036,169.74948262802127,84.87474131401063,3446.587317816732,1273.1211197101595,78.95977010655399,100,25000,5,9925823
6,240.18574248064698,116.33985615200693,196.52744793511417,286.2243015245898,57.244860304917964,2673.9419897449043,2146.6822614344237,143.13928522974345,100,25000,5,9925823
3,249.11270536707048,99.10274163246902,192.18827502018632,215.19882720059542,107.59941360029771,2611.6158524965463,1613.9912040044655,77.0065034281088,100,25000,5,9925823
3,155.49351903369484,168.10777912304764,148.6167598949609,306.73285921847355,153.36642960923677,2427.0097361755684,2300.496444138552,115.68869967534003,100,25000,5,9925823
2,257.172077937297,211.18751174148147,234.17979483938922,152.61038039315534,152.61038039315534,3512.6969225908383,1144.577852948665,69.68055620669405,100,25000,5,3820097
4,169.39632511828748,80.38001333038373,159.70115850358644,275.50979089860806,91.83659696620269,1873.322538365034,2066.3234317395604,129.43632349928612,100,25000,5,3820097
4,225.55078500018496,67.78415834045411,203.1786814882777,350.6368423659145,116.87894745530484,2200.012075054793,2629.776317744359,116.44355473913986,100,25000,5,3820097
7,204.19816294291348,72.40371882462325,176.73813696331786,260.9090000544336,43.4848333424056,2074.5141132565254,1956.8175004082518,133.50948799050173,100,25000,5,3820097
4,182.30691643187558,110.68262986153414,133.44080758580753,338.16633510171187,112.72211170057062,2197.4215972005727,2536.2475132628388,124.92012828521663,100,25000,5,9535879
6,177.73376928315636,93.00298659927914,159.97597881962722,355.67700073987226,71.13540014797445,2030.5256691182663,2667.577505549042,215.37265420239464,100,25000,5,9535879
4,293.78769871883236,31.84649852484742,181.9938878322156,276.72660727891287,92.24220242630429,2442.2564793275983,2075.4495545918467,109.71845887355023,100,25000,5,9535879
2,292.81946942209584,266.6020730667833,279.71077124443957,38.64200112958823,38.64200112958823,4195.661568666594,289.8150084719117,86.8242218718305,100,25000,5,9535879
2,163.78522942937195,187.61292556156778,175.69907749546985,227.22830689855255,227.22830689855255,2635.486162432048,1704.212301739144,40.78773872671086,100,25000,5,9535879
8,117.5272887878177,73.42751706538117,172.48131929724423,358.38208150121255,51.197440214458936,1432.1610438989915,2687.8656112590943,272.2148223507763,100,25000,5,8271480
5,306.3194098665878,87.96075869440472,237.1301566352169,241.93276391043133,60.48319097760783,2957.101264207444,1814.495729328235,170.01437380603483,100,25000,5,8271480
3,231.16981444057393,168.08206464981726,205.32379242181318,121.94098605919007,60.97049302959503,2994.389093177934,914.5573954439255,71.84279699725758,100,25000,5,8271480
5,207.3797166328998,87.59077363878522,187.16551900056731,320.264570279504,80.066142569876,2212.278677037638,2401.98427709628,166.0096539203462,100,25000,5,8271480
5,222.16785658063787,101.96101676663248,199.12159306331492,284.0508589196786,71.01271472991965,2430.966550104528,2130.3814418975894,131.8434169628929,100,25000,5,8271480
3,226.71847669953874,188.67976425510315,202.8654862896395,140.19827224992864,70.09913612496432,3115.4868071598144,1051.4870418744647,91.13517831781354,100,25000,5,6394530
5,272.28712341879316,171.9344203483549,203.98029749728482,201.2505396993722,50.31263492484305,3331.6615782536105,1509.3790477452917,140.4857529268384,100,25000,5,6394530
2,258.6029381944674,90.41342549758544,174.50818184602642,169.63616580862316,169.63616580862316,2617.6227276903965,1272.2712435646738,47.413543103954794,100,25000,5,6394530
3,291.029356731651,219.80313905065498,261.93230605613786,119.14620757934783,59.573103789673915,3831.2437183672946,893.5965568451087,101.32421951367195,100,25000,5,6394530
3,94.30083071389777,159.2755689216484,187.23152881915215,394.1714887559208,197.0857443779604,1901.822997266596,2956.286165669406,82.98168926227325,100,25000,5,6394530
6,82.01049772230365,89.81829001152921,176.21932721826457,468.4773736564925,93.6954747312985,1288.7159080037466,3513.580302423694,156.77290772309064,100,25000,5,8372552
5,226.84270090895149,130.46757328207897,190.95090381034734,198.84525530763665,49.71131382690916,2679.827056432728,1491.3394148072748,138.46455134197214,100,25000,5,8372552
4,277.717557178464,95.57982979947124,164.37399812243225,238.46403994300212,79.48801331433404,2799.7304023345146,1788.4802995725158,90.8252292003403,100,25000,5,8372552
2,253.02699084289654,98.88752376977507,175.9572573063358,225.60994708239517,225.60994708239517,2639.358859595037,1692.0746031179638,65.43195286169139,100,25000,5,8372552
3,153.33941543443242,178.52631148246334,197.01320899206678,277.3520626473085,138.67603132365426,2488.992951876718,2080.140469854814,69.4682352549571,100,25000,5,8372552
3,193.39575656136637,146.7101554060179,165.62300705847235,122.60293622601623,61.30146811300811,2550.7943397553818,919.5220216951217,86.45880515395021,100,25000,6,4474730
2,274.7349173874197,231.46586829412126,253.1003928407705,43.548371225259125,43.548371225259125,3796.5058926115576,326.61278418944346,32.99983361086609,100,25000,6,4474730
3,233.7208030273099,49.831425847933446,158.70174627096353,205.61778483594938,102.80889241797469,2126.641716564325,1542.1333862696204,79.79629701186596,100,25000,6,4474730
3,245.41256158821452,185.14879995759392,222.23404861508814,100.91368836274697,50.456844181373484,3229.210211593563,756.8526627206022,81.5915912661741,100,25000,6,4474730
3,121.75443024662259,152.4944418427394,153.06964343321374,217.8361553044254,108.9180776522127,2056.8665406702153,1633.7711647831904,43.81658239958182,100,25000,6,4474730
4,218.05470689506092,172.5437409334057,187.22115387678767,117.20792541169183,39.069308470563946,2929.4883587135,879.0594405876888,161.28461404517455,100,25000,6,9944578
2,246.31878858476284,144.43333322353163,195.37606090414724,111.70186152329443,111.70186152329443,2930.6409135622084,837.7639614247082,74.18819900723474,100,25000,6,9944578
2,209.11472036758377,62.98864201150246,136.0516811895431,204.23506705937362,204.23506705937362,2040.7752178431465,1531.763002945302,70.26234713260259,100,25000,6,9944578
3,220.93242849156937,120.45372931048021,149.75670059907654,201.75662609345272,100.87831304672636,2560.396183515372,1513.1746957008954,76.1027803891131,100,25000,6,9944578
2,269.0755443634847,103.89035690060813,186.48295063204642,167.673041072665,167.673041072665,2797.244259480696,1257.5478080449875,53.608421566718434,100,25000,6,9944578
3,211.01134558364893,159.27238114303847,184.8544262362302,77.35489164139635,38.677445820698175,2777.1279504501554,580.1616873104726,50.76894929330216,100,25000,6,9944578
2,269.5185179336969,116.33985615200693,192.9291870428519,156.70785374213614,156.70785374213614,2893.9378056427786,1175.308903066021,85.10451686073807,100,25000,6,9925823
3,200.6121794292104,156.67658528882106,195.21271425968362,157.75375273356372,78.87687636678186,2679.665735385236,1183.153145501728,92.96972272116133,100,25000,6,9925823
2,240.18574248064698,155.49351903369484,197.8396307571709,131.10485487266095,131.10485487266095,2967.5944613575634,983.2864115449571,40.791877689174136,100,25000,6,9925823
3,205.06142895047444,122.24898152814023,165.13939653388744,108.31673763660385,54.15836881830192,2454.8280785896104,812.3755322745288,132.78157673064644,100,25000,6,9925823
3,223.9092002255342,135.05402000642755,184.3735236814447,114.64220147300142,57.32110073650071,2692.224151739713,859.8165110475106,44.10812966482791,100,25000,6,9925823
2,269.19872014243987,99.10274163246902,184.15073088745444,170.1839102242768,170.1839102242768,2762.260963311817,1276.379326682076,36.577041338776446,100,25000,6,9925823
3,147.2535808609566,154.69714300549947,154.81017524010764,243.29590339522028,121.64795169761014,2264.6304289984205,1824.7192754641521,75.92515665554306,100,25000,6,3820097
2,213.58022561698797,169.39632511828748,191.48827536763773,57.39143243505221,57.39143243505221,2872.3241305145657,430.43574326289155,66.63942575074162,100,25000,6,3820097
4,196.84948561368995,204.19816294291348,211.89657376480886,109.06058055828719,36.35352685276239,3007.857364174526,817.9543541871539,53.231354987152635,100,25000,6,3820097
3,191.0766355624218,67.78415834045411,160.35535643300116,230.358770186727,115.1793850933635,1941.4559542715692,1727.6907764004527,105.55978467858912,100,25000,6,3820097
4,225.55078500018496,74.55049754121872,138.98234145511853,235.86872499874596,78.62290833291532,2250.7596190605277,1769.0154374905946,103.6030053254547,100,25000,6,3820097
2,257.172077937297,72.40371882462325,164.78789838096012,190.35810956911206,190.35810956911206,2471.8184757144018,1427.6858217683405,71.25642283370034,100,25000,6,3820097
2,172.68477733315254,110.68262986153414,141.68370359734334,258.986749657291,258.986749657291,2125.25555396015,1942.4006224296825,62.756486113006446,100,25000,6,9535879
4,182.66752739476559,93.00298659927914,154.43249522474645,239.86029518839433,79.95343172946478,2067.528854955335,1798.9522139129574,138.93640000702405,100,25000,6,9535879
4,68.08890671666794,31.84649852484742,99.35623824668195,359.9219388073046,119.97397960243488,749.5155393113652,2699.414541054785,116.89156127557416,100,25000,6,9535879
2,144.21180827286344,187.61292556156778,165.9123669172156,155.46019726298545,155.46019726298545,2488.685503758234,1165.951479472391,62.88090901103317,100,25000,6,9535879
6,236.19824057416668,73.42751706538117,182.2853995030786,213.63757257492014,42.72751451498403,2322.193182296609,1602.281794311901,209.06149094590455,100,25000,6,8271480
2,231.16981444057393,101.96101676663248,166.5654156036032,129.23669898540345,129.23669898540345,2498.4812340540484,969.2752423905258,72.83257085321743,100,25000,6,8271480
2,268.35420142847425,241.43159846751695,254.8928999479956,27.605841288358697,27.605841288358697,3823.393499219934,207.04380966269022,56.37133364292091,100,25000,6,8271480
3,168.08206464981726,166.5278613009356,183.7764747086004,120.61901543116079,60.309507715580395,2509.5744446306467,904.642615733706,61.6921168675726,100,25000,6,8271480
2,222.16785658063787,228.0783567797896,225.12310668021374,69.36245345535771,69.36245345535771,3376.846600203206,520.2184009151828,51.305561806496044,100,25000,6,8271480
4,87.59077363878522,87.96075869440472,129.2643349422682,332.16367368873074,110.72122456291025,1316.6364924989243,2491.2275526654807,129.14570446973954,100,25000,6,8271480
3,226.71847669953874,193.19821791427657,213.23994455482344,39.09140228743419,19.545701143717096,3149.3752096036146,293.18551715575643,103.42710143846865,100,25000,6,6394530
4,192.05932245494853,171.9344203483549,206.39921340495246,173.51366207981846,57.83788735993949,2729.953071024776,1301.3524655986384,94.8092216746871,100,25000,6,6394530
2,223.92871589321925,258.6029381944674,241.26582704384333,62.08933386851917,62.08933386851917,3618.98740565765,465.6700040138938,53.143697045223725,100,25000,6,6394530
4,205.59458086623962,90.41342549758544,169.43911552116828,214.883510407487,71.62783680249566,2220.060047728688,1611.6263280561525,158.31456704265406,100,25000,6,6394530
5,159.2755689216484,116.42997160506894,125.10151523841141,188.29366250014587,47.07341562503647,2067.7915539503797,1412.202468751094,158.47407544919145,100,25000,6,6394530
4,215.1066985260594,89.81829001152921,173.85952826484348,171.29520946629225,57.09840315543075,2286.9374140319146,1284.7140709971918,95.05472891254698,100,25000,6,8372552
3,218.74826948538828,130.46757328207897,160.31704885958217,91.90146458124073,45.950732290620365,2619.1188207560044,689.2609843593054,78.98339580935865,100,25000,6,8372552
4,190.75840029427715,95.57982979947124,133.27946268642435,142.42834798236578,47.476115994121926,2147.536725703113,1068.2126098677434,90.28700753971677,100,25000,6,8372552
2,226.84270090895149,82.01049772230365,154.42659931562758,178.89112862062603,178.89112862062603,2316.3989897344136,1341.6834646546952,49.44098739153877,100,25000,6,8372552
2,178.52631148246334,98.88752376977507,138.7069176261192,242.74558563694615,242.74558563694615,2080.603764391788,1820.5918922770961,81.52130229588053,100,25000,6,8372552
2,193.39575656136637,49.831425847933446,121.61359120464991,151.7438598620957,151.7438598620957,1824.2038680697485,1138.0789489657177,47.142604242048925,100,25000,8,4474730
2,151.08774364774715,62.98864201150246,107.0381928296248,134.221564041057,134.221564041057,1605.572892444372,1006.6617303079275,63.38847696779546,100,25000,8,9944578
2,184.27955198200323,159.27238114303847,171.77596656252086,47.59850347175779,47.59850347175779,2576.639498437813,356.9887760381834,42.94604231724168,100,25000,8,9944578
3,184.85733240644603,120.45372931048021,159.57996566305474,67.74182377488934,33.87091188744467,2289.832962876947,508.06367831167006,118.84671177969804,100,25000,8,9944578
2,156.67658528882106,135.05402000642755,145.8653026476243,76.56705552618202,76.56705552618202,2187.9795397143644,574.2529164463651,42.650368632223135,100,25000,8,9925823
3,175.44806994868665,74.55049754121872,110.12619360676302,101.11668928577974,50.55834464288987,1874.9892561742904,758.375169643348,83.5032072717178,100,25000,8,3820097
2,101.20365172999608,72.40371882462325,86.80368527730967,84.60693854322967,84.60693854322967,1302.0552791596451,634.5520390742225,55.53608770853914,100,25000,8,3820097
2,147.2535808609566,67.78415834045411,107.51886960070536,152.22836395011828,152.22836395011828,1612.7830440105804,1141.712729625887,58.71686438264021,100,25000,8,3820097
2,182.66752739476559,144.21180827286344,163.4396678338145,38.939625009182556,38.939625009182556,2451.5950175072176,292.04718756886916,69.75101941831292,100,25000,8,9535879
2,172.68477733315254,68.08890671666794,120.38684202491024,104.70357040708471,104.70357040708471,1805.8026303736535,785.2767780531353,68.3239905222541,100,25000,8,9535879
2,175.64301334813223,93.00298659927914,134.3229999737057,126.79715735286916,126.79715735286916,2014.8449996055854,950.9786801465187,65.42906547985199,100,25000,8,9535879
2,182.30691643187558,31.84649852484742,107.0767074783615,195.6584113090706,195.6584113090706,1606.1506121754226,1467.4380848180294,50.059945104430206,100,25000,8,9535879
2,177.73376928315636,164.3256976217847,171.02973345247054,62.13256423740997,62.13256423740997,2565.446001787058,465.9942317805748,90.27575752662793,100,25000,8,9535879
2,168.08206464981726,101.96101676663248,135.02154070822488,86.2236483912141,86.2236483912141,2025.3231106233732,646.6773629341058,31.667960499404174,100,25000,8,8271480
2,168.61086857166467,117.5272887878177,143.06907867974118,67.65766011042919,67.65766011042919,2146.0361801961176,507.4324508282189,63.15333140487176,100,25000,8,8271480
2,192.05932245494853,171.9344203483549,181.99687140165173,43.730489933156264,43.730489933156264,2729.953071024776,327.978674498672,48.99615899756845,100,25000,8,6394530
3,116.42997160506894,94.30083071389777,109.61253678065883,56.4817084797763,28.24085423988815,1580.4810173922504,423.61281359832225,74.61111114768637,100,25000,8,6394530
2,183.60918731452415,89.81829001152921,136.71373866302667,104.32374476278115,104.32374476278115,2050.7060799454002,782.4280857208586,49.6549429499339,100,25000,8,8372552
2,131.7353038112792,130.46757328207897,131.1014385466791,3.5140032403362036,3.5140032403362036,1966.5215782001865,26.355024302521528,32.29300739748522,100,25000,8,8372552
2,82.01049772230365,98.88752376977507,90.44901074603936,89.07153493827445,89.07153493827445,1356.7351611905904,668.0365120370584,62.63715700407994,100,25000,8,8372552
2,153.33941543443242,93.44020521751663,123.38981032597454,60.448130140090704,60.448130140090704,1850.847154889618,453.3609760506803,61.70942992740007,100,25000,8,8372552
23,337.8548245582986,49.831425847933446,343.0576590760661,1847.7876917205415,83.99034962366098,2907.6468780467403,13858.40768790406,566.9150267405424,100,50000,2,4474730
25,388.4494627888285,185.14879995759392,416.25883020547946,1727.0241005851217,71.95933752438008,4301.986970598168,12952.680754388413,621.3969060653175,100,50000,2,4474730
24,545.2306966454704,159.27238114303847,345.911626122252,1776.341624865372,77.232244559364,5283.7730834138165,13322.56218649029,767.1987280703324,100,50000,2,9944578
21,290.1585525340235,120.45372931048021,337.4949290106429,1736.4819243965408,86.82409621982704,3079.592113833778,13023.614432974056,689.1410484978474,100,50000,2,9944578
22,459.60054587226546,219.96858543920837,325.29793892672194,1644.927716954171,78.32989128353195,5096.768484836054,12336.957877156283,722.6966197456634,100,50000,2,9925823
20,99.10274163246902,116.33985615200693,310.5816757011439,1694.1955848887276,89.16818867835408,1615.8194833835696,12706.466886665457,490.6009712410069,100,50000,2,9925823
25,257.172077937297,72.40371882462325,334.88570879277825,1744.5890156828182,72.69120898678409,2471.8184757144018,13084.417617621137,653.320873038685,100,50000,2,3820097
21,225.55078500018496,169.39632511828748,376.213206274172,1706.166141903389,85.30830709516945,2962.103325888543,12796.246064275418,638.2045208052028,100,50000,2,3820097
21,306.32926687153804,31.84649852484742,398.72818373800135,1859.700226584284,92.9850113292142,2536.3182404728914,13947.75169938213,731.1868862478132,100,50000,2,9535879
22,343.84655807149,164.3256976217847,368.1014474474951,1747.4125044127168,83.21011925774842,3811.29191769956,13105.593783095375,669.2286804613607,100,50000,2,9535879
24,283.35661818946164,73.42751706538117,381.8607920042634,1758.9728068964819,76.4770785607166,2675.881014411321,13192.296051723613,759.6229392991805,100,50000,2,8271480
24,257.9020093346958,87.59077363878522,343.5272852724585,1827.2023589435867,79.4435808236342,2591.1958723011076,13704.0176920769,714.385626539113,100,50000,2,8271480
25,379.0961083245848,188.67976425510315,389.40842934571464,1664.853492447258,69.36889551863575,4258.31904434766,12486.401193354435,746.4977180369824,100,50000,2,6394530
23,159.2755689216484,94.30083071389777,312.6077341644192,1766.6415052087084,80.30188660039583,1901.822997266596,13249.811289065314,684.9032552384755,100,50000,2,6394530
19,509.7134221986536,89.81829001152921,378.61573959336766,1655.396211863212,91.9664562146229,4496.4878415763715,12415.471588974091,592.842378755928,100,50000,2,8372552
21,671.58465801206,130.46757328207897,410.8164275647877,1636.5056134173537,81.82528067086768,6015.391734706042,12273.792100630153,655.6126047518599,100,50000,2,8372552
21,446.66169399613995,49.831425847933446,353.76853358403486,1651.3004454901852,82.56502227450926,3723.69839883055,12384.753341176389,533.6290606647264,100,50000,3,4474730
22,388.4494627888285,179.34654506109607,449.41523115041787,1582.1425032282198,75.3401192013438,4258.4700588744345,11866.068774211648,506.8765966578094,100,50000,3,4474730
24,206.76024390417263,121.75443024662259,321.32297636985436,1780.5903921847153,77.41697357324848,2463.860056130964,13354.427941385364,628.1645591610072,100,50000,3,4474730
20,347.91725061432066,159.27238114303847,340.4938150745124,1582.3260866544701,83.28032035023527,3803.9222381801937,11867.445649908526,663.6140995077948,100,50000,3,9944578
21,350.9749760779681,120.45372931048021,362.82012823606715,1648.4404528209338,82.4220226410467,3535.7152904133623,12363.303396157004,634.5723198682543,100,50000,3,9944578
16,478.66702009524846,103.89035690060813,362.3034109801051,1561.8097886792789,104.12065257861859,4369.180327468924,11713.573415094592,500.39212837973014,100,50000,3,9944578
18,513.0379363607768,219.96858543920837,320.1789299403004,1398.3282707475357,82.25460416161975,5497.548913499889,10487.462030606517,634.1916596131148,100,50000,3,9925823
19,244.72537950164775,99.10274163246902,339.1357448481639,1737.9935842510206,96.5551991250567,2578.710908505876,13034.951881882655,489.4166612883053,100,50000,3,9925823
19,428.2893935100412,116.33985615200693,379.48529745546557,1598.3485369971045,88.79714094428358,4084.7193724653607,11987.614027478283,560.3864655236939,100,50000,3,9925823
25,257.172077937297,72.40371882462325,334.88570879277825,1744.5890156828182,72.69120898678409,2471.8184757144018,13084.417617621137,653.320873038685,100,50000,3,3820097
18,175.44806994868665,74.55049754121872,379.02991831430757,1713.5179535700981,100.79517373941754,1874.9892561742904,12851.384651775736,511.32189031122124,100,50000,3,3820097
20,191.0766355624218,67.78415834045411,387.74823850376765,1828.9540562766106,96.26073980403214,1941.4559542715692,13717.155422074578,587.9864993521597,100,50000,3,3820097
20,552.4027285318269,110.68262986153414,428.17175902757,1461.285659328144,76.90977154358653,4973.140187950208,10959.64244496108,674.4409231199127,100,50000,3,9535879
23,68.08890671666794,164.3256976217847,304.0402925382182,1672.3339138684998,76.01517790311362,1743.109532538395,12542.504354013749,646.3970914531259,100,50000,3,9535879
20,623.7565116742254,31.84649852484742,400.3793365378982,1476.4733391313262,77.70912311217506,4917.0225764930465,11073.550043484945,648.8782440433254,100,50000,3,9535879
21,326.7947787760128,73.42751706538117,304.4810838974555,1587.5380272206596,79.37690136103298,3001.6672188104544,11906.535204154947,637.1080032502427,100,50000,3,8271480
22,279.4423417444331,87.59077363878522,343.5428090201166,1765.0954119494281,84.05216247378229,2752.7483653741374,13238.215589620711,665.0132528785502,100,50000,3,8271480
22,168.08206464981726,117.5272887878177,394.93214161775126,1780.568147923111,84.78895942491005,2142.070150782262,13354.261109423333,661.7225476023121,100,50000,3,8271480
19,268.6596999008866,90.41342549758544,358.34571626495324,1790.1281516346637,99.45156397970354,2693.04844048854,13425.961137259977,543.5734634238513,100,50000,3,6394530
23,159.2755689216484,94.30083071389777,312.6077341644192,1766.6415052087084,80.30188660039583,1901.822997266596,13249.811289065314,684.9032552384755,100,50000,3,6394530
19,261.8648963939742,188.67976425510315,417.1707445998777,1687.50783358249,93.75043519902722,3379.0849548680803,12656.308751868675,549.7042476854284,100,50000,3,6394530
17,382.0623860492429,98.88752376977507,343.4851052160481,1670.9014792294397,104.43134245183998,3607.124323642635,12531.761094220798,507.1800165383103,100,50000,3,8372552
16,348.42313404347055,130.46757328207897,328.0840051033545,1676.731513569447,111.7821009046298,3591.6803049416217,12575.486351770853,498.15665666413923,100,50000,3,8372552
18,259.1739000593046,95.57982979947124,402.6489791953604,1791.202169782892,105.36483351664072,2660.652973940819,13434.01627337169,523.1355437457295,100,50000,3,8372552
15,262.43115636229965,49.831425847933446,304.7929592344943,1299.7348227555658,92.83820162539756,2341.969366576748,9748.011170666743,391.34499618263357,100,50000,4,4474730
14,308.6951637360695,179.34654506109607,470.3148184571591,1127.4759101027869,86.72891616175284,3660.312815978742,8456.0693257709,344.6727552252765,100,50000,4,4474730
12,184.96005821027927,152.4944418427394,339.99995547333225,1294.7183693563761,117.70166994148873,2530.9087503976402,9710.387770172822,249.83317165443557,100,50000,4,4474730
14,245.41256158821452,337.8548245582986,323.45627271016383,1027.1662360570383,79.01278738900295,4374.505396098848,7703.746770427787,385.03133024467553,100,50000,4,4474730
16,184.27955198200323,159.27238114303847,336.4567885938653,1238.6289335510576,82.57526223673717,2576.639498437813,9289.717001632931,520.0522559781556,100,50000,4,9944578
15,584.8945102323503,144.43333322353163,360.18215276545976,869.3969442212427,62.099781730088765,5469.958825919115,6520.477081659321,485.0900565502163,100,50000,4,9944578
12,178.28375377544987,103.89035690060813,280.0435730574947,1322.8952349774088,120.26320317976443,2116.3058300704347,9921.714262330566,367.63080119136856,100,50000,4,9944578
8,498.5010879403788,120.45372931048021,378.3277421954497,1016.236974476882,145.17671063955456,4642.161129381443,7621.777308576615,223.95144294541348,100,50000,4,9944578
13,468.8614542363497,219.96858543920837,365.48325299488846,913.5798903687108,76.1316575307259,5166.225297566685,6851.849177765332,385.1627062082969,100,50000,4,9925823
15,244.72537950164775,156.67658528882106,387.1618000868696,1194.116710296991,85.29405073549935,3010.514735928516,8955.875327227432,454.27456858089715,100,50000,4,9925823
11,269.5185179336969,116.33985615200693,313.3685158279268,1239.9149821134417,123.99149821134418,2893.9378056427786,9299.362365850813,305.85016752392454,100,50000,4,9925823
14,227.47032409291285,99.10274163246902,296.05651908683984,1273.9574736515963,97.99672874243048,2449.297992940364,9554.681052386972,404.2631544460713,100,50000,4,9925823
21,293.7968469429746,72.40371882462325,343.8600400135717,1221.0125937374119,61.05062968687059,2746.5042432569835,9157.59445303059,551.4802390964237,100,50000,4,3820097
8,578.3780964047762,169.39632511828748,400.29689196063737,875.5327319577838,125.07610456539769,5608.308161422978,6566.495489683378,260.4991009697727,100,50000,4,3820097
11,375.3320112094633,222.20527539612755,416.1460068442822,1018.4815086902665,101.84815086902665,4481.529649541932,7638.611315176999,370.6796399049435,100,50000,4,3820097
12,373.5689643139188,74.55049754121872,326.5369587366976,1172.8132719308087,106.61938835734624,3360.8959639135314,8796.099539481065,341.9115674082184,100,50000,4,3820097
13,351.9787748578274,110.68262986153414,353.03778314741953,1144.720287899093,95.39335732492441,3469.960535395211,8585.402159243196,436.85802500008367,100,50000,4,9535879
17,93.00298659927914,164.3256976217847,313.97004726273326,1336.9837471664805,83.56148419790503,1929.9651316579789,10027.378103748604,476.0279264573274,100,50000,4,9535879
8,344.62502671664873,31.84649852484742,347.21979570824726,1259.550982871231,179.93585469589016,2823.536439311221,9446.632371534233,226.73600986109602,100,50000,4,9535879
13,439.38709150520003,268.6370357693421,407.4090544952685,903.9029715814419,75.32524763178682,5310.180954559066,6779.272286860814,388.5357861626834,100,50000,4,9535879
13,492.37000095745856,73.42751706538117,342.144128719381,1049.3377661708228,87.44481384756857,4243.481385171298,7870.033246281171,371.32862848332525,100,50000,4,8271480
15,358.9556712160615,87.59077363878522,300.23044211454504,1140.667481799263,81.47624869994736,3349.0983364113504,8555.006113494472,464.43422912511403,100,50000,4,8271480
13,394.58643845673214,87.96075869440472,345.6043813081676,1130.5065398866554,94.20887832388796,3619.1039786335264,8478.799049149915,385.3951586199382,100,50000,4,8271480
15,362.7293356140367,101.96101676663248,328.5587797158525,1144.4459220281392,81.74613728772422,3485.177642855019,8583.344415211044,406.41488770140626,100,50000,4,8271480
14,453.92943114643293,193.19821791427657,432.29537915989096,933.9278150809258,71.84060116007122,4853.457367955321,7004.458613106944,435.84202947749657,100,50000,4,6394530
8,560.6886603336391,171.9344203483549,336.7336249396724,900.5852321368222,128.65503316240319,5494.6731051149545,6754.389241026167,241.30203861352078,100,50000,4,6394530
13,197.65913623356107,188.67976425510315,375.51618182470156,1217.1400648229687,101.4283387352474,2897.5417536649816,9128.550486172266,302.00613746338206,100,50000,4,6394530
11,396.54834335730834,90.41342549758544,305.90197193793404,1115.786304855394,111.5786304855394,3652.2132664117034,8368.397286415455,356.68411782685286,100,50000,4,6394530
10,462.6029218234887,89.81829001152921,430.9093936818981,1063.1864261514097,118.1318251279344,4143.159088762634,7973.898196135573,301.32059307303496,100,50000,4,8372552
11,178.52631148246334,130.46757328207897,289.9126792236148,1304.2409606903345,130.42409606903345,2317.454135734067,9781.807205177509,346.6520217215075,100,50000,4,8372552
14,509.7134221986536,95.57982979947124,361.9366243909057,1005.5538906527263,77.35029928097894,4539.699389985936,7541.654179895448,418.6205488892492,100,50000,4,8372552
11,423.4049830670729,98.88752376977507,328.3675078749424,1088.8380513282948,108.88380513282948,3917.1938012763603,8166.285384962211,360.23998887861114,100,50000,4,8372552
13,193.39575656136637,49.831425847933446,290.0974199704376,1048.5661512210922,87.38051260175769,1824.2038680697485,7864.246134158192,285.60709367290144,100,50000,5,4474730
9,330.17212862319985,185.14879995759392,331.387028182993,787.7398449709144,98.4674806213643,3864.9069643559533,5908.048837281858,174.2598653791324,100,50000,5,4474730
10,250.1998166478694,121.75443024662259,342.6360022177652,933.3655030955028,103.70727812172254,2789.65685170869,7000.241273216271,197.15021093670316,100,50000,5,4474730
6,493.6890990026389,152.4944418427394,331.34868213861836,657.8859855778196,131.57719711556393,4846.376556340337,4934.144891833647,178.66242980350054,100,50000,5,4474730
11,274.43463717730873,243.3744858607561,327.8511990818755,744.4427935192573,74.44427935192573,3883.5684227854863,5583.320951394429,264.7673621904417,100,50000,5,4474730
9,218.05470689506092,159.27238114303847,333.9411857009198,905.3666389491876,113.17082986864845,2829.9531602857455,6790.249792118907,266.891732896692,100,50000,5,9944578
9,452.46679135397244,144.43333322353163,242.03894106633095,691.9913775071786,86.49892218839733,4476.750934331281,5189.93533130384,325.584869146316,100,50000,5,9944578
6,453.8401291696521,206.78318309952738,346.3584350745295,641.879434283467,128.3758868566934,4954.674842018846,4814.095757126003,182.52932855480316,100,50000,5,9944578
11,107.88394399518006,120.45372931048021,306.3383532798593,1062.1223171996187,106.21223171996186,1712.532549792452,7965.91737899714,298.319498250211,100,50000,5,9944578
9,487.1403677010502,103.89035690060813,330.01357599870477,699.7875419783144,87.4734427472893,4432.730434512438,5248.406564837358,297.9252712049672,100,50000,5,9944578
14,122.24898152814023,219.96858543920837,304.62864913843475,920.1693730419744,70.78225946476726,2566.6317522551144,6901.270297814808,492.8029654206829,100,50000,5,9925823
13,240.18574248064698,200.6121794292104,377.92407428723305,809.2979068461187,67.44149223717656,3305.9844143239307,6069.73430134589,380.3129695609172,100,50000,5,9925823
7,499.95593140619786,116.33985615200693,230.25715006647647,685.7259151375072,114.28765252291787,4622.218406686536,5142.944363531304,211.59653547637572,100,50000,5,9925823
10,395.3757873106204,99.10274163246902,342.1902753521183,805.2653197823574,89.47392442026194,3708.588967073171,6039.489898367681,233.24685607519572,100,50000,5,9925823
9,244.72537950164775,156.67658528882106,349.8668565891133,863.632759097273,107.95409488715913,3010.514735928516,6477.245693229548,239.77391021087183,100,50000,5,9925823
8,481.90091985032507,72.40371882462325,331.5182997097929,755.1803436285809,107.8829062326544,4157.284790062113,5663.852577214357,178.41379349397744,100,50000,5,3820097
7,373.5689643139188,169.39632511828748,354.35228043563814,700.2680939449128,116.7113489908188,4072.2396707415473,5252.010704586846,209.372583618738,100,50000,5,3820097
12,282.45934841464106,67.78415834045411,360.9663601890849,910.670857327196,82.78825975701783,2626.8263006632137,6830.0314299539705,349.3847936754644,100,50000,5,3820097
9,191.0766355624218,74.55049754121872,335.02185864008464,1008.0402039909291,126.00502549886613,1992.2034982773039,7560.301529931968,297.13533877172245,100,50000,5,3820097
6,578.3780964047762,80.38001333038373,326.3862381021169,650.8735365545971,130.17470731091942,4940.6858230136995,4881.5515241594785,170.2298625679467,100,50000,5,3820097
7,68.08890671666794,110.68262986153414,239.1628132367275,980.9438879817278,163.49064799695464,1340.7865243365156,7357.0791598629585,256.3970221984869,100,50000,5,9535879
8,270.31721670169355,182.66752739476559,321.12466705006534,847.9346096686572,121.13351566695103,3397.3855807234436,6359.5095725149295,229.41864666343784,100,50000,5,9535879
8,420.3381274078899,31.84649852484742,310.80554290501937,733.0712316790908,104.72446166844155,3391.3846944955294,5498.034237593181,292.27075853960287,100,50000,5,9535879
10,163.78522942937195,187.61292556156778,298.2057149711043,910.8759977326321,101.20844419251468,2635.486162432048,6831.569982994741,300.74766679949533,100,50000,5,9535879
9,391.5354826777881,182.30691643187558,347.0857743649479,683.6223206143695,85.45279007679619,4303.817993322477,5127.1674046077715,269.70682355490305,100,50000,5,9535879
11,389.8318535616176,73.42751706538117,291.75530965332695,821.832645705962,82.18326457059621,3474.4452797024906,6163.744842794715,324.7474867566644,100,50000,5,8271480
7,520.6084881656215,87.96075869440472,320.9384008575539,689.0375841413638,114.83959735689398,4564.269351450196,5167.781881060228,237.07685100414088,100,50000,5,8271480
12,117.5272887878177,87.59077363878522,306.26571264945,1085.1261746622858,98.6478340602078,1538.385468199522,8138.446309967144,321.8125715932952,100,50000,5,8271480
9,365.8104856358231,101.96101676663248,293.21936146849396,829.7701938764918,103.72127423456148,3508.286268018417,6223.276454073689,254.2144576386786,100,50000,5,8271480
10,226.54917056478072,131.07130483516045,301.78978063481975,934.1494235827007,103.79438039807786,2682.1535654995587,7006.120676870255,266.64421483629366,100,50000,5,8271480
5,569.6356332770564,219.80313905065498,422.75159034335195,525.6362718782452,131.4090679695613,5920.790792457836,3942.272039086839,119.4800938878068,100,50000,5,6394530
11,137.39439692843226,171.9344203483549,321.5297110103186,972.8894320248008,97.28894320248008,2319.966129575904,7296.670740186007,317.3381644170551,100,50000,5,6394530
9,272.28712341879316,188.67976425510315,387.1964211066651,793.553172273736,99.194146534217,3457.251657554222,5951.64879205302,201.55907712238005,100,50000,5,6394530
12,193.19821791427657,90.41342549758544,251.84340673661794,975.5173857185794,88.68339870168903,2127.087325588965,7316.380392889345,389.25655377602146,100,50000,5,6394530
9,396.54834335730834,192.05932245494853,361.30535580437004,696.7063727318524,87.08829659148155,4414.557493591927,5225.297795488893,268.5723430842873,100,50000,5,6394530
5,564.1746586266547,89.81829001152921,376.3865557118057,646.921632035927,161.73040800898175,4904.94711478638,4851.912240269453,141.4257068965166,100,50000,5,8372552
8,426.2134140845139,130.46757328207897,288.9539876431071,737.500476265387,105.35721089505527,4175.107405249446,5531.253571990403,266.6114702730738,100,50000,5,8372552
8,462.2125245643487,93.44020521751663,311.98840212004586,667.0728660231488,95.29612371759268,4167.39547336399,5003.046495173616,226.19586367051318,100,50000,5,8372552
6,353.8846969729485,98.88752376977507,214.2057907832533,847.16690917098,169.433381834196,3395.791655570427,6353.75181878235,186.9087028537425,100,50000,5,8372552
6,472.42644987777066,95.57982979947124,312.8321653338853,717.6346826151746,143.52693652303492,4260.047097579314,5382.260119613809,184.91356000254154,100,50000,5,8372552
9,286.02058386695234,152.4944418427394,230.8042181720937,638.7053073740069,79.83816342175086,3288.8626928226877,4790.289805305052,185.88058115613393,100,50000,6,4474730
8,236.140784299456,179.34654506109607,313.48568654987287,665.7266043483978,95.10380062119968,3116.15497020414,4992.949532612984,187.50521329938783,100,50000,6,4474730
7,184.96005821027927,121.75443024662259,311.12438049859514,767.1583384689283,127.85972307815472,2300.358663426764,5753.687538516962,134.97851794412685,100,50000,6,4474730
5,303.5345391565097,337.8548245582986,376.9553756030532,431.54936633402303,107.88734158350576,4810.420227861062,3236.6202475051728,167.5718621316162,100,50000,6,4474730
7,438.58714611124327,185.14879995759392,304.24102465277326,461.2698801472939,76.87831335788232,4678.019595516279,3459.524101104704,162.32449512789125,100,50000,6,4474730
8,491.2584885239058,49.831425847933446,260.369985616462,534.8307977109228,76.40439967298896,4058.174357788794,4011.2309828319208,248.79624632233276,100,50000,6,4474730
5,493.1125742226843,159.27238114303847,306.89490305865974,439.24012137547356,109.81003034386839,4892.887165242921,3294.3009103160516,116.9930796055495,100,50000,6,9944578
9,209.11472036758377,144.43333322353163,292.0282008141488,712.7259600364689,89.09074500455861,2651.610401933365,5345.444700273517,316.1210933529246,100,50000,6,9944578
8,211.75412084757042,103.89035690060813,277.36249370393006,763.1695672434126,109.0242238919161,2367.333583111339,5723.771754325595,206.30741567738875,100,50000,6,9944578
9,218.05470689506092,120.45372931048021,313.70639257790486,708.6086784242527,88.57608480303159,2538.813271541558,5314.565088181896,271.63724326779914,100,50000,6,9944578
8,389.6228480730493,107.88394399518006,309.22381980454634,560.8867467611013,80.12667810872877,3731.30094051172,4206.65060070826,268.96637875136986,100,50000,6,9944578
5,453.8401291696521,178.28375377544987,343.4998797849747,454.0348193163278,113.50870482908195,4740.929122088265,3405.2611448724583,160.16926473260278,100,50000,6,9944578
11,216.58072850446078,227.47032409291285,321.5979320776039,615.5436062711223,61.554360627112224,3330.3828944803026,4616.577047033417,350.5456792561559,100,50000,6,9925823
7,314.9766698122372,200.6121794292104,380.31634418818857,573.0672281218134,95.5112046869689,3866.916369310857,4298.0042109136,166.95408412838808,100,50000,6,9925823
10,187.75220517590407,116.33985615200693,216.43995522372876,765.9374023485973,85.10415581651081,2280.690459959332,5744.530517614479,264.4907794824664,100,50000,6,9925823
8,244.72537950164775,99.10274163246902,323.97756694235727,726.3251274466373,103.76073249237676,2578.710908505876,5447.43845584978,212.75411658955323,100,50000,6,9925823
7,376.7124251353017,156.67658528882106,339.15542487224633,540.6719732186574,90.1119955364429,4000.4175781809204,4055.0397991399304,190.94921532190065,100,50000,6,9925823
7,395.3757873106204,122.24898152814023,293.32112219488045,502.9107336557777,83.81845560929628,3882.185766290705,3771.830502418333,184.37737549069445,100,50000,6,9925823
7,515.0361986011008,72.40371882462325,278.07353922258125,505.4612392803492,84.24353988005821,4405.799380692931,3790.959294602619,129.21277567422533,100,50000,6,3820097
8,204.19816294291348,169.39632511828748,291.3207639303107,705.9074628647671,100.84392326639531,2801.9586604590077,5294.305971485754,236.7321975329916,100,50000,6,3820097
6,391.5573710325949,222.20527539612755,368.48519249470905,465.0899233606463,93.01798467212926,4603.219848215419,3488.1744252048475,190.92576923732977,100,50000,6,3820097
4,440.855342722874,225.55078500018496,375.6458663372147,421.87454480159255,140.6248482671975,4998.045957922942,3164.059086011944,165.53321822734338,100,50000,6,3820097
7,67.78415834045411,80.38001333038373,242.5173658870233,933.7071526212953,155.6178587702159,1111.231287531284,7002.803644659715,198.70679315164458,100,50000,6,3820097
6,334.4190581827438,147.2535808609566,313.7479440698998,605.2979931501709,121.05959863003417,3612.544792827753,4539.734948626282,147.08371075339724,100,50000,6,3820097
6,362.08376682150805,110.68262986153414,271.99837865889873,555.9710864720112,111.19421729440224,3545.7479751228166,4169.783148540084,190.9802794009794,100,50000,6,9535879
4,300.2496147281449,182.66752739476559,321.5571529367008,613.2315975195431,204.4105325065144,3621.878565921829,4599.236981396573,99.99128626392645,100,50000,6,9535879
7,392.75163437879,31.84649852484742,271.64360557109524,650.8386994543268,108.47311657572114,3184.4859967772804,4881.290245907451,175.4192419041909,100,50000,6,9535879
6,93.00298659927914,268.6370357693421,238.59498575339504,721.5080594133156,144.3016118826631,2712.3001677646594,5411.310445599866,199.60557964062187,100,50000,6,9535879
8,360.0526344811259,68.08890671666794,286.61471657487164,622.3844159653303,88.91205942361862,3211.0615589834533,4667.883119739977,321.0210041621508,100,50000,6,9535879
5,482.15376781343224,266.6020730667833,336.5759102842288,334.90207480567875,83.72551870141969,5615.668806601617,2511.7655610425904,161.65940722777023,100,50000,6,9535879
8,389.8318535616176,73.42751706538117,248.8332812034397,611.3906438495065,87.34152054992951,3474.4452797024906,4585.429828871299,260.3430735086598,100,50000,6,8271480
10,331.47311447187803,87.96075869440472,288.6099524082993,615.5117585764441,68.39019539738268,3145.7540487471206,4616.338189323331,361.4001662101997,100,50000,6,8271480
7,462.2280325619515,87.59077363878522,293.2977817143108,533.171282028564,88.861880338094,4123.641046505525,3998.7846152142297,184.41151644369995,100,50000,6,8271480
5,365.8104856358231,228.0783567797896,349.46826981334476,493.8404210400725,123.46010526001812,4454.166318117096,3703.803157800544,150.17675781196144,100,50000,6,8271480
6,434.6620464935528,131.07130483516045,310.54764353375134,457.2934438886852,91.45868877773704,4243.000134965349,3429.700829165139,157.01114151745858,100,50000,6,8271480
10,222.16785658063787,101.96101676663248,287.1635166367491,739.2479123801161,82.138656931124,2430.966550104528,5544.35934285087,289.0636398992652,100,50000,6,8271480
6,196.17030474601603,219.80313905065498,289.08595732194993,659.2686649052017,131.85373298104034,3119.8008284750326,4944.514986789013,219.82639243690568,100,50000,6,6394530
7,137.39439692843226,171.9344203483549,276.6485832413835,763.0877546249899,127.18129243749831,2319.966129575904,5723.158159687424,237.9261746855738,100,50000,6,6394530
9,197.65913623356107,188.67976425510315,284.66878771470556,689.0532976973184,86.1316622121648,2897.5417536649816,5167.899732729888,248.75560517509362,100,50000,6,6394530
7,261.8648963939742,193.19821791427657,311.0545579671779,605.5582157116868,100.92636928528113,3412.9733573118806,4541.686617837651,185.6855249611284,100,50000,6,6394530
5,473.9147111726571,293.3122660987595,372.95721184022534,323.19414764278724,80.79853691069681,5754.202329535625,2423.9561073209043,154.77541835419962,100,50000,6,6394530
8,327.1615944595009,90.41342549758544,352.25183817689003,659.1384050669537,94.1626292952791,3131.8126496781474,4943.538038002153,238.8949668759456,100,50000,6,6394530
6,341.87968954598875,89.81829001152921,283.5713660161346,648.4822855851243,129.69645711702486,3237.7348466813846,4863.617141888432,144.52352369107228,100,50000,6,8372552
7,331.5608556992596,130.46757328207897,287.1941088724506,614.6226737089279,102.43711228482131,3465.2132173600394,4609.6700528169595,250.16088430400382,100,50000,6,8372552
5,153.33941543443242,190.75840029427715,332.5073860000075,749.0470445909643,187.26176114774108,2580.7336179653216,5617.852834432232,133.769365219758,100,50000,6,8372552
6,389.57999624100347,82.01049772230365,217.34216965335054,540.1683537317351,108.03367074634703,3536.9287047248035,4051.2626529880135,169.62794108384938,100,50000,6,8372552
6,472.42644987777066,95.57982979947124,297.24124922846966,512.5088162330736,102.50176324661473,4260.047097579314,3843.816121748052,198.81222923723462,100,50000,6,8372552
8,317.99780436260244,131.7353038112792,292.7720075959074,577.4359452252064,82.49084931788663,3372.9983113041126,4330.769589189048,241.81607324984301,100,50000,6,8372552
4,262.43115636229965,146.7101554060179,256.51565621661246,408.1732200130563,136.0577400043521,3068.5598382623816,3061.2991500979224,84.20084840741431,100,50000,8,4474730
4,304.3641978167933,236.140784299456,279.02241808191593,265.9600423034824,88.65334743449414,4053.7873658718695,1994.7003172761179,83.59398872108966,100,50000,8,4474730
5,121.75443024662259,184.96005821027927,233.92622780750906,495.78299971273015,123.94574992818254,2300.358663426764,3718.372497845476,64.36113526140413,100,50000,8,4474730
4,337.8548245582986,248.44570186845314,295.1123343127246,230.75808639135346,76.91936213045115,4397.253948200638,1730.6856479351509,82.04864586251361,100,50000,8,4474730
4,302.1196839194908,152.4944418427394,242.02301773805743,361.95311889262007,120.65103963087336,3409.6059432167262,2714.6483916946504,100.52219153907971,100,50000,8,4474730
6,190.04151745898727,156.76310920803283,231.26638507144796,442.09216285209556,88.41843257041911,2601.034700002651,3315.6912213907167,169.06551977517546,100,50000,8,4474730
5,294.31954819182124,49.831425847933446,244.01017210453523,455.51398830170547,113.87849707542637,2581.13230529816,3416.354912262791,109.38089763133587,100,50000,8,4474730
3,393.7897256104818,185.14879995759392,290.80688592705894,238.84997224249418,119.42498612124709,4342.038941760568,1791.3747918187064,97.40125893436262,100,50000,8,4474730
5,282.5130437430903,172.5437409334057,206.27953185004816,195.9563699176852,48.9890924794213,3412.92588507372,1469.672774382639,188.53410520750958,100,50000,8,9944578
4,309.2883507757497,144.43333322353163,279.0875210143875,284.8622988411331,94.95409961371104,3402.9126299946097,2136.467241308498,124.52325473008199,100,50000,8,9944578
5,273.8184890306461,206.78318309952738,270.45533562485963,326.8579891145773,81.71449727864433,3604.5125409763014,2451.43491835933,112.61278266894494,100,50000,8,9944578
6,332.52743962595184,107.88394399518006,280.381526024035,370.13647649890976,74.02729529978195,3303.0853771584893,2776.0235737418234,168.47847751225785,100,50000,8,9944578
5,335.2709327853486,62.98864201150246,246.07256035564046,397.1810615327836,99.2952653831959,2986.946810976383,2978.857961495877,178.72943365015632,100,50000,8,9944578
6,343.58005401226285,159.27238114303847,230.40609308063816,248.01724102320276,49.60344820464055,3771.39326366476,1860.1293076740208,167.51574204801997,100,50000,8,9944578
2,407.1856793040696,120.45372931048021,263.8197043072749,291.73850072349325,291.73850072349325,3957.295564609123,2188.0387554261993,69.83632066946579,100,50000,8,9944578
4,357.77591422675295,103.89035690060813,237.91856099560377,352.2471278189106,117.4157092729702,3462.497033455208,2641.8534586418295,123.13370394999015,100,50000,8,9944578
7,216.58072850446078,227.47032409291285,284.3876140052406,358.691215344566,59.78186922409433,3330.3828944803026,2690.1841150842447,197.91266040703138,100,50000,8,9925823
4,302.86839042007654,194.15735081237236,258.97790281755505,306.59159119187575,102.19719706395858,3727.693059243367,2299.4369339390682,86.95878123284703,100,50000,8,9925823
5,205.06142895047444,116.33985615200693,149.36241315201937,390.33312125391444,97.58328031347861,2410.50963826861,2927.4984094043584,189.86588571735962,100,50000,8,9925823
5,334.90878261683497,99.10274163246902,285.27714841072566,363.65587952345766,90.91396988086441,3255.08643186978,2727.4190964259324,135.6643197879754,100,50000,8,9925823
5,269.5185179336969,156.67658528882106,220.8538732159637,358.5754053097368,89.6438513274342,3196.4632741688847,2689.315539823026,136.30844350731545,100,50000,8,9925823
2,402.3459997977377,344.7411329228246,373.54356636028115,75.27281770571308,75.27281770571308,5603.153495404217,564.5461327928481,31.143322288162388,100,50000,8,9925823
6,362.15254403336195,155.49351903369484,272.6560820517952,276.36108710456284,55.27221742091257,3882.3454730029252,2072.708153284221,190.0468380482421,100,50000,8,9925823
4,379.2302560952719,219.96858543920837,289.6070688197086,202.26693912425466,67.42231304141822,4493.991311508602,1517.00204343191,100.86120518723307,100,50000,8,9925823
6,257.172077937297,154.69714300549947,243.71233628505342,371.9007444199425,74.3801488839885,3089.0191570709735,2789.255583149569,181.088416899512,100,50000,8,3820097
4,396.35804276918094,169.39632511828748,283.03276618570067,246.8416380056156,82.28054600187187,4243.1577591560135,1851.312285042117,136.05703786242972,100,50000,8,3820097
4,374.37318657041,67.78415834045411,232.60212192240752,321.3454102159544,107.11513673865147,3316.180086831481,2410.0905766196583,140.1824564803704,100,50000,8,3820097
3,373.29264247365563,225.55078500018496,300.8474355272296,200.58015645192572,100.29007822596286,4491.325706053804,1504.351173389443,99.89237608152067,100,50000,8,3820097
5,368.82013830863184,74.55049754121872,205.42401139763214,344.61847326173535,86.15461831543384,3325.279768873879,2584.638549463015,138.92087509247486,100,50000,8,3820097
4,334.4190581827438,147.2535808609566,301.86128370390446,329.27607603350293,109.75869201116764,3612.544792827753,2469.570570251272,99.8604753006142,100,50000,8,3820097
7,293.7968469429746,72.40371882462325,243.5414546210299,446.4046446383919,74.40077410639866,2746.5042432569835,3348.0348347879394,143.26530016128459,100,50000,8,3820097
2,391.5573710325949,222.20527539612755,306.88132321436126,169.36726165479485,169.36726165479485,4603.219848215419,1270.2544624109614,73.42470300273155,100,50000,8,3820097
4,68.08890671666794,110.68262986153414,204.77688710007453,626.6566828413542,208.88556094711805,1340.7865243365156,4699.925121310156,139.42000240948232,100,50000,8,9535879
4,177.73376928315636,164.3256976217847,220.54797569695145,462.32193401767313,154.10731133922437,2565.446001787058,3467.4145051325486,140.96487682488015,100,50000,8,9535879
5,363.2688861054068,31.84649852484742,227.4323533098941,362.03700934215135,90.50925233553784,2963.3653847269065,2715.277570066135,138.17616200977693,100,50000,8,9535879
4,371.8147487653198,268.6370357693421,322.5737899337455,115.58622885391084,38.52874295130361,4803.388384009964,866.8967164043313,113.6033748296732,100,50000,8,9535879
4,369.93800456023763,163.78522942937195,313.9649088230609,239.16517950580138,79.72172650193379,4002.9242549220717,1793.7388462935103,149.11980821904052,100,50000,8,9535879
3,266.6020730667833,93.00298659927914,167.93895597964197,402.80343287982885,201.40171643991442,2697.0379474954684,3021.0257465987165,106.7527227557899,100,50000,8,9535879
3,182.30691643187558,187.61292556156778,181.8542851138585,447.4809327667888,223.7404663833944,2774.398814950825,3356.1069957509158,86.03633723209964,100,50000,8,9535879
2,404.4547699539369,172.68477733315254,288.5697736435447,246.62178969128212,246.62178969128212,4328.54660465317,1849.6634226846159,55.346278634609334,100,50000,8,9535879
8,326.7947787760128,73.42751706538117,198.63975554576862,346.8006247936235,49.542946399089075,3001.6672188104544,2601.0046859521763,277.75261199180164,100,50000,8,8271480
8,275.2590978437891,87.96075869440472,242.5427194632095,368.0311756196342,52.57588223137632,2724.1489240364535,2760.2338171472566,264.47286897768515,100,50000,8,8271480
6,117.5272887878177,87.59077363878522,214.23891598650187,600.3568465992984,120.07136931985967,1538.385468199522,4502.676349494738,176.43971855558246,100,50000,8,8271480
4,168.08206464981726,283.35661818946164,224.83199886372532,364.9918619864176,121.66395399547253,3385.7901212945917,2737.438964898132,114.85500787956101,100,50000,8,8271480
3,328.05451314055637,241.43159846751695,279.28010434551584,233.52310525549328,116.76155262774664,4271.14583706055,1751.4232894161996,71.54701092123908,100,50000,8,8271480
4,406.4245279071052,101.96101676663248,261.45962195230095,305.4043829195124,101.80146097317079,3812.8915850530325,2290.532871896343,128.90565987427598,100,50000,8,8271480
5,222.16785658063787,228.0783567797896,280.3958220696221,336.9709988883434,84.24274972208585,3376.846600203206,2527.2824916625755,151.55848965461237,100,50000,8,8271480
2,358.9556712160615,131.07130483516045,245.01348802561097,232.98591426335503,232.98591426335503,3675.2023203841645,1747.3943569751627,79.20030023308944,100,50000,8,8271480
4,363.3749318769938,219.80313905065498,301.1643545272102,227.43026448907872,75.81008816302624,4373.835531957367,1705.7269836680905,142.81313406715446,100,50000,8,6394530
6,272.28712341879316,171.9344203483549,247.49994415057986,348.3729497376847,69.67458994753693,3331.6615782536105,2612.797123032635,200.622222917976,100,50000,8,6394530
2,398.4869404391069,188.67976425510315,293.583352347105,210.57012023082802,210.57012023082802,4403.750285206575,1579.27590173121,60.73610492391591,100,50000,8,6394530
4,379.0961083245848,291.029356731651,338.64592017872087,150.72370057930843,50.24123352643614,5025.940987921768,1130.4277543448131,77.66932697477739,100,50000,8,6394530
5,299.94506180815625,192.05932245494853,269.6645243579901,280.49723492848034,70.12430873212008,3690.032881973286,2103.7292619636028,176.749521212585,100,50000,8,6394530
4,223.92871589321925,193.19821791427657,248.33185379343414,390.9669994703763,130.3223331567921,3128.452003556218,2932.2524960278224,138.010137785077,100,50000,8,6394530
5,268.6596999008866,90.41342549758544,212.72803274669369,455.2335148634922,113.80837871587305,2693.04844048854,3414.2513614761915,130.51780974639607,100,50000,8,6394530
5,335.446599592523,94.30083071389777,160.33572137258633,377.6488088927387,94.41220222318468,3223.1057272981557,2832.36606669554,132.6971840436517,100,50000,8,6394530
6,82.01049772230365,89.81829001152921,221.92591662491535,635.7300607659502,127.14601215319003,1288.7159080037466,4767.975455744626,161.36315582142407,100,50000,8,8372552
4,389.57999624100347,130.46757328207897,217.63278570493748,266.3860509813028,88.79535032710093,3900.356771423118,1997.8953823597708,122.7114705452947,100,50000,8,8372552
2,396.8644325686531,190.75840029427715,293.81141643146515,231.11023024420214,231.11023024420214,4407.171246471978,1733.326726831516,34.138854224326195,100,50000,8,8372552
3,226.84270090895149,98.88752376977507,201.86585906887885,481.4077653133361,240.70388265666804,2442.9766850904493,3610.5582398500205,134.41287009198322,100,50000,8,8372552
4,382.0709287332465,95.57982979947124,181.1075947961667,318.04386403190813,106.01462134396938,3582.380688995383,2385.328980239311,122.36908611592006,100,50000,8,8372552
4,277.99061225476805,246.96067156403868,309.6345798044574,293.4234487611013,97.80781625370044,3937.1346286410503,2200.67586570826,98.11121010766716,100,50000,8,8372552
4,398.0676125400339,178.52631148246334,293.6167054347742,231.8818879577267,77.29396265257556,4324.454430168729,1739.1141596829502,148.89317993168189,100,50000,8,8372552
2,392.5751503124483,277.717557178464,335.14635374545617,139.5303977078235,139.5303977078235,5027.195306181842,1046.4779828086764,53.518724533855554,100,50000,8,8372552
3,320.0821886286331,146.7101554060179,220.06270019867245,190.2248234316806,95.1124117158403,3500.9425802598826,1426.6861757376043,55.82936561698949,100,50000,10,4474730
3,304.3641978167933,179.34654506109607,230.15699559402069,152.9055947611381,76.45279738056905,3627.8305715841707,1146.7919607085357,93.90333921975716,100,50000,10,4474730
4,121.75443024662259,184.96005821027927,219.17707784488255,332.9745564871505,110.99151882905016,2300.358663426764,2497.309173653629,45.42358239833605,100,50000,10,4474730
3,274.7349173874197,192.55300993764715,232.9179318730627,88.92368225669794,44.46184112834897,3504.6594549380015,666.9276169252346,72.0793427286499,100,50000,10,4474730
3,277.53033244686833,49.831425847933446,187.0275204407039,239.04806675498835,119.52403337749418,2455.2131872110135,1792.8605006624127,57.43280334577763,100,50000,10,4474730
4,245.41256158821452,185.14879995759392,240.04606951459138,202.4179502700864,67.47265009002881,3229.210211593563,1518.1346270256481,125.76585057056488,100,50000,10,4474730
2,294.31954819182124,156.76310920803283,225.54132869992702,137.71995895164724,137.71995895164724,3383.1199304989054,1032.8996921373544,59.67689218173111,100,50000,10,4474730
3,286.02058386695234,190.04151745898727,241.54480517970464,174.27916661583174,87.13958330791587,3570.465759944547,1307.093749618738,89.44466810404631,100,50000,10,4474730
3,262.43115636229965,152.4944418427394,221.70847161763618,157.024304561568,78.512152280784,3111.9419865377927,1177.68228421176,76.71998082746656,100,50000,10,4474730
2,218.05470689506092,172.5437409334057,195.29922391423332,67.76759032746331,67.76759032746331,2929.4883587135,508.25692745597485,71.42319312617383,100,50000,10,9944578
4,291.9825369061538,144.43333322353163,198.67550945209234,207.1861928954747,69.06206429849156,3273.119025972641,1553.8964467160604,137.34837551395967,100,50000,10,9944578
2,326.0503702575731,178.28375377544987,252.16706201651147,148.23616655883595,148.23616655883595,3782.505930247672,1111.7712491912696,62.57989201215906,100,50000,10,9944578
2,275.1785053952919,209.11472036758377,242.14661288143782,66.92825526809371,66.92825526809371,3632.1991932215674,501.9619145107028,83.06732301652704,100,50000,10,9944578
2,220.93242849156937,120.45372931048021,170.6930789010248,162.27092975570648,162.27092975570648,2560.396183515372,1217.0319731677985,62.87789397625827,100,50000,10,9944578
3,273.8184890306461,103.89035690060813,215.59479676491299,262.1066506272824,131.0533253136412,2832.8163444844067,1965.7998797046182,73.26960492450961,100,50000,10,9944578
3,211.01134558364893,159.27238114303847,184.8544262362302,77.35489164139635,38.677445820698175,2777.1279504501554,580.1616873104726,50.76894929330216,100,50000,10,9944578
4,285.2271205574646,62.98864201150246,214.04651981770343,291.4397788959783,97.14659296532609,2611.618219267253,2185.798341719837,108.81995381409206,100,50000,10,9944578
3,313.953598959112,107.88394399518006,222.71877717968496,224.42694322702258,112.21347161351129,3163.7815721571906,1683.2020742026693,78.70014361856855,100,50000,10,9944578
3,300.1127183651303,219.96858543920837,248.34767642380996,126.55927267759608,63.27963633879804,3900.6097785325396,949.1945450819707,82.07732885357531,100,50000,10,9925823
2,302.86839042007654,200.6121794292104,251.74028492464348,109.46139722425929,109.46139722425929,3776.104273869652,820.9604791819446,45.60538348990976,100,50000,10,9925823
4,311.1963762126959,116.33985615200693,230.24098763098348,212.8906547449366,70.96355158164553,3206.521742735271,1596.6799105870246,158.3748398905731,100,50000,10,9925823
3,249.11270536707048,156.67658528882106,211.37955623897037,100.03444221636215,50.017221108181076,3043.4196799191864,750.2583166227162,84.58699398632497,100,50000,10,9925823
2,286.8901728291016,155.49351903369484,221.1918459313982,156.0992978383084,156.0992978383084,3317.877688970973,1170.744733787313,76.36588090937173,100,50000,10,9925823
2,216.58072850446078,205.06142895047444,210.8210787274676,155.10727099203052,155.10727099203052,3162.3161809120143,1163.304532440229,78.47459305121261,100,50000,10,9925823
2,327.2672418261378,122.24898152814023,224.75811167713903,205.6332539543001,205.6332539543001,3371.3716751570855,1542.2494046572508,83.13267964287638,100,50000,10,9925823
3,240.18574248064698,135.05402000642755,189.79903776648231,193.82754783993335,96.91377391996667,2814.298218653059,1453.7066087995001,30.08064458983915,100,50000,10,9925823
3,244.72537950164775,99.10274163246902,204.34228042551888,271.9345693679928,135.9672846839964,2578.710908505876,2039.509270259946,53.748714885032165,100,50000,10,9925823
3,237.40159326094712,168.10777912304764,210.99323215896922,219.11983107900585,109.55991553950292,3041.320292879961,1643.3987330925438,94.59706923235683,100,50000,10,9925823
4,310.5073120873225,154.69714300549947,206.1334356400947,161.69411192028002,53.89803730676001,3489.0334131961645,1212.7058394021,84.03308240564427,100,50000,10,3820097
2,213.58022561698797,169.39632511828748,191.48827536763773,57.39143243505221,57.39143243505221,2872.3241305145657,430.43574326289155,66.63942575074162,100,50000,10,3820097
3,297.1745072163441,67.78415834045411,185.34510037307336,243.4376339433297,121.71881697166485,2737.1899916759867,1825.7822545749727,100.97248898263035,100,50000,10,3820097
2,327.92133785923994,80.38001333038373,204.15067559481184,248.07490421022155,248.07490421022155,3062.260133922178,1860.5617815766616,69.5680181317476,100,50000,10,3820097
4,259.69515113543486,204.19816294291348,227.60799014524508,191.3402269679812,63.780075655993734,3479.1998555876125,1435.051702259859,45.11490160965221,100,50000,10,3820097
2,303.69887910784814,222.20527539612755,262.9520772519878,117.25297217607995,117.25297217607995,3944.2811587798174,879.3972913205996,61.5742958569518,100,50000,10,3820097
3,225.55078500018496,74.55049754121872,158.5164508300301,235.6496417232911,117.82482086164555,2250.7596190605277,1767.3723129246832,79.96261037662697,100,50000,10,3820097
4,257.172077937297,101.20365172999608,179.20420556743278,278.2472892684026,92.74909642280086,2687.817972504698,2086.8546695130194,120.86366756742714,100,50000,10,3820097
2,299.31069961261187,72.40371882462325,185.85720921861756,226.91157789683766,226.91157789683766,2787.858138279263,1701.8368342262825,50.05340596779998,100,50000,10,3820097
2,182.30691643187558,110.68262986153414,146.49477314670486,285.3082017921566,285.3082017921566,2197.4215972005727,2139.811513441174,56.59613776296253,100,50000,10,9535879
4,177.73376928315636,164.3256976217847,180.6602695114052,179.91151242864154,59.970504142880515,2565.446001787058,1349.3363432148117,156.9128923271621,100,50000,10,9535879
2,163.78522942937195,133.70431831584054,148.74477387260623,116.68580255866662,116.68580255866662,2231.1716080890933,875.1435191899997,37.040223231827795,100,50000,10,9535879
2,292.81946942209584,266.6020730667833,279.71077124443957,38.64200112958823,38.64200112958823,4195.661568666594,289.8150084719117,86.8242218718305,100,50000,10,9535879
2,144.21180827286344,187.61292556156778,165.9123669172156,155.46019726298545,155.46019726298545,2488.685503758234,1165.951479472391,62.88090901103317,100,50000,10,9535879
2,293.78769871883236,268.6370357693421,281.2123672440872,30.94045127834661,30.94045127834661,4218.185508661308,232.0533845875996,56.4863142759916,100,50000,10,9535879
3,306.32926687153804,68.08890671666794,182.36765030711948,245.8967516412244,122.9483758206122,2808.1363019115447,1844.225637309183,106.44338665487338,100,50000,10,9535879
3,317.9684963337709,175.64301334813223,270.75490032545804,150.02442303063447,75.01221151531723,3702.0863226142733,1125.1831727297586,85.77423390396677,100,50000,10,9535879
2,271.9769170403024,31.84649852484742,151.91170778257492,240.24103423734394,240.24103423734394,2278.675616738624,1801.8077567800794,51.072546440996945,100,50000,10,9535879
4,240.44501691497442,93.00298659927914,224.5160168779377,303.34637040202136,101.11545680067378,2500.860026356902,2275.09777801516,77.17580485034985,100,50000,10,9535879
3,283.35661818946164,73.42751706538117,144.98882239113843,216.58800671174092,108.29400335587046,2675.881014411321,1624.4100503380569,100.67314923652123,100,50000,10,8271480
5,306.3194098665878,87.96075869440472,237.1301566352169,241.93276391043133,60.48319097760783,2957.101264207444,1814.495729328235,170.01437380603483,100,50000,10,8271480
2,231.16981444057393,101.96101676663248,166.5654156036032,129.23669898540345,129.23669898540345,2498.4812340540484,969.2752423905258,72.83257085321743,100,50000,10,8271480
3,207.3797166328998,241.43159846751695,239.055172176297,124.75958936693769,62.379794683468845,3366.084863253126,935.6969202520327,103.18749111424697,100,50000,10,8271480
2,276.872873888579,228.0783567797896,252.4756153341843,70.4774159311267,70.4774159311267,3787.134230012765,528.5806194834503,40.454229286613256,100,50000,10,8271480
5,279.4423417444331,87.59077363878522,193.2881864307594,252.4590643053309,63.11476607633273,2752.7483653741374,1893.442982289982,141.32168790818972,100,50000,10,8271480
6,236.19824057416668,117.5272887878177,204.70678423233338,168.8645979288792,33.77291958577584,2652.941470214883,1266.484484466594,214.5538839965585,100,50000,10,8271480
2,216.71949817504841,168.08206464981726,192.40078141243282,52.523503754410406,52.523503754410406,2886.011721186492,393.92627815807805,22.367639462766036,100,50000,10,8271480
2,326.0306957281621,222.16785658063787,274.09927615439994,103.86382398553273,103.86382398553273,4111.489142315999,778.9786798914955,65.89343414163298,100,50000,10,8271480
4,223.92871589321925,193.19821791427657,215.91213738942238,181.67500159664365,60.55833386554789,3128.452003556218,1362.5625119748274,146.14512832083045,100,50000,10,6394530
4,116.42997160506894,171.9344203483549,214.4003581791589,344.4626358513182,114.82087861710608,2162.7329396506784,2583.469768884887,129.0290180472258,100,50000,10,6394530
3,272.28712341879316,188.67976425510315,240.94392802262348,174.495555605893,87.2477778029465,3457.251657554222,1308.7166670441975,73.33767238413046,100,50000,10,6394530
2,291.029356731651,274.9644223861077,282.99688955887933,32.936245179816964,32.936245179816964,4244.95334338319,247.02183884862723,69.12429978985178,100,50000,10,6394530
4,323.08228398884506,185.96148503076643,242.66171995902945,140.46652205168863,46.82217401722954,3817.8282676470862,1053.4989153876647,127.02637396528714,100,50000,10,6394530
2,213.62176425944995,258.6029381944674,236.11235122695868,149.07106778786553,149.07106778786553,3541.68526840438,1118.0330084089915,20.66774109763177,100,50000,10,6394530
2,293.3122660987595,192.05932245494853,242.685794276854,103.94689365162652,103.94689365162652,3640.2869141528104,779.6017023871989,83.6872522886444,100,50000,10,6394530
4,268.6596999008866,90.41342549758544,185.20539527983,249.10711649974752,83.03570549991584,2693.04844048854,1868.3033737481064,122.00478616009556,100,50000,10,6394530
3,308.1181868219103,94.30083071389777,179.93780482141344,238.14654670021707,119.07327335010854,3018.1426315185604,1786.099100251628,71.99246037363407,100,50000,10,6394530
4,249.79379539451284,159.2755689216484,211.20648906358548,218.07979624870342,72.69326541623447,3068.020232371209,1635.5984718652755,168.86400961811967,100,50000,10,6394530
3,279.86735252790993,89.81829001152921,184.4316099513211,262.34980300309456,131.17490150154728,2772.6423190457936,1967.6235225232092,98.24530405575118,100,50000,10,8372552
3,286.9108367891453,130.46757328207897,183.03790462750115,184.95908683830655,92.47954341915327,3130.338075534182,1387.193151287299,48.36913886383323,100,50000,10,8372552
4,277.717557178464,93.44020521751663,178.81389453117256,231.78052105944795,77.26017368648264,2783.683217969855,1738.3539079458596,93.64908381700073,100,50000,10,8372552
2,277.99061225476805,226.84270090895149,252.41665658185977,74.70999912877961,74.70999912877961,3786.2498487278967,560.3249934658471,48.25364103443809,100,50000,10,8372552
3,259.1739000593046,95.57982979947124,177.76001378041303,208.54363889532667,104.27181944766333,2660.652973940819,1564.07729171495,66.64438063829668,100,50000,10,8372552
2,253.02699084289654,98.88752376977507,175.9572573063358,225.60994708239517,225.60994708239517,2639.358859595037,1692.0746031179638,65.43195286169139,100,50000,10,8372552
4,215.1066985260594,82.01049772230365,205.50473445455665,354.55289082559636,118.18429694186545,2228.3789718627227,2659.1466811919727,98.41415243361496,100,50000,10,8372552
23,337.8548245582986,49.831425847933446,343.0576590760661,1847.7876917205415,83.99034962366098,2907.6468780467403,13858.40768790406,566.9150267405424,100,100000,2,4474730
25,388.4494627888285,185.14879995759392,416.25883020547946,1727.0241005851217,71.95933752438008,4301.986970598168,12952.680754388413,621.3969060653175,100,100000,2,4474730
24,545.2306966454704,159.27238114303847,345.911626122252,1776.341624865372,77.232244559364,5283.7730834138165,13322.56218649029,767.1987280703324,100,100000,2,9944578
21,290.1585525340235,120.45372931048021,337.4949290106429,1736.4819243965408,86.82409621982704,3079.592113833778,13023.614432974056,689.1410484978474,100,100000,2,9944578
22,459.60054587226546,219.96858543920837,325.29793892672194,1644.927716954171,78.32989128353195,5096.768484836054,12336.957877156283,722.6966197456634,100,100000,2,9925823
20,99.10274163246902,116.33985615200693,310.5816757011439,1694.1955848887276,89.16818867835408,1615.8194833835696,12706.466886665457,490.6009712410069,100,100000,2,9925823
25,257.172077937297,72.40371882462325,334.88570879277825,1744.5890156828182,72.69120898678409,2471.8184757144018,13084.417617621137,653.320873038685,100,100000,2,3820097
21,225.55078500018496,169.39632511828748,376.213206274172,1706.166141903389,85.30830709516945,2962.103325888543,12796.246064275418,638.2045208052028,100,100000,2,3820097
21,306.32926687153804,31.84649852484742,398.72818373800135,1859.700226584284,92.9850113292142,2536.3182404728914,13947.75169938213,731.1868862478132,100,100000,2,9535879
22,343.84655807149,164.3256976217847,368.1014474474951,1747.4125044127168,83.21011925774842,3811.29191769956,13105.593783095375,669.2286804613607,100,100000,2,9535879
24,283.35661818946164,73.42751706538117,381.8607920042634,1758.9728068964819,76.4770785607166,2675.881014411321,13192.296051723613,759.6229392991805,100,100000,2,8271480
24,257.9020093346958,87.59077363878522,343.5272852724585,1827.2023589435867,79.4435808236342,2591.1958723011076,13704.0176920769,714.385626539113,100,100000,2,8271480
25,379.0961083245848,188.67976425510315,389.40842934571464,1664.853492447258,69.36889551863575,4258.31904434766,12486.401193354435,746.4977180369824,100,100000,2,6394530
23,159.2755689216484,94.30083071389777,312.6077341644192,1766.6415052087084,80.30188660039583,1901.822997266596,13249.811289065314,684.9032552384755,100,100000,2,6394530
19,509.7134221986536,89.81829001152921,378.61573959336766,1655.396211863212,91.9664562146229,4496.4878415763715,12415.471588974091,592.842378755928,100,100000,2,8372552
21,671.58465801206,130.46757328207897,410.8164275647877,1636.5056134173537,81.82528067086768,6015.391734706042,12273.792100630153,655.6126047518599,100,100000,2,8372552
24,446.66169399613995,49.831425847933446,342.76712185857764,1884.5388859279708,81.93647330121613,3723.69839883055,14134.041644459781,589.7404602582441,100,100000,3,4474730
23,359.484136657431,179.34654506109607,446.0265556640982,1725.2007428963404,78.41821558619729,4041.230112888953,12939.005571722553,592.4027449420413,100,100000,3,4474730
23,440.84860823057164,121.75443024662259,333.96307492267437,1634.3269363982754,74.28758801810342,4219.522788578956,12257.452022987065,569.5756694426475,100,100000,3,4474730
24,545.2306966454704,159.27238114303847,345.911626122252,1776.341624865372,77.232244559364,5283.7730834138165,13322.56218649029,767.1987280703324,100,100000,3,9944578
21,563.2283763415204,120.45372931048021,382.8378640985236,1655.5865346935507,82.77932673467754,5127.615792390005,12416.89901020163,652.9784985003054,100,100000,3,9944578
20,426.3856164107467,103.89035690060813,370.5735998923724,1835.575943891752,96.60926020482906,3977.0697998351616,13766.81957918814,600.7285782814088,100,100000,3,9944578
22,459.60054587226546,219.96858543920837,325.29793892672194,1644.927716954171,78.32989128353195,5096.768484836054,12336.957877156283,722.6966197456634,100,100000,3,9925823
19,244.72537950164775,99.10274163246902,339.1357448481639,1737.9935842510206,96.5551991250567,2578.710908505876,13034.951881882655,489.4166612883053,100,100000,3,9925823
21,311.1963762126959,116.33985615200693,387.0200951861027,1771.9548078460493,88.59774039230247,3206.521742735271,13289.66105884537,644.2121436887223,100,100000,3,9925823
25,257.172077937297,72.40371882462325,334.88570879277825,1744.5890156828182,72.69120898678409,2471.8184757144018,13084.417617621137,653.320873038685,100,100000,3,3820097
18,175.44806994868665,74.55049754121872,379.02991831430757,1713.5179535700981,100.79517373941754,1874.9892561742904,12851.384651775736,511.32189031122124,100,100000,3,3820097
21,530.3518108292103,67.78415834045411,450.3588211602769,1824.2990301309496,91.21495150654748,4486.019768772483,13682.242725982122,627.9400020114242,100,100000,3,3820097
23,552.4027285318269,110.68262986153414,420.12151911366226,1579.5322064442962,71.79691847474074,4973.140187950208,11846.491548332222,755.6153792067291,100,100000,3,9535879
24,297.07843398842664,164.3256976217847,313.6768967717631,1757.0805785155032,76.39480776154362,3460.5309870765855,13178.104338866275,682.2387416746171,100,100000,3,9535879
22,673.4826959658393,31.84649852484742,417.3024497579741,1599.0803803400818,76.14668477809913,5289.9689586801505,11993.102852550614,722.1474282866395,100,100000,3,9535879
21,326.7947787760128,73.42751706538117,304.4810838974555,1587.5380272206596,79.37690136103298,3001.6672188104544,11906.535204154947,637.1080032502427,100,100000,3,8271480
24,257.9020093346958,87.59077363878522,343.5272852724585,1827.2023589435867,79.4435808236342,2591.1958723011076,13704.0176920769,714.385626539113,100,100000,3,8271480
22,448.2547652858508,117.5272887878177,407.66726437393476,1659.959981662815,79.045713412515,4243.365405552514,12449.699862471112,679.5335010864362,100,100000,3,8271480
21,371.9485634790645,90.41342549758544,363.5936506832772,1791.1413670933143,89.55706835466572,3467.7149173248745,13433.560253199857,625.5779229141308,100,100000,3,6394530
23,159.2755689216484,94.30083071389777,312.6077341644192,1766.6415052087084,80.30188660039583,1901.822997266596,13249.811289065314,684.9032552384755,100,100000,3,6394530
19,325.40702452262735,188.67976425510315,429.8436946803003,1689.2684091412016,93.84824495228898,3855.6509158329786,12669.513068559012,559.0581724960111,100,100000,3,6394530
19,331.0845900956849,98.88752376977507,349.4576434710003,1818.6460191724395,101.03588995402441,3224.7908539909495,13639.845143793296,568.7010966563614,100,100000,3,8372552
17,348.42313404347055,130.46757328207897,337.1201708065307,1765.9298923740332,110.37061827337708,3591.6803049416217,13244.47419280525,521.1984729432658,100,100000,3,8372552
19,671.58465801206,95.57982979947124,427.4848285849816,1473.4134633158835,81.85630351754908,5753.733658586484,11050.600974869127,581.1955450598527,100,100000,3,8372552
21,494.47295678303544,49.831425847933446,303.4710251314146,1740.796527354582,87.03982636772909,4082.282869732267,13055.973955159365,507.57575908296565,100,100000,4,4474730
23,359.484136657431,179.34654506109607,455.9630189782775,1699.2656657316388,77.23934844234722,4041.230112888953,12744.49249298729,595.4525988277502,100,100000,4,4474730
17,341.46559417199944,152.4944418427394,349.5938456418294,1702.2545808608456,106.39091130380285,3704.7002701105416,12766.909356456343,381.7827215559982,100,100000,4,4474730
24,206.76024390417263,121.75443024662259,325.6377090130142,1813.2882660138457,78.83862026147155,2463.860056130964,13599.661995103843,638.5994949059566,100,100000,4,4474730
22,541.5831339200857,159.27238114303847,390.91048187930994,1746.6924539325314,83.17583113964436,5256.416362973432,13100.193404493986,630.8696069656473,100,100000,4,9944578
22,62.98864201150246,144.43333322353163,327.84663671642477,1702.9947195241957,81.09498664400932,1555.6648142627557,12772.460396431468,649.9559033171306,100,100000,4,9944578
20,426.3856164107467,103.89035690060813,370.5735998923724,1835.575943891752,96.60926020482906,3977.0697998351616,13766.81957918814,600.7285782814088,100,100000,4,9944578
14,416.6134583521109,120.45372931048021,373.68692332777243,1552.7552947201143,119.44271497847033,4028.003907469433,11645.664710400857,431.52734036317844,100,100000,4,9944578
22,476.70707970178523,219.96858543920837,386.4716239569158,1679.6450736126412,79.98309874345911,5225.067488557452,12597.338052094809,676.2131415787395,100,100000,4,9925823
18,244.72537950164775,156.67658528882106,386.8060532993643,1614.7117054396429,94.98304149644957,3010.514735928516,12110.33779079732,492.0547650302312,100,100000,4,9925823
21,311.1963762126959,116.33985615200693,387.0200951861027,1771.9548078460493,88.59774039230247,3206.521742735271,13289.66105884537,644.2121436887223,100,100000,4,9925823
22,375.82429799268925,99.10274163246902,325.3341582399779,1824.5861090357978,86.88505281122846,3561.952797188687,13684.395817768484,627.5133326214068,100,100000,4,9925823
25,257.172077937297,72.40371882462325,334.88570879277825,1744.5890156828182,72.69120898678409,2471.8184757144018,13084.417617621137,653.320873038685,100,100000,4,3820097
16,464.9263650490422,169.39632511828748,445.1180091363219,1486.71714836419,99.11447655761268,4757.420176254973,11150.378612731425,415.6426913419468,100,100000,4,3820097
21,511.7116059566172,67.78415834045411,424.5941554370845,1786.8918960634091,89.34459480317045,4346.218232228035,13401.689220475568,580.832585826605,100,100000,4,3820097
19,191.0766355624218,74.55049754121872,401.8165784424992,1766.7395892416985,98.15219940231658,1992.2034982773039,13250.54691931274,578.4294546713757,100,100000,4,3820097
24,289.38289887699506,110.68262986153414,376.9333892147574,1776.6690428959737,77.2464801259119,3000.4914655389694,13325.017821719803,736.3674396795755,100,100000,4,9535879
23,68.08890671666794,164.3256976217847,304.0402925382182,1672.3339138684998,76.01517790311362,1743.109532538395,12542.504354013749,646.3970914531259,100,100000,4,9535879
16,297.07843398842664,31.84649852484742,418.5480620989982,1687.4042725352738,112.49361816901825,2466.936993849555,12655.532044014553,567.2039157672413,100,100000,4,9535879
20,673.4826959658393,268.6370357693421,450.75515389173717,1353.2942243395155,71.22601180734291,7065.89798801386,10149.706682546366,668.9152836890809,100,100000,4,9535879
23,448.2547652858508,73.42751706538117,391.174807625485,1665.8388928046675,75.71994967293944,3912.6171176342395,12493.791696035007,703.3469856276779,100,100000,4,8271480
21,487.3885488647058,131.07130483516045,370.43113131167803,1724.4021039031336,86.22010519515668,4638.448902748997,12933.015779273503,625.5574663959865,100,100000,4,8271480
21,524.1462873366477,87.96075869440472,365.67345895716727,1660.311060682989,83.01555303414945,4590.802845232893,12452.332955122416,568.0645015494288,100,100000,4,8271480
21,117.5272887878177,101.96101676663248,315.2954173852799,1723.7876555811272,86.18938277905636,1646.1622916583763,12928.407416858454,620.1045628423543,100,100000,4,8271480
20,249.79379539451284,193.19821791427657,392.8943610618694,1727.1576486360427,90.90303413873909,3322.440099815921,12953.68236477032,625.282839856018,100,100000,4,6394530
23,159.2755689216484,94.30083071389777,312.6077341644192,1766.6415052087084,80.30188660039583,1901.822997266596,13249.811289065314,684.9032552384755,100,100000,4,6394530
17,347.2793889060821,188.67976425510315,388.84948571332,1498.0289301868302,93.62680813667689,4019.693648708889,11235.216976401227,388.69274950882567,100,100000,4,6394530
17,205.59458086623962,90.41342549758544,317.9267565342621,1783.000389484028,111.43752434275174,2220.060047728688,13372.50292113021,563.4063259711169,100,100000,4,6394530
13,348.42313404347055,89.81829001152921,391.46695178367776,1823.634545117702,151.96954542647515,3286.810680412498,13677.259088382765,382.4620364523004,100,100000,4,8372552
18,412.4124810137527,130.46757328207897,359.52720834957313,1794.1739761195474,105.53964565409103,4071.6004072187375,13456.304820896607,565.1827777659418,100,100000,4,8372552
19,671.58465801206,95.57982979947124,427.4848285849816,1473.4134633158835,81.85630351754908,5753.733658586484,11050.600974869127,581.1955450598527,100,100000,4,8372552
26,595.6369822289276,98.88752376977507,377.9727919158423,1751.9982713632733,70.07993085453093,5208.93379499027,13139.987035224549,680.8766982524005,100,100000,4,8372552
19,474.30115157404117,49.831425847933446,362.4213708663847,1886.4997351855513,104.80554084364174,3930.9943306648092,14148.748013891634,519.0753773177394,100,100000,5,4474730
22,514.1911646904704,179.34654506109607,462.1960199940991,1740.3096810344825,82.8718895730706,5201.532823136748,13052.322607758619,570.5398821998031,100,100000,5,4474730
17,399.9394168931722,152.4944418427394,324.17552513387534,1663.2881789944765,103.95551118715478,4143.2539405193365,12474.661342458574,371.9287869651728,100,100000,5,4474730
16,184.96005821027927,121.75443024662259,411.6886878174889,1620.8257308586715,108.05504872391143,2300.358663426764,12156.192981440036,393.4595345105519,100,100000,5,4474730
20,206.76024390417263,185.14879995759392,304.71678785835593,1657.7792403288993,87.25153896467891,2939.317828963249,12433.344302466745,540.4528215844311,100,100000,5,4474730
20,399.4059498397485,159.27238114303847,433.0603756376273,1759.295019986081,92.59447473610952,4190.087482370902,13194.712649895606,483.82430630239116,100,100000,5,9944578
16,240.47470867056035,144.43333322353163,283.00923928931996,1778.8807112022255,118.5920474134817,2886.81031420569,13341.60533401669,509.86596833156773,100,100000,5,9944578
20,426.3856164107467,62.98864201150246,368.48850677808804,1773.223519399523,93.32755365260647,3670.306938166869,13299.176395496423,587.409266690777,100,100000,5,9944578
14,303.7469358095715,120.45372931048021,353.19391084266755,1694.9697857447024,130.38229121113096,3181.5049884003874,12712.273393085268,455.19244368050045,100,100000,5,9944578
21,339.37947463540934,103.89035690060813,358.0239132883383,1735.9019659674652,86.79509829837326,3324.523736520131,13019.264744755988,594.5218586218027,100,100000,5,9944578
18,216.58072850446078,219.96858543920837,362.54779274098274,1577.0027692907472,92.76486878180866,3274.1198545775187,11827.520769680605,549.5074098991503,100,100000,5,9925823
21,235.51344619594548,200.6121794292104,411.1750850940501,1712.4476990647563,85.62238495323781,3270.9421921886687,12843.357742985672,614.364807865004,100,100000,5,9925823
17,652.7270732553005,116.33985615200693,372.4240455979402,1501.4016387095426,93.83760241934641,5768.001970554807,11260.512290321569,532.2218026895516,100,100000,5,9925823
15,445.68679881768804,99.10274163246902,405.2557259654971,1825.912600650946,130.4223286179247,4085.9215533761785,13694.344504882094,390.2307264744907,100,100000,5,9925823
19,517.556554562949,156.67658528882106,324.18380106560426,1792.6041136483484,99.58911742490824,5056.748548888276,13444.530852362614,588.4376744835099,100,100000,5,9925823
23,257.172077937297,72.40371882462325,341.29358428678916,1727.5377237432506,78.52444198832957,2471.8184757144018,12956.532928074379,623.6146283695385,100,100000,5,3820097
17,464.9263650490422,169.39632511828748,418.90624474912323,1557.2684614159693,97.32927883849808,4757.420176254973,11679.51346061977,448.22082571862694,100,100000,5,3820097
21,384.6417494906496,67.78415834045411,427.38962210199566,1790.0104607139365,89.50052303569683,3393.194308733278,13425.078455354524,559.3584735091382,100,100000,5,3820097
17,101.20365172999608,225.55078500018496,324.95047147116554,1587.331367721084,99.20821048256775,2450.658275476358,11904.98525790813,511.5590905880735,100,100000,5,3820097
16,674.8396018058769,74.55049754121872,457.47864382335297,1715.4524403696896,114.36349602464597,5620.425745103217,12865.893302772673,435.4373550419524,100,100000,5,3820097
18,519.8628949215375,110.68262986153414,363.4712938265909,1656.775263125835,97.45736841916676,4729.091435873037,12425.814473443763,561.9434893258913,100,100000,5,9535879
23,289.38289887699506,164.3256976217847,325.90655280011117,1611.8130307405256,73.2642286700239,3402.8144737408484,12088.597730553942,619.0844738041849,100,100000,5,9535879
19,493.88787460463436,31.84649852484742,437.06844050045277,1837.7472320237798,102.09706844576554,3943.0077984711133,13783.104240178349,632.5228376740253,100,100000,5,9535879
13,93.00298659927914,268.6370357693421,338.8069659129244,1645.7139504208137,137.1428292017345,2712.3001677646594,12342.854628156103,356.98116641009847,100,100000,5,9535879
18,297.07843398842664,68.08890671666794,441.11183439204166,1656.74149309372,97.45538194668941,2738.7550552882094,12425.5611982029,621.9562628360882,100,100000,5,9535879
23,448.2547652858508,73.42751706538117,391.174807625485,1665.8388928046675,75.71994967293944,3912.6171176342395,12493.791696035007,703.3469856276779,100,100000,5,8271480
19,168.08206464981726,87.96075869440472,358.83513104934696,1798.767483504504,99.93152686136133,1920.3211750816647,13490.75612628378,606.9538302862243,100,100000,5,8271480
21,487.3885488647058,87.59077363878522,384.69382991765775,1701.8590781929993,85.09295390964996,4312.344918776183,12763.943086447494,527.9289880689346,100,100000,5,8271480
20,117.5272887878177,101.96101676663248,319.951795425512,1664.265419731587,87.59291682797826,1646.1622916583763,12481.990647986902,591.3972658896071,100,100000,5,8271480
17,658.7852655092098,131.07130483516045,399.79429906219775,1748.9050720417592,109.30656700260995,5923.924277582777,13116.788040313195,442.39033596678007,100,100000,5,8271480
18,340.73018771617626,193.19821791427657,438.3154237494414,1620.1961060098843,95.30565329469907,4004.4630422283963,12151.470795074132,548.3992562682005,100,100000,5,6394530
23,518.5421528685307,94.30083071389777,383.5343844253329,1807.7674752989815,82.17124887722643,4596.322376868214,13558.256064742362,575.5038760984611,100,100000,5,6394530
18,213.62176425944995,188.67976425510315,296.1676701679969,1613.4807322988916,94.9106313116995,3017.261463859148,12101.105492241686,502.1189386007052,100,100000,5,6394530
17,322.7938870883726,90.41342549758544,335.74062776414166,1750.1637302955899,109.38523314347437,3099.0548443946855,13126.227977216924,513.5655839553701,100,100000,5,6394530
18,472.8086340556666,185.96148503076643,363.3262286621863,1689.8577397535857,99.40339645609328,4940.775893148247,12673.933048151894,524.5650633434299,100,100000,5,6394530
13,286.9108367891453,82.01049772230365,395.95223988545644,1489.5190291684237,124.12658576403531,2766.9100088358673,11171.392718763178,355.57416504401135,100,100000,5,8372552
20,349.0805452588691,130.46757328207897,397.25431006843553,1796.218855975019,94.537834525001,3596.6108890571104,13471.641419812644,602.9855656334354,100,100000,5,8372552
17,420.8673702875168,93.44020521751663,439.63853115302885,1737.6265917170995,108.60166198231872,3857.306816287751,13032.199437878246,514.8562256995156,100,100000,5,8372552
25,595.6369822289276,98.88752376977507,381.6152701209103,1736.7445039280174,72.36435433033405,5208.93379499027,13025.58377946013,664.8005667860525,100,100000,5,8372552
13,326.8266209747652,95.57982979947124,337.1493481367851,1751.4661906959616,145.95551589133012,3168.048380806773,13135.996430219711,430.24922076062415,100,100000,5,8372552
19,206.76024390417263,146.7101554060179,311.3100921281185,1475.7284022116442,81.98491123398023,2651.0279948264288,11067.963016587331,479.9634915537248,100,100000,6,4474730
16,474.30115157404117,179.34654506109607,488.8685392380072,1487.6042285797303,99.17361523864868,4902.357724763529,11157.031714347977,455.1425313304593,100,100000,6,4474730
14,477.0770218340498,152.4944418427394,397.47368988516354,1324.2174402537978,101.8628800195229,4721.785977575919,9931.630801903484,301.71041604610656,100,100000,6,4474730
14,248.57231421317422,121.75443024662259,350.90950935254585,1655.8606655586982,127.3738973506691,2777.450583448476,12418.954991690236,348.48792556393005,100,100000,6,4474730
17,514.1911646904704,185.14879995759392,355.49534991974,1382.3009306792214,86.39380816745134,5245.049734860482,10367.25698009416,439.77480399673885,100,100000,6,4474730
16,409.5681646443442,49.831425847933446,335.6466964817573,1436.4828139524195,95.7655209301613,3445.4969286920823,10773.621104643147,423.46378650657545,100,100000,6,4474730
18,357.6702582081502,159.27238114303847,430.1709525178153,1635.5223238741935,96.20719552201138,3877.069795133915,12266.417429056452,443.1638268466237,100,100000,6,9944578
14,212.9800233295434,144.43333322353163,253.54279336026806,1617.6321429477307,124.43324176521006,2680.6001741480627,12132.24107210798,495.3136585262622,100,100000,6,9944578
11,537.4646896371733,103.89035690060813,393.5434286674461,1243.2037147381166,124.32037147381166,4810.1628490333605,9324.027860535874,307.53878814310485,100,100000,6,9944578
15,285.2271205574646,120.45372931048021,376.85782527784164,1733.694762619221,123.83534018708721,3042.6063740095865,13002.710719644158,444.2309348651288,100,100000,6,9944578
17,399.4059498397485,107.88394399518006,325.37882381721596,1616.866942637311,101.05418391483194,3804.6742037619642,12126.502069779832,527.701734038546,100,100000,6,9944578
20,303.7469358095715,178.28375377544987,383.96156220358927,1515.4011655076538,79.7579560793502,3615.23017188766,11365.508741307403,592.7521065219793,100,100000,6,9944578
21,443.03142952236436,219.96858543920837,375.7714187414184,1456.5739808098492,72.82869904049247,4972.500112211796,10924.30485607387,696.0542138904254,100,100000,6,9925823
20,288.5490836508068,200.6121794292104,419.95816703895525,1633.5794253155698,85.97786449029314,3668.709473100129,12251.845689866774,597.2087705971376,100,100000,6,9925823
16,580.0997471946432,116.33985615200693,354.90510636935517,1428.7711605559516,95.2514107037301,5223.297025099876,10715.783704169637,486.8021657817421,100,100000,6,9925823
12,237.40159326094712,99.10274163246902,336.27026977433036,1671.2681011896518,151.9334637445138,2523.7825117006214,12534.510758922388,334.24091895562435,100,100000,6,9925823
12,235.51344619594548,156.67658528882106,333.4403354186257,1709.5085830440917,155.40987118582652,2941.4252361357494,12821.314372830688,322.2727589259032,100,100000,6,9925823
13,244.72537950164775,122.24898152814023,383.9223354229597,1605.1476047645838,133.76230039704865,2752.3077077234097,12038.607035734378,348.5350021185722,100,100000,6,9925823
22,257.172077937297,72.40371882462325,340.10250124595564,1703.4747373091777,81.11784463377037,2471.8184757144018,12776.060529818833,601.3372961126323,100,100000,6,3820097
15,367.49741118512765,169.39632511828748,380.99939837573106,1602.4393332573482,114.45995237552486,4026.703022275614,12018.29499943011,437.84706681114847,100,100000,6,3820097
17,191.0766355624218,67.78415834045411,450.32853628516574,1515.2231900428314,94.70144937767697,1941.4559542715692,11364.173925321236,500.23911285521115,100,100000,6,3820097
11,399.83554624440177,225.55078500018496,377.2123545970737,1374.5726537565554,137.45726537565554,4690.3974843344,10309.294903174165,333.5235895049387,100,100000,6,3820097
13,464.9263650490422,74.55049754121872,411.1822867896841,1239.9490774665405,103.32908978887838,4046.076469426957,9299.618080999055,301.3204135596366,100,100000,6,3820097
15,512.1364573416706,101.20365172999608,375.1041550663891,1549.1644661441408,110.65460472458149,4600.0508180375,11618.733496081055,382.8782249750462,100,100000,6,3820097
13,68.08890671666794,110.68262986153414,251.6159336138501,1629.1748376122723,135.7645698010227,1340.7865243365156,12218.811282092043,387.1681893167705,100,100000,6,9535879
22,144.21180827286344,164.3256976217847,317.3320554679896,1653.5877185115478,78.7422723100737,2314.031294209861,12401.90788883661,646.092919672017,100,100000,6,9535879
17,240.44501691497442,133.70431831584054,387.52342297315386,1698.9272148777895,106.18295092986185,2806.120014231112,12741.954111583422,453.74798241976475,100,100000,6,9535879
12,344.62502671664873,268.6370357693421,390.43789581582564,1283.5360331308793,116.68509392098903,4599.465468644931,9626.520248481595,348.60161440679434,100,100000,6,9535879
14,484.711886678459,163.78522942937195,476.9141342354762,1307.2011463312112,100.55393433317009,4863.7283708087325,9804.008597484084,492.28167047942594,100,100000,6,9535879
16,673.4826959658393,31.84649852484742,452.8427973305307,1433.902682477657,95.59351216517713,5289.9689586801505,10754.270118582428,567.9109072483694,100,100000,6,9535879
20,389.8318535616176,73.42751706538117,367.56744318573936,1374.4770332073406,72.34089648459687,3474.4452797024906,10308.577749055054,607.6206532967096,100,100000,6,8271480
17,495.5645692664311,87.96075869440472,376.43699597440565,1407.467451414469,87.96671571340431,4376.439959706268,10556.005885608518,559.9325868340643,100,100000,6,8271480
19,504.77541177073635,87.59077363878522,371.9492416878663,1490.9012493880027,82.82784718822238,4442.746390571412,11181.75937041002,486.4384099720123,100,100000,6,8271480
14,365.8104856358231,228.0783567797896,385.3743078853395,1228.8465147745642,94.52665498265878,4454.166318117096,9216.348860809232,426.7672552740573,100,100000,6,8271480
13,331.47311447187803,131.07130483516045,354.36566676260423,1235.8550451967762,102.98792043306469,3469.0831448027884,9268.912838975823,351.46175195846183,100,100000,6,8271480
14,168.08206464981726,101.96101676663248,322.3441369350129,1536.8718357579774,118.22091044292134,2025.3231106233732,11526.53876818483,383.1162963830859,100,100000,6,8271480
16,223.92871589321925,193.19821791427657,357.0596503041632,1720.6445271802793,114.70963514535195,3128.452003556218,12904.833953852094,532.1417492554352,100,100000,6,6394530
18,408.17194632946627,171.9344203483549,400.3752448524158,1532.156041833393,90.12682599019958,4350.797750083659,11491.170313750446,499.3557220256444,100,100000,6,6394530
11,277.01189229300707,188.67976425510315,341.456334342676,1443.3330141894323,144.33330141894322,3492.6874241108267,10824.997606420742,317.38747861305063,100,100000,6,6394530
14,371.9485634790645,274.9644223861077,328.14310582645373,1457.2727279002136,112.09790214617027,4851.847393988792,10929.545459251602,387.3151071048647,100,100000,6,6394530
15,404.1063796603225,159.2755689216484,260.30594681503237,1471.956774225895,105.13976958756393,4225.364614364781,11039.675806694213,434.3933950429924,100,100000,6,6394530
16,466.4349597760472,90.41342549758544,425.2971452675142,1597.9414433874333,106.52942955916222,4176.362889552245,11984.56082540575,435.21315678700086,100,100000,6,6394530
16,280.8106450989128,89.81829001152921,415.29206644625896,1606.324072638665,107.08827150924434,2779.717013328315,12047.430544789988,328.7786012344269,100,100000,6,8372552
15,341.5168545000228,130.46757328207897,338.5647786413171,1609.8365496045074,114.98832497175053,3539.883208365763,12073.774122033805,491.1246216686927,100,100000,6,8372552
13,636.0747608409379,93.44020521751663,444.816147228028,1431.2223926335037,119.26853271945863,5471.362245438409,10734.167944751278,357.8901178710339,100,100000,6,8372552
17,351.5250395417067,82.01049772230365,315.504625155314,1686.6604149118612,105.41627593199132,3251.5165294800777,12649.953111838959,521.5570912636746,100,100000,6,8372552
14,469.36384718050357,95.57982979947124,429.5336593079796,1258.3865077076416,96.79896213135704,4237.077577349812,9437.898807807313,413.9429909714189,100,100000,6,8372552
18,341.87968954598875,131.7353038112792,414.99114948178317,1666.3057741234604,98.01798671314474,3552.11245017951,12497.293305925954,555.1920522320509,100,100000,6,8372552
9,409.5681646443442,146.7101554060179,385.1095340013289,845.3757384755369,105.67196730944211,4172.087400377716,6340.318038566526,174.00944239352907,100,100000,8,4474730
12,508.13745616678546,179.34654506109607,487.09305380647976,908.9929135080607,82.63571940982371,5156.130009209111,6817.446851310456,318.3243576810961,100,100000,8,4474730
12,447.5720860245711,184.96005821027927,398.3379292016961,930.3206684598331,84.57460622362119,4743.991081761378,6977.405013448748,262.1981144252516,100,100000,8,4474730
11,493.6890990026389,121.75443024662259,389.6186365409838,782.1825360886018,78.21825360886018,4615.826469369461,5866.369020664513,286.02940939842244,100,100000,8,4474730
12,206.76024390417263,243.3744858607561,306.5304070292482,1060.0631887034779,96.36938079122525,3376.010473236965,7950.473915276084,337.1812873831137,100,100000,8,4474730
9,639.6719573995754,152.4944418427394,367.6066771398635,837.1756068886849,104.64695086108561,5941.247994317361,6278.817051665137,269.0077737701019,100,100000,8,4474730
14,399.9394168931722,156.76310920803283,313.8131193013751,1004.8399678977241,77.29538214597878,4175.268945759038,7536.299759232931,384.23216603240627,100,100000,8,4474730
15,461.2374543540152,49.831425847933446,335.15857728511816,1016.1220030783251,72.58014307702322,3833.016601514615,7620.915023087438,398.1976589247723,100,100000,8,4474730
10,347.91725061432066,172.5437409334057,396.3014772997684,1000.3104379879259,111.14560422088066,3903.457436607948,7502.328284909444,323.2213088264871,100,100000,8,9944578
10,434.0197962820283,144.43333322353163,395.53616639015115,1001.9053622523359,111.32281802803732,4338.398471291699,7514.290216892519,336.87635858604807,100,100000,8,9944578
12,285.2271205574646,103.89035690060813,257.66458293360233,1216.0777683206113,110.55252439278284,2918.3810809355455,9120.583262404585,345.2585358686385,100,100000,8,9944578
8,567.4507619624796,120.45372931048021,324.09113834348466,716.655405650887,102.37934366441243,5159.283684547198,5374.915542381653,279.6368414667378,100,100000,8,9944578
15,350.9749760779681,107.88394399518006,375.1438973730787,966.8009114003823,69.05720795717016,3441.441900548611,7251.006835502868,417.2183653084654,100,100000,8,9944578
11,327.7691029483284,206.78318309952738,380.4716038591991,738.0575810640236,73.80575810640235,4009.1421453589182,5535.431857980177,315.7216593131534,100,100000,8,9944578
10,303.7469358095715,62.98864201150246,345.7946570943021,1150.9908980382259,127.88787755980287,2750.5168336580546,8632.431735286695,297.8670398839555,100,100000,8,9944578
10,474.9825568252739,159.27238114303847,307.3578054134606,939.7928935354489,104.42143261504988,4756.912034762343,7048.446701515867,262.0411954399011,100,100000,8,9944578
18,216.58072850446078,219.96858543920837,335.40908052350903,1126.9604804681323,66.29179296871366,3274.1198545775187,8452.203603510992,543.1166945174224,100,100000,8,9925823
14,235.51344619594548,200.6121794292104,362.1814566265517,1143.7134772818322,87.97795979091016,3270.9421921886687,8577.851079613742,370.101417842182,100,100000,8,9925823
13,362.15254403336195,116.33985615200693,314.1412021921045,1127.9366601212018,93.99472167676682,3588.6930013902665,8459.524950909014,387.264885372814,100,100000,8,9925823
8,620.3629382650412,99.10274163246902,389.67081425284255,740.4947459723222,105.78496371033175,5395.9925992313265,5553.7105947924165,225.2991531341907,100,100000,8,9925823
7,577.7573535210013,156.67658528882106,367.87612892734626,613.2100817150862,102.2016802858477,5508.2545410736675,4599.0756128631465,194.747292367546,100,100000,8,9925823
10,445.68679881768804,122.24898152814023,359.5693457728418,1028.7852949973046,114.30947722192273,4259.518352593713,7715.889712479785,262.0384697305659,100,100000,8,9925823
9,580.0997471946432,155.49351903369484,446.30885185161566,885.5361948343444,110.69202435429305,5516.949496712536,6641.521461257583,297.73734228222594,100,100000,8,9925823
6,244.72537950164775,381.98462981876935,409.02003402232475,601.2491495195543,120.24982990391086,4700.325069903129,4509.3686213966575,152.54052706532786,100,100000,8,9925823
14,613.8095858719034,72.40371882462325,365.6465613632667,907.2200280939032,69.78615600722333,5146.599785223951,6804.150210704274,399.8626443932923,100,100000,8,3820097
9,670.4366386592278,169.39632511828748,422.3841789804462,771.570045423882,96.44625567798525,6298.747228331365,5786.775340679115,251.09617942310302,100,100000,8,3820097
12,282.45934841464106,67.78415834045411,353.1904309848365,1163.0308089735909,105.73007354305372,2626.8263006632137,8722.731067301931,383.28750539713764,100,100000,8,3820097
9,464.9263650490422,225.55078500018496,434.645082958245,803.23608308116,100.404510385145,5178.578625369203,6024.2706231087,235.88852774499333,100,100000,8,3820097
8,399.83554624440177,74.55049754121872,258.5961788325637,1107.6071496942436,158.22959281346337,3557.8953283921537,8307.053622706828,226.84587688607286,100,100000,8,3820097
12,334.4190581827438,101.20365172999608,362.59543369323484,1182.2952164606938,107.48138331460854,3267.170324345549,8867.214123455204,332.69167890369624,100,100000,8,3820097
14,328.9191441656104,196.84948561368995,328.65106799876884,1079.7818964830026,83.0601458833079,3943.2647233447524,8098.36422362252,337.9120804316991,100,100000,8,3820097
10,647.5256652927477,222.20527539612755,520.4776641474973,748.610814492006,83.17897938800067,6522.982055166565,5614.581108690046,265.76066285758134,100,100000,8,3820097
5,623.7565116742254,110.68262986153414,436.6604651111623,907.7090438994788,226.9272609748697,5508.293561518196,6807.817829246092,168.49468184147798,100,100000,8,9535879
15,350.4755888756119,164.3256976217847,359.4151966593869,1079.4352240442347,77.10251600315962,3861.0096487304745,8095.76418033176,419.9903061327428,100,100000,8,9535879
11,297.07843398842664,31.84649852484742,295.31995938567314,1278.6171309683587,127.86171309683587,2466.936993849555,9589.62848226269,308.6768899512867,100,100000,8,9535879
8,375.23429866576856,268.6370357693421,395.9571798405394,976.0797254041872,139.43996077202675,4829.0350082633295,7320.597940531405,243.17878938758008,100,100000,8,9535879
10,363.02842656823793,163.78522942937195,445.4359893390095,1059.377384533606,117.70859828151177,3951.102419982074,7945.330384002044,367.8984459463812,100,100000,8,9535879
10,289.38289887699506,266.6020730667833,281.364676565472,1052.6626494763977,116.96251660848864,4169.887289578338,7894.969871072983,263.75841547040733,100,100000,8,9535879
10,532.6362725268469,93.00298659927914,310.07080545150274,978.8488247467303,108.76098052741447,4692.294443445945,7341.366185600477,345.0721967065392,100,100000,8,9535879
13,344.62502671664873,68.08890671666794,410.22669360324784,1151.4532310702705,95.95443592252253,3095.354500749875,8635.899233027028,429.68563326501726,100,100000,8,9535879
14,487.10802537015724,73.42751706538117,339.89794154082017,1051.8376785037676,80.91059065413597,4204.016568266538,7888.782588778257,402.6310197900232,100,100000,8,8271480
12,117.5272887878177,87.96075869440472,368.1676631333939,1272.9011222269507,115.7182838388137,1541.160356116668,9546.75841670213,402.1478536125075,100,100000,8,8271480
13,493.6242456297618,87.59077363878522,337.5662082149061,1037.166602198863,86.4305501832386,4359.112644514103,7778.749516491473,332.9371934508411,100,100000,8,8271480
12,168.08206464981726,101.96101676663248,364.63587295472786,1256.2990831899633,114.20900756272394,2025.3231106233732,9422.243123924725,339.2280315806992,100,100000,8,8271480
12,383.0819695619484,241.43159846751695,416.13443659022,991.8406621802736,90.16733292547941,4683.85176022099,7438.804966352052,294.6435609755346,100,100000,8,8271480
11,333.0347383248185,166.5278613009356,401.77595949226014,1119.783222117568,111.97832221175679,3746.7194971931553,8398.37416588176,301.6688964741343,100,100000,8,8271480
8,481.10606514555735,222.16785658063787,323.0320803424977,699.1765883702691,99.8823697671813,5274.554412946464,5243.824412777019,247.85458875180498,100,100000,8,8271480
10,495.5645692664311,131.07130483516045,325.86902929465714,898.0076215167073,99.77862461296748,4699.769055761936,6735.057161375305,322.1977972081472,100,100000,8,8271480
9,623.6497651656963,193.19821791427657,368.45268048613167,567.7144150509856,70.9643018813732,6126.3598730997965,4257.858112882393,328.4146005223858,100,100000,8,6394530
10,470.4101662388275,171.9344203483549,321.67724403463933,825.0884647734364,91.67649608593737,4817.584399403869,6188.163485800773,303.27902524146253,100,100000,8,6394530
10,230.16201107194104,188.67976425510315,263.4503376388162,1098.4994170037362,122.0554907781929,3141.313314952831,8238.745627528022,275.8170615638327,100,100000,8,6394530
9,269.2919789550554,274.9644223861077,364.4486127080387,930.2280010655168,116.2785001331896,4081.923010058724,6976.710007991376,236.71260474987986,100,100000,8,6394530
8,473.9147111726571,159.2755689216484,279.0491586539734,997.1796159065219,142.45423084378885,4748.927100707291,7478.847119298915,255.75277031099301,100,100000,8,6394530
10,547.1712016824272,185.57815097483194,353.4940241818375,890.0939520244511,98.8993280027168,5495.620144929443,6675.704640183383,297.0465173125816,100,100000,8,6394530
11,213.62176425944995,90.41342549758544,386.72935260959656,1220.7825754637806,122.07825754637807,2280.2639231777653,9155.869315978354,304.6967185933012,100,100000,8,6394530
8,436.6180827997214,116.42997160506894,417.0311910321309,1080.9214728563904,154.41735326519864,4147.860408035927,8106.911046422928,225.83779107842204,100,100000,8,6394530
12,397.56180299347585,89.81829001152921,434.7227367436899,1145.562402597806,104.14203659980056,3655.350697537538,8591.718019483546,236.7917786142629,100,100000,8,8372552
9,381.69059191975776,130.46757328207897,398.53862179388074,986.1331423142376,123.2666427892797,3841.1862390137753,7395.998567356782,267.11116981372885,100,100000,8,8372552
8,469.36384718050357,190.75840029427715,429.3694361897201,974.6169295572158,139.23098993674512,4950.916856060855,7309.6269716791185,224.92786758266314,100,100000,8,8372552
13,389.57999624100347,82.01049772230365,273.4119031939426,1090.1432117838751,90.84526764865626,3536.9287047248035,8176.074088379063,366.10804726608876,100,100000,8,8372552
10,617.1237904707135,95.57982979947124,363.61432986551995,911.1994380836609,101.24438200929565,5345.277152026385,6833.995785627457,286.0309334780649,100,100000,8,8372552
10,440.51067739919677,218.74826948538828,422.5276318965942,952.9819333097934,105.88688147886593,4944.442101634388,7147.36449982345,365.7275444004323,100,100000,8,8372552
13,253.02699084289654,178.52631148246334,354.04195886444785,1138.5835025081522,94.88195854234601,3236.649767440199,8539.376268811142,418.49962820424633,100,100000,8,8372552
11,341.87968954598875,98.88752376977507,401.53610211127324,1142.9635147847932,114.29635147847932,3305.7540998682284,8572.226360885948,319.00329422695745,100,100000,8,8372552
5,474.30115157404117,146.7101554060179,334.0628606148149,597.451859725344,149.362964931336,4657.584802350443,4480.88894794008,147.00804956922917,100,100000,10,4474730
10,570.4957910610049,190.04151745898727,462.71946005358166,538.5924740535007,59.843608228166744,5704.0298138999415,4039.4435554012553,235.04858390357194,100,100000,10,4474730
5,447.5720860245711,277.1107480262205,378.09317571257685,593.1353120219121,148.28382800547803,5435.121255380937,4448.514840164341,109.94068415900402,100,100000,10,4474730
8,493.6890990026389,121.75443024662259,413.669284774763,645.2461765809916,92.17802522585593,4615.826469369461,4839.346324357437,220.8347500161442,100,100000,10,4474730
12,292.88307489640783,235.53750614549836,320.19421593998305,745.6760802451804,67.78873456774367,3963.1543578142964,5592.570601838853,257.09040970279557,100,100000,10,4474730
8,184.96005821027927,152.4944418427394,282.50277679103306,919.4648760789198,131.35212515413141,2530.9087503976402,6895.986570591898,173.43903079853322,100,100000,10,4474730
9,248.57231421317422,192.55300993764715,296.347548505138,822.3688296594603,102.79610370743254,3308.4399311311604,6167.766222445952,232.49834928065258,100,100000,10,4474730
6,494.47295678303544,49.831425847933446,334.7474939453298,724.4826945333234,144.8965389066647,4082.282869732267,5433.620208999926,157.94797462740203,100,100000,10,4474730
13,322.0643555757218,179.34654506109607,365.50261157669013,747.6777670416086,62.30648058680072,3760.5817547761335,5607.5832528120645,383.23676541121,100,100000,10,4474730
8,264.6890739813952,185.14879995759392,325.04082207708893,750.796546080132,107.25664944001885,3373.7840545424183,5630.97409560099,233.09560144206617,100,100000,10,4474730
7,567.4507619624796,172.5437409334057,395.6946329169687,492.8827705420725,82.14712842367875,5549.958771719141,3696.6207790655435,238.6702818052398,100,100000,10,9944578
8,350.9749760779681,144.43333322353163,321.3216341347412,777.4894206827886,111.06991724039837,3715.562319761248,5831.1706551209145,259.39250822538105,100,100000,10,9944578
9,228.68470373661023,103.89035690060813,232.47885988623375,943.7912421325046,117.97390526656308,2494.3129547791377,7078.434315993784,263.4666181278893,100,100000,10,9944578
7,416.6134583521109,62.98864201150246,278.40343265041577,721.7284054060232,120.28806756767052,3597.0157527271003,5412.9630405451735,231.9949941407836,100,100000,10,9944578
10,498.5010879403788,107.88394399518006,361.25809807268814,667.5095760252098,74.16773066946774,4547.887739516691,5006.321820189073,281.27816605524146,100,100000,10,9944578
9,339.37947463540934,206.78318309952738,409.25277434106624,708.3237967049546,88.54047458811932,4096.219933012026,5312.428475287159,265.6177568604277,100,100000,10,9944578
6,478.66702009524846,178.28375377544987,418.9562721772422,645.4353855002387,129.08707710004774,4927.130804030237,4840.76539125179,194.45030416112968,100,100000,10,9944578
7,184.27955198200323,159.27238114303847,346.01687036033115,855.3024383823761,142.5504063970627,2576.639498437813,6414.768287867821,186.16483504907083,100,100000,10,9944578
8,285.2271205574646,209.11472036758377,358.6051249911452,803.2867524149875,114.75525034499822,3707.563806937863,6024.650643112406,248.26959577970368,100,100000,10,9944578
7,584.8945102323503,120.45372931048021,370.8523059832508,574.7689166008604,95.79481943347673,5290.111796571228,4310.766874506453,207.0614248784214,100,100000,10,9944578
10,362.15254403336195,227.47032409291285,335.87003994876113,691.8632405455825,76.8736933939536,4422.1715109470615,5188.974304091868,308.1013848842442,100,100000,10,9925823
12,314.9766698122372,200.6121794292104,408.89387198028106,732.4261689180729,66.58419717437026,3866.916369310857,5493.196266885547,327.02742352002235,100,100000,10,9925823
10,240.18574248064698,116.33985615200693,292.5800711376932,842.4495744855874,93.60550827617638,2673.9419897449043,6318.371808641906,267.0554968841545,100,100000,10,9925823
7,244.72537950164775,99.10274163246902,301.5106720515881,844.9842398555116,140.83070664258528,2578.710908505876,6337.381798916337,153.73759554864955,100,100000,10,9925823
7,442.4666820499593,156.67658528882106,367.87612892734626,627.1635805623794,104.52726342706323,4493.574505040852,4703.726854217845,194.747292367546,100,100000,10,9925823
7,468.8614542363497,168.10777912304764,359.24567728883045,636.2477696748906,106.0412949458151,4777.26925019548,4771.85827256168,178.67877491629446,100,100000,10,9925823
5,535.0064227876858,155.49351903369484,411.48915865026464,616.3535732125679,154.08839330314197,5178.749563660354,4622.651799094259,191.12305305897323,100,100000,10,9925823
5,376.7124251353017,381.98462981876935,441.8789649264601,456.4973593946145,114.12433984865362,5690.227912155533,3423.7301954596087,135.3688535190721,100,100000,10,9925823
12,187.75220517590407,219.96858543920837,364.45848003385896,856.2643600733774,77.84221455212521,3057.9059296133432,6421.98270055033,354.9602553269608,100,100000,10,9925823
8,513.0379363607768,122.24898152814023,325.6467861798872,636.9238118723815,90.98911598176879,4764.651884166878,4776.928589042862,286.06378977412857,100,100000,10,9925823
6,397.81261782491015,154.69714300549947,452.2383606719249,758.7259606304642,151.74519212609283,4143.823206228072,5690.444704728481,149.83369503292596,100,100000,10,3820097
6,564.5567743935512,169.39632511828748,349.3522228032698,572.1473382971055,114.4294676594211,5504.64824633879,4291.105037228292,190.55147281220198,100,100000,10,3820097
7,303.69887910784814,191.0766355624218,363.04262046968546,651.2432437138566,108.5405406189761,3710.8163600270245,4884.324327853925,204.53305230984876,100,100000,10,3820097
5,427.36977276098327,225.55078500018496,446.3034126769755,653.5991605161983,163.39979012904956,4896.904183208761,4901.993703871487,156.72484285005615,100,100000,10,3820097
8,299.31069961261187,74.55049754121872,223.79050883489015,919.0145815080687,131.28779735829553,2803.9589786537294,6892.609361310515,179.369273705154,100,100000,10,3820097
7,334.4190581827438,147.2535808609566,382.7220111210532,812.4614188792743,135.41023647987905,3612.544792827753,6093.460641594557,216.6178331392179,100,100000,10,3820097
12,475.6211385998822,162.47980185386686,350.24239965304577,639.7156114518395,58.15596467743996,4785.757053403118,4797.867085888796,326.5186382712403,100,100000,10,3820097
7,373.5689643139188,222.20527539612755,423.4197976386305,684.2888719271947,114.04814532119912,4468.3067978253475,5132.1665394539605,197.25207128733442,100,100000,10,3820097
9,211.18751174148147,72.40371882462325,347.1079920481709,1014.5937015959462,126.82421269949327,2126.9342292457854,7609.452761969596,244.95233010279108,100,100000,10,3820097
7,591.4647260161286,67.78415834045411,416.8047235643634,643.405398230448,107.234233038408,4944.3666326743705,4825.54048672836,194.3169388697541,100,100000,10,3820097
11,439.38709150520003,110.68262986153414,426.7499549708989,726.9613741944013,72.69613741944013,4125.522910250506,5452.21030645801,356.076961758039,100,100000,10,9535879
8,445.84656113579354,164.3256976217847,310.876541860985,688.0943705703019,98.29919579575741,4576.291940681836,5160.707779277264,234.6694438429934,100,100000,10,9535879
7,486.1242233492836,31.84649852484742,293.74840958846426,556.9969222870735,92.83282038117892,3884.780414055983,4177.4769171530515,220.81646027276437,100,100000,10,9535879
5,583.0508797537858,268.6370357693421,374.6692078977536,327.631296099299,81.90782402482475,6387.65936642346,2457.2347207447424,128.2940825315568,100,100000,10,9535879
7,375.23429866576856,163.78522942937195,387.55045983792536,624.014496150815,104.00241602513584,4042.6464607135536,4680.108721131112,248.89171679424993,100,100000,10,9535879
5,294.29884729580374,266.6020730667833,294.3108297772754,727.4912468369806,181.87281170924516,4206.756902719403,5456.184351277355,153.4757315695008,100,100000,10,9535879
4,144.21180827286344,187.61292556156778,336.6536935436776,914.629140830149,304.87638027671636,2488.685503758234,6859.7185562261175,140.71823616769854,100,100000,10,9535879
8,404.4547699539369,93.00298659927914,304.96139974994463,785.7392334432234,112.24846192046049,3730.93317414912,5893.044250824176,211.88844645650482,100,100000,10,9535879
4,654.5903833703643,344.62502671664873,533.6185390475399,314.7656098393097,104.92186994643657,7494.115575652597,2360.7420737948228,115.3022645273428,100,100000,10,9535879
12,297.07843398842664,68.08890671666794,357.4432455713136,874.1364769851245,79.46695245319314,2738.7550552882094,6556.023577388434,445.5464355749144,100,100000,10,9535879
11,372.99706511778965,73.42751706538117,290.22487434025174,836.0606509860163,83.60606509860163,3348.184366373781,6270.454882395123,314.2768423797664,100,100000,10,8271480
12,414.0445894973806,87.96075869440472,332.91595809885655,770.6964852511041,70.06331684100947,3765.04011143839,5780.223639383281,412.7153480873678,100,100000,10,8271480
7,326.7947787760128,87.59077363878522,353.13548081745876,885.4066700919125,147.56777834865207,3107.8916431109847,6640.550025689344,231.63961410241356,100,100000,10,8271480
6,492.37000095745856,101.96101676663248,321.9052807616668,640.5475870195622,128.10951740391243,4457.4826329306825,4804.106902646717,222.66357745531334,100,100000,10,8271480
9,257.9020093346958,241.43159846751695,357.052794852367,804.8154289003382,100.60192861254228,3745.0020585165953,6036.115716752537,181.01921662800262,100,100000,10,8271480
8,117.5272887878177,166.5278613009356,350.96014812233426,979.7980720574517,139.97115315106453,2130.4136256656498,7348.485540430887,237.79177644274424,100,100000,10,8271480
8,331.47311447187803,222.16785658063787,317.7333632242552,665.3881619614859,95.0554517087837,4152.307282893869,4990.411214711145,230.233834299655,100,100000,10,8271480
7,493.6242456297618,131.07130483516045,313.7384310890611,665.2030908677741,110.86718181129568,4685.216628486916,4989.023181508306,199.4313275806977,100,100000,10,8271480
8,573.440650568373,168.08206464981726,409.2713229060285,566.6722603478371,80.95318004969101,5561.420364136427,4250.041952608778,170.7827669272799,100,100000,10,8271480
6,547.8969586715473,272.05215805290214,416.47187704533206,411.3072765269012,82.26145530538024,6149.618375433371,3084.8045739517593,180.55919295369182,100,100000,10,8271480
6,453.92943114643293,219.80313905065498,372.3317781224002,629.4204113322021,125.88408226644042,5052.994276478159,4720.653084991516,216.38462185462734,100,100000,10,6394530
9,395.68283801870535,171.9344203483549,222.4142827066092,728.400831387731,91.05010392346638,4257.129437752952,5463.006235407983,251.06573626290518,100,100000,10,6394530
6,185.57815097483194,188.67976425510315,326.02618591831623,923.6045791708805,184.72091583417608,2806.934364224513,6927.034343781604,167.70002168717662,100,100000,10,6394530
8,502.6509479220032,193.19821791427657,367.7598571171994,509.3567104042688,72.76524434346697,5218.868743772098,3820.1753280320163,203.4336088767928,100,100000,10,6394530
10,118.10680802300975,185.96148503076643,273.85479857606435,949.4528849409136,105.49476499343484,2280.5121979033215,7120.896637056851,263.70027285328644,100,100000,10,6394530
4,547.1712016824272,349.4820046667019,460.7900227159108,419.25824169543114,139.7527472318104,6724.899047618468,3144.4368127157336,89.07625430554586,100,100000,10,6394530
7,506.95127096309534,90.41342549758544,415.07913920922283,707.1349241060682,117.85582068434469,4480.235223455105,5303.511930795511,215.0210975439396,100,100000,10,6394530
6,470.4101662388275,137.39439692843226,327.6206416041837,695.3448548545676,139.06897097091354,4558.534223754448,5215.086411409257,208.67620719065485,100,100000,10,6394530
6,560.6886603336391,159.2755689216484,364.2845395640131,585.9913219379571,117.19826438759142,5399.731719414656,4394.934914534678,190.17035674304577,100,100000,10,6394530
6,269.2919789550554,272.28712341879316,357.2964448427458,724.8650782113583,144.97301564227166,4061.843267803865,5436.488086585187,218.6648298265739,100,100000,10,6394530
5,591.3991621158026,89.81829001152921,418.41438920252824,629.5217442745212,157.3804360686303,5109.130890954989,4721.413082058909,138.4002291266124,100,100000,10,8372552
7,462.2125245643487,130.46757328207897,342.740899541181,689.5313579770021,114.92189299616702,4445.100733848208,5171.485184827516,227.88739334021338,100,100000,10,8372552
7,462.1193596454075,95.57982979947124,273.99043842041465,682.7801171114337,113.79668618523895,4182.74392083659,5120.850878335753,203.21923247131147,100,100000,10,8372552
12,426.2134140845139,82.01049772230365,274.36552962901277,767.7677582045696,69.79706892768814,3811.679338551132,5758.258186534273,357.21666236056626,100,100000,10,8372552
8,351.5250395417067,277.717557178464,413.23783180665464,603.7968532425705,86.2566933203672,4719.31947540128,4528.476399319278,216.04051231766678,100,100000,10,8372552
8,279.86735252790993,246.96067156403868,365.4496409998877,762.0138611769635,108.8591230252805,3951.2101806896144,5715.103958827226,234.55835331635691,100,100000,10,8372552
8,450.99574696726097,178.52631148246334,332.21419459588765,658.2773795660369,94.03962565229098,4721.415438372933,4937.080346745277,268.7420012538889,100,100000,10,8372552
8,341.87968954598875,98.88752376977507,372.4812154717454,786.0021625074942,112.28602321535631,3305.7540998682284,5895.016218806206,212.89780387984453,100,100000,10,8372552
7,341.5168545000228,280.8106450989128,411.209086149428,596.6068733582836,99.43447889304726,4667.456246992017,4474.551550187127,161.60842021747555,100,100000,10,8372552
8,477.1533161802659,253.02699084289654,461.085828322604,573.3333668227817,81.90476668896882,5476.352302673718,4300.000251170863,187.74464112417368,100,100000,10,8372552
15,262.43115636229965,13.37618341005168,327.9922126028487,1331.8136888917675,95.12954920655481,2068.555048292635,9988.602666688255,417.2279041186447,200,25000,2,4474730
20,303.5345391565097,16.568925504856445,335.7380024026246,1266.3388970929077,66.64941563646883,2400.775984960246,9497.541728196808,582.1338243274922,200,25000,2,4474730
27,152.9046067783632,99.68248932791468,290.69257178531564,1314.1063703514176,50.54255270582375,1894.403220797084,9855.797777635631,747.2138271084066,200,25000,2,9944578
19,233.39474613435883,143.25983260964702,318.9613176740105,1221.5944934969723,67.8663607498318,2824.909340580044,9161.958701227291,511.64559162458545,200,25000,2,9944578
19,288.5490836508068,34.122201269643035,351.8875236194972,1269.5742372649052,70.53190207027251,2420.0346369033737,9521.80677948679,546.5558640976959,200,25000,2,9925823
14,472.0212833499035,121.4209017180872,352.524006170916,1021.8398049933339,78.60306192256415,4450.816388009931,7663.798537450004,379.7605335412155,200,25000,2,9925823
15,368.82013830863184,69.52358345650738,375.5656417398739,1172.0121179173336,83.71515127980955,3287.577913238544,8790.090884380003,420.64057516147733,200,25000,2,3820097
20,327.92133785923994,65.16032184258326,288.8181940367471,1192.7845569207211,62.778134574774796,2948.112447763674,8945.884176905409,582.4627890362316,200,25000,2,3820097
21,383.8424859108936,31.84649852484742,233.46114967367134,1178.197644411625,58.90988222058125,3117.667383268057,8836.482333087188,544.6055732627009,200,25000,2,9535879
20,277.7366748894279,68.08890671666794,288.0074951870213,1230.775716546227,64.77766929190668,2593.691862045719,9230.817874096701,638.1377866166767,200,25000,2,9535879
27,209.48714886185888,78.18233191857247,335.11395369705815,1261.591202463197,48.52273855627681,2157.521105853235,9461.934018473978,848.0196897875819,200,25000,2,8271480
16,101.96101676663248,100.4069232280678,228.62717382828822,1403.902710243764,93.59351401625094,1517.7595499602521,10529.27032682823,362.6208760908624,200,25000,2,8271480
18,420.47551252669547,120.34154853412619,349.36808405378815,1049.5834003030905,61.74020001782885,4056.1279579561624,7871.875502273178,561.9572837272947,200,25000,2,6394530
23,198.51234454101225,130.2517727037665,364.731390171698,1240.771884107809,56.39872200490041,2465.7308793358407,9305.789130808567,706.4488708059503,200,25000,2,6394530
14,218.74826948538828,95.57982979947124,235.96093590490497,1308.9936957428172,100.69182274944748,2357.460744636446,9817.452718071128,316.37080440392526,200,25000,2,8372552
12,469.36282288018697,98.88752376977507,319.24158246217013,1047.1900541985078,95.19909583622798,4261.877599874715,7853.925406488808,383.1798659237065,200,25000,2,8372552
11,152.4944418427394,49.831425847933446,260.4997737421936,871.1816129570993,87.11816129570994,1517.4440076800463,6533.862097178245,275.5513179709436,200,25000,3,4474730
7,489.66109399264826,34.45251926436558,248.63618542329286,558.7904272458853,93.13173787431423,3930.852099427604,4190.92820434414,195.319804960945,200,25000,3,4474730
6,446.48888131837714,13.37618341005168,283.2969970560993,627.8989183229818,125.57978366459636,3448.9879854632163,4709.241887422363,173.5202453410191,200,25000,3,4474730
10,299.996273231127,99.68248932791468,300.60230141251327,671.2025719823932,74.57806355359925,2997.590719192813,5034.019289867949,291.00571500784815,200,25000,3,9944578
12,233.39474613435883,143.25983260964702,293.8182918055327,687.6679090951301,62.515264463193645,2824.909340580044,5157.509318213476,343.54644580673937,200,25000,3,9944578
12,172.5437409334057,62.98864201150246,221.11274655046336,816.5525893961683,74.23205358146984,1766.4928720868113,6124.1444204712625,414.4443856901917,200,25000,3,9944578
6,300.1127183651303,34.122201269643035,311.87467033800925,752.7786412694171,150.55572825388342,2506.7618972608,5645.8398095206285,175.3193284902099,200,25000,3,9925823
8,314.9766698122372,121.4209017180872,298.0963108113615,638.7323438857204,91.24747769796006,3272.981786477433,4790.492579142903,230.9690657544552,200,25000,3,9925823
12,219.96858543920837,135.05402000642755,264.72540212435734,719.2611065855896,65.38737332596268,2662.6695408422693,5394.458299391922,253.0158851859459,200,25000,3,9925823
5,447.54839576749043,69.52358345650738,317.1127254710551,573.7185091253125,143.42962728132812,3878.0398441799834,4302.888818439844,140.78350373018503,200,25000,3,3820097
8,222.32260558968696,74.55049754121872,268.6447471406119,781.5769209024098,111.65384584320141,2226.548273481793,5861.826906768074,219.84064612729054,200,25000,3,3820097
8,483.8935970769919,95.87465261324793,246.99010182415608,500.95540572522896,71.565057960747,4348.261872676799,3757.165542939217,200.8494408351254,200,25000,3,3820097
14,72.40143823891783,36.142679920413656,257.49922630107324,939.1405883559736,72.24158371969028,814.0808861949862,7043.554412669802,456.57909344438747,200,25000,3,9535879
10,146.1046348632505,68.08890671666794,281.8623799412346,848.9808530881091,94.33120589867879,1606.4515618493883,6367.356398160819,335.03944055831016,200,25000,3,9535879
14,246.08206990362368,31.84649852484742,222.21882534385676,776.5161702118925,59.7320130932225,2084.464263213533,5823.871276589193,368.37198863013094,200,25000,3,9535879
13,335.72150900817854,78.18233191857247,286.6317113104028,647.7380361071196,53.9781696755933,3104.2788069506323,4858.035270803397,362.7689697155242,200,25000,3,8271480
12,398.5183929737152,73.42751706538117,240.91897237859857,603.308185610255,54.846198691841366,3539.594325293223,4524.811392076913,264.33068968905764,200,25000,3,8271480
13,139.81799746300186,87.96075869440472,185.36586425857396,834.7643215181445,69.56369345984537,1708.3406711805494,6260.732411386083,303.8100435685488,200,25000,3,8271480
8,367.82602758068316,120.34154853412619,364.92370951592636,582.5916963934853,83.22738519906933,3661.25682086107,4369.43772295114,279.4830635171667,200,25000,3,6394530
10,226.71847669953874,130.2517727037665,258.60146178284555,713.8832538384454,79.32036153760504,2677.2768705247895,5354.124403788341,289.4100736198327,200,25000,3,6394530
10,192.05932245494853,91.26927730293039,325.1702370497139,788.3260688966723,87.59178543296359,2124.964498184092,5912.445516725042,275.87792732319616,200,25000,3,6394530
10,323.45998905950785,95.57982979947124,191.2494101093539,655.7140519102788,72.85711687891987,3142.798641442343,4917.855389327091,261.6409135749928,200,25000,3,8372552
9,365.2053696918526,98.88752376977507,292.1914814437674,610.223495663701,76.27793695796262,3480.6967009622076,4576.676217477758,270.36363175605953,200,25000,3,8372552
11,120.47438388925033,82.01049772230365,186.5946805552696,864.3946039799964,86.43946039799964,1518.6366120866548,6482.9595298499735,328.68019003052916,200,25000,3,8372552
7,193.39575656136637,49.831425847933446,223.62278615754917,554.1121740158684,92.35202900264473,1824.2038680697485,4155.841305119013,156.4106567387428,200,25000,4,4474730
8,303.0883978320296,83.84249464932493,262.03980758543173,416.3919307413372,59.48456153447675,2901.981693610159,3122.939480560029,209.49663451627973,200,25000,4,4474730
11,184.96005821027927,13.37618341005168,198.56516498797183,591.6933128140577,59.16933128140577,1487.5218121524822,4437.699846105433,263.0366675106906,200,25000,4,4474730
8,121.75443024662259,34.45251926436558,124.79066836057395,642.0357424789098,91.71939178270141,1171.5521213324114,4815.268068591824,239.57052180780627,200,25000,4,4474730
8,246.31878858476284,99.68248932791468,240.12277651073674,454.99441148628375,64.99920164089768,2595.0095843450817,3412.458086147128,240.37877173352194,200,25000,4,9944578
7,143.25983260964702,202.90466287411024,269.8361810729038,450.5556475356127,75.09260792260211,2596.2337161281794,3379.1673565170954,222.80850332186554,200,25000,4,9944578
7,91.6277346480139,62.98864201150246,165.63710255635138,639.9595866763607,106.65993111272678,1159.6228249463727,4799.696900072705,235.03911266152073,200,25000,4,9944578
5,231.48234166197594,185.82595823092683,220.6688898386529,395.8986245527413,98.97465613818532,3129.8122491967706,2969.2396841455597,147.8286628490031,200,25000,4,9944578
6,219.96858543920837,34.122201269643035,178.00631907685428,547.3470485767293,109.46940971534586,1905.6809003163855,4105.10286432547,203.00440944645953,200,25000,4,9925823
6,342.00428522857857,22.645572025246103,191.62368294847462,445.01109859382507,89.00221971876502,2734.873929403685,3337.583239453688,164.53193731587575,200,25000,4,9925823
6,286.8901728291016,99.10274163246902,170.96800047697897,422.3269834693201,84.46539669386402,2894.9468584617794,3167.452376019901,154.66045217149107,200,25000,4,9925823
7,156.67658528882106,135.05402000642755,232.20425096354737,511.8300116744225,85.30500194573709,2187.9795397143644,3838.725087558169,201.6481277084325,200,25000,4,9925823
5,368.82013830863184,69.52358345650738,207.6510839080479,373.30982892924453,93.32745723231113,3287.577913238544,2799.823716969334,131.34630155121386,200,25000,4,3820097
10,67.78415834045411,65.16032184258326,171.29240878609704,650.8335417471369,72.3148379719041,997.0836013727803,4881.251563103527,303.67214578494645,200,25000,4,3820097
6,374.35778567034833,95.87465261324793,214.23406550480843,335.2601895986924,67.05203791973848,3526.743287126972,2514.451421990193,144.42450708369373,200,25000,4,3820097
10,80.7396638769323,147.2535808609566,211.5134103802863,558.8539753048607,62.09488614498452,1709.9493355341667,4191.404814786455,336.84174163127443,200,25000,4,3820097
6,286.6537470280751,36.142679920413656,153.3208099145189,473.7489813953417,94.74979627906833,2420.973202113665,3553.1173604650626,173.01477950029692,200,25000,4,9535879
6,277.7366748894279,68.08890671666794,255.22991039351336,449.17456929068896,89.8349138581378,2593.691862045719,3368.8092696801673,216.57674955168926,200,25000,4,9535879
5,292.81946942209584,31.84649852484742,178.15851029229958,476.86575184323044,119.21643796080761,2434.9947596020747,3576.4931388242285,130.45814241798732,200,25000,4,9535879
8,110.68262986153414,139.87418438156558,216.47064471299822,531.8495941111664,75.97851344445235,1879.176106823248,3988.871955833748,207.87652404958098,200,25000,4,9535879
8,332.5365798125568,78.18233191857247,226.47253963338537,389.91180874756117,55.70168696393731,3080.3918379834695,2924.338565606709,242.90286638603718,200,25000,4,8271480
6,250.2563662270104,73.42751706538117,142.0673796445764,446.1466114242205,89.2293222848441,2427.629124692937,3346.099585681654,118.0464796064286,200,25000,4,8271480
8,222.16785658063787,101.96101676663248,202.67594145547866,470.1681649381585,67.16688070545122,2430.966550104528,3526.2612370361885,221.07224814020333,200,25000,4,8271480
9,241.43159846751695,87.96075869440472,225.58629294769904,457.0464753809174,57.130809422614675,2470.4426787144125,3427.8485653568805,229.50725210948053,200,25000,4,8271480
7,291.99195321368364,120.34154853412619,276.8517587128846,374.60142372440157,62.4335706207336,3092.5012631085738,2809.5106779330117,231.60343391701878,200,25000,4,6394530
6,381.93396676341183,130.2517727037665,258.74144120567377,294.42508967776894,58.88501793555379,3841.3930460038373,2208.1881725832673,198.11714822476918,200,25000,4,6394530
5,235.45883317429488,261.8648963939742,266.4430196081754,319.96034792754995,79.99008698188749,3729.927971762018,2399.7026094566245,103.18715223620802,200,25000,4,6394530
4,338.6460629534046,91.26927730293039,216.35856470420322,383.48085161847393,127.8269505394913,3224.3650519225125,2876.1063871385545,135.94478310043831,200,25000,4,6394530
8,351.3925798506604,93.44020521751663,209.42891811787072,350.7595656143369,50.1085093734767,3336.2458880113277,2630.696742107527,280.65158058996553,200,25000,4,8372552
7,89.81829001152921,98.88752376977507,173.01681823698823,594.6366406388656,99.10610677314428,1415.2936033597823,4459.774804791492,256.3463016918233,200,25000,4,8372552
6,290.7542676835445,82.01049772230365,207.40189832320638,427.76481170525153,85.5529623410503,2795.735740543861,3208.2360877893866,194.7642308556324,200,25000,4,8372552
8,309.0064654326794,130.46757328207897,213.62756780621532,360.32788787800285,51.47541255400041,3296.055290360688,2702.4591590850214,187.55099672663053,200,25000,4,8372552
7,150.9592125604664,49.831425847933446,165.67279267829062,425.55901616746627,70.9265026945777,1505.9297880629988,3191.692621255997,194.71489797070174,200,25000,5,4474730
5,303.5345391565097,83.84249464932493,193.32339684755644,252.0692107655654,63.01730269139135,2905.3277535437596,1890.5190807417405,123.80654011426742,200,25000,5,4474730
6,248.57231421317422,13.37618341005168,132.0389791971003,374.80340628084224,74.96068125616844,1964.613732174194,2811.025547106317,159.0892167552982,200,25000,5,4474730
4,250.1998166478694,34.45251926436558,139.72530200039927,359.2102417347925,119.73674724493083,2134.8925193417626,2694.0768130109436,125.1181710794119,200,25000,5,4474730
6,264.5085528675308,16.568925504856445,213.37040912145525,356.23663278554477,71.24732655710895,2108.0810877929043,2671.7747458915856,143.5813398383061,200,25000,5,4474730
5,211.2121970822448,99.68248932791468,182.38894267837966,340.00727244398365,85.00181811099591,2331.7101480761958,2550.0545433298776,116.72742463585783,200,25000,5,9944578
5,143.25983260964702,202.90466287411024,210.97207039297572,287.51945176676026,71.87986294169006,2596.2337161281794,2156.395888250702,182.1279907199044,200,25000,5,9944578
5,91.6277346480139,128.68927209700703,167.96688817381022,427.08691469241126,106.77172867310281,1652.377550587657,3203.1518601930843,123.42270514883509,200,25000,5,9944578
4,184.85733240644603,172.5437409334057,229.7327250741818,290.0130163718786,96.67100545729288,2680.508050048888,2175.0976227890897,118.07704314277797,200,25000,5,9944578
5,250.1734163368243,62.98864201150246,191.8616339646705,320.3641511964979,80.09103779912448,2348.715437612451,2402.7311339737344,198.43184592029007,200,25000,5,9944578
5,181.24480997379368,34.122201269643035,155.20557232913893,428.445555198357,107.11138879958925,1615.2525843257754,3213.3416639876773,146.1029302187118,200,25000,5,9925823
3,320.42561450933687,121.4209017180872,199.11334508703965,213.1485206016055,106.57426030080275,3313.8488717056803,1598.6139045120412,70.7158231388749,200,25000,5,9925823
4,298.7956469068273,22.645572025246103,212.12928356045546,316.36008608387465,105.45336202795822,2410.8091419905504,2372.70064562906,76.15951152363856,200,25000,5,9925823
5,200.6121794292104,116.33985615200693,194.74860874612628,312.3652419758502,78.09131049396255,2377.14026685913,2342.7393148188767,160.9680410624436,200,25000,5,9925823
4,311.1963762126959,135.05402000642755,227.06433384522347,181.25902775222877,60.41967591740959,3346.877971643426,1359.442708141716,78.46270238535556,200,25000,5,9925823
6,169.39632511828748,69.52358345650738,184.29415693457824,405.27154687077586,81.05430937415517,1791.8993143109615,3039.536601530819,133.8931773765124,200,25000,5,3820097
5,303.69887910784814,65.16032184258326,149.86809936444376,274.17033882281567,68.54258470570392,2766.444007128235,2056.2775411711173,159.4746136349438,200,25000,5,3820097
6,101.20365172999608,154.69714300549947,171.56472163089765,391.3169854002397,78.26339708004794,1919.2559605162164,2934.8773905017974,136.46153946912614,200,25000,5,3820097
3,322.1465642857979,147.2535808609566,218.90350217002162,179.79627769415328,89.89813884707664,3520.501088600659,1348.4720827061496,97.44697487658141,200,25000,5,3820097
6,80.7396638769323,95.87465261324793,176.46697204736756,451.723178210671,90.3446356421342,1324.6073736763517,3387.9238365800325,242.60424926157705,200,25000,5,3820097
6,190.55073259453576,36.142679920413656,168.98739504374285,376.99058042767285,75.39811608553457,1700.2005938621205,2827.4293532075462,168.84554044142973,200,25000,5,9535879
5,112.6983322847228,68.08890671666794,165.32954267343572,458.4756934518794,114.61892336296985,1355.9042925104304,3438.5677008890957,176.322302709097,200,25000,5,9535879
6,266.6020730667833,31.84649852484742,214.56618230295692,342.1951995194427,68.43903990388854,2238.3642869372306,2566.4639963958202,159.45776207638937,200,25000,5,9535879
3,163.78522942937195,139.87418438156558,163.75744645750174,344.696431413431,172.3482157067155,2277.4456035820313,2585.2232356007326,98.10907720560044,200,25000,5,9535879
5,144.21180827286344,72.40143823891783,173.06100096987262,429.02575963733585,107.25643990933396,1624.5993488383594,3217.693197280019,131.50847685740558,200,25000,5,9535879
4,100.4069232280678,78.18233191857247,119.56785713836635,474.1514463078638,158.05048210262126,1339.4194135998018,3556.1358473089786,94.891841555666,200,25000,5,8271480
8,209.48714886185888,73.42751706538117,208.56358350877565,337.90923462283655,48.27274780326236,2121.8599944543002,2534.3192596712743,212.69754061281984,200,25000,5,8271480
6,228.0783567797896,101.96101676663248,171.25098664783738,275.2520746230196,55.05041492460392,2475.2953015981657,2064.390559672647,107.85222545426932,200,25000,5,8271480
9,195.60859776452347,87.96075869440472,221.33199837233985,350.6398454503319,43.82998068129149,2126.770173441961,2629.798840877489,242.43763329727255,200,25000,5,8271480
3,302.15988533794877,87.59077363878522,169.09264925485056,259.306373011221,129.6531865056105,2923.129942325505,1944.7977975841577,84.27534010606603,200,25000,5,8271480
6,183.57591814739382,120.34154853412619,214.4440676129925,347.6334401716924,69.52668803433849,2279.3810001114,2607.2508012876933,106.17827203879126,200,25000,5,6394530
7,166.11038298760198,130.2517727037665,164.91319067848391,347.67962562773903,57.946604271289836,2222.7161676852634,2607.5971922080425,158.70335663097043,200,25000,5,6394530
6,293.3122660987595,95.03296978015688,204.6615256968563,248.698722135623,49.7397444271246,2912.5892690918727,1865.2404160171725,168.71693511304443,200,25000,5,6394530
5,136.06931539103718,91.26927730293039,181.96953571050042,421.07422272591714,105.26855568147928,1705.0394452047567,3158.0566704443786,122.22838507934839,200,25000,5,6394530
4,228.420368692197,143.34586452940297,213.57447182732167,242.87311999869493,80.95770666623164,2788.246749162,1821.548399990212,126.70726207483294,200,25000,5,6394530
8,203.31210785189282,93.44020521751663,169.21691651914767,314.48966134747894,44.92709447821128,2225.642348020571,2358.672460106092,298.74562429394757,200,25000,5,8372552
3,280.8106450989128,82.01049772230365,153.90288886366383,287.4671426457252,143.7335713228626,2721.1585711591233,2156.0035698429388,106.83158667402914,200,25000,5,8372552
5,277.82419077719993,89.81829001152921,201.744479432314,275.4186849544963,68.85467123862408,2757.3186059154687,2065.640137158722,166.27046708203463,200,25000,5,8372552
3,218.74826948538828,141.90558691320103,228.03794848603238,295.3866067975506,147.6933033987753,2704.9039229894197,2215.3995509816295,53.62256800503189,200,25000,5,8372552
5,258.7458448064016,131.7353038112792,188.59187152661607,248.91406330477488,62.22851582619372,2928.608614632606,1866.8554747858116,189.57260290615582,200,25000,5,8372552
4,223.07205746974918,146.7101554060179,179.98526966129157,165.52010134073194,55.173367113577314,2773.366596568253,1241.4007600554896,113.64843697447552,200,25000,6,4474730
4,243.3744858607561,83.84249464932493,199.79639073393534,211.78567245404986,70.59522415134995,2454.1273538256078,1588.392543405374,113.83800100721406,200,25000,6,4474730
5,222.21305010635822,13.37618341005168,151.9323975311557,295.82352916413754,73.95588229103438,1766.9192513730743,2218.6764687310315,123.88642827215337,200,25000,6,4474730
7,206.76024390417263,34.45251926436558,158.42694442222657,280.67336361862067,46.77889393643678,1809.0957237640366,2105.050227139655,166.69275980372998,200,25000,6,4474730
4,184.96005821027927,16.568925504856445,127.8525972470989,266.79157874034735,88.93052624678245,1511.4673778635179,2000.9368405526052,108.79962611662897,200,25000,6,4474730
4,255.03029010361107,49.831425847933446,176.31926789337933,233.4424684463225,77.81415614877416,2286.462869636584,1750.8185133474187,109.92745750902981,200,25000,6,4474730
6,185.82595823092683,99.68248932791468,172.39884384433205,248.2074607832588,49.64149215665176,2141.313356691311,1861.555955874441,160.8494115374819,200,25000,6,9944578
3,107.88394399518006,202.90466287411024,174.1809092389536,202.1481309439818,101.0740654719909,2330.9145515196774,1516.1109820798636,119.1390775238472,200,25000,6,9944578
5,91.6277346480139,128.68927209700703,159.51617830333856,322.03884019913465,80.50971004978366,1652.377550587657,2415.2913014935098,88.5853793686536,200,25000,6,9944578
4,178.28375377544987,103.89035690060813,158.0542815963081,218.5977047513501,72.86590158378337,2116.3058300704347,1639.4827856351258,132.24714927896716,200,25000,6,9944578
3,250.1734163368243,62.98864201150246,180.61558736164565,223.813473637724,111.906736818862,2348.715437612451,1678.60105228293,116.04031587367771,200,25000,6,9944578
3,222.0804043654445,113.71447192884406,162.29420664734525,178.035623195001,89.0178115975005,2518.461572207164,1335.2671739625075,118.36500347812013,200,25000,6,9944578
4,235.51344619594548,34.122201269643035,178.64148959297202,225.03312692551407,75.01104230850468,2022.267355991914,1687.7484519413556,111.97649899433127,200,25000,6,9925823
4,181.24480997379368,121.4209017180872,161.47785897536994,149.02780748622519,49.67593582874173,2269.9928376891066,1117.7085561466888,101.52481595679986,200,25000,6,9925823
3,269.5185179336969,163.36328999018292,218.93033604980465,109.43294288014289,54.716471440071444,3246.6135594290986,820.7470716010716,71.48460482762304,200,25000,6,9925823
5,119.92619977746641,114.4237847423873,124.76189736070212,250.76787447599244,62.69196861899811,1757.6248838989027,1880.7590585699434,163.38606024267824,200,25000,6,9925823
4,116.33985615200693,135.05402000642755,178.35020383005124,288.50979656785864,96.16993218928621,1885.4540711882585,2163.8234742589398,108.34397418130885,200,25000,6,9925823
5,244.13683177212275,22.645572025246103,191.58456027437822,262.571468346753,65.64286708668826,2000.8680284802663,1969.2860126006476,125.49020000100816,200,25000,6,9925823
5,222.32260558968696,65.16032184258326,141.29019817425527,235.8133534431909,58.95333836079772,2156.121955742027,1768.6001508239317,123.24000450157794,200,25000,6,3820097
3,222.20527539612755,80.38001333038373,176.04535790889872,229.36865960148992,114.68432980074496,2269.389665448835,1720.2649470111744,96.15209787673979,200,25000,6,3820097
5,154.69714300549947,72.40371882462325,136.23748816896904,301.8563282181865,75.46408205454662,1703.2564637259204,2263.9224616363986,154.68460529582453,200,25000,6,3820097
5,204.06066577759594,147.2535808609566,188.55043198524288,178.70716081991776,44.67679020497944,2634.856849789144,1340.3037061493833,115.23661082850263,200,25000,6,3820097
5,196.84948561368995,95.87465261324793,173.20498550222484,214.07262135218957,53.51815533804739,2195.4310367020344,1605.544660141422,176.08534158865203,200,25000,6,3820097
3,255.49413187731298,69.52358345650738,179.5326469836028,200.0813036294225,100.04065181471125,2437.632865003653,1500.6097772206688,64.14553652737456,200,25000,6,3820097
2,245.41290578658425,36.142679920413656,140.77779285349897,265.60047329591004,265.60047329591004,2111.6668928024847,1992.0035497193253,60.58541199267458,200,25000,6,9535879
4,60.75449955836715,68.08890671666794,111.90820461785952,395.9173239778307,131.97244132594355,966.3255470627631,2969.37992983373,139.09491162619955,200,25000,6,9535879
4,166.84643016109735,31.84649852484742,124.04561910778932,302.7586198363265,100.91953994544217,1490.1969651445856,2270.689648772449,77.68867389639121,200,25000,6,9535879
3,187.61292556156778,112.6983322847228,136.9979625692749,239.64926655012533,119.82463327506267,2252.3344338471793,1797.36949912594,105.50562154722245,200,25000,6,9535879
5,177.73376928315636,72.40143823891783,159.00850325690774,272.9629810490769,68.24074526226923,1876.0140564155565,2047.2223578680769,180.10461773316362,200,25000,6,9535879
4,253.37427651742277,139.87418438156558,204.10562806688478,141.3487956244603,47.116265208153436,2949.363456742413,1060.1159671834523,92.49571739661953,200,25000,6,9535879
3,139.81799746300186,78.18233191857247,139.6350098755954,328.91707202494644,164.45853601247322,1635.0024703618074,2466.878040187098,60.475668763655996,200,25000,6,8271480
2,228.0783567797896,73.42751706538117,150.75293692258538,242.079370649032,242.079370649032,2261.2940538387807,1815.59527986774,14.488802014350172,200,25000,6,8271480
6,168.08206464981726,101.96101676663248,169.35784354704717,254.62016178124196,50.92403235624839,2025.3231106233732,1909.6512133593146,133.08512061552332,200,25000,6,8271480
5,226.54917056478072,87.96075869440472,185.21150398097845,202.1563112090356,50.5390778022589,2358.824469443891,1516.172334067767,161.52944323768753,200,25000,6,8271480
4,100.4069232280678,87.59077363878522,120.14851420199396,287.8827993071887,95.96093310239623,1409.9827265013976,2159.120994803915,78.59681078928917,200,25000,6,8271480
7,223.98257524778418,117.5272887878177,205.77305486194385,186.9684684496517,31.161411408275285,2561.323980267014,1402.263513372388,181.13716748088734,200,25000,6,8271480
2,158.5070262674708,120.34154853412619,139.4242874007985,267.12253053021897,267.12253053021897,2091.3643110119774,2003.4189789766422,59.44059808572305,200,25000,6,6394530
3,223.92871589321925,90.41342549758544,148.19797136485707,200.01274025323676,100.00637012661838,2357.566060431035,1500.0955518992757,76.70968351383232,200,25000,6,6394530
10,137.39439692843226,91.26927730293039,123.59747617409207,285.1800088242818,31.68666764714242,1714.9775567352199,2138.8500661821136,310.1266991866976,200,25000,6,6394530
3,188.67976425510315,143.34586452940297,175.07461556626092,158.2619656261986,79.1309828130993,2490.192215883796,1186.9647421964894,92.91478999722511,200,25000,6,6394530
3,261.8648963939742,95.03296978015688,198.4906477043069,179.83589949598968,89.91794974799484,2676.733996305983,1348.7692462199225,112.80230358560377,200,25000,6,6394530
5,198.51234454101225,187.35595329857338,194.64226688533466,150.0498622290043,37.512465557251076,2894.0122337968924,1125.3739667175323,117.81341779617338,200,25000,6,6394530
2,249.92513386974517,93.44020521751663,171.6826695436309,199.9032637177886,199.9032637177886,2575.240043154464,1499.2744778834144,60.89723447224333,200,25000,6,8372552
4,153.3034599835373,98.88752376977507,117.06129936050849,275.3822636732428,91.79408789108093,1891.4323781498429,2065.366977549321,168.22515632165903,200,25000,6,8372552
4,130.46757328207897,110.88324441178372,180.09989457727576,296.26670962610126,98.75556987536709,1810.1311327039703,2222.0003221957595,116.3505056356283,200,25000,6,8372552
3,246.96067156403868,141.90558691320103,184.71872129272583,151.62636739675992,75.81318369837996,2916.496938579298,1137.1977554756993,77.49695128958953,200,25000,6,8372552
2,215.1066985260594,131.7353038112792,173.4210011686693,197.84099653438696,197.84099653438696,2601.3150175300398,1483.807474007902,72.74750770938361,200,25000,6,8372552
4,145.5511795832628,82.01049772230365,173.3028648298073,302.06936516102763,100.68978838700922,1706.7125797917486,2265.5202387077074,138.14629407436726,200,25000,6,8372552
2,148.78241441107318,156.76310920803283,152.772761809553,62.148275848226724,62.148275848226724,2291.591427143295,466.11206886170044,42.64216357618639,200,25000,8,4474730
2,143.67133741059422,83.84249464932493,113.75691602995957,74.88319471536072,74.88319471536072,1706.3537404493936,561.6239603652053,69.28109091620729,200,25000,8,4474730
3,150.9592125604664,13.37618341005168,100.49008686399776,196.27281222709541,98.13640611354771,1232.5154697788855,1472.0460917032156,93.70430728954253,200,25000,8,4474730
2,184.96005821027927,34.45251926436558,109.70628873732242,182.81956597488758,182.81956597488758,1645.5943310598363,1371.1467448116568,29.224646316835933,200,25000,8,4474730
3,188.12697502663733,16.568925504856445,108.8167769260388,180.156425771739,90.0782128858695,1535.2192539862033,1351.1731932880425,102.46871247654377,200,25000,8,4474730
3,193.39575656136637,49.831425847933446,129.9791126051059,162.26800849999876,81.13400424999938,1824.2038680697485,1217.0100637499906,61.63939103971023,200,25000,8,4474730
2,185.14879995759392,90.25660251167969,137.7027012346368,95.12527877038336,95.12527877038336,2065.5405185195523,713.4395907778752,54.75282085659767,200,25000,8,4474730
2,190.04151745898727,112.85239296723361,151.44695521311044,77.44536416105132,77.44536416105132,2271.7043281966567,580.8402312078849,42.052495454500615,200,25000,8,4474730
5,107.88394399518006,99.68248932791468,125.07162052709396,153.7636142413968,38.4409035603492,1556.7482499232106,1153.227106810476,99.6558176869176,200,25000,8,9944578
2,143.25983260964702,62.98864201150246,103.12423731057474,189.5940392247172,189.5940392247172,1546.8635596586212,1421.955294185379,61.98946086657757,200,25000,8,9944578
3,159.27238114303847,130.06917572243697,153.9617659329604,113.19555374685763,56.59777687342881,2170.061676491066,848.9666531014323,74.01237841129753,200,25000,8,9944578
2,184.85733240644603,173.428835272238,179.143083839342,11.871561158147795,11.871561158147795,2687.14625759013,89.03670868610847,38.431525038497306,200,25000,8,9944578
3,157.1378188204393,91.6277346480139,129.21404834986413,95.15324236359533,47.57662118179766,1865.741651013399,713.6493177269649,68.15861049423823,200,25000,8,9944578
2,150.87316675548115,113.71447192884406,132.2938193421626,53.775744956889,53.775744956889,1984.4072901324391,403.3180871766675,77.60153699208064,200,25000,8,9944578
2,181.24480997379368,34.122201269643035,107.68350562171835,154.68716529042263,154.68716529042263,1615.2525843257754,1160.1537396781696,60.5757338725692,200,25000,8,9925823
3,168.10777912304764,114.4237847423873,134.92684846452505,80.07047382492628,40.03523691246314,2118.986728990762,600.5285536869471,100.69456692727326,200,25000,8,9925823
2,194.15735081237236,163.36328999018292,178.76032040127762,35.55062012283209,35.55062012283209,2681.4048060191644,266.6296509212407,29.391984379616297,200,25000,8,9925823
3,116.33985615200693,156.67658528882106,136.02348714908518,102.10660460548661,51.053302302743305,2047.6233108062097,765.7995345411496,94.9240889657298,200,25000,8,9925823
2,119.92619977746641,99.10274163246902,109.51447070496772,26.401874047955875,26.401874047955875,1642.717060574516,198.01405535966907,62.691493315405,200,25000,8,9925823
2,187.75220517590407,22.645572025246103,105.19888860057509,166.29338363027293,166.29338363027293,1577.9833290086262,1247.200377227047,63.283815609020486,200,25000,8,9925823
4,175.44806994868665,65.16032184258326,98.88472566571808,120.41742528953719,40.13914176317906,1804.5629384345243,903.1306896715289,125.78246538431101,200,25000,8,3820097
3,162.47980185386686,95.87465261324793,137.68386582420476,70.80601932141026,35.40300966070513,1937.658408503361,531.0451449105769,96.70425124774621,200,25000,8,3820097
2,147.2535808609566,101.20365172999608,124.22861629547634,52.5172184596988,52.5172184596988,1863.4292444321452,393.879138447741,71.95891105377588,200,25000,8,3820097
3,131.43486870032095,80.7396638769323,125.824616641732,180.33255545382718,90.16627772691359,1591.3089943293994,1352.4941659037038,97.62105590520993,200,25000,8,3820097
2,168.96949594910063,69.52358345650738,119.246539702804,100.86220763943858,100.86220763943858,1788.69809554206,756.4665572957894,16.680170126918707,200,25000,8,3820097
2,192.94004018287004,187.31036136331036,190.1252007730902,31.287035877254706,31.287035877254706,2851.878011596353,234.6527690794103,22.89426070665499,200,25000,8,3820097
3,163.78522942937195,36.142679920413656,104.20874721150282,154.18633062266295,77.09316531133148,1499.459320123392,1156.3974796699722,119.65043265498979,200,25000,8,9535879
2,172.68477733315254,68.08890671666794,120.38684202491024,104.70357040708471,104.70357040708471,1805.8026303736535,785.2767780531353,72.07081092926082,200,25000,8,9535879
2,133.70431831584054,31.84649852484742,82.77540842034398,102.79914404837939,102.79914404837939,1241.6311263051598,770.9935803628455,25.851434880667266,200,25000,8,9535879
3,190.55073259453576,110.68262986153414,162.94876267254588,98.60237472833195,49.301187364165976,2259.2502184205246,739.5178104624896,99.63840927597857,200,25000,8,9535879
3,182.66752739476559,72.40143823891783,133.09359130218226,111.72935119016819,55.864675595084094,1913.0172422526257,837.9701339262614,78.46234212843292,200,25000,8,9535879
2,177.73376928315636,164.3256976217847,171.02973345247054,62.13256423740997,62.13256423740997,2565.446001787058,465.9942317805748,68.88763296472733,200,25000,8,9535879
2,139.87418438156558,60.75449955836715,100.31434196996636,168.41724706167784,168.41724706167784,1504.7151295494955,1263.1293529625839,73.65984770697591,200,25000,8,9535879
2,191.61523727575567,168.08206464981726,179.84865096278645,36.53963288565704,36.53963288565704,2697.7297644417968,274.0472466424278,56.76856588201973,200,25000,8,8271480
3,161.5250551059624,87.59077363878522,126.72904452663602,139.67977336538027,69.83988668269014,1868.368715585607,1047.598300240352,65.10434865471144,200,25000,8,8271480
2,168.61086857166467,117.5272887878177,143.06907867974118,67.65766011042919,67.65766011042919,2146.0361801961176,507.4324508282189,55.16589505717111,200,25000,8,8271480
2,195.60859776452347,87.96075869440472,141.78467822946408,111.39180330660318,111.39180330660318,2126.770173441961,835.4385247995239,66.3539219079149,200,25000,8,8271480
3,166.5278613009356,101.96101676663248,133.39189467228115,66.91449675858566,33.45724837929283,2013.6665855067604,501.85872568939243,79.94951963033347,200,25000,8,8271480
3,200.90470024521187,100.4069232280678,147.0432069787605,105.72690579749832,52.86345289874916,2259.8371760495975,792.9517934812374,67.13358109304771,200,25000,8,8271480
2,188.67976425510315,120.34154853412619,154.51065639461467,80.96712828134748,80.96712828134748,2317.65984591922,607.2534621101062,40.92477057676213,200,25000,8,6394530
2,95.03296978015688,130.2517727037665,112.64237124196168,166.25509604399053,166.25509604399053,1689.6355686294253,1246.9132203299291,78.74523019573829,200,25000,8,6394530
6,116.42997160506894,91.26927730293039,115.78304727271592,162.49754798904507,32.499509597809016,1557.744366809995,1218.7316099178381,198.07464134841618,200,25000,8,6394530
2,193.19821791427657,143.34586452940297,168.27204122183977,52.192509151904915,52.192509151904915,2524.0806183275968,391.44381863928686,80.35225189820278,200,25000,8,6394530
2,198.51234454101225,90.41342549758544,144.46288501929885,120.54313784555474,120.54313784555474,2166.9432752894827,904.0735338416605,53.53523119600657,200,25000,8,6394530
3,137.39439692843226,102.63870813491383,125.36747348479442,106.02346585762766,53.01173292881383,1800.2482879750955,795.1759939322075,91.17061788066725,200,25000,8,6394530
3,159.2755689216484,103.47984128501655,146.70368517426056,108.9019762702053,54.45098813510265,1970.6655765499868,816.7648220265397,96.41782288365512,200,25000,8,6394530
2,190.75840029427715,93.44020521751663,142.0993027558969,108.0797728153952,108.0797728153952,2131.4895413384534,810.598296115464,69.81452870325779,200,25000,8,8372552
2,145.5511795832628,98.88752376977507,122.21935167651894,110.72585500725467,110.72585500725467,1833.290275147784,830.44391255441,87.30268397358944,200,25000,8,8372552
3,183.60918731452415,82.01049772230365,125.50097648287051,125.65729224683756,62.82864612341878,1992.1476377762087,942.4296918512816,88.60903595155192,200,25000,8,8372552
3,178.52631148246334,120.47438388925033,150.76805178508366,81.70283471124637,40.851417355623184,2242.5052152878525,612.7712603343477,115.61879500186723,200,25000,8,8372552
2,165.28990540093787,131.7353038112792,148.51260460610854,34.675133566167396,34.675133566167396,2227.689069091628,260.0635017462555,52.89531328230706,200,25000,8,8372552
2,130.46757328207897,89.81829001152921,110.1429316468041,64.06991049552322,64.06991049552322,1652.1439747020615,480.5243287164241,63.17246908311436,200,25000,8,8372552
3,153.33941543443242,95.57982979947124,139.88184050339441,117.67299156395117,58.836495781975586,1866.8943392542774,882.5474367296338,111.27524502982338,200,25000,8,8372552
2,137.1348646214752,13.37618341005168,75.25552401576344,124.37084921634968,124.37084921634968,1128.8328602364516,932.7813691226227,56.50037438157624,200,25000,10,4474730
2,143.67133741059422,34.45251926436558,89.0619283374799,109.21912866991761,109.21912866991761,1335.9289250621985,819.1434650243821,48.45460202795678,200,25000,10,4474730
2,148.78241441107318,49.831425847933446,99.30692012950331,103.82857170422255,103.82857170422255,1489.6038019425496,778.7142877816691,32.6819007624305,200,25000,10,4474730
2,152.4944418427394,16.568925504856445,84.53168367379793,137.39632577164647,137.39632577164647,1267.975255106969,1030.4724432873486,28.489391253777363,200,25000,10,4474730
3,130.06917572243697,99.68248932791468,116.73513145361062,62.713295691005285,31.356647845502643,1723.1374878776373,470.3497176825396,54.86525933269881,200,25000,10,9944578
2,143.25983260964702,103.89035690060813,123.57509475512757,48.96771546400387,48.96771546400387,1853.6264213269135,367.257865980029,59.95684622461047,200,25000,10,9944578
2,138.87659158113922,91.6277346480139,115.25216311457656,69.27269540285361,69.27269540285361,1728.7824467186483,519.5452155214022,62.205056310527304,200,25000,10,9944578
2,116.33985615200693,22.645572025246103,69.49271408862651,123.59981242897754,123.59981242897754,1042.3907113293976,926.9985932173315,79.69673564883269,200,25000,10,9925823
2,147.2535808609566,101.20365172999608,124.22861629547634,52.5172184596988,52.5172184596988,1863.4292444321452,393.879138447741,71.95891105377588,200,25000,10,3820097
3,131.43486870032095,72.40371882462325,94.85941713395884,106.45062617230539,53.225313086152696,1528.7894064370817,798.3796962922904,105.93827497922751,200,25000,10,3820097
2,67.78415834045411,65.16032184258326,66.47224009151869,67.64905846231164,67.64905846231164,997.0836013727803,507.36793846733735,95.6495310247756,200,25000,10,3820097
2,146.1046348632505,60.75449955836715,103.42956721080883,101.8605982389299,101.8605982389299,1551.4435081621325,763.9544867919742,67.02410069693875,200,25000,10,9535879
2,144.21180827286344,72.40143823891783,108.30662325589063,72.78972618098564,72.78972618098564,1624.5993488383594,545.9229463573923,52.055041846571726,200,25000,10,9535879
2,93.00298659927914,31.84649852484742,62.42474256206328,124.83802025956315,124.83802025956315,936.3711384309491,936.2851519467237,16.048071140645234,200,25000,10,9535879
2,139.81799746300186,100.4069232280678,120.11246034553483,43.39466176079641,43.39466176079641,1801.6869051830224,325.45996320597305,55.30496206063232,200,25000,10,8271480
2,90.41342549758544,130.2517727037665,110.33259910067596,87.12546252121393,87.12546252121393,1654.9889865101395,653.4409689091045,66.95117128214928,200,25000,10,6394530
2,95.03296978015688,91.26927730293039,93.15112354154363,105.49004922909586,105.49004922909586,1397.2668531231543,791.175369218219,70.76476770773581,200,25000,10,6394530
2,159.2755689216484,136.06931539103718,147.67244215634278,23.217675313506486,23.217675313506486,2215.086632345142,174.13256485129864,55.15290940119374,200,25000,10,6394530
3,116.42997160506894,94.30083071389777,108.9383906809615,51.66232079595094,25.83116039797547,1580.4810173922504,387.46740596963207,110.25638757696706,200,25000,10,6394530
2,158.5070262674708,118.10680802300975,138.30691714524028,42.51949204932224,42.51949204932224,2074.603757178604,318.8961903699168,65.9713791660842,200,25000,10,6394530
2,153.33941543443242,93.44020521751663,123.38981032597454,60.448130140090704,60.448130140090704,1850.847154889618,453.3609760506803,67.88221156409384,200,25000,10,8372552
2,126.69893922712093,98.88752376977507,112.793231498448,61.88750385998427,61.88750385998427,1691.89847247672,464.15627894988205,97.63235890785538,200,25000,10,8372552
2,110.88324441178372,89.81829001152921,100.35076721165646,28.781057354542103,28.781057354542103,1505.261508174847,215.85793015906577,71.64467078959404,200,25000,10,8372552
2,153.3034599835373,120.47438388925033,136.8889219363938,43.38327831478055,43.38327831478055,2053.3338290459074,325.3745873608541,71.70306349891548,200,25000,10,8372552
30,639.6719573995754,13.37618341005168,331.7524413343799,1770.1872749695237,61.040940516190474,4897.861056072203,13276.404562271427,764.608468619246,200,50000,2,4474730
38,339.5815929722346,16.568925504856445,358.5960274702386,1859.9178531778623,50.26805008588817,2671.128888578183,13949.383898833967,994.8086217514339,200,50000,2,4474730
36,343.58005401226285,99.68248932791468,287.27247824167335,1772.0367429425057,50.629621226928734,3324.469075051332,13290.275572068793,1025.2158181699697,200,50000,2,9944578
35,470.30109867230124,103.89035690060813,353.99591364594505,1891.8535997277982,55.642752933170534,4306.4359167968205,14188.901997958486,1057.3609474642203,200,50000,2,9944578
34,498.2646247471118,22.645572025246103,398.0293043803603,1845.1284607328837,55.91298365857223,3906.8264757926836,13838.463455496627,1015.5647563945399,200,50000,2,9925823
32,577.7573535210013,121.4209017180872,399.46815482726487,1740.6680054034803,56.1505808194671,5243.836914293163,13055.010040526102,808.2074674257882,200,50000,2,9925823
28,169.39632511828748,69.52358345650738,351.25912551141874,1765.500295604053,65.38889983718715,1791.8993143109615,13241.252217030398,737.9147818247217,200,50000,2,3820097
36,544.0113542309882,65.16032184258326,369.2953195414455,1730.746758442955,49.44990738408443,4568.787570551786,12980.600688322163,982.2550384837641,200,50000,2,3820097
35,513.1023973181157,31.84649852484742,328.76054110185225,1874.5663600995517,55.13430470881035,4087.1167188222234,14059.247700746639,960.0033389265901,200,50000,2,9535879
35,505.01778746736005,68.08890671666794,319.2732678443005,1820.054439308363,53.53101292083421,4298.3002063802105,13650.408294812723,1080.3231162545524,200,50000,2,9535879
33,462.8671564256898,78.18233191857247,371.0979027242436,1805.4884267419525,56.421513335686015,4057.871162581967,13541.163200564644,1037.4079607117392,200,50000,2,8271480
26,479.10641562972023,100.4069232280678,321.29054998196887,1793.2061329320386,71.72824531728155,4346.35004143341,13449.04599699029,640.3301109499298,200,50000,2,8271480
35,286.05923443047675,120.34154853412619,347.91497516173405,1746.0514489083973,51.35445437965875,3048.005872234522,13095.38586681298,1004.0034469398098,200,50000,2,6394530
38,340.73018771617626,130.2517727037665,325.19908455570305,1776.7004073294725,48.01892992782358,3532.3647031495707,13325.253054971043,1096.5174816362287,200,50000,2,6394530
33,469.36384718050357,120.47438388925033,327.43851737166375,1788.8682337717787,55.902132305368085,4423.786733023154,13416.51175328834,789.0637285482372,200,50000,2,8372552
28,339.6319611895621,98.88752376977507,361.6451220606003,1773.6905239514856,65.6922416278328,3288.896137195029,13302.678929636142,880.7875596878347,200,50000,2,8372552
24,413.7829833652472,49.831425847933446,326.56089992399296,1669.0378623448073,72.56686358020902,3477.108069098855,12517.783967586054,666.9925582372074,200,50000,3,4474730
32,222.21305010635822,34.45251926436558,359.9773942661634,1848.3999610934902,59.6258051965642,1924.9917702804285,13862.999708201176,869.9176792597794,200,50000,3,4474730
24,436.85128164712546,13.37618341005168,339.4342955327141,1679.6690513608946,73.02908918960411,3376.7059879288286,12597.51788520671,682.6647082740528,200,50000,3,4474730
34,292.9698519786788,99.68248932791468,287.8593475618921,1698.9560155477566,51.48351562265929,2944.892559799451,12742.170116608175,958.8668787620571,200,50000,3,9944578
29,233.39474613435883,103.89035690060813,355.80169902438973,1761.8645964799218,62.92373558856864,2529.638272762252,13213.984473599414,868.9174571265763,200,50000,3,9944578
22,400.7803232096598,62.98864201150246,370.0828007451111,1681.5102793781355,80.0719180656255,3478.267239158717,12611.327095336015,552.1907798027414,200,50000,3,9944578
33,187.75220517590407,22.645572025246103,333.9820121257073,1880.7704653857438,58.774077043304494,1577.9833290086262,14105.778490393079,921.6005449103025,200,50000,3,9925823
23,376.7124251353017,121.4209017180872,408.082105823665,1640.4124818060354,74.56420371845616,3735.9999514004166,12303.093613545265,621.2996066760372,200,50000,3,9925823
31,205.29709116209708,116.33985615200693,356.6086230932321,1772.0673284559098,59.06891094853032,2412.27710485578,13290.504963419324,827.3294933188774,200,50000,3,9925823
29,253.92664986294312,69.52358345650738,431.33238442473964,1790.798297799792,63.95708206427828,2425.8767498958787,13430.98723349844,652.9633640241366,200,50000,3,3820097
24,282.45934841464106,65.16032184258326,378.31249430721846,1788.9320279958647,77.77965339112455,2607.1475269291823,13416.990209968986,628.9863825785482,200,50000,3,3820097
27,259.69515113543486,95.87465261324793,371.71644627318216,1770.8772735215,68.11066436621154,2666.773528115121,13281.57955141125,716.9685247892199,200,50000,3,3820097
29,233.85739414627872,36.142679920413656,330.7123241486877,1822.3936369550788,65.08548703410996,2025.0005555001928,13667.952277163091,912.8356733834801,200,50000,3,9535879
28,369.93800456023763,68.08890671666794,304.0313098559445,1673.5395385534468,61.98294587234988,3285.201834576792,12551.546539150851,799.7242388949031,200,50000,3,9535879
28,317.9684963337709,31.84649852484742,346.1176499818299,1772.7415792291094,65.65709552700406,2623.6124614396376,13295.56184421832,746.9950824943061,200,50000,3,9535879
31,332.5365798125568,78.18233191857247,359.73035940233086,1662.9249166517543,55.43083055505848,3080.3918379834695,12471.936874888157,989.3696377802563,200,50000,3,8271480
34,367.10119729205854,73.42751706538117,330.1327884899167,1681.0555849413997,50.94107833155757,3303.9653576807978,12607.916887060497,736.5744856148278,200,50000,3,8271480
27,313.84833427328414,87.96075869440472,320.055962764144,1729.7070018473376,66.52719237874375,3013.5681972576663,12972.802513855031,651.6946514017343,200,50000,3,8271480
27,263.9439745829453,120.34154853412619,371.8515814296442,1724.4861233158808,66.3263893583031,2882.1414233780365,12933.645924869106,815.17225890573,200,50000,3,6394530
34,271.1779102512721,130.2517727037665,339.7468449192799,1690.9003759697046,51.23940533241529,3010.72262216279,12681.752819772784,955.2075763221148,200,50000,3,6394530
27,430.3148914788188,94.30083071389777,327.9303169586971,1588.9457493768348,61.11329805295519,3934.6179164453742,11917.09312032626,803.7639986558906,200,50000,3,6394530
33,373.789696783063,120.47438388925033,317.5233085109221,1603.2903025221467,50.102821953817084,3706.98060504235,12024.6772689161,919.3889134002227,200,50000,3,8372552
24,275.550407787973,98.88752376977507,397.1221140033205,1744.9866836453978,75.86898624545208,2808.28448668311,13087.400127340483,765.8700187724088,200,50000,3,8372552
23,351.5250395417067,82.01049772230365,397.75921426370144,1693.294032875551,76.96791058525231,3251.5165294800777,12699.705246566633,657.4857342964332,200,50000,3,8372552
15,223.07205746974918,49.831425847933446,341.97193754016195,1331.2527888372447,95.08948491694605,2046.7761248826198,9984.395916279334,438.28817151479325,200,50000,4,4474730
15,302.0245840858646,83.84249464932493,378.92340033883,1220.9204181229056,87.20860129449326,2894.0030905139215,9156.903135921792,433.3957392123618,200,50000,4,4474730
22,152.4944418427394,13.37618341005168,306.60927575549715,1425.370372203175,67.87477962872262,1244.0296893959332,10690.277791523813,562.3596290461253,200,50000,4,4474730
22,121.75443024662259,34.45251926436558,247.7908910826077,1420.7298842188893,67.6538040104233,1171.5521213324114,10655.47413164167,641.8443762490655,200,50000,4,4474730
19,213.4307318290588,99.68248932791468,324.70432037502076,1292.885593070034,71.82697739277967,2348.349158677301,9696.641948025255,434.4849069726501,200,50000,4,9944578
20,103.89035690060813,143.25983260964702,309.5202165340594,1329.2546946260904,69.96077340137317,1853.6264213269135,9969.410209695678,641.7046715617913,200,50000,4,9944578
13,400.7803232096598,62.98864201150246,307.66842571204165,1149.3971595925318,95.78309663271098,3478.267239158717,8620.478696943988,376.6534140049657,200,50000,4,9944578
16,444.55491523910223,172.5437409334057,344.80686095274257,986.0761590714508,65.73841060476339,4628.23992129381,7395.571193035881,473.31376561024604,200,50000,4,9944578
20,22.645572025246103,34.122201269643035,332.52196801399447,1531.396979022857,80.599841001203,425.75829971166854,11485.477342671427,579.690478920437,200,50000,4,9925823
18,429.18125799361314,121.4209017180872,326.7258747265941,1049.516861176422,61.73628595155424,4129.516197837753,7871.376458823165,496.07691404699665,200,50000,4,9925823
12,248.00521553607558,240.18574248064698,400.17665343016705,1142.8270555794336,103.89336868903942,3661.432185125419,8571.202916845752,264.69511115015575,200,50000,4,9925823
14,472.0212833499035,135.05402000642755,352.0470878658235,1004.9362443024885,77.30278802326835,4553.064775172483,7537.021832268663,401.3198708928494,200,50000,4,9925823
15,638.5495925759877,69.52358345650738,400.46710145424026,908.877095911783,64.91979256512737,5310.548820243714,6816.578219338373,364.2766053472681,200,50000,4,3820097
14,461.4034660677891,74.55049754121872,371.2290593180555,1072.8932424786465,82.53024942143435,4019.6547270675587,8046.699318589848,412.5246255985254,200,50000,4,3820097
23,327.92133785923994,95.87465261324793,349.96864353644986,1161.0940407891203,52.77700185405092,3178.469928543659,8708.205305918402,604.0583394221567,200,50000,4,3820097
17,447.3317555368908,101.20365172999608,258.7014902204751,1047.4313876026745,65.46446172516715,4114.015554501651,7855.735407020058,508.9961764313867,200,50000,4,3820097
22,240.08658067924694,36.142679920413656,278.9666942755822,1300.9356499901376,61.94931666619703,2071.7194544974545,9757.017374926032,624.2705951930144,200,50000,4,9535879
20,277.7366748894279,68.08890671666794,288.0074951870213,1230.775716546227,64.77766929190668,2593.691862045719,9230.817874096701,638.1377866166767,200,50000,4,9535879
15,266.6020730667833,31.84649852484742,357.34831321385406,1314.5327826015114,93.89519875725081,2238.3642869372306,9858.995869511335,393.88924124931333,200,50000,4,9535879
16,474.7834253931383,139.87418438156558,353.40966647329066,982.2826542494564,65.48551028329709,4609.9320733102795,7367.119906870923,503.4026617718787,200,50000,4,9535879
17,279.4423417444331,78.18233191857247,335.9213537152034,1241.0523982504778,77.56577489065486,2682.185052472542,9307.892986878584,509.4698370033786,200,50000,4,8271480
21,231.52107458367496,73.42751706538117,337.36384812717006,1265.0312473215797,63.251562366078986,2287.1144373679213,9487.734354911849,681.0407530465208,200,50000,4,8271480
18,191.61523727575567,101.96101676663248,311.36273031726154,1296.098238921589,76.24107287774052,2201.821905317911,9720.736791911917,480.61014302361247,200,50000,4,8271480
27,100.4069232280678,87.96075869440472,334.00321436605446,1391.1734909265572,53.506672727944505,1412.7576144185439,10433.801181949178,638.9672220557021,200,50000,4,8271480
19,272.28712341879316,120.34154853412619,364.93261854088644,1192.8132519222465,66.26740288456925,2944.715039646895,8946.09938941685,575.1914538001239,200,50000,4,6394530
23,198.51234454101225,130.2517727037665,364.731390171698,1240.771884107809,56.39872200490041,2465.7308793358407,9305.789130808567,706.4488708059503,200,50000,4,6394530
22,136.06931539103718,95.03296978015688,316.833715470257,1352.703068308986,64.41443182423743,1733.2671387839555,10145.273012317395,606.8760184266026,200,50000,4,6394530
19,103.47984128501655,91.26927730293039,268.21924539922617,1381.379475904412,76.74330421691178,1460.618389409602,10360.34606928309,639.824333674022,200,50000,4,6394530
14,488.70042448418906,93.44020521751663,365.6397114951271,1021.157644995385,78.55058807656808,4366.054722762793,7658.682337465388,463.63002879006973,200,50000,4,8372552
19,170.72627627627963,98.88752376977507,310.7639454408086,1316.1631160292716,73.1201731127373,2022.1035003454106,9871.223370219537,595.9576889345971,200,50000,4,8372552
14,367.8059240897695,82.01049772230365,368.32259526383774,1160.740197069192,89.28770746686092,3373.6231635905488,8705.551478018939,408.3744397465908,200,50000,4,8372552
19,89.81829001152921,141.90558691320103,321.21197625446734,1368.4096908449033,76.02276060249463,1737.9290769354768,10263.072681336775,439.7732979826773,200,50000,4,8372552
12,148.78241441107318,49.831425847933446,311.02698890544326,1090.8485396916426,99.1680490628766,1489.6038019425496,8181.36404768732,302.2157416800158,200,50000,5,4474730
16,188.12697502663733,83.84249464932493,355.89894777997256,996.2507591075638,66.41671727383759,2039.771022569717,7471.880693306728,473.83424009134706,200,50000,5,4474730
12,361.6869793583798,13.37618341005168,247.56747599223135,900.4351825442752,81.85774386766138,2812.973720763236,6753.263869082064,390.0026688940827,200,50000,5,4474730
13,193.39575656136637,34.45251926436558,300.0501323591378,1050.1158147520907,87.50965122934089,1708.8620686929896,7875.86861064068,377.5347493065206,200,50000,5,4474730
12,261.12419418827204,16.568925504856445,329.4354076031886,1012.1681449362388,92.01528590329444,2082.698397698464,7591.261087021791,310.6481006463313,200,50000,5,4474730
19,184.85733240644603,99.68248932791468,282.5440496899353,995.0395994578182,55.27997774765657,2134.0486630077053,7462.796995933637,389.6785674976486,200,50000,5,9944578
17,233.39474613435883,143.25983260964702,326.2248544095354,886.795387707408,55.424711731713,2824.909340580044,6650.96540780556,497.04367143122727,200,50000,5,9944578
11,138.87659158113922,128.68927209700703,314.0987180479631,1023.1862669283677,102.31862669283677,2006.7439775860967,7673.897001962758,315.83589196580306,200,50000,5,9944578
16,273.8184890306461,172.5437409334057,298.33124141544454,825.8923119669357,55.05948746446238,3347.7167247303887,6194.192339752018,453.1336236721595,200,50000,5,9944578
8,335.2709327853486,62.98864201150246,240.86036555842594,889.452480387011,127.06464005528728,2986.946810976383,6670.893602902582,286.74864396407645,200,50000,5,9944578
18,235.51344619594548,34.122201269643035,287.6635657729927,963.4007545121578,56.67063261836223,2022.267355991914,7225.5056588411835,656.1161222091104,200,50000,5,9925823
14,394.0789751507076,121.4209017180872,316.39708838835617,762.8728006153194,58.68252312425534,3866.249076515961,5721.5460046148955,343.7626505667036,200,50000,5,9925823
8,498.2646247471118,240.18574248064698,434.57773701427413,562.3536542877767,80.33623632682524,5538.377754208191,4217.652407158325,164.57162807005483,200,50000,5,9925823
14,248.00521553607558,135.05402000642755,329.4333839702716,890.2450456759251,68.48038812891731,2872.9442665687734,6676.837842569438,440.8932413431894,200,50000,5,9925823
14,472.5608607859549,22.645572025246103,345.38218532239944,784.9598196065227,60.381524585117134,3714.0482460840076,5887.19864704892,376.9156448915671,200,50000,5,9925823
10,352.7964712383463,69.52358345650738,358.2646712699162,876.5119961833035,97.39022179814484,3167.4004102114027,6573.839971374776,257.77830888785854,200,50000,5,3820097
13,222.32260558968696,65.16032184258326,287.16993700207706,990.0054328168316,82.50045273473596,2156.121955742027,7425.040746126237,371.93012148376005,200,50000,5,3820097
15,213.58022561698797,154.69714300549947,354.24384868582183,912.9967681977349,65.21405487126678,2762.0802646686557,6847.475761483012,358.0616294123783,200,50000,5,3820097
13,101.20365172999608,147.2535808609566,311.3289768341278,1030.226630160266,85.85221918002217,1863.4292444321452,7726.699726201995,404.8153641374622,200,50000,5,3820097
12,204.06066577759594,95.87465261324793,265.12919286844885,968.4340217558993,88.03945652326357,2249.5148879313288,7263.255163169244,438.09889645936755,200,50000,5,3820097
14,197.9140837459142,36.142679920413656,279.09594550925084,1045.7567135688407,80.44282412068006,1755.425727497459,7843.1753517663055,368.43093159190073,200,50000,5,9535879
15,146.1046348632505,68.08890671666794,305.91099589373954,1048.115706818976,74.86540762992685,1606.4515618493883,7860.86780114232,525.9136192195122,200,50000,5,9535879
11,532.6362725268469,31.84649852484742,355.0125988427651,735.0159365998801,73.501593659988,4233.620782887708,5512.6195244991,240.88116579584437,200,50000,5,9535879
11,482.15376781343224,110.68262986153414,389.8370622781635,685.0534928771166,68.50534928771165,4446.272982562248,5137.901196578375,410.8996080172154,200,50000,5,9535879
16,240.08658067924694,72.40143823891783,276.39807185573153,963.2323739937813,64.21549159958542,2343.6601418862356,7224.242804953359,417.80843435104174,200,50000,5,9535879
14,117.5272887878177,78.18233191857247,325.8477269203617,1084.181750145534,83.39859616504107,1467.8221552979264,8131.3631260915045,385.6008937645202,200,50000,5,8271480
12,365.4513564722119,73.42751706538117,322.68067305581945,851.970420581995,77.451856416545,3291.591551531948,6389.778154364963,307.1775076582421,200,50000,5,8271480
12,231.16981444057393,101.96101676663248,272.662649671531,960.5383507089782,87.32166824627075,2498.4812340540484,7204.037630317336,288.0781062033885,200,50000,5,8271480
13,367.10119729205854,87.96075869440472,321.6942409858748,833.5838921862951,69.46532434885792,3412.9646698984743,6251.879191397213,325.34614981619285,200,50000,5,8271480
12,234.20099430361174,87.59077363878522,338.2071619935161,956.2468347796098,86.93153043450998,2413.438259567977,7171.851260847074,382.0876203104459,200,50000,5,8271480
12,539.8645007472908,120.34154853412619,389.0536046728029,623.9503262309622,56.72275693008748,4951.545369610628,4679.627446732216,337.99767654189384,200,50000,5,6394530
14,183.57591814739382,130.2517727037665,302.8484924632572,941.6129069095921,72.43176206996863,2353.7076813837025,7062.096801821941,431.3544538570044,200,50000,5,6394530
20,171.9344203483549,95.03296978015688,313.4213753315169,984.6376740036242,51.82303547387496,2002.2554259638384,7384.782555027181,603.9667192836779,200,50000,5,6394530
13,196.17030474601603,91.26927730293039,256.1611536409655,988.7594653646574,82.39662211372145,2155.7968653670982,7415.695990234931,416.0675701903136,200,50000,5,6394530
9,562.1837798794687,143.34586452940297,353.9045821791763,595.0346284617941,74.37932855772426,5291.472333066538,4462.759713463456,238.426149437703,200,50000,5,6394530
13,259.1739000593046,93.44020521751663,310.2149710971365,913.821288283443,76.15177402362025,2644.6057895761587,6853.659662125822,455.6760418406026,200,50000,5,8372552
7,393.55301272949345,98.88752376977507,357.19628171264014,806.6516906928888,134.4419484488148,3693.304023744514,6049.887680196666,238.26173422426683,200,50000,5,8372552
14,165.28990540093787,89.81829001152921,252.11623959216232,1022.5373707414301,78.65672082626385,1913.311465593503,7669.030280560726,405.72113580649614,200,50000,5,8372552
10,523.8622216514119,130.46757328207897,348.30201967328605,651.3227854234608,72.36919838038453,4907.473462001182,4884.920890675956,164.82989348353576,200,50000,5,8372552
9,482.28953603378284,82.01049772230365,336.6212875338094,733.7489585843899,91.71861982304874,4232.250253170649,5503.117189382924,263.32482416318,200,50000,5,8372552
14,137.1348646214752,49.831425847933446,255.582244797931,872.6038493641885,67.1233730280145,1402.2471785205648,6544.528870231414,368.23733895628936,200,50000,6,4474730
11,192.0458919419609,83.84249464932493,319.955756091139,796.8723156531773,79.68723156531773,2069.162899434644,5976.54236739883,286.94796893039126,200,50000,6,4474730
9,361.6869793583798,13.37618341005168,237.17879085062617,691.7140602698646,86.46425753373308,2812.973720763236,5187.855452023985,284.58441657088696,200,50000,6,4474730
10,357.32223285033575,34.45251926436558,232.6701941491761,672.5353695222831,74.72615216914257,2938.31064086026,5044.015271417123,311.0698889098498,200,50000,6,4474730
8,277.1107480262205,16.568925504856445,294.6855087595463,788.7072643365703,112.67246633379577,2202.597551483077,5915.304482524278,172.29317457776295,200,50000,6,4474730
9,302.1196839194908,146.7101554060179,307.647312191197,632.7692442911865,79.09615553639831,3366.223794941315,4745.769332183899,195.76549730594758,200,50000,6,4474730
8,494.027777316912,99.68248932791468,311.47806872912474,492.83835955613904,70.40547993659129,4452.8269998362,3696.287696671043,182.3401599493096,200,50000,6,9944578
13,233.39474613435883,202.90466287411024,324.63408031974205,624.6202691163886,52.05168909303239,3272.245567563518,4684.652018372914,348.1713937705297,200,50000,6,9944578
12,91.6277346480139,128.68927209700703,270.96365300464737,834.287251404213,75.84429558220118,1652.377550587657,6257.154385531597,400.72899200523045,200,50000,6,9944578
13,269.0755443634847,172.5437409334057,292.81636932972197,616.129012338557,51.344084361546415,3312.144639726678,4620.9675925391775,386.4843039824212,200,50000,6,9944578
12,212.9800233295434,62.98864201150246,257.3254308304439,769.8688522983753,69.98807748167047,2069.7649900578435,5774.016392237814,413.3610952352358,200,50000,6,9944578
10,273.8184890306461,143.25983260964702,263.0767582010575,648.192764685637,72.02141829840411,3128.087412302198,4861.445735142278,303.13544882781906,200,50000,6,9944578
11,300.1127183651303,34.122201269643035,256.04319950384695,726.9893784775159,72.69893784775158,2506.7618972608,5452.420338581369,369.32980138505224,200,50000,6,9925823
9,342.00428522857857,121.4209017180872,360.80540437453953,612.824140285231,76.60301753565388,3475.688902099993,4596.181052139233,259.0031803021669,200,50000,6,9925823
4,240.18574248064698,286.8901728291016,387.93683529479665,576.2603826141094,192.08679420470312,3953.069364823114,4321.9528696058205,53.56535980859879,200,50000,6,9925823
5,302.86839042007654,135.05402000642755,307.8121250993433,652.3580482637116,163.0895120659279,3284.4180781987807,4892.685361977837,151.11385739103963,200,50000,6,9925823
5,375.82429799268925,226.26848022066227,382.5674800771943,488.40599987667775,122.10149996916944,4515.695836600136,3663.044999075083,148.70259323034566,200,50000,6,9925823
7,489.5393673577157,194.15735081237236,324.1258157720068,400.40840292084204,66.73473382014033,5127.725386275661,3003.063021906315,201.70594561558275,200,50000,6,9925823
9,414.0265482354822,69.52358345650738,326.9925315624639,591.5210617588685,73.94013271985857,3626.6259876899217,4436.407963191514,250.21629145875502,200,50000,6,3820097
6,524.2234398739593,74.55049754121872,245.40628614676783,479.6677210118288,95.93354420236577,4490.804530613835,3597.507907588716,160.58949059073424,200,50000,6,3820097
9,253.92664986294312,154.69714300549947,308.62691401349855,673.8205689371621,84.22757111714526,3064.6784465133196,5053.654267028715,212.87614336725213,200,50000,6,3820097
12,322.1465642857979,147.2535808609566,279.12592267536996,594.6470087226222,54.05881897478384,3520.501088600659,4459.8525654196665,343.4559201007006,200,50000,6,3820097
11,80.7396638769323,95.87465261324793,234.6890368857754,878.1750320944669,87.8175032094467,1324.6073736763517,6586.312740708502,401.7333515513687,200,50000,6,3820097
7,338.3341603583686,65.16032184258326,328.6843481294982,672.2533649410119,112.04222749016866,3026.2086165071387,5041.900237057589,257.23750712976374,200,50000,6,3820097
12,175.64301334813223,36.142679920413656,275.8705397968987,858.6445148005755,78.05859225459777,1588.3926995140941,6439.8338610043165,294.21878852215946,200,50000,6,9535879
10,242.32954336908463,68.08890671666794,307.9777294103902,753.9028349493204,83.7669816610356,2328.138375643144,5654.271262119903,318.8736739646307,200,50000,6,9535879
11,271.9769170403024,31.84649852484742,321.5726455457038,775.5716735728928,77.55716735728927,2278.675616738624,5816.787551796696,235.64678100452832,200,50000,6,9535879
13,144.21180827286344,110.68262986153414,305.49631688432066,786.3281526449681,65.52734605374734,1911.7082860079818,5897.461144837261,440.0752527662487,200,50000,6,9535879
13,240.08658067924694,72.40143823891783,257.2993296544059,749.248915871626,62.43740965596883,2343.6601418862356,5619.366869037195,361.83289461887574,200,50000,6,9535879
7,449.4134503713192,139.87418438156558,282.3663894728376,495.6528881172977,82.60881468621629,4419.657260646635,3717.3966608797327,190.9379925998734,200,50000,6,9535879
8,387.27958425119743,78.18233191857247,326.7693025098429,615.4315974818073,87.91879964025819,3490.964371273274,4615.736981113555,220.97815533586234,200,50000,6,8271480
13,100.4069232280678,73.42751706538117,229.64097545135985,889.6126832690628,74.1343902724219,1303.758302200867,6672.095124517971,346.18941867590837,200,50000,6,8271480
8,365.8104856358231,131.68680594927534,322.4467638470505,582.2855270335785,83.18364671908265,3731.229686888238,4367.141452751839,192.94452336430416,200,50000,6,8271480
9,399.75750793389335,87.96075869440472,277.5171177581421,586.9534189141807,73.36917736427259,3657.8869997122356,4402.150641856355,257.99358073896997,200,50000,6,8271480
7,332.5365798125568,87.59077363878522,294.83383172265195,656.6638003200063,109.44396672000106,3150.955150885065,4924.978502400048,233.45243151569792,200,50000,6,8271480
8,479.22833323571837,168.61086857166467,310.46846172106916,424.91412849102846,60.702018355861206,4858.794013555373,3186.8559636827135,283.3271217457444,200,50000,6,8271480
7,502.6509479220032,120.34154853412619,334.09040490039337,459.08956075552544,76.51492679258757,4672.443723420971,3443.1717056664406,198.52834714430588,200,50000,6,6394530
10,187.35595329857338,130.2517727037665,238.59398468101972,761.3101277321139,84.59001419245709,2382.057945017549,5709.825957990854,237.03386232593306,200,50000,6,6394530
9,294.0666456750606,293.3122660987595,389.7825899222541,489.8467709576634,61.230846369707926,4405.3418383036515,3673.8507821824755,244.41512699732303,200,50000,6,6394530
10,338.6460629534046,91.26927730293039,280.2245476527937,636.6237692119734,70.73597435688593,3224.3650519225125,4774.6782690898,322.6633741754034,200,50000,6,6394530
14,420.83033301162527,143.34586452940297,306.8261950572892,481.5593912355305,37.043030095040805,4231.321481557712,3611.6954342664785,475.9940099622714,200,50000,6,6394530
5,539.8645007472908,261.8648963939742,414.7633902286058,289.1632603718302,72.29081509295754,6012.970478559488,2168.7244527887265,150.1797934902576,200,50000,6,6394530
8,326.8266209747652,93.44020521751663,300.9435941474052,655.3628414721135,93.62326306744478,3152.0011964421137,4915.221311040851,266.09316666947205,200,50000,6,8372552
8,393.55301272949345,98.88752376977507,267.31280808554084,575.9761091603424,82.28230130862035,3693.304023744514,4319.8208187025675,290.2119244670718,200,50000,6,8372552
6,459.29802237936036,110.88324441178372,281.2014324936801,514.1251871164126,102.82503742328251,4276.35950093358,3855.9389033730945,175.1848155734985,200,50000,6,8372552
5,389.57999624100347,141.90558691320103,380.02957665280934,569.7433464666809,142.43583661667023,3986.141873656534,4273.075098500107,64.61336869797832,200,50000,6,8372552
6,515.5721690761064,82.01049772230365,259.39827333236343,484.94372781872113,96.98874556374423,4481.870000988076,3637.0779586404083,199.00861718175668,200,50000,6,8372552
14,183.60918731452415,89.81829001152921,223.02148535474205,776.9386993859622,59.76451533738171,2050.7060799454002,5827.040245394716,435.1252606954347,200,50000,6,8372552
6,357.32223285033575,156.76310920803283,252.17775018006947,293.41537137326986,58.683074274653976,3855.6400654377644,2200.6152852995237,170.53545216835064,200,50000,8,4474730
5,386.79720267098946,83.84249464932493,232.95626413704525,337.53334107836673,84.38333526959168,3529.797729902358,2531.5000580877504,132.9052845214461,200,50000,8,4474730
7,236.140784299456,13.37618341005168,168.36409530476797,559.7475249519632,93.29125415866054,1871.3772578213075,4198.106437139724,156.13727596909527,200,50000,8,4474730
5,222.21305010635822,34.45251926436558,207.82242010669756,564.9671270625554,141.24178176563885,1924.9917702804285,4237.253452969166,84.32817319960401,200,50000,8,4474730
10,184.96005821027927,16.568925504856445,217.08406314576388,564.7705873054962,62.75228747838847,1511.4673778635179,4235.779404791221,242.04815178582982,200,50000,8,4474730
3,364.64875100874326,146.7101554060179,293.186550908425,307.42319084470256,153.71159542235128,3835.1917981107085,2305.673931335269,88.86089760762114,200,50000,8,4474730
7,192.0458919419609,121.75443024662259,253.36956729143262,488.555787605038,81.42596460083966,2353.502416414376,3664.168407037785,173.08825471446397,200,50000,8,4474730
7,373.07823120626006,49.831425847933446,230.4211715514148,387.0981781840086,64.5163630306681,3171.8224279064516,2903.2363363800646,160.95048691066046,200,50000,8,4474730
8,246.31878858476284,99.68248932791468,240.12277651073674,454.99441148628375,64.99920164089768,2595.0095843450817,3412.458086147128,240.37877173352194,200,50000,8,9944578
6,352.54248423655497,202.90466287411024,302.158050725209,253.3534855985805,50.6706971197161,4165.85360332999,1900.1511419893538,182.93401544785146,200,50000,8,9944578
5,366.5082640337072,128.68927209700703,251.52742666796127,319.2250178955006,79.80625447387516,3713.9815209803564,2394.1876342162545,123.44859619312471,200,50000,8,9944578
5,231.48234166197594,185.82595823092683,220.6688898386529,395.8986245527413,98.97465613818532,3129.8122491967706,2969.2396841455597,147.8286628490031,200,50000,8,9944578
8,279.19214356089174,62.98864201150246,213.1953579264129,425.51797220165247,60.78828174309321,2566.3558917929563,3191.3847915123933,312.9460366061529,200,50000,8,9944578
5,327.7691029483284,178.28375377544987,277.4972894488127,297.2521511374058,74.31303778435145,3795.3964254283374,2229.3911335305434,141.88911094439527,200,50000,8,9944578
4,330.48992009295335,143.25983260964702,266.84758216522846,347.5989502404084,115.8663167468028,3553.123145269503,2606.992126803063,89.50344915269588,200,50000,8,9944578
5,103.89035690060813,212.9800233295434,210.24539080637174,489.93684401839425,122.48421100459856,2376.5278517261363,3674.526330137957,180.5800802577687,200,50000,8,9944578
6,327.2672418261378,22.645572025246103,228.3702708203667,459.25189583839716,91.85037916767943,2624.3461038853793,3444.3892187879787,168.59583588220943,200,50000,8,9925823
6,342.00428522857857,121.4209017180872,244.56923502624488,338.1323106605537,67.62646213211073,3475.688902099993,2535.9923299541524,153.1487050116995,200,50000,8,9925823
5,286.8901728291016,99.10274163246902,172.48894257433818,407.7884505079545,101.94711262698863,2894.9468584617794,3058.4133788096588,141.92422498293112,200,50000,8,9925823
7,269.5185179336969,228.34937806101948,240.01856846615672,298.899710331216,49.816618388536,3734.009219960373,2241.74782748412,226.3329439773197,200,50000,8,9925823
4,351.0058812610844,181.24480997379368,244.6219392236872,281.9386777786102,93.97955925953674,3991.880184261586,2114.5400833395765,115.09297576252825,200,50000,8,9925823
6,314.9766698122372,135.05402000642755,252.35042436958875,348.92023872261916,69.78404774452383,3375.230173639986,2616.9017904196435,150.0327674001756,200,50000,8,9925823
4,380.33966690488586,194.15735081237236,288.2920742553497,241.41842866607385,80.47280955535795,4308.727632879437,1810.6382149955539,113.75817771792813,200,50000,8,9925823
9,237.40159326094712,114.4237847423873,250.28686693562497,434.91791304090873,54.36473913011359,2638.690335025008,3261.8843478068156,321.27093719125213,200,50000,8,9925823
6,168.96949594910063,74.55049754121872,223.79682853364193,568.0928717298824,113.61857434597648,1826.399951177395,4260.696537974118,144.0617308822296,200,50000,8,3820097
6,257.172077937297,80.38001333038373,159.38657754407444,463.64621895496936,92.72924379099388,2531.6406845076053,3477.34664216227,197.06388715518344,200,50000,8,3820097
5,374.35778567034833,154.69714300549947,246.73455260982837,278.0311682170276,69.5077920542569,3967.9119650688585,2085.233761627707,91.05109946125526,200,50000,8,3820097
9,306.29791628899017,101.20365172999608,230.07591286226975,391.7781760596981,48.972272007462266,3056.2617601423967,2938.336320447736,238.85843231840508,200,50000,8,3820097
7,72.40371882462325,95.87465261324793,200.61658454773422,608.33328048485,101.38888008080833,1262.087785784034,4562.499603636375,294.7209877948192,200,50000,8,3820097
7,303.69887910784814,67.78415834045411,213.26189359239783,399.06583523743825,66.51097253957305,2786.1227808622666,2992.9937642807868,211.05308656425274,200,50000,8,3820097
6,287.82853595340345,80.7396638769323,254.57852635571092,433.4523372901396,86.69046745802792,2764.2614987275183,3250.892529676047,208.6904170183707,200,50000,8,3820097
5,213.58022561698797,69.52358345650738,252.04291009955733,529.8655026228344,132.4663756557086,2123.278568051215,3973.9912696712577,127.27959937482505,200,50000,8,3820097
5,342.77461317974246,36.142679920413656,246.56749969859575,426.1191370589711,106.52978426474277,2841.8796982511712,3195.893527942283,131.78175562751414,200,50000,8,9535879
6,277.7366748894279,68.08890671666794,255.22991039351336,449.17456929068896,89.8349138581378,2593.691862045719,3368.8092696801673,216.57674955168926,200,50000,8,9535879
8,312.77928427213425,31.84649852484742,264.3966967438835,465.7501165594572,66.53573093706531,2584.693370977362,3493.125874195929,171.39233480556598,200,50000,8,9535879
7,166.84643016109735,110.68262986153414,181.2643596680743,525.3633342344905,87.56055570574841,2081.467950169736,3940.225006758679,202.24391729280748,200,50000,8,9535879
6,197.9140837459142,139.87418438156558,256.70313090771157,420.42138660450047,84.0842773209001,2533.4120109560986,3153.1603995337537,189.8442698757279,200,50000,8,9535879
8,60.75449955836715,183.46068127115308,212.92259174117527,533.1357310479442,76.16224729256346,1831.6138562214016,3998.5179828595815,200.5944942541519,200,50000,8,9535879
11,93.00298659927914,72.40143823891783,235.49648793538717,626.3175328350949,62.63175328350949,1240.5331862864773,4697.381496263211,283.2921675614334,200,50000,8,9535879
5,383.8424859108936,146.1046348632505,276.5422843542989,284.60683667144065,71.15170916786016,3974.6034058060804,2134.551275035805,98.79184533688189,200,50000,8,9535879
4,391.3116656779408,78.18233191857247,269.98414146268595,336.68961272293774,112.22987090764592,3521.2049819738495,2525.172095422033,103.18114509349965,200,50000,8,8271480
8,222.16785658063787,73.42751706538117,190.84412300742414,499.81790097798404,71.40255728256915,2216.965302345143,3748.63425733488,218.70366044919965,200,50000,8,8271480
3,402.5888343687432,168.08206464981726,281.28452415091874,248.84087925042803,124.42043962521402,4280.031742639204,1866.3065943782103,89.79759583298583,200,50000,8,8271480
5,208.55927624828354,100.4069232280678,241.81684466090616,511.6468637771366,127.91171594428415,2317.246496072635,3837.3514783285245,85.03140210517356,200,50000,8,8271480
5,362.16656286752925,87.59077363878522,243.48268070085496,353.23034580207974,88.30758645051993,3373.1800237973584,2649.227593515598,160.47944022067458,200,50000,8,8271480
7,234.0827534172443,168.61086857166467,271.84008642027146,388.9192795704212,64.81987992840354,3020.2021649168173,2916.894596778159,250.67831965649864,200,50000,8,8271480
12,131.07130483516045,87.96075869440472,226.27171426106932,569.4877037692239,51.77160943356581,1642.7404764717387,4271.157778269179,280.27199373641207,200,50000,8,8271480
3,394.93985354765465,117.5272887878177,271.54234255780705,305.9642691085998,152.9821345542999,3843.5035675160425,2294.7320183144984,64.6136124800185,200,50000,8,8271480
7,360.2763689726216,120.34154853412619,299.67679811760274,322.15813304599976,53.693022174333294,3604.634381300608,2416.1859978449984,218.7873733644914,200,50000,8,6394530
5,376.8594839203046,130.2517727037665,258.0805766229761,298.63654962549674,74.65913740637419,3803.3344246805336,2239.7741221912256,188.32410901361897,200,50000,8,6394530
5,197.65913623356107,95.03296978015688,262.0663854217867,520.0361329800605,130.00903324501513,2195.1907951028843,3900.270997350454,139.14922781215452,200,50000,8,6394530
4,338.6460629534046,91.26927730293039,216.35856470420322,383.48085161847393,127.8269505394913,3224.3650519225125,2876.1063871385545,135.94478310043831,200,50000,8,6394530
5,136.06931539103718,143.34586452940297,173.0853350586287,530.7519652631527,132.68799131578817,2095.613849403301,3980.639739473645,118.35132214823017,200,50000,8,6394530
7,183.57591814739382,238.57407693878957,272.77860313297515,385.70594274177716,64.2843237902962,3166.124963146375,2892.7945705633288,167.41043231756703,200,50000,8,6394530
6,291.99195321368364,188.67976425510315,302.9367937426777,293.6342954430541,58.72685908861082,3605.0378810159013,2202.257215822906,203.24120143927894,200,50000,8,6394530
5,340.73018771617626,187.35595329857338,234.51251713925816,293.62201275495204,73.40550318873801,3960.646057610622,2202.16509566214,83.62731471978142,200,50000,8,6394530
8,351.3925798506604,93.44020521751663,209.42891811787072,350.7595656143369,50.1085093734767,3336.2458880113277,2630.696742107527,280.65158058996553,200,50000,8,8372552
2,393.55301272949345,98.88752376977507,246.22026824963427,297.9986480121654,297.9986480121654,3693.304023744514,2234.9898600912406,90.74784964016331,200,50000,8,8372552
5,277.99061225476805,110.88324441178372,251.69704787868005,426.0932751392887,106.52331878482218,2916.5539249991384,3195.6995635446656,123.01829640425264,200,50000,8,8372552
7,190.75840029427715,141.90558691320103,244.31856586651594,465.9431843466729,77.65719739111215,2494.979904056086,3494.573882600047,203.335444836617,200,50000,8,8372552
5,367.8059240897695,82.01049772230365,218.06833048986104,345.24301931374555,86.31075482843639,3373.6231635905488,2589.322644853092,149.2097180101747,200,50000,8,8372552
5,372.510706590486,183.60918731452415,277.3950091221051,232.5741235887829,58.143530897195724,4170.899204287576,1744.3059269158716,176.58927896861206,200,50000,8,8372552
8,331.0845900956849,130.46757328207897,229.19292942838075,297.43835676764525,42.491193823949324,3461.641225333229,2230.7876757573395,200.2718273802138,200,50000,8,8372552
4,391.24515787918705,89.81829001152921,269.2213607576296,331.3177383983133,110.43924613277109,3607.975859180372,2484.88303798735,114.69402400659503,200,50000,8,8372552
5,148.78241441107318,156.76310920803283,214.99062697273274,341.09531572437146,85.27382893109286,2291.591427143295,2558.214867932786,120.85540196657101,200,50000,10,4474730
5,235.53750614549836,83.84249464932493,202.70432483194708,320.5729607480045,80.14324018700113,2395.3500059611747,2404.297205610034,133.2972113420792,200,50000,10,4474730
4,322.0643555757218,13.37618341005168,175.30950553862883,318.17243891827746,106.05747963942582,2515.8040423933007,2386.293291887081,78.96197512446948,200,50000,10,4474730
5,256.1331522599033,34.45251926436558,185.0141391986546,318.3732963301418,79.59332408253545,2179.392536432016,2387.7997224760634,121.36054462427445,200,50000,10,4474730
6,264.5085528675308,16.568925504856445,213.37040912145525,356.23663278554477,71.24732655710895,2108.0810877929043,2671.7747458915856,143.5813398383061,200,50000,10,4474730
6,192.0458919419609,121.75443024662259,222.17421905435356,329.0082755138465,65.8016551027693,2353.502416414376,2467.562066353849,141.71687515437185,200,50000,10,4474730
5,262.43115636229965,49.831425847933446,175.0881103294733,247.10944400641978,61.777361001604945,2341.969366576748,1853.3208300481483,136.33395652739736,200,50000,10,4474730
4,282.3805982985542,90.25660251167969,214.88483122449682,259.3044645863385,86.4348215287795,2794.7790060767547,1944.7834843975388,140.55821951388364,200,50000,10,4474730
4,212.04573246414614,223.52288055720717,257.42935596137505,221.11564780683798,73.70521593561266,3266.76459766015,1658.367358551285,62.59234094530608,200,50000,10,4474730
7,150.9592125604664,137.1348646214752,218.78330241117916,330.51551324625336,55.08591887437556,2160.705578864562,2478.8663493469003,212.4065612281222,200,50000,10,4474730
5,211.2121970822448,99.68248932791468,182.38894267837966,340.00727244398365,85.00181811099591,2331.7101480761958,2550.0545433298776,116.72742463585783,200,50000,10,9944578
4,273.8184890306461,103.89035690060813,180.96833535375288,262.5918717953865,87.5306239317955,2832.8163444844067,1969.4390384653989,115.21415610956186,200,50000,10,9944578
3,279.19214356089174,128.68927209700703,219.35161066490767,242.413197738008,121.206598869004,3059.1106174342403,1818.09898303506,76.92059400684673,200,50000,10,9944578
4,184.85733240644603,172.5437409334057,229.7327250741818,290.0130163718786,96.67100545729288,2680.508050048888,2175.0976227890897,118.07704314277797,200,50000,10,9944578
4,316.18938327157775,113.71447192884406,240.5838736866509,213.18596113117502,71.06198704372501,3224.2789140031637,1598.8947084838126,161.5122027294329,200,50000,10,9944578
2,296.2178072042247,206.78318309952738,251.50049515187604,127.16441032777824,127.16441032777824,3772.5074272781408,953.7330774583368,80.10771300979351,200,50000,10,9944578
3,306.1237373672775,233.39474613435883,275.67844069755745,119.09855628615365,59.549278143076826,4046.3886262622723,893.2391721461524,54.68964068336864,200,50000,10,9944578
3,290.1585525340235,178.28375377544987,226.73214238568127,179.00669127127722,89.50334563563861,3513.31729732105,1342.550184534579,120.46194739014813,200,50000,10,9944578
5,184.27955198200323,91.6277346480139,184.05197782792555,371.99589302579716,92.99897325644929,2069.304649725128,2789.9691976934787,116.26287609735479,200,50000,10,9944578
6,222.0804043654445,62.98864201150246,185.52249990275456,348.39781659521304,69.67956331904261,2138.0178478271023,2612.983624464098,228.87116805170712,200,50000,10,9944578
3,314.45664246031373,34.122201269643035,178.7770163019536,294.0051390992267,147.00256954961336,2614.3413279746756,2205.0385432442004,69.07359323786089,200,50000,10,9925823
3,320.42561450933687,121.4209017180872,199.11334508703965,213.1485206016055,106.57426030080275,3313.8488717056803,1598.6139045120412,70.7158231388749,200,50000,10,9925823
3,298.7956469068273,240.18574248064698,275.29052073885856,82.55618834261779,41.278094171308894,4042.3604204060575,619.1714125696334,42.52477791154663,200,50000,10,9925823
4,156.67658528882106,223.9092002255342,212.67912071931565,260.24549315781474,86.74849771927158,2854.3933913576648,1951.8411986836104,123.47236424671702,200,50000,10,9925823
4,311.1963762126959,116.33985615200693,214.68727767607098,198.21439445541398,66.07146481847133,3206.521742735271,1486.6079584156048,93.04563990018495,200,50000,10,9925823
2,310.8216909547424,135.05402000642755,222.93785548058497,176.47154271306655,176.47154271306655,3344.0678322087747,1323.5365703479993,75.05865828737848,200,50000,10,9925823
4,99.10274163246902,114.4237847423873,150.66286157369066,436.26733995071424,145.42244665023807,1601.4489478114224,3272.005049630357,119.77296386948062,200,50000,10,9925823
3,326.61879977349673,216.58072850446078,276.239876413309,113.97751114412208,56.98875557206104,4073.9964620846813,854.8313335809156,68.04404898559294,200,50000,10,9925823
6,228.34937806101948,194.15735081237236,234.0261054520937,218.98644787826208,43.797289575652414,3168.8004665504386,1642.3983590869657,174.00945069148878,200,50000,10,9925823
7,181.24480997379368,22.645572025246103,192.5720303689849,417.03199040802326,69.50533173467055,1529.1778649927985,3127.7399280601744,155.23917559815595,200,50000,10,9925823
5,67.78415834045411,74.55049754121872,161.57107246243044,479.1492009857688,119.7873002464422,1067.5099191125462,3593.619007393266,140.82732623796042,200,50000,10,3820097
5,225.31022003665618,80.38001333038373,186.74792703464632,333.74040351298845,83.43510087824711,2292.6767502527996,2503.0530263474134,137.68632798772683,200,50000,10,3820097
4,204.06066577759594,154.69714300549947,200.91252409793483,284.9143347011001,94.97144490036669,2690.6835658732157,2136.8575102582504,110.11474515373271,200,50000,10,3820097
3,322.1465642857979,147.2535808609566,218.90350217002162,179.79627769415328,89.89813884707664,3520.501088600659,1348.4720827061496,97.44697487658141,200,50000,10,3820097
4,259.69515113543486,72.40371882462325,175.30037407533274,314.61763029670294,104.87254343223431,2490.7415247004355,2359.632227225272,138.71563779403888,200,50000,10,3820097
3,303.69887910784814,65.16032184258326,198.1366619835388,246.91304665530296,123.45652332765148,2766.444007128235,1851.8478499147723,113.30456448221979,200,50000,10,3820097
4,310.6341046898029,101.20365172999608,184.0531663257475,236.5396892711054,78.84656309036846,3088.783173148492,1774.0476695332904,114.31017536011919,200,50000,10,3820097
5,169.39632511828748,69.52358345650738,175.3927524036393,351.0064794674307,87.75161986685768,1791.8993143109615,2632.5485960057304,89.37683368479694,200,50000,10,3820097
4,253.92664986294312,95.87465261324793,211.94907809051978,293.6284712997684,97.8761570999228,2623.5097685714327,2202.213534748263,99.59838646266613,200,50000,10,3820097
5,311.24932154089004,80.7396638769323,208.0302653774253,238.62298970055355,59.65574742513839,2939.9173906336673,1789.6724227541515,194.4971990945232,200,50000,10,3820097
4,160.5946561073612,36.142679920413656,135.7073704722556,437.9238558421357,145.97461861404523,1475.5300202083115,3284.428918816018,167.3078611919446,200,50000,10,9535879
4,297.07843398842664,68.08890671666794,203.89719823191874,278.1233459723988,92.7077819907996,2738.7550552882094,2085.925094792991,146.79428055879282,200,50000,10,9535879
5,293.78769871883236,31.84649852484742,204.15900415019166,297.97643063676946,74.49410765919237,2442.2564793275983,2234.823229775771,135.2055000905375,200,50000,10,9535879
5,266.6020730667833,110.68262986153414,197.86115104613992,186.0073818131325,46.501845453283124,2829.6352719623806,1395.0553635984938,146.7013999488964,200,50000,10,9535879
4,204.81900819885325,139.87418438156558,207.00382838749607,284.0868670740348,94.69562235801159,2585.198944353141,2130.651503055261,113.62507837630416,200,50000,10,9535879
3,316.3924964385448,183.46068127115308,246.52218260236518,154.26542738074022,77.13271369037011,3748.898832822734,1156.9907053555517,59.36342967004686,200,50000,10,9535879
5,144.21180827286344,72.40143823891783,176.11031224010236,415.4891158967944,103.8722789741986,1624.5993488383594,3116.1683692259576,154.9790856301551,200,50000,10,9535879
8,232.3465726933274,60.75449955836715,203.177532356793,342.9486282533021,48.99266117904316,2198.258041887709,2572.114711899766,210.63131930920537,200,50000,10,9535879
4,306.32926687153804,112.6983322847228,215.2069379788515,215.2203038289274,71.74010127630913,3142.7069936719563,1614.1522787169556,131.36893606684353,200,50000,10,9535879
4,246.08206990362368,177.73376928315636,253.05956112520812,230.58664037270427,76.86221345756809,3178.6187939008505,1729.399802795282,68.96703911136433,200,50000,10,9535879
3,250.2563662270104,78.18233191857247,176.44779946359824,331.3642793301275,165.68213966506374,2463.2902360918715,2485.232094975956,33.43551445700662,200,50000,10,8271480
4,228.0783567797896,73.42751706538117,181.07273139037508,331.98822947357115,110.66274315785705,2261.2940538387807,2489.911721051784,74.05922159582246,200,50000,10,8271480
6,273.1826734341957,101.96101676663248,176.3599867126508,244.3415486234546,48.86830972469092,2813.5776765062114,1832.5616146759096,160.1250546491706,200,50000,10,8271480
6,272.05215805290214,100.4069232280678,223.43823551813873,274.3464307920205,54.8692861584041,2793.4431096072744,2057.598230940154,127.53115499045293,200,50000,10,8271480
5,268.35420142847425,87.59077363878522,177.99458669517983,248.17169423696004,62.04292355924001,2669.587313004446,1861.2877067772004,111.21750795234856,200,50000,10,8271480
5,209.48714886185888,168.61086857166467,216.80046497877498,228.2258285168577,57.05645712921442,2835.7351307514264,1711.6937138764326,148.8379872706822,200,50000,10,8271480
7,273.84668675140665,87.96075869440472,226.94844251050114,268.2753622451537,44.712560374192286,2713.5558408435854,2012.0652168386528,194.85306342919202,200,50000,10,8271480
2,302.15988533794877,117.5272887878177,209.84358706288322,184.6371796484552,184.6371796484552,3147.6538059432482,1384.7788473634141,54.009661940216105,200,50000,10,8271480
4,241.7142511277228,212.17067863960656,231.04148093968507,121.924995752435,40.64166525081166,3404.13697325497,914.4374681432624,120.89374151549137,200,50000,10,8271480
2,326.0306957281621,222.16785658063787,274.09927615439994,103.86382398553273,103.86382398553273,4111.489142315999,778.9786798914955,84.28915703550001,200,50000,10,8271480
3,323.68364174283863,120.34154853412619,244.68263463533128,209.1426447552718,104.5713223776359,3330.1889270772363,1568.5698356645385,91.00033925228031,200,50000,10,6394530
4,228.420368692197,130.2517727037665,210.30094887091255,225.2014370987458,75.06714569958193,2690.0410604697263,1689.0107782405935,112.11202514396881,200,50000,10,6394530
3,272.28712341879316,95.03296978015688,220.21078643256988,288.67629293496356,144.33814646748178,2754.900698992125,2165.0721970122268,64.5424117752709,200,50000,10,6394530
6,185.96148503076643,91.26927730293039,212.28455939527808,370.9232952832487,74.18465905664974,2079.2307175027263,2781.924714624365,135.59563755475276,200,50000,10,6394530
5,188.67976425510315,143.34586452940297,213.91532025327015,312.8218951421335,78.20547378553337,2490.192215883796,2346.1642135660013,145.61952690426185,200,50000,10,6394530
3,325.40702452262735,238.57407693878957,275.28199928513044,90.13585482226877,45.067927411134384,4229.858260960627,676.0189111670157,93.69470650681345,200,50000,10,6394530
6,230.16201107194104,166.11038298760198,216.07905751263172,213.91899676463328,42.78379935292666,2972.0429554465723,1604.3924757347495,161.66542333030412,200,50000,10,6394530
7,102.63870813491383,90.41342549758544,165.34462078848898,442.06163674798336,73.67693945799722,1447.8910022437444,3315.462275609875,205.49789075391146,200,50000,10,6394530
8,137.39439692843226,94.30083071389777,166.74989936598627,388.2538733878769,55.46483905541099,1737.7142073174753,2911.9040504090767,272.5888139210598,200,50000,10,6394530
6,264.3272890002335,103.47984128501655,205.50283389792955,275.838624649406,55.167724929881196,2758.5534771393754,2068.789684870545,161.6602292037603,200,50000,10,6394530
8,203.31210785189282,93.44020521751663,169.21691651914767,314.48966134747894,44.92709447821128,2225.642348020571,2358.672460106092,298.74562429394757,200,50000,10,8372552
4,194.9682909567223,98.88752376977507,214.32591679753847,349.7583398639499,116.58611328798331,2203.9186104487303,2623.1875489796244,120.33679837203015,200,50000,10,8372552
3,286.9108367891453,110.88324441178372,235.6001822112028,234.84537350020452,117.42268675010226,2983.4556090069677,1761.340301251534,94.73770499376883,200,50000,10,8372552
3,323.45998905950785,141.90558691320103,242.10105057999317,190.69948178019575,95.34974089009788,3490.2418197953166,1430.2461133514682,64.63622560330467,200,50000,10,8372552
4,126.69893922712093,82.01049772230365,142.3418287646867,380.43582561674947,126.81194187224982,1565.3207771206844,2853.268692125621,145.9117723645518,200,50000,10,8372552
3,279.86735252790993,206.90393720726118,248.50571151385756,145.0019854927289,72.50099274636445,3650.784673013783,1087.5148911954666,129.65942312836194,200,50000,10,8372552
4,218.74826948538828,252.2060597062889,252.1673171098151,178.88253298991108,59.62751099663703,3532.157468937579,1341.6189974243332,60.98506991765406,200,50000,10,8372552
3,277.82419077719993,89.81829001152921,183.75055603441777,199.85783836383365,99.92891918191683,2757.3186059154687,1498.9337877287523,106.69947633510333,200,50000,10,8372552
5,277.99061225476805,130.46757328207897,186.46521913160313,207.91207457175528,51.97801864293882,3063.436391526353,1559.3405592881645,150.8717374182876,200,50000,10,8372552
30,639.6719573995754,13.37618341005168,331.7524413343799,1770.1872749695237,61.040940516190474,4897.861056072203,13276.404562271427,764.608468619246,200,100000,2,4474730
38,339.5815929722346,16.568925504856445,358.5960274702386,1859.9178531778623,50.26805008588817,2671.128888578183,13949.383898833967,994.8086217514339,200,100000,2,4474730
36,343.58005401226285,99.68248932791468,287.27247824167335,1772.0367429425057,50.629621226928734,3324.469075051332,13290.275572068793,1025.2158181699697,200,100000,2,9944578
35,470.30109867230124,103.89035690060813,353.99591364594505,1891.8535997277982,55.642752933170534,4306.4359167968205,14188.901997958486,1057.3609474642203,200,100000,2,9944578
34,498.2646247471118,22.645572025246103,398.0293043803603,1845.1284607328837,55.91298365857223,3906.8264757926836,13838.463455496627,1015.5647563945399,200,100000,2,9925823
32,577.7573535210013,121.4209017180872,399.46815482726487,1740.6680054034803,56.1505808194671,5243.836914293163,13055.010040526102,808.2074674257882,200,100000,2,9925823
28,169.39632511828748,69.52358345650738,351.25912551141874,1765.500295604053,65.38889983718715,1791.8993143109615,13241.252217030398,737.9147818247217,200,100000,2,3820097
36,544.0113542309882,65.16032184258326,369.2953195414455,1730.746758442955,49.44990738408443,4568.787570551786,12980.600688322163,982.2550384837641,200,100000,2,3820097
34,609.7363335029563,31.84649852484742,323.33872180137394,1672.3972835251145,50.67870556136711,4811.871240208528,12542.979626438359,947.1603949540167,200,100000,2,9535879
35,505.01778746736005,68.08890671666794,319.2732678443005,1820.054439308363,53.53101292083421,4298.3002063802105,13650.408294812723,1080.3231162545524,200,100000,2,9535879
33,462.8671564256898,78.18233191857247,371.0979027242436,1805.4884267419525,56.421513335686015,4057.871162581967,13541.163200564644,1037.4079607117392,200,100000,2,8271480
26,479.10641562972023,100.4069232280678,321.29054998196887,1793.2061329320386,71.72824531728155,4346.35004143341,13449.04599699029,640.3301109499298,200,100000,2,8271480
35,286.05923443047675,120.34154853412619,347.91497516173405,1746.0514489083973,51.35445437965875,3048.005872234522,13095.38586681298,1004.0034469398098,200,100000,2,6394530
38,340.73018771617626,130.2517727037665,325.19908455570305,1776.7004073294725,48.01892992782358,3532.3647031495707,13325.253054971043,1096.5174816362287,200,100000,2,6394530
33,469.36384718050357,120.47438388925033,327.43851737166375,1788.8682337717787,55.902132305368085,4423.786733023154,13416.51175328834,789.0637285482372,200,100000,2,8372552
28,339.6319611895621,98.88752376977507,361.6451220606003,1773.6905239514856,65.6922416278328,3288.896137195029,13302.678929636142,880.7875596878347,200,100000,2,8372552
29,639.6719573995754,49.831425847933446,342.73093298694295,1727.7021045232955,61.70364659011769,5171.275374356316,12957.765783924717,743.6199528943852,200,100000,3,4474730
34,497.54089958612195,34.45251926436558,359.81709741791036,1830.044535222967,55.45589500675658,3989.950641378656,13725.334014172253,880.0779771099611,200,100000,3,4474730
29,449.94848587456994,13.37618341005168,348.0146169155859,1870.6124059234187,66.80758592583638,3474.9350196346622,14029.593044425641,792.9379954585664,200,100000,3,4474730
36,292.9698519786788,99.68248932791468,285.37243522453525,1762.6727122676166,50.362077493360474,2944.892559799451,13220.045342007124,1019.5638948359876,200,100000,3,9944578
35,470.30109867230124,103.89035690060813,353.99591364594505,1891.8535997277982,55.642752933170534,4306.4359167968205,14188.901997958486,1057.3609474642203,200,100000,3,9944578
28,400.7803232096598,62.98864201150246,396.2765328346444,1875.8511709922643,69.4759692960098,3478.267239158717,14068.883782441982,751.5146206485589,200,100000,3,9944578
34,320.42561450933687,22.645572025246103,343.86220570847223,1831.7677648483461,55.50811408631352,2573.0338990093724,13738.258236362595,951.9723863188227,200,100000,3,9925823
30,483.0220682785284,121.4209017180872,427.38395731765456,1764.8572986929094,60.857148230789974,4533.322274974617,13236.42974019682,798.2809087310961,200,100000,3,9925823
30,407.3196494864211,116.33985615200693,379.5772892038202,1778.164097790546,61.31600337208779,3927.4462922882103,13336.230733429096,787.4045505482098,200,100000,3,9925823
29,169.39632511828748,69.52358345650738,424.9215756386966,1847.8626393533339,65.99509426261906,1791.8993143109615,13858.969795150004,653.8162482898073,200,100000,3,3820097
31,568.2362879292015,65.16032184258326,414.63686823629354,1841.0764599895447,61.36921533298482,4750.474573288386,13808.073449921585,828.0409103897209,200,100000,3,3820097
35,329.35493132114584,95.87465261324793,384.95500068557067,1783.1177349209254,52.44463926238016,3189.2218795079534,13373.38301190694,966.5135717669816,200,100000,3,3820097
32,433.830753046076,36.142679920413656,349.49398777626317,1838.9765748318146,59.32182499457466,3524.8007472486725,13792.32431123861,1008.0614324616779,200,100000,3,9535879
33,360.0526344811259,68.08890671666794,302.1045494692759,1748.8536771079048,54.651677409622025,3211.0615589834533,13116.402578309286,980.7153774478599,200,100000,3,9535879
32,505.01778746736005,31.84649852484742,368.48770398851025,1807.2247576817617,58.297572828443926,4026.482144941556,13554.185682613213,875.6570398004225,200,100000,3,9535879
33,462.8671564256898,78.18233191857247,371.0979027242436,1805.4884267419525,56.421513335686015,4057.871162581967,13541.163200564644,1037.4079607117392,200,100000,3,8271480
38,332.1121262909089,73.42751706538117,335.00738958349683,1800.463444382554,48.661174172501454,3041.5473251721755,13503.475832869155,835.2685365410563,200,100000,3,8271480
30,313.84833427328414,87.96075869440472,329.5292190291328,1797.2647274327755,61.97464577354398,3013.5681972576663,13479.485455745817,753.1562430252292,200,100000,3,8271480
28,583.6648963386031,120.34154853412619,384.92259713994946,1536.204866343398,56.896476531236964,5280.048336545469,11521.536497575486,816.4470131714606,200,100000,3,6394530
38,340.73018771617626,130.2517727037665,325.19908455570305,1776.7004073294725,48.01892992782358,3532.3647031495707,13325.253054971043,1096.5174816362287,200,100000,3,6394530
37,381.43344275904184,94.30083071389777,301.4088601181854,1776.011874793348,49.33366318870411,3568.007051047047,13320.08906095011,1127.9905202134862,200,100000,3,6394530
37,398.0676125400339,120.47438388925033,330.8092506697752,1770.9698948014925,49.19360818893035,3889.064973219632,13282.274211011194,1058.323647533436,200,100000,3,8372552
26,280.8106450989128,98.88752376977507,388.0656916564309,1927.988247852803,77.11952991411212,2847.7362665151586,14459.911858896023,798.953050574109,200,100000,3,8372552
25,351.5250395417067,82.01049772230365,402.3540900918959,1770.975690497451,73.79065377072713,3251.5165294800777,13282.317678730884,745.4872741250689,200,100000,3,8372552
29,639.6719573995754,49.831425847933446,342.73093298694295,1727.7021045232955,61.70364659011769,5171.275374356316,12957.765783924717,743.6199528943852,200,100000,4,4474730
33,440.84860823057164,83.84249464932493,382.52106101894475,1790.5272723767512,55.953977261773474,3935.183271599224,13428.954542825633,848.6533941299283,200,100000,4,4474730
29,449.94848587456994,13.37618341005168,348.0146169155859,1870.6124059234187,66.80758592583638,3474.9350196346622,14029.593044425641,792.9379954585664,200,100000,4,4474730
31,121.75443024662259,34.45251926436558,256.76812500910853,1800.342967949897,60.011432264996564,1171.5521213324114,13502.572259624227,889.8144710822402,200,100000,4,4474730
31,464.6051836505927,99.68248932791468,371.56615221605864,1797.2959085308516,59.90986361769505,4232.157547338806,13479.719313981388,836.891732646249,200,100000,4,9944578
28,498.5010879403788,103.89035690060813,339.6390195856413,1591.5602084883085,58.94667438845587,4517.935836307402,11936.701563662315,851.5890796449497,200,100000,4,9944578
28,400.7803232096598,62.98864201150246,396.2765328346444,1875.8511709922643,69.4759692960098,3478.267239158717,14068.883782441982,751.5146206485589,200,100000,4,9944578
29,220.93242849156937,130.06917572243697,347.49135254661167,1678.5014417230668,59.946480061538104,2632.5120316050475,12588.760812923001,853.5930082041867,200,100000,4,9944578
33,488.1311992010056,22.645572025246103,358.9056743469741,1814.2937003687464,56.696678136523325,3830.8257841968875,13607.202752765597,988.2468220225267,200,100000,4,9925823
31,468.327980434802,121.4209017180872,353.80541321355975,1748.9903239259352,58.29967746419784,4423.116616146669,13117.427429444513,861.0774678210747,200,100000,4,9925823
28,436.21212928974876,240.18574248064698,399.61718403772187,1644.7532624980447,60.91678749992758,5072.9840382779685,12335.649468735335,698.5299517311882,200,100000,4,9925823
34,437.68734570505376,116.33985615200693,404.7157230878132,1769.3277534216788,53.61599252792966,4155.204013927955,13269.958150662591,923.1159140142312,200,100000,4,9925823
30,568.2362879292015,69.52358345650738,469.7899605160191,1816.846142948522,62.649866998224894,4783.199035392816,13626.346072113914,766.7739478571734,200,100000,4,3820097
30,632.5637431998675,65.16032184258326,419.417208341319,1839.228530615551,63.42167346950176,5232.930487818381,13794.213979616634,807.9897854877688,200,100000,4,3820097
34,332.8296617609968,95.87465261324793,334.4990690885847,1805.4455214203658,54.710470346071695,3215.2823578068355,13540.841410652743,850.742810425937,200,100000,4,3820097
32,544.0113542309882,101.20365172999608,346.8806674087547,1722.5405511344652,55.56582423014404,4839.112544707382,12919.054133508489,943.8995045360695,200,100000,4,3820097
33,505.01778746736005,36.142679920413656,368.3258194644126,1774.3421061542647,55.44819081732077,4058.7035054083026,13307.565796156985,927.7902880913546,200,100000,4,9535879
33,469.15817242199466,68.08890671666794,307.59869037652334,1832.1625842552826,57.25508075797758,4029.3530935399694,13741.21938191462,984.9050799104665,200,100000,4,9535879
29,532.6362725268469,31.84649852484742,354.66128334983216,1914.8584507984951,68.38780181423196,4233.620782887708,14361.438380988713,955.835473462688,200,100000,4,9535879
24,166.84643016109735,139.87418438156558,333.3399722988916,1674.0793277014827,72.78605772615143,2300.404609069972,12555.59495776112,737.900484889622,200,100000,4,9535879
28,426.2517939089299,78.18233191857247,402.0238362229593,1807.298702210096,66.9369889707443,3783.2559437062678,13554.74026657572,831.5389445354501,200,100000,4,8271480
28,445.60563193058744,73.42751706538117,424.9857898930837,1804.270140690896,66.82482002558874,3892.7486174697647,13532.02605518172,845.3471378238602,200,100000,4,8271480
30,365.8104856358231,101.96101676663248,348.9914634164814,1718.542125147322,59.26007328094214,3508.286268018417,12889.065938604914,767.2639007900506,200,100000,4,8271480
38,367.10119729205854,87.96075869440472,339.6181854672027,1823.5411807254466,49.28489677636342,3412.9646698984743,13676.55885544085,932.5534569413877,200,100000,4,8271480
28,583.6648963386031,120.34154853412619,384.92259713994946,1536.204866343398,56.896476531236964,5280.048336545469,11521.536497575486,816.4470131714606,200,100000,4,6394530
38,340.73018771617626,130.2517727037665,325.19908455570305,1776.7004073294725,48.01892992782358,3532.3647031495707,13325.253054971043,1096.5174816362287,200,100000,4,6394530
32,503.6749036850286,95.03296978015688,375.9545103378318,1779.3032617314423,57.39687941069169,4490.309050988891,13344.774462985817,904.607405606937,200,100000,4,6394530
35,455.3568030464109,91.26927730293039,374.5165023453059,1763.1561151196618,51.85753279763711,4099.69560262006,13223.670863397463,1112.5211086489053,200,100000,4,6394530
29,375.1303024215747,93.44020521751663,393.0904975495069,1776.2555017334719,63.43769649048114,3514.278807293185,13321.91626300104,894.2458524322234,200,100000,4,8372552
32,338.69899765729497,98.88752376977507,377.35170827978004,1787.1671597073753,57.65055353894759,3281.898910703025,13403.753697805314,976.422651575733,200,100000,4,8372552
29,282.6372073647437,82.01049772230365,367.56104196453094,1818.1099037201382,64.93249656143351,2734.8577881528554,13635.824277901036,899.355693882289,200,100000,4,8372552
27,396.8644325686531,141.90558691320103,391.0851901218527,1645.854107149756,63.30208104422138,4040.7751461139064,12343.905803623169,733.8709057770419,200,100000,4,8372552
31,514.1911646904704,49.831425847933446,371.47559060812097,1800.8132385131585,60.02710795043861,4230.169429038029,13506.099288848689,847.239539289385,200,100000,5,4474730
32,673.5549902060845,83.84249464932493,393.11984364047964,1754.0450983933088,56.58209994817125,5680.481136415571,13155.338237949816,788.8408411200376,200,100000,5,4474730
29,364.95452949742054,13.37618341005168,327.3433916637773,1884.0121304941117,67.28614751764685,2837.480346806042,14130.090978705837,810.0539852572789,200,100000,5,4474730
30,478.36770301939265,34.45251926436558,395.6418703622134,1777.3231872668348,61.28700645747706,3846.1516671281865,13329.923904501262,948.2828078905935,200,100000,5,4474730
26,261.3630553391986,16.568925504856445,323.36221845323456,1906.7063284925273,76.26825313970109,2084.4898563304127,14300.297463693954,668.0537087076431,200,100000,5,4474730
31,464.6051836505927,99.68248932791468,371.56615221605864,1797.2959085308516,59.90986361769505,4232.157547338806,13479.719313981388,836.891732646249,200,100000,5,9944578
28,498.5010879403788,103.89035690060813,339.6390195856413,1591.5602084883085,58.94667438845587,4517.935836307402,11936.701563662315,851.5890796449497,200,100000,5,9944578
27,386.8064229236365,128.68927209700703,418.7350454945679,1786.7197297072526,68.7199896041251,3866.2177126548268,13400.397972804394,689.7281390247638,200,100000,5,9944578
29,220.93242849156937,130.06917572243697,347.49135254661167,1678.5014417230668,59.946480061538104,2632.5120316050475,12588.760812923001,853.5930082041867,200,100000,5,9944578
31,242.09514605231672,62.98864201150246,357.25326445854733,1794.7440077801011,59.824800259336705,2288.1284104786437,13460.580058350759,982.8029576129921,200,100000,5,9944578
28,327.2672418261378,34.122201269643035,316.6379579848711,1868.562584997795,69.206021666585,2710.4208232183564,14014.219387483463,908.024867633321,200,100000,5,9925823
27,530.8423268205369,121.4209017180872,400.5987927139008,1645.8173348897144,63.300666726527474,4891.97421403968,12343.630011672858,705.8630252842532,200,100000,5,9925823
27,436.21212928974876,240.18574248064698,391.97319192646654,1628.5447975708205,62.63633836810848,5072.9840382779685,12214.085981781154,682.6202289164822,200,100000,5,9925823
34,437.68734570505376,116.33985615200693,404.7157230878132,1769.3277534216788,53.61599252792966,4155.204013927955,13269.958150662591,923.1159140142312,200,100000,5,9925823
30,482.5110888993345,22.645572025246103,399.19188183496914,1819.8398494759158,62.7530982577902,3788.6749569343547,13648.798871069368,750.1832540850096,200,100000,5,9925823
29,169.39632511828748,69.52358345650738,424.9215756386966,1847.8626393533339,65.99509426261906,1791.8993143109615,13858.969795150004,653.8162482898073,200,100000,5,3820097
31,568.2362879292015,65.16032184258326,414.63686823629354,1841.0764599895447,61.36921533298482,4750.474573288386,13808.073449921585,828.0409103897209,200,100000,5,3820097
31,544.0113542309882,80.7396638769323,397.585430898765,1598.705309428591,53.29017698095303,4685.632635809405,11990.289820714432,809.4713003426167,200,100000,5,3820097
30,350.44048456245423,101.20365172999608,374.37082500606454,1818.1383834653652,62.69442701604708,3387.331022193377,13636.03787599024,796.7226446588204,200,100000,5,3820097
28,239.91582201522604,95.87465261324793,334.23051031811525,1719.3999227139752,63.68147861903612,2518.428559713555,12895.499420354814,956.1549643808903,200,100000,5,3820097
27,581.248541715389,36.142679920413656,423.36638557059877,1872.5493383065905,72.02112839640732,4630.434162268521,14044.120037299428,698.9945005989241,200,100000,5,9535879
32,404.4547699539369,68.08890671666794,304.91194763012686,1764.070568440418,56.90550220775542,3544.077575029536,13230.529263303135,938.1865133292724,200,100000,5,9535879
27,532.6362725268469,31.84649852484742,365.1271452239064,1725.7230895610496,66.37396498311729,4233.620782887708,12942.923171707873,868.5412128824845,200,100000,5,9535879
22,496.2360435668728,110.68262986153414,402.7069228248407,1763.5793140149,83.97996733404287,4551.890050713052,13226.84485511175,695.8271486352736,200,100000,5,9535879
32,505.01778746736005,72.40143823891783,378.7065425751626,1679.414830972117,54.17467196684248,4330.644192797084,12595.611232290878,894.094460469293,200,100000,5,9535879
27,209.48714886185888,78.18233191857247,412.14628770982347,1717.1530715739245,66.04434890668941,2157.521105853235,12878.648036804434,826.852474184312,200,100000,5,8271480
30,479.77564563223984,73.42751706538117,365.3248802235073,1548.9162982834996,53.410906837362056,4149.023720232158,11616.872237126247,840.9357478933673,200,100000,5,8271480
29,573.440650568373,101.96101676663248,392.73011632609837,1767.9666787050076,63.141667096607414,5065.512505012542,13259.750090287556,728.4523085293868,200,100000,5,8271480
38,367.10119729205854,87.96075869440472,339.6181854672027,1823.5411807254466,49.28489677636342,3412.9646698984743,13676.55885544085,932.5534569413877,200,100000,5,8271480
25,241.43159846751695,87.59077363878522,420.74675543042883,1793.2996573524692,74.72081905635288,2467.667790797266,13449.74743014352,777.2665591009817,200,100000,5,8271480
25,381.43344275904184,120.34154853412619,423.6594057071696,1732.380052262395,72.1825021775998,3763.31243469876,12992.850391967964,655.1658027161934,200,100000,5,6394530
25,166.11038298760198,130.2517727037665,252.16522467604568,1708.1204895077171,71.17168706282155,2222.7161676852634,12810.903671307879,746.2772538557966,200,100000,5,6394530
32,494.4762846819158,95.03296978015688,378.5746578539035,1797.5270730495213,57.984744291920045,4421.319408465545,13481.45304787141,884.3781330706552,200,100000,5,6394530
35,455.3568030464109,91.26927730293039,374.5165023453059,1763.1561151196618,51.85753279763711,4099.69560262006,13223.670863397463,1112.5211086489053,200,100000,5,6394530
35,271.1779102512721,143.34586452940297,340.520600661281,1728.8916982328142,50.849755830376886,3108.9283108550635,12966.687736746106,1015.6524815744748,200,100000,5,6394530
29,375.1303024215747,93.44020521751663,393.0904975495069,1776.2555017334719,63.43769649048114,3514.278807293185,13321.91626300104,894.2458524322234,200,100000,5,8372552
32,409.270369272893,98.88752376977507,415.2978489150972,1705.788718579316,55.02544253481665,3811.184197820011,12793.415389344871,902.8500535994514,200,100000,5,8372552
35,338.69899765729497,89.81829001152921,353.6094197008016,1776.044695229182,52.23660868321124,3213.8796575161814,13320.335214218865,1052.6565567667851,200,100000,5,8372552
26,396.8644325686531,130.46757328207897,416.6583563289523,1733.491963615725,69.339678544629,3954.9900438804907,13001.189727117937,723.3608330333107,200,100000,5,8372552
26,379.06715963047793,82.01049772230365,387.28588751710555,1741.2418079162742,69.64967231665096,3458.0824301458615,13059.313559372056,766.3334060196287,200,100000,5,8372552
32,190.04151745898727,49.831425847933446,311.2828451237873,1795.7629622851387,57.92783749306899,1799.0470748019054,13468.22221713854,835.8298769076761,200,100000,6,4474730
23,578.2634973341242,83.84249464932493,373.50053594312993,1481.8866519935173,67.35848418152351,4965.794939875868,11114.149889951379,575.5999507599114,200,100000,6,4474730
28,179.34654506109607,13.37618341005168,330.4057503136345,1860.5055119146723,68.90761155239527,1445.4204635336082,13953.791339360043,864.6706855119456,200,100000,6,4474730
26,264.5085528675308,34.45251926436558,385.5757969040788,1794.2322380904575,71.7692895236183,2242.2080409892224,13456.74178567843,804.7629159493731,200,100000,6,4474730
25,438.58714611124327,16.568925504856445,327.50031820775393,1683.691256831568,70.153802367982,3413.670537120748,12627.68442623676,624.2390225933491,200,100000,6,4474730
21,252.94509020150824,146.7101554060179,411.7531380147479,1742.7495368721004,87.13747684360501,2997.414342056446,13070.621526540754,526.4113365468891,200,100000,6,4474730
29,393.65604397970634,99.68248932791468,352.9525976140838,1636.1325416144755,58.43330505765984,3700.0389998071573,12270.994062108566,692.3101699249589,200,100000,6,9944578
24,584.8945102323503,202.90466287411024,356.56075366032474,1286.6147206882601,55.93977046470696,5908.493798298454,9649.610405161951,737.155457356028,200,100000,6,9944578
25,278.48183351529906,128.68927209700703,413.0010701314899,1707.6020294370549,71.15008455987729,3053.7832920922956,12807.015220777912,616.5293285268178,200,100000,6,9944578
30,220.93242849156937,130.06917572243697,352.52501039307054,1714.513101546007,59.12114143262093,2632.5120316050475,12858.848261595052,866.5738274595391,200,100000,6,9944578
21,444.72407786765723,62.98864201150246,411.55311007044793,1615.3805887016865,80.76902943508432,3807.845399093698,12115.35441526265,739.660928309919,200,100000,6,9944578
30,285.2271205574646,103.89035690060813,351.55078589114754,1691.474908819167,58.32672099376438,2918.3810809355455,12686.061816143752,856.2447294306039,200,100000,6,9944578
24,99.10274163246902,34.122201269643035,321.2819627787807,1886.6751160412364,82.0293528713581,999.1870717658403,14150.063370309274,755.9905842236839,200,100000,6,9925823
22,200.6121794292104,121.4209017180872,309.67274369744996,1763.1840457173432,83.9611450341592,2415.248108604732,13223.880342880075,581.5870502451489,200,100000,6,9925823
23,211.86282383909057,240.18574248064698,392.866605615417,1600.7592497112375,72.76178407778353,3390.3642473980317,12005.694372834281,679.9296206566854,200,100000,6,9925823
22,269.19872014243987,135.05402000642755,332.9370127338197,1735.9761168153284,82.66552937215849,3031.8955511165054,13019.820876114964,558.6575623698709,200,100000,6,9925823
29,270.8505309388839,22.645572025246103,376.8791175455234,1799.67765824484,64.27420208017286,2201.220772230975,13497.5824368363,789.1582945900886,200,100000,6,9925823
28,253.9345433064763,116.33985615200693,416.916813268213,1745.492469784204,64.64786925126681,2777.057995938624,13091.193523381531,748.8477632074589,200,100000,6,9925823
29,332.8296617609968,69.52358345650738,471.01269684444685,1728.9584348565868,61.748515530592385,3017.6493391312815,12967.1882614244,679.8513524895019,200,100000,6,3820097
23,544.0113542309882,65.16032184258326,353.51467812830987,1527.1386857369766,69.41539480622622,4568.787570551786,11453.540143027325,575.7475501639482,200,100000,6,3820097
28,625.6325299765587,80.7396638769323,395.04834495157223,1410.5303940611782,52.241866446710304,5297.791453901182,10578.977955458837,758.2820952140161,200,100000,6,3820097
25,375.3320112094633,101.20365172999608,365.2311700052771,1660.2286749671694,69.17619479029872,3574.0174720459454,12451.71506225377,623.8172656842609,200,100000,6,3820097
28,239.91582201522604,95.87465261324793,334.23051031811525,1719.3999227139752,63.68147861903612,2518.428559713555,12895.499420354814,956.1549643808903,200,100000,6,3820097
23,225.31022003665618,67.78415834045411,349.01901930304746,1774.753696391349,80.67062256324313,2198.2078378283272,13310.652722935118,669.1192662971267,200,100000,6,3820097
31,434.28487881980396,36.142679920413656,371.20669621769514,1631.55793722801,54.385264574267,3528.206690551632,12236.684529210073,870.2689410174597,200,100000,6,9535879
22,404.4547699539369,68.08890671666794,398.12214770277876,1654.0124644335278,78.76249830635847,3544.077575029536,12405.09348325146,702.633789354902,200,100000,6,9535879
26,233.85739414627872,31.84649852484742,358.6909263675982,1811.511007466228,72.46044029864912,1992.779195033446,13586.332555996709,800.0639906726119,200,100000,6,9535879
21,314.9006772976819,110.68262986153414,384.7549230606736,1685.6584829324802,84.28292414662401,3191.87480369412,12642.438621993602,671.3746621969739,200,100000,6,9535879
32,240.44501691497442,72.40143823891783,326.96849097213516,1691.711965788165,54.57135373510209,2346.348413654192,12687.839743411238,862.926180443375,200,100000,6,9535879
19,664.5493189686268,139.87418438156558,412.45828627574707,1346.9568143035713,74.83093412797618,6033.176275126443,10102.176107276784,454.8402446285517,200,100000,6,9535879
19,658.7852655092098,78.18233191857247,361.51012663942885,1422.8430373889814,79.04683541049897,5527.256980708367,10671.32278041736,444.5703799663093,200,100000,6,8271480
20,435.17642681491816,73.42751706538117,322.08882368717997,1637.0640423601221,86.16126538737485,3814.529579102245,12277.980317700916,460.64898336766856,200,100000,6,8271480
27,223.98257524778418,101.96101676663248,349.1713608782068,1730.6355449293576,66.56290557420606,2444.5769401081247,12979.766586970181,765.5924765584298,200,100000,6,8271480
34,272.0849822736408,87.96075869440472,377.8773658506839,1726.9746936947304,52.33256647559789,2700.343057260341,12952.310202710478,879.559970133143,200,100000,6,8271480
24,241.43159846751695,87.59077363878522,433.38089987387093,1774.4912828712936,77.15179490744755,2467.667790797266,13308.684621534701,772.0334876435942,200,100000,6,8271480
31,181.93972862949056,117.5272887878177,389.71561813784206,1722.1513016936376,57.40504338978792,2246.0026306298123,12916.134762702282,1002.2286563784838,200,100000,6,8271480
24,185.57815097483194,120.34154853412619,300.1043982036967,1776.1723497330017,77.22488477100008,2294.3977463171864,13321.292622997513,724.1692244166134,200,100000,6,6394530
29,268.6596999008866,130.2517727037665,396.1892883441743,1709.0796157868585,61.03855770667352,2991.8360445348985,12818.09711840144,789.5013147928229,200,100000,6,6394530
33,205.59458086623962,185.96148503076643,278.24243288016066,1694.834901013089,52.96359065665903,2936.6704942275455,12711.261757598168,994.5039524374074,200,100000,6,6394530
27,494.4762846819158,91.26927730293039,379.5119563926611,1535.5270187765436,59.058731491405524,4393.091714886346,11516.452640824078,748.8772864947947,200,100000,6,6394530
31,276.32403322377763,143.34586452940297,389.1485750847647,1672.996935516103,55.76656451720343,3147.524233148855,12547.477016370773,959.243394062559,200,100000,6,6394530
22,288.45719474832396,95.03296978015688,401.7212571020845,1709.8571978032699,81.42177132396523,2876.176233963606,12823.928983524524,601.1886223104815,200,100000,6,6394530
28,326.8266209747652,93.44020521751663,393.22423851280934,1683.0300719797272,62.334447110360266,3152.0011964421137,12622.725539847954,851.138170800085,200,100000,6,8372552
32,279.86735252790993,98.88752376977507,398.98753086188975,1702.410654939237,54.91647273997539,2840.6615722326374,12768.079912044277,929.3306931709484,200,100000,6,8372552
30,193.11819423138843,89.81829001152921,361.3197607455314,1814.7280227835427,62.5768283718463,2122.023631821882,13610.46017087657,932.1512199991566,200,100000,6,8372552
23,513.5258916636085,141.90558691320103,442.34999803872813,1478.16596625143,67.18936210233772,4915.736089326071,11086.244746885726,631.3354318624033,200,100000,6,8372552
24,367.8059240897695,82.01049772230365,419.9201582666474,1624.7880196752235,70.64295737718363,3373.6231635905488,12185.910147564176,695.2380756609166,200,100000,6,8372552
23,194.9682909567223,130.46757328207897,341.65980707846626,1788.3403695650468,81.28819861659304,2440.7689817910095,13412.55277173785,737.1438247959464,200,100000,6,8372552
10,490.2474747111623,148.78241441107318,364.0325696174778,965.551029938654,107.28344777096156,4792.724168416766,7241.632724539905,316.590083475819,200,100000,8,4474730
19,256.1331522599033,83.84249464932493,350.391508340817,1253.3144970266428,69.62858316814682,2549.8173518192116,9399.85872769982,542.8738806083369,200,100000,8,4474730
18,293.482132213101,13.37618341005168,301.24841183812873,1285.208009943897,75.6004711731704,2301.4373671736453,9639.060074579227,493.0146674912591,200,100000,8,4474730
21,235.53750614549836,34.45251926436558,318.90936677103343,1225.7617323985098,61.288086619925494,2024.9251905739798,9193.212992988823,462.0418108646531,200,100000,8,4474730
20,303.0883978320296,16.568925504856445,383.4832943279065,1269.222547204542,66.8011866949759,2397.4299250266454,9519.169104034065,563.8926920024333,200,100000,8,4474730
14,413.7829833652472,146.7101554060179,411.6778220291946,1050.6786474328258,80.82143441790967,4203.698540784488,7880.089855746193,408.81097929397356,200,100000,8,4474730
15,385.11987650658097,121.75443024662259,372.8080580100442,1097.9735929787093,78.42668521276495,3801.5573006490267,8234.80194734032,450.3152862060662,200,100000,8,4474730
24,179.34654506109607,49.831425847933446,318.7035827181,1337.517889055945,58.152951698084564,1718.8347818177213,10031.384167919588,680.4162720250412,200,100000,8,4474730
16,401.5239844985966,99.68248932791468,355.16988145016563,1109.6836882424884,73.97891254949923,3759.0485536988344,8322.627661818664,407.1009235358613,200,100000,8,9944578
19,107.88394399518006,202.90466287411024,368.60945577798685,1246.7868599404542,69.26593666335856,2330.9145515196774,9350.901449553407,654.2800275132417,200,100000,8,9944578
14,400.7803232096598,128.68927209700703,349.85608969293764,1081.8496948622917,83.21920729709936,3971.0219648000016,8113.872711467187,365.8521102066279,200,100000,8,9944578
20,390.7004018893796,91.6277346480139,252.34784835046497,1091.9033239532503,57.46859599753949,3617.461024030451,8189.274929649377,529.7115377371904,200,100000,8,9944578
17,240.47470867056035,62.98864201150246,322.32144819727483,1267.848746183359,79.24054663645994,2275.975130115471,9508.865596375193,620.9558308806141,200,100000,8,9944578
16,151.08774364774715,206.78318309952738,420.05481928266465,1170.4695868945598,78.03130579297066,2684.031950604559,8778.521901709199,413.1080420817681,200,100000,8,9944578
16,565.4655446848518,103.89035690060813,331.625666639286,928.9131042895829,61.92754028597219,5020.169261890949,6966.848282171872,439.35186538295704,200,100000,8,9944578
15,431.55604277387005,212.9800233295434,377.10437894071157,946.0792744037847,67.57709102884176,4834.0204957756005,7095.594558028385,430.3033751527481,200,100000,8,9944578
14,476.70707970178523,34.122201269643035,415.33643323905073,1112.577937181149,85.58291824470378,3831.219607285712,8344.334528858619,297.86795159345326,200,100000,8,9925823
16,493.6888458433248,121.4209017180872,304.0275280392494,820.3671666181358,54.691144441209055,4613.323106710591,6152.753749636018,372.90219781400975,200,100000,8,9925823
15,224.9617254670912,240.18574248064698,434.0042528025354,1088.0880579677557,77.72057556912542,3488.6060096080364,8160.660434758168,414.206993606203,200,100000,8,9925823
15,238.8948763113877,116.33985615200693,403.7384817025773,1256.213914051157,89.72956528936835,2664.2604934754595,9421.604355383677,373.07634956704686,200,100000,8,9925823
16,478.07306622876405,22.645572025246103,360.8194035062814,1108.5090155683133,73.90060103788755,3755.389786905076,8313.81761676235,421.39861897093704,200,100000,8,9925823
11,529.9883556946475,135.05402000642755,397.26971187581233,960.386870125745,96.0386870125745,4987.817817758062,7202.901525943087,300.2824366740437,200,100000,8,9925823
14,408.26349787024634,194.15735081237236,360.8433977570704,1007.5853306766518,77.50656389820398,4518.15636511964,7556.889980074889,413.8315161326266,200,100000,8,9925823
18,321.16987236295927,114.4237847423873,338.93859714101376,1124.9264554962576,66.17214444095633,3266.9524282900993,8436.948416221932,613.5899519895136,200,100000,8,9925823
18,297.1745072163441,74.55049754121872,466.0654219443668,1236.9163394855245,72.75978467561909,2787.9375356817213,9276.872546141434,432.0057013999352,200,100000,8,3820097
20,196.84948561368995,65.16032184258326,343.3365166316098,1329.9202642279101,69.99580338041632,1965.073555922049,9974.401981709327,546.5719613144872,200,100000,8,3820097
14,310.5073120873225,154.69714300549947,380.00884008312215,1153.251187637855,88.71162981829654,3489.0334131961645,8649.383907283913,324.775901905974,200,100000,8,3820097
20,361.8825292057609,101.20365172999608,366.7625637545944,1141.320256368851,60.06948717730795,3473.1463570181772,8559.901922766383,460.941981000064,200,100000,8,3820097
20,204.06066577759594,95.87465261324793,340.4049524322235,1275.8326982904375,67.14908938370723,2249.5148879313288,9568.745237178282,624.9428993701434,200,100000,8,3820097
10,538.0944747685178,191.0766355624218,350.5938072460405,898.712901304318,99.85698903381312,5468.783327482048,6740.346759782386,263.5994715586326,200,100000,8,3820097
14,317.3165476041618,72.40371882462325,304.2357537606399,1209.167270377728,93.01286695213292,2922.901998215888,9068.75452783296,497.59573305894446,200,100000,8,3820097
17,67.78415834045411,69.52358345650738,371.5737018433106,1381.7701313788411,86.36063321117757,1029.8080634772111,10363.275985341308,447.3215214549012,200,100000,8,3820097
14,274.9537225980477,36.142679920413656,353.90366300731193,1300.1512660744288,100.01163585187913,2333.22301888846,9751.134495558215,383.24594797224825,200,100000,8,9535879
16,240.54769920663776,68.08890671666794,341.31467511970027,1286.9802029980228,85.79868019986819,2314.7745444247926,9652.35152248517,500.79843783399065,200,100000,8,9535879
22,166.84643016109735,31.84649852484742,353.4945695808554,1359.860159710975,64.75524570052262,1490.1969651445856,10198.951197832313,674.0527298318726,200,100000,8,9535879
14,271.9769170403024,110.68262986153414,349.40229762939015,1220.240364348153,93.86464341139639,2869.9466017637737,9151.802732611148,392.06833906863227,200,100000,8,9535879
12,197.9140837459142,139.87418438156558,371.23203741751826,1283.7646412956965,116.70587648142696,2533.4120109560986,9628.234809717724,331.4866392489363,200,100000,8,9535879
16,144.21180827286344,183.46068127115308,353.1230665091204,1267.847732559153,84.5231821706102,2457.543671580124,9508.857994193648,510.18410249827576,200,100000,8,9535879
20,379.4173250615794,72.40143823891783,342.1770514339903,1136.7148936279975,59.82709966463145,3388.640724753729,8525.36170220998,545.5010715363933,200,100000,8,9535879
14,542.5305670528022,146.1046348632505,406.1776821219327,925.3852559940299,71.18348123031,5164.764014370395,6940.389419955224,386.3898676543821,200,100000,8,9535879
20,191.61523727575567,78.18233191857247,321.3932424728529,1323.214222366293,69.64285380875226,2023.481768957461,9924.106667747197,521.9938596842765,200,100000,8,8271480
13,382.8173930377384,73.42751706538117,345.89904913617016,1156.7740242157467,96.39783535131222,3421.8368257733964,8675.805181618101,369.74706977800207,200,100000,8,8271480
16,445.60563193058744,101.96101676663248,351.0334268245199,1068.423207657078,71.2282138438052,4106.749865229149,8013.174057428085,375.31029502491543,200,100000,8,8271480
20,250.2563662270104,100.4069232280678,387.0450480293781,1249.7880981784083,65.77832095675834,2629.9746709130864,9373.410736338063,441.0603267926946,200,100000,8,8271480
18,555.8474173850416,87.59077363878522,390.410884406416,944.4222420613285,55.55424953301932,4825.786432678701,7083.166815459964,561.4067140000992,200,100000,8,8271480
16,489.43641118886137,168.61086857166467,428.00086412143276,934.3094109511978,62.28729406341319,4935.354598203946,7007.320582133983,520.0298166448796,200,100000,8,8271480
22,358.9556712160615,87.96075869440472,348.4941424542809,1135.3947157008993,54.06641503337615,3351.8732243284967,8515.460367756745,598.4288857775633,200,100000,8,8271480
18,241.43159846751695,117.5272887878177,355.86866971869335,1232.8539762436933,72.52082213198196,2692.1916544150095,9246.4048218277,534.4798622834418,200,100000,8,8271480
15,103.47984128501655,120.34154853412619,288.5651073933143,1315.281054330284,93.94864673787743,1678.6604236435705,9864.60790747713,397.2035443748139,200,100000,8,6394530
14,187.35595329857338,130.2517727037665,371.80827261350805,1299.20575656569,99.93890435120693,2382.057945017549,9744.043174242675,365.55971346819723,200,100000,8,6394530
24,136.06931539103718,185.96148503076643,304.7467987003666,1249.5994538818454,54.330411038341104,2415.231003163527,9371.99590411384,670.042542415912,200,100000,8,6394530
21,288.45719474832396,91.26927730293039,324.69678339331614,1206.0375487500257,60.30187743750129,2847.948540384408,9045.281615625194,602.5580260847046,200,100000,8,6394530
18,90.41342549758544,143.34586452940297,400.25955951367155,1346.5685291083894,79.20991347696408,1753.1946752024132,10099.26396831292,553.8440741018803,200,100000,8,6394530
16,171.9344203483549,95.03296978015688,394.2408013440957,1331.5421538302828,88.76947692201885,2002.2554259638384,9986.56615372712,488.54615924792097,200,100000,8,6394530
17,116.42997160506894,188.67976425510315,326.8254045431837,1191.3224230131966,74.45765143832479,2288.323018951291,8934.918172598975,539.0516207808366,200,100000,8,6394530
14,455.3568030464109,185.57815097483194,353.93929394144243,970.0830431542818,74.62177255032937,4807.012155159322,7275.622823657113,405.92064651771364,200,100000,8,6394530
14,488.70042448418906,93.44020521751663,365.6397114951271,1021.157644995385,78.55058807656808,4366.054722762793,7658.682337465388,463.63002879006973,200,100000,8,8372552
18,341.87968954598875,98.88752376977507,318.308269428384,1123.065515027682,66.06267735456953,3305.7540998682284,8422.991362707615,617.8785915194053,200,100000,8,8372552
16,170.72627627627963,110.88324441178372,311.33716359707955,1321.7196991691596,88.11464661127731,2112.071405160475,9912.897743768697,437.02425096524547,200,100000,8,8372552
16,373.0613500960725,141.90558691320103,398.5182892507136,1093.2740019979801,72.884933466532,3862.252027569552,8199.555014984851,420.4203507214528,200,100000,8,8372552
19,348.42313404347055,82.01049772230365,379.09753488735095,1173.4057959648076,65.18921088693375,3228.2522382433062,8800.543469736056,468.0462819695517,200,100000,8,8372552
12,372.510706590486,206.90393720726118,438.6483003201999,1042.2442267112858,94.74947515557143,4345.609828483104,7816.831700334644,336.863902360807,200,100000,8,8372552
11,434.62099370151634,130.46757328207897,338.7168811605762,1064.0458936099258,106.40458936099257,4238.164252376965,7980.344202074443,266.162557201226,200,100000,8,8372552
15,367.8059240897695,89.81829001152921,381.6899169401784,1124.8845839435116,80.34889885310797,3432.1816057597403,8436.634379576337,428.83448738757295,200,100000,8,8372552
11,231.79076597839517,148.78241441107318,348.2117715693717,884.3766050214989,88.4376605021499,2854.2988529210124,6632.824537661242,314.8784378874399,200,100000,10,4474730
12,274.43463717730873,83.84249464932493,310.3218155464163,926.9776242168265,84.27069311062058,2687.0784886997526,6952.332181626199,320.05295465888923,200,100000,10,4474730
13,304.3641978167933,13.37618341005168,266.7686478198283,970.7662426363056,80.8971868863588,2383.0528592013375,7280.746819772292,326.4510477103729,200,100000,10,4474730
9,437.99745315147476,34.45251926436558,312.60970652099235,823.8058616206005,102.97573270257506,3543.3747931188022,6178.543962154504,272.4475023402028,200,100000,10,4474730
12,261.12419418827204,16.568925504856445,329.4354076031886,1012.1681449362388,92.01528590329444,2082.698397698464,7591.261087021791,310.6481006463313,200,100000,10,4474730
7,413.7829833652472,146.7101554060179,361.520023959192,749.2659431909576,124.87765719849294,4203.698540784488,5619.494573932182,162.38654226225697,200,100000,10,4474730
11,398.54611399838717,121.75443024662259,386.18700190695785,764.7378006673167,76.47378006673168,3902.2540818375733,5735.533505004875,359.56384000495484,200,100000,10,4474730
8,483.5128432491867,49.831425847933446,341.19377987408416,765.8149192537369,109.40213132196241,4000.0820182284006,5743.611894403027,234.32766385259157,200,100000,10,4474730
15,236.140784299456,90.25660251167969,314.52234052852543,951.5430251615401,67.96735894011,2447.980401083518,7136.572688711551,414.93754386400605,200,100000,10,4474730
11,515.3860706345208,223.52288055720717,374.56667507316325,553.2508576888479,55.32508576888479,5541.81713393796,4149.381432666359,244.59752240057483,200,100000,10,4474730
11,399.2260869988198,99.68248932791468,325.2150131366541,798.8272083785088,79.88272083785088,3741.814322450509,5991.204062838816,251.41113318222583,200,100000,10,9944578
11,390.7004018893796,202.90466287411024,391.69663305334257,696.1968998446458,69.61968998446459,4452.037985726174,5221.476748834843,312.7218611750817,200,100000,10,9944578
14,184.27955198200323,128.68927209700703,270.7507886922646,957.5782513465206,73.65986548819389,2347.266180592577,7181.8368850989045,415.3685926303764,200,100000,10,9944578
17,233.39474613435883,130.06917572243697,261.30466234092387,916.9460780080467,57.30912987550292,2725.9794139259684,6877.0955850603505,396.48644041502206,200,100000,10,9944578
12,400.7803232096598,113.71447192884406,340.9399605393663,759.8989409161225,69.08172190146568,3858.7109635387787,5699.2420568709185,378.0344838891038,200,100000,10,9944578
10,151.08774364774715,206.78318309952738,386.6793352191692,941.9809527448795,104.6645503049866,2684.031950604559,7064.857145586596,247.7537101728875,200,100000,10,9944578
11,487.1403677010502,143.25983260964702,311.9706310864033,663.1046496135219,66.3104649613522,4728.0015023302285,4973.284872101414,288.4526202361687,200,100000,10,9944578
7,103.89035690060813,211.75412084757042,344.5160540518009,978.7442099884724,163.12403499807874,2367.333583111339,7340.581574913544,289.2003827978237,200,100000,10,9944578
8,517.1888670464325,157.1378188204393,406.0006120872231,636.7198319798053,90.95997599711505,5057.450144001538,4775.398739848541,162.83665940996866,200,100000,10,9944578
12,279.19214356089174,62.98864201150246,335.7434514331123,936.555104248159,85.141373113469,2566.3558917929563,7024.163281861192,406.3490694893904,200,100000,10,9944578
10,424.91641778101825,34.122201269643035,361.8025384644189,836.5205899615042,92.94673221794491,3442.7896428799595,6273.9044247112815,265.1674807070357,200,100000,10,9925823
11,482.53734763445647,22.645572025246103,311.7163770822162,779.4206206112184,77.94206206112185,3788.8718974477692,5845.654654584138,330.2323500736184,200,100000,10,9925823
8,503.05205532601224,240.18574248064698,436.46253187719253,546.3430074321822,78.04900106174031,5574.283483549944,4097.572555741366,185.21201421428745,200,100000,10,9925823
11,394.0789751507076,116.33985615200693,357.6873051825065,781.923109041564,78.1923109041564,3828.141234770359,5864.42331781173,266.82691136485397,200,100000,10,9925823
11,334.2677082772629,181.24480997379368,361.229807370933,771.7260392900648,77.17260392900648,3866.3438868829244,5787.945294675486,342.59291236246725,200,100000,10,9925823
14,311.1963762126959,99.10274163246902,284.48754772163164,855.8610104064994,65.83546233896149,3077.243383838737,6418.957578048746,439.884869318407,200,100000,10,9925823
8,405.75600051945696,135.05402000642755,359.0806165686913,760.9741493717743,108.71059276739632,4056.075153944134,5707.306120288307,209.65552916436096,200,100000,10,9925823
12,428.4795411220073,114.4237847423873,295.6615425271921,740.6002868348826,67.32729880317115,4071.774943982959,5554.5021512616195,356.68242421256537,200,100000,10,9925823
12,211.86282383909057,285.5201009619695,391.6568261955081,796.951315001555,72.45011954559591,3730.371936007951,5977.1348625116625,285.6685623177067,200,100000,10,9925823
6,376.7124251353017,194.15735081237236,372.9794685821317,737.2126423365372,147.44252846730745,4281.523319607555,5529.094817524029,163.20644365378854,200,100000,10,9925823
10,601.20772429583,74.55049754121872,409.9776493486489,623.8503527244208,69.31670585826897,5068.186663777866,4678.8776454331555,224.98977742933644,200,100000,10,3820097
7,327.92133785923994,80.38001333038373,325.1997078698832,892.3395150570658,148.72325250951096,3062.260133922178,6692.546362927994,221.78777708778864,200,100000,10,3820097
13,403.27160933980974,154.69714300549947,382.8179243828403,709.08543342289,59.090452785240835,4184.765642589819,5318.140750671675,419.6381099790088,200,100000,10,3820097
15,395.79838235720695,101.20365172999608,314.31116279459485,754.7304595767902,53.9093185411993,3727.5152556540224,5660.478446825926,356.5463193100628,200,100000,10,3820097
11,196.84948561368995,162.47980185386686,354.40256757834294,922.0000044388779,92.20000044388779,2694.969656006676,6915.000033291584,329.21678470151414,200,100000,10,3820097
9,464.9263650490422,67.78415834045411,334.67236822195235,763.7340417500894,95.46675521876118,3995.3289254212223,5728.005313125671,276.0214663595123,200,100000,10,3820097
11,567.0112534523754,72.40371882462325,354.3234092693604,629.990940005997,62.9990940005997,4795.612292077491,4724.932050044978,335.7010104036971,200,100000,10,3820097
14,169.39632511828748,69.52358345650738,370.1372744556358,1049.1473172985095,80.70363979219304,1791.8993143109615,7868.604879738821,321.41297606552513,200,100000,10,3820097
14,352.7964712383463,95.87465261324793,355.4119561849866,835.1747290351009,64.24420992577699,3365.0334288869567,6263.810467763256,349.30286074373436,200,100000,10,3820097
12,65.16032184258326,80.7396638769323,264.72338940445064,1112.2401191410256,101.1127381037296,1094.2498928963666,8341.800893557693,418.0314204501503,200,100000,10,3820097
9,383.84156194682765,36.142679920413656,359.99298493889233,881.2385815101709,110.15482268877136,3149.8818140043095,6609.289361326281,234.60698148900227,200,100000,10,9535879
10,240.54769920663776,68.08890671666794,341.6039028686606,982.6409261851886,109.18232513168762,2314.7745444247926,7369.806946388915,313.66972997315787,200,100000,10,9535879
19,271.9769170403024,31.84649852484742,348.3125135541668,947.1660904106903,52.62033835614946,2278.675616738624,7103.745678080178,558.3727965405016,200,100000,10,9535879
9,532.6362725268469,110.68262986153414,323.6344415566881,647.157279564991,80.89465994562387,4824.891767912858,4853.679596737432,236.52138076389923,200,100000,10,9535879
15,197.9140837459142,139.87418438156558,357.53368717272195,941.8894464803014,67.27781760573582,2533.4120109560986,7064.170848602261,383.26886052912556,200,100000,10,9535879
9,510.11936672634243,183.46068127115308,361.11950851585084,589.0088758565782,73.62610948207228,5201.850359981217,4417.566568924337,335.6250460281766,200,100000,10,9535879
13,445.84656113579354,72.40143823891783,291.4402735818736,763.8809422673669,63.65674518894724,3886.8599953103358,5729.107067005251,372.2686920521828,200,100000,10,9535879
16,314.9006772976819,60.75449955836715,291.7792417593831,902.9684278469003,60.19789518979336,2817.413826420368,6772.263208851753,408.1813417902966,200,100000,10,9535879
12,319.9589372355895,112.6983322847228,366.0180243764001,844.335719592372,76.75779269021564,3244.9295214023423,6332.51789694279,391.79267060714113,200,100000,10,9535879
6,609.7363335029563,232.3465726933274,446.94184699383186,468.81423547852137,93.76284709570427,6315.621796472128,3516.1067660889103,119.97798827490764,200,100000,10,9535879
8,488.55002004891486,78.18233191857247,355.23840606998107,733.9709581742931,104.852994024899,4250.492639756156,5504.782186307198,244.45374059624126,200,100000,10,8271480
6,644.1279003782631,73.42751706538117,386.7407912705083,592.8513697543632,118.57027395087263,5381.665630827332,4446.3852731577235,160.38276627336919,200,100000,10,8271480
12,283.35661818946164,168.08206464981726,364.6473416463968,842.1676112304111,76.56069193003738,3385.7901212945917,6316.257084228084,283.3657399526051,200,100000,10,8271480
13,331.47311447187803,100.4069232280678,367.36147034191333,861.925056594801,71.82708804956675,3239.1002827495936,6464.437924461008,254.57318119491302,200,100000,10,8271480
13,358.9556712160615,87.59077363878522,358.5531877563269,832.6904320406779,69.39086933672316,3349.0983364113504,6245.178240305085,359.14312958349825,200,100000,10,8271480
12,209.48714886185888,168.61086857166467,351.67339405104286,897.7060982099343,81.60964529181221,2835.7351307514264,6732.795736574508,394.91254180142494,200,100000,10,8271480
10,524.1462873366477,87.96075869440472,321.8762494122042,675.8491960110593,75.09435511233993,4590.802845232893,5068.868970082945,307.6499700957431,200,100000,10,8271480
12,387.27958425119743,117.5272887878177,378.94386738857696,757.5532141200587,68.86847401091443,3786.0515477926137,5681.64910590044,379.96327149510506,200,100000,10,8271480
8,244.4762290761263,212.17067863960656,367.675586994778,842.9338051930358,120.41911502757655,3424.8518078679963,6322.003538947769,206.19788895869596,200,100000,10,8271480
11,200.90470024521187,131.68680594927534,293.62010991781784,961.1413744008773,96.11413744008773,2494.4362964586544,7208.56030800658,283.56793216316316,200,100000,10,8271480
11,183.57591814739382,120.34154853412619,307.5441440165979,986.1951331149714,98.61951331149714,2279.3810001114,7396.4634983622855,263.2021456247803,200,100000,10,6394530
11,491.2291054001679,130.2517727037665,372.9139888103986,670.8356220115031,67.08356220115031,4661.106585779508,5031.267165086273,295.54597144369944,200,100000,10,6394530
16,250.81420456133927,185.96148503076643,333.88999682114405,834.0232003953597,55.601546693023984,3275.8176719407925,6255.174002965197,441.88802838055636,200,100000,10,6394530
17,286.05923443047675,91.26927730293039,316.5363405160899,892.122405745609,55.75765035910056,2829.9638380005536,6690.918043092067,471.2303403947121,200,100000,10,6394530
13,453.92943114643293,143.34586452940297,380.5457724377078,671.7962309378867,55.983019244823886,4479.564717568769,5038.47173203415,443.04033745548423,200,100000,10,6394530
12,259.91515492856445,95.03296978015688,381.72977847494667,920.5178539304663,83.68344126640604,2662.1109353154097,6903.883904478497,384.6813595889491,200,100000,10,6394530
13,346.8420320442721,188.67976425510315,360.7219148700366,741.0697273963917,61.75581061636598,4016.4134722453146,5558.022955472938,403.8387894541433,200,100000,10,6394530
15,264.3272890002335,166.11038298760198,294.52573746325544,829.8317242677342,59.273694590552445,3228.2825399087665,6223.737932008006,459.18129418334007,200,100000,10,6394530
8,607.7126481373183,198.51234454101225,438.32747876612416,499.2826658481813,71.32609512116876,6046.687445087479,3744.61999386136,203.84471657248255,200,100000,10,6394530
10,560.6886603336391,102.63870813491383,285.4845213274354,630.5364319185879,70.05960354650978,4974.955263514146,4729.023239389409,292.3376963965106,200,100000,10,6394530
10,395.7432557195306,93.44020521751663,350.0854900529231,801.1677926131823,89.01864362368693,3668.8759570278544,6008.758444598868,296.1698778307877,200,100000,10,8372552
11,409.01663623354335,98.88752376977507,279.9391356734755,769.5014321979938,76.95014321979939,3809.281200024888,5771.2607414849535,392.3620269206244,200,100000,10,8372552
10,365.2053696918526,110.88324441178372,332.7986456347029,819.3496864506807,91.03885405007563,3570.6646057772723,6145.122648380105,283.7067970819688,200,100000,10,8372552
11,331.8964434792651,141.90558691320103,406.5833203599916,829.4283202085664,82.94283202085664,3553.515227943496,6220.7124015642485,191.77919592415645,200,100000,10,8372552
6,406.54248075177225,82.01049772230365,346.60413108966037,825.6299430664768,165.12598861329536,3664.147338555569,6192.224572998576,142.5290458354388,200,100000,10,8372552
5,582.3723934884194,206.90393720726118,387.51022604503294,519.5003381935983,129.87508454839957,5919.572480217605,3896.252536451987,172.57176344924102,200,100000,10,8372552
11,390.8759620456232,89.81829001152921,318.419451270043,804.85101669661,80.485101669661,3605.2068904286434,6036.382625224575,302.6188574217328,200,100000,10,8372552
7,372.510706590486,145.5511795832628,371.11663088815504,780.3874479655856,130.06457466093093,3885.464146303116,5852.905859741892,199.90927329933447,200,100000,10,8372552
13,367.8059240897695,130.46757328207897,343.7125943582429,782.7960839952908,65.23300699960757,3737.0512302888637,5870.970629964681,349.8581609067125,200,100000,10,8372552
12,259.1739000593046,120.47438388925033,351.46984171937544,889.4399518918239,80.85817744471126,2847.3621296141614,6670.799639188679,428.8894281458029,200,100000,10,8372552
28,308.6951637360695,34.45251926436558,250.8615722309844,1218.9773498614156,45.147309254126505,2573.6076225032634,9142.330123960617,766.5331386049241,400,25000,2,4474730
23,468.79550635145637,13.37618341005168,201.58775130105047,1092.1525391655803,49.6432972347991,3616.2876732113104,8191.144043741852,689.4097444203301,400,25000,2,4474730
26,273.80458444134604,53.04163473023189,245.7045064184532,1250.6745855786803,50.026983423147215,2451.346643786834,9380.059391840103,668.5713717162702,400,25000,2,9944578
36,128.75445522130298,14.005398250557379,197.7851070718549,1401.7128677921385,40.04893907977539,1070.6989010389527,10512.846508441038,909.8843647659464,400,25000,2,9944578
20,577.3791803841006,21.886693157979995,291.63871741635154,985.4727006057869,51.86698424240984,4494.4940515656035,7391.045254543402,604.9840834158559,400,25000,2,9925823
25,80.47645677197016,44.62873581153579,221.51214109357394,1452.4742901493596,60.51976208955665,938.2889443762947,10893.557176120197,665.9973748717453,400,25000,2,9925823
26,327.92133785923994,154.69714300549947,338.40507238479705,1109.153143945437,44.36612575781748,3619.6386064855456,8318.648579590777,555.6502738956523,400,25000,2,3820097
20,560.6741208943172,57.34740790798751,303.31578212851633,989.4523337021891,52.07643861590469,4635.161466017285,7420.892502766418,438.4705696566927,400,25000,2,3820097
22,372.45942856994355,110.68262986153414,315.80757788727465,1093.8109776592435,52.08623703139254,3623.565438236083,8203.582332444326,672.6676850903231,400,25000,2,9535879
22,314.9006772976819,31.84649852484742,328.47220335730606,1233.7344948447924,58.74926165927583,2600.6038186689702,9253.008711335942,638.4617924376233,400,25000,2,9535879
24,101.96101676663248,56.14807983683223,286.75385673201055,1426.062261087001,62.002707003782646,1185.8182245259852,10695.466958152507,614.9247744909976,400,25000,2,8271480
37,133.06970421462034,39.84011678581351,212.113162028339,1358.447456166731,37.73465156018697,1296.8236575032538,10188.355921250482,969.4005907871094,400,25000,2,8271480
20,254.21631330347245,57.2939132138355,310.6238133972621,1287.874323787724,67.78285914672232,2336.3266988798096,9659.05742840793,499.94830023685495,400,25000,2,6394530
29,120.34154853412619,95.03296978015688,296.4340992894015,1361.5274036428987,48.6259787015321,1615.308887357123,10211.45552732174,664.7941883339683,400,25000,2,6394530
23,457.8310067885474,8.217670381945304,269.15753442260035,1124.7216770931047,51.12371259514112,3495.3650787786955,8435.412578198286,568.6877526208623,400,25000,2,8372552
14,541.5914223793375,126.69893922712093,347.2882910346837,950.7360045605553,73.13353881235041,5012.1777120484385,7130.520034204165,351.22762247207555,400,25000,2,8372552
19,90.25660251167969,34.45251926436558,208.83091524479818,915.8551699034882,50.88084277241601,935.3184133203395,6868.913774276161,499.7535587876605,400,25000,3,4474730
11,46.94189799253238,16.568925504856445,258.08048286151245,1007.4864440972761,100.74864440972762,476.3311762304162,7556.148330729571,288.3176879799395,400,25000,3,4474730
16,150.9592125604664,13.37618341005168,181.95680054770006,884.5545577721675,58.97030385147784,1232.5154697788855,6634.159183291256,457.0870804966649,400,25000,3,4474730
13,434.9006468722801,53.04163473023189,201.05370638833654,572.3918917213524,47.6993243101127,3659.5671120188404,4292.939187910143,372.6478944864792,400,25000,3,9944578
15,332.1384799653153,14.005398250557379,186.7491826502213,724.9384417033493,51.78131726452495,2596.079086619045,5437.03831277512,298.1086114903958,400,25000,3,9944578
18,279.19214356089174,17.53392509238322,239.18775866184185,756.4564769166219,44.49743981862482,2225.445514899562,5673.423576874664,421.4105484197476,400,25000,3,9944578
16,356.44550394465654,22.645572025246103,250.52680899829383,664.4794612388752,44.29863074925834,2843.18306977427,4983.595959291563,496.5958847811196,400,25000,3,9925823
12,442.21648628520995,85.75574419952801,237.59444374667973,539.2008040424497,49.01825491294997,3959.791728635535,4044.0060303183727,322.2269908334238,400,25000,3,9925823
14,80.47645677197016,21.886693157979995,213.1624640476115,954.660243491661,73.43540334551238,767.7236244746261,7159.951826187458,387.54810719196576,400,25000,3,9925823
18,253.92664986294312,154.69714300549947,312.8482100381151,646.4424565363489,38.02602685507935,3064.6784465133196,4848.3184240226165,373.74717388732046,400,25000,3,3820097
9,364.97595103789786,65.16032184258326,243.71084633705354,653.5290934481272,81.6911366810159,3226.022046603608,4901.468200860954,193.59780508965153,400,25000,3,3820097
6,524.5068870806293,122.21836046248254,283.1891130754481,434.3873783181435,86.8774756636287,4850.439356573339,3257.905337386076,220.61553849004042,400,25000,3,3820097
12,204.81900819885325,110.68262986153414,282.2227100977661,745.2398126193314,67.74907387448467,2366.2622854529054,5589.298594644985,371.0760425665994,400,25000,3,9535879
18,68.08890671666794,24.047937834572128,203.85451816604916,947.5858734873868,55.74034549925805,691.0263341343004,7106.894051155401,496.62992599522084,400,25000,3,9535879
12,163.78522942937195,31.84649852484742,289.0971582965635,861.3388769161207,78.30353426510189,1467.2379596566452,6460.041576870905,390.1106506186895,400,25000,3,9535879
11,365.4513564722119,73.42751706538117,253.00989079395802,644.1840963561161,64.41840963561161,3291.591551531948,4831.380722670871,193.6377237862604,400,25000,3,8271480
12,112.18038040159868,39.84011678581351,198.90787499293546,911.9945487094429,82.90859533722208,1140.1537289055914,6839.959115320822,350.13762914864424,400,25000,3,8271480
15,197.2677236210537,87.59077363878522,235.24506632468123,777.8808958739379,55.562921133852704,2136.438729448792,5834.106719054535,360.018906061091,400,25000,3,8271480
14,185.57815097483194,57.2939132138355,241.01642199958692,820.8176201379575,63.13981693368904,1821.5404814150058,6156.132151034682,351.50408288450524,400,25000,3,6394530
14,128.44634996127456,83.17041060103233,176.30567527213242,854.9012165748825,65.76163204422173,1587.1257042173017,6411.7591243116185,331.15277609859703,400,25000,3,6394530
15,235.45883317429488,95.03296978015688,258.2397724315762,729.1987901477784,52.085627867698456,2478.6885221583884,5468.990926108338,385.156836158847,400,25000,3,6394530
16,251.19905229035126,98.88752376977507,249.71004183061103,715.089242490669,47.6726161660446,2625.6493204509475,5363.169318680018,329.9805755336556,400,25000,3,8372552
12,176.4619354976555,43.89581929238043,251.2684731353014,849.1974796058892,77.19977087326265,1652.6831609252695,6368.981097044169,306.3525334982584,400,25000,3,8372552
19,131.7353038112792,8.217670381945304,224.12736087993528,903.2105709551175,50.17836505306209,1049.6473064491838,6774.079282163381,499.0910833667709,400,25000,3,8372552
8,245.41256158821452,34.45251926436558,203.86728291099362,525.767615845872,75.10965940655315,2098.988106394351,3943.25711884404,196.02023752521407,400,25000,4,4474730
7,385.0212093948087,73.55375220697191,244.65918796504516,346.7127405202088,57.78545675336813,3439.312212013355,2600.345553901566,207.33930627675088,400,25000,4,4474730
9,150.9592125604664,13.37618341005168,146.85113115743633,640.1568683763034,80.01960854703792,1232.5154697788855,4801.176512822275,200.87492311560945,400,25000,4,4474730
9,277.1107480262205,143.67133741059422,210.50309129113896,371.3860403329358,46.423255041616976,3155.8656407761105,2785.3953024970187,286.19059590936234,400,25000,4,4474730
14,62.98864201150246,53.04163473023189,196.47380839512334,664.0397692354899,51.07998224888384,870.2270755630077,4980.298269266174,398.82729565973375,400,25000,4,9944578
17,106.84612374975259,14.005398250557379,148.16065870521078,655.3420587768142,40.958878673550885,906.3864150023247,4915.065440826106,421.5138275350407,400,25000,4,9944578
6,353.2327502067495,151.08774364774715,292.6891605853828,312.93093736885794,62.58618747377159,3782.4037039087243,2346.982030266435,112.20156930818068,400,25000,4,9944578
8,296.2178072042247,61.28268023620764,177.6815954440257,442.0005334300514,63.1429333471502,2681.2536558032425,3315.0040007253856,235.99797606997123,400,25000,4,9944578
9,272.2057302569888,104.8554013417659,256.9553523970092,420.7222406470354,52.590280080879424,2827.9584869906603,3155.4168048527654,262.6325364732349,400,25000,4,9925823
6,321.36992420633436,85.75574419952801,214.8435835955386,401.4824861307767,80.29649722615534,3053.4425130439677,3011.118645980825,176.0474386816285,400,25000,4,9925823
10,80.47645677197016,49.19987572418091,220.95205326110187,668.4180684022285,74.26867426691427,972.572493721133,5013.135513016714,259.8347357684575,400,25000,4,9925823
8,223.9092002255342,21.886693157979995,228.0419019889934,557.4554030081939,79.6364861440277,1843.4692003763564,4180.915522561454,207.57062981500508,400,25000,4,9925823
4,383.55037481111367,154.69714300549947,276.49602330717266,283.5973074029088,94.53243580096961,4036.8563836245985,2126.979805521816,79.25231975570733,400,25000,4,3820097
4,329.69752337964536,127.79729383536572,250.74319671208474,364.27907102899724,121.42635700966575,3431.2111291125834,2732.093032717479,83.21818623171897,400,25000,4,3820097
14,186.5378182127012,80.7396638769323,228.05119044124208,508.66112513510654,39.127778856546655,2004.5811156722514,3814.958438513299,424.04807215996334,400,25000,4,3820097
9,257.32341951301737,65.16032184258326,213.21069555159085,474.1331572688443,59.266644658605536,2418.6280601670046,3555.9986795163322,232.6636483303707,400,25000,4,3820097
9,183.46068127115308,110.68262986153414,221.34307503686387,506.80872372464734,63.35109046558092,2206.0748334951545,3801.065427934855,242.13551330681398,400,25000,4,9535879
6,306.48963544673154,118.2788404793871,249.28612739645794,387.2451204319625,77.4490240863925,3185.76356944589,2904.338403239719,156.81255544614672,400,25000,4,9535879
7,112.6983322847228,36.142679920413656,199.42083638982209,654.8602690183019,109.14337816971698,1116.3075915385234,4911.452017637264,217.88126610276603,400,25000,4,9535879
11,24.047937834572128,31.84649852484742,162.35324960099268,727.0983628217263,72.70983628217263,419.2082726956466,5453.237721162947,353.1849806391146,400,25000,4,9535879
6,229.19808460657802,73.42751706538117,232.4843853237912,519.6445928535363,103.92891857070727,2269.692012539694,3897.3344464015227,67.65330949984883,400,25000,4,8271480
11,103.62192536554011,39.84011678581351,187.0154988164797,646.0658453812283,64.60658453812283,1075.965316135152,4845.493840359212,298.81030076677473,400,25000,4,8271480
6,207.3797166328998,100.4069232280678,205.21063187338868,504.5831661984439,100.91663323968878,2308.399798957257,3784.3737464883293,134.8731493227407,400,25000,4,8271480
9,104.68881877276978,87.59077363878522,210.7576607506494,612.452081000977,76.55651012512213,1442.0969430866626,4593.390607507328,204.81794183105148,400,25000,4,8271480
9,335.49318487055876,57.2939132138355,202.71124285705372,408.9630742463737,51.12038428079671,2945.9032356329567,3067.2230568478026,223.12993792481092,400,25000,4,6394530
9,137.39439692843226,91.26927730293039,162.01849920086423,574.3847134284749,71.79808917855937,1714.9775567352199,4307.885350713562,221.69961045504044,400,25000,4,6394530
7,259.91515492856445,95.03296978015688,221.33533700705487,460.34105102058584,76.72350850343098,2662.1109353154097,3452.557882654394,116.3424513494235,400,25000,4,6394530
13,171.965932030771,90.41342549758544,214.4371491811744,528.3367909798076,44.02806591498396,1967.8451814626733,3962.525932348557,303.3936324032197,400,25000,4,6394530
13,143.5906594774852,8.217670381945304,196.41150049631568,637.279456001395,53.10662133344959,1138.5624739457287,4779.595920010463,321.88018689477644,400,25000,4,8372552
5,222.77746187661114,43.89581929238043,188.94115039886017,550.6718843115119,137.66797107787798,2000.049608767437,4130.039132336339,109.16759557827913,400,25000,4,8372552
10,191.89553953706127,82.01049772230365,204.97076591718184,516.0122600732748,57.334695563697196,2054.2952794452367,3870.091950549561,290.6842307919717,400,25000,4,8372552
15,87.43446257223341,84.1760085223133,160.3609859351969,609.0975804385357,43.50697003132398,1287.0785332091004,4568.231853289018,361.51529750470064,400,25000,4,8372552
7,186.35143697369224,34.45251926436558,183.5767248275106,420.53669489074804,70.089449148458,1656.0296717854337,3154.0252116806105,189.60308128257398,400,25000,5,4474730
6,232.482570358884,73.55375220697191,221.26551772675123,334.96703109021325,66.99340621804265,2295.2724192439196,2512.2527331765996,179.59079850611738,400,25000,5,4474730
5,286.02058386695234,21.214844637985653,151.44217143140716,342.2589610699149,85.56474026747873,2304.265713787035,2566.9422080243617,116.33969479133572,400,25000,5,4474730
7,190.1951827386046,83.84249464932493,184.03396834860231,366.7986127061303,61.13310211768839,2055.2825804094714,2750.9895952959773,191.89278996326996,400,25000,5,4474730
6,191.0902387001743,13.37618341005168,161.03967638528385,440.79433676881746,88.1588673537635,1533.4981658266947,3305.957525766131,156.20707262585975,400,25000,5,4474730
5,259.5455501249808,53.04163473023189,164.2274643878705,339.0781988723003,84.76954971807507,2344.4038864140957,2543.086491542252,91.85398447094617,400,25000,5,9944578
12,47.15419484125002,14.005398250557379,137.38535066116933,564.5741992234567,51.32492720213243,458.69694818855544,4234.306494175926,302.4273011217461,400,25000,5,9944578
7,143.25983260964702,151.08774364774715,187.53673717630207,345.6522031762705,57.60870052937842,2207.606821930456,2592.391523822029,194.57325173642795,400,25000,5,9944578
9,62.98864201150246,56.75696485343048,163.0445470927393,517.1188381854988,64.63985477318735,898.092051486997,3878.391286391241,202.7104183321381,400,25000,5,9944578
5,316.18938327157775,61.28268023620764,192.30170378021913,265.5219285584436,66.3804821396109,2831.04047630839,1991.4144641883272,171.88694806197685,400,25000,5,9944578
8,283.1406057705857,22.645572025246103,171.2107785673623,331.9236609565853,47.41766585094076,2293.3963334687387,2489.42745717439,211.41428325949337,400,25000,5,9925823
5,105.83090532570738,44.62873581153579,159.63627305870187,496.6174401677693,124.15436004194233,1128.447308529324,3724.63080125827,142.87352696822475,400,25000,5,9925823
8,80.47645677197016,49.19987572418091,166.03187844289022,511.1661587943252,73.02373697061789,972.572493721133,3833.746190957439,183.5313242265325,400,25000,5,9925823
8,194.15735081237236,21.886693157979995,201.87551555183228,424.23289702074135,60.604699574391624,1620.3303297776426,3181.74672765556,194.0920381044583,400,25000,5,9925823
6,67.40166478938714,85.75574419952801,161.63827703169332,495.6916925900596,99.13833851801192,1148.6805674168638,3717.687694425447,129.47954831604105,400,25000,5,9925823
9,80.7396638769323,154.69714300549947,170.46313039486554,398.1033114753255,49.762913934415685,1765.7760516182382,2985.774836064941,239.49191922740383,400,25000,5,3820097
5,266.39345645762376,69.52358345650738,166.28997496149577,309.10256945275626,77.27564236318906,2519.3777993559834,2318.269270895672,137.26182310431122,400,25000,5,3820097
6,72.40371882462325,122.21836046248254,193.2543721826412,444.35491416491254,88.8709828329825,1459.6655946532935,3332.661856236844,190.47843067342436,400,25000,5,3820097
6,297.1745072163441,57.34740790798751,181.6265456302366,275.46386562165463,55.092773124330925,2658.9143634324873,2065.9789921624097,105.91609551596437,400,25000,5,3820097
9,179.09869806315817,65.16032184258326,195.4946847503063,363.2711737209223,45.40889671511529,1831.9426492930606,2724.5338029069176,264.88197228020675,400,25000,5,3820097
8,187.61292556156778,93.99201795052227,163.06562965925798,347.9758846189409,49.7108406598487,2112.037076340675,2609.8191346420567,180.88063038328787,400,25000,5,9535879
3,274.9537225980477,118.2788404793871,189.33239492093205,255.61868372437723,127.80934186218862,2949.244223080761,1917.1401279328293,106.72574154310261,400,25000,5,9535879
3,325.4114372824638,36.142679920413656,187.04185852734835,290.8264909374618,145.4132454687309,2711.6558790215813,2181.1986820309635,80.84060736015634,400,25000,5,9535879
9,123.95024737332234,26.749966673111658,171.30570839398155,480.8426901088636,60.10533626360795,1130.251605348255,3606.3201758164773,260.3234195862988,400,25000,5,9535879
6,182.66752739476559,24.047937834572128,156.70531630459175,429.27927899860515,85.85585579972103,1550.365989220033,3219.5945924895386,210.07886484337033,400,25000,5,9535879
6,231.52107458367496,73.42751706538117,186.66552913095686,340.62272531669385,68.12454506333877,2287.1144373679213,2554.670439875204,154.17820031280314,400,25000,5,8271480
7,254.54096356634736,39.84011678581351,144.70451924979105,341.67240068258695,56.94540011376449,2207.8581026412066,2562.543005119402,189.3022199175154,400,25000,5,8271480
9,161.5250551059624,100.4069232280678,193.40551704773873,370.3751846577476,46.29689808221845,1964.4898375052264,2777.8138849331067,254.61358464232964,400,25000,5,8271480
7,287.770430898419,87.59077363878522,161.63111630067323,264.44906795983854,44.07484465997309,2815.2090340290315,1983.3680096987891,199.697215172514,400,25000,5,8271480
6,259.5244708156908,112.18038040159868,196.39405717195902,271.1928028987561,54.23856057975122,2787.786384129671,2033.9460217406709,168.7756776907637,400,25000,5,8271480
7,137.39439692843226,57.2939132138355,142.92840771466504,445.9042680080854,74.31737800134756,1460.1623260670083,3344.2820100606405,184.58457260401283,400,25000,5,6394530
10,120.34154853412619,83.17041060103233,117.09512449756372,409.14648603719064,45.46072067079896,1526.3396935136889,3068.59864527893,269.23179286200127,400,25000,5,6394530
6,293.3122660987595,95.03296978015688,189.32659999109123,259.47206222280545,51.89441244456109,2912.5892690918727,1946.0404666710408,110.08655762507857,400,25000,5,6394530
10,126.9336424561078,165.2764918199649,194.1687505388273,338.39874651595153,37.59986072399462,2191.5760070705455,2537.9905988696364,259.7451917477459,400,25000,5,6394530
8,143.34586452940297,90.41342549758544,168.3334876088718,412.72037067118447,58.960052953026356,1753.1946752024132,3095.4027800338836,146.50652143074362,400,25000,5,6394530
4,243.41718892246075,98.88752376977507,205.07727791729906,309.6939490187734,103.23131633959115,2567.285345191769,2322.7046176408007,99.32537756131761,400,25000,5,8372552
7,96.54908221721576,43.89581929238043,165.93834764904528,502.0051785955979,83.66752976593298,1053.3367613219714,3765.0388394669844,173.5738611385528,400,25000,5,8372552
7,180.7954708005466,130.46757328207897,200.670987961393,329.0440772544883,54.84067954241471,2334.472830619692,2467.8305794086623,167.49583225282117,400,25000,5,8372552
7,176.4619354976555,136.05342802352183,178.46129201198673,330.77525799727255,55.12920966621209,2343.86522640883,2480.814434979544,171.89470551557616,400,25000,5,8372552
14,89.81829001152921,8.217670381945304,152.4756699608726,516.9800802190699,39.767698478389995,735.2697029510589,3877.350601643024,349.28537471386005,400,25000,5,8372552
6,225.7143788107155,34.45251926436558,135.60261601767164,272.5264307443002,54.505286148860044,1951.251735563108,2043.9482305822517,150.55732989065575,400,25000,6,4474730
3,224.4877410584479,73.55375220697191,154.39176055183347,241.56295709507293,120.78147854753647,2235.3111994906485,1811.722178213047,109.71602026737824,400,25000,6,4474730
5,202.1329103016753,21.214844637985653,134.66463671835174,311.3766180349791,77.84415450874478,1675.1081620474572,2335.3246352623432,148.67023023773154,400,25000,6,4474730
6,184.34860790550212,143.67133741059422,199.75811815963144,192.84837774413847,38.569675548827696,2460.1495898707226,1446.3628330810386,162.03863040902291,400,25000,6,4474730
5,245.41256158821452,13.37618341005168,129.67425910293596,274.2072336890923,68.55180842227307,1940.9155874869966,2056.554252668192,139.74943508530072,400,25000,6,4474730
4,220.8216589154548,90.25660251167969,195.46312981399058,225.0322101510772,75.01073671702574,2333.086960703509,1687.741576133079,140.73392422902796,400,25000,6,4474730
8,103.89035690060813,53.04163473023189,145.84303071423452,361.75479541824916,51.67925648832131,1176.9899372313,2713.1609656368687,191.81650616387475,400,25000,6,9944578
8,91.6277346480139,14.005398250557379,124.93971486574728,423.55123254106655,60.50731893443808,792.2484967392845,3176.6342440579992,193.90323367186855,400,25000,6,9944578
4,169.22646279018173,151.08774364774715,175.37565577187226,219.00766857211391,73.00255619070464,2402.3565482844665,1642.5575142908544,115.75516371528383,400,25000,6,9944578
7,45.95463832983771,56.75696485343048,115.31558088563007,424.14527955109793,70.69087992518298,770.3370238745114,3181.0895966332346,184.47527814241664,400,25000,6,9944578
4,62.98864201150246,61.28268023620764,125.61023218677508,411.23144139761905,137.0771471325397,932.0349168578258,3084.235810482143,134.50142663350658,400,25000,6,9944578
11,115.45977394771329,47.15419484125002,130.85660620261677,353.6584553287738,35.36584553287738,1219.6047659172248,2652.4384149658035,243.65622236459186,400,25000,6,9944578
10,80.47645677197016,22.645572025246103,124.92368868059677,411.03957911108876,45.67106434567653,773.4152159791221,3082.7968433331657,274.93497063406863,400,25000,6,9925823
5,211.86282383909057,44.62873581153579,104.24919491264336,261.2204584020179,65.30511460050448,1923.6866973796978,1959.1534380151345,133.38368787507804,400,25000,6,9925823
9,94.00973313243104,49.19987572418091,113.66639867720376,377.02612866802656,47.12826608350332,1074.0720664245898,2827.695965010199,217.85950358832235,400,25000,6,9925823
4,226.26848022066227,21.886693157979995,173.27137107123545,291.7122093358308,97.23740311194359,1861.163800339817,2187.8415700187306,102.26830034869612,400,25000,6,9925823
5,261.7923374605948,85.75574419952801,153.97983981304696,185.0225189769647,46.255629744241176,2606.610612450921,1387.6688923272352,163.0492443543657,400,25000,6,9925823
4,241.26715821537957,192.8753903573662,237.33992813171903,105.37135571624914,35.12378523874971,3256.0691142955934,790.2851678718686,89.78157783429035,400,25000,6,9925823
5,72.40371882462325,154.69714300549947,157.68500125980682,304.36341490852885,76.09085372713221,1703.2564637259204,2282.725611813966,144.02414692154628,400,25000,6,3820097
6,162.47980185386686,69.52358345650738,155.693174115188,294.048849685353,58.8097699370706,1740.025389827807,2205.3663726401473,188.70173433797282,400,25000,6,3820097
8,80.7396638769323,122.21836046248254,179.0137842738016,317.8892043336678,45.412743476238255,1522.1851825456113,2384.1690325025083,252.46748680144302,400,25000,6,3820097
4,262.60528327424987,57.34740790798751,180.66117185934218,218.73953748276676,72.91317916092225,2399.6451838667804,1640.5465311207508,99.2020537574272,400,25000,6,3820097
5,191.0766355624218,67.78415834045411,196.33787210007068,276.7597028215619,69.18992570539048,1941.4559542715692,2075.697771161714,142.88232411311603,400,25000,6,3820097
4,257.32341951301737,65.16032184258326,167.15104582923797,213.28668769172737,71.09556256390913,2418.6280601670046,1599.6501576879552,100.54047969078084,400,25000,6,3820097
8,116.54545398917759,110.68262986153414,145.97216694619212,295.4132969278875,42.20189956112678,1704.210628880338,2215.599726959156,211.06438072108017,400,25000,6,9535879
4,193.43628393791226,118.2788404793871,170.80337494036482,219.785453382438,73.261817794146,2337.8634331297453,1648.390900368285,174.56179393817368,400,25000,6,9535879
5,199.5714583791676,105.2051826589039,151.20496488750553,217.83765810374715,54.459414525936786,2285.824807785536,1633.7824357781035,178.75370932803116,400,25000,6,9535879
4,185.8813459744006,31.84649852484742,115.94127613616428,316.9370966187103,105.64569887290344,1632.9588337443602,2377.028224640327,135.78118880666784,400,25000,6,9535879
6,204.81900819885325,24.047937834572128,119.09976648085599,259.54264500245506,51.908529000491015,1716.5020952506904,1946.569837518413,183.16687489340126,400,25000,6,9535879
8,190.55073259453576,26.749966673111658,149.6324553605155,315.79587579681765,45.11369654240252,1629.7552445073557,2368.4690684761326,156.2583069824593,400,25000,6,9535879
6,229.19808460657802,73.42751706538117,168.3133376988993,230.01639741794668,46.00327948358934,2269.692012539694,1725.1229806346,166.03625155694724,400,25000,6,8271480
4,100.4069232280678,39.84011678581351,123.6124404316067,401.97661290505147,133.9922043016838,1051.8528001041097,3014.824596787886,80.94382403897447,400,25000,6,8271480
7,180.11754528073598,87.96075869440472,194.13266851868516,263.5670851711642,43.927847528527366,2010.5872798135551,1976.7531387837314,170.34561775877734,400,25000,6,8271480
6,236.97412272301358,87.59077363878522,140.6078972010489,195.2930603585663,39.058612071713256,2434.236722713491,1464.6979526892471,170.60227559026018,400,25000,6,8271480
3,101.96101676663248,151.12256417579843,166.83424987880437,290.37098534222685,145.18549267111342,1898.1268570682319,2177.7823900667013,78.33571711313189,400,25000,6,8271480
6,112.18038040159868,191.61523727575567,181.96320618872676,228.76521918834558,45.75304383766912,2278.467132580158,1715.7391439125918,163.29253982212796,400,25000,6,8271480
13,83.17041060103233,57.2939132138355,120.30760886852298,353.65835390675187,29.471529492229322,1053.4824286115088,2652.437654300639,344.81551656468633,400,25000,6,6394530
9,192.05932245494853,91.26927730293039,143.84970366659732,241.13094176000612,30.141367720000765,2124.964498184092,1808.482063200046,231.97879933242254,400,25000,6,6394530
3,259.91515492856445,95.03296978015688,197.84073388250363,178.1209310254218,89.0604655127109,2662.1109353154097,1335.9069826906637,106.1618062287742,400,25000,6,6394530
9,126.9336424561078,165.2764918199649,183.3615613828953,231.7272869061125,28.965910863264064,2191.5760070705455,1737.9546517958438,214.53318062389428,400,25000,6,6394530
7,143.34586452940297,90.41342549758544,165.1138882626289,300.76616845147737,50.1276947419129,1753.1946752024132,2255.7462633860805,153.3114103583103,400,25000,6,6394530
6,188.67976425510315,120.34154853412619,191.37031991026106,212.50809972463747,42.5016199449275,2317.65984591922,1593.8107479347811,115.23557347876681,400,25000,6,6394530
5,77.57502527510577,98.88752376977507,156.66390950188833,355.71473707189,88.9286842679725,1323.4691178366065,2667.860528039175,150.28249481476854,400,25000,6,8372552
6,87.46794217468944,43.89581929238043,129.06691414482447,396.83483215562507,79.36696643112501,985.2282110030241,2976.261241167188,145.80726762617405,400,25000,6,8372552
6,180.7954708005466,87.43446257223341,158.19517515202517,259.6489936814306,51.92979873628612,2011.72450029585,1947.3674526107297,177.91696848940052,400,25000,6,8372552
6,199.03077803819733,95.57982979947124,157.97465363388181,237.6489979954768,47.52979959909536,2209.579558782514,1782.367484966076,166.20968783295302,400,25000,6,8372552
8,89.81829001152921,8.217670381945304,135.26880989654933,429.8297830524688,61.404254721781264,735.2697029510589,3223.723372893516,203.07351637391554,400,25000,6,8372552
5,243.41718892246075,82.01049772230365,177.3048532209298,197.33229044677014,49.333072611692536,2440.7076498357333,1479.9921783507762,128.49730229660904,400,25000,6,8372552
3,85.6399188490056,34.45251926436558,87.92125850798845,281.81713674234254,140.90856837117127,900.6932858502838,2113.628525567569,97.38612400003043,400,25000,8,4474730
5,152.4944418427394,16.568925504856445,90.93856118743615,195.65243096635726,48.913107741589315,1267.975255106969,1467.3932322476794,119.31970607244686,400,25000,8,4474730
5,177.9076161358954,21.214844637985653,108.64401993456227,194.65250209400807,48.66312552350202,1493.4184558041081,1459.8937657050606,160.07825765966487,400,25000,8,4474730
3,193.39575656136637,57.838685312221756,130.0133124746852,139.02268311912923,69.51134155956461,1884.258314051911,1042.670123393469,89.12964739679114,400,25000,8,4474730
3,90.25660251167969,13.37618341005168,84.86399949406592,303.0727494613524,151.5363747306762,777.2458944129853,2273.045620960143,50.49024267792246,400,25000,8,4474730
3,193.454181576357,83.84249464932493,155.83061965476216,127.68218131476183,63.84109065738092,2079.7250716926146,957.6163598607137,67.0329441706174,400,25000,8,4474730
5,156.76310920803283,49.831425847933446,136.5277421697185,185.51403125580583,46.37850781395146,1549.459012919747,1391.3552344185437,125.78989173903072,400,25000,8,4474730
3,178.28375377544987,53.04163473023189,108.12837803946677,158.48080137123065,79.24040068561533,1734.940413792613,1188.6060102842298,60.652399653746656,400,25000,8,9944578
4,157.1378188204393,17.53392509238322,89.87574345594987,147.82928794661493,49.27642931553831,1310.0380793461688,1108.719659599612,130.76332311281755,400,25000,8,9944578
3,134.09165699981,56.75696485343048,104.50681554809631,96.17582573481312,48.08791286740656,1431.3646638993037,721.3186930110984,79.55213200070537,400,25000,8,9944578
6,128.68927209700703,61.28268023620764,108.26235166533608,194.5111158531735,38.9022231706347,1424.7896424991102,1458.8333688988012,141.50387052417932,400,25000,8,9944578
5,152.9046067783632,47.15419484125002,124.95341877302708,197.73612214464714,49.434030536161785,1500.441012147099,1483.0209160848535,107.2538033653417,400,25000,8,9944578
4,184.27955198200323,14.005398250557379,112.5066571211415,199.93511242559714,66.64503747519905,1487.1371267442046,1499.5133431919785,77.09193885288684,400,25000,8,9944578
7,164.07559165267935,103.89035690060813,151.54004610106355,121.1935954733043,20.19893257888405,2009.7446141496562,908.9519660497822,190.46127132213724,400,25000,8,9944578
5,180.69688472219596,22.645572025246103,115.5652213445957,185.1916448503644,46.2979112125911,1525.0684256058155,1388.9373363777331,136.42782491781372,400,25000,8,9925823
6,67.81577451891512,44.62873581153579,89.2133054441468,244.50568311727687,48.90113662345537,843.3338274783819,1833.7926233795765,179.04763477606946,400,25000,8,9925823
5,171.5290852715126,49.19987572418091,111.61236326395348,169.7770299216373,42.44425748040933,1655.4672074677014,1273.3277244122798,119.04543061872795,400,25000,8,9925823
5,105.83090532570738,21.886693157979995,100.95272482468455,270.6341699156341,67.65854247890853,957.8819886276552,2029.7562743672559,120.35924833550547,400,25000,8,9925823
5,168.10777912304764,85.75574419952801,128.32710741443742,140.80779002359716,35.20194750589929,1903.9764249193174,1056.0584251769787,132.07119273705948,400,25000,8,9925823
3,192.8753903573662,135.05402000642755,163.76423345132557,81.51736594211259,40.758682971056295,2459.470577728453,611.3802445658445,46.562374112410474,400,25000,8,9925823
6,133.26455248948247,34.122201269643035,95.51511514368339,198.52373410903118,39.70474682180624,1255.4006531934413,1488.928005817734,203.750231301487,400,25000,8,9925823
2,198.13191935046217,95.87465261324793,147.00328598185504,102.73692828024598,102.73692828024598,2205.0492897278255,770.5269621018448,68.55985165946853,400,25000,8,3820097
3,123.91516656522369,57.34740790798751,123.06235996023338,222.8103941533805,111.40519707669026,1359.469308549084,1671.0779561503539,49.45581394815484,400,25000,8,3820097
3,131.43486870032095,65.16032184258326,99.26628075763342,192.7832179771846,96.3916089885923,1474.4639290717816,1445.8741348288845,106.36774383204508,400,25000,8,3820097
4,177.71647089897797,74.55049754121872,112.39696143301744,148.89029749597537,49.63009916532513,1892.0022633014753,1116.6772312198152,80.2071639908433,400,25000,8,3820097
5,165.2993173479428,80.7396638769323,142.97596294332894,128.22591598586914,32.056478996467284,1845.2923591865633,961.6943698940186,138.2248289309461,400,25000,8,3820097
2,191.0766355624218,67.78415834045411,129.43039695143796,123.87404432084043,123.87404432084043,1941.4559542715692,929.0553324063033,26.340820532354233,400,25000,8,3820097
4,176.654406905748,72.40371882462325,141.5587676474344,123.49427675322781,41.1647589177426,1867.9359429777846,926.2070756492086,111.28245547447078,400,25000,8,3820097
5,183.46068127115308,110.68262986153414,148.53887513714224,96.97070454923796,24.24267613730949,2206.0748334951545,727.2802841192847,122.81382041836308,400,25000,8,9535879
2,163.78522942937195,118.2788404793871,141.03203495437953,80.41255460442244,80.41255460442244,2115.480524315693,603.0941595331683,88.23845653903378,400,25000,8,9535879
3,199.5714583791676,26.749966673111658,87.48803499089763,173.43366774203707,86.71683387101854,1697.4106878920945,1300.752508065278,76.62799160226041,400,25000,8,9535879
4,123.95024737332234,31.84649852484742,95.87327054113314,164.49769248677273,54.832564162257576,1168.4755942362733,1233.7326936507955,80.9353604133443,400,25000,8,9535879
4,144.21180827286344,90.78850283646143,139.385505721414,145.11501180041736,48.37167060013912,1762.5023333199365,1088.3625885031302,127.44777618912613,400,25000,8,9535879
4,177.73376928315636,24.047937834572128,106.80435470069406,192.95504371417388,64.31834790472463,1513.3628033829636,1447.1628278563041,130.57017143857627,400,25000,8,9535879
4,68.08890671666794,105.2051826589039,114.66929974836178,224.15531391216967,74.71843797072323,1299.7056703167889,1681.1648543412725,85.85269954632918,400,25000,8,9535879
4,194.22685082295303,60.75449955836715,133.46642073874997,142.23750607065705,47.41250202355235,1912.3601278599012,1066.7812955299278,124.13491921010737,400,25000,8,9535879
4,103.62192536554011,73.42751706538117,108.90891668102716,217.75940676891332,72.58646892297111,1327.8708182319094,1633.19555076685,108.18636444585903,400,25000,8,8271480
3,139.81799746300186,40.94896641985198,93.47624067635066,127.05227058646778,63.52613529323389,1355.7522291214038,952.8920293985084,77.80861485092593,400,25000,8,8271480
2,195.60859776452347,87.96075869440472,141.78467822946408,111.39180330660318,111.39180330660318,2126.770173441961,835.4385247995239,26.595406346523266,400,25000,8,8271480
7,74.16322405640923,87.59077363878522,112.32790986989492,223.54250928722217,37.257084881203696,1213.1549827139586,1676.5688196541664,165.42264159976438,400,25000,8,8271480
3,168.08206464981726,56.14807983683223,138.61512725413505,178.9313788821679,89.46568944108395,1681.7260836498713,1341.9853416162593,84.45457069680384,400,25000,8,8271480
2,180.36805142908509,86.49348040008293,133.43076591458401,100.73271361377849,100.73271361377849,2001.4614887187602,755.4953521033386,68.02463643728478,400,25000,8,8271480
3,100.4069232280678,39.84011678581351,113.71724675303106,266.75024253980837,133.37512126990418,1051.8528001041097,2000.6268190485628,64.3238258880267,400,25000,8,8271480
5,131.68680594927534,101.96101676663248,123.07675782620541,156.6075546043242,39.15188865108105,1752.3586703693086,1174.5566595324315,178.96250630373078,400,25000,8,8271480
7,102.63870813491383,57.2939132138355,122.56164526849952,231.09116005130392,38.515193341883986,1199.49466011562,1733.1837003847793,187.75873803964998,400,25000,8,6394530
3,171.9344203483549,116.42997160506894,139.5620641678557,110.72696896369808,55.36348448184904,2162.7329396506784,830.4522672277357,112.00696821026115,400,25000,8,6394530
3,192.05932245494853,95.03296978015688,157.68459242195726,110.9496257163122,55.4748128581561,2153.1921917632903,832.1221928723414,54.78635898125632,400,25000,8,6394530
3,145.93954664109054,165.2764918199649,164.3356587758186,94.14424608354042,47.07212304177021,2334.1202884579156,706.0818456265532,79.51289995502096,400,25000,8,6394530
4,120.34154853412619,90.41342549758544,120.72657412600046,196.99188402146433,65.66396134048811,1580.6623052378372,1477.4391301609826,57.75777636065504,400,25000,8,6394530
2,203.06771074818002,130.2517727037665,166.65974172597328,73.79116719461116,73.79116719461116,2499.8961258895993,553.4337539595837,43.47528949564028,400,25000,8,6394530
7,140.0037066355783,83.17041060103233,117.99815216821,163.154584096983,27.1924306828305,1673.8058792745799,1223.6593807273725,204.55070043939904,400,25000,8,6394530
2,196.17030474601603,185.57815097483194,190.87422786042399,28.94283725636306,28.94283725636306,2863.1134179063597,217.07127942272294,42.12052955001328,400,25000,8,6394530
5,143.5906594774852,98.88752376977507,143.32541163302943,159.67066473246382,39.917666183115955,1818.586374354452,1197.5299854934788,103.62438720134092,400,25000,8,8372552
4,87.46794217468944,43.89581929238043,88.65294572785164,227.2753257290268,75.7584419096756,985.2282110030241,1704.564942967701,81.07651087145491,400,25000,8,8372552
4,180.7954708005466,8.217670381945304,97.4286689014512,184.43451975520628,61.47817325173543,1417.5985588686895,1383.2588981640472,119.3543236042854,400,25000,8,8372552
5,87.43446257223341,95.57982979947124,110.88270250518883,206.0963611541592,51.5240902885398,1372.6071927877847,1545.722708656194,136.99470720493193,400,25000,8,8372552
3,183.60918731452415,82.01049772230365,142.21280109639676,115.07039671146615,57.53519835573307,1992.1476377762087,863.0279753359961,119.4619052919832,400,25000,8,8372552
2,199.03077803819733,170.72627627627963,184.87852715723847,40.51268462790686,40.51268462790686,2773.177907358577,303.8451347093014,38.25581864608236,400,25000,8,8372552
4,191.89553953706127,130.46757328207897,154.84708050783934,77.1351351535909,25.711711717863633,2417.723346143552,578.5135136519317,103.9756541364056,400,25000,8,8372552
5,193.11819423138843,84.1760085223133,147.11193337983534,122.51298145834018,30.628245364585045,2079.7065206527627,918.8473609375513,113.98547732621238,400,25000,8,8372552
2,85.6399188490056,34.45251926436558,60.04621905668559,94.75259512210712,94.75259512210712,900.6932858502838,710.6444634158034,60.93949015698836,400,25000,10,4474730
4,152.4944418427394,16.568925504856445,72.38975438677504,154.20713776018837,51.40237925339613,1267.975255106969,1156.5535332014128,72.82832978088238,400,25000,10,4474730
2,138.80549555046747,57.838685312221756,98.3220904313446,81.48941750499282,81.48941750499282,1474.831356470169,611.1706312874461,74.0055759410544,400,25000,10,4474730
4,124.18464685260001,13.37618341005168,96.88702196284012,166.77999457354449,55.59333152451483,1031.7062269698877,1250.8499593015836,138.2377530259276,400,25000,10,4474730
2,149.7918805051672,90.25660251167969,120.02424150842344,59.76059896851647,59.76059896851647,1800.3636226263516,448.20449226387353,41.58829166888338,400,25000,10,4474730
4,150.9592125604664,21.214844637985653,69.90112192459102,137.7139811684728,45.904660389490935,1291.3054289883905,1032.854858763546,135.2484241610858,400,25000,10,4474730
4,121.75443024662259,83.84249464932493,95.63710601398893,67.90753309237304,22.63584436412435,1541.9769367196063,509.30649819279785,147.86322482996147,400,25000,10,4474730
3,151.58756509612317,49.831425847933446,119.39403338402981,127.52640758378391,63.763203791891954,1510.6424320804247,956.4480568783792,31.760809289275137,400,25000,10,4474730
3,150.87316675548115,53.04163473023189,111.98022614956237,121.87534331027115,60.937671655135574,1529.361011142848,914.0650748270336,36.23895158768712,400,25000,10,9944578
2,157.1378188204393,138.87659158113922,148.00720520078926,25.880546960741714,25.880546960741714,2220.108078011839,194.10410220556287,40.860025034066204,400,25000,10,9944578
3,113.71447192884406,61.28268023620764,79.3285980588514,69.47501544529626,34.73750772264813,1312.4786412378878,521.062615839722,107.0503144667151,400,25000,10,9944578
3,144.43333322353163,47.15419484125002,99.47788393817808,123.86259120838079,61.931295604190396,1436.9064604858625,928.969434062856,68.24567408198479,400,25000,10,9944578
2,160.11394360399146,14.005398250557379,87.05967092727442,146.17176402273375,146.17176402273375,1305.8950639091163,1096.288230170503,49.66737548486299,400,25000,10,9944578
3,152.9046067783632,99.68248932791468,124.34694180558604,66.61492472420778,33.30746236210389,1894.403220797084,499.6119354315584,75.90792756926068,400,25000,10,9944578
3,134.09165699981,56.75696485343048,94.63612248865302,79.26024719627941,39.630123598139704,1431.3646638993037,594.4518539720956,58.611836701798694,400,25000,10,9944578
3,128.68927209700703,17.53392509238322,64.05927850640931,117.05751765341607,58.528758826708035,1096.6739789204269,877.9313824006206,96.70783861053276,400,25000,10,9944578
3,104.8554013417659,22.645572025246103,53.87439154555168,99.09277808672702,49.54638904336351,956.25730025259,743.1958356504526,78.1999966747052,400,25000,10,9925823
3,119.92619977746641,45.725473502655056,88.25147163753017,80.77367448060279,40.386837240301396,1242.387549600911,605.802558604521,86.32817001538248,400,25000,10,9925823
3,101.62950604306022,49.19987572418091,79.73760680907264,166.8687604527926,83.4343802263963,1131.2203632543085,1251.5157033959445,97.2475366112256,400,25000,10,9925823
3,135.05402000642755,21.886693157979995,91.09352310547149,129.8474938723209,64.92374693616046,1177.0553487330567,973.8562040424068,75.0534697895856,400,25000,10,9925823
4,122.24898152814023,85.75574419952801,104.10956090062164,102.77284019647858,34.257613398826194,1560.0354429575118,770.7963014735893,131.82921482999294,400,25000,10,9925823
3,133.26455248948247,67.40166478938714,104.40402678719367,121.29211617372688,60.64605808686344,1504.9966295915222,909.6908713029516,74.9215331431152,400,25000,10,9925823
3,94.67026275778146,67.81577451891512,89.43898086746799,68.78758949098102,34.39379474549051,1218.6452795752243,515.9069211823577,83.8554187889049,400,25000,10,9925823
3,141.5288880648183,44.62873581153579,96.72906935842049,125.41063730222501,62.705318651112506,1396.1821790726556,940.5797797666876,64.56542327414599,400,25000,10,9925823
3,135.43549683401662,80.47645677197016,112.44428510802466,86.11624977194435,43.05812488597218,1619.339652044901,645.8718732895827,83.7635536216715,400,25000,10,9925823
3,80.38001333038373,65.16032184258326,73.36361090472856,25.323125797745696,12.661562898872848,1091.5525137972525,189.9234434830927,57.71457503415813,400,25000,10,3820097
3,123.91516656522369,57.34740790798751,83.0155776045551,90.16803112912395,45.08401556456197,1359.469308549084,676.2602334684296,57.38293980516549,400,25000,10,3820097
2,154.69714300549947,95.87465261324793,125.2858978093737,62.88977243078299,62.88977243078299,1879.2884671406055,471.67329323087245,38.64442675636077,400,25000,10,3820097
2,80.7396638769323,72.40371882462325,76.57169135077777,21.34517417205526,21.34517417205526,1148.5753702616666,160.08880629041445,26.305303213153387,400,25000,10,3820097
2,147.2535808609566,101.20365172999608,124.22861629547634,52.5172184596988,52.5172184596988,1863.4292444321452,393.879138447741,57.15164454515232,400,25000,10,3820097
3,141.0674564659582,110.68262986153414,129.59479198677988,40.416188443823245,20.208094221911622,1888.1256474561926,303.12141332867435,66.86845599550617,400,25000,10,9535879
3,118.2788404793871,26.749966673111658,60.3904956909708,92.01565534939743,46.00782767469872,1087.7160536437407,690.1174151204807,74.01112281641419,400,25000,10,9535879
3,116.54545398917759,31.84649852484742,73.59779691764761,139.74728980742623,69.87364490371311,1112.9396438551876,1048.1046735556968,47.43890241962492,400,25000,10,9535879
2,139.87418438156558,90.78850283646143,115.33134360901352,49.918008336488676,49.918008336488676,1729.9701541352028,374.38506252366506,49.617758935154356,400,25000,10,9535879
2,153.03427344612993,24.047937834572128,88.54110564035103,129.20968450162198,129.20968450162198,1328.1165846052654,969.0726337621649,76.70455438765036,400,25000,10,9535879
3,113.34352463205495,60.75449955836715,89.03367026323376,88.62129539648714,44.31064769824357,1305.7351814281658,664.6597154736536,104.83367413666733,400,25000,10,9535879
3,123.95024737332234,93.99201795052227,117.21552787989505,96.58376275767141,48.291881378835704,1634.5669899288346,724.3782206825356,74.99812693830002,400,25000,10,9535879
2,68.08890671666794,105.2051826589039,86.64704468778592,73.92867173404579,73.92867173404579,1299.7056703167889,554.4650380053434,32.775481134235335,400,25000,10,9535879
5,103.62192536554011,56.14807983683223,80.89562271193724,140.37067165670203,35.09266791417551,1198.2750390177926,1052.7800374252652,136.95984500528505,400,25000,10,8271480
2,99.66175814619815,86.49348040008293,93.07761927314054,21.640582526285964,21.640582526285964,1396.1642890971082,162.30436894714472,47.34731426309815,400,25000,10,8271480
4,133.06970421462034,87.59077363878522,110.92452107115182,61.904715648596394,20.6349052161988,1654.9535839005416,464.28536736447296,94.46714448521138,400,25000,10,8271480
2,139.81799746300186,100.4069232280678,120.11246034553483,43.39466176079641,43.39466176079641,1801.6869051830224,325.45996320597305,51.37471284724754,400,25000,10,8271480
2,151.12256417579843,40.94896641985198,96.03576529782521,110.20183572388171,110.20183572388171,1440.536479467378,826.5137679291129,66.79999200086449,400,25000,10,8271480
2,87.96075869440472,39.84011678581351,63.90043774010911,72.57990727012857,72.57990727012857,958.5065661016367,544.3493045259643,49.790650633798215,400,25000,10,8271480
2,139.232964366212,104.68881877276978,121.96089156949088,44.5412009586003,44.5412009586003,1829.4133735423632,334.05900718950227,64.4925501331761,400,25000,10,8271480
2,150.5364808746629,117.5272887878177,134.0318848312403,34.84423709161879,34.84423709161879,2010.4782724686042,261.3317781871409,61.84813974818575,400,25000,10,8271480
4,131.68680594927534,101.96101676663248,116.06530623880715,48.290094705764396,16.0966982352548,1752.3586703693086,362.17571029323295,135.40696498208723,400,25000,10,8271480
2,159.82248136277838,74.16322405640923,116.9928527095938,86.37185173182375,86.37185173182375,1754.8927906439071,647.7888879886782,42.82181168664594,400,25000,10,8271480
3,159.2755689216484,57.2939132138355,117.54626584217368,102.90664018658525,51.453320093292625,1624.2711160161293,771.7998013993894,86.16719700763048,400,25000,10,6394530
2,132.2454165397738,95.03296978015688,113.63919315996534,37.229222456659585,37.229222456659585,1704.5878973994802,279.2191684249469,59.628509823327434,400,25000,10,6394530
3,145.93954664109054,90.41342549758544,121.7194766938544,62.13332645651933,31.066663228259664,1772.6472910400698,465.999948423895,65.93913782383605,400,25000,10,6394530
5,78.43942238075464,83.17041060103233,98.02036828852245,147.03897579508975,36.75974394877244,1212.0737473634022,1102.7923184631732,130.43659909160814,400,25000,10,6394530
3,146.9077837368428,102.63870813491383,128.98029626672962,74.30403062615392,37.15201531307696,1871.5986890381746,557.2802296961544,62.1018820725274,400,25000,10,6394530
2,143.34586452940297,120.34154853412619,131.84370653176458,53.06742758969168,53.06742758969168,1977.6555979764687,398.00570692268764,20.54503607870496,400,25000,10,6394530
3,140.0037066355783,116.42997160506894,135.113273723458,44.88750121103654,22.44375060551827,1923.2525868048547,336.65625908277406,142.04602539463804,400,25000,10,6394530
2,128.44634996127456,91.26927730293039,109.85781363210248,56.23032048851411,56.23032048851411,1647.867204481537,421.72740366385585,42.61969696796639,400,25000,10,6394530
2,115.99941537981526,98.88752376977507,107.44346957479516,30.122458497755048,30.122458497755048,1611.6520436219273,225.91843873316287,62.21672154506744,400,25000,10,8372552
2,126.69893922712093,43.89581929238043,85.29737925975068,83.37863183753869,83.37863183753869,1279.4606888962603,625.3397387815402,24.172297426349097,400,25000,10,8372552
3,93.44020521751663,48.41529469256937,92.63630931120262,144.5140307103365,72.25701535516825,1063.916249325645,1083.8552303275237,99.61530441391466,400,25000,10,8372552
3,131.7353038112792,87.43446257223341,116.54577988853055,46.965245102852585,23.482622551426292,1643.7732478763448,352.2393382713944,79.59170590703201,400,25000,10,8372552
2,161.73199302495613,143.5906594774852,152.66132625122066,18.863453088433044,18.863453088433044,2289.91989376831,141.47589816324782,24.180286822957715,400,25000,10,8372552
3,89.81829001152921,82.01049772230365,94.23734404853887,78.18719008446308,39.09359504223154,1288.7159080037466,586.4039256334731,82.82590092863612,400,25000,10,8372552
3,145.5511795832628,8.217670381945304,77.11462508010463,155.83069338675008,77.91534669337504,1153.266374739061,1168.7302004006256,87.65125352709626,400,25000,10,8372552
4,96.54908221721576,95.57982979947124,90.94321567842243,98.31341703203913,32.77113901067971,1440.9668401251524,737.3506277402935,93.26634712539595,400,25000,10,8372552
46,439.16607885236704,16.568925504856445,324.8565162112629,1828.6550707593894,40.636779350208656,3418.0125326791763,13714.913030695421,1326.1155055817794,400,50000,2,4474730
47,546.5827230234145,13.37618341005168,334.84009016489847,1789.7173771987143,38.906899504319874,4199.691798250996,13422.880328990357,1332.3798894304366,400,50000,2,4474730
47,611.2403509778131,62.98864201150246,368.52962575987885,1783.2768873340094,38.76688885508716,5056.717447419867,13374.57665500507,1243.5939363911511,400,50000,2,9944578
52,427.03277525108,14.005398250557379,286.8942080223195,1828.3642948567065,35.85028029130797,3307.7863012622806,13712.732211425298,1307.0444318710547,400,50000,2,9944578
49,490.99927012498904,22.645572025246103,362.9929131019049,1812.9117765724213,37.76899534525878,3852.3363161267634,13596.83832429316,1516.5532168115803,400,50000,2,9925823
44,121.4209017180872,44.62873581153579,270.4263597785173,1819.3584090384643,42.31066067531312,1245.3722814721725,13645.188067788482,1126.8447995399692,400,50000,2,9925823
50,564.5567743935512,80.7396638769323,391.3595371470737,1777.0508269168345,36.26634340646601,4839.723287028627,13327.881201876258,1121.0288773711159,400,50000,2,3820097
44,503.49555270884184,57.34740790798751,380.0031870379209,1819.0239371893938,42.30288226021846,4206.32220462622,13642.679528920453,1142.8260486371648,400,50000,2,3820097
50,473.0413392901584,24.047937834572128,334.9441965089841,1799.4369177655553,36.72320240337868,3728.169578435479,13495.776883241666,1442.8811753362104,400,50000,2,9535879
46,453.48430000812067,26.749966673111658,346.0940402257496,1811.396274930453,40.253250554010066,3601.7570001092427,13585.472061978398,1425.0571513654033,400,50000,2,9535879
46,512.1639458805502,56.14807983683223,332.44046934577966,1777.4882484390446,39.49973885420099,4262.340192880368,13331.161863292835,1268.2220078906594,400,50000,2,8271480
47,231.52107458367496,39.84011678581351,212.92258979511342,1835.3585155132148,39.899098163330756,2035.2089352711632,13765.188866349112,1223.4699356583903,400,50000,2,8271480
53,442.15473990746955,57.2939132138355,406.5475369383702,1785.3036904738021,34.33276327834235,3745.8648984097877,13389.777678553515,1555.8097877855005,400,50000,2,6394530
44,357.6149882759421,95.03296978015688,320.9194645248956,1790.2559644241367,41.63385963777062,3394.859685420742,13426.919733181025,1177.3598361124061,400,50000,2,6394530
46,541.4711624853421,8.217670381945304,380.5630878326073,1856.9451606637358,41.26544801474969,4122.666246504656,13927.088704978018,1180.1767464572276,400,50000,2,8372552
49,274.3567756248881,43.89581929238043,382.76453086715924,1820.8828359448376,37.93505908218412,2386.894461879514,13656.621269586281,1293.7967270416013,400,50000,2,8372552
38,502.17116420735215,34.45251926436558,307.10024330374995,1538.3435627623162,41.576853047630166,4024.6776260378833,11537.576720717372,1100.4165454591773,400,50000,3,4474730
37,449.94848587456994,16.568925504856445,332.67727974094777,1611.9040548639857,44.775112635110716,3498.880585345698,12089.280411479893,1056.2528493246123,400,50000,3,4474730
38,222.95171401212954,13.37618341005168,325.78722333930676,1845.922264152204,49.88979092303254,1772.4592306663592,13844.41698114153,1037.6954252850173,400,50000,3,4474730
39,407.76650265013564,53.04163473023189,390.9276147383615,1612.073012267358,42.42297400703574,3456.0610303527565,12090.547592005185,1093.7545572381687,400,50000,3,9944578
52,159.27238114303847,14.005398250557379,272.6979927356487,1852.944810464058,36.33225118556977,1299.583345451969,13897.086078480435,1283.476341108898,400,50000,3,9944578
36,206.78318309952738,56.75696485343048,379.28679596056827,1837.850656301776,52.510018751479315,1976.551109647184,13783.87992226332,895.3186343497233,400,50000,3,9944578
38,285.266573320662,22.645572025246103,343.4649776770507,1767.6772061024146,47.775059624389584,2309.341090094311,13257.57904576811,1094.076429464007,400,50000,3,9925823
33,661.9974616751676,85.75574419952801,378.1649609952879,1352.380299130444,42.261884347826374,5608.149044060217,10142.85224347833,910.8375257769006,400,50000,3,9925823
33,446.17146193699557,21.886693157979995,309.42410607215925,1647.7239679029817,51.49137399696818,3510.436163212317,12357.929759272363,794.8354667617718,400,50000,3,9925823
37,589.3490922696761,95.87465261324793,361.54939155342805,1418.798497369658,39.41106937137939,5139.178086621931,10640.988730272435,885.3411304373667,400,50000,3,3820097
33,259.69515113543486,57.34740790798751,342.0371226242731,1803.311748447251,56.35349213897659,2377.819192825668,13524.838113354383,760.284513828074,400,50000,3,3820097
37,290.05504205439894,72.40371882462325,350.86900440964496,1722.2660524825221,47.840723680070056,2718.440706592666,12916.995393618916,1007.1049750525655,400,50000,3,3820097
43,197.9140837459142,24.047937834572128,324.17390147153833,1830.7811760059044,43.59002800014058,1664.7151618536477,13730.858820044283,1256.730300232407,400,50000,3,9535879
32,584.8398445355235,36.142679920413656,386.3637538322166,1470.3507260282595,47.43066858155676,4657.368933419529,11027.630445211946,971.5336950237946,400,50000,3,9535879
37,432.9311230636062,26.749966673111658,371.38287157629577,1618.1113803771218,44.94753834380894,3447.608173025384,12135.835352828413,1080.4981811069026,400,50000,3,9535879
30,566.4846404145759,56.14807983683223,333.1182613354094,1509.5591890079772,52.05376513820611,4669.7454018855615,11321.693917559829,674.0816252341473,400,50000,3,8271480
32,457.7382338490809,39.84011678581351,312.395570219619,1607.2855344789432,51.847920467062686,3731.8376297617083,12054.641508592074,879.8830856290069,400,50000,3,8271480
46,220.73442329807514,87.59077363878522,263.6569702063304,1731.1100546573564,38.46911232571903,2312.438977026453,12983.325409930172,1301.9332201751838,400,50000,3,8271480
41,463.2305401160966,57.2939132138355,385.56766857574866,1545.8052989556784,38.64513247389196,3903.9333999744913,11593.539742167588,1152.9177031743282,400,50000,3,6394530
40,470.4101662388275,83.17041060103233,345.53292539115563,1516.9722177286517,38.89672353150389,4151.854326298949,11377.291632964887,1132.961022192174,400,50000,3,6394530
39,320.92469168772186,95.03296978015688,318.5889154031194,1671.1797397249582,43.978414203288374,3119.6824610090903,12533.848047937186,972.2122374884647,400,50000,3,6394530
33,582.3723934884194,98.88752376977507,382.2011543579369,1431.9958094573037,44.74986904554074,5109.449379436459,10739.968570929777,807.7628961941668,400,50000,3,8372552
45,199.03077803819733,43.89581929238043,381.6141650244826,1805.3102220657868,41.029777774222424,1821.949479979333,13539.826665493401,1151.031878416763,400,50000,3,8372552
46,277.717557178464,8.217670381945304,399.9573252148311,1749.4461799195633,38.876581775990296,2144.5142067030697,13120.846349396725,1259.5860550399173,400,50000,3,8372552
20,488.42552607023015,34.45251926436558,314.6403063868797,1068.868520109003,56.25623790047384,3921.5853400094684,8016.513900817522,560.4288962761791,400,50000,4,4474730
23,449.94848587456994,16.568925504856445,308.6664402497353,1118.8276198875096,50.85580090397771,3498.880585345698,8391.207149156322,606.3336970119514,400,50000,4,4474730
21,468.79550635145637,13.37618341005168,225.75942769327534,1098.8040641179346,54.94020320589673,3616.2876732113104,8241.030480884509,639.946989804319,400,50000,4,4474730
26,264.5085528675308,83.84249464932493,279.88139441191896,1212.2837301726513,48.49134920690605,2612.6328563764177,9092.127976294885,772.7443494838033,400,50000,4,4474730
20,128.68927209700703,53.04163473023189,336.2991776621764,1414.3009664742106,74.43689297232687,1362.981801204292,10607.25724855658,528.0751273729725,400,50000,4,9944578
29,128.75445522130298,14.005398250557379,197.81736077995683,1430.7490223678608,51.09817937028074,1070.6989010389527,10730.617667758956,692.5683113763863,400,50000,4,9944578
16,390.7432490086865,56.75696485343048,343.0266653923844,1165.274038233062,77.68493588220413,3356.2516039658776,8739.555286747964,403.9743731100973,400,50000,4,9944578
24,287.51683859103605,61.28268023620764,271.0152951968468,1231.6175467104072,53.548588987409005,2615.9963912043277,9237.131600328054,642.5730628627964,400,50000,4,9944578
28,234.41436130690929,22.645572025246103,282.74019037897995,1299.803026558395,48.14085283549611,1927.9494999911653,9748.522699187963,798.3836228380302,400,50000,4,9925823
25,278.719992220672,85.75574419952801,335.3635604931525,1205.613730000583,50.23390541669096,2733.5680231515003,9042.102975004373,696.0550078995398,400,50000,4,9925823
22,267.8495883493982,49.19987572418091,364.0977831730915,1263.9442212256572,60.18782005836463,2377.8709805518433,9479.581659192429,632.0685548916148,400,50000,4,9925823
26,438.22415929270215,21.886693157979995,276.9390823271565,1123.817335944577,44.95269343778308,3450.8313933801164,8428.630019584329,615.2602305457166,400,50000,4,9925823
25,374.35778567034833,72.40371882462325,323.7225864945273,1146.8906122283297,47.78710884284707,3350.711283712287,8601.679591712473,544.6839151200237,400,50000,4,3820097
19,474.6323846450199,69.52358345650738,341.90744235266624,1065.3017253645805,59.18342918692114,4081.1697607614547,7989.762940234354,427.6747957976676,400,50000,4,3820097
24,192.94004018287004,80.7396638769323,353.8533459521823,1308.4811752589837,56.89048588082538,2052.597780448518,9813.608814442377,623.758711185391,400,50000,4,3820097
20,447.54839576749043,65.16032184258326,262.46244337751307,1084.6936934989408,57.08914176310215,3845.3153820755524,8135.202701242056,505.6580430539105,400,50000,4,3820097
26,430.3908484519333,93.99201795052227,286.3085291211307,1046.4553571132158,41.85821428452863,3932.8714980184172,7848.415178349118,711.778050300961,400,50000,4,9535879
18,504.93274178427896,36.142679920413656,303.64122626048146,1054.129508488523,62.007618146383706,4058.065662785195,7905.971313663923,517.2762211604461,400,50000,4,9535879
20,400.20993695710405,133.70431831584054,376.082628314066,1047.9666757017108,55.15614082640583,4004.3569145470847,7859.75006776283,629.4452492073331,400,50000,4,9535879
25,300.65459357479995,26.749966673111658,286.5204012641853,1249.9381871215364,52.08075779673069,2455.534201859337,9374.536403411523,658.7482908707422,400,50000,4,9535879
21,273.1826734341957,56.14807983683223,301.10857885404573,1280.6978208328317,64.03489104164159,2469.9806495327093,9605.233656246237,405.63405146804917,400,50000,4,8271480
24,101.96101676663248,39.84011678581351,283.7163447352669,1434.3977110470482,62.36511787161079,1063.508501643345,10757.982832852862,669.9041370702673,400,50000,4,8271480
23,429.0028932916385,100.4069232280678,327.4877195468715,1039.8660790835693,47.26663995834406,3970.573623897797,7798.99559312677,719.6618517652721,400,50000,4,8271480
18,398.9525463647636,104.68881877276978,239.4661725081003,1098.929976473131,64.64293979253712,3777.3102385315,8241.974823548484,478.80752066715866,400,50000,4,8271480
22,322.7938870883726,57.2939132138355,312.4662826611514,1200.8882818240938,57.1851562773378,2850.658502266561,9006.662113680704,637.7218195445317,400,50000,4,6394530
27,288.45719474832396,83.17041060103233,295.4865601506845,1192.8908795369248,45.880418443727876,2787.2070401201718,8946.681596526936,762.0361723088746,400,50000,4,6394530
27,205.58230781077535,95.03296978015688,299.75327266038244,1280.3611680793902,49.24466031074577,2254.614581931992,9602.708760595426,640.0860700496645,400,50000,4,6394530
24,413.7963151864403,90.41342549758544,347.7564865457661,1079.7496506674875,46.94563698554293,3781.573055130193,8098.122380006156,607.3271840483636,400,50000,4,6394530
21,458.1442163206058,98.88752376977507,321.8216015829706,1044.0529547554424,52.202647737772125,4177.738050677856,7830.397160665818,488.0475432641341,400,50000,4,8372552
14,541.5914223793375,126.69893922712093,347.2882910346837,950.7360045605553,73.13353881235041,5012.1777120484385,7130.520034204165,351.22762247207555,400,50000,4,8372552
24,309.3537637776065,8.217670381945304,328.6955929812546,1263.1108151614287,54.91786152875777,2381.7857561966384,9473.331113710716,643.0711548635021,400,50000,4,8372552
28,141.90558691320103,136.05342802352183,384.3403533604047,1284.7902320014975,47.58482340746287,2084.692612025421,9635.926740011231,757.9337268754216,400,50000,4,8372552
19,316.98793450882374,34.45251926436558,326.4585231295641,907.4271363801886,50.41261868778825,2635.80340329892,6805.703522851414,554.4277926999389,400,50000,5,4474730
17,320.0821886286331,16.568925504856445,300.7693508370368,936.9939692568024,58.56212307855015,2524.8833560011717,7027.454769426018,433.5870577965995,400,50000,5,4474730
19,308.6951637360695,21.214844637985653,210.359306693023,919.6701786221915,51.092787701232865,2474.325062805414,6897.526339666437,615.5241543662474,400,50000,5,4474730
18,260.76283440103015,83.84249464932493,245.19406822134292,914.4573771679815,53.79161042164597,2584.539967877663,6858.430328759861,538.3488619086223,400,50000,5,4474730
14,469.9375988017292,13.37618341005168,341.13326212772887,796.1357779889374,61.24121369145673,3624.853366588357,5971.018334917031,388.81347544723894,400,50000,5,4474730
17,173.428835272238,53.04163473023189,231.64751476503125,1053.1397428407367,65.82123392754605,1698.528525018524,7898.548071305526,395.016183852228,400,50000,5,9944578
18,494.16236127643225,14.005398250557379,281.92546030014836,761.1852771385315,44.77560453756068,3811.2581964524225,5708.889578538987,479.8214322949668,400,50000,5,9944578
9,510.84459895265434,151.08774364774715,331.83480199693315,638.7361065048578,79.84201331310723,4964.4925695030115,4790.520798786434,233.32729160756168,400,50000,5,9944578
13,128.75445522130298,56.75696485343048,224.33617245625686,1099.4416153313618,91.62013461094682,1391.3356505605009,8245.812114985214,362.1305309226183,400,50000,5,9944578
11,541.5831339200857,61.28268023620764,282.72658637557095,687.2325587446624,68.72325587446623,4521.4936061722,5154.244190584967,316.8842922068181,400,50000,5,9944578
23,80.47645677197016,22.645572025246103,249.5512156093924,1143.3573437456128,51.970788352073306,773.4152159791221,8575.180078092095,645.9951332129614,400,50000,5,9925823
16,278.719992220672,44.62873581153579,351.7928049631659,942.2229990230394,62.81486660153596,2425.115460241558,7066.672492672796,496.3509336910423,400,50000,5,9925823
13,550.4351028969675,49.19987572418091,356.3903430929768,678.8051989018412,56.56709990848677,4497.262339658612,5091.0389917638095,392.23264670514413,400,50000,5,9925823
14,524.7154944632401,21.886693157979995,307.00200247244436,737.7293464559901,56.7484112658454,4099.516407159151,5532.970098419926,357.06583483097546,400,50000,5,9925823
12,427.5851234930557,85.75574419952801,276.934254897495,775.9811005418744,70.54373641289767,3850.056507694378,5819.858254064058,320.7877627486465,400,50000,5,9925823
16,385.1837999727279,154.69714300549947,332.31499565682714,743.5681862172029,49.57121241448019,4049.107072336705,5576.761396629022,355.3636538726171,400,50000,5,3820097
21,177.71647089897797,69.52358345650738,287.6289522469058,1020.8234146105826,51.04117073052913,1854.3004076661402,7656.17560957937,486.1580695587776,400,50000,5,3820097
17,204.06066577759594,80.7396638769323,308.03637785391345,982.6812549323965,61.417578433274784,2136.0024724089617,7370.109411992974,475.72299752051174,400,50000,5,3820097
16,358.5547630666077,57.34740790798751,360.56991582634816,862.8504704175026,57.523364694500174,3119.2662823094643,6471.378528131269,404.1784765023456,400,50000,5,3820097
17,283.72957633605796,65.16032184258326,292.0964820133455,924.4220453100941,57.77637783188088,2616.674236339809,6933.165339825706,445.53311703412754,400,50000,5,3820097
14,430.3908484519333,110.68262986153414,300.36188535033006,737.9490683018151,56.76531294629347,4058.051087351006,5534.618012263613,403.87733623590856,400,50000,5,9535879
14,425.2832949323538,36.142679920413656,265.34028362493103,819.065248888048,63.00501914523446,3460.694811395756,6142.98936666036,388.4727337776061,400,50000,5,9535879
20,172.68477733315254,26.749966673111658,308.88992413536056,1039.494729328782,54.71024891204115,1495.7605800469814,7796.210469965864,693.123210632699,400,50000,5,9535879
16,510.2678938319026,31.84649852484742,321.3032172272471,740.6975328287193,49.37983552191462,4065.8579426756255,5555.231496215395,377.89836131623343,400,50000,5,9535879
13,301.69853332103156,24.047937834572128,260.14815984194445,958.4923354520027,79.8743612876669,2443.0985336670274,7188.69251589002,363.58861226499346,400,50000,5,9535879
14,273.1826734341957,73.42751706538117,331.0281266911756,951.7085852436037,73.20835271104644,2599.5764287468264,7137.814389327028,253.21716322689034,400,50000,5,8271480
18,244.34117823072378,39.84011678581351,290.0333568908756,978.015087963614,57.53029929197729,2131.3597126240297,7335.113159727105,520.1163464167092,400,50000,5,8271480
13,399.75750793389335,100.4069232280678,286.1012273090635,783.4213196276753,65.28510996897295,3751.2332337147086,5875.659897207564,372.8883401221766,400,50000,5,8271480
12,398.9525463647636,104.68881877276978,250.87601485341847,786.6749669386237,71.51590608532943,3777.3102385315,5900.062252039677,322.32386160293896,400,50000,5,8271480
14,360.2160021800404,101.96101676663248,302.13082264990993,822.7601994810809,63.2892461139293,3466.3276421000464,6170.701496108107,344.41309287675335,400,50000,5,8271480
13,185.57815097483194,57.2939132138355,250.58246940526593,1037.6714450596244,86.47262042163537,1821.5404814150058,7782.535837947183,387.7808463604963,400,50000,5,6394530
15,424.9928726339645,83.17041060103233,261.2397107545366,778.2713020829341,55.59080729163815,3811.224624262476,5837.034765622006,343.7617550673096,400,50000,5,6394530
18,348.3069569543896,95.03296978015688,293.7671458336949,834.609698874731,49.09468816910182,3325.0494505090983,6259.572741560482,408.29586277252946,400,50000,5,6394530
19,171.965932030771,165.2764918199649,326.9957228199327,937.6268944260257,52.090383023668096,2529.3181788805196,7032.201708195193,436.1757544814307,400,50000,5,6394530
14,325.40702452262735,90.41342549758544,267.094522337467,871.2656662147108,67.02043586267006,3118.653375151596,6534.492496610331,339.87309462347764,400,50000,5,6394530
11,517.0770691246192,98.88752376977507,305.161682725465,681.4404488963751,68.14404488963751,4619.734446707957,5110.803366722813,256.0229289674855,400,50000,5,8372552
14,176.4619354976555,43.89581929238043,284.552375488976,1063.5415912076653,81.81089163135887,1652.6831609252695,7976.561934057489,370.3565794239963,400,50000,5,8372552
15,206.90393720726118,130.46757328207897,286.6934153014396,939.1713120234242,67.0836651445303,2530.2863286700513,7043.784840175682,415.3059303342761,400,50000,5,8372552
11,551.1380038331349,136.05342802352183,307.7433678324803,603.242946487986,60.324294648798606,5153.935738924926,4524.322098659895,309.9752886428106,400,50000,5,8372552
22,141.90558691320103,8.217670381945304,279.8917007032414,1107.6866774824352,52.74698464202073,1125.9244297135976,8307.650081118265,536.1469585912332,400,50000,5,8372552
10,279.56160557662315,34.45251926436558,273.45309867084103,759.3883269580398,84.37648077311553,2355.1059363074155,5695.412452185298,263.6117066240146,400,50000,6,4474730
11,46.94189799253238,16.568925504856445,258.08048286151245,1007.4864440972761,100.74864440972762,476.3311762304162,7556.148330729571,288.3176879799395,400,50000,6,4474730
14,150.9592125604664,21.214844637985653,180.99293738041462,881.6902148304913,67.8223242177301,1291.3054289883905,6612.676611228685,424.0504339237294,400,50000,6,4474730
15,193.454181576357,143.67133741059422,287.3988941241674,719.1325315174588,51.3666093941042,2528.4413924021337,5393.493986380941,380.1616485742398,400,50000,6,4474730
10,124.18464685260001,13.37618341005168,247.37866058305454,937.3277780791805,104.14753089768672,1031.7062269698877,7029.958335593854,270.55138289497194,400,50000,6,4474730
8,264.6890739813952,90.25660251167969,320.1132512037235,734.9486912838079,104.99267018340113,2662.0925736980616,5512.115184628559,153.8827051767308,400,50000,6,4474730
12,306.1237373672775,53.04163473023189,247.24119418125633,705.3131754098731,64.11937958271574,2693.7402907313203,5289.848815574049,348.28977633182757,400,50000,6,9944578
15,172.5437409334057,14.005398250557379,200.45675967080376,863.6515741812676,61.68939815580483,1399.1185438797231,6477.386806359507,456.6257959983532,400,50000,6,9944578
7,510.84459895265434,151.08774364774715,361.82420763119904,429.10121626237026,71.51686937706171,4964.4925695030115,3218.259121967777,140.05335123970352,400,50000,6,9944578
18,103.89035690060813,56.75696485343048,224.9283863483104,896.4139242070063,52.73023083570625,1204.8549131552895,6723.104431552547,403.02228813503217,400,50000,6,9944578
9,132.02587696297408,61.28268023620764,251.62915337795812,882.3835477926477,110.29794347408097,1449.814178993863,6617.876608444858,259.59800172449377,400,50000,6,9944578
13,173.428835272238,47.15419484125002,232.31086158384048,853.1065304510178,71.09221087091815,1654.37272585116,6398.298978382633,271.77596903204096,400,50000,6,9944578
16,34.122201269643035,22.645572025246103,266.74804170291196,1002.8208837164137,66.85472558109424,425.75829971166854,7521.156627873103,382.39276017125434,400,50000,6,9925823
12,67.81577451891512,44.62873581153579,282.18198432097853,952.0520509411367,86.55018644919424,843.3338274783819,7140.390382058526,347.9720201327404,400,50000,6,9925823
16,67.40166478938714,49.19987572418091,234.25492287506393,938.0677743666631,62.53785162444421,874.5115538517604,7035.508307749973,417.5434436339332,400,50000,6,9925823
18,326.2841185254317,21.886693157979995,270.75869968029536,690.9716514348128,40.64539126087134,2611.281087625588,5182.287385761096,527.5005205030593,400,50000,6,9925823
15,216.53504109978263,85.75574419952801,240.03350091926092,753.0861189428128,53.79186563877234,2267.18088974483,5648.145892071097,409.81762257818104,400,50000,6,9925823
13,267.8495883493982,116.33985615200693,283.8940775542363,679.9854505924988,56.66545421604156,2881.4208337605382,5099.89087944374,331.90703285254824,400,50000,6,9925823
18,253.92664986294312,154.69714300549947,312.8482100381151,646.4424565363489,38.02602685507935,3064.6784465133196,4848.3184240226165,373.74717388732046,400,50000,6,3820097
10,364.473565073168,127.79729383536572,325.97160747808925,590.036424552669,65.55960272807434,3692.031441814003,4425.273184145018,196.14126490991407,400,50000,6,3820097
6,524.5068870806293,122.21836046248254,283.1891130754481,434.3873783181435,86.8774756636287,4850.439356573339,3257.905337386076,220.61553849004042,400,50000,6,3820097
6,507.4691368554012,187.92450540748894,342.28501762333934,400.5804355593433,80.11608711186867,5215.452316971676,3004.3532666950746,113.0619175498019,400,50000,6,3820097
13,180.99806151232104,57.34740790798751,242.87077779152094,827.4505518910333,68.95421265758611,1787.591020652314,6205.87913918275,322.4385398115178,400,50000,6,3820097
11,69.52358345650738,65.16032184258326,243.99818278628666,945.455136926538,94.5455136926538,1010.1292897431798,7090.913526949035,230.9251304309912,400,50000,6,3820097
9,356.0556764814879,110.68262986153414,304.40471177424854,615.1217017827265,76.89021272284081,3500.537297572665,4613.412763370449,202.07040627727105,400,50000,6,9535879
14,68.08890671666794,26.749966673111658,218.22746822347816,949.766775451815,73.05898272706268,711.291550423347,7123.250815888612,444.8177432045106,400,50000,6,9535879
11,356.7580434138983,133.70431831584054,320.13110017513134,571.7238820573868,57.172388205738685,3678.4677129730417,4287.929115430401,358.40381924045334,400,50000,6,9535879
11,425.2832949323538,31.84649852484742,292.44087195229565,614.1742372336996,61.417423723369964,3428.4734509290092,4606.306779252747,291.2701154394535,400,50000,6,9535879
9,417.0351870337829,90.78850283646143,270.01772701177356,565.2932733867596,70.66165917334494,3808.6776740268324,4239.699550400696,277.89443692642106,400,50000,6,9535879
13,327.76569696284065,24.047937834572128,260.19559689625413,705.856329676228,58.82136080635234,2638.602260980596,5293.92247257171,378.6018391286656,400,50000,6,9535879
15,212.17067863960656,56.14807983683223,255.11674040758527,797.72041533989,56.980029667135,2012.390688573291,5982.903115049175,335.78707875931343,400,50000,6,8271480
11,396.5827445920547,39.84011678581351,237.77636413326962,630.4309712922727,63.04309712922727,3273.1714603340115,4728.232284692045,316.3932557589938,400,50000,6,8271480
12,208.55927624828354,100.4069232280678,247.4678660739121,755.6797699770665,68.69816090700604,2317.246496072635,5667.5982748279985,345.87360675770594,400,50000,6,8271480
8,398.9525463647636,87.59077363878522,249.22686884084808,600.6824811043086,85.81178301490124,3649.074900026616,4505.118608282315,175.2026552568814,400,50000,6,8271480
11,360.2160021800404,112.18038040159868,318.74114369794324,597.5805992822866,59.75805992822866,3542.972869362293,4481.85449461715,307.0784479661298,400,50000,6,8271480
6,507.96066074207846,191.61523727575567,333.9032114969687,398.44491420285476,79.68898284057096,5246.819235133756,2988.3368565214105,87.83588481188691,400,50000,6,8271480
13,322.7938870883726,57.2939132138355,256.5513925228897,682.7249832942507,56.89374860785423,2850.658502266561,5120.43737470688,353.1188599592996,400,50000,6,6394530
14,128.44634996127456,83.17041060103233,176.30567527213242,854.9012165748825,65.76163204422173,1587.1257042173017,6411.7591243116185,331.15277609859703,400,50000,6,6394530
15,235.45883317429488,95.03296978015688,258.2397724315762,729.1987901477784,52.085627867698456,2478.6885221583884,5468.990926108338,385.156836158847,400,50000,6,6394530
12,196.17030474601603,165.2764918199649,289.0837822249152,717.9615639350662,65.26923308500602,2710.850974244857,5384.7117295129965,234.2337154887092,400,50000,6,6394530
17,291.029356731651,90.41342549758544,281.87800188653716,668.2794304993497,41.767464406209356,2860.820866719273,5012.095728745123,450.9967647000931,400,50000,6,6394530
15,132.2454165397738,120.34154853412619,247.76680996881808,802.3753076449227,57.312521974637335,1894.40223805425,6017.81480733692,398.5519443658908,400,50000,6,6394530
11,84.1760085223133,98.88752376977507,266.69871547807924,879.7103047420994,87.97103047420994,1372.9764921906628,6597.827285565746,346.62626384705305,400,50000,6,8372552
12,308.59625062623394,43.89581929238043,296.89087456559645,714.9282284562491,64.99347531420447,2643.690524389608,5361.961713421869,316.13546847742793,400,50000,6,8372552
13,215.1066985260594,130.46757328207897,250.33260983331897,717.2271243421351,59.76892702851126,2591.807038561038,5379.203432566013,326.6024024547218,400,50000,6,8372552
16,221.332799348361,136.05342802352183,276.45578411925464,689.0282867750997,45.93521911833998,2680.396705289121,5167.712150813248,451.7775873468417,400,50000,6,8372552
14,141.90558691320103,8.217670381945304,230.3076654863618,922.8351566458224,70.98731974198634,1125.9244297135976,6921.263674843668,279.8544079840942,400,50000,6,8372552
8,410.0739624115411,82.01049772230365,312.0915904107768,588.1216402477627,84.0173771782518,3690.633451003836,4410.91230185822,227.77186667155095,400,50000,6,8372552
12,16.568925504856445,34.45251926436558,193.21325531636262,733.9235618560828,66.72032380509843,382.66083576916515,5504.42671392062,317.2742175140776,400,50000,8,4474730
7,385.0212093948087,73.55375220697191,244.65918796504516,346.7127405202088,57.78545675336813,3439.312212013355,2600.345553901566,207.33930627675088,400,50000,8,4474730
10,350.2825014414396,13.37618341005168,154.05629938646888,431.5956420091741,47.95507133435268,2727.4401363861843,3236.967315068806,266.89472347585126,400,50000,8,4474730
6,392.9209138733534,143.67133741059422,252.28577384516225,271.7043985509762,54.34087971019524,4024.4418846296076,2037.7829891323213,154.22780809776765,400,50000,8,4474730
4,354.20390864613444,245.41256158821452,300.4965300239566,220.77640793283388,73.59213597761129,4497.123526757618,1655.823059496254,88.4463513479061,400,50000,8,4474730
5,332.42049467764383,248.56120772246953,273.14487053706716,234.791757075893,58.69793926897325,4357.36276800085,1760.9381780691974,131.67211749200538,400,50000,8,4474730
10,184.34860790550212,90.25660251167969,217.54243115448836,516.4557372977919,57.38397081086576,2059.5390781288634,3873.418029733439,283.40614003932944,400,50000,8,4474730
11,113.19926243160326,57.838685312221756,185.17090182405607,612.0821570482904,61.20821570482904,1282.7846080786876,4590.616177862177,357.67712396890477,400,50000,8,4474730
8,222.0804043654445,53.04163473023189,186.60855302306783,529.1361946138015,75.59088494482879,2063.415293217573,3968.5214596035116,178.19578690287335,400,50000,8,9944578
4,395.8507485699965,138.87659158113922,265.00757919523954,280.5077253720976,93.50257512403253,4010.4550511335174,2103.807940290732,122.22851433264555,400,50000,8,9944578
6,353.2327502067495,151.08774364774715,289.45678434492623,299.50142398449395,59.90028479689879,3782.4037039087243,2246.2606798837046,124.99899258859494,400,50000,8,9944578
11,134.09165699981,93.05974561271857,224.15591017987126,568.4980420443154,56.84980420443154,1703.635519593964,4263.735315332366,261.61722254733496,400,50000,8,9944578
9,285.2271205574646,61.28268023620764,219.38282116657462,452.7345417405785,56.59181771757231,2598.823505952542,3395.5090630543386,250.52309745769224,400,50000,8,9944578
9,291.9825369061538,47.15419484125002,198.59620426487575,468.5912736791108,58.57390920988885,2543.5254881055284,3514.4345525933313,191.66548577211836,400,50000,8,9944578
12,115.45977394771329,14.005398250557379,172.44942521198732,665.1923001729215,60.47202728844741,970.98879148703,4988.942251296911,269.69887191284135,400,50000,8,9944578
13,226.69686765569205,103.89035690060813,217.01017107008377,451.2670707330365,37.60558922775304,2479.404184172251,3384.503030497774,370.61052241309807,400,50000,8,9944578
10,234.41436130690929,88.38343865997682,249.46134777872535,466.85567869306743,51.872853188118604,2420.9834997516455,3501.4175901980057,305.6713013686853,400,50000,8,9925823
7,365.8143171618702,44.62873581153579,242.438443033233,398.70550841915303,66.45091806985884,3078.322897300545,2990.2913131436476,177.74094417704828,400,50000,8,9925823
8,142.58352844163872,49.19987572418091,220.5709605155125,607.6579488483417,86.80827840690596,1438.3755312436472,4557.434616362562,238.04379101102197,400,50000,8,9925823
9,80.47645677197016,21.886693157979995,211.16177687820158,693.7856435333417,86.72320544166772,767.7236244746261,5203.392326500063,271.7832704378039,400,50000,8,9925823
14,45.725473502655056,85.75574419952801,171.78387266444278,647.2531398932507,49.78870306871159,986.109132766373,4854.39854919938,407.8652379834516,400,50000,8,9925823
7,379.1392207261949,135.05402000642755,244.79904893355155,295.8455774724986,49.30759624541643,3856.449305494668,2218.841831043739,167.04919017794037,400,50000,8,9925823
6,315.6516746950475,22.645572025246103,223.18308926540703,466.80181182878596,93.3603623657572,2537.2293504022023,3501.013588715895,186.46446984741826,400,50000,8,9925823
11,34.122201269643035,67.40166478938714,194.35497425741917,668.5613290338989,66.85613290338989,761.4289954427263,5014.209967754242,262.60465771005374,400,50000,8,9925823
6,356.0870870907741,154.69714300549947,272.42591831099213,302.58278752555606,60.51655750511121,3830.8817257220517,2269.3709064416703,134.07377073956675,400,50000,8,3820097
6,383.55037481111367,95.87465261324793,277.7450453345191,338.3427963332327,67.66855926664654,3595.687705682712,2537.5709724992453,114.8818655851755,400,50000,8,3820097
14,186.5378182127012,80.7396638769323,228.05119044124208,508.66112513510654,39.127778856546655,2004.5811156722514,3814.958438513299,424.04807215996334,400,50000,8,3820097
9,179.09869806315817,57.34740790798751,225.67384921342838,566.1207639715079,70.76509549643849,1773.3457947835925,4245.905729786309,208.22240102352566,400,50000,8,3820097
9,291.9478589568344,67.78415834045411,235.18358620362858,439.83527900075944,54.97940987509493,2697.9901297296637,3298.764592505696,246.2134182060583,400,50000,8,3820097
4,340.6080623025288,257.32341951301737,296.69637419296174,218.40137294467047,72.80045764822349,4484.486113616596,1638.0102970850285,111.55879695381915,400,50000,8,3820097
4,350.44048456245423,65.16032184258326,241.99624195455036,401.97947642043675,133.99315880681226,3117.006048037781,3014.8460731532755,96.40625456371963,400,50000,8,3820097
9,364.97595103789786,69.52358345650738,245.6469505094848,373.9711119905513,46.746388998818915,3258.746508708039,2804.783339929135,155.6335630330853,400,50000,8,3820097
11,123.95024737332234,110.68262986153414,250.51550730299124,563.354330597217,56.335433059721694,1759.7465792614237,4225.157479479128,250.9868246907064,400,50000,8,9535879
6,367.26793366167664,36.142679920413656,231.19361654056843,405.95331656557363,81.19066331311473,3025.579601865677,3044.649874241802,151.65525024785754,400,50000,8,9535879
9,163.78522942937195,93.99201795052227,223.13377815502176,533.0167215807855,66.62709019759819,1933.3293553492067,3997.625411855892,296.15195882080076,400,50000,8,9535879
7,356.7580434138983,31.84649852484742,205.5639955778797,420.62865179448505,70.10477529908084,2914.5340645405927,3154.7148884586377,176.26190242050583,400,50000,8,9535879
5,368.166424198861,90.78850283646143,220.33657135941476,354.17283755288406,88.54320938822102,3442.161952764918,2656.2962816466306,151.10547146188705,400,50000,8,9535879
11,187.61292556156778,24.047937834572128,179.13535004951612,574.6003661148941,57.46003661148941,1587.4564754710493,4309.502745861706,290.7986248039138,400,50000,8,9535879
5,160.5946561073612,172.68477733315254,235.7032418873326,484.0453185347553,121.01132963368883,2499.595750803853,3630.339889010665,111.43281630499146,400,50000,8,9535879
9,68.08890671666794,26.749966673111658,210.31985996455026,698.7474081026081,87.34342601282601,711.291550423347,5240.605560769561,268.0875087068641,400,50000,8,9535879
6,283.35661818946164,73.42751706538117,244.24354359953472,461.0045166920057,92.20090333840115,2675.881014411321,3457.533875190043,112.53415271191184,400,50000,8,8271480
9,250.2563662270104,39.84011678581351,211.5252876455438,510.0316999927127,63.753962499089084,2175.723622596179,3825.237749945345,246.99769729822646,400,50000,8,8271480
9,208.55927624828354,180.11754528073598,239.00655141259833,410.7793154526818,51.34741443158522,2915.0761614676467,3080.8448658951133,243.13835385982975,400,50000,8,8271480
9,104.68881877276978,87.59077363878522,210.7576607506494,612.452081000977,76.55651012512213,1442.0969430866626,4593.390607507328,204.81794183105148,400,50000,8,8271480
5,259.5244708156908,112.18038040159868,224.07488695734645,439.4108370496997,109.85270926242492,2787.786384129671,3295.5812778727477,156.7998523847174,400,50000,8,8271480
10,78.18233191857247,56.14807983683223,224.8758907061499,656.4390671644993,72.93767412938881,1007.4780881655353,4923.293003733745,240.6955503883915,400,50000,8,8271480
6,248.82256714896698,100.4069232280678,250.32807841838562,459.5507473964197,91.91014947928394,2619.221177827761,3446.6306054731476,170.604091513481,400,50000,8,8271480
6,101.96101676663248,103.62192536554011,207.2284239152216,611.4940235147571,122.29880470295143,1541.8720659912944,4586.205176360679,116.30950632739496,400,50000,8,8271480
9,335.49318487055876,57.2939132138355,202.71124285705372,408.9630742463737,51.12038428079671,2945.9032356329567,3067.2230568478026,223.12993792481092,400,50000,8,6394530
9,137.39439692843226,91.26927730293039,162.01849920086423,574.3847134284749,71.79808917855937,1714.9775567352199,4307.885350713562,221.69961045504044,400,50000,8,6394530
7,238.57407693878957,95.03296978015688,254.4712089646408,468.20601905054866,78.03433650842477,2502.052850392098,3511.545142879115,228.8599469404482,400,50000,8,6394530
11,128.80545794288724,165.2764918199649,225.10548727463384,502.8204073354626,50.28204073354626,2205.614623221391,3771.1530550159696,263.2291073884152,400,50000,8,6394530
7,369.203130329804,90.41342549758544,235.91523697879668,355.4087291151097,59.23478818585161,3447.1241687054207,2665.5654683633225,136.50102950845,400,50000,8,6394530
10,193.19821791427657,120.34154853412619,258.7358827739835,490.2580658849226,54.473118431658065,2351.548248363021,3676.9354941369193,218.46546112510953,400,50000,8,6394530
10,132.2454165397738,171.9344203483549,226.20063481752723,491.89367075353016,54.6548523059478,2281.348776660965,3689.202530651476,249.99608516106977,400,50000,8,6394530
6,219.80313905065498,177.1634021554152,282.81587767721356,412.4172377062415,82.4834475412483,2977.2490590455263,3093.1292827968114,174.60606810553705,400,50000,8,6394530
6,349.0805452588691,8.217670381945304,203.76562171388466,447.4026652141396,89.48053304282791,2679.736617306108,3355.519989106047,200.32172862129798,400,50000,8,8372552
10,166.5626228772195,43.89581929238043,222.69618281895796,589.599959229305,65.51110658103389,1578.4383162719994,4421.999694219788,236.42246370245417,400,50000,8,8372552
11,110.88324441178372,141.90558691320103,177.6392745914045,537.7167130517272,53.77167130517272,1895.9162349373858,4032.875347887954,257.7247427092173,400,50000,8,8372552
4,396.91040938880394,136.05342802352183,287.81745655619545,276.44225103303813,92.1474170110127,3997.2287805924434,2073.316882747786,172.43191733250788,400,50000,8,8372552
11,290.7542676835445,82.01049772230365,208.2106883053023,426.05773851786176,42.605773851786175,2795.735740543861,3195.433038883963,249.26780406501484,400,50000,8,8372552
4,198.78884729809877,161.01871825236245,249.3055798812616,457.87233478483375,152.6241115949446,2698.5567416284593,3434.0425108862532,116.31301755784756,400,50000,8,8372552
9,204.44324758782705,84.1760085223133,171.92748826527307,517.9220242587519,64.74025303234399,2164.6444208260523,3884.4151819406393,180.8128784426308,400,50000,8,8372552
4,87.46794217468944,222.77746187661114,252.7344041596241,507.2186951632892,169.07289838776308,2326.8405303847544,3804.140213724669,105.56330250071284,400,50000,8,8372552
7,277.1107480262205,34.45251926436558,175.6081780177194,325.5449978605877,54.25749964343129,2336.7245046793955,2441.587483954408,188.27029048817673,400,50000,10,4474730
6,232.482570358884,73.55375220697191,221.26551772675123,334.96703109021325,66.99340621804265,2295.2724192439196,2512.2527331765996,179.59079850611738,400,50000,10,4474730
11,148.78241441107318,21.214844637985653,178.5744911877454,452.77248186055743,45.27724818605574,1274.9794428679413,3395.7936139541807,314.82304613959144,400,50000,10,4474730
9,219.64084654391993,143.67133741059422,217.91096016343488,260.9393352304307,32.617416903803836,2724.841379658856,1957.0450142282302,241.17936297400456,400,50000,10,4474730
8,190.04151745898727,90.25660251167969,215.28748650361882,354.16020951547193,50.59431564506742,2102.235899780002,2656.2015713660394,186.65233618468955,400,50000,10,4474730
5,248.56120772246953,85.6399188490056,156.39884000029397,295.31219639754994,73.82804909938748,2506.5084492860633,2214.8414729816245,178.81765340828875,400,50000,10,4474730
6,220.8216589154548,186.35143697369224,237.59082696832834,209.10585968125918,41.82117193625184,3053.798219168603,1568.2939476094439,172.55350718654793,400,50000,10,4474730
12,46.94189799253238,16.568925504856445,150.87623874818652,562.1803010067803,51.10730009152548,476.3311762304162,4216.352257550852,305.76329054627087,400,50000,10,4474730
7,286.02058386695234,13.37618341005168,186.30457390361045,339.0265877756608,56.50443129594347,2245.47575457753,2542.699408317456,162.8559936581327,400,50000,10,4474730
6,265.9393557663764,48.739574679268046,168.06375119277223,317.26018013547593,63.45203602709519,2360.0919783423337,2379.4513510160696,257.28719535790117,400,50000,10,4474730
8,246.96745022877508,53.04163473023189,146.04064633727097,337.41490746595906,48.202129637994155,2250.068137192552,2530.611805994693,164.22534809828915,400,50000,10,9944578
6,173.428835272238,17.53392509238322,131.36836396610207,458.4698652659057,91.69397305318114,1432.220702734659,3438.523989494293,118.92837137760883,400,50000,10,9944578
4,134.09165699981,151.08774364774715,213.12443425613162,366.9912614620529,122.33042048735096,2138.8455048566784,2752.4344609653967,106.74955276463388,400,50000,10,9944578
8,62.98864201150246,93.05974561271857,191.0989372943842,478.3646720756012,68.33781029651446,1170.3629071816579,3587.735040567009,204.64679612729572,400,50000,10,9944578
5,273.80458444134604,113.71447192884406,238.6735637864661,254.31382687242,63.578456718105,2906.392922776426,1907.35370154315,184.24356473451954,400,50000,10,9944578
6,287.603341118478,106.84612374975259,189.08032393572435,259.05389804506956,51.81077960901391,2958.37098651173,1942.9042353380216,96.56544251131679,400,50000,10,9944578
9,184.27955198200323,14.005398250557379,195.7286473335567,439.2746319145657,54.90932898932071,1487.1371267442046,3294.559739359243,209.06384725503378,400,50000,10,9944578
8,296.2178072042247,143.25983260964702,216.17999883715407,187.41967413636914,26.77423916233845,3296.082298604038,1405.6475560227686,241.81080292842,400,50000,10,9944578
6,316.18938327157775,61.28268023620764,213.92780995746617,267.547529239802,53.5095058479604,2831.04047630839,2006.6064692985149,157.21520152376695,400,50000,10,9944578
2,326.0503702575731,233.9311050644863,279.9907376610297,97.42248340769893,97.42248340769893,4199.861064915445,730.668625557742,45.58455636539184,400,50000,10,9944578
2,327.53249795668967,104.8554013417659,216.1939496492278,222.86041973382183,222.86041973382183,3242.909244738417,1671.4531480036637,63.88847265893342,400,50000,10,9925823
5,105.83090532570738,44.62873581153579,159.63627305870187,496.6174401677693,124.15436004194233,1128.447308529324,3724.63080125827,142.87352696822475,400,50000,10,9925823
4,320.42561450933687,49.19987572418091,169.14751808476177,279.38368349530987,93.12789449843662,2772.1911767513834,2095.377626214824,97.25957003390906,400,50000,10,9925823
5,142.58352844163872,21.886693157979995,183.41675113200245,486.9996789661093,121.74991974152732,1233.5266619971405,3652.4975922458198,113.85086292385611,400,50000,10,9925823
8,45.725473502655056,85.75574419952801,150.697484087163,504.8783614775436,72.12548021107766,986.109132766373,3786.587711081577,214.2320193798656,400,50000,10,9925823
9,135.05402000642755,116.33985615200693,204.9457008239014,386.26358037303334,48.28294754662917,1885.4540711882585,2896.97685279775,195.91735272853975,400,50000,10,9925823
2,315.6516746950475,283.1406057705857,299.3961402328166,58.85728263697419,58.85728263697419,4490.942103492249,441.4296197773064,56.547164685622285,400,50000,10,9925823
7,266.4834479221975,67.40166478938714,199.89821274322804,303.21941544922424,50.53656924153737,2504.138345336885,2274.1456158691817,199.39441003194335,400,50000,10,9925823
4,321.3060759109036,80.47645677197016,221.23196086251033,247.66364570816324,82.55454856938775,3013.3689951215533,1857.4773428112244,125.09856582662431,400,50000,10,9925823
5,321.16987236295927,22.645572025246103,214.5007091745496,305.0683425823872,76.2670856455968,2578.6158329115406,2288.012569367904,123.57289889373817,400,50000,10,9925823
6,131.43486870032095,72.40371882462325,149.30030977342014,435.48969822739275,87.09793964547855,1528.7894064370817,3266.1727367054455,185.45711036106977,400,50000,10,3820097
6,177.71647089897797,204.19816294291348,225.54684797515833,270.7056104252894,54.14112208505789,2864.359753814186,2030.2920781896707,102.3910243914783,400,50000,10,3820097
8,236.8446898187968,80.7396638769323,209.80537595881265,319.6175061360966,45.65964373372809,2381.882652717968,2397.1312960207247,194.7492556530069,400,50000,10,3820097
4,297.1745072163441,57.34740790798751,191.16292398198703,262.1058386867092,87.36861289556974,2658.9143634324873,1965.793790150319,65.66976390768964,400,50000,10,3820097
3,312.2160785117461,179.09869806315817,248.41842386189853,158.00295556189775,79.00147778094887,3684.860824311782,1185.0221667142332,104.23782686009031,400,50000,10,3820097
7,257.32341951301737,69.52358345650738,154.80902944350592,293.5730317596935,48.92883862661558,2451.3525222714356,2201.797738197701,138.49551341333566,400,50000,10,3820097
3,321.10398406419506,65.16032184258326,202.8623038321551,262.642362880168,131.321181440084,2896.982294300837,1969.8177216012598,108.41567205637739,400,50000,10,3820097
2,329.69752337964536,127.79729383536572,228.74740860750555,202.58214374875922,202.58214374875922,3431.2111291125834,1519.366078115694,48.882930856934024,400,50000,10,3820097
5,243.66152330671912,101.20365172999608,165.75774329874037,270.52632583284617,67.63158145821154,2586.488812775364,2028.9474437463464,225.9841361022687,400,50000,10,3820097
8,123.85544019252245,67.78415834045411,190.75309007952967,415.9526454829789,59.42180649756841,1437.2969889973242,3119.6448411223414,231.42467648225394,400,50000,10,3820097
5,206.40943846231357,110.68262986153414,231.34286389088714,326.1121604307179,81.52804010767947,2378.190512428858,2445.841203230384,144.93437712965226,400,50000,10,9535879
4,325.4114372824638,26.749966673111658,126.64573108884406,300.1622296159765,100.05407653865883,2641.210529666816,2251.2167221198238,105.51477819669786,400,50000,10,9535879
7,163.78522942937195,133.70431831584054,209.92250683256967,313.39588485900566,52.232647476500944,2231.1716080890933,2350.4691364425425,275.0131021433294,400,50000,10,9535879
4,314.9006772976819,31.84649852484742,158.55253244815336,305.03434293627373,101.67811431209124,2600.6038186689702,2287.757572022053,90.65066223459748,400,50000,10,9535879
6,182.66752739476559,24.047937834572128,156.70531630459175,429.27927899860515,85.85585579972103,1550.365989220033,3219.5945924895386,210.07886484337033,400,50000,10,9535879
6,280.2257180762626,137.03428963284733,194.26862340297706,228.89356069783233,45.778712139566466,3129.4500578183242,1716.7017052337424,149.60117408097253,400,50000,10,9535879
4,297.07843398842664,68.08890671666794,211.08543837124463,291.6556168255004,97.21853894183346,2738.7550552882094,2187.417126191253,69.90731394396461,400,50000,10,9535879
5,188.34043986955928,105.2051826589039,192.74147247995816,343.2641835630618,85.81604589076545,2201.592168963474,2574.4813767229634,106.97278991860735,400,50000,10,9535879
7,293.78769871883236,93.99201795052227,206.27645418000938,257.6123801329258,42.935396688820965,2908.34787502016,1932.0928509969435,139.61017148281996,400,50000,10,9535879
2,319.9589372355895,274.9537225980477,297.4563299168186,50.258538335772904,50.258538335772904,4461.844948752279,376.9390375182968,83.87423344941631,400,50000,10,9535879
8,103.62192536554011,73.42751706538117,174.6073212185497,462.62311077645,66.08901582520714,1327.8708182319094,3469.673330823375,196.16146595544942,400,50000,10,8271480
7,40.94896641985198,86.49348040008293,155.18827707493753,510.79540674490266,85.1325677908171,955.8183511495117,3830.96555058677,176.34112011989518,400,50000,10,8271480
6,208.55927624828354,195.60859776452347,243.5259362561096,239.97735170807277,47.995470341614556,3031.2590550960526,1799.8301378105457,168.33223863951855,400,50000,10,8271480
6,244.1646053663374,87.59077363878522,197.53109802069517,314.6373612238756,62.92747224477512,2488.1653425384197,2359.780209179067,122.8926003981047,400,50000,10,8271480
6,259.5244708156908,112.18038040159868,231.48994604307123,262.60642339799824,52.521284679599646,2787.786384129671,1969.5481754849868,208.41801312187508,400,50000,10,8271480
4,313.84833427328414,56.14807983683223,197.58873693009906,274.98159917139094,91.66053305713031,2774.9731058258726,2062.361993785432,97.09657130980509,400,50000,10,8271480
7,272.05215805290214,39.84011678581351,190.10568915555555,325.86059381362764,54.31009896893794,2339.1920612903673,2443.954453602207,181.03413280468686,400,50000,10,8271480
5,304.30274680348555,101.96101676663248,224.68214351957477,239.50808101914424,59.87702025478606,3046.9782267758856,1796.3106076435818,133.02171977160626,400,50000,10,8271480
7,307.1866995344751,87.96075869440472,209.7814259880829,244.3292326444722,40.7215387740787,2963.6059367165985,1832.4692448335416,182.86109966980436,400,50000,10,8271480
7,91.96630159604129,162.97517619867259,201.95886944150806,384.11890788643217,64.01981798107202,1912.061083460354,2880.8918091482415,191.31041057011518,400,50000,10,8271480
5,306.760528141253,57.2939132138355,164.87743715981705,284.0567832146563,71.01419580366408,2730.4083101631636,2130.4258741099225,138.53932990047656,400,50000,10,6394530
3,259.91515492856445,130.32180055014325,191.2709578753672,257.77590429280406,128.88795214640203,2926.777166090308,1933.3192821960304,95.70489603560286,400,50000,10,6394530
2,325.40702452262735,95.03296978015688,210.2199971513921,239.21170999645224,239.21170999645224,3153.299957270882,1794.087824973392,42.699352048559575,400,50000,10,6394530
9,128.80545794288724,165.2764918199649,194.99455308682806,327.80684027744724,40.975855034680905,2205.614623221391,2458.5513020808544,233.7829787509812,400,50000,10,6394530
6,166.11038298760198,90.41342549758544,196.60903526808139,393.98392748250654,78.79678549650131,1923.9285636389056,2954.879456118799,119.39797398232082,400,50000,10,6394530
8,188.67976425510315,120.34154853412619,218.81628458201092,326.85988864962206,46.694269807088865,2317.65984591922,2451.4491648721655,180.21264815943488,400,50000,10,6394530
6,293.3122660987595,171.9344203483549,217.73419750411162,184.7901206302909,36.95802412605818,3489.350148353358,1385.9259047271817,88.0678376709785,400,50000,10,6394530
3,143.34586452940297,203.06771074818002,217.80381878690653,314.2068786700211,157.10343933501056,2598.1018145818725,2356.5515900251585,36.19259236839871,400,50000,10,6394530
8,204.452322728744,91.26927730293039,181.48262156530564,348.884401520791,49.840628788684434,2217.9120002375575,2616.633011405933,144.09395089404228,400,50000,10,6394530
8,126.9336424561078,83.17041060103233,121.97750368290482,419.49590698003385,59.927986711433405,1575.780397928551,3146.219302350254,261.4715681672041,400,50000,10,6394530
5,166.5626228772195,98.88752376977507,202.82965745547608,368.11903953043054,92.02975988260764,1990.876099852459,2760.8927964782292,134.41437284300233,400,50000,10,8372552
4,282.6372073647437,43.89581929238043,169.51334422126575,326.93279153459076,108.97759717819692,2448.997699928431,2451.9959365094305,53.67847063431307,400,50000,10,8372552
5,215.1066985260594,110.88324441178372,193.17908213038794,320.4141452550717,80.10353631376792,2444.9245720338236,2403.1060894130374,116.39061098074805,400,50000,10,8372552
6,260.9375757672707,48.41529469256937,179.7560410442371,329.2522960936523,65.85045921873046,2320.1465284488004,2469.3922207023925,154.00715797567344,400,50000,10,8372552
5,225.73705554687848,8.217670381945304,193.83525265762938,407.3151434505421,101.82878586263553,1754.6604444661784,3054.863575879066,154.16296098833234,400,50000,10,8372552
10,198.78884729809877,82.01049772230365,182.11880073010735,357.2690463455436,39.6965607050604,2105.9950876530183,2679.517847591577,206.01727356789024,400,50000,10,8372552
9,87.43446257223341,95.57982979947124,184.15836612260304,434.96634814006933,54.370793517508666,1372.6071927877847,3262.24761105052,248.42118859720767,400,50000,10,8372552
7,137.48102532812652,87.46794217468944,168.44321423419737,414.99149476756145,69.16524912792691,1687.1172562711197,3112.436210756711,186.18266422035984,400,50000,10,8372552
7,250.65386922047352,130.46757328207897,198.2341656920467,263.3024523042381,43.88374205070635,2858.4108187691436,1974.7683922817857,153.26745237646864,400,50000,10,8372552
9,93.44020521751663,84.1760085223133,161.52720519390422,458.7908345426338,57.34885431782922,1332.1216030487244,3440.931259069753,189.30723923229746,400,50000,10,8372552
46,439.16607885236704,16.568925504856445,324.8565162112629,1828.6550707593894,40.636779350208656,3418.0125326791763,13714.913030695421,1326.1155055817794,400,100000,2,4474730
47,546.5827230234145,13.37618341005168,334.84009016489847,1789.7173771987143,38.906899504319874,4199.691798250996,13422.880328990357,1332.3798894304366,400,100000,2,4474730
47,611.2403509778131,62.98864201150246,368.52962575987885,1783.2768873340094,38.76688885508716,5056.717447419867,13374.57665500507,1243.5939363911511,400,100000,2,9944578
52,427.03277525108,14.005398250557379,286.8942080223195,1828.3642948567065,35.85028029130797,3307.7863012622806,13712.732211425298,1307.0444318710547,400,100000,2,9944578
49,490.99927012498904,22.645572025246103,362.9929131019049,1812.9117765724213,37.76899534525878,3852.3363161267634,13596.83832429316,1516.5532168115803,400,100000,2,9925823
44,121.4209017180872,44.62873581153579,270.4263597785173,1819.3584090384643,42.31066067531312,1245.3722814721725,13645.188067788482,1126.8447995399692,400,100000,2,9925823
50,564.5567743935512,80.7396638769323,391.3595371470737,1777.0508269168345,36.26634340646601,4839.723287028627,13327.881201876258,1121.0288773711159,400,100000,2,3820097
44,503.49555270884184,57.34740790798751,380.0031870379209,1819.0239371893938,42.30288226021846,4206.32220462622,13642.679528920453,1142.8260486371648,400,100000,2,3820097
50,473.0413392901584,24.047937834572128,334.9441965089841,1799.4369177655553,36.72320240337868,3728.169578435479,13495.776883241666,1442.8811753362104,400,100000,2,9535879
46,453.48430000812067,26.749966673111658,346.0940402257496,1811.396274930453,40.253250554010066,3601.7570001092427,13585.472061978398,1425.0571513654033,400,100000,2,9535879
46,512.1639458805502,56.14807983683223,332.44046934577966,1777.4882484390446,39.49973885420099,4262.340192880368,13331.161863292835,1268.2220078906594,400,100000,2,8271480
47,231.52107458367496,39.84011678581351,212.92258979511342,1835.3585155132148,39.899098163330756,2035.2089352711632,13765.188866349112,1223.4699356583903,400,100000,2,8271480
53,442.15473990746955,57.2939132138355,406.5475369383702,1785.3036904738021,34.33276327834235,3745.8648984097877,13389.777678553515,1555.8097877855005,400,100000,2,6394530
44,357.6149882759421,95.03296978015688,320.9194645248956,1790.2559644241367,41.63385963777062,3394.859685420742,13426.919733181025,1177.3598361124061,400,100000,2,6394530
46,541.4711624853421,8.217670381945304,380.5630878326073,1856.9451606637358,41.26544801474969,4122.666246504656,13927.088704978018,1180.1767464572276,400,100000,2,8372552
49,274.3567756248881,43.89581929238043,382.76453086715924,1820.8828359448376,37.93505908218412,2386.894461879514,13656.621269586281,1293.7967270416013,400,100000,2,8372552
46,423.8192152414214,34.45251926436558,333.70978337944916,1817.4423897776146,40.38760866172477,3437.0380087934022,13630.81792333211,1344.3319463932419,400,100000,3,4474730
46,517.3629117493119,16.568925504856445,346.15394482814935,1835.6805138533596,40.792900307852435,4004.488779406263,13767.603853900197,1321.3165572476428,400,100000,3,4474730
46,538.5557994404513,13.37618341005168,351.20748667372123,1754.2721801297641,38.98382622510587,4139.4898713787725,13157.041350973232,1329.1641670765375,400,100000,3,4474730
44,327.20171506706515,53.04163473023189,389.2538061052501,1814.4271455345292,42.195980128709984,2851.8251234797276,13608.20359150897,1219.6332588965845,400,100000,3,9944578
52,427.03277525108,14.005398250557379,286.8942080223195,1828.3642948567065,35.85028029130797,3307.7863012622806,13712.732211425298,1307.0444318710547,400,100000,3,9944578
43,354.1970930011143,56.75696485343048,385.55695954532416,1813.7006191237576,43.18334807437518,3082.155433909086,13602.754643428183,1118.2300759677887,400,100000,3,9944578
45,570.7311733660175,22.645572025246103,385.29229689709587,1837.676553585426,41.765376217850594,4450.325590434477,13782.574151890696,1358.302361803174,400,100000,3,9925823
46,405.75600051945696,85.75574419952801,411.78966866161477,1772.5519727595038,39.39004383910008,3686.3380853923873,13294.13979569628,1237.0541815197098,400,100000,3,9925823
43,469.72195595191795,21.886693157979995,335.66765000156954,1840.7548944177972,43.82749748613803,3687.064868324235,13805.661708133479,999.7309319212567,400,100000,3,9925823
50,564.5567743935512,95.87465261324793,397.56411076901014,1749.8858860672317,35.71195685851493,4953.235702550994,13124.144145504237,1144.291514877279,400,100000,3,3820097
44,503.49555270884184,57.34740790798751,380.0031870379209,1819.0239371893938,42.30288226021846,4206.32220462622,13642.679528920453,1142.8260486371648,400,100000,3,3820097
43,385.20106360871756,72.40371882462325,356.0050839584823,1775.4346361421985,42.27225324148092,3432.035868250056,13315.759771066489,1203.610391373777,400,100000,3,3820097
50,473.0413392901584,24.047937834572128,334.9441965089841,1799.4369177655553,36.72320240337868,3728.169578435479,13495.776883241666,1442.8811753362104,400,100000,3,9535879
44,644.0605629995739,36.142679920413656,430.7118876772047,1786.6817556972787,41.550738504587876,5101.524321899907,13400.11316772959,1285.2423693923267,400,100000,3,9535879
45,469.15817242199466,26.749966673111658,387.25478789517206,1784.9668073776256,40.567427440400586,3719.3110432132976,13387.251055332192,1270.9913630574274,400,100000,3,9535879
40,428.3205107337199,56.14807983683223,357.5967544597382,1824.0987356318865,46.77176245209965,3633.514429279141,13680.740517239148,969.2957330805607,400,100000,3,8271480
43,457.7382338490809,39.84011678581351,328.0650643585613,2040.9614383561752,48.59431996086131,3731.8376297617083,15307.210787671314,1232.3850854422653,400,100000,3,8271480
49,220.73442329807514,87.59077363878522,262.1035892412016,1760.6737961480078,36.68070408641683,2312.438977026453,13205.053471110059,1405.571601566259,400,100000,3,8271480
53,442.15473990746955,57.2939132138355,406.5475369383702,1785.3036904738021,34.33276327834235,3745.8648984097877,13389.777678553515,1555.8097877855005,400,100000,3,6394530
46,486.51809972654456,83.17041060103233,362.9952544112702,1707.9470248472987,37.95437832993997,4272.663827456827,12809.602686354741,1247.7409400918743,400,100000,3,6394530
45,336.14072761918453,95.03296978015688,318.8216343819076,1765.6425899851215,40.12824068148004,3233.8027304950606,13242.319424888412,1191.885019843364,400,100000,3,6394530
44,463.3155406385687,98.88752376977507,423.2723824448231,1784.9807946205506,41.51118127024536,4216.522983062578,13387.355959654129,1142.9579164570341,400,100000,3,8372552
46,217.3721418590951,43.89581929238043,378.0436862600177,1823.9862065368693,40.53302681193043,1959.5097086360668,13679.89654902652,1185.099843482255,400,100000,3,8372552
48,309.3537637776065,8.217670381945304,395.453072901765,1835.9238179504207,39.06220889256214,2381.7857561966384,13769.428634628155,1309.5847363874755,400,100000,3,8372552
43,298.93748412025326,34.45251926436558,351.6657174545637,1805.6502066565524,42.99167158706077,2500.4250253846412,13542.376549924144,1233.5106453473838,400,100000,4,4474730
46,517.3629117493119,16.568925504856445,346.15394482814935,1835.6805138533596,40.792900307852435,4004.488779406263,13767.603853900197,1321.3165572476428,400,100000,4,4474730
48,469.6446894635942,13.37618341005168,374.11490376011903,1796.0527175415266,38.21388760726652,3622.656546552344,13470.39538156145,1377.0130028075605,400,100000,4,4474730
46,177.74645529048513,85.95693906666209,275.126990033318,1771.6271178224795,39.36949150716621,1977.775457678604,13287.203383668597,1283.395810289835,400,100000,4,4474730
44,327.20171506706515,53.04163473023189,403.1825737903213,1824.4426720562763,42.42889935014596,2851.8251234797276,13683.320040422072,1201.191211809415,400,100000,4,9944578
52,427.03277525108,14.005398250557379,286.8942080223195,1828.3642948567065,35.85028029130797,3307.7863012622806,13712.732211425298,1307.0444318710547,400,100000,4,9944578
41,354.1970930011143,56.75696485343048,398.82433799601,1805.3919134421706,45.13479783605426,3082.155433909086,13540.43935081628,1086.2827509130527,400,100000,4,9944578
47,425.6586728158009,62.98864201150246,369.3589527097149,1790.6198978081877,38.9265195175693,3664.8548612047753,13429.649233561408,1179.3950984099627,400,100000,4,9944578
44,676.277268767432,22.645572025246103,364.6013648495603,1712.630007978319,39.8286048367051,5241.921305945086,12844.725059837394,1251.1506143506597,400,100000,4,9925823
46,405.75600051945696,85.75574419952801,411.78966866161477,1772.5519727595038,39.39004383910008,3686.3380853923873,13294.13979569628,1237.0541815197098,400,100000,4,9925823
44,302.86839042007654,49.19987572418091,404.9731692699417,1795.1297727077463,41.747204016459214,2640.511996081931,13463.473295308097,1159.0834540774474,400,100000,4,9925823
45,228.34937806101948,21.886693157979995,284.40205986642377,1865.5519345525481,42.398907603467,1876.7705341424962,13991.639509144112,1111.8118987821156,400,100000,4,9925823
49,384.8459535641893,95.87465261324793,368.02921267124043,1752.2533371437828,36.50527785716214,3605.4045463307793,13141.900028578371,1347.0562918833562,400,100000,4,3820097
39,481.7985929836298,69.52358345650738,411.27289691211024,1824.5353370495045,48.014087817092225,4134.9163233010295,13684.015027871284,994.4650524050325,400,100000,4,3820097
43,385.20106360871756,72.40371882462325,356.0050839584823,1775.4346361421985,42.27225324148092,3432.035868250056,13315.759771066489,1203.610391373777,400,100000,4,3820097
45,564.5567743935512,65.16032184258326,363.110037229824,1773.2050573782433,40.30011494041462,4722.878221771009,13299.037930336825,1005.9718832125309,400,100000,4,3820097
46,487.1558264794244,110.68262986153414,338.44315301830295,1718.7425853732536,38.194279674961194,4483.788422557189,12890.569390299403,1348.9340382760633,400,100000,4,9535879
44,644.0605629995739,36.142679920413656,430.7118876772047,1786.6817556972787,41.550738504587876,5101.524321899907,13400.11316772959,1285.2423693923267,400,100000,4,9535879
43,469.15817242199466,93.99201795052227,403.9039300019717,1711.2995217253172,40.745226707745644,4223.626427793877,12834.74641293988,1237.7630899599956,400,100000,4,9535879
42,523.6625465450909,26.749966673111658,407.2096489436252,1964.9814981863756,47.92637800454575,4128.09384913652,14737.361236397817,1112.725285826234,400,100000,4,9535879
40,474.379976965853,56.14807983683223,353.2619150781614,1778.458968544084,45.601512013950874,3978.960426020139,13338.44226408063,961.8943537336859,400,100000,4,8271480
43,567.4440299085243,39.84011678581351,341.6617966499338,1864.927382368438,44.40303291353424,4554.631100207534,13986.955367763285,1272.2515168265093,400,100000,4,8271480
48,220.73442329807514,100.4069232280678,318.6544459952872,1744.67815477683,37.120811803762344,2408.560098946072,13085.086160826226,1479.3624620273026,400,100000,4,8271480
50,398.9525463647636,74.16322405640923,282.4588565989602,1831.3163192209624,37.37380243308087,3548.368278158796,13734.872394157219,1316.6116546527116,400,100000,4,8271480
52,448.92631894547986,57.2939132138355,408.24789557974776,1762.2079806827248,34.55309766044559,3796.6517411948653,13216.559855120437,1474.095875837059,400,100000,4,6394530
46,486.51809972654456,83.17041060103233,362.9952544112702,1707.9470248472987,37.95437832993997,4272.663827456827,12809.602686354741,1247.7409400918743,400,100000,4,6394530
45,336.14072761918453,95.03296978015688,318.8216343819076,1765.6425899851215,40.12824068148004,3233.8027304950606,13242.319424888412,1191.885019843364,400,100000,4,6394530
50,446.65557586382766,90.41342549758544,395.90826473184023,1746.4261084217876,35.64134915146505,4028.0175102105986,13098.195813163407,1426.8105941312997,400,100000,4,6394530
44,463.3155406385687,98.88752376977507,423.2723824448231,1784.9807946205506,41.51118127024536,4216.522983062578,13387.355959654129,1142.9579164570341,400,100000,4,8372552
47,274.3567756248881,43.89581929238043,391.18733271109204,1822.12607760519,39.61143646967804,2386.894461879514,13665.945582038925,1207.1293574824635,400,100000,4,8372552
45,221.332799348361,8.217670381945304,315.0460517023072,1808.6400841013801,41.105456456849545,1721.6285229772973,13564.80063076035,1121.8271528527507,400,100000,4,8372552
48,434.7718725081242,84.1760085223133,417.46253860545704,1710.911056003171,36.40236289368449,3892.1091077282817,12831.832920023784,1310.5477279123747,400,100000,4,8372552
44,243.152654147016,34.45251926436558,366.8299429158414,1830.0581221527648,42.559491212854994,2082.0388005853615,13725.435916145736,1207.2855907159555,400,100000,5,4474730
46,517.3629117493119,16.568925504856445,346.15394482814935,1835.6805138533596,40.792900307852435,4004.488779406263,13767.603853900197,1321.3165572476428,400,100000,5,4474730
47,254.94089016353578,21.214844637985653,242.3015775321606,1848.2996516184517,40.18042720909678,2071.1680110114107,13862.247387138388,1465.2013378505926,400,100000,5,4474730
45,193.39575656136637,85.95693906666209,277.29100191649206,1723.4559703499497,39.169453871589766,2095.1452172102136,12925.919777624622,1233.6428320514533,400,100000,5,4474730
46,459.58077291361906,13.37618341005168,443.10187849047225,1814.3402012451477,40.318671138781056,3547.1771724275304,13607.551509338608,1303.2120796938875,400,100000,5,4474730
48,115.45977394771329,53.04163473023189,290.2020318137832,1821.3201315667236,38.75149216099412,1263.7605650845887,13659.900986750426,1113.8062300905285,400,100000,5,9944578
45,562.0102525788564,14.005398250557379,411.0460623306223,1851.5103170959553,42.079779933998985,4320.117381220603,13886.327378219665,1146.291367130947,400,100000,5,9944578
40,354.1970930011143,151.08774364774715,407.3760223245745,1707.1356593285832,43.77270921355341,3789.6362748664606,12803.517444964375,1059.61823926599,400,100000,5,9944578
47,455.4465153282422,56.75696485343048,377.6128284104375,1808.2001262984954,39.30869839779338,3841.5261013625454,13561.500947238716,1167.2263949649,400,100000,5,9944578
44,315.84308403953105,62.98864201150246,397.36502770964887,1787.3550609117815,41.566396765390266,2841.237945382751,13405.162956838361,1224.9717691345597,400,100000,5,9944578
44,676.277268767432,22.645572025246103,364.6013648495603,1712.630007978319,39.8286048367051,5241.921305945086,12844.725059837394,1251.1506143506597,400,100000,5,9925823
47,376.7124251353017,44.62873581153579,421.04758050880224,1805.4791844497051,39.24954748803707,3160.058707101281,13541.093883372789,1311.3454988047959,400,100000,5,9925823
45,380.33966690488586,49.19987572418091,412.3159837024545,1789.5231449083703,40.670980566099324,3221.5465697180007,13421.423586812778,1126.4078336752552,400,100000,5,9925823
43,255.19201528260038,21.886693157979995,304.32884818144635,1814.7818587887084,43.20909187592163,2078.090313304353,13610.863940915313,1034.9071173740895,400,100000,5,9925823
47,404.7689907041453,85.75574419952801,388.2157204593465,1748.6526024747272,38.01418701032016,3678.93551177755,13114.894518560453,1370.4614386025426,400,100000,5,9925823
49,384.8459535641893,95.87465261324793,368.02921267124043,1752.2533371437828,36.50527785716214,3605.4045463307793,13141.900028578371,1347.0562918833562,400,100000,5,3820097
39,481.7985929836298,69.52358345650738,411.27289691211024,1824.5353370495045,48.014087817092225,4134.9163233010295,13684.015027871284,994.4650524050325,400,100000,5,3820097
47,131.43486870032095,72.40371882462325,298.6487627016613,1794.413424664482,39.008987492706126,1528.7894064370817,13458.100684983614,1163.054146551126,400,100000,5,3820097
43,454.0030148447426,57.34740790798751,450.7253147844633,1757.9909045851894,41.85692629964736,3835.128170645476,13184.93178438892,1189.3839297532425,400,100000,5,3820097
43,666.2961960418988,74.55049754121872,356.30134370162546,1778.8577077177194,42.353754945659986,5556.350201873382,13341.432807882897,1050.0305361339513,400,100000,5,3820097
37,605.7744598156034,110.68262986153414,372.50638320243735,1718.6994513049822,47.74165142513839,5373.428172578531,12890.245884787366,1109.3289469418949,400,100000,5,9535879
44,479.1964716853633,36.142679920413656,376.69833067379784,1802.1618487672067,41.91074066900481,3865.0436370433267,13516.21386575405,1270.6306818984751,400,100000,5,9535879
43,450.3068839491766,133.70431831584054,424.31504892603544,1713.665181179975,40.80155193285655,4380.084016987628,12852.488858849812,1262.812132257917,400,100000,5,9535879
41,400.90371508890826,26.749966673111658,396.7804061517964,1857.2995538140913,46.43248884535228,3207.4026132151494,13929.746653605685,936.8797933641197,400,100000,5,9535879
40,523.6625465450909,24.047937834572128,428.26456886531207,1967.4067855656533,50.44632783501675,4107.828632847473,14755.5508917424,1098.6170876051713,400,100000,5,9535879
38,655.9362059999355,56.14807983683223,399.55339154176403,1780.0217680026583,48.10869643250428,5340.632143775758,13350.163260019937,876.4757861862247,400,100000,5,8271480
39,668.8768833102778,39.84011678581351,374.153900387986,1803.0766843158954,47.44938642936567,5315.377500720685,13523.075132369215,1102.120441086683,400,100000,5,8271480
44,380.33159944009134,100.4069232280678,351.6707026363301,1743.0861668698612,40.53688760162468,3605.5389200111936,13073.14625152396,1203.4040992763962,400,100000,5,8271480
50,398.9525463647636,74.16322405640923,282.4588565989602,1831.3163192209624,37.37380243308087,3548.368278158796,13734.872394157219,1316.6116546527116,400,100000,5,8271480
45,544.7408703961697,40.94896641985198,341.5796293407999,1721.3620400211298,39.12186454593477,4392.673776120163,12910.215300158474,1311.9658446923977,400,100000,5,8271480
52,448.92631894547986,57.2939132138355,408.24789557974776,1762.2079806827248,34.55309766044559,3796.6517411948653,13216.559855120437,1474.095875837059,400,100000,5,6394530
46,373.67943672840727,83.17041060103233,360.54223999826723,1751.7811943605464,38.92847098578992,3426.3738549707973,13138.358957704098,1264.1366299177002,400,100000,5,6394530
41,414.2298429468235,95.03296978015688,373.1117134732278,1760.927949421489,44.02319873553723,3819.471095452353,13206.959620661168,1060.4194112846292,400,100000,5,6394530
49,446.65557586382766,165.2764918199649,402.14285328764134,1666.5859799731859,34.720541249441375,4589.490507628444,12499.394849798895,1397.5773420076082,400,100000,5,6394530
46,226.71847669953874,90.41342549758544,287.8050105300736,1780.881066061304,39.57513480136231,2378.4892664784315,13356.607995459779,1222.7123710108608,400,100000,5,6394530
39,575.6227387871011,98.88752376977507,382.45179765514723,1751.2053724068885,46.084351905444436,5058.826969176571,13134.040293051663,1052.331284387907,400,100000,5,8372552
47,284.9177456352087,43.89581929238043,393.8558127779922,1794.7249996888218,39.01576086280047,2466.1017369569186,13460.437497666164,1263.5383295049396,400,100000,5,8372552
38,469.36384718050357,87.43446257223341,388.39837430799014,1772.0974874638755,47.89452668821285,4175.987323145527,13290.731155979067,1045.1990386181499,400,100000,5,8372552
48,434.7718725081242,84.1760085223133,417.46253860545704,1710.911056003171,36.40236289368449,3892.1091077282817,12831.832920023784,1310.5477279123747,400,100000,5,8372552
45,270.52360325894637,8.217670381945304,324.42132702654413,1860.6058279832557,42.28649609052854,2090.5595523066877,13954.543709874419,1085.7494609281462,400,100000,5,8372552
44,184.96005821027927,34.45251926436558,272.19831848931443,1803.7943494791607,41.948705801840944,1645.5943310598363,13528.457621093705,1240.1249956502395,400,100000,6,4474730
37,449.94848587456994,16.568925504856445,332.67727974094777,1611.9040548639857,44.775112635110716,3498.880585345698,12089.280411479893,1056.2528493246123,400,100000,6,4474730
41,368.2007463105138,21.214844637985653,256.9502257667312,1665.8917248038351,41.64729312009588,2920.616932113746,12494.187936028764,1235.908795695798,400,100000,6,4474730
43,290.61427166763707,143.67133741059422,372.4252961297792,1625.0018434383885,38.690520081866396,3257.1420680867345,12187.513825787913,1163.5588983476762,400,100000,6,4474730
37,685.9100628752977,13.37618341005168,394.31204226266453,1380.2750267543781,38.340972965399395,5244.64684714012,10352.062700657836,1060.1871171905457,400,100000,6,4474730
34,390.1997050542399,85.6399188490056,434.6007005952573,1607.505156774304,48.71227747800921,3568.7971792743415,12056.28867580728,1030.803263034425,400,100000,6,4474730
35,641.7561476525357,53.04163473023189,373.6181074719516,1409.9088596562642,41.46790763694895,5210.983367870756,10574.316447421981,874.8740573247504,400,100000,6,9944578
39,282.5130437430903,14.005398250557379,372.7407823199353,1792.036544889111,47.15885644445029,2223.8883149523576,13440.274086668333,988.3939847838927,400,100000,6,9944578
36,257.9042776808459,134.09165699981,354.07481169010435,1702.1673236556462,48.633352104447034,2939.969510104919,12766.254927417347,891.0481582609211,400,100000,6,9944578
39,250.1734163368243,56.75696485343048,408.51798545760835,1759.762014761475,46.30952670424934,2301.977858926911,13198.215110711062,1057.9716964543427,400,100000,6,9944578
36,407.76650265013564,62.98864201150246,398.8708006333288,1605.5646263489418,45.873275038541195,3530.6635849622858,12041.734697617063,1065.6266506137858,400,100000,6,9944578
35,396.66081956321983,47.15419484125002,320.1513074210512,1661.9867068412618,48.881961965919466,3328.6126080335234,12464.900301309464,870.0651876364428,400,100000,6,9944578
48,163.7902995026538,22.645572025246103,323.75685838244095,1825.395708976246,38.83820657396268,1398.2690364592493,13690.467817321845,1349.310870405223,400,100000,6,9925823
41,405.75600051945696,44.62873581153579,418.9916155554217,1622.3459416886847,40.558648542217114,3377.8855224824456,12167.594562665136,1110.2280380108364,400,100000,6,9925823
28,614.7735729087602,49.19987572418091,398.62565307496453,1455.4509914545513,53.905592276094495,4979.800864747059,10915.882435909134,764.0341408401177,400,100000,6,9925823
38,376.8679213484146,21.886693157979995,414.50025276604816,1678.3349140374553,45.360403082093384,2990.6596087979597,12587.511855280914,1079.5087721560576,400,100000,6,9925823
44,176.54070183291807,85.75574419952801,367.48551097661925,1773.914245556675,41.253819664108725,1967.2233452433454,13304.356841675062,1268.0933943658604,400,100000,6,9925823
40,278.719992220672,67.81577451891512,304.00578226835177,1743.7252328888678,44.71090340740687,2599.0182505469033,13077.939246666509,982.146880029281,400,100000,6,9925823
40,299.31069961261187,95.87465261324793,354.97446515734373,1691.170121946297,43.36333646016146,2963.8901416939484,12683.775914597229,1015.5036804096,400,100000,6,3820097
29,474.4070205525583,69.52358345650738,390.47688323933426,1577.6352691332145,56.34411675475766,4079.479530067993,11832.264518499109,739.6508828777238,400,100000,6,3820097
41,236.8446898187968,72.40371882462325,309.3394159461232,1767.135350432197,44.17838376080492,2319.363064825651,13253.515128241477,1079.8374605216263,400,100000,6,3820097
35,358.5547630666077,187.92450540748894,483.69911898163576,1532.29041418887,45.06736512320206,4098.594513555725,11492.178106416526,1017.7769100235604,400,100000,6,3820097
44,123.85544019252245,57.34740790798751,295.37321057055516,1836.4469726699647,42.708069131859645,1359.0213607538246,13773.352295024735,1023.1449570906987,400,100000,6,3820097
41,255.49413187731298,65.16032184258326,390.9245533143309,1781.7619026473149,44.54404756618287,2404.908402899222,13363.214269854861,859.3102281670995,400,100000,6,3820097
36,266.6020730667833,110.68262986153414,405.446181280369,1734.5734830875076,49.55924237392879,2829.6352719623806,13009.301123156307,804.8181142770044,400,100000,6,9535879
30,474.73072620499266,26.749966673111658,394.74398611062753,1584.1859687507624,54.627102370715946,3761.1051965857823,11881.394765630717,956.0831123473541,400,100000,6,9535879
39,196.98604283869213,93.99201795052227,418.0752616672214,1763.9593237928027,46.41998220507376,2182.335455919108,13229.69492844602,1169.8688771673021,400,100000,6,9535879
33,519.2850804380064,31.84649852484742,383.801185389542,1558.3290774107193,48.69778366908498,4133.486842221404,11687.468080580395,842.6469682314029,400,100000,6,9535879
33,397.2996642919975,24.047937834572128,385.12859257062166,1690.7935221071523,52.83729756584851,3160.107015949272,12680.951415803642,818.9465180128801,400,100000,6,9535879
37,190.55073259453576,137.03428963284733,358.2593465302618,1730.8954716590893,48.080429768308036,2456.8876667053732,12981.71603744317,1100.8366165058421,400,100000,6,9535879
39,139.81799746300186,73.42751706538117,347.7604618426353,1826.28685809026,48.06018047605947,1599.3413589628726,13697.15143567695,907.5368951636016,400,100000,6,8271480
32,495.46830546409984,39.84011678581351,344.77567596235485,1559.49271809973,50.30621671289451,4014.81316687435,11696.195385747975,944.1204431820115,400,100000,6,8271480
41,268.35420142847425,100.4069232280678,345.77049483892614,1699.6344501973942,42.490861254934856,2765.7084349240654,12747.258376480457,1136.503420668755,400,100000,6,8271480
37,398.9525463647636,74.16322405640923,238.7677513989407,1622.0515938712667,45.056988718646295,3548.368278158796,12165.3869540345,948.18317426687,400,100000,6,8271480
41,228.0783567797896,40.94896641985198,329.4029058061198,1786.0412914364201,44.6510322859105,2017.7049239973117,13395.30968577315,1217.4095007748451,400,100000,6,8271480
25,682.4124482679758,56.14807983683223,424.6177513897614,1388.0450717262472,57.83521132192697,5539.203960786061,10410.338037946854,711.1580993156928,400,100000,6,8271480
44,456.1016393747682,57.2939132138355,411.1443957585265,1541.8843714743791,35.85777608079952,3850.4666444145273,11564.132786057844,1247.090994203199,400,100000,6,6394530
40,470.4101662388275,83.17041060103233,345.53292539115563,1516.9722177286517,38.89672353150389,4151.854326298949,11377.291632964887,1132.961022192174,400,100000,6,6394530
33,534.4105026430018,95.03296978015688,363.43140981939194,1482.9341394536264,46.341691857925824,4720.826043173691,11122.006045902197,820.7805128780718,400,100000,6,6394530
40,447.50838735647005,165.2764918199649,389.7067126571087,1464.4881528242122,37.550978277543905,4595.886593823262,10983.661146181592,1047.8690248193789,400,100000,6,6394530
35,306.7778889060452,90.41342549758544,392.8204956645874,1699.9341313266982,49.99806268607936,2978.9348580272294,12749.505984950236,934.5529848051863,400,100000,6,6394530
37,331.178220654632,120.34154853412619,346.4830383626354,1627.2152572412742,45.20042381225762,3386.398268915687,12204.114429309557,1036.3633833780677,400,100000,6,6394530
42,331.6788002303544,98.88752376977507,412.91031828358825,1637.006973707627,39.92699935872261,3229.2474300009712,12277.552302807202,1132.8431200193552,400,100000,6,8372552
26,406.54248075177225,43.89581929238043,331.9515331453752,1674.144980544646,66.96579922178584,3378.287250331145,12556.087354084844,730.7364797390832,400,100000,6,8372552
37,270.52360325894637,87.43446257223341,369.32708619919595,1697.3089426116342,47.14747062810095,2684.6854937338485,12729.817069587256,1004.5638899374196,400,100000,6,8372552
46,392.5751503124483,84.1760085223133,417.5719849581815,1575.1198298253105,35.0026628850069,3575.6336912607117,11813.398723689828,1241.130881993541,400,100000,6,8372552
44,218.74826948538828,8.217670381945304,343.60504953870617,1792.1547529782126,41.678017511121226,1702.244549005002,13441.160647336596,1051.7621331117243,400,100000,6,8372552
37,206.90393720726118,82.01049772230365,389.0856449190412,1745.4604751177603,48.48501319771557,2166.8582619717363,13090.953563383202,978.0906601352013,400,100000,6,8372552
27,231.79076597839517,34.45251926436558,297.7151638486185,1299.4121316739777,49.97738967976837,1996.8246393207055,9745.590987554833,724.7738503637738,400,100000,8,4474730
26,352.3977772524312,16.568925504856445,314.77635129738223,1204.1048901029212,48.16419560411685,2767.250270679657,9030.78667577191,671.3564903801908,400,100000,8,4474730
24,350.2825014414396,13.37618341005168,252.5769932179178,1212.2875289418007,52.7081534322522,2727.4401363861843,9092.156467063505,662.5344474474373,400,100000,8,4474730
29,85.95693906666209,143.67133741059422,354.70198594894697,1325.4078488481446,47.33599460171945,1722.2120735794222,9940.558866361083,824.7151961973041,400,100000,8,4474730
26,191.0902387001743,85.6399188490056,331.9713492817204,1289.3064677560403,51.57225871024161,2075.4761816188493,9669.798508170303,748.6627175128682,400,100000,8,4474730
24,175.1036378611539,186.35143697369224,335.38207538660816,1206.26407079108,52.44626394743826,2710.9130612613462,9046.9805309331,684.2987806765916,400,100000,8,4474730
21,368.7518551929861,90.25660251167969,451.5359440215166,1120.9562764735103,56.04781382367552,3442.563432784994,8407.172073551328,631.33852987896,400,100000,8,4474730
24,304.3641978167933,57.838685312221756,343.2723584082419,1198.6996467911251,52.11737594744022,2716.5216234676127,8990.247350933438,766.1304871852439,400,100000,8,4474730
21,226.69686765569205,53.04163473023189,365.23648267372454,1316.370087217987,65.81850436089935,2098.0387678944294,9872.775654134903,517.0839441701314,400,100000,8,9944578
24,279.28561296523634,14.005398250557379,356.6890766552677,1292.2871787965416,56.186399078110504,2199.682584118453,9692.153840974062,595.0124354640934,400,100000,8,9944578
20,596.4492772213291,134.09165699981,423.08489579321576,871.1633976360837,45.85070513874125,5479.057006658543,6533.725482270627,471.50692432939076,400,100000,8,9944578
20,503.8644602440817,56.75696485343048,348.22936050400745,1030.3948471598917,54.23130774525746,4204.660688231342,7727.961353699187,563.72863043417,400,100000,8,9944578
19,622.7617082043893,62.98864201150246,278.4486993467625,903.8255029445029,50.21252794136127,5143.127626619188,6778.691272083772,565.4846461781615,400,100000,8,9944578
26,172.5437409334057,47.15419484125002,276.2379048713095,1367.4088219373716,54.69635287749487,1647.7345183099178,10255.566164530286,596.3181360977478,400,100000,8,9944578
23,464.6051836505927,17.53392509238322,376.11436205902874,1108.3214420513232,50.37824736596924,3616.04331557232,8312.410815384923,560.7125351655073,400,100000,8,9944578
20,370.47147402973343,128.75445522130298,350.60494688836127,1094.3130438981304,57.595423363059496,3744.194469382773,8207.347829235978,548.0243801397554,400,100000,8,9944578
28,481.31544421762817,88.38343865997682,327.32310763590556,988.2799431570359,36.602960857667995,4272.741621582038,7412.099573677769,802.6285983337928,400,100000,8,9925823
21,562.5881075980243,44.62873581153579,352.3067233207628,975.6372447793734,48.78186223896867,4554.1263255717,7317.279335845301,609.0922408185304,400,100000,8,9925823
21,34.122201269643035,49.19987572418091,328.7027488289771,1510.1631244389514,75.50815622194757,624.9155774536796,11326.223433292136,545.7804655225427,400,100000,8,9925823
22,267.8495883493982,21.886693157979995,364.81188011623914,1286.45905137264,61.25995482726857,2173.0221113053362,9648.4428852948,662.485541968239,400,100000,8,9925823
18,563.1107760379483,85.75574419952801,390.9480800720031,949.7410852019977,55.86712265894104,4866.498901781073,7123.058139014983,506.61342422248987,400,100000,8,9925823
23,328.21321299585776,67.81577451891512,295.12601389022876,1197.1717050690133,54.41689568495515,2970.2174063607968,8978.7877880176,549.7002139008592,400,100000,8,9925823
19,447.9282353789046,22.645572025246103,391.7276135294698,1126.519024343346,62.584390241297,3529.3035555311303,8448.892682575095,519.1762443981505,400,100000,8,9925823
16,344.7411329228246,67.40166478938714,328.98990952442625,1190.058361699916,79.33722411332774,3091.070982841588,8925.43771274937,463.9445043931982,400,100000,8,9925823
28,186.5378182127012,154.69714300549947,372.7350039701064,1225.7027958597582,45.396399846657715,2559.262209136505,9192.770968948187,747.538600135584,400,100000,8,3820097
20,95.87465261324793,204.19816294291348,410.2941777796358,1310.957295920951,68.99775241689217,2250.5461166712107,9832.179719407133,415.26920658971136,400,100000,8,3820097
24,192.94004018287004,80.7396638769323,353.8533459521823,1308.4811752589837,56.89048588082538,2052.597780448518,9813.608814442377,623.758711185391,400,100000,8,3820097
15,278.7364237784873,57.34740790798751,440.30599109289676,1280.725238686559,91.48037419189707,2520.628737648561,9605.439290149192,365.0934005648577,400,100000,8,3820097
20,303.69887910784814,67.78415834045411,371.9424336539996,1225.5496170768338,64.50261142509652,2786.1227808622666,9191.622128076253,508.06270113342845,400,100000,8,3820097
23,179.09869806315817,74.55049754121872,378.2866481809227,1331.5265582763834,60.52393446710834,1902.3689670328265,9986.449187072876,591.3942559838544,400,100000,8,3820097
21,187.31036136331036,65.16032184258326,311.8805926135003,1350.6013493855087,67.53006746927544,1893.5301240442022,10129.510120391315,476.0797816508747,400,100000,8,3820097
20,289.4342251471151,69.52358345650738,340.5923390483115,1251.2174228509812,65.85354857110427,2692.1835645271685,9384.130671382358,415.4649600401975,400,100000,8,3820097
15,675.9961284870215,110.68262986153414,365.1126913978894,831.6538687953085,59.40384777109347,5900.090687614167,6237.404015964814,353.5761680590349,400,100000,8,9535879
24,207.6415512045826,26.749966673111658,334.0278630601419,1323.3040065222547,57.53495680531542,1757.936384082707,9924.78004891691,705.8584386110291,400,100000,8,9535879
14,510.11936672634243,93.99201795052227,371.4798800919115,1009.8307237131129,77.67928643947022,4530.835385076485,7573.730427848347,385.31361756851214,400,100000,8,9535879
19,589.789088701037,31.84649852484742,381.37562540105205,969.5307509422048,53.86281949678916,4662.2669041941335,7271.480632066536,561.0816180909759,400,100000,8,9535879
21,153.03427344612993,24.047937834572128,296.7266328585391,1413.047157295502,70.6523578647751,1328.1165846052654,10597.853679716265,570.2596367395001,400,100000,8,9535879
23,300.65459357479995,137.03428963284733,362.2493301008627,1127.5024450503515,51.25011113865234,3282.6666240573545,8456.268337877636,720.3050260722106,400,100000,8,9535879
18,525.6931269045086,68.08890671666794,394.60256331521856,1005.8541361195785,59.1678903599752,4453.365252158824,7543.9060208968385,497.4177513679529,400,100000,8,9535879
18,320.9587687677587,166.84643016109735,344.48538705573304,1114.4065985348493,65.55332932557937,3658.5389919664203,8358.04948901137,481.3344143676978,400,100000,8,9535879
16,362.16656286752925,73.42751706538117,333.8909940160327,1179.5897421470306,78.63931614313537,3266.955599496828,8846.92306610273,383.89295053744894,400,100000,8,8271480
25,252.31385972545831,39.84011678581351,301.08767246886237,1269.9768329172657,52.915701371552736,2191.1548238345385,9524.826246879493,749.2928767888895,400,100000,8,8271480
22,367.0009002939492,87.96075869440472,335.80641546754805,1128.2084536799675,53.72421207999845,3412.2124424126546,8461.563402599757,599.0085580680568,400,100000,8,8271480
18,398.9525463647636,104.68881877276978,239.4661725081003,1098.929976473131,64.64293979253712,3777.3102385315,8241.974823548484,478.80752066715866,400,100000,8,8271480
28,168.08206464981726,40.94896641985198,302.487918451161,1346.244546659026,49.86090913551948,1567.7327330225194,10096.834099942695,811.1647981342704,400,100000,8,8271480
19,139.81799746300186,56.14807983683223,347.3239719255923,1407.7492882235138,78.20829379019521,1469.7455797487557,10558.119661676354,445.5404322761382,400,100000,8,8271480
14,557.2192129688918,100.4069232280678,383.1578938868114,955.7778771788519,73.52137516760399,4932.196021477197,7168.334078841389,381.42594472948133,400,100000,8,8271480
21,474.379976965853,103.62192536554011,425.5331295006938,1013.0165400586878,50.65082700293439,4335.014267485449,7597.6240504401585,559.4650743029358,400,100000,8,8271480
24,205.59458086623962,57.2939132138355,299.8453352987764,1310.3237414821335,56.97059745574494,1971.6637056005634,9827.428061116001,684.0302857873872,400,100000,8,6394530
27,288.45719474832396,83.17041060103233,295.4865601506845,1192.8908795369248,45.880418443727876,2787.2070401201718,8946.681596526936,762.0361723088746,400,100000,8,6394530
19,272.28712341879316,95.03296978015688,348.8695116720335,1229.986476329496,68.33258201830535,2754.900698992125,9224.89857247122,515.6719804957377,400,100000,8,6394530
22,306.7778889060452,165.2764918199649,377.0241344193839,1110.2093000364769,52.86710952554652,3540.4078554450757,8326.569750273577,616.9343305637664,400,100000,8,6394530
23,166.11038298760198,90.41342549758544,421.27341367900846,1334.201158421537,60.645507200978955,1923.9285636389056,10006.508688161528,558.6836860627891,400,100000,8,6394530
28,145.93954664109054,120.34154853412619,315.0348911555119,1298.3756555360835,48.08798724207717,1997.1082138141253,9737.817416520626,704.4749326027713,400,100000,8,6394530
22,481.17980673648566,171.9344203483549,351.37057739852537,950.2477660647608,45.24989362213147,4898.356703136304,7126.858245485706,473.547601514377,400,100000,8,6394530
21,536.2242339111915,128.80545794288724,424.4646921874097,928.6641003771834,46.43320501885917,4987.72268890559,6964.980752828876,518.5637763596789,400,100000,8,6394530
25,89.81829001152921,98.88752376977507,310.55306508838413,1378.2424315058693,57.42676797941122,1415.2936033597823,10336.818236294019,722.2115616325369,400,100000,8,8372552
25,275.550407787973,126.69893922712093,448.781418464329,1174.622504164603,48.94260434019179,3016.8701026132044,8809.668781234523,671.9843077073267,400,100000,8,8372552
19,606.5960738594882,87.43446257223341,334.44811438940104,897.6985545409059,49.872141918939214,5205.229023237913,6732.739159056794,530.9980087468965,400,100000,8,8372552
23,644.6184719536527,136.05342802352183,450.76409650240106,799.2515791917368,36.32961723598804,5855.039249828809,5994.386843938026,644.3766419029164,400,100000,8,8372552
29,141.90558691320103,8.217670381945304,338.1219455394496,1423.6968006703976,50.84631430965705,1125.9244297135976,10677.726005027982,689.7225722658291,400,100000,8,8372552
21,582.3723934884194,82.01049772230365,351.97357400605716,932.969612165637,46.64848060828185,4982.871684080423,6997.272091242277,519.2100161985244,400,100000,8,8372552
26,93.44020521751663,84.1760085223133,367.1478374098606,1400.5305286998566,56.02122114799427,1332.1216030487244,10503.978965248925,640.4069621693475,400,100000,8,8372552
28,294.1920782286886,87.46794217468944,381.43843886307735,1176.0668476997555,43.55803139628724,2862.450153025335,8820.501357748166,815.7871182072367,400,100000,8,8372552
24,184.96005821027927,34.45251926436558,276.7104266552805,1023.5594726166995,44.50258576594346,1645.5943310598363,7676.696044625246,668.8518738075766,400,100000,10,4474730
20,279.56160557662315,16.568925504856445,302.49404986094555,958.9027259829139,50.468564525416525,2220.978983111097,7191.770444871854,559.3159568080964,400,100000,10,4474730
15,350.2825014414396,21.214844637985653,281.16981335776075,899.9318997436063,64.28084998168616,2786.2300955956894,6749.489248077048,446.3705715490199,400,100000,10,4474730
17,418.24782487361,143.67133741059422,325.65753866141415,708.5870041220733,44.28668775762958,4214.393717131532,5314.4025309155495,463.5221281562128,400,100000,10,4474730
14,393.7897256104818,85.6399188490056,372.90760077132165,805.6925388937967,61.97634914567667,3595.7223334461555,6042.694041703476,355.32591330690906,400,100000,10,4474730
15,175.1036378611539,186.35143697369224,321.3421581026949,914.0798349949888,65.29141678535635,2710.9130612613462,6855.598762462416,418.5230965387717,400,100000,10,4474730
15,184.34860790550212,90.25660251167969,354.53957997006535,997.2111992997009,71.22937137855006,2059.5390781288634,7479.083994747756,460.63168685801975,400,100000,10,4474730
17,449.94848587456994,57.838685312221756,260.56441879972533,765.7235366533791,47.857721040836196,3808.4037839009375,5742.926524900344,429.5722608994069,400,100000,10,4474730
23,265.9393557663764,13.37618341005168,315.42132622971116,959.3081860138115,43.60491754608234,2094.8665438232106,7194.811395103586,702.4205177754776,400,100000,10,4474730
9,534.8547276362916,124.18464685260001,299.1189241744674,633.7957246473575,79.22446558091968,4942.795308666688,4753.467934855181,282.90723222225773,400,100000,10,4474730
13,405.3824481389358,53.04163473023189,314.7309661597582,825.2110715709589,68.7675892975799,3438.180621518758,6189.083036782192,371.45981253161455,400,100000,10,9944578
14,425.0530010978951,14.005398250557379,324.04333993591683,831.4946176963566,63.96112443818128,3292.9379951133938,6236.2096327226745,448.45798432934777,400,100000,10,9944578
12,352.54248423655497,151.08774364774715,379.86972333213276,794.1538671859466,72.19580610781333,3777.226709132266,5956.1540038946,258.5983252737512,400,100000,10,9944578
12,134.09165699981,122.67182479104848,342.91965675888287,1024.6635613614667,93.15123285104242,1925.7261134314385,7684.976710211,288.2089652159988,400,100000,10,9944578
15,250.1734163368243,62.98864201150246,278.70411676477886,956.6102254251424,68.3293018160816,2348.715437612451,7174.576690688568,427.80776471797105,400,100000,10,9944578
15,383.12381769182235,47.15419484125002,273.0017473437103,849.1231599622505,60.65165428301789,3227.085093998043,6368.423699716879,400.07834385562137,400,100000,10,9944578
14,407.76650265013564,17.53392509238322,352.4068529601323,857.9116951144367,65.99320731649513,3189.7532080688916,6434.337713358275,373.5940981184956,400,100000,10,9944578
19,233.39474613435883,128.75445522130298,309.056728376519,894.4244078046203,49.69024487803446,2716.119010167464,6708.183058534652,563.3653296756379,400,100000,10,9944578
15,494.16303063812427,61.28268023620764,319.31879377688404,723.8251384222206,51.701795601587186,4165.842831557489,5428.688538166654,378.0416170318596,400,100000,10,9944578
13,286.38926574833636,202.90466287411024,363.3418123119181,793.0214211431592,66.0851184285966,3669.70446466835,5947.660658573694,340.65738836958303,400,100000,10,9944578
10,564.9349354746241,88.38343865997682,301.01596714009924,634.3323521557247,70.48137246174718,4899.887806009508,4757.492641167935,336.6779045443142,400,100000,10,9925823
16,278.719992220672,44.62873581153579,351.7928049631659,942.2229990230394,62.81486660153596,2425.115460241558,7066.672492672796,496.3509336910423,400,100000,10,9925823
19,155.49351903369484,49.19987572418091,321.2696661863372,1058.1922569254139,58.788458718078545,1535.200460684068,7936.441926940604,500.44840764190803,400,100000,10,9925823
20,142.58352844163872,21.886693157979995,353.3338369797867,1094.9722635841204,57.630119136006336,1233.5266619971405,8212.291976880902,551.5526152704862,400,100000,10,9925823
12,551.1124739822181,85.75574419952801,311.7101443565888,650.2004106432895,59.10912824029904,4776.511636363097,4876.503079824672,341.75796618257453,400,100000,10,9925823
16,438.22415929270215,116.33985615200693,342.4560266450143,726.6382563412944,48.442550422752966,4159.230115835318,5449.786922559708,370.8479578910252,400,100000,10,9925823
18,34.122201269643035,22.645572025246103,333.3271703840815,1208.1589224664913,71.0681719097936,425.75829971166854,9061.191918498684,510.21902519090423,400,100000,10,9925823
12,415.01315389014025,67.40166478938714,332.7339934169711,807.5096998393569,73.40997271266882,3618.1111400964555,6056.322748795177,315.9993602825809,400,100000,10,9925823
13,240.18574248064698,80.47645677197016,334.93089852616674,958.162471946508,79.84687266220901,2404.9664943946286,7186.218539598811,408.20696192250904,400,100000,10,9925823
7,614.7735729087602,224.9617254670912,354.3958043602584,477.36117125499965,79.56019520916661,6298.014737818886,3580.208784412497,118.43341434084952,400,100000,10,9925823
14,540.4798004870678,154.69714300549947,347.91405409028084,594.3259836947797,45.717383361136896,5213.827076194255,4457.444877710847,313.05157881159033,400,100000,10,3820097
15,364.473565073168,204.19816294291348,370.7836809001005,720.4403035616937,51.460021682978116,4265.037960120611,5403.302276712702,315.52416771940614,400,100000,10,3820097
26,186.5378182127012,80.7396638769323,341.14930748471176,958.883430278707,38.35533721114828,2004.5811156722514,7191.6257270903025,791.4600484423827,400,100000,10,3820097
11,123.91516656522369,187.92450540748894,401.7120390234517,995.3920307404477,99.53920307404476,2338.7975397953446,7465.440230553358,192.04714280814775,400,100000,10,3820097
14,583.8396072716266,57.34740790798751,334.96574080736315,635.1066899890628,48.85436076838945,4808.902613847106,4763.300174917971,409.5967308260913,400,100000,10,3820097
8,450.0150638516203,257.32341951301737,444.0199354487255,590.6740132657304,84.38200189510435,5305.038625234783,4430.055099492978,261.31002022754524,400,100000,10,3820097
15,321.10398406419506,65.16032184258326,342.77854576797773,894.9030714489331,63.92164796063808,2896.982294300837,6711.773035866999,377.076259392172,400,100000,10,3820097
17,367.49741118512765,69.52358345650738,334.8333612004942,846.9223229076858,52.932645181730365,3277.6574598122625,6351.917421807644,362.0773398548752,400,100000,10,3820097
13,445.44905230406783,122.21836046248254,387.80606504699796,717.6159883258935,59.80133236049112,4257.505595749128,5382.119912444201,347.0534468283614,400,100000,10,3820097
16,413.6101102125598,101.20365172999608,294.89468214295425,770.3042071053476,51.35361380702317,3861.103214569169,5777.281553290107,343.36570681995033,400,100000,10,3820097
6,507.6770031291407,110.68262986153414,369.9405442018467,694.3908172027495,138.8781634405499,4637.697247430062,5207.9311290206215,141.61635203382912,400,100000,10,9535879
19,422.94549858267817,26.749966673111658,345.8124070117563,796.8696166898795,44.270534260548864,3372.7159894184238,5976.522125174097,564.5458746081487,400,100000,10,9535879
16,431.9314890411132,133.70431831584054,352.2061501953631,701.9441429843768,46.79627619895845,4242.268555177153,5264.581072382825,476.5090335263636,400,100000,10,9535879
15,469.15817242199466,31.84649852484742,307.4285126622009,774.9942770507607,55.35673407505434,3757.5350321013157,5812.457077880706,420.9144125458825,400,100000,10,9535879
13,301.69853332103156,24.047937834572128,260.14815984194445,958.4923354520027,79.8743612876669,2443.0985336670274,7188.69251589002,363.58861226499346,400,100000,10,9535879
14,399.67276027915045,170.44931845421846,352.7661636498031,706.5260970181391,54.34816130908762,4275.915590500266,5298.945727636044,422.97045149834736,400,100000,10,9535879
15,301.9657998437457,306.48963544673154,399.1060935248092,668.2900176897901,47.73500126355644,4563.415764678579,5012.175132673427,413.60023553052264,400,100000,10,9535879
11,245.41290578658425,172.68477733315254,347.10483315308295,889.7752526681329,88.97752526681329,3135.7326233980257,6673.314395010997,180.0286717868059,400,100000,10,9535879
17,458.1069859906469,93.99201795052227,297.8000499437964,730.2047482519695,45.63779676574809,4140.742529558768,5476.535611889771,377.8694425620884,400,100000,10,9535879
8,496.2360435668728,196.98604283869213,414.0401809970863,602.6865930194281,86.09808471706116,5199.165648041737,4520.14944764571,260.7561558022572,400,100000,10,9535879
13,326.7947787760128,56.14807983683223,265.1337981121046,905.4357780673577,75.45298150561314,2872.0714395963373,6790.768335505182,326.2045932500844,400,100000,10,8271480
25,139.81799746300186,39.84011678581351,287.1609176546985,1055.595914401908,43.9831631000795,1347.4358568661153,7916.96935801431,708.6925655489716,400,100000,10,8271480
20,272.05215805290214,87.96075869440472,331.9730107829581,902.3171680944523,47.490377268129066,2700.0968756048014,6767.378760708392,514.372812716517,400,100000,10,8271480
12,272.4155086473101,87.59077363878522,289.6833246021027,933.4732119048288,84.86120108225715,2700.0471171457148,7001.049089286215,295.5021744610906,400,100000,10,8271480
20,166.5278613009356,101.96101676663248,295.96682562687647,982.7085535340585,51.72150281758203,2013.6665855067604,7370.3141515054385,608.9661694942558,400,100000,10,8271480
10,457.5542829881323,191.61523727575567,365.4303529640239,660.5739294479206,73.39710327199117,4868.77140197916,4954.304470859404,148.64150523717225,400,100000,10,8271480
16,373.39271122665747,100.4069232280678,363.77389220156056,795.8370935869965,53.0558062391331,3553.4972584104394,5968.7782019024735,468.34177072044776,400,100000,10,8271480
9,573.440650568373,103.62192536554011,401.11093940754904,631.0833299213266,78.88541624016582,5077.969319504349,4733.12497440995,184.27418492461968,400,100000,10,8271480
14,398.4990278882354,180.11754528073598,352.56302564789434,698.7831318397996,53.752548603061506,4339.624298767286,5240.8734887984965,405.25265174614776,400,100000,10,8271480
11,512.0864396536763,74.16322405640923,279.6676192970089,708.8378134817012,70.88378134817012,4396.872477825642,5316.283601112759,283.18292420958346,400,100000,10,8271480
14,440.04313039855026,57.2939132138355,278.7654449320627,786.8783764786167,60.52910588297051,3730.027827092893,5901.587823589625,366.4650079891456,400,100000,10,6394530
14,250.81420456133927,83.17041060103233,261.2273749334275,942.0880003245488,72.46830771727299,2504.884613717787,7065.660002434116,421.73394850478303,400,100000,10,6394530
21,178.48659313607325,95.03296978015688,297.39036145015064,977.6396078971655,48.881980394858275,2051.396721871726,7332.297059228742,593.5775387348777,400,100000,10,6394530
17,228.420368692197,165.2764918199649,345.7027272863203,879.7994025729264,54.9874626608079,2952.726453841214,6598.495519296948,445.4571618673385,400,100000,10,6394530
12,412.1806095599831,90.41342549758544,383.56319214840886,788.1127895971581,71.64661723610529,3769.455262931764,5910.8459219786855,317.28525136576485,400,100000,10,6394530
13,420.83033301162527,120.34154853412619,328.3694288609978,752.6213457763027,62.718445481358565,4058.789111593136,5644.660093322271,293.0740222914751,400,100000,10,6394530
17,263.9439745829453,171.9344203483549,324.42796546384125,847.3800655335713,52.961254095848204,3269.087961984752,6355.350491501785,362.9603775570736,400,100000,10,6394530
9,440.713998722187,203.06771074818002,399.1028080850123,662.2362038107531,82.77952547634413,4828.362821027752,4966.771528580648,174.31398443474149,400,100000,10,6394530
16,311.85394591280647,102.63870813491383,357.4687277941938,871.4685121857793,58.09790081238529,3108.6949053579024,6536.013841393345,348.0085480241295,400,100000,10,6394530
12,296.2754145724887,91.26927730293039,265.2398556359782,900.6156264515264,81.87414785922967,2906.5851890656436,6754.617198386448,333.8529654491715,400,100000,10,6394530
20,77.57502527510577,98.88752376977507,305.78978604791325,1077.8825191986234,56.73065890519071,1323.4691178366065,8084.118893989676,583.212689728739,400,100000,10,8372552
11,43.89581929238043,126.69893922712093,377.08962206454913,1131.1667683629314,113.11667683629314,1279.4606888962603,8483.750762721986,233.34005950326738,400,100000,10,8372552
12,277.82419077719993,8.217670381945304,313.8110643006857,1012.2308763245901,92.02098875678092,2145.3139586935895,7591.731572434426,256.25116523724984,400,100000,10,8372552
16,472.42644987777066,136.05342802352183,416.67842404607126,652.7985897380402,43.51990598253601,4563.599084259694,4895.989423035301,511.4833399930812,400,100000,10,8372552
13,549.9012727666086,145.5511795832628,325.83242223786175,589.2822680028562,49.106855666904686,5215.893392624036,4419.617010021421,344.2234413352854,400,100000,10,8372552
14,517.0770691246192,82.01049772230365,283.9776636871455,688.0816204454328,52.929355418879446,4493.156751351921,5160.612153340746,333.6301170106992,400,100000,10,8372552
9,373.8635113867188,95.57982979947124,328.9897648978348,834.6819548877311,104.33524436096639,3520.8250588964256,6260.114661657983,207.37309247870024,400,100000,10,8372552
14,427.9909814835919,96.54908221721576,376.4154126422501,763.5437158044097,58.73413198495459,3934.0504777560573,5726.577868533072,336.7111944888419,400,100000,10,8372552
13,272.47609138347127,130.46757328207897,312.76606758403415,885.9861468739684,73.83217890616403,3022.077484991627,6644.896101554763,324.3462299849333,400,100000,10,8372552
11,541.5914223793375,84.1760085223133,327.62692686184965,665.5678680676442,66.55678680676442,4693.2557317623805,4991.759010507331,305.07196854500097,400,100000,10,8372552
