layout,M,Emax,K,seed,coord,replan,divert,q,belief,tau,planner,L,Th,J,n_diverts,J_age,J_event,n_replans,n_never,share_never,n_reach_inf,K_reach_i,K_commute_i,r_max,r_c,rmax_over_rc,regime_bnd,P_bar,dup_frac,trunc_frac,empty_frac,T_s_over_t_c,mean_n,catch_rate,T_rev,n_sorties,secs
paper,200,1500000.0,9,5,exclude,launch,0,0.0,prior,0.0,gzz_rev,12600.0,43200.0,17426011.67627229,0,14843407.212564614,2582604.463707679,0,100,0.935241232260477,111,4.8316606529618955,6.722060971021237,7945.393769630588,2910.679529937731,2.729738429775045,2.044387196383254,327.223384790782,0.0,0.0,0.13786008230452676,0.6892043560653592,2.212912087912088,0.3780353200883002,4039.068307482394,728,8.76851511001587
paper,200,1500000.0,9,6,exclude,launch,0,0.0,prior,0.0,gzz_rev,12600.0,43200.0,14159042.20502615,0,12005272.749707242,2153769.4553189077,0,86,0.9124316388035904,93,4.782673647657148,6.060806711773681,8030.189446355909,3239.3491769081547,2.478951483094034,2.037378849171104,322.8464630122692,0.0,0.0,0.0,0.7791864987479602,2.498069498069498,0.45878524945770066,3361.464387937539,777,9.191577196121216
paper,200,1500000.0,9,2,exclude,launch,0,0.0,prior,0.0,gzz_rev,12600.0,43200.0,14327625.714099523,0,12243896.879658949,2083728.8344405738,0,76,0.9227230684730874,85,4.655934945568595,7.2606391009966265,8257.851996279362,2706.854654854829,3.050718656603392,2.035261438913902,321.52987407062466,0.0,0.0,0.08549471661863593,0.6892045324623355,3.326923076923077,0.5495689655172413,2507.5485499237775,780,9.357390880584717
paper,200,1500000.0,9,4,exclude,launch,0,0.0,prior,0.0,gzz_rev,12600.0,43200.0,15931474.628074978,0,13432448.030702831,2499026.5973721463,0,87,0.8932649632001064,94,4.882927992066068,6.675112006730912,7858.472907715733,2946.6932476230077,2.666878513416652,2.0336045549711033,320.50151281710373,0.0,0.0,0.0456754130223518,0.7392655204513836,2.7987012987012987,0.41914548404542995,3034.22470852508,770,9.547472953796387
paper,200,1500000.0,9,7,exclude,launch,0,0.0,prior,0.0,gzz_rev,12600.0,43200.0,15283775.657766689,0,12726795.431278342,2556980.2264883462,0,82,0.8889792645592296,93,4.577943967789356,6.394742283532711,8404.213539551529,3075.5778123379005,2.7325641074133857,2.033809284612687,320.62849108541866,0.0,0.0,0.012524084778420038,0.7644906456293997,2.9151670951156814,0.3987034035656402,2887.3606182045783,778,9.617675304412842
paper,200,1500000.0,9,8,exclude,launch,0,0.0,prior,0.0,gzz_rev,12600.0,43200.0,12675669.067006266,0,10832372.144791173,1843296.9222150915,0,71,0.8985326915607548,79,4.805738054071009,7.455457908329501,7990.04999508496,2640.57032167635,3.025880405265074,2.0318326317045408,319.4035739550954,0.0,0.0,0.08649173955296405,0.6976844093583197,3.442857142857143,0.5542099192618224,2451.202450215133,770,9.817513942718506
paper,200,1500000.0,9,3,exclude,launch,0,0.0,prior,0.0,gzz_rev,12600.0,43200.0,11790444.910441803,0,10092232.035279775,1698212.8751620285,0,67,0.8933936465453703,81,4.894312501170178,6.443850857640399,7839.418200296043,3049.3995204697667,2.5708071860286656,2.035636284911526,321.7627543876043,0.0,0.0,0.02048780487804878,0.765039107835089,3.2535760728218466,0.5534729878721059,2603.893937426409,769,10.098973989486694
paper,200,1500000.0,9,1,exclude,launch,0,0.0,prior,0.0,gzz_rev,12600.0,43200.0,15039651.149299644,0,12676606.234909637,2363044.9143900056,0,72,0.8828851242138305,83,4.743723496829792,6.021979708590168,8098.861339634391,3239.8651957453735,2.4997525669493608,2.05018835807957,330.868676233759,0.0,0.0,0.03811434302908726,0.7702589534059634,2.513404825737265,0.4568245125348189,3474.821043663516,746,10.234097957611084
paper,200,1500000.0,8,10,exclude,launch,0,0.0,prior,0.0,gzz_rev,12600.0,43200.0,11955640.136724325,0,9829217.939297121,2126422.197427203,0,59,0.8157224269953868,64,4.655288193586195,5.243319390486637,8259.045556358145,3719.1384706831354,2.2206878344169625,2.0512156908529695,331.51632860864584,0.0,0.0,0.0,0.904430407895684,3.053781512605042,0.5077092511013216,3596.467261042548,595,10.465520143508911
paper,200,1500000.0,8,2,exclude,launch,0,0.0,prior,0.0,gzz_rev,12600.0,43200.0,11982435.73848153,0,9973299.454700949,2009136.283780581,0,55,0.8406086518789634,61,4.655934945568595,5.726458692584167,8257.851996279362,3421.7531941449192,2.4133394572144065,2.0413862146450166,325.34557441580307,0.0,0.0,0.0,0.8692765335660246,3.9432739059967585,0.57752566180443,2677.5581184083994,617,10.50171947479248
paper,200,1500000.0,8,7,exclude,launch,0,0.0,prior,0.0,gzz_rev,12600.0,43200.0,11864878.49836465,0,9391259.36698167,2473619.13138298,0,57,0.7584497625564295,63,4.577943967789356,6.414271426091034,8404.213539551529,3067.1975986921284,2.7400300336486754,2.033156935208625,320.2239758309038,0.0,0.0,0.03110047846889952,0.825615548642439,3.1696,0.4298813376483279,3293.5554060258523,625,11.15758490562439
paper,200,1500000.0,1,7,exclude,launch,0,0.0,prior,0.0,gzz_rev,12600.0,43200.0,9812775.543210994,0,6202757.376909216,3610018.1663017776,0,0,0.0,0,4.577943967789356,7.233266916140088,8404.213539551529,2675.857564758981,3.140755191993379,2.0666289442829036,341.3091914346184,0.0,0.0,0.0,6.101587747926409,48.45454545454545,0.20515518148342976,12140.982801824797,11,13.846139669418335
paper,200,1500000.0,1,5,exclude,launch,0,0.0,prior,0.0,gzz_rev,12600.0,43200.0,9639871.35771974,0,6066023.454135196,3573847.9035845436,0,0,0.0,0,4.8316606529618955,6.1515911896944315,7945.393769630588,3142.2625494557124,2.5285582107093028,2.069331437661253,343.04091707120466,0.0,0.0,0.0,6.099615380270663,49.0,0.20291419320021586,12001.951771670858,11,13.887120246887207
paper,200,1500000.0,1,3,exclude,launch,0,0.0,prior,0.0,gzz_rev,12600.0,43200.0,10025834.567756362,0,6451338.08294819,3574496.484808172,0,0,0.0,0,4.894312501170178,5.952276684819689,7839.418200296043,3250.917598069063,2.4114478339753664,2.067144894708963,341.6394678910211,0.0,0.0,0.0,6.601269447853844,50.8,0.1940772078265468,12528.793584029883,10,13.917127847671509
paper,200,1500000.0,1,2,exclude,launch,0,0.0,prior,0.0,gzz_rev,12600.0,43200.0,11068762.915453585,0,7044301.000228287,4024461.915225298,0,0,0.0,0,4.655934945568595,5.321937412403733,8257.851996279362,3636.8441323911875,2.270609268825032,2.0666433742564365,341.3184263535468,0.0,0.0,0.0,6.677353251067715,49.4,0.1948931735278791,13032.355246403726,10,13.991857767105103
paper,200,1500000.0,1,6,exclude,launch,0,0.0,prior,0.0,gzz_rev,12600.0,43200.0,10671140.248916676,0,6968886.865499959,3702253.3834167174,0,0,0.0,0,4.782673647657148,6.192126039466117,8030.189446355909,3128.192979268206,2.567037743379391,2.0650314326165518,340.28758573837956,0.0,0.0,0.0,6.92687139169541,50.55555555555556,0.18019480519480519,13210.332341629277,9,14.028573989868164
paper,200,1500000.0,1,10,exclude,launch,0,0.0,prior,0.0,gzz_rev,12600.0,43200.0,10451128.014164962,0,6788568.459158904,3662559.5550060584,0,0,0.0,0,4.655288193586195,4.769217889380925,8259.045556358145,4055.977407328488,2.036265177768348,2.0678417511421103,342.0858016446746,0.0,0.0,0.0,6.706731014115846,50.2,0.19770474700052165,12881.09187394785,10,14.030050277709961
paper,200,1500000.0,1,8,exclude,launch,0,0.0,prior,0.0,gzz_rev,12600.0,43200.0,10299068.87511193,0,6671485.52624813,3627583.3488637996,0,0,0.0,0,4.805738054071009,7.983875652187361,7990.04999508496,2428.6841594367797,3.2898678751780883,2.0628858021805705,338.91786854311067,0.0,0.0,0.0,6.758978375067366,49.9,0.19245489338436303,13059.484004565033,10,14.033241510391235
paper,200,1500000.0,1,1,exclude,launch,0,0.0,prior,0.0,gzz_rev,12600.0,43200.0,10624435.671242459,0,6801468.486881834,3822967.184360625,0,0,0.0,0,4.743723496829792,6.166394016969518,8098.861339634391,3137.93901618116,2.580949246582435,2.0672082076026874,341.6800075123623,0.0,0.0,0.0,6.398814059189382,50.1,0.2,12314.230285021078,10,14.036168813705444
paper,200,1500000.0,1,4,exclude,launch,0,0.0,prior,0.0,gzz_rev,12600.0,43200.0,10451675.105199305,0,6806571.258253133,3645103.846946173,0,0,0.0,0,4.882927992066068,5.9456667577955695,7858.472907715733,3256.689166578419,2.413025163212642,2.0657754771331422,340.76321029751307,0.0,0.0,0.0,6.825332615139279,50.55555555555556,0.18246187363834424,13016.686334937562,9,14.047696590423584
paper,200,1500000.0,1,9,exclude,launch,0,0.0,prior,0.0,gzz_rev,12600.0,43200.0,10121439.44764404,0,6331743.219327212,3789696.2283168267,0,0,0.0,0,4.870625266882366,5.456238239911782,7879.164612665201,3539.9138233694025,2.2258068997751934,2.070970805880539,344.09354011452325,0.0,0.0,0.0,6.501534000981752,51.3,0.20055710306406685,12219.233937845143,10,14.062096118927002
paper,200,1500000.0,9,10,exclude,launch,0,0.0,prior,0.0,gzz_rev,12600.0,43200.0,14545558.459326236,0,12446569.590408612,2098988.868917625,0,76,0.8967990740118171,81,4.655288193586195,6.637330165846643,8259.045556358145,2953.9768701390976,2.795907320685704,2.040137690404954,324.5659245002857,0.0,0.0,0.09193054136874361,0.7336085716448167,2.8813096862210097,0.491478834524464,3101.472096939901,733,9.905319452285767
paper,200,1500000.0,9,12,exclude,launch,0,0.0,prior,0.0,gzz_rev,12600.0,43200.0,19415428.281123962,0,16472520.29089221,2942907.9902317524,0,97,0.9198467165164149,110,4.489254129229678,6.622147493716351,8576.832776345937,2961.7904846073866,2.895826973893083,2.039420630858997,324.11857435659437,0.0,0.0,0.10579857578840285,0.7137235687955922,2.2062415196743554,0.3724060572069546,4032.720812954484,737,8.521506309509277
paper,200,1500000.0,9,11,exclude,launch,0,0.0,prior,0.0,gzz_rev,12600.0,43200.0,14065705.277032616,0,11959329.44499558,2106375.8320370344,0,74,0.9075472124563503,83,4.401387483373752,6.4915105777726865,8754.709960082677,3027.4021005483423,2.891822648368041,2.0353734928513667,321.5994809097716,0.0,0.0,0.03294573643410853,0.7487542214650543,3.049095607235142,0.5107319757842598,2773.6766326548827,774,9.658319473266602
paper,200,1500000.0,8,11,exclude,launch,0,0.0,prior,0.0,gzz_rev,12600.0,43200.0,11779689.607579997,0,9700334.79912442,2079354.8084555771,0,57,0.8379867030407623,66,4.401387483373752,5.9853506160793986,8754.709960082677,3272.131826395073,2.675537057969878,2.0423943634655455,325.97580269542186,0.0,0.0,0.03985507246376811,0.8245018432894532,3.234248788368336,0.5432506887052342,3268.795545582016,619,9.978559017181396
paper,200,3000000.0,3,1,exclude,launch,0,0.0,prior,0.0,gzz_rev,12600.0,43200.0,3490515.116011246,0,1966662.55141617,1523852.564595076,0,0,0.0,0,9.487446993659583,12.209378925290524,8098.861339634391,3221.4344471720606,2.5140543669122257,2.033982050925445,320.73566449079715,0.0,0.0,0.0,3.556773172374402,33.660714285714285,0.6233135456017269,3547.136520615798,56,10.463421821594238
paper,200,3000000.0,2,1,exclude,launch,0,0.0,prior,0.0,gzz_rev,12600.0,43200.0,6239222.275156503,0,3517609.7581113083,2721612.517045194,0,0,0.0,0,9.487446993659583,10.305110581188845,8098.861339634391,3789.4921221312147,2.1371891215542576,2.048596007569178,329.8660761270057,0.0,0.0,0.0,5.103439290034784,40.44444444444444,0.3848531684698609,6505.303128334405,27,10.969446420669556
paper,200,1500000.0,8,12,exclude,launch,0,0.0,prior,0.0,gzz_rev,12600.0,43200.0,14684579.695043296,0,11880521.127833512,2804058.567209784,0,63,0.8045883586404997,71,4.489254129229678,5.283702749156042,8576.832776345937,3705.9375363926074,2.3143489851409376,2.042789040690931,326.2226950155337,0.0,0.0,0.0,0.9252121096615222,2.793103448275862,0.4115665356541269,4045.8909486254274,580,10.584614992141724
paper,200,3000000.0,2,2,exclude,launch,0,0.0,prior,0.0,gzz_rev,12600.0,43200.0,5635937.128265872,0,2981301.4958939506,2654635.6323719206,0,0,0.0,0,9.31186989113719,10.83988648623292,8257.851996279362,3606.609095679376,2.289644310544232,2.0462852746293914,328.41386277189014,0.0,0.0,0.0,5.383388234400488,48.08,0.4398535564853556,5601.253952513837,25,10.880326271057129
paper,200,3000000.0,3,2,exclude,launch,0,0.0,prior,0.0,gzz_rev,12600.0,43200.0,3471924.8575513377,0,1923531.9912850831,1548392.8662662546,0,0,0.0,0,9.31186989113719,11.356982325189282,8257.851996279362,3462.1124749813807,2.3852061583654276,2.0346319699482436,321.13899397169484,0.0,0.0,0.0,3.449453979609663,32.57627118644068,0.63264221158958,3390.795336115603,59,10.546429872512817
paper,200,1500000.0,1,11,exclude,launch,0,0.0,prior,0.0,gzz_rev,12600.0,43200.0,10617243.733211603,0,6812680.642684998,3804563.0905266046,0,0,0.0,0,4.401387483373752,5.760953335650755,8754.709960082677,3363.9552369761614,2.602504891816644,2.0640272455695943,339.64619379432514,0.0,0.0,0.0,6.754343692821937,49.0,0.18842105263157893,13290.232612493177,10,13.66677737236023
paper,200,1500000.0,1,12,exclude,launch,0,0.0,prior,0.0,gzz_rev,12600.0,43200.0,10719463.679500626,0,6901673.1946596345,3817790.4848409914,0,0,0.0,0,4.489254129229678,6.358076571097103,8576.832776345937,3045.5525746588614,2.8161827997031526,2.0657042185754997,340.7176444468849,0.0,0.0,0.0,6.693916162087234,50.5,0.18963675213675213,12780.104268334122,10,13.655532360076904
paper,200,3000000.0,3,3,exclude,launch,0,0.0,prior,0.0,gzz_rev,12600.0,43200.0,3191531.827646499,0,1816620.0419903744,1374911.7856561246,0,0,0.0,0,9.788625002340355,11.159899695962945,7839.418200296043,3523.468192934261,2.224915274108821,2.0345077117800177,321.0618617196985,0.0,0.0,0.0,3.394153905678815,32.21666666666667,0.6194029850746269,3466.960194454306,60,10.371176481246948
paper,200,3000000.0,3,6,exclude,launch,0,0.0,prior,0.0,gzz_rev,12600.0,43200.0,3835235.781084191,0,2124034.643619363,1711201.1374648283,0,0,0.0,0,9.565347295314297,9.36281248364261,8030.189446355909,4196.198021344461,1.913682196481051,2.0362340095099096,322.1342767394952,0.0,0.0,0.0,3.2991428245495924,28.451612903225808,0.5607329842931937,3883.7656543998755,62,10.277892351150513
paper,200,3000000.0,3,5,exclude,launch,0,0.0,prior,0.0,gzz_rev,12600.0,43200.0,3965390.6200749595,0,2171300.8166254624,1794089.8034494973,0,0,0.0,0,9.663321305923791,8.693476926293991,7945.393769630588,4513.721339628847,1.7602756510183502,2.038739500163273,323.69392475983415,0.0,0.0,0.0,3.235598324760081,27.53968253968254,0.5635478637101136,3881.0506343267534,63,10.34178614616394
paper,200,3000000.0,2,3,exclude,launch,0,0.0,prior,0.0,gzz_rev,12600.0,43200.0,4872875.617891027,0,2659217.060808299,2213658.557082727,0,0,0.0,0,9.788625002340355,12.054302734976112,7839.418200296043,3243.3923537895425,2.417042819730569,2.0462015259241793,328.36128985382436,0.0,0.0,0.0,5.189865122668671,49.0,0.47074756229685805,5145.348521487857,25,10.67301058769226
paper,200,3000000.0,3,4,exclude,launch,0,0.0,prior,0.0,gzz_rev,12600.0,43200.0,4074666.7803367944,0,2250673.316464479,1823993.4638723154,0,0,0.0,0,9.765855984132136,9.262717028344504,7858.472907715733,4238.948845282232,1.8538730224267452,2.0374802825421954,322.9096009991499,0.0,0.0,0.0,3.4715623423966013,27.482758620689655,0.5349081364829397,4180.259565286029,58,10.568281412124634
paper,200,3000000.0,2,5,exclude,launch,0,0.0,prior,0.0,gzz_rev,12600.0,43200.0,5094462.914092038,0,2730530.094203656,2363932.8198883818,0,0,0.0,0,9.663321305923791,11.674294308395059,7945.393769630588,3347.229628423213,2.3737223470304434,2.047263965039188,329.0285437408806,0.0,0.0,0.0,5.093412346062246,47.34615384615385,0.46447507953340406,5423.357403163852,26,10.790918350219727
paper,200,3000000.0,2,4,exclude,launch,0,0.0,prior,0.0,gzz_rev,12600.0,43200.0,5826517.999184674,0,3250348.322269843,2576169.676914831,0,0,0.0,0,9.765855984132136,11.199980000874898,7858.472907715733,3485.304837824015,2.254744785142531,2.0494247217363935,330.387673977452,0.0,0.0,0.0,4.811147129212796,40.0,0.4032597266035752,5859.358033763271,28,10.986005544662476
paper,200,3000000.0,2,6,exclude,launch,0,0.0,prior,0.0,gzz_rev,12600.0,43200.0,5542125.134705143,0,2987601.300703166,2554523.834001977,0,0,0.0,0,9.565347295314297,9.947881142539604,8030.189446355909,3929.1880313320053,2.043727452675166,2.0467112977016844,328.6813622209032,0.0,0.0,0.0,5.630162958289527,48.875,0.4164470216130733,5467.260416320478,24,10.907303094863892
paper,200,3000000.0,2,7,exclude,launch,0,0.0,prior,0.0,gzz_rev,12600.0,43200.0,4855660.948572434,0,2599523.9996985933,2256136.9488738407,0,0,0.0,0,9.155887935578711,16.10979171036635,8404.213539551529,2429.847578905655,3.4587410389488644,2.0437182821942557,326.8043557759583,0.0,0.0,0.0,5.053874918531326,49.96153846153846,0.47596407818277864,5060.632130322615,26,10.933311939239502
ring,200,1500000.0,7,1,exclude,launch,0,0.0,prior,0.0,gzz_rev,12600.0,43200.0,33101902.89763713,0,30983578.087843757,2118324.8097933736,0,200,1.0,200,4.790641138341366,1200000000000000.0,8016.279765394607,0.0,8016279765394.606,1.0000018257418584,1e-09,0.0,0.0,1.0,0.0,0.0,0.0,6473592000000011.0,471,1.4317681789398193
ring,200,1500000.0,7,2,exclude,launch,0,0.0,prior,0.0,gzz_rev,12600.0,43200.0,32217823.950138424,0,30360176.79044577,1857647.1596926511,0,200,1.0,200,4.800997103893391,1200000000000000.0,7998.26927637493,0.0,7998269276374.93,1.0000018257418584,1e-09,0.0,0.0,1.0,0.0,0.0,0.0,6473592000000011.0,471,1.4395954608917236
ring,200,1500000.0,7,3,exclude,launch,0,0.0,prior,0.0,gzz_rev,12600.0,43200.0,33025045.577239618,0,31001520.301380087,2023525.27585953,0,200,1.0,200,4.839334046393169,1200000000000000.0,7932.266771253912,0.0,7932266771253.912,1.0000018257418584,1e-09,0.0,0.0,1.0,0.0,0.0,0.0,6473592000000011.0,471,1.3825514316558838
ring,200,1500000.0,7,4,exclude,launch,0,0.0,prior,0.0,gzz_rev,12600.0,43200.0,31814103.26071963,0,29760105.887741547,2053997.3729780836,0,200,1.0,200,4.846178161612115,1200000000000000.0,7920.593506759091,0.0,7920593506759.09,1.0000018257418584,1e-09,0.0,0.0,1.0,0.0,0.0,0.0,6473592000000011.0,471,1.4371843338012695
ring,200,1500000.0,7,5,exclude,launch,0,0.0,prior,0.0,gzz_rev,12600.0,43200.0,31783740.34998584,0,29979963.71813892,1803776.6318469204,0,200,1.0,200,4.7908619966838,1200000000000000.0,8015.8948489202385,0.0,8015894848920.238,1.0000018257418584,1e-09,0.0,0.0,1.0,0.0,0.0,0.0,6473592000000011.0,471,1.457143783569336
paper,200,3000000.0,1,6,exclude,launch,0,0.0,prior,0.0,gzz_rev,12600.0,43200.0,10099998.39977788,0,6405744.850965924,3694253.5488119554,0,0,0.0,0,9.565347295314297,13.459708007426508,8030.189446355909,2874.139819914876,2.793945301726393,2.067980583625708,342.17475810045244,0.0,0.0,0.0,12.097064792264579,99.4,0.19753086419753085,11733.812086108126,5,13.20045781135559
ring,200,1500000.0,7,6,exclude,launch,0,0.0,prior,0.0,gzz_rev,12600.0,43200.0,33432736.55159863,0,31367782.504192535,2064954.0474060937,0,200,1.0,200,4.807696645954622,1200000000000000.0,7986.659159050209,0.0,7986659159050.209,1.0000018257418584,1e-09,0.0,0.0,1.0,0.0,0.0,0.0,6473592000000011.0,471,1.401637315750122
ring,200,1500000.0,7,7,exclude,launch,0,0.0,prior,0.0,gzz_rev,12600.0,43200.0,31235084.914356656,0,29427674.64730463,1807410.2670520223,0,200,1.0,200,4.836229285138715,1200000000000000.0,7937.573119120503,0.0,7937573119120.503,1.0000018257418584,1e-09,0.0,0.0,1.0,0.0,0.0,0.0,6473592000000011.0,471,1.4695641994476318
paper,200,3000000.0,3,7,exclude,launch,0,0.0,prior,0.0,gzz_rev,12600.0,43200.0,2954770.984695438,0,1687804.963514362,1266966.021181076,0,0,0.0,0,9.155887935578711,11.578329430575781,8404.213539551529,3397.7789932243827,2.473443256995418,2.0335223869725976,320.45055731206054,0.0,0.0,0.0,3.2532990787656257,32.774193548387096,0.6261829652996845,3327.4378014735585,62,10.152587175369263
ring,200,1500000.0,7,8,exclude,launch,0,0.0,prior,0.0,gzz_rev,12600.0,43200.0,30096773.33478441,0,28392165.969138257,1704607.3656461516,0,200,1.0,200,4.796976710386977,1200000000000000.0,8005.252074719057,0.0,8005252074719.057,1.0000018257418584,1e-09,0.0,0.0,1.0,0.0,0.0,0.0,6473592000000011.0,471,1.5017759799957275
paper,200,3000000.0,3,8,exclude,launch,0,0.0,prior,0.0,gzz_rev,12600.0,43200.0,3227895.0581368706,0,1811764.291732138,1416130.7664047328,0,0,0.0,0,9.611476108142018,11.711607157650844,7990.04999508496,3357.9307744335465,2.379456436660107,2.0342379490680838,320.89444058776667,0.0,0.0,0.0,3.419283898827406,32.847457627118644,0.6527313266443702,3528.625217837138,59,10.396081924438477
paper,200,3000000.0,2,8,exclude,launch,0,0.0,prior,0.0,gzz_rev,12600.0,43200.0,5907115.806935717,0,3283011.7761228723,2624104.0308128456,0,0,0.0,0,9.611476108142018,11.426030797706403,7990.04999508496,3418.8429931302676,2.337062570916522,2.0479315652949572,329.44816966246185,0.0,0.0,0.0,4.674849242286361,38.44827586206897,0.41228555617044826,6034.341924161467,29,10.971743106842041
ring,200,1500000.0,7,9,exclude,launch,0,0.0,prior,0.0,gzz_rev,12600.0,43200.0,31311104.038449153,0,29405292.91127002,1905811.1271791328,0,200,1.0,200,4.853710806530296,1200000000000000.0,7907.783946703841,0.0,7907783946703.841,1.0000018257418584,1e-09,0.0,0.0,1.0,0.0,0.0,0.0,6473592000000011.0,471,1.4800424575805664
paper,200,3000000.0,3,9,exclude,launch,0,0.0,prior,0.0,gzz_rev,12600.0,43200.0,3003134.9323627977,0,1737980.8376749705,1265154.0946878272,0,0,0.0,0,9.741250533764733,10.0848372903257,7879.164612665201,3893.856783506293,2.02348598079929,2.0372349457895584,322.7568998301205,0.0,0.0,0.0,3.417727320617106,33.06896551724138,0.6350974930362117,3404.43775614877,58,10.187340259552002
paper,200,3000000.0,2,9,exclude,launch,0,0.0,prior,0.0,gzz_rev,12600.0,43200.0,5107357.951921227,0,2646549.5234018993,2460808.428519328,0,0,0.0,0,9.741250533764733,12.922527713556583,7879.164612665201,3022.863449212948,2.606523498346136,2.047971862019951,329.4735070756691,0.0,0.0,0.0,5.20831987168664,49.46153846153846,0.47644539614561027,5242.124722983062,26,10.784247398376465
ring,200,1500000.0,7,10,exclude,launch,0,0.0,prior,0.0,gzz_rev,12600.0,43200.0,31274149.734699372,0,29419961.07066379,1854188.6640355815,0,200,1.0,200,4.8412324859166675,1200000000000000.0,7929.025501191047,0.0,7929025501191.046,1.0000018257418584,1e-09,0.0,0.0,1.0,0.0,0.0,0.0,6473592000000011.0,471,1.5192151069641113
paper,200,3000000.0,3,10,exclude,launch,0,0.0,prior,0.0,gzz_rev,12600.0,43200.0,3615068.4248173917,0,1985464.3723263615,1629604.0524910302,0,0,0.0,0,9.31057638717239,11.072400612094265,8259.045556358145,3550.530357603593,2.326144188197431,2.0349557316430618,321.3400099382475,0.0,0.0,0.0,3.739001091763781,33.056603773584904,0.6051779935275081,3737.2739930890943,53,10.280207872390747
ring,200,1500000.0,7,11,exclude,launch,0,0.0,prior,0.0,gzz_rev,12600.0,43200.0,30958189.322412524,0,29144807.92937021,1813381.3930423125,0,200,1.0,200,4.810166257763029,1200000000000000.0,7982.387549587255,0.0,7982387549587.255,1.0000018257418584,1e-09,0.0,0.0,1.0,0.0,0.0,0.0,6473592000000011.0,471,1.450998306274414
paper,200,3000000.0,2,10,exclude,launch,0,0.0,prior,0.0,gzz_rev,12600.0,43200.0,6541276.377263766,0,3618272.2629237873,2923004.1143399784,0,0,0.0,0,9.31057638717239,10.939018117537985,8259.045556358145,3571.232732379228,2.312659570314758,2.047828070963726,329.383099889869,0.0,0.0,0.0,5.254775977750152,39.583333333333336,0.37540983606557377,6496.110291026976,24,11.066860437393188
paper,200,3000000.0,3,11,exclude,launch,0,0.0,prior,0.0,gzz_rev,12600.0,43200.0,3998467.6431943737,0,2170325.9492289955,1828141.6939653782,0,0,0.0,0,8.802774966747505,9.449381696478673,8754.709960082677,4159.678042320125,2.104660473962932,2.0352927105272354,321.5492989412489,0.0,0.0,0.0,3.435735697006534,28.637931034482758,0.5854189336235038,3959.629753989494,58,10.355764150619507
paper,200,3000000.0,1,9,exclude,launch,0,0.0,prior,0.0,gzz_rev,12600.0,43200.0,9544820.446385344,0,5970620.359831502,3574200.0865538423,0,0,0.0,0,9.741250533764733,11.568501309084816,7879.164612665201,3340.645707342166,2.3585753482771756,2.070057781164384,343.50709650913365,0.0,0.0,0.0,11.566902509507377,96.8,0.2143658810325477,11520.921682176195,5,13.151957750320435
ring,200,1500000.0,7,12,exclude,launch,0,0.0,prior,0.0,gzz_rev,12600.0,43200.0,32222328.01167799,0,30112387.600141037,2109940.411536952,0,200,1.0,200,4.793249881478669,1200000000000000.0,8011.735459045254,0.0,8011735459045.254,1.0000018257418584,1e-09,0.0,0.0,1.0,0.0,0.0,0.0,6473592000000011.0,471,1.4864020347595215
paper,200,3000000.0,2,12,exclude,launch,0,0.0,prior,0.0,gzz_rev,12600.0,43200.0,6435228.715251428,0,3556780.5496845236,2878448.1655669045,0,0,0.0,0,8.978508258459357,8.686741253756042,8576.832776345937,4496.125442254938,1.9076053118403218,2.0483052670263246,329.6831798625402,0.0,0.0,0.0,5.344785989024661,41.083333333333336,0.37889557135046475,6323.284702045711,24,11.052337169647217
paper,200,3000000.0,3,12,exclude,launch,0,0.0,prior,0.0,gzz_rev,12600.0,43200.0,3970373.575270236,0,2251200.197358239,1719173.3779119973,0,0,0.0,0,8.978508258459357,8.455909352366172,8576.832776345937,4645.240012847678,1.8463702096391932,2.036673956743418,322.4078677770162,0.0,0.0,0.0,3.473918834794369,27.82758620689655,0.5550108932461874,4175.63073229124,58,10.553831338882446
ring,200,1500000.0,1,2,exclude,launch,0,0.0,prior,0.0,gzz_rev,12600.0,43200.0,7507826.936620496,0,6161859.35083593,1345967.585784567,0,0,0.0,0,4.800997103893391,2.7216159430747293,7998.26927637493,7039.709715313161,1.1361646431211017,2.0877495547711526,354.95972817145224,0.0,0.0,0.0,5.727827100825483,50.0,0.33496332518337407,11044.99190983018,12,13.44853687286377
ring,200,1500000.0,1,3,exclude,launch,0,0.0,prior,0.0,gzz_rev,12600.0,43200.0,8004619.2136655785,0,6547104.319414035,1457514.8942515429,0,0,0.0,0,4.839334046393169,2.900821765090753,7932.266771253912,6623.652220363991,1.1975669173672299,2.081811602216563,351.0949028071099,0.0,0.0,0.0,5.899318551243695,48.72727272727273,0.3380614657210402,11672.80551828467,11,13.334245920181274
ring,200,1500000.0,1,1,exclude,launch,0,0.0,prior,0.0,gzz_rev,12600.0,43200.0,8275442.20242903,0,6701385.752066002,1574056.4503630276,0,0,0.0,0,4.790641138341366,2.7812829329428537,8016.279765394607,6912.668752816784,1.159650498532585,2.0805064859649915,350.2482798637244,0.0,0.0,0.0,6.089816584801648,48.54545454545455,0.30424528301886794,12094.868396735294,11,13.760828495025635
ring,200,1500000.0,1,4,exclude,launch,0,0.0,prior,0.0,gzz_rev,12600.0,43200.0,7465862.260084003,0,5974145.842242149,1491716.417841854,0,0,0.0,0,4.846178161612115,2.764807221032863,7920.593506759091,6932.743907164718,1.1424904212275127,2.0868439683249935,354.36894344532595,0.0,0.0,0.0,5.67256362140586,50.0,0.35251798561151076,10938.427121411407,12,13.416589736938477
ring,200,1500000.0,1,5,exclude,launch,0,0.0,prior,0.0,gzz_rev,12600.0,43200.0,7994651.913906903,0,6648785.885551742,1345866.0283551598,0,0,0.0,0,4.7908619966838,2.809819196045213,8015.8948489202385,6849.852593334699,1.1702288099922276,2.0782624479907144,348.79497202407856,0.0,0.0,0.0,6.476487700663613,50.8,0.3237597911227154,12291.965688130362,10,13.715389251708984
ring,200,1500000.0,1,6,exclude,launch,0,0.0,prior,0.0,gzz_rev,12600.0,43200.0,7987827.0027801655,0,6410685.717167351,1577141.2856128134,0,0,0.0,0,4.807696645954622,2.7725074443140976,7986.659159050209,6908.338907579118,1.1560896571371257,2.0883997640652927,355.38421392521565,0.0,0.0,0.0,5.776920033238808,50.0,0.2981651376146789,11139.658007774528,12,13.370058298110962
ring,200,1500000.0,1,7,exclude,launch,0,0.0,prior,0.0,gzz_rev,12600.0,43200.0,7089850.641059429,0,5738038.153848022,1351812.4872114067,0,0,0.0,0,4.836229285138715,2.8048626091663063,7937.573119120503,6818.946976723699,1.1640467576907705,2.091371015805513,357.3272082421071,0.0,0.0,0.0,5.535120968666332,50.76923076923077,0.34210526315789475,10511.677784600086,13,13.506698369979858
ring,200,1500000.0,1,8,exclude,launch,0,0.0,prior,0.0,gzz_rev,12600.0,43200.0,6868487.413695769,0,5519997.865260011,1348489.548435758,0,0,0.0,0,4.796976710386977,2.87816579087508,8005.252074719057,6647.916859704048,1.2041745171697944,2.090540593303852,356.78363569305515,0.0,0.0,0.0,5.528362107113202,50.46153846153846,0.3629441624365482,10562.859446625962,13,13.371959686279297
ring,200,3000000.0,3,1,exclude,launch,0,0.0,prior,0.0,gzz_rev,12600.0,43200.0,2249109.0955523415,0,1806768.3504326514,442340.74511968996,0,0,0.0,0,9.581282276682732,5.585188586622707,8016.279765394607,6985.046669859468,1.147634388755757,2.0506088764785657,331.13370340066643,0.0,0.0,0.0,3.2213165440765037,33.609375,0.8717948717948718,3116.254037411957,64,9.993229866027832
ring,200,1500000.0,1,9,exclude,launch,0,0.0,prior,0.0,gzz_rev,12600.0,43200.0,7753226.86924142,0,6228718.633120567,1524508.236120854,0,0,0.0,0,4.853710806530296,2.864523244882574,7907.783946703841,6711.242525674999,1.178289104655549,2.0806771953524423,350.358960166446,0.0,0.0,0.0,5.947889117866174,48.18181818181818,0.30730478589420657,11902.143599331694,11,13.209120750427246
ring,200,3000000.0,2,1,exclude,launch,0,0.0,prior,0.0,gzz_rev,12600.0,43200.0,3505330.1130549144,0,2639702.6686835764,865627.4443713384,0,0,0.0,0,9.581282276682732,5.614991357474154,8016.279765394607,6918.596052884715,1.1586570026807985,2.059315650586754,336.6448942734115,0.0,0.0,0.0,4.724078293974903,49.6,0.7313769751693002,4746.892507710762,30,10.318373680114746
ring,200,3000000.0,3,2,exclude,launch,0,0.0,prior,0.0,gzz_rev,12600.0,43200.0,2276808.838278116,0,1835616.1744909263,441192.66378718993,0,0,0.0,0,9.601994207786783,5.556460018116663,7998.26927637493,7027.761882002606,1.1380962261766006,2.048682960007655,329.9207851831251,0.0,0.0,0.0,3.3722621757916627,33.131147540983605,0.8588516746411483,3413.2684248612436,61,9.940399408340454
ring,200,1500000.0,1,10,exclude,launch,0,0.0,prior,0.0,gzz_rev,12600.0,43200.0,7073083.924283005,0,5797540.209216346,1275543.7150666588,0,0,0.0,0,4.8412324859166675,2.859438316118409,7929.025501191047,6700.481322313481,1.1833516309919936,2.087724837578812,354.943596685756,0.0,0.0,0.0,5.567706118408348,50.0,0.37092731829573933,10736.229978951293,12,13.33245325088501
ring,200,3000000.0,2,2,exclude,launch,0,0.0,prior,0.0,gzz_rev,12600.0,43200.0,2967679.9122223477,0,2373773.46527862,593906.4469437274,0,0,0.0,0,9.601994207786783,5.645712061371602,7998.26927637493,6872.654527128065,1.1637816574081798,2.0618010133817872,338.2264176055771,0.0,0.0,0.0,4.296191222584178,49.29032258064516,0.7984886649874056,4230.456582734758,31,10.451731443405151
ring,200,1500000.0,1,11,exclude,launch,0,0.0,prior,0.0,gzz_rev,12600.0,43200.0,6846923.637364203,0,5537908.795324168,1309014.842040035,0,0,0.0,0,4.810166257763029,2.821225480677447,7982.387549587255,6773.8500510155145,1.1784122012548182,2.0930837934447073,358.4496538474416,0.0,0.0,0.0,5.35667835459623,50.0,0.3341288782816229,10329.30429788133,12,12.983374834060669
ring,200,1500000.0,1,12,exclude,launch,0,0.0,prior,0.0,gzz_rev,12600.0,43200.0,7570713.905799219,0,6072496.610402092,1498217.2953971273,0,0,0.0,0,4.793249881478669,2.814135832778671,8011.735459045254,6809.373268899149,1.1765745748786787,2.0874101633673425,354.73825901837716,0.0,0.0,0.0,5.690063710410277,50.0,0.36049382716049383,10972.172613038978,12,13.201607465744019
ring,200,3000000.0,1,1,exclude,launch,0,0.0,prior,0.0,gzz_rev,12600.0,43200.0,6483549.382882564,0,4997074.003313633,1486475.3795689314,0,0,0.0,0,9.581282276682732,6.055840563961646,8016.279765394607,6327.538094685116,1.2668876339326929,2.0877610251746663,354.9672143667125,0.0,0.0,0.0,9.101923403547945,100.0,0.39732142857142855,8775.637653377558,8,12.966708660125732
ring,200,3000000.0,3,3,exclude,launch,0,0.0,prior,0.0,gzz_rev,12600.0,43200.0,2135305.6757058254,0,1745702.7073081946,389602.9683976308,0,0,0.0,0,9.678668092786339,5.611886721820809,7932.266771253912,6950.163775615938,1.141306453681509,2.0510963057435587,331.4410331843269,0.0,0.0,0.0,3.1457072484905324,33.49230769230769,0.8677494199535963,3103.9139253878348,65,10.009604930877686
ring,200,3000000.0,2,3,exclude,launch,0,0.0,prior,0.0,gzz_rev,12600.0,43200.0,3208381.4949312177,0,2473229.826703352,735151.6682278658,0,0,0.0,0,9.678668092786339,5.759597845017728,7932.266771253912,6741.317677313127,1.1766641405950564,2.0604070782405266,337.3389514747831,0.0,0.0,0.0,4.4447878324035255,50.13333333333333,0.7453271028037384,4385.395215555365,30,10.6146981716156
ring,200,3000000.0,1,2,exclude,launch,0,0.0,prior,0.0,gzz_rev,12600.0,43200.0,6211793.677028129,0,4957498.430219675,1254295.2468084525,0,0,0.0,0,9.601994207786783,5.432011910155553,7998.26927637493,7052.121433838943,1.1341649957977165,2.0883798368335658,355.37120076775767,0.0,0.0,0.0,9.21809174855039,100.0,0.4096109839816934,8887.641595548357,8,13.12987232208252
ring,200,3000000.0,1,3,exclude,launch,0,0.0,prior,0.0,gzz_rev,12600.0,43200.0,6530461.042881192,0,5119493.952646844,1410967.0902343479,0,0,0.0,0,9.678668092786339,5.38390604558446,7932.266771253912,7117.346106222889,1.1144978272615569,2.087730467215625,354.9472707927366,0.0,0.0,0.0,9.336147737806133,100.0,0.410752688172043,9001.46551370126,8,12.747002363204956
ring,200,3000000.0,3,4,exclude,launch,0,0.0,prior,0.0,gzz_rev,12600.0,43200.0,1983491.3400759108,0,1637754.6456893096,345736.6943866013,0,0,0.0,0,9.69235632322423,5.736497094221764,7920.593506759091,6803.80187346058,1.1641422919228075,2.0497058969918305,330.564741053827,0.0,0.0,0.0,3.0466320856875506,33.28787878787879,0.9128329297820823,2987.0065306326856,66,10.179292917251587
ring,200,3000000.0,2,4,exclude,launch,0,0.0,prior,0.0,gzz_rev,12600.0,43200.0,2984774.157787813,0,2312546.831953866,672227.3258339468,0,0,0.0,0,9.69235632322423,5.7905468111088245,7920.593506759091,6710.516914753939,1.180325391825575,2.0588013045658347,336.31806076509395,0.0,0.0,0.0,4.365003061910656,50.645161290322584,0.8037383177570093,4213.121414394987,31,10.337058305740356
ring,200,3000000.0,2,5,exclude,launch,0,0.0,prior,0.0,gzz_rev,12600.0,43200.0,2934630.9357487285,0,2330346.340364036,604284.5953846922,0,0,0.0,0,9.5817239933676,5.934758621409794,8015.8948489202385,6545.3185737039785,1.2246760426794727,2.059473165643392,336.745016615529,0.0,0.0,0.0,4.287667164031271,49.064516129032256,0.7704485488126649,4218.12966042035,31,10.551621913909912
ring,200,3000000.0,3,5,exclude,launch,0,0.0,prior,0.0,gzz_rev,12600.0,43200.0,2172422.5171895158,0,1774529.5728760224,397892.9443134932,0,0,0.0,0,9.5817239933676,5.876571035830897,8015.8948489202385,6648.647933926485,1.2056428507842947,2.0475412524277155,329.2028026613481,0.0,0.0,0.0,3.2780574333076813,33.37096774193548,0.8575063613231552,3231.960677153955,62,10.028183937072754
ring,200,3000000.0,1,4,exclude,launch,0,0.0,prior,0.0,gzz_rev,12600.0,43200.0,6227034.655033439,0,4898201.932952525,1328832.722080915,0,0,0.0,0,9.69235632322423,5.791886237277957,7920.593506759091,6624.775282116579,1.195601838471494,2.0849652105433094,353.1448524267864,0.0,0.0,0.0,9.276398488179272,100.0,0.3948497854077253,8943.858155175023,8,13.047995805740356
ring,200,3000000.0,1,5,exclude,launch,0,0.0,prior,0.0,gzz_rev,12600.0,43200.0,6614996.4866752,0,5352555.734150985,1262440.752524215,0,0,0.0,0,9.5817239933676,5.545096270339978,8015.8948489202385,6931.101965086831,1.1565108822951529,2.0815105125164246,350.89949660506187,0.0,0.0,0.0,9.752473681090319,94.0,0.3677581863979849,10003.050004862333,7,12.931026935577393
ring,200,3000000.0,2,6,exclude,launch,0,0.0,prior,0.0,gzz_rev,12600.0,43200.0,3276838.627574089,0,2585541.397283077,691297.2302910121,0,0,0.0,0,9.615393291909244,5.94688784457593,7986.659159050209,6533.124644473512,1.2224868793535524,2.05910880116702,336.5134358128329,0.0,0.0,0.0,4.545628447913917,49.096774193548384,0.7522727272727273,4480.201331189178,31,10.724215984344482
ring,200,3000000.0,3,6,exclude,launch,0,0.0,prior,0.0,gzz_rev,12600.0,43200.0,2262487.0904509225,0,1848342.3231903524,414144.7672605704,0,0,0.0,0,9.615393291909244,5.768313969137187,7986.659159050209,6768.657837023889,1.1799472438042256,2.0489838503867883,330.11013551168764,0.0,0.0,0.0,3.263238028955966,33.20967741935484,0.8598130841121495,3172.657533965421,62,10.276206016540527
ring,200,3000000.0,3,7,exclude,launch,0,0.0,prior,0.0,gzz_rev,12600.0,43200.0,1927283.459046871,0,1606723.5569186397,320559.9021282313,0,0,0.0,0,9.67245857027743,5.608044685652843,7937.573119120503,6947.351065963418,1.1425323182541327,2.0533324761951945,332.85279162225015,0.0,0.0,0.0,3.013925903239984,33.02985074626866,0.8891625615763546,3002.5779151223546,67,10.28773307800293
ring,200,3000000.0,2,7,exclude,launch,0,0.0,prior,0.0,gzz_rev,12600.0,43200.0,3296430.186238508,0,2591220.7537413132,705209.432497195,0,0,0.0,0,9.67245857027743,5.414339245460088,7937.573119120503,7173.0452237517875,1.1065834483849577,2.0598754150090013,337.0007686021509,0.0,0.0,0.0,4.857634730632537,49.111111111111114,0.7111111111111111,4838.18738749327,27,10.787182092666626
ring,200,3000000.0,1,6,exclude,launch,0,0.0,prior,0.0,gzz_rev,12600.0,43200.0,6722581.478335556,0,5261389.5176989315,1461191.9606366244,0,0,0.0,0,9.615393291909244,5.902975783788386,7986.659159050209,6492.649216646902,1.2301079101228392,2.087358505321803,354.7045557286997,0.0,0.0,0.0,9.507729797148373,100.0,0.36616702355460384,9166.896699380199,8,13.147862911224365
ring,200,3000000.0,3,8,exclude,launch,0,0.0,prior,0.0,gzz_rev,12600.0,43200.0,2008571.9114146822,0,1652419.4104029483,356152.5010117339,0,0,0.0,0,9.593953420773953,5.711645294799539,8005.252074719057,6835.32492503188,1.1711589664746946,2.049130388373361,330.20237154253164,0.0,0.0,0.0,3.2331680817337287,33.171875,0.9134860050890585,3241.4731406530527,64,10.324615001678467
ring,200,3000000.0,2,8,exclude,launch,0,0.0,prior,0.0,gzz_rev,12600.0,43200.0,3120157.125645467,0,2482422.3738633455,637734.7517821213,0,0,0.0,0,9.593953420773953,5.880042609967666,8005.252074719057,6612.484856654038,1.210626904750262,2.0575235905138465,335.50684334798945,0.0,0.0,0.0,4.746143499868317,48.214285714285715,0.7653061224489796,4911.952087295887,28,10.827847719192505
ring,200,3000000.0,3,9,exclude,launch,0,0.0,prior,0.0,gzz_rev,12600.0,43200.0,2030890.4742978667,0,1654416.1414952294,376474.332802637,0,0,0.0,0,9.707421613060593,5.615154768058046,7907.783946703841,6947.154896995242,1.138276613081434,2.0507903903609703,331.2481333424882,0.0,0.0,0.0,3.13015097223839,33.49230769230769,0.902200488997555,3029.2163898985964,65,10.382407188415527
ring,200,3000000.0,2,9,exclude,launch,0,0.0,prior,0.0,gzz_rev,12600.0,43200.0,2986107.973009912,0,2323065.941394048,663042.0316158645,0,0,0.0,0,9.707421613060593,5.535332863217288,7907.783946703841,7013.364356158191,1.1275307463186752,2.0607240669078353,337.5406638352492,0.0,0.0,0.0,4.415459306414107,49.96666666666667,0.8261964735516373,4284.101947311282,30,10.760932445526123
ring,200,3000000.0,1,7,exclude,launch,0,0.0,prior,0.0,gzz_rev,12600.0,43200.0,6588842.35037113,0,5223592.717647407,1365249.6327237217,0,0,0.0,0,9.67245857027743,5.4617405552107305,7937.573119120503,7031.609840816047,1.1288415169234298,2.0830713960015266,351.91309465100863,0.0,0.0,0.0,9.621108225201796,93.71428571428571,0.37170263788968827,9898.3956040874,7,13.20416808128357
ring,200,3000000.0,1,8,exclude,launch,0,0.0,prior,0.0,gzz_rev,12600.0,43200.0,6190622.965001018,0,5010075.870588654,1180547.0944123638,0,0,0.0,0,9.593953420773953,5.52675319346868,8005.252074719057,6943.067154467679,1.152984969988068,2.0848199311014697,353.0502848744992,0.0,0.0,0.0,9.521469504874775,95.0,0.4223918575063613,9663.309332698971,7,13.110419750213623
ring,200,3000000.0,3,10,exclude,launch,0,0.0,prior,0.0,gzz_rev,12600.0,43200.0,1926477.920115209,0,1600143.7601325645,326334.1599826446,0,0,0.0,0,9.682464971833335,5.8133840161969275,7929.025501191047,6710.894374622143,1.181515467025584,2.0505981982451154,331.1269722467649,0.0,0.0,0.0,3.0130493053506093,33.06060606060606,0.8866995073891626,3039.3178994711106,66,10.279030799865723
ring,200,3000000.0,2,10,exclude,launch,0,0.0,prior,0.0,gzz_rev,12600.0,43200.0,2821549.6074756403,0,2214768.6769406893,606780.9305349506,0,0,0.0,0,9.682464971833335,5.895810077421873,7929.025501191047,6586.069928257164,1.203908489822133,2.060251145787343,337.2397476430124,0.0,0.0,0.0,4.170624327028713,49.38709677419355,0.81,4201.568852894564,31,10.708834648132324
ring,200,3000000.0,1,9,exclude,launch,0,0.0,prior,0.0,gzz_rev,12600.0,43200.0,6226248.504317535,0,4892275.111634351,1333973.3926831835,0,0,0.0,0,9.707421613060593,5.630484775895923,7907.783946703841,6809.897658159105,1.1612192052885453,2.086429013175181,354.09840020063905,0.0,0.0,0.0,9.421661959305915,100.0,0.40835266821345706,9083.914221388717,8,13.275383949279785
ring,200,3000000.0,1,10,exclude,launch,0,0.0,prior,0.0,gzz_rev,12600.0,43200.0,6582124.13829541,0,5297958.099647911,1284166.0386474996,0,0,0.0,0,9.682464971833335,5.8121325426629316,7929.025501191047,6623.221385108849,1.1971554384423975,2.078189783871336,348.7479630133554,0.0,0.0,0.0,9.907688557612655,93.57142857142857,0.3779342723004695,10208.797582808473,7,13.313382863998413
ring,200,3000000.0,2,11,exclude,launch,0,0.0,prior,0.0,gzz_rev,12600.0,43200.0,3016535.37654101,0,2362320.843731205,654214.5328098054,0,0,0.0,0,9.620332515526059,5.521460357661335,7982.387549587255,7030.14616790631,1.135451149796582,2.0609700173901597,337.6972133402625,0.0,0.0,0.0,4.51461569778256,50.03333333333333,0.7767220902612827,4338.270363626109,30,10.74819827079773
ring,200,3000000.0,3,11,exclude,launch,0,0.0,prior,0.0,gzz_rev,12600.0,43200.0,1967135.7399734394,0,1639500.5236999714,327635.21627346805,0,0,0.0,0,9.620332515526059,5.803735657754187,7982.387549587255,6724.4132849354755,1.187075691416824,2.0498777715159773,330.6730005370063,0.0,0.0,0.0,3.141087839561574,33.484375,0.8735362997658079,3068.5132481076635,64,10.140443563461304
ring,200,3000000.0,1,11,exclude,launch,0,0.0,prior,0.0,gzz_rev,12600.0,43200.0,6473831.0669735,0,5129748.3400266245,1344082.7269468757,0,0,0.0,0,9.620332515526059,5.665720107935537,7982.387549587255,6781.335557561971,1.1771114232337276,2.082186545932246,351.3383160590296,0.0,0.0,0.0,9.570169260975533,93.28571428571429,0.3552941176470588,9891.222792213872,7,13.167906761169434
ring,200,3000000.0,3,12,exclude,launch,0,0.0,prior,0.0,gzz_rev,12600.0,43200.0,2060775.9488957261,0,1655817.6795677764,404958.2693279496,0,0,0.0,0,9.586499762957338,5.591027800196955,8011.735459045254,6973.756375183501,1.148840743498792,2.0517836458082437,331.87465127690416,0.0,0.0,0.0,3.0598930221803196,33.582089552238806,0.9124087591240876,2979.6720581254426,67,10.180117130279541
ring,200,3000000.0,2,12,exclude,launch,0,0.0,prior,0.0,gzz_rev,12600.0,43200.0,3503464.181235516,0,2667745.752395661,835718.4288398548,0,0,0.0,0,9.586499762957338,5.826396709268727,8011.735459045254,6676.665120941578,1.1999606560940408,2.05650770646583,334.8625601465066,0.0,0.0,0.0,4.976365821877486,50.0,0.7672209026128266,4835.574676696243,28,10.578963279724121
ring,200,3000000.0,1,12,exclude,launch,0,0.0,prior,0.0,gzz_rev,12600.0,43200.0,6700141.699332892,0,5266525.942187019,1433615.757145874,0,0,0.0,0,9.586499762957338,5.605849353010647,8011.735459045254,6850.939293640394,1.1694360606117773,2.0830440068329317,351.8952962210196,0.0,0.0,0.0,9.483243346552218,93.71428571428571,0.41849148418491483,9756.5573587584,7,13.207015752792358
core,200,1500000.0,10,1,exclude,launch,0,0.0,prior,0.0,gzz_rev,12600.0,43200.0,477268.6473469445,0,452255.72545288934,25012.92189405515,0,1,0.15585788751186927,1,5.817375238242085,12.56251536388351,6542.619886436506,1577.0635183803065,4.148608987643048,2.0189901489505564,311.5022770974831,0.0,0.0,0.0,0.5900524992035723,10.651408450704226,0.9659367396593674,539.6650443512309,1136,12.51263952255249
core,200,1500000.0,11,1,exclude,launch,0,0.0,prior,0.0,gzz_rev,12600.0,43200.0,487992.4747778027,0,456869.3892742139,31123.085503588794,0,1,0.1524328488569672,1,5.817375238242085,13.274459571737358,6542.619886436506,1492.175873004553,4.3846171250997985,2.0194036112356635,311.7551167800936,0.0,0.0,0.0,0.5144765158607126,9.514265831593598,0.9708029197080292,475.8057599907345,1437,13.134610176086426
core,200,1500000.0,12,1,exclude,launch,0,0.0,prior,0.0,gzz_rev,12600.0,43200.0,538027.1587561275,0,501978.3643115324,36048.79444459503,0,1,0.13825711572463403,1,5.817375238242085,14.086250077193556,6542.619886436506,1404.9686275203442,4.656772940178529,2.021147321230118,312.8225554966339,0.0,0.0,0.04156936011209715,0.4598535311434433,7.185714285714286,0.9635036496350365,561.2743110686046,1610,12.89698314666748
core,200,1500000.0,13,1,exclude,launch,0,0.0,prior,0.0,gzz_rev,12600.0,43200.0,625714.9035545979,0,574509.2549332423,51205.648621355554,0,1,0.11888175066402487,1,5.817375238242085,15.512297875155081,6542.619886436506,1275.647813122586,5.128860661330338,2.0214037487175234,312.97968536826284,0.0,0.0,0.03311011904761905,0.39950631102225886,6.492330529440871,0.9537712895377128,497.90087068314256,2021,14.013227462768555
core,200,1500000.0,9,2,exclude,launch,0,0.0,prior,0.0,gzz_rev,12600.0,43200.0,541668.8523855079,0,509472.2719961048,32196.58038940308,0,1,0.25851438888485784,1,5.159223286643748,13.587373381077656,7419.771693842448,1457.9477401669205,5.089189063109325,2.0192148163140606,311.63965253823113,0.0,0.0,0.0,0.5910449016884107,11.98435972629521,0.9698492462311558,532.2093969388427,1023,11.995280504226685
core,200,1500000.0,16,1,exclude,launch,0,0.0,prior,0.0,gzz_rev,12600.0,43200.0,2513028.4331838265,0,2277661.0616859472,235367.37149787907,0,11,0.7358530532531489,35,5.817375238242085,17.680694117873625,6542.619886436506,1119.3147957231472,5.845200931351546,2.021196027586405,312.852398027476,0.0,0.0,0.0767029192902118,0.3330641172119254,5.172505712109673,0.8880778588807786,479.00818371753627,2626,14.481609106063843
core,200,1500000.0,10,2,exclude,launch,0,0.0,prior,0.0,gzz_rev,12600.0,43200.0,533074.9047916564,0,498310.65904660197,34764.24574505448,0,1,0.2626820191566339,1,5.159223286643748,15.248120701591485,7419.771693842448,1297.854603088309,5.7169514028664965,2.021238809442424,312.8786117734139,0.0,0.0,0.05385996409335727,0.48146604735632087,9.486077963404933,0.9673366834170855,547.1362508401312,1257,12.324592113494873
core,200,1500000.0,15,1,exclude,launch,0,0.0,prior,0.0,gzz_rev,12600.0,43200.0,784572.860181487,0,693714.4518876757,90858.40829381146,0,1,0.09481093079607014,19,5.817375238242085,16.513369563557312,6542.619886436506,1197.4865688785667,5.4636269470342365,2.022803236945985,313.8379384521557,0.0,0.0,0.05421870240633567,0.3544258255864339,5.4276449128496145,0.9318734793187348,485.3783866256517,2467,14.670517444610596
core,200,1500000.0,18,1,exclude,launch,0,0.0,prior,0.0,gzz_rev,12600.0,43200.0,6703970.836374365,0,6189948.325331109,514022.5110432562,0,38,0.9391309538997987,62,5.817375238242085,17.783489431119392,6542.619886436506,1112.1402968596649,5.8829087525295245,2.0224762625706685,313.6373122561448,0.0,0.0,0.14153327716933445,0.31027836261238373,4.249719626168225,0.7372262773722628,572.0963795405437,2675,13.275985956192017
core,200,1500000.0,1,2,exclude,launch,0,0.0,prior,0.0,gzz_rev,12600.0,43200.0,5051881.823288689,0,3946490.0593742165,1105391.7639144731,0,0,0.0,0,5.159223286643748,34.952855064243145,7419.771693842448,549.6105286491169,13.50005377822627,2.0821992776324487,351.34658295245833,0.0,0.0,0.0,5.120282309504415,69.78571428571429,0.5036144578313253,7074.127534270852,14,13.102606534957886
core,200,1500000.0,14,1,exclude,launch,0,0.0,prior,0.0,gzz_rev,12600.0,43200.0,724968.3393379329,0,637964.3870556677,87003.95228226524,0,1,0.10260597479204939,1,5.817375238242085,16.16252781416701,6542.619886436506,1224.6695238065777,5.34235543487717,2.0208393764392074,312.6339097466371,0.0,0.0,0.028756058158319872,0.37555942890694205,6.120756338633433,0.9610705596107056,457.8363859044205,2327,15.327072858810425
core,200,1500000.0,11,2,exclude,launch,0,0.0,prior,0.0,gzz_rev,12600.0,43200.0,556900.2124128827,0,517525.39400830894,39374.81840457375,0,1,0.2514439557235897,1,5.159223286643748,14.465678418314061,7419.771693842448,1368.9187112767745,5.420169680434943,2.019963515749832,312.0976720382273,0.0,0.0,0.049035812672176306,0.49328282172034876,9.470674486803519,0.964824120603015,504.37870289312855,1364,12.831399917602539
core,200,1500000.0,17,1,exclude,launch,0,0.0,prior,0.0,gzz_rev,12600.0,43200.0,4077934.9579838663,0,3773137.979566164,304796.97841770254,0,22,0.8849865540203558,51,5.817375238242085,20.17426491033725,6542.619886436506,983.0774370929428,6.655243666036808,2.0168543838439525,310.1978513827992,0.0,0.0,0.01792186870720902,0.28795328072638626,4.834628785848298,0.8321167883211679,361.1384365302923,3731,14.82147765159607
core,200,1500000.0,12,2,exclude,launch,0,0.0,prior,0.0,gzz_rev,12600.0,43200.0,578657.5442775856,0,535568.6447975518,43088.89948003385,0,1,0.24198974633125883,1,5.159223286643748,13.534983132242022,7419.771693842448,1461.2982967521384,5.077520250542638,2.0223829459475375,313.58006644930975,0.0,0.0,0.04180366369187412,0.46205398995621205,7.305867665418227,0.964735516372796,555.4049941335805,1602,13.34156322479248
core,200,1500000.0,13,2,exclude,launch,0,0.0,prior,0.0,gzz_rev,12600.0,43200.0,680680.3289863606,0,621127.5203437145,59552.80864264603,0,1,0.20571946387951157,1,5.159223286643748,17.5965424009288,7419.771693842448,1126.9485314751187,6.583949032819043,2.017105293146687,310.3509532041023,0.0,0.0,0.033534287867370005,0.40414402798032606,8.324649298597194,0.9596977329974811,390.86406388694945,1996,14.687741994857788
core,200,1500000.0,14,2,exclude,launch,0,0.0,prior,0.0,gzz_rev,12600.0,43200.0,728765.6598516287,0,660449.0744951594,68316.58535646928,0,1,0.19214570618065446,1,5.159223286643748,15.894124116530428,7419.771693842448,1245.790561576085,5.955874063177589,2.020125519794011,312.19682284050043,0.0,0.0,0.03009027081243731,0.38879017788058606,6.989768683274021,0.9622166246851386,415.2628501953572,2248,14.90611720085144
core,200,1500000.0,9,3,exclude,launch,0,0.0,prior,0.0,gzz_rev,12600.0,43200.0,481698.6743050272,0,460084.90151744836,21613.7727875788,0,1,0.16576550799764134,1,4.838213115042605,13.270882554091829,7934.181769636198,1489.6846986262985,5.3260812687091725,2.0233258433848738,314.1587345218089,0.0,0.0,0.0696945967110415,0.5598147273138249,10.288842544316998,0.9692671394799054,659.3083804754415,959,11.8325674533844
core,200,1500000.0,15,2,exclude,launch,0,0.0,prior,0.0,gzz_rev,12600.0,43200.0,633868.5524230491,0,577620.3745170834,56248.17790596573,0,1,0.22091203581108498,20,5.159223286643748,15.782771582742647,7419.771693842448,1256.5363641197491,5.904939885317427,2.01698030974561,310.27468512308286,0.0,0.0,0.0,0.3955516303684879,7.042745098039216,0.964735516372796,363.0067624472056,2550,15.623079299926758
core,200,1500000.0,18,2,exclude,launch,0,0.0,prior,0.0,gzz_rev,12600.0,43200.0,6780757.775809883,0,6376786.268344866,403971.50746501674,0,41,0.9370104817735884,57,5.159223286643748,24.674588731205194,7419.771693842448,802.6398651312837,9.244210281816533,2.019711518837662,311.94347449506364,0.0,0.0,0.08508566978193147,0.2273164566058901,3.622077922077922,0.7531486146095718,466.70415894309554,3850,13.592741966247559
core,200,1500000.0,10,3,exclude,launch,0,0.0,prior,0.0,gzz_rev,12600.0,43200.0,478491.0200215161,0,454581.1884186161,23909.83160289998,0,1,0.16687674816629397,1,4.838213115042605,14.445142430092734,7934.181769636198,1370.7844537470246,5.788059346564806,2.0200819706755153,312.170168069173,0.0,0.0,0.05913621262458472,0.535028601709112,11.710619469026549,0.9692671394799054,491.42867710332376,1130,12.443490266799927
core,200,1500000.0,16,2,exclude,launch,0,0.0,prior,0.0,gzz_rev,12600.0,43200.0,2138094.123771967,0,1975360.8107129144,162733.31305905263,0,10,0.7438177258663701,37,5.159223286643748,17.692871169220123,7419.771693842448,1120.3073658849828,6.622978585864448,2.018015439878294,310.9066307491787,0.0,0.0,0.022435089488278295,0.33811566901526097,6.162642521797451,0.9093198992443325,354.3756031249384,2982,14.968435525894165
core,200,1500000.0,17,2,exclude,launch,0,0.0,prior,0.0,gzz_rev,12600.0,43200.0,3990658.8117640414,0,3740299.6065020575,250359.2052619838,0,25,0.9015772203208718,49,5.159223286643748,18.528726590226842,7419.771693842448,1070.3454441660924,6.932128066021902,2.016928271391864,310.24293274681344,0.0,0.0,0.040787623066104076,0.3151863330117182,5.540237055520898,0.8136020151133502,366.224936245118,3206,15.070794582366943
core,200,1500000.0,11,3,exclude,launch,0,0.0,prior,0.0,gzz_rev,12600.0,43200.0,475950.93815302727,0,451606.101734982,24344.836418045237,0,1,0.16776734542813576,1,4.838213115042605,15.978375749407887,7934.181769636198,1239.5989521673655,6.400603804773914,2.0195107114639717,311.820627236932,0.0,0.0,0.04568527918781726,0.45427762245853465,9.67364864864865,0.9739952718676123,455.35487492254015,1480,13.14960789680481
core,200,1500000.0,2,4,exclude,launch,0,0.0,prior,0.0,gzz_rev,12600.0,43200.0,1409597.3288816668,0,1208017.837510311,201579.491371356,0,0,0.0,0,6.029864771348001,13.201695946034228,6300.314603527087,1480.830286708607,4.254582486647129,2.046091150267029,328.2920084000988,0.0,0.0,0.0,2.250793994077227,49.258620689655174,0.9249394673123487,2222.8936962163016,58,10.6674165725708
core,200,1500000.0,12,3,exclude,launch,0,0.0,prior,0.0,gzz_rev,12600.0,43200.0,491625.11935334303,0,462091.3623724039,29533.75698093915,0,1,0.16241852237532758,1,4.838213115042605,15.807177077465465,7934.181769636198,1252.8229300656928,6.333043225206743,2.0198353994443474,312.01927258794336,0.0,0.0,0.03857824013870828,0.42650467478157206,8.921082949308756,0.9763593380614657,421.64735090556474,1736,13.429024934768677
core,200,1500000.0,13,3,exclude,launch,0,0.0,prior,0.0,gzz_rev,12600.0,43200.0,545238.826468487,0,504960.1738983636,40278.65257012346,0,1,0.14644779786712084,1,4.838213115042605,15.887011625358591,7934.181769636198,1246.9478448914451,6.3628818175045,2.0191542109208283,311.60259169129677,0.0,0.0,0.034257120862201694,0.4129467110712873,8.34715821812596,0.9739952718676123,398.63551046900176,1953,14.4749116897583
core,200,1500000.0,11,4,exclude,launch,0,0.0,prior,0.0,gzz_rev,12600.0,43200.0,434908.25295378733,0,404746.77324722253,30161.479706564776,0,1,0.17392218043131827,1,6.029864771348001,14.962889382384347,6300.314603527087,1325.8846956072407,4.751781677849152,2.0162239457800437,309.8133323930282,0.0,0.0,0.0,0.5085368022632637,11.289546079779917,0.973170731707317,397.97573339700614,1454,12.958115339279175
core,200,1500000.0,18,3,exclude,launch,0,0.0,prior,0.0,gzz_rev,12600.0,43200.0,6534560.669592332,0,6127697.297984364,406863.3716079675,0,38,0.9437974392251256,54,4.838213115042605,22.551417090206293,7934.181769636198,879.7792995648256,9.018377419837867,2.0161016023202314,309.73873987132254,0.0,0.0,0.09654541294898193,0.27141067958843856,6.282145033516149,0.7966903073286052,315.62311175937526,3282,13.955262422561646
core,200,1500000.0,14,3,exclude,launch,0,0.0,prior,0.0,gzz_rev,12600.0,43200.0,704989.8053736759,0,633498.1654543434,71491.6399193324,0,1,0.11326266683479316,1,4.838213115042605,17.75739441544434,7934.181769636198,1115.6864290195363,7.111480038892958,2.0190106036703472,311.51478311778175,0.0,0.0,0.027520098948670378,0.3591362546842776,7.083881578947368,0.966903073286052,377.6933923021536,2432,13.523038625717163
core,200,1500000.0,12,4,exclude,launch,0,0.0,prior,0.0,gzz_rev,12600.0,43200.0,465011.46515282115,0,429924.46988086205,35086.995271959044,0,1,0.1626663816662037,1,6.029864771348001,14.522857192261446,6300.314603527087,1365.5718726890145,4.613682171939312,2.016941777161499,310.2511734409164,0.0,0.0,0.0,0.4759135932142131,9.82939787485242,0.9633251833740831,391.74340194659834,1694,12.580036878585815
core,200,1500000.0,15,3,exclude,launch,0,0.0,prior,0.0,gzz_rev,12600.0,43200.0,785936.6632242777,0,716746.1601178232,69190.50310645443,0,1,0.10159727772513624,18,4.838213115042605,17.992783485007394,7934.181769636198,1101.3113816834875,7.204303797812243,2.018605767909696,311.26731312567034,0.0,0.0,0.05545229244114003,0.36039928479057154,7.435463917525773,0.9621749408983451,361.2826413048433,2425,13.7306067943573
core,200,1500000.0,16,3,exclude,launch,0,0.0,prior,0.0,gzz_rev,12600.0,43200.0,2636482.6826161,0,2475204.628870701,161278.05374539905,0,13,0.8130545589638262,33,4.838213115042605,19.050006384045854,7934.181769636198,1040.9877407585375,7.62178213919675,2.017062014211127,310.3245422253585,0.0,0.0,0.028410482488366397,0.3217148017010102,6.788204626914304,0.9267139479905437,312.75799497319224,3069,13.710153341293335
core,200,1500000.0,17,3,exclude,launch,0,0.0,prior,0.0,gzz_rev,12600.0,43200.0,3785164.1158530703,0,3582467.492788569,202696.62306450118,0,20,0.878995004134984,47,4.838213115042605,19.544429909201863,7934.181769636198,1014.7682353803812,7.818713173123818,2.016833841429124,310.1853183226526,0.0,0.0,0.026298771286915282,0.30141978167707956,6.211521926053311,0.8912529550827423,300.6475820788484,3489,13.765379667282104
core,200,1500000.0,13,4,exclude,launch,0,0.0,prior,0.0,gzz_rev,12600.0,43200.0,468849.2935723224,0,437608.0604287896,31241.23314353283,0,1,0.16133570066017142,1,6.029864771348001,15.034483835720168,6300.314603527087,1318.6011700599765,4.778028979938275,2.017706588253372,310.7180099322955,0.0,0.0,0.0,0.42521008041172687,7.816058394160584,0.973170731707317,406.4136122046527,2055,13.095123291015625
core,200,1500000.0,14,4,exclude,launch,0,0.0,prior,0.0,gzz_rev,12600.0,43200.0,606595.4244848622,0,555552.609326688,51042.815158174206,0,1,0.12469785738176578,1,6.029864771348001,18.528176250337427,6300.314603527087,1070.7645786695543,5.8839400639824575,2.0161986606008133,309.79791534206595,0.0,0.0,0.02864417568427753,0.3698353263397789,7.640287769784172,0.9511002444987775,361.1686487613011,2363,13.738686323165894
core,200,1500000.0,1,5,exclude,launch,0,0.0,prior,0.0,gzz_rev,12600.0,43200.0,4646681.042018456,0,3597132.5897546834,1049548.4522637727,0,0,0.0,0,5.1150318495492835,19.25318206472379,7486.75482575108,996.9572635665106,7.509604573187015,2.0839194675724566,352.4644236547673,0.0,0.0,0.0,4.507713045632249,66.66666666666667,0.5140664961636828,6519.180822558636,15,11.566530704498291
core,200,1500000.0,9,5,exclude,launch,0,0.0,prior,0.0,gzz_rev,12600.0,43200.0,706205.9471592029,0,644909.3257021359,61296.62145706693,0,1,0.43189075633844154,1,5.1150318495492835,14.341013155485808,7486.75482575108,1379.423096203276,5.427453582847513,2.0220070424384105,313.34951843811206,0.0,0.0,0.06747536012130402,0.5427686126235616,10.56969696969697,0.9631578947368421,621.6267106837995,990,10.465402126312256
core,200,1500000.0,15,4,exclude,launch,0,0.0,prior,0.0,gzz_rev,12600.0,43200.0,588470.32823162,0,526116.9335734878,62353.39465813213,0,1,0.12853616537298446,12,6.029864771348001,16.486449796801683,6300.314603527087,1202.8775900094884,5.2377022033284275,2.017025612404624,310.30232888610027,0.0,0.0,0.0,0.3726513368970806,7.121536756557075,0.960880195599022,338.51508676573354,2707,14.405195474624634
core,200,1500000.0,10,5,exclude,launch,0,0.0,prior,0.0,gzz_rev,12600.0,43200.0,686416.2105897346,0,624697.0998551957,61719.110734538895,0,1,0.4443425930136051,1,5.1150318495492835,16.29471423430943,7486.75482575108,1216.1556391843224,6.1560828108912595,2.018478300394622,311.1894145124152,0.0,0.0,0.056293485135989876,0.5095928281494407,12.271272114574558,0.9578947368421052,448.0961966284798,1187,11.054598808288574
core,200,1500000.0,16,4,exclude,launch,0,0.0,prior,0.0,gzz_rev,12600.0,43200.0,1591449.3834449772,0,1457640.114475786,133809.26896919135,0,7,0.7372633250624531,21,6.029864771348001,14.854227978886126,6300.314603527087,1333.0932475562472,4.7260869523392115,2.01999073566828,312.11433025473576,0.0,0.0,0.0,0.3689602812337096,5.560891938250429,0.9242053789731052,401.68005454351027,2915,13.939599990844727
core,200,1500000.0,11,5,exclude,launch,0,0.0,prior,0.0,gzz_rev,12600.0,43200.0,670404.9180367283,0,608315.6282109481,62089.28982578021,0,1,0.454953338626858,1,5.1150318495492835,17.32758762296005,7486.75482575108,1145.3913823361816,6.536416233969584,2.0154311953003723,309.3301537167428,0.0,0.0,0.0,0.4730471810997134,11.47085201793722,0.9578947368421052,364.4932926146672,1561,11.942321062088013
core,200,1500000.0,17,4,exclude,launch,0,0.0,prior,0.0,gzz_rev,12600.0,43200.0,2471936.1899294,0,2237903.593740865,234032.5961885352,0,13,0.806828528281632,37,6.029864771348001,19.20121924088401,6300.314603527087,1032.8069795851334,6.100185928311455,2.0170284349432035,310.30405124490653,0.0,0.0,0.018943380340980847,0.3010937640050304,5.28735310576385,0.882640586797066,344.9395563357584,3574,14.06568169593811
core,200,1500000.0,18,4,exclude,launch,0,0.0,prior,0.0,gzz_rev,12600.0,43200.0,4399003.157566187,0,4078587.24073548,320415.9168307069,0,26,0.9030361597506259,50,6.029864771348001,22.237807763236997,6300.314603527087,892.155515613959,7.0619017573313645,2.0161714235696264,309.7813086238564,0.0,0.0,0.03354603463992707,0.25965969549340945,5.148848484848485,0.80440097799511,306.64483156763794,4125,14.599830389022827
core,200,1500000.0,12,5,exclude,launch,0,0.0,prior,0.0,gzz_rev,12600.0,43200.0,688373.749235969,0,625664.1450316402,62709.60420432878,0,1,0.44307889825873403,1,5.1150318495492835,15.717739727135623,7486.75482575108,1260.6748370750959,5.938688237104164,2.0186769026963454,311.3107896261058,0.0,0.0,0.040632054176072234,0.44393258102344546,8.931531531531531,0.9657894736842105,438.67792116479933,1665,11.743627548217773
core,200,1500000.0,13,5,exclude,launch,0,0.0,prior,0.0,gzz_rev,12600.0,43200.0,695179.7384368961,0,634083.7409278576,61095.99750903861,0,1,0.4387417720955165,1,5.1150318495492835,17.66269874346804,7486.75482575108,1122.1527623190611,6.671778635806071,2.01813840386544,310.98174282770003,0.0,0.0,0.031650071123755334,0.38169334341114364,8.03498817966903,0.9552631578947368,383.47400943966915,2115,12.886148691177368
core,200,1500000.0,14,5,exclude,launch,0,0.0,prior,0.0,gzz_rev,12600.0,43200.0,830225.3948281623,0,749896.0848545604,80329.30997360176,0,1,0.367374697486251,1,5.1150318495492835,18.853108790688083,7486.75482575108,1051.577425103442,7.119546927335969,2.017603225243354,310.6548972077029,0.0,0.0,0.027239709443099273,0.35197584328362597,7.60652436568667,0.9526315789473684,345.323865095274,2483,13.584937810897827
core,200,1500000.0,9,6,exclude,launch,0,0.0,prior,0.0,gzz_rev,12600.0,43200.0,645126.3503217396,0,593848.4382168939,51277.91210484565,0,1,0.3173535770127708,1,4.910322515263031,15.726811519785356,7812.771097824855,1258.6809087051715,6.207110192735026,2.0207084817216656,312.5537413975643,0.0,0.0,0.06696764484574869,0.5376054028884271,11.374374374374375,0.9570405727923628,572.2770006231176,999,11.87441086769104
core,200,1500000.0,10,6,exclude,launch,0,0.0,prior,0.0,gzz_rev,12600.0,43200.0,640583.7994246997,0,587018.289048273,53565.510376426755,0,1,0.31960481927398393,1,4.910322515263031,15.66338834709255,7812.771097824855,1264.2160571794002,6.179933448445493,2.0200074610174026,312.12456615935025,0.0,0.0,0.05534825870646766,0.5006399006804162,10.982630272952854,0.9549763033175356,491.31847526797816,1209,12.575604438781738
core,200,1500000.0,1,6,exclude,launch,0,0.0,prior,0.0,gzz_rev,12600.0,43200.0,5328846.78307776,0,4090803.0380562297,1238043.7450215304,0,0,0.0,0,4.910322515263031,16.995759798273344,7812.771097824855,1128.8548502741821,6.9209704825445435,2.084881153186977,353.0901349620917,0.0,0.0,0.0,5.119899211841124,69.42857142857143,0.489749430523918,7109.985072894097,14,13.24992823600769
core,200,1500000.0,15,5,exclude,launch,0,0.0,prior,0.0,gzz_rev,12600.0,43200.0,677151.0868416277,0,613399.4758175502,63751.611024077465,0,1,0.45042268918092193,13,5.1150318495492835,15.199223196846912,7486.75482575108,1304.9031770059282,5.737402558042103,2.016788286438829,310.1575258317631,0.0,0.0,0.0,0.4088475245007769,7.806726094003242,0.9526315789473684,338.48576994770815,2468,13.280853748321533
core,200,1500000.0,11,6,exclude,launch,0,0.0,prior,0.0,gzz_rev,12600.0,43200.0,636178.2997331287,0,577313.5970035604,58864.70272956832,0,1,0.3218143300332937,1,4.910322515263031,18.145006734350307,7812.771097824855,1093.5109413009743,7.144666598881789,2.0159498531321054,309.6462312237438,0.0,0.0,0.0,0.44824390418142196,11.114545454545455,0.9619952494061758,355.4340617471164,1650,13.322904109954834
core,200,1500000.0,17,5,exclude,launch,0,0.0,prior,0.0,gzz_rev,12600.0,43200.0,2865155.0978231626,0,2686906.749040239,178248.3487829237,0,16,0.8429247852780162,38,5.1150318495492835,20.223473242417164,7486.75482575108,979.237222945481,7.645496566430976,2.019837044195021,312.02027901373117,0.0,0.0,0.0369447903694479,0.2783868829742624,5.173156586578293,0.8947368421052632,347.80724637575946,3621,13.39898419380188
core,200,1500000.0,16,5,exclude,launch,0,0.0,prior,0.0,gzz_rev,12600.0,43200.0,1594818.7828929373,0,1474191.0335259768,120627.74936696062,0,7,0.6458332462573159,23,5.1150318495492835,22.13970029468023,7486.75482575108,895.3320480621962,8.36198686504629,2.01792083119513,310.84884557429535,0.0,0.0,0.018144750254842,0.2733363127430007,5.400759219088937,0.9236842105263158,326.8946977594333,3688,14.715669393539429
core,200,1500000.0,18,5,exclude,launch,0,0.0,prior,0.0,gzz_rev,12600.0,43200.0,4237836.129879149,0,3996061.695470091,241774.43440905763,0,25,0.8925797252976198,51,5.1150318495492835,24.073809565038154,7486.75482575108,823.9311801538048,9.086626415028393,2.0166207537476426,310.0553270851276,0.0,0.0,0.04966765140324963,0.24741504693452773,5.241531664212077,0.8473684210526315,304.4052632398546,4074,14.972695589065552
core,200,1500000.0,12,6,exclude,launch,0,0.0,prior,0.0,gzz_rev,12600.0,43200.0,679940.8889601348,0,621422.2090241037,58518.67993603123,0,1,0.30110391971036365,1,4.910322515263031,17.8078248986504,7812.771097824855,1113.7219844992442,7.015010214903554,2.016844067956142,310.19155756127844,0.0,0.0,0.0,0.40721950127339845,9.043939393939393,0.9501187648456056,364.303204584221,1980,14.218721151351929
core,200,1500000.0,13,6,exclude,launch,0,0.0,prior,0.0,gzz_rev,12600.0,43200.0,722488.5225263634,0,653978.2045033916,68510.31802297167,0,1,0.2833717349822312,1,4.910322515263031,16.137204180635386,7812.771097824855,1228.2139695962987,6.3610830777253184,2.0181696209681137,311.00081311870576,0.0,0.0,0.035233570863024546,0.42475429816967897,8.447368421052632,0.95260663507109,406.79947494417826,1900,13.958321332931519
core,200,1500000.0,9,7,exclude,launch,0,0.0,prior,0.0,gzz_rev,12600.0,43200.0,383923.0652929013,0,367286.7222263782,16636.343066523074,0,1,0.07990433949009586,1,5.136971107610754,14.56886229017519,7453.356364169037,1357.9175153938806,5.488813775266092,2.021906008736547,313.28756720755786,0.0,0.0,0.06778370144706779,0.5449570766618435,11.360040567951318,0.9702970297029703,579.983544724962,986,12.096198797225952
core,200,1500000.0,10,7,exclude,launch,0,0.0,prior,0.0,gzz_rev,12600.0,43200.0,380674.3516462696,0,362492.29236706253,18182.05927920715,0,1,0.08058625125274528,1,5.136971107610754,15.073271929822917,7453.356364169037,1313.64961162679,5.673778074610772,2.0201002177048606,312.1813362484513,0.0,0.0,0.05712451861360719,0.5162408120088053,11.57130657557643,0.9653465346534653,478.5366193206311,1171,12.397577047348022
core,200,1500000.0,14,6,exclude,launch,0,0.0,prior,0.0,gzz_rev,12600.0,43200.0,934851.3716939153,0,834674.3445194141,100177.02717450133,0,1,0.21900169844192557,1,4.910322515263031,17.50370061006043,7812.771097824855,1131.6344740766626,6.90397056363942,2.0194074104887765,311.75744056782975,0.0,0.0,0.028022670025188916,0.3662966339273065,7.472338642078793,0.9427207637231504,365.55945608477316,2386,15.063629627227783
core,200,1500000.0,15,6,exclude,launch,0,0.0,prior,0.0,gzz_rev,12600.0,43200.0,959385.8152646129,0,830738.9152008403,128646.90006377271,0,1,0.21339976482853074,18,4.910322515263031,16.282248158617744,7812.771097824855,1216.3191005966696,6.423290643049405,2.019752223831823,311.9683794029844,0.0,0.0,0.0265750970438937,0.3740664846968004,6.221780604133546,0.9453681710213777,415.8539358661811,2516,15.013802289962769
core,200,1500000.0,17,6,exclude,launch,0,0.0,prior,0.0,gzz_rev,12600.0,43200.0,4679939.901219163,0,4330517.249455562,349422.651763601,0,26,0.8947259644357252,42,4.910322515263031,23.907884794000942,7812.771097824855,828.4877215239428,9.43015918625062,2.019448398834061,311.78251136559925,0.0,0.0,0.045616669795382016,0.2391057933033507,4.655327663831916,0.8448687350835322,349.43530930054465,3998,14.757175207138062
core,200,1500000.0,18,6,exclude,launch,0,0.0,prior,0.0,gzz_rev,12600.0,43200.0,5870295.2977728825,0,5469696.7613816,400598.53639128193,0,33,0.9456858150887769,54,4.910322515263031,21.03570809084547,7812.771097824855,942.3786891095999,8.290479388075614,2.017796662364767,310.77301377625776,0.0,0.0,0.0326605504587156,0.262526447998927,4.613863802782523,0.801909307875895,344.77505708009056,4097,14.515254497528076
core,200,1500000.0,16,6,exclude,launch,0,0.0,prior,0.0,gzz_rev,12600.0,43200.0,1852035.7353164135,0,1684937.825742456,167097.90957395738,0,8,0.67163141027074,32,4.910322515263031,18.410376043148673,7812.771097824855,1075.6808663406687,7.263093862032632,2.0198256744743643,312.0133218951275,0.0,0.0,0.020946104965874325,0.31550569427374414,5.505797555625196,0.9212410501193318,370.74386119331217,3191,15.466735124588013
core,200,1500000.0,11,7,exclude,launch,0,0.0,prior,0.0,gzz_rev,12600.0,43200.0,387937.11491857615,0,372451.42459059984,15485.690327976294,0,1,0.07907755604585877,1,5.136971107610754,14.663083556033873,7453.356364169037,1349.0555401169356,5.524869912711662,2.02211035044062,313.41287054335413,0.0,0.0,0.04529262086513995,0.45510534852787526,8.31728813559322,0.9628712871287128,529.5569656809564,1475,12.992960214614868
core,200,1500000.0,12,7,exclude,launch,0,0.0,prior,0.0,gzz_rev,12600.0,43200.0,386823.0607489998,0,368836.0764247752,17986.98432422459,0,1,0.07930530017482032,1,5.136971107610754,16.469259601292897,7453.356364169037,1203.6117057664878,6.192492419656692,2.017899409308984,310.8357622414734,0.0,0.0,0.0405040504050405,0.44278193592609716,9.230400957510472,0.9702970297029703,423.0775792020139,1671,13.626687049865723
core,200,1500000.0,13,7,exclude,launch,0,0.0,prior,0.0,gzz_rev,12600.0,43200.0,453151.08870730625,0,427903.4343409727,25247.65436633358,0,1,0.06769733034241136,1,5.136971107610754,17.668303506755016,7453.356364169037,1121.9412710511635,6.643267839845018,2.0178785152655694,310.8230015517721,0.0,0.0,0.03246990149580445,0.3912332248148155,8.1623848763936,0.9603960396039604,386.4238825366363,2063,14.712485313415527
core,200,1500000.0,10,8,exclude,launch,0,0.0,prior,0.0,gzz_rev,12600.0,43200.0,471240.8317507796,0,450673.9804121287,20566.851338650937,0,1,0.2721191920860411,1,5.966948405413719,14.8357209554886,6370.260745628138,1336.1563425791855,4.767601322261143,2.0178740609209607,310.82028116871845,0.0,0.0,0.0,0.5242830244773193,11.078721745908028,0.9792746113989638,459.37133050668893,1283,12.687442541122437
core,200,1500000.0,14,7,exclude,launch,0,0.0,prior,0.0,gzz_rev,12600.0,43200.0,511206.4400296836,0,474148.1049643924,37058.33506529121,0,1,0.06000925760141227,1,5.136971107610754,17.847484072554437,7453.356364169037,1110.3412539726335,6.712671746187987,2.0184895820255893,311.1963086083978,0.0,0.0,0.02782119412316349,0.36328846428340555,7.2608153078203,0.9529702970297029,372.8172438037687,2404,15.29108190536499
core,200,1500000.0,11,8,exclude,launch,0,0.0,prior,0.0,gzz_rev,12600.0,43200.0,466398.732076908,0,445441.01143127837,20957.720645629623,0,1,0.27494430322085717,1,5.966948405413719,13.771214741152638,6370.260745628138,1438.1806242282532,4.429388519294302,2.019641598952067,311.90069709405844,0.0,0.0,0.0,0.4893328258442672,9.222883597883598,0.9870466321243523,467.81026132426376,1512,13.413310050964355
core,200,1500000.0,15,7,exclude,launch,0,0.0,prior,0.0,gzz_rev,12600.0,43200.0,582032.0292177723,0,532044.3585829588,49987.67063481353,0,1,0.05270692574852092,14,5.136971107610754,18.757479757725836,7453.356364169037,1056.3450236984688,7.05579729819088,2.0187368659272726,311.34744059979664,0.0,0.0,0.023563674874238813,0.331673274529141,6.375219992960226,0.9603960396039604,360.2994585605163,2841,15.776851415634155
core,200,1500000.0,18,7,exclude,launch,0,0.0,prior,0.0,gzz_rev,12600.0,43200.0,3968614.1734703397,0,3725743.258953184,242870.91451715605,0,26,0.9078274582729763,53,5.136971107610754,21.356279877735055,7453.356364169037,928.3131871943602,8.028924361933612,2.0176222924235923,310.6665390112342,0.0,0.0,0.03932048100782592,0.26767518958212405,4.635786802030457,0.801980198019802,356.7467047517539,3940,15.088783025741577
core,200,1500000.0,12,8,exclude,launch,0,0.0,prior,0.0,gzz_rev,12600.0,43200.0,439994.3745533566,0,423284.82959863223,16709.54495472439,0,1,0.29144389526376907,1,5.966948405413719,13.664686690934662,6370.260745628138,1450.095861685469,4.392992845468771,2.0186619624216555,311.30165810542144,0.0,0.0,0.0,0.4819791981329307,8.69976076555024,0.9818652849740933,448.3800465072594,1672,14.035298347473145
core,200,1500000.0,17,7,exclude,launch,0,0.0,prior,0.0,gzz_rev,12600.0,43200.0,2610621.819519466,0,2443777.84761692,166843.97190254612,0,16,0.8470665145572029,36,5.136971107610754,18.372016515493122,7453.356364169037,1077.9592209733821,6.914321264805138,2.0197649542102294,311.97616855061744,0.0,0.0,0.02369157872065475,0.30339758259611355,4.898596390718992,0.8709677419354839,380.68625370513945,3491,15.909831047058105
core,200,1500000.0,16,7,exclude,launch,0,0.0,prior,0.0,gzz_rev,12600.0,43200.0,1981655.7759478372,0,1839532.5474431138,142123.22850472343,0,10,0.736969971330562,26,5.136971107610754,20.52443348560568,7453.356364169037,965.6855728005543,7.718202046400873,2.0181482682355876,310.98776883333784,0.0,0.0,0.028402635764598956,0.29623382868317166,5.669386521607737,0.8960396039603961,346.5427097746196,3309,16.14974570274353
core,200,1500000.0,13,8,exclude,launch,0,0.0,prior,0.0,gzz_rev,12600.0,43200.0,508652.0747101946,0,477835.14271579054,30816.931994404087,0,1,0.2521048881733872,1,5.966948405413719,14.458273204841534,6370.260745628138,1370.6706020622576,4.647550429726655,2.018415005420466,311.1507369796701,0.0,0.0,0.0,0.44043368239196745,7.682803832576903,0.9844559585492227,427.7581173950905,1983,14.754882574081421
core,200,1500000.0,14,8,exclude,launch,0,0.0,prior,0.0,gzz_rev,12600.0,43200.0,564909.9507297875,0,526119.5816916617,38790.3690381258,0,1,0.22699843443776316,1,5.966948405413719,16.723454388287973,6370.260745628138,1185.918533529267,5.371583768634077,2.0168757536986996,310.2108895380895,0.0,0.0,0.0,0.3870844730478573,7.770653514180025,0.9637305699481865,344.5592471022902,2433,15.610621213912964
core,200,1500000.0,15,8,exclude,launch,0,0.0,prior,0.0,gzz_rev,12600.0,43200.0,789040.0604041886,0,724072.7530124561,64967.30739173248,0,2,0.3810150066210381,13,5.966948405413719,15.702205024814312,6370.260745628138,1262.6929745742084,5.044979954668907,2.01744444160804,310.5579575277289,0.0,0.0,0.0,0.3904994291673602,6.762291908633372,0.9715025906735751,373.36970244298556,2583,15.20769715309143
core,200,1500000.0,9,9,exclude,launch,0,0.0,prior,0.0,gzz_rev,12600.0,43200.0,550461.0875353578,0,510502.71302617085,39958.3745091869,0,1,0.32879778119732445,1,5.152246859207978,13.509324260727434,7430.26982720097,1466.1088599235873,5.068020547661264,2.0195757487185735,311.8604122125119,0.0,0.0,0.0,0.5755145431578551,10.56,0.9798488664987406,588.2111310166873,1050,11.898491859436035
core,200,1500000.0,10,9,exclude,launch,0,0.0,prior,0.0,gzz_rev,12600.0,43200.0,514653.3249615436,0,475391.9217196082,39261.40324193541,0,1,0.3516770400306071,1,5.152246859207978,16.183526965953195,7430.26982720097,1224.7159007388386,6.066933419186022,2.0181407844430317,310.9831970838816,0.0,0.0,0.05771725032425422,0.5213504522300165,13.03972366148532,0.9772727272727273,428.11960389996085,1158,12.571340084075928
core,200,1500000.0,1,9,exclude,launch,0,0.0,prior,0.0,gzz_rev,12600.0,43200.0,5128877.491588254,0,3991307.6821276583,1137569.8094605964,0,0,0.0,0,5.152246859207978,23.391916572471764,7430.26982720097,820.8403872600844,9.052027583587549,2.0832215925709328,352.0107055835722,0.0,0.0,0.0,5.177387239399372,69.23076923076923,0.5251256281407035,7210.360822370887,13,13.24636960029602
core,200,1500000.0,11,9,exclude,launch,0,0.0,prior,0.0,gzz_rev,12600.0,43200.0,521776.05287476035,0,484737.2023339243,37038.850540836036,0,1,0.3468742929147369,1,5.152246859207978,14.052223536508556,7430.26982720097,1408.1365031379933,5.276668711195839,2.021483425067332,313.02851630618625,0.0,0.0,0.04797441364605544,0.4760786150604347,8.493617021276595,0.9696969696969697,544.7899546922991,1410,12.96314001083374
core,200,1500000.0,16,8,exclude,launch,0,0.0,prior,0.0,gzz_rev,12600.0,43200.0,1473531.048896201,0,1347801.496927833,125729.55196836809,0,7,0.6693431039624856,25,5.966948405413719,17.835869008676802,6370.260745628138,1110.406373052174,5.73687336476483,2.019685611464057,311.9276238680485,0.0,0.0,0.0,0.3152351026824085,4.981535756154748,0.9455958549222798,383.61203377580824,3412,15.754200458526611
core,200,1500000.0,12,9,exclude,launch,0,0.0,prior,0.0,gzz_rev,12600.0,43200.0,524733.2100799695,0,485817.28163015615,38915.92844981336,0,1,0.34491312233471355,1,5.152246859207978,14.032555169486791,7430.26982720097,1412.934831335366,5.258749138612865,2.0174422029182315,310.5565908837312,0.0,0.0,0.0,0.48980410705741895,9.629854368932039,0.9748110831234257,410.8895931914121,1648,13.727258920669556
core,200,1500000.0,17,8,exclude,launch,0,0.0,prior,0.0,gzz_rev,12600.0,43200.0,2630280.8014822695,0,2457209.5995492856,173071.2019329839,0,15,0.865667267158404,43,5.966948405413719,16.76317017353612,6370.260745628138,1183.1004044218844,5.3843788082727695,2.0168901021085617,310.2196439299084,0.0,0.0,0.0,0.34075161622003747,5.6571258199165175,0.9145077720207254,343.51170438114116,3354,15.495662689208984
core,200,1500000.0,18,8,exclude,launch,0,0.0,prior,0.0,gzz_rev,12600.0,43200.0,4239663.435010803,0,3936108.770798723,303554.6642120797,0,24,0.9208526924160423,47,5.966948405413719,22.114896749246906,6370.260745628138,896.6175803861705,7.104768950531268,2.017287629094654,310.462236092707,0.0,0.0,0.0,0.24789157206168963,4.0600286826469985,0.8652849740932642,328.6349453649678,4881,16.00287628173828
core,200,1500000.0,13,9,exclude,launch,0,0.0,prior,0.0,gzz_rev,12600.0,43200.0,589289.5630298527,0,542691.1509188325,46598.41211102026,0,1,0.30713380159109177,1,5.152246859207978,15.563387797423493,7430.26982720097,1272.4078723538137,5.839534624582127,2.0198983056468256,312.0577661583796,0.0,0.0,0.0339047619047619,0.40893197486548055,7.6587221095334685,0.9722921914357683,432.2142867644026,1972,14.390242338180542
core,200,1500000.0,14,9,exclude,launch,0,0.0,prior,0.0,gzz_rev,12600.0,43200.0,660176.4527541628,0,598812.276751299,61364.176002863824,0,1,0.2741488603177205,1,5.152246859207978,17.78507414511102,7430.26982720097,1114.8068724264267,6.665073575505198,2.0174587975585445,310.56672141878374,0.0,0.0,0.028525641025641025,0.37264506111692736,8.128784648187633,0.9696969696969697,342.3472812056095,2345,15.118674278259277
core,200,1500000.0,10,10,exclude,launch,0,0.0,prior,0.0,gzz_rev,12600.0,43200.0,509003.0150947297,0,484157.6178948218,24845.397199907893,0,1,0.30621969999715193,1,5.798634922030512,14.077094784211335,6564.841933405682,1408.504296518562,4.660860424517113,2.0173849676688045,310.5216517315364,0.0,0.0,0.0,0.5608264639318392,12.900750625521267,0.974937343358396,422.23050087192587,1199,12.542078495025635
core,200,1500000.0,16,9,exclude,launch,0,0.0,prior,0.0,gzz_rev,12600.0,43200.0,1349375.5223952367,0,1233410.8710260994,115964.65136913733,0,6,0.5040478554351526,24,5.152246859207978,20.503451144420524,7430.26982720097,966.0594250767995,7.691317567353873,2.0194317574577623,311.77233243402657,0.0,0.0,0.04684122027384098,0.2966131029678545,5.84809721778062,0.9393939393939394,355.55655535820574,3127,15.26205849647522
core,200,1500000.0,1,10,exclude,launch,0,0.0,prior,0.0,gzz_rev,12600.0,43200.0,4529298.7158322325,0,3453609.5893598148,1075689.1264724173,0,0,0.0,0,5.798634922030512,26.417273736255122,6564.841933405682,727.138629767175,9.02832233725184,2.082355035696507,351.44772698927585,0.0,0.0,0.0,4.408176464129944,66.66666666666667,0.5675675675675675,6375.228231365721,15,13.249978303909302
core,200,1500000.0,11,10,exclude,launch,0,0.0,prior,0.0,gzz_rev,12600.0,43200.0,576258.722617401,0,543043.9900708519,33214.73254654915,0,1,0.27048050547850444,1,5.798634922030512,15.429444554616675,6564.841933405682,1284.516344206904,5.110750021214403,2.0182272447335006,311.0360165752728,0.0,0.0,0.04911699779249448,0.49363572398350114,11.31667891256429,0.9699248120300752,423.6255811723556,1361,13.1960928440094
core,200,1500000.0,15,9,exclude,launch,0,0.0,prior,0.0,gzz_rev,12600.0,43200.0,741897.4713009163,0,662642.2972280899,79255.17407282644,0,1,0.24395751834237417,11,5.152246859207978,18.815612224309884,7430.26982720097,1053.8380220780496,7.05067540887291,2.0172873893171763,310.4620897391267,0.0,0.0,0.024529844644317254,0.3413764020879728,7.038098693759071,0.9747474747474747,336.4404423686038,2756,16.07703709602356
core,200,1500000.0,19,9,exclude,launch,0,0.0,prior,0.0,gzz_rev,12600.0,43200.0,7371394.910889669,0,6952676.193174007,418718.7177156626,0,45,0.9643630435680133,61,5.152246859207978,22.49114753260979,7430.26982720097,882.1607950492732,8.422806668466775,2.016046867278505,309.705370951939,0.0,0.0,0.07533980582524272,0.25383315526160416,4.645236250968241,0.8055555555555556,361.9785939127508,3873,14.568710327148438
core,200,1500000.0,12,10,exclude,launch,0,0.0,prior,0.0,gzz_rev,12600.0,43200.0,539707.4628412897,0,512091.0627831697,27616.400058119954,0,1,0.2887985831424187,1,5.798634922030512,14.81695554820871,6564.841933405682,1336.814148941263,4.910811228774724,2.0194354689057983,311.7746025789555,0.0,0.0,0.04118463674224896,0.4548616100914929,8.766009852216749,0.974937343358396,454.5525647695595,1624,13.556535005569458
core,200,1500000.0,17,9,exclude,launch,0,0.0,prior,0.0,gzz_rev,12600.0,43200.0,2510216.3585719075,0,2361421.4535640185,148794.90500788894,0,14,0.8289311071785425,41,5.152246859207978,20.889307878821093,7430.26982720097,949.2737917912832,7.827320096112654,2.0171790534607115,310.39596803976866,0.0,0.0,0.023302531137002813,0.28160659732754595,5.219642380571123,0.9166666666666666,333.0081777863097,3747,15.90339469909668
core,200,1500000.0,18,9,exclude,launch,0,0.0,prior,0.0,gzz_rev,12600.0,43200.0,4305148.901159779,0,4058208.2482167655,246940.65294301373,0,26,0.9107224234272473,49,5.152246859207978,22.151345089551228,7430.26982720097,895.3248725564366,8.298965051630022,2.0168761894042193,310.2111553731738,0.0,0.0,0.03830420230568985,0.2603620915864393,4.690140845070423,0.8661616161616161,342.7013970045396,4047,15.707389116287231
core,200,1500000.0,13,10,exclude,launch,0,0.0,prior,0.0,gzz_rev,12600.0,43200.0,547386.3598070929,0,524809.8847340374,22576.475073055404,0,1,0.2847472316169592,1,5.798634922030512,14.974349227539642,6564.841933405682,1321.8382780899808,4.966448651261404,2.020848283558877,312.63936541353155,0.0,0.0,0.0,0.3976368566927451,7.054189435336976,0.9674185463659147,420.4219065090693,2196,15.229706287384033
core,200,1500000.0,14,10,exclude,launch,0,0.0,prior,0.0,gzz_rev,12600.0,43200.0,601425.3904949314,0,564927.7467391382,36497.643755793324,0,1,0.25916223864723786,1,5.798634922030512,14.18783864524355,6564.841933405682,1395.2737900400653,4.705056441443777,2.020618451395005,312.49860699838155,0.0,0.0,0.0,0.41017748654925856,7.2686436982119496,0.9573934837092731,390.9327352407249,2293,15.791534185409546
core,200,1500000.0,10,11,exclude,launch,0,0.0,prior,0.0,gzz_rev,12600.0,43200.0,454491.57144516625,0,428415.58882334357,26075.982621822695,0,1,0.16266675475245487,1,5.637899989482576,13.05210302521711,6761.506957310247,1517.4878325126951,4.455724001499486,2.019548468872294,311.8437241139515,0.0,0.0,0.0,0.5530498862008064,9.608230452674897,0.9635922330097088,558.9188625360363,1215,13.10094666481018
core,200,1500000.0,15,10,exclude,launch,0,0.0,prior,0.0,gzz_rev,12600.0,43200.0,787328.4023812222,0,715470.1096255265,71858.29275569571,0,1,0.19796917030878888,20,5.798634922030512,17.742767444305894,6564.841933405682,1116.813847891323,5.87818815624545,2.018635194130855,311.2852976166013,0.0,0.0,0.025,0.3478300842073886,6.634011090573013,0.9473684210526315,362.76317095459433,2705,16.260490655899048
core,200,1500000.0,11,11,exclude,launch,0,0.0,prior,0.0,gzz_rev,12600.0,43200.0,449511.86451344145,0,422859.9672974748,26651.897215966655,0,1,0.16446878230756432,1,5.637899989482576,13.664248819272991,6761.506957310247,1449.4004317758458,4.665037217510595,2.019695246171443,311.93351851939184,0.0,0.0,0.0,0.4934665374775007,8.952666666666667,0.9684466019417476,486.3280575876825,1500,14.056896448135376
core,200,1500000.0,12,11,exclude,launch,0,0.0,prior,0.0,gzz_rev,12600.0,43200.0,423009.7654419255,0,398497.27537809045,24512.490063835066,0,1,0.17477296041166301,1,5.637899989482576,13.668362807775129,6761.506957310247,1449.796198080626,4.663763752630717,2.0185361740150496,311.2247813331647,0.0,0.0,0.0,0.48580567555120185,8.606389391199517,0.9635036496350365,456.836859841273,1659,14.271557807922363
core,200,1500000.0,16,10,exclude,launch,0,0.0,prior,0.0,gzz_rev,12600.0,43200.0,2417414.625140942,0,2239609.5043876306,177805.12075331176,0,10,0.7749539539002402,33,5.798634922030512,16.900766264700263,6564.841933405682,1172.899657401945,5.597104485431658,2.017867921630339,310.8165317652199,0.0,0.0,0.023603461841070025,0.351753859729378,6.303558967201675,0.9122807017543859,360.95953918011514,2866,16.037308931350708
core,200,1500000.0,17,10,exclude,launch,0,0.0,prior,0.0,gzz_rev,12600.0,43200.0,4432341.02868176,0,4159382.491615633,272958.5370661264,0,26,0.9206766786187554,44,5.798634922030512,19.31709044052992,6564.841933405682,1027.0215901115344,6.392116773993759,2.016223650406256,309.8131522935049,0.0,0.0,0.016794526228488493,0.29815452803040315,5.540242557883131,0.8320802005012531,324.1588919849359,3628,16.419950485229492
core,200,1500000.0,18,10,exclude,launch,0,0.0,prior,0.0,gzz_rev,12600.0,43200.0,6404395.187805271,0,6002304.127876684,402091.05992858706,0,37,0.9553518353567901,53,5.798634922030512,21.415079941743226,6564.841933405682,925.5929347251556,7.092579996145971,2.017995811562133,310.89464170741365,0.0,0.0,0.04317082247860067,0.2560957345743639,4.61433868974042,0.7819548872180451,348.9051542474233,4045,16.08984661102295
core,200,1500000.0,13,11,exclude,launch,0,0.0,prior,0.0,gzz_rev,12600.0,43200.0,536417.2768819008,0,494370.5743542653,42046.70252763556,0,1,0.1378230571153022,1,5.637899989482576,15.53150170835371,6761.506957310247,1274.772842603083,5.3040877020122785,2.0202901188654145,312.29757799632046,0.0,0.0,0.03420752565564424,0.40773042444221624,6.628730399595346,0.9635036496350365,496.65902658826866,1977,15.03592586517334
core,200,1500000.0,14,11,exclude,launch,0,0.0,prior,0.0,gzz_rev,12600.0,43200.0,612269.0498913841,0,558743.9970635953,53525.05282778873,0,1,0.12074866270383,1,5.637899989482576,16.215540071131848,6761.506957310247,1221.961044359511,5.53332447750352,2.0186973484316058,311.3232863104753,0.0,0.0,0.0,0.38009660296406284,6.308282828282828,0.9537712895377128,416.90206763478994,2475,16.29629921913147
core,200,1500000.0,9,12,exclude,launch,0,0.0,prior,0.0,gzz_rev,12600.0,43200.0,446475.9219698499,0,420788.3946688708,25687.527300979138,0,1,0.09490485774724565,1,5.280353234319941,14.843670787813107,7241.91745481808,1333.7568840083898,5.429713272072248,2.0204216035811102,312.3780747165134,0.0,0.0,0.07047768206734534,0.5614324471224911,12.0,0.9800498753117207,569.1501545668042,959,12.788352727890015
core,200,1500000.0,10,12,exclude,launch,0,0.0,prior,0.0,gzz_rev,12600.0,43200.0,439025.49766974384,0,412463.99237593886,26561.505293805007,0,1,0.09651542811755795,1,5.280353234319941,13.374444292985212,7241.91745481808,1481.3046785573713,4.888877730320082,2.019016418652135,311.51833844478693,0.0,0.0,0.0,0.5459292541465806,10.840390879478827,0.985,489.9150931888998,1228,13.090750932693481
core,200,1500000.0,15,11,exclude,launch,0,0.0,prior,0.0,gzz_rev,12600.0,43200.0,722316.165682294,0,646561.439349984,75754.72633230995,0,1,0.10235222815412726,18,5.637899989482576,17.43659727554738,6761.506957310247,1135.451750242988,5.954904693980415,2.020363762075774,312.3426620872281,0.0,0.0,0.024297024297024298,0.34173644373336487,5.464246823956443,0.9464720194647201,433.20541605924393,2755,15.814563989639282
core,200,1500000.0,11,12,exclude,launch,0,0.0,prior,0.0,gzz_rev,12600.0,43200.0,457580.26555050246,0,433138.9103108657,24441.355239636727,0,1,0.09260175110729835,1,5.280353234319941,14.482191227866277,7241.91745481808,1367.6397606857247,5.295193707432895,2.019547141743803,311.84291227138755,0.0,0.0,0.04980630879911455,0.49458184064408306,9.596168017686072,0.9775,500.92507109270076,1357,13.422111511230469
core,200,1500000.0,12,12,exclude,launch,0,0.0,prior,0.0,gzz_rev,12600.0,43200.0,504940.4528829721,0,474568.921693495,30371.531189477042,0,1,0.08391629868470768,1,5.280353234319941,13.997044922322216,7241.91745481808,1413.313672964648,5.124069478240465,2.022018265448423,313.3564004730609,0.0,0.0,0.04049135577797998,0.4478983835790516,7.109497882637629,0.9800498753117207,553.5974564270286,1653,14.035285472869873
core,200,1500000.0,16,11,exclude,launch,0,0.0,prior,0.0,gzz_rev,12600.0,43200.0,2229894.0073858793,0,2051734.7169844916,178159.29040138779,0,10,0.7701212852881962,36,5.637899989482576,16.861594340674525,6761.506957310247,1174.1941192211723,5.75842345539515,2.0203260033729964,312.3195459477335,0.0,0.0,0.03125,0.3377705189584632,5.267949158364823,0.8953771289537713,424.44655740316597,2911,15.86166763305664
core,200,1500000.0,18,11,exclude,launch,0,0.0,prior,0.0,gzz_rev,12600.0,43200.0,5702311.92509464,0,5353085.494152051,349226.43094258907,0,37,0.9468574851542741,54,5.637899989482576,20.003247438450863,6761.506957310247,992.3432057763016,6.813677886796008,2.0151045497523277,309.1311740783628,0.0,0.0,0.04690152801358234,0.29408153041547413,5.633182844243792,0.7769607843137255,325.0350840477965,3544,15.408024787902832
core,200,1500000.0,17,11,exclude,launch,0,0.0,prior,0.0,gzz_rev,12600.0,43200.0,4375003.098465127,0,4095537.6473373803,279465.4511277465,0,25,0.8860217165642117,43,5.637899989482576,19.600139084926525,6761.506957310247,1010.4016829400034,6.6918999359106754,2.0197926023996313,311.99308557270365,0.0,0.0,0.03403633326372938,0.2827863728801809,4.633685380767093,0.8308823529411765,390.33581420879557,3598,15.57826566696167
core,200,1500000.0,13,12,exclude,launch,0,0.0,prior,0.0,gzz_rev,12600.0,43200.0,583784.5582438048,0,533054.7399427745,50729.81830103037,0,1,0.07258282745536934,1,5.280353234319941,14.670397393052808,7241.91745481808,1349.002373847768,5.36835041599068,2.0211818944396867,312.8437384594282,0.0,0.0,0.035169988276670575,0.419201509583457,6.545738045738045,0.9775,516.7191642000724,1924,14.683990478515625
core,200,1500000.0,14,12,exclude,launch,0,0.0,prior,0.0,gzz_rev,12600.0,43200.0,682787.6243189155,0,614948.4642714319,67839.16004748363,0,1,0.062058438602172666,1,5.280353234319941,15.897144375307636,7241.91745481808,1244.8186519520275,5.817648573518617,2.021318662869674,312.9275433377698,0.0,0.0,0.028976175144880875,0.37434624793651494,6.109160958904109,0.9576059850374065,456.99921958278424,2336,15.35374116897583
core,200,3000000.0,4,1,exclude,launch,0,0.0,prior,0.0,gzz_rev,12600.0,43200.0,585959.7691122151,0,538988.4132459163,46971.35586629886,0,0,0.0,0,11.63475047648417,34.71203108467031,6542.619886436506,1138.6165429759722,5.746113497820989,2.024102361523105,314.6356940631602,0.0,0.0,0.0,1.8278873855924442,49.435374149659864,0.9504716981132075,912.8005328500118,147,10.477418661117554
core,200,1500000.0,15,12,exclude,launch,0,0.0,prior,0.0,gzz_rev,12600.0,43200.0,684605.2238459636,0,614254.8481254573,70350.37572050642,0,1,0.0618936759262197,21,5.280353234319941,17.351534241229313,7241.91745481808,1142.1222573057512,6.340755036069126,2.0184105834249104,311.1480349295599,0.0,0.0,0.02569960022844089,0.35710195844288817,6.767653758542141,0.9501246882793017,365.54499325393243,2634,15.605114698410034
core,200,1500000.0,16,12,exclude,launch,0,0.0,prior,0.0,gzz_rev,12600.0,43200.0,3342141.629125706,0,3103777.4475563015,238364.18156940397,0,20,0.8492172277731804,36,5.280353234319941,19.227416719572783,7241.91745481808,1030.4972785801137,7.027594934356804,2.018794919771243,311.38292656550817,0.0,0.0,0.036277974087161366,0.3005313183509607,5.140081479160138,0.86,396.4166473178007,3191,15.13036584854126
core,200,1500000.0,17,12,exclude,launch,0,0.0,prior,0.0,gzz_rev,12600.0,43200.0,5336283.238099729,0,4958802.223058815,377481.0150409136,0,31,0.9295654689216754,48,5.280353234319941,20.443909700860228,7241.91745481808,970.8764355627785,7.45915462519206,2.0152646036697712,309.2286646394214,0.0,0.0,0.03207184092366902,0.29273746451790844,6.17197271176805,0.81,299.9948507508737,3518,15.45502495765686
core,200,1500000.0,18,12,exclude,launch,0,0.0,prior,0.0,gzz_rev,12600.0,43200.0,6415618.401006582,0,6023605.301155799,392013.09985078295,0,39,0.9464728200705926,62,5.280353234319941,25.612354078890185,7241.91745481808,774.7269630307874,9.347702868746403,2.015866757059354,309.5955804294864,0.0,0.0,0.042517854177047,0.22447114095494536,4.338043718260102,0.7875,331.6885857790473,4529,15.016741275787354
core,200,3000000.0,21,1,exclude,launch,0,0.0,prior,0.0,gzz_rev,12600.0,43200.0,360760.411632821,0,346055.8326572712,14704.578975549788,0,1,0.20619247775682123,1,11.63475047648417,39.629010452799434,6542.619886436506,1002.3491673273498,6.527286198961644,2.0139919254645036,308.4538874721634,0.0,0.0,0.183206106870229,0.3675403979796605,7.706802189210321,0.9805352798053528,330.93566118439577,2558,14.380192756652832
core,200,3000000.0,20,1,exclude,launch,0,0.0,prior,0.0,gzz_rev,12600.0,43200.0,342615.58388374886,0,329727.30152277346,12888.282360975407,0,1,0.21711237506459055,1,11.63475047648417,41.878214460851154,6542.619886436506,949.3940207831893,6.891364115648488,2.012126765562258,307.3201768702553,0.0,0.0,0.08811978399607266,0.35131820523373297,7.669275929549902,0.9829683698296837,278.03275191404504,3066,15.381207942962646
core,200,3000000.0,23,1,exclude,launch,0,0.0,prior,0.0,gzz_rev,12600.0,43200.0,401126.29347751633,0,380042.35274836066,21083.9407291557,0,1,0.18544304963471803,1,11.63475047648417,44.069818882290555,6542.619886436506,901.4345648655117,7.258008669118011,2.013791551735956,308.33199311135934,0.0,0.0,0.13410454155955442,0.30620158526927826,6.312535612535613,0.9732360097323601,294.30599365800276,3510,16.061280012130737
core,200,3000000.0,22,1,exclude,launch,0,0.0,prior,0.0,gzz_rev,12600.0,43200.0,353660.0510248938,0,339868.7106628939,13791.340361999935,0,1,0.2103321620170965,1,11.63475047648417,43.971767113807694,6542.619886436506,904.4429939300683,7.2338665126996196,2.0115686976953895,306.9813690471439,0.0,0.0,0.07120190400634668,0.31869657301305515,6.613863995782815,0.9805352798053528,260.0415927792791,3794,16.42940855026245
core,200,3000000.0,24,1,exclude,launch,0,0.0,prior,0.0,gzz_rev,12600.0,43200.0,406613.7449741479,0,385635.9670585854,20977.77791556252,0,1,0.18294040491885416,1,11.63475047648417,45.75417648402103,6542.619886436506,867.9837207485027,7.5377218835331385,2.014409050595644,308.7077165791065,0.0,0.0,0.1444065073307893,0.2867553077057958,5.3964276193015195,0.9732360097323601,322.38117807171574,3751,15.638862133026123
core,200,3000000.0,25,1,exclude,launch,0,0.0,prior,0.0,gzz_rev,12600.0,43200.0,439463.8305441976,0,415243.20542979357,24220.625114404033,0,1,0.1692655412824948,1,11.63475047648417,42.40307758606717,6542.619886436506,936.3406688239746,6.9874353472800745,2.014924240242062,309.02136402927806,0.0,0.0,0.21009389671361503,0.31501782437942133,5.89107365792759,0.9708029197080292,346.020796630317,3204,15.277397871017456
core,200,3000000.0,3,2,exclude,launch,0,0.0,prior,0.0,gzz_rev,12600.0,43200.0,947091.3206471807,0,849495.1598431355,97596.16080404514,0,0,0.0,0,10.318446573287495,21.59051053231666,7419.771693842448,1821.6095961151766,4.073195326630961,2.0340975171473055,320.80730249106665,0.0,0.0,0.0,2.2373096379769803,54.34444444444444,0.9502487562189055,1353.2397846377203,90,9.692323446273804
core,200,3000000.0,4,2,exclude,launch,0,0.0,prior,0.0,gzz_rev,12600.0,43200.0,552803.1477791906,0,516879.6214819921,35923.52629719844,0,0,0.0,0,10.318446573287495,28.214877465849817,7419.771693842448,1400.4230586502017,5.298235878088152,2.0246621566388425,314.9797605743293,0.0,0.0,0.0,1.93049025623703,51.285714285714285,0.9675,917.413224184435,140,9.737536668777466
core,200,3000000.0,26,1,exclude,launch,0,0.0,prior,0.0,gzz_rev,12600.0,43200.0,447508.62435821065,0,421837.54285872163,25671.081499489013,0,1,0.16622268064179116,1,11.63475047648417,42.612330474112454,6542.619886436506,932.3287325115016,7.017503224224395,2.0136576298392743,308.25053715941243,0.0,0.0,0.13356864202117777,0.2986306412414329,5.6892292490118574,0.9659367396593674,282.9587008200293,4048,17.08006525039673
core,200,3000000.0,33,1,exclude,launch,0,0.0,prior,0.0,gzz_rev,12600.0,43200.0,3218652.1138676894,0,2981462.741117986,237189.37274970362,0,17,0.8263766642833376,45,11.63475047648417,49.25096682757328,6542.619886436506,803.7211563009254,8.140410184731843,2.0210163465018613,312.7423139472028,0.0,0.0,0.26331409727947236,0.22382161936858047,3.314266929651545,0.8564476885644768,431.0590598406255,4563,14.744549751281738
core,200,3000000.0,28,1,exclude,launch,0,0.0,prior,0.0,gzz_rev,12600.0,43200.0,604569.7373652824,0,550535.5200002328,54034.2173650494,0,1,0.12303970667687857,1,11.63475047648417,51.690541765613,6542.619886436506,767.5781043762149,8.523718757915162,2.0163054558030185,309.8630338484943,0.0,0.0,0.1516317733990148,0.23396657994640543,3.994058594550297,0.9586374695863747,334.4709782472397,4881,16.6651668548584
core,200,3000000.0,27,1,exclude,launch,0,0.0,prior,0.0,gzz_rev,12600.0,43200.0,499041.2655522506,0,462067.9660737064,36973.299478544206,0,1,0.14905798034321913,1,11.63475047648417,46.74210620597675,6542.619886436506,849.586929095627,7.7009422607302,2.0145306853861866,308.78175347704973,0.0,0.0,0.13291659812469156,0.26459196561860066,4.975919439579685,0.9634146341463414,286.45189659047,4568,17.26558804512024
core,200,3000000.0,29,1,exclude,launch,0,0.0,prior,0.0,gzz_rev,12600.0,43200.0,771172.8016519281,0,704347.2774700981,66825.52418183007,0,2,0.3801042669843701,8,11.63475047648417,45.8431120452127,6542.619886436506,865.6110833040412,7.55838275714227,2.016011878013326,309.6840408792495,0.0,0.0,0.1576923076923077,0.2578591318140609,4.477732793522267,0.9512195121951219,309.6434610755952,4693,17.064878225326538
core,200,3000000.0,32,1,exclude,launch,0,0.0,prior,0.0,gzz_rev,12600.0,43200.0,2221578.4854174554,0,2036739.631370654,184838.85404680122,0,11,0.7586484517336621,35,11.63475047648417,46.280845392411294,6542.619886436506,856.9262114657363,7.634986302082684,2.017182893114147,310.3983114132198,0.0,0.0,0.19919204474829086,0.24541037761996545,4.085159156676313,0.8951219512195122,329.43784081434967,4838,16.361129999160767
core,200,3000000.0,30,1,exclude,launch,0,0.0,prior,0.0,gzz_rev,12600.0,43200.0,681680.508829329,0,624684.2455678562,56996.263261472945,0,2,0.2745363602823602,19,11.63475047648417,42.09551587991776,6542.619886436506,942.4836873534737,6.941891912005826,2.016416807278833,309.93093783566906,0.0,0.0,0.1577852456393023,0.27172649904423657,4.220378642841949,0.9464720194647201,327.837163008295,4701,16.88418698310852
core,200,3000000.0,34,1,exclude,launch,0,0.0,prior,0.0,gzz_rev,12600.0,43200.0,4184865.6785039855,0,3888305.6088171243,296560.0696868613,0,24,0.9053552344645601,51,11.63475047648417,46.236580376404454,6542.619886436506,858.2781129317045,7.622960189545367,2.0159336902203893,309.6363788774454,0.0,0.0,0.189543404735062,0.23933282352210622,3.657239183367672,0.8345498783454988,333.8467380668727,5339,16.199353456497192
core,200,3000000.0,31,1,exclude,launch,0,0.0,prior,0.0,gzz_rev,12600.0,43200.0,1459527.004180963,0,1354200.4564020755,105326.54777888737,0,6,0.6130893829947921,27,11.63475047648417,53.49341327179096,6542.619886436506,741.5663997446779,8.822702712379009,2.01669226828429,310.0989505167162,0.0,0.0,0.16939661206775863,0.2188873212647089,3.746271439224459,0.927007299270073,324.1546505495569,5364,17.061915636062622
core,200,3000000.0,20,2,exclude,launch,0,0.0,prior,0.0,gzz_rev,12600.0,43200.0,458427.09348407114,0,428976.42673832056,29450.666745750597,0,1,0.30545575150930643,1,10.318446573287495,47.547615681760576,7419.771693842448,835.5044092175667,8.880589512137844,2.0137821969829086,308.32630287584794,0.0,0.0,0.09876543209876543,0.2954885784527861,6.371010248901904,0.9748743718592965,300.4241212738441,3415,14.893536806106567
core,200,3000000.0,21,2,exclude,launch,0,0.0,prior,0.0,gzz_rev,12600.0,43200.0,385980.4136805512,0,362950.7675426119,23029.646137939282,0,1,0.362788336892905,1,10.318446573287495,48.31857530902299,7419.771693842448,822.7703905892135,9.018034409975424,2.01232078213424,307.43800978226363,0.0,0.0,0.06752411575562701,0.2874964016025051,6.524515966809153,0.9824120603015075,251.11637448170362,3977,15.871835231781006
core,200,3000000.0,22,2,exclude,launch,0,0.0,prior,0.0,gzz_rev,12600.0,43200.0,476344.9022785157,0,443036.0319769573,33308.87030155841,0,1,0.2939659723082936,1,10.318446573287495,51.44400587538368,7419.771693842448,772.2857611115503,9.607546930767151,2.0136184422240806,308.2267039250317,0.0,0.0,0.09898242368177614,0.26462923668203303,5.906342182890856,0.9748743718592965,271.94606218390663,4068,15.869667291641235
core,200,3000000.0,23,2,exclude,launch,0,0.0,prior,0.0,gzz_rev,12600.0,43200.0,444493.0967325794,0,416166.70608883613,28326.390643743274,0,1,0.3150311970686183,1,10.318446573287495,48.64524626810093,7419.771693842448,816.7473857892209,9.084536813880025,2.013547260714885,308.1834149107942,0.0,0.0,0.1225528582615505,0.28020949416877416,6.090909090909091,0.9798488664987406,278.5946471468662,3839,15.600257873535156
core,200,3000000.0,24,2,exclude,launch,0,0.0,prior,0.0,gzz_rev,12600.0,43200.0,452481.27754170424,0,420629.1734315373,31852.104110166933,0,1,0.3094695831685453,1,10.318446573287495,50.903836158644346,7419.771693842448,780.0262029884432,9.5122082635375,2.0147923010231574,308.9410242647623,0.0,0.0,0.10121065375302664,0.24563633360181086,5.026208378088078,0.9773299748110831,278.62936899293265,4655,15.851330757141113
core,200,3000000.0,25,2,exclude,launch,0,0.0,prior,0.0,gzz_rev,12600.0,43200.0,508237.92168222764,0,470628.18904302,37609.7326392076,0,1,0.27551897719264457,1,10.318446573287495,50.85117922263322,7419.771693842448,780.6654881378399,9.504418738352578,2.0152270226243387,309.20577224000385,0.0,0.0,0.11497754971135343,0.24348514258266957,4.875585854282062,0.9748110831234257,284.8627556069735,4694,16.218251705169678
core,200,3000000.0,3,3,exclude,launch,0,0.0,prior,0.0,gzz_rev,12600.0,43200.0,1014311.3075208502,0,888711.5866037741,125599.72091707612,0,0,0.0,0,9.67642623008521,16.43340414510177,7934.181769636198,2390.084316282933,3.3196242139170486,2.03680395210557,322.4887305305186,0.0,0.0,0.0,2.159272048342636,51.87234042553192,0.9299065420560748,1360.8095378603866,94,9.533457279205322
core,200,3000000.0,26,2,exclude,launch,0,0.0,prior,0.0,gzz_rev,12600.0,43200.0,524686.428342408,0,487195.79276414466,37490.635578263435,0,1,0.26688167405965646,1,10.318446573287495,51.94830278541272,7419.771693842448,764.2600208018848,9.70843887144247,2.0150112815616588,309.0743705092321,0.0,0.0,0.1273532668881506,0.24051772194965831,4.9099137023784465,0.9773299748110831,279.79166744794486,4751,16.91186785697937
core,200,3000000.0,27,2,exclude,launch,0,0.0,prior,0.0,gzz_rev,12600.0,43200.0,506707.55101213674,0,473030.47231387644,33677.07869826031,0,1,0.276351106417691,1,10.318446573287495,47.478150006258204,7419.771693842448,836.4589005917244,8.870455785207836,2.0144272698715557,308.7188057577173,0.0,0.0,0.13066709844559585,0.26038465931285865,5.128116938950988,0.9697732997481109,273.0240527390779,4652,16.943976640701294
core,200,3000000.0,28,2,exclude,launch,0,0.0,prior,0.0,gzz_rev,12600.0,43200.0,570343.3992153556,0,527028.4813263242,43314.91788903146,0,1,0.2455173366520033,1,10.318446573287495,48.79533443216123,7419.771693842448,813.5422589087074,9.120327324846523,2.0152622562730045,309.2272347037656,0.0,0.0,0.11537912323290019,0.24246221744513258,4.685069246822235,0.9722921914357683,263.69327206174086,5271,17.716320753097534
core,200,3000000.0,30,2,exclude,launch,0,0.0,prior,0.0,gzz_rev,12600.0,43200.0,667513.8920352756,0,604945.0195766651,62568.872458610356,0,1,0.20977719568569383,20,10.318446573287495,49.590245593766475,7419.771693842448,799.9054312098536,9.275811120097128,2.0167640087043406,310.1427148189562,0.0,0.0,0.15638220277169948,0.2349716279461412,4.134510869565218,0.9672544080604534,306.12080167482725,5152,17.314689874649048
core,200,3000000.0,31,2,exclude,launch,0,0.0,prior,0.0,gzz_rev,12600.0,43200.0,931680.6240731243,0,828395.1093545207,103285.51471860355,0,2,0.3139754506741769,27,10.318446573287495,52.34981569235785,7419.771693842448,756.5810288932527,9.806975605370772,2.0198512282069574,312.02895830257205,0.0,0.0,0.1543924250394529,0.2101860885869046,3.341967098354918,0.9496221662468514,341.76071772842795,5714,16.79714035987854
core,200,3000000.0,29,2,exclude,launch,0,0.0,prior,0.0,gzz_rev,12600.0,43200.0,612828.1256440001,0,564987.1771520922,47840.94849190792,0,1,0.22849668037877693,10,10.318446573287495,55.15478210872904,7419.771693842448,719.568349501344,10.311420310501845,2.0157411479293943,309.51902387907705,0.0,0.0,0.07823240589198036,0.2047083683246394,3.816678752719362,0.9571788413098237,247.15128819255622,6895,18.816110134124756
core,200,3000000.0,20,3,exclude,launch,0,0.0,prior,0.0,gzz_rev,12600.0,43200.0,341359.675606874,0,330594.0108139735,10765.664792900481,0,1,0.2339146394664449,1,9.67642623008521,51.839426664277056,7934.181769636198,766.9076424736279,10.345680927164622,2.01227221992296,307.4085141683272,0.0,0.0,0.07024793388429752,0.2811329131017487,7.032409827496079,0.983451536643026,242.44324673339378,3826,15.57297945022583
core,200,3000000.0,21,3,exclude,launch,0,0.0,prior,0.0,gzz_rev,12600.0,43200.0,401101.32029444264,0,380903.9448903114,20197.375404131242,0,1,0.19907445178526947,1,9.67642623008521,50.923766845930835,7934.181769636198,780.6157413127553,10.164004323424669,2.0124827256322875,307.5363809111358,0.0,0.0,0.08924667064201948,0.2838674726336915,6.9090189873417724,0.9787234042553191,248.90197501290513,3792,15.627822637557983
core,200,3000000.0,32,2,exclude,launch,0,0.0,prior,0.0,gzz_rev,12600.0,43200.0,2076691.7867462346,0,1908499.6451750214,168192.14157121326,0,10,0.7357711201754863,37,10.318446573287495,54.71760153598028,7419.771693842448,725.1991839409473,10.231356926687658,2.01607009568536,309.71953180381723,0.0,0.0,0.12971448713429679,0.20643990335210713,3.619612742036227,0.9042821158690176,281.4228850418144,6404,17.459781885147095
core,200,3000000.0,33,2,exclude,launch,0,0.0,prior,0.0,gzz_rev,12600.0,43200.0,4180370.5259267734,0,3933529.321467927,246841.20445884648,0,22,0.893517945453374,44,10.318446573287495,60.942812950624486,7419.771693842448,651.2984165896347,11.392276573762105,2.0155216543371735,309.3852691283127,0.0,0.0,0.11187078874355925,0.18072336552164964,3.2121012391247032,0.8387909319899244,267.2367018048729,7586,17.6787588596344
core,200,3000000.0,22,3,exclude,launch,0,0.0,prior,0.0,gzz_rev,12600.0,43200.0,350412.50946074264,0,338320.82574623486,12091.6837145078,0,1,0.22787150370529022,1,9.67642623008521,51.32407767854509,7934.181769636198,774.5864295246511,10.243120027942206,2.0123288305220743,307.44289833185724,0.0,0.0,0.07987848463187991,0.27147732838793887,6.736504161712247,0.9763593380614657,230.61477016015297,4205,16.239798307418823
core,200,3000000.0,23,3,exclude,launch,0,0.0,prior,0.0,gzz_rev,12600.0,43200.0,343764.75751319947,0,330723.53725981776,13041.220253381689,0,1,0.23227810211143188,1,9.67642623008521,49.42959196229087,7934.181769636198,804.4614229061474,9.862724978127186,2.0118599200806324,307.15814935967495,0.0,0.0,0.07758919293384135,0.27861663656197255,7.089820359281437,0.9763593380614657,212.0863169758981,4342,16.78001642227173
core,200,3000000.0,34,2,exclude,launch,0,0.0,prior,0.0,gzz_rev,12600.0,43200.0,3986480.2176843896,0,3754406.49372234,232073.7239620497,0,24,0.8993657726614771,49,10.318446573287495,56.96556470351754,7419.771693842448,696.8211261831739,10.648029192920893,2.0153768745941596,309.2970592381809,0.0,0.0,0.08896315028901734,0.18555624686545602,3.1266946610677864,0.8337531486146096,250.32722158397303,8335,18.83272361755371
core,200,3000000.0,24,3,exclude,launch,0,0.0,prior,0.0,gzz_rev,12600.0,43200.0,396101.1825712434,0,377963.81694083166,18137.365630411703,0,1,0.20158744523213057,1,9.67642623008521,51.36873482260562,7934.181769636198,773.7340593393621,10.254404176559897,2.0127943414507223,307.7257134223806,0.0,0.0,0.08560497369679579,0.25648566575570514,5.853389830508474,0.9763593380614657,236.10218619235982,4720,17.181135654449463
core,200,3000000.0,25,3,exclude,launch,0,0.0,prior,0.0,gzz_rev,12600.0,43200.0,403022.3548860751,0,386447.9815252572,16574.373360817885,0,1,0.19812554931483917,1,9.67642623008521,44.75818474062244,7934.181769636198,887.4613157143724,8.940312810423162,2.0140399977501957,308.483135111165,0.0,0.0,0.16836841008543446,0.29840393140933835,7.151330376940133,0.9763593380614657,252.83905896682214,3608,15.571165323257446
core,200,3000000.0,26,3,exclude,launch,0,0.0,prior,0.0,gzz_rev,12600.0,43200.0,490257.55264587293,0,460018.12630231655,30239.42634355631,0,1,0.1628715866120296,1,9.67642623008521,53.013835518230685,7934.181769636198,749.2567156165386,10.589403610626862,2.0140493901000065,308.48884966865876,0.0,0.0,0.1592119275825346,0.2539313043636205,6.098631429919774,0.9739952718676123,252.46536832729063,4238,16.144103527069092
core,200,3000000.0,4,4,exclude,launch,0,0.0,prior,0.0,gzz_rev,12600.0,43200.0,513665.34708992264,0,481228.9346082176,32436.412481705007,0,0,0.0,0,12.059729542696003,46.34578424774887,6300.314603527087,853.5039747013095,7.3817050538422295,2.0224332816654993,313.6109446371848,0.0,0.0,0.0,1.790036225980951,50.4671052631579,0.964200477326969,868.2504129253194,152,10.120078086853027
core,200,3000000.0,5,4,exclude,launch,0,0.0,prior,0.0,gzz_rev,12600.0,43200.0,507733.29756092466,0,470843.82849487814,36889.46906604652,0,0,0.0,0,12.059729542696003,24.14711986400886,6300.314603527087,1638.8162515850192,3.8444301473295686,2.021596081100622,313.09756587604465,0.0,0.0,0.0,1.3728991792290746,33.41869918699187,0.963855421686747,799.0717449763482,246,10.3600172996521
core,200,3000000.0,29,3,exclude,launch,0,0.0,prior,0.0,gzz_rev,12600.0,43200.0,541153.3334893417,0,497922.63586823846,43230.697621103165,0,1,0.1475534206416127,11,9.67642623008521,45.581527723155254,7934.181769636198,871.0877251452156,9.108361351680765,2.0148337453535685,308.96625921250563,0.0,0.0,0.19537509104151493,0.2769713464126085,6.090887057682986,0.9739952718676123,259.75623289979944,4126,16.810728073120117
core,200,3000000.0,28,3,exclude,launch,0,0.0,prior,0.0,gzz_rev,12600.0,43200.0,473714.64074377593,0,446412.7673300666,27301.873413709385,0,1,0.16855933631815387,1,9.67642623008521,47.875759628265754,7934.181769636198,829.1238083694302,9.569357060484974,2.01537061946689,309.2932484629728,0.0,0.0,0.13995943204868155,0.25111677555341183,5.29178763998341,0.9787234042553191,255.5943052057321,4822,17.608156204223633
core,200,3000000.0,30,3,exclude,launch,0,0.0,prior,0.0,gzz_rev,12600.0,43200.0,859446.4873655972,0,758244.5147373602,101201.97262823697,0,2,0.3850288852427143,18,9.67642623008521,53.035083723920046,7934.181769636198,749.0324365676578,10.592574342966424,2.013845287786004,308.3646802697655,0.0,0.0,0.1364390378766934,0.23457487736975205,5.25050505050505,0.9574468085106383,227.996347973765,5445,17.792965412139893
core,200,3000000.0,27,3,exclude,launch,0,0.0,prior,0.0,gzz_rev,12600.0,43200.0,482865.4647322445,0,448138.4377363815,34727.02699586305,0,1,0.16536495417463934,1,9.67642623008521,56.112360665003706,7934.181769636198,708.2418981096034,11.202643885957096,2.013028074889598,307.86776415435736,0.0,0.0,0.06192952050837666,0.21679118057000574,5.014285714285714,0.9810874704491725,199.73539715550456,6510,19.350980043411255
core,200,3000000.0,33,3,exclude,launch,0,0.0,prior,0.0,gzz_rev,12600.0,43200.0,2932701.1833474124,0,2806552.5996190943,126148.5837283178,0,16,0.8517393664033058,41,9.67642623008521,55.76678021350988,7934.181769636198,711.5480392020672,11.150591853971829,2.0160912755867972,309.7324440970815,0.0,0.0,0.172396100564392,0.20657621541623924,4.492236819655349,0.9385342789598109,246.71683102850798,5861,16.647610664367676
core,200,3000000.0,32,3,exclude,launch,0,0.0,prior,0.0,gzz_rev,12600.0,43200.0,3173948.265897481,0,2978736.412248668,195211.85364881298,0,15,0.8140577579861358,33,9.67642623008521,59.16302619023188,7934.181769636198,671.1866364784796,11.821125955761774,2.014634681425166,308.84506102522465,0.0,0.0,0.16922069417157826,0.20591221079665054,4.504264577893821,0.9243498817966903,251.80003651057226,5745,17.13782286643982
core,200,3000000.0,31,3,exclude,launch,0,0.0,prior,0.0,gzz_rev,12600.0,43200.0,1164531.0271815383,0,1094078.208404038,70452.8187775003,0,6,0.5828834797755699,21,9.67642623008521,57.35958494519753,7934.181769636198,692.3231941712099,11.46022816574031,2.0145363369060845,308.7851936708449,0.0,0.0,0.11337008959338388,0.20513007775923647,4.42837528604119,0.9479905437352246,224.85902631598236,6555,18.612185955047607
core,200,3000000.0,34,3,exclude,launch,0,0.0,prior,0.0,gzz_rev,12600.0,43200.0,4016531.3349085003,0,3815423.326925904,201108.00798259626,0,22,0.9090835184505811,47,9.67642623008521,64.73081527991278,7934.181769636198,612.9963603129299,12.94327712743002,2.016141523053781,309.76307846221744,0.0,0.0,0.11315521863733013,0.16766263221904584,3.387401768172888,0.8936170212765957,236.0347166819871,8144,17.805758476257324
core,200,3000000.0,20,4,exclude,launch,0,0.0,prior,0.0,gzz_rev,12600.0,43200.0,384235.8123056058,0,359126.0394129882,25109.7728926176,0,1,0.19686174397209916,1,12.059729542696003,53.75683081416159,6300.314603527087,739.8140103382977,8.516079062420184,2.011563645215875,306.97830249672876,0.0,0.0,0.06903238316850882,0.2774173080270909,6.928202479338843,0.9682926829268292,243.53068312744517,3872,16.3051335811615
core,200,3000000.0,22,4,exclude,launch,0,0.0,prior,0.0,gzz_rev,12600.0,43200.0,340564.3364649113,0,319806.8854982392,20757.45096667206,0,1,0.2221080501535285,1,12.059729542696003,45.64774762936255,6300.314603527087,871.0246816101519,7.233221671606941,2.012056501858588,307.2775088862727,0.0,0.0,0.11824175824175824,0.3141016281848303,7.545242265032107,0.9731051344743277,252.2522810119033,3426,16.029810190200806
core,200,3000000.0,21,4,exclude,launch,0,0.0,prior,0.0,gzz_rev,12600.0,43200.0,308484.66867130453,0,290093.1400357466,18391.528635557952,0,1,0.2452041390393585,1,12.059729542696003,48.072380877129156,6300.314603527087,827.4261359036517,7.614352907340018,2.0112456612485254,306.7853362181902,0.0,0.0,0.013638430065161388,0.2705944284150584,6.291607969410344,0.973170731707317,208.95047855515767,4969,17.717161417007446
core,200,3000000.0,25,4,exclude,launch,0,0.0,prior,0.0,gzz_rev,12600.0,43200.0,386103.0092342715,0,360898.31369835493,25204.69553591654,0,1,0.19591101397196833,1,12.059729542696003,48.55126426968152,6300.314603527087,818.7333524939436,7.695197202282891,2.0125513082669935,307.57804556195987,0.0,0.0,0.1045446978525054,0.26775248657612705,5.8778220451527226,0.9706601466992665,245.72776760416883,4518,16.7041015625
core,200,3000000.0,24,4,exclude,launch,0,0.0,prior,0.0,gzz_rev,12600.0,43200.0,391703.40359443414,0,363079.68371942634,28623.71987500785,0,1,0.19310879882450502,1,12.059729542696003,53.34916989599644,6300.314603527087,745.2854380696849,8.453559242811881,2.0120542443118445,307.27613802888544,0.0,0.0,0.08356676003734827,0.2504566031135789,5.793089178564039,0.9658536585365853,233.05518631623065,4833,17.079577207565308
core,200,3000000.0,23,4,exclude,launch,0,0.0,prior,0.0,gzz_rev,12600.0,43200.0,377647.54854263226,0,351879.35250691074,25768.196035721525,0,1,0.20029823932953963,1,12.059729542696003,63.762048816888836,6300.314603527087,623.001743105671,10.112836237214914,2.013902596100129,308.39954231357433,0.0,0.0,0.054223400409687914,0.19338971480644604,4.197122302158274,0.9657701711491442,248.2362514148939,6255,17.597492218017578
core,200,3000000.0,26,4,exclude,launch,0,0.0,prior,0.0,gzz_rev,12600.0,43200.0,421534.5706039868,0,388633.0242025282,32901.54640145863,0,1,0.17944423537383375,1,12.059729542696003,55.96789854190109,6300.314603527087,709.745897982175,8.876859480891731,2.013947269137942,308.42671937768705,0.0,0.0,0.12047832585949178,0.22676887199011284,5.1210013908205845,0.9755501222493888,252.6705515268444,5033,17.110958099365234
core,200,3000000.0,3,5,exclude,launch,0,0.0,prior,0.0,gzz_rev,12600.0,43200.0,773348.4472243045,0,700056.324346701,73292.12287760348,0,0,0.0,0,10.230063699098567,21.153539244487618,7486.75482575108,1860.622069103044,4.023791263187716,2.0325852916109173,319.8697153353609,0.0,0.0,0.0,2.571402614151246,67.35897435897436,0.9295039164490861,1243.4519040445723,78,9.755354642868042
core,200,3000000.0,4,5,exclude,launch,0,0.0,prior,0.0,gzz_rev,12600.0,43200.0,629964.9037578807,0,575129.6889484355,54835.214809445184,0,0,0.0,0,10.230063699098567,27.630922704687528,7486.75482575108,1429.4952551239771,5.237341501425109,2.025405014553864,315.436633161663,0.0,0.0,0.0,1.675932430879102,43.839506172839506,0.9556135770234987,932.0660129198593,162,10.004250288009644
core,200,3000000.0,27,4,exclude,launch,0,0.0,prior,0.0,gzz_rev,12600.0,43200.0,381938.302771038,0,355837.4640335822,26100.838737455815,0,1,0.1980500081497661,1,12.059729542696003,55.74100919874635,6300.314603527087,713.158188608228,8.834385840570011,2.012469403744995,307.52828805592367,0.0,0.0,0.0622031738677169,0.21718272282594417,4.565511932255581,0.9731051344743277,219.81275573170652,6495,17.512041330337524
core,200,3000000.0,28,4,exclude,launch,0,0.0,prior,0.0,gzz_rev,12600.0,43200.0,431073.2891031224,0,402125.64767463546,28947.6414284869,0,1,0.17547027092131987,1,12.059729542696003,50.81988912908282,6300.314603527087,781.9874839842477,8.056797241084743,2.013058851853713,307.88647119574904,0.0,0.0,0.09639361844751307,0.2394636121150481,5.285332382819462,0.9657701711491442,219.69654912104346,5611,17.580414295196533
core,200,3000000.0,29,4,exclude,launch,0,0.0,prior,0.0,gzz_rev,12600.0,43200.0,506666.56269836077,0,463812.92960181093,42853.633096549835,0,1,0.1492946513702,8,12.059729542696003,62.05040612712339,6300.314603527087,640.1565787391247,9.841833721269273,2.0139985133880174,308.45789554593273,0.0,0.0,0.10280266482885367,0.19514255532708205,4.266004583651642,0.9609756097560975,233.71811924589787,6545,16.822614192962646
core,200,3000000.0,34,4,exclude,launch,0,0.0,prior,0.0,gzz_rev,12600.0,43200.0,2682547.251594843,0,2438659.0079506123,243888.24364423082,0,14,0.8272793366894304,37,12.059729542696003,59.65600640521402,6300.314603527087,665.1455350369912,9.472084335914099,2.016132777013011,309.7577461560522,0.0,0.0,0.16886481394253414,0.18965625676282058,3.4927173061863743,0.8679706601466992,292.2981157223482,6385,15.380913496017456
core,200,3000000.0,31,4,exclude,launch,0,0.0,prior,0.0,gzz_rev,12600.0,43200.0,692696.917003585,0,638911.5470585646,53785.36994502036,0,2,0.2639188901482592,15,12.059729542696003,57.63937659558273,6300.314603527087,688.8322586257079,9.146369852214631,2.014917341498906,309.0171630225623,0.0,0.0,0.11045077371607984,0.2004582673421443,4.095841407065136,0.9584352078239609,237.1648990155874,6709,17.521419525146484
core,200,3000000.0,30,4,exclude,launch,0,0.0,prior,0.0,gzz_rev,12600.0,43200.0,601849.67044727,0,546984.5122445171,54865.15820275292,0,2,0.28307923054196027,12,12.059729542696003,66.62799317029398,6300.314603527087,596.15604675331,10.568230646722206,2.0140641590918387,308.4978356263912,0.0,0.0,0.06227711576933113,0.17082081908804073,3.579847469378322,0.9462102689486552,210.45918297696642,8654,18.53267812728882
core,200,3000000.0,33,4,exclude,launch,0,0.0,prior,0.0,gzz_rev,12600.0,43200.0,2011669.5041955577,0,1840665.8212451898,171003.68295036798,0,11,0.8041044704845823,29,12.059729542696003,58.229607298359845,6300.314603527087,682.3749960545784,9.232921252910574,2.0133673472880833,308.07401416490615,0.0,0.0,0.11368198626518754,0.1980030582104258,3.8591667835601067,0.8973105134474327,236.67537047946843,7129,17.21188473701477
core,200,3000000.0,32,4,exclude,launch,0,0.0,prior,0.0,gzz_rev,12600.0,43200.0,1598808.9737861552,0,1464156.067917814,134652.90586834133,0,7,0.7338708067130815,21,12.059729542696003,56.29806317354539,6300.314603527087,705.510939028536,8.93014445984693,2.014154500204384,308.55280508544115,0.0,0.0,0.1244212962962963,0.2067926076096674,4.23323076923077,0.9339853300733496,236.74233865620096,6500,17.436487436294556
core,200,3000000.0,20,5,exclude,launch,0,0.0,prior,0.0,gzz_rev,12600.0,43200.0,576914.4511632624,0,525337.9255226138,51576.525640648615,0,1,0.5286746045220728,1,10.230063699098567,51.34619526376126,7486.75482575108,774.5712290078591,9.665676370836538,2.0115014853752458,306.94057647489865,0.0,0.0,0.07487520798668885,0.29730373339999294,7.411829740187949,0.9605263157894737,243.2241397185397,3618,14.523637056350708
core,200,3000000.0,21,5,exclude,launch,0,0.0,prior,0.0,gzz_rev,12600.0,43200.0,550670.8812189078,0,499558.95367589605,51111.92754301173,0,1,0.5538773824158028,1,10.230063699098567,58.59548914555416,7486.75482575108,678.718153890635,11.030727236091368,2.0115754996108417,306.98549742387723,0.0,0.0,0.058269761402369745,0.2467975596355107,6.136127917026793,0.968421052631579,229.69872832943548,4628,15.329530000686646
core,200,3000000.0,22,5,exclude,launch,0,0.0,prior,0.0,gzz_rev,12600.0,43200.0,578886.1672191435,0,525044.4301835368,53841.737035606704,0,1,0.526880464783676,1,10.230063699098567,56.61693343816593,7486.75482575108,702.3452962438371,10.659649699073178,2.0118378101938355,307.144726241357,0.0,0.0,0.07469638995175512,0.2523576105779738,6.413465783664459,0.958005249343832,224.77564473059837,4530,14.99521517753601
core,200,3000000.0,23,5,exclude,launch,0,0.0,prior,0.0,gzz_rev,12600.0,43200.0,622700.8037401232,0,564369.5852214814,58331.2185186417,0,1,0.48980798065928793,1,10.230063699098567,52.02133518887827,7486.75482575108,764.4195122493097,9.794039406086393,2.0117625912090906,307.09906229104007,0.0,0.0,0.09799635701275046,0.27659254226022034,6.554050785973398,0.9578947368421052,240.9011990080548,4135,14.870687484741211
core,200,3000000.0,3,6,exclude,launch,0,0.0,prior,0.0,gzz_rev,12600.0,43200.0,852295.2427339618,0,775401.8184709452,76893.42426301651,0,0,0.0,0,9.820645030526062,25.267798517665366,7812.771097824855,1558.085497558168,5.014340426163411,2.032035526462905,319.52919836446966,0.0,0.0,0.0,2.685244008419172,67.17567567567568,0.9320843091334895,1321.3071239981498,74,9.934711933135986
core,200,3000000.0,24,5,exclude,launch,0,0.0,prior,0.0,gzz_rev,12600.0,43200.0,593357.0787278312,0,539026.5910900454,54330.48763778585,0,1,0.5140303687614624,1,10.230063699098567,58.110169042061855,7486.75482575108,683.970360620279,10.946022308571225,2.0127997318766075,307.72898906679853,0.0,0.0,0.0755193711398091,0.22586233474298448,5.510356409777944,0.968421052631579,221.09451559440186,5359,15.82402229309082
core,200,3000000.0,26,5,exclude,launch,0,0.0,prior,0.0,gzz_rev,12600.0,43200.0,705335.5985550383,0,639795.2025140255,65540.39604101283,0,1,0.43242285504966893,1,10.230063699098567,58.30042938216699,7486.75482575108,681.1557617733739,10.991252288991111,2.0145210003951046,308.77585807280536,0.0,0.0,0.09444151738672286,0.21170074747627196,4.437292286164072,0.95,256.9875054607195,5717,16.022459268569946
core,200,3000000.0,25,5,exclude,launch,0,0.0,prior,0.0,gzz_rev,12600.0,43200.0,664412.7664005727,0,600860.4164800599,63552.34992051293,0,1,0.4590578865585772,1,10.230063699098567,69.03971794918377,7486.75482575108,575.5601049774925,13.007772361226898,2.013261995448806,308.009961426269,0.0,0.0,0.04463929852530889,0.1776808793446099,3.7403833443489756,0.9578947368421052,230.58015615626738,7565,17.92186212539673
core,200,3000000.0,28,5,exclude,launch,0,0.0,prior,0.0,gzz_rev,12600.0,43200.0,708134.6816050286,0,640669.1520098115,67465.52959521701,0,1,0.4307075471319873,1,10.230063699098567,64.02312630641653,7486.75482575108,620.3931042760044,12.06775957719273,2.0141237368249274,308.5340860775263,0.0,0.0,0.07460035523978685,0.18663775879855218,3.859086491739553,0.9552631578947368,234.61801348225683,7203,17.686731815338135
core,200,3000000.0,27,5,exclude,launch,0,0.0,prior,0.0,gzz_rev,12600.0,43200.0,716064.2486359836,0,647851.6922229314,68212.55641305202,0,1,0.4259400296007348,1,10.230063699098567,59.238366810969715,7486.75482575108,670.381551117147,11.16790104571776,2.0144887962674485,308.7562553256531,0.0,0.0,0.07000334410879501,0.19919436892761153,4.0219454329774615,0.9605263157894737,240.3242845422295,6744,18.262317657470703
core,200,3000000.0,30,5,exclude,launch,0,0.0,prior,0.0,gzz_rev,12600.0,43200.0,769121.1566746951,0,699412.5792504273,69708.57742426773,0,1,0.3965538066564431,13,10.230063699098567,59.64521695217456,7486.75482575108,665.5186107564223,11.24950482938667,2.015367077009101,309.29109032220157,0.0,0.0,0.11487824769893977,0.19799159684929513,4.047692784143698,0.9526315789473684,249.7041396414352,6458,17.25797200202942
core,200,3000000.0,29,5,exclude,launch,0,0.0,prior,0.0,gzz_rev,12600.0,43200.0,705894.0394950385,0,643623.8712586289,62270.16823640956,0,1,0.43208072584393914,6,10.230063699098567,58.66182769145869,7486.75482575108,677.2081014698606,11.055323776400925,2.013781060997955,308.32561189144167,0.0,0.0,0.09298306256481162,0.2058648219800725,4.431282522191613,0.9578947368421052,225.25863837190585,6534,18.414597749710083
core,200,3000000.0,31,5,exclude,launch,0,0.0,prior,0.0,gzz_rev,12600.0,43200.0,740433.4112167795,0,666969.9218821005,73463.48933467906,0,1,0.41192331623499545,19,10.230063699098567,62.11695023786332,7486.75482575108,639.2458501195258,11.71185518740749,2.014707228709184,308.88922799840174,0.0,0.0,0.07511169024571854,0.18290236104527288,3.791785228256835,0.9552631578947368,212.7253892713406,8083,18.98191785812378
core,200,3000000.0,32,5,exclude,launch,0,0.0,prior,0.0,gzz_rev,12600.0,43200.0,1602032.5431338476,0,1485889.3972396194,116143.14589422838,0,7,0.7238920598383778,23,10.230063699098567,65.05991757915504,7486.75482575108,610.1778401689871,12.269791416347802,2.015208781174259,309.1946608119975,0.0,0.0,0.09140531038949024,0.17354501031680422,3.4473231827111985,0.9342105263157895,232.13440772550948,8144,18.73510980606079
core,200,3000000.0,16,6,exclude,launch,0,0.0,prior,0.0,gzz_rev,12600.0,43200.0,455956.37618592195,0,420594.6315290155,35361.74465690647,0,1,0.4490164014387125,1,9.820645030526062,41.90391978591671,7812.771097824855,948.8268892957999,8.234137529158069,2.0120944047063247,307.30052521135497,0.0,0.0,0.024770386863345394,0.3735323452139642,9.130273871206514,0.966824644549763,265.19431153301315,2702,15.444689750671387
core,200,3000000.0,33,5,exclude,launch,0,0.0,prior,0.0,gzz_rev,12600.0,43200.0,1969091.2445446227,0,1839399.32501239,129691.91953223266,0,11,0.7590891892148635,32,10.230063699098567,62.77238800285704,7486.75482575108,632.3289322855244,11.839968793916391,2.0154790259048494,309.35929561579854,0.0,0.0,0.12212171052631579,0.18118151170428226,3.7164913239513595,0.9105263157894737,239.55011112580814,7319,19.177457332611084
core,200,3000000.0,34,5,exclude,launch,0,0.0,prior,0.0,gzz_rev,12600.0,43200.0,2798236.9010844575,0,2626494.6321657924,171742.2689186652,0,16,0.8599872882878945,38,10.230063699098567,69.40678179349862,7486.75482575108,571.6368247962744,13.097047812515026,2.016359106364817,309.89574992720685,0.0,0.0,0.10318820706205005,0.1570373998778336,3.152638762511374,0.9078947368421053,235.32758861685164,8792,19.263769388198853
core,200,3000000.0,17,6,exclude,launch,0,0.0,prior,0.0,gzz_rev,12600.0,43200.0,472419.0456455849,0,436668.4006684644,35750.64497712048,0,1,0.4333584223241717,1,9.820645030526062,49.762260592787875,7812.771097824855,798.492941793802,9.784395940023698,2.013347798731316,308.06212835808117,0.0,0.0,0.038594969644405897,0.29097996394426645,7.132929642445213,0.966824644549763,264.59746639837954,3468,16.063626527786255
core,200,3000000.0,18,6,exclude,launch,0,0.0,prior,0.0,gzz_rev,12600.0,43200.0,464146.353396449,0,428465.3949533406,35680.9584431084,0,1,0.44109849675558577,1,9.820645030526062,47.13959256085702,7812.771097824855,843.3087812223494,9.264425168798185,2.012414972851217,307.4952231759993,0.0,0.0,0.038386888074185894,0.30847519445995614,7.157003444316877,0.9691943127962085,262.2183738789708,3484,16.376991033554077
core,200,3000000.0,20,6,exclude,launch,0,0.0,prior,0.0,gzz_rev,12600.0,43200.0,476416.08970896626,0,441952.7782019998,34463.3115069665,0,1,0.429737126919667,1,9.820645030526062,47.956697122144945,7812.771097824855,829.0003982028877,9.424327316080221,2.012268751731619,307.4064077196868,0.0,0.0,0.07695605573419079,0.3065797566464038,7.257981755986317,0.9620853080568721,256.8502015027426,3508,16.377327919006348
core,200,3000000.0,21,6,exclude,launch,0,0.0,prior,0.0,gzz_rev,12600.0,43200.0,476453.6124844566,0,440316.8005788814,36136.81190557521,0,1,0.4297030689244949,1,9.820645030526062,61.662474597579276,7812.771097824855,644.7667338526077,12.117205630541786,2.0121780867331847,307.35134377885527,0.0,0.0,0.05434947624108092,0.23029227446012993,5.840863251311013,0.966824644549763,225.8402788124555,4958,17.935197591781616
core,200,3000000.0,22,6,exclude,launch,0,0.0,prior,0.0,gzz_rev,12600.0,43200.0,499579.48738727305,0,462389.69071863894,37189.79666863409,0,1,0.40980995164319145,1,9.820645030526062,61.14681101333705,7812.771097824855,649.9495136726874,12.020581496671975,2.012966519773235,307.83035105445,0.0,0.0,0.0872385276471542,0.23140588273754648,5.436195394878416,0.966824644549763,258.6146501844504,4647,17.57796812057495
core,200,3000000.0,24,6,exclude,launch,0,0.0,prior,0.0,gzz_rev,12600.0,43200.0,510955.28225170774,0,469304.3482959215,41650.93395578624,0,1,0.4006858383722768,1,9.820645030526062,53.50305304730521,7812.771097824855,742.7749290357041,10.518355954700386,2.0130482551721043,307.88003019217354,0.0,0.0,0.08170731707317073,0.24501202986105552,5.580044525399717,0.9715639810426541,236.81789449545914,4941,18.145134687423706
core,200,3000000.0,23,6,exclude,launch,0,0.0,prior,0.0,gzz_rev,12600.0,43200.0,544252.888868417,0,497186.54985286156,47066.33901555551,0,1,0.3761665050309664,1,9.820645030526062,64.81391835379092,7812.771097824855,613.1557414687579,12.741903189408426,2.013033072332149,307.87080169161385,0.0,0.0,0.056622851365015166,0.20345769869479993,4.819220430107527,0.957345971563981,227.42115170316643,5952,19.092811822891235
core,200,3000000.0,25,6,exclude,launch,0,0.0,prior,0.0,gzz_rev,12600.0,43200.0,562142.4450534328,0,514473.9061342025,47668.53891923036,0,1,0.3641946166468724,1,9.820645030526062,49.644280869421934,7812.771097824855,800.1462753716478,9.764178548723507,2.0139624780568957,308.43597207218403,0.0,0.0,0.12406990828863125,0.2626912850941871,5.864982778415614,0.966824644549763,255.78239254420396,4355,17.588297605514526
core,200,3000000.0,4,7,exclude,launch,0,0.0,prior,0.0,gzz_rev,12600.0,43200.0,537212.2306197217,0,505705.6159613665,31506.614658355193,0,0,0.0,0,10.273942215221508,39.2925966425838,7453.356364169037,1005.9963319102347,7.40892996102306,2.023871150709099,314.49363997631247,0.0,0.0,0.0,1.8350995909614254,49.88356164383562,0.9728395061728395,894.6820856089763,146,10.673347473144531
core,200,3000000.0,27,6,exclude,launch,0,0.0,prior,0.0,gzz_rev,12600.0,43200.0,643043.037758811,0,585579.8843729845,57463.15338582657,0,1,0.3183815242755099,1,9.820645030526062,56.74786154118355,7812.771097824855,699.9465253539822,11.16195425625368,2.014074934334185,308.5043917334647,0.0,0.0,0.11194548741482409,0.22383858973189835,4.9075272794525615,0.9572446555819477,245.96432609603102,5407,19.497929096221924
core,200,3000000.0,26,6,exclude,launch,0,0.0,prior,0.0,gzz_rev,12600.0,43200.0,585134.6220489432,0,533115.9071064675,52018.71494247568,0,1,0.3498854645312189,1,9.820645030526062,61.79556015016329,7812.771097824855,642.711115268811,12.155960760935649,2.0142663748211502,308.6208837278512,0.0,0.0,0.0731650303880318,0.1981069378418386,4.369996897300652,0.9570405727923628,231.16029841279828,6446,19.955151796340942
core,200,3000000.0,29,6,exclude,launch,0,0.0,prior,0.0,gzz_rev,12600.0,43200.0,839099.9182021683,0,738273.6254275239,100826.29277464442,0,1,0.24399271225965682,7,9.820645030526062,62.78348341029331,7812.771097824855,632.0204499891504,12.361579594392829,2.0161063999973763,309.7416648346884,0.0,0.0,0.11790758917883648,0.19289955261889524,4.022940895332165,0.9427207637231504,258.24881458450784,6277,17.327343463897705
core,200,3000000.0,30,6,exclude,launch,0,0.0,prior,0.0,gzz_rev,12600.0,43200.0,812070.9951261086,0,720094.4703944105,91976.52473169813,0,1,0.2521112627229547,18,9.820645030526062,55.19186290070678,7812.771097824855,718.7887696002332,10.869356100499543,2.0165716196017307,310.02535733390573,0.0,0.0,0.14302836596084698,0.21471268403707733,4.3660350628652385,0.9498806682577565,264.42850357664753,5647,17.16281533241272
core,200,3000000.0,28,6,exclude,launch,0,0.0,prior,0.0,gzz_rev,12600.0,43200.0,804285.3715241187,0,696364.3989253254,107920.97259879338,0,1,0.2545481982649973,1,9.820645030526062,63.785057393973744,7812.771097824855,622.3360151698408,12.553943380076891,2.015329683536136,309.26830988087704,0.0,0.0,0.06064117419853225,0.18132511677084903,3.745568969946057,0.9498806682577565,223.22794121882862,7786,19.698500156402588
core,200,3000000.0,17,7,exclude,launch,0,0.0,prior,0.0,gzz_rev,12600.0,43200.0,241213.9384852329,0,233599.7877094139,7614.150775818998,0,1,0.1271780525615034,1,10.273942215221508,42.14230719469116,7453.356364169037,943.8274451083402,7.896948115673284,2.0113102951847077,306.8245539439742,0.0,0.0,0.02311088029083355,0.37153510009681046,9.139896373056995,0.9703703703703703,247.28540961052542,2895,14.599659442901611
core,200,3000000.0,33,6,exclude,launch,0,0.0,prior,0.0,gzz_rev,12600.0,43200.0,2626303.164589033,0,2417972.6038415204,208330.56074751267,0,13,0.8179644828248739,39,9.820645030526062,57.56137428076111,7812.771097824855,689.6163977697398,11.32915505358025,2.0153535893010392,309.28287339195094,0.0,0.0,0.1285193772772441,0.19767790866729293,3.905566162432075,0.8949880668257757,245.11824312510765,6809,17.13649559020996
core,200,3000000.0,31,6,exclude,launch,0,0.0,prior,0.0,gzz_rev,12600.0,43200.0,1459494.1901617637,0,1301905.7460259262,157588.44413583764,0,4,0.5517035977655171,26,9.820645030526062,59.426999920579526,7812.771097824855,667.8523310602794,11.698351169069566,2.0156992522152177,309.49349128516576,0.0,0.0,0.12570224719101122,0.19907979924845223,4.105886016817191,0.9216152019002375,247.27322437052922,6422,17.644980907440186
core,200,3000000.0,18,7,exclude,launch,0,0.0,prior,0.0,gzz_rev,12600.0,43200.0,274923.3775315615,0,265156.38299936434,9766.99453219714,0,1,0.11158425021066302,1,10.273942215221508,48.529339681455156,7453.356364169037,819.508490304545,9.094910488845853,2.0115560931600207,306.9737188827492,0.0,0.0,0.03959074733096085,0.31783604283948397,7.50561797752809,0.9752475247524752,257.15325174902455,3382,14.561573028564453
core,200,3000000.0,32,6,exclude,launch,0,0.0,prior,0.0,gzz_rev,12600.0,43200.0,2102041.212108524,0,1928025.3983114313,174015.8137970928,0,9,0.7503721324723076,32,9.820645030526062,63.18912290485315,7812.771097824855,628.2441888582205,12.435882792682717,2.0152047569700047,309.19220957235785,0.0,0.0,0.09458421355867103,0.180214464266711,3.454707833631028,0.9049881235154394,240.76256765456668,7838,18.85305666923523
core,200,3000000.0,19,7,exclude,launch,0,0.0,prior,0.0,gzz_rev,12600.0,43200.0,248096.07287707462,0,240866.5424195846,7229.530457489996,0,1,0.12365015935758787,1,10.273942215221508,53.3777035615636,7453.356364169037,744.8998215212576,10.005850651095017,2.0120197123928865,307.2551694815344,0.0,0.0,0.03145317167457389,0.2668449796779596,6.382208732197058,0.9753086419753086,239.35725774791297,4283,16.15713357925415
core,200,3000000.0,21,7,exclude,launch,0,0.0,prior,0.0,gzz_rev,12600.0,43200.0,279223.88094392075,0,269197.41786399984,10026.46307992096,0,1,0.10986567067092465,1,10.273942215221508,54.49050594463817,7453.356364169037,729.3846099995409,10.218691568188872,2.012855280038852,307.76274549077453,0.0,0.0,0.08161778101657861,0.26057674043491985,6.330668604651163,0.9702970297029703,249.86575404695142,4128,15.388519287109375
core,200,3000000.0,34,6,exclude,launch,0,0.0,prior,0.0,gzz_rev,12600.0,43200.0,4547052.634075277,0,4203259.51126682,343793.1228084562,0,25,0.9143297034881116,42,9.820645030526062,64.52959979653602,7812.771097824855,615.7682620444093,12.687843104946186,2.013324203885446,308.047782654022,0.0,0.0,0.12179614544009537,0.17972962428502423,3.7590345555262465,0.837708830548926,228.3913743514892,7582,18.025694131851196
core,200,3000000.0,22,7,exclude,launch,0,0.0,prior,0.0,gzz_rev,12600.0,43200.0,333187.57312827435,0,319596.88356209244,13590.68956618189,0,1,0.09207161797547608,1,10.273942215221508,51.632807074449765,7453.356364169037,769.6524509930356,9.684054607443173,2.0131196762476247,307.9234435200276,0.0,0.0,0.0775207182320442,0.2622192888135725,5.951790633608815,0.9777227722772277,251.4527386862248,4356,15.649343967437744
core,200,3000000.0,20,7,exclude,launch,0,0.0,prior,0.0,gzz_rev,12600.0,43200.0,244032.93813536692,0,235876.76312786838,8156.175007498524,0,1,0.12570892758019972,1,10.273942215221508,54.89228657691445,7453.356364169037,724.4776682527399,10.287903534893877,2.011655745402079,307.03420416151084,0.0,0.0,0.028213663021080995,0.2548372910270761,6.018959342742785,0.9826732673267327,228.5361336622419,4747,16.5061354637146
core,200,3000000.0,23,7,exclude,launch,0,0.0,prior,0.0,gzz_rev,12600.0,43200.0,342218.1157094299,0,327218.10698717594,15000.008722253982,0,1,0.08964200765247997,1,10.273942215221508,54.392566539697434,7453.356364169037,730.3597097332135,10.205048642252741,2.0137874405396747,308.3294923787953,0.0,0.0,0.0855734054397964,0.2417443797390363,5.532459293719603,0.9752475247524752,249.2123897063298,4729,16.01011610031128
core,200,3000000.0,24,7,exclude,launch,0,0.0,prior,0.0,gzz_rev,12600.0,43200.0,299058.9230801282,0,286473.6330471413,12585.290032986895,0,1,0.10257884510278527,1,10.273942215221508,48.84943338633359,7453.356364169037,813.2980603340662,9.164360186851464,2.0136348541270297,308.2366852503375,0.0,0.0,0.08688604311881991,0.2608689928014607,5.658257869771453,0.9702233250620348,247.90710555837634,4638,16.440520524978638
core,200,3000000.0,27,7,exclude,launch,0,0.0,prior,0.0,gzz_rev,12600.0,43200.0,382920.1276969667,0,362837.0652756478,20083.06242131893,0,1,0.08011362351659704,1,10.273942215221508,44.15190055383509,7453.356364169037,899.179183384856,8.289066853295846,2.0150894997455544,309.1220077481039,0.0,0.0,0.16644993498049415,0.2826329417617203,5.4854249011857705,0.9653465346534653,293.71630868091006,4048,15.639851331710815
core,200,3000000.0,25,7,exclude,launch,0,0.0,prior,0.0,gzz_rev,12600.0,43200.0,326323.32365129393,0,311959.8530088788,14363.470642415079,0,1,0.09400835528392537,1,10.273942215221508,56.66449306751412,7453.356364169037,701.4555143327142,10.625558159963033,2.0126990679570382,307.66782067231617,0.0,0.0,0.05550726437352539,0.22176070902950007,4.577601847270328,0.9727722772277227,234.6831363220703,6063,17.02796483039856
core,200,3000000.0,4,8,exclude,launch,0,0.0,prior,0.0,gzz_rev,12600.0,43200.0,497581.9307414029,0,466539.4932308556,31042.43751054726,0,0,0.0,0,11.933896810827438,33.156186601874225,6370.260745628138,1192.00169354846,5.34417088508034,2.024177249711525,314.68171164799895,0.0,0.0,0.0,1.8494794004532327,51.226027397260275,0.9718670076726342,890.9191472251342,146,10.475754022598267
core,200,3000000.0,26,7,exclude,launch,0,0.0,prior,0.0,gzz_rev,12600.0,43200.0,357197.2694911238,0,340132.9902295625,17064.279261561245,0,1,0.0858828484073955,1,10.273942215221508,65.82808764926106,7453.356364169037,603.2773222596563,12.354776301306153,2.014474378819105,308.7474795841226,0.0,0.0,0.0318894499069891,0.17390993445340516,3.518819101387909,0.9678217821782178,218.10923566471425,8502,19.50104069709778
core,200,3000000.0,28,7,exclude,launch,0,0.0,prior,0.0,gzz_rev,12600.0,43200.0,408222.17594420636,0,387339.03112442564,20883.144819780766,0,1,0.0751480952162556,1,10.273942215221508,49.789299342716085,7453.356364169037,796.9276357595297,9.352613750262844,2.0162068446660806,309.8029053438577,0.0,0.0,0.13201417601890136,0.23733057031312715,4.882872277810477,0.9653465346534653,261.9160517875963,5097,17.1291344165802
core,200,3000000.0,29,7,exclude,launch,0,0.0,prior,0.0,gzz_rev,12600.0,43200.0,416403.19629896886,0,386228.38949286763,30174.80680610125,0,1,0.07367167019826766,6,10.273942215221508,57.356208819522564,7453.356364169037,691.7611118805712,10.774465687883042,2.016291901374295,309.854768639694,0.0,0.0,0.10568720379146919,0.20109433294745538,3.7872105843439914,0.9727722772277227,271.26339731285674,6349,17.339931964874268
core,200,3000000.0,30,7,exclude,launch,0,0.0,prior,0.0,gzz_rev,12600.0,43200.0,483000.9998545081,0,443765.55818217056,39235.441672337525,0,1,0.06351357234557062,14,10.273942215221508,62.79602128916963,7453.356364169037,631.5759076963167,11.801204373604552,2.0171226407711034,310.36153991075486,0.0,0.0,0.07519640852974187,0.1756432686765023,3.3914232442510874,0.9628712871287128,238.8377205670386,8045,18.639235973358154
core,200,3000000.0,20,8,exclude,launch,0,0.0,prior,0.0,gzz_rev,12600.0,43200.0,354004.92053788126,0,340800.5256175986,13204.394920282677,0,1,0.3622369830880744,1,11.933896810827438,40.81708733421549,6370.260745628138,974.2463115452563,6.538655235475554,2.0117740695196793,307.10603032572385,0.0,0.0,0.037720033528918694,0.33728360422486453,7.433231112350153,0.9870466321243523,244.9726750755649,3587,17.331968069076538
core,200,3000000.0,31,7,exclude,launch,0,0.0,prior,0.0,gzz_rev,12600.0,43200.0,545178.3275229082,0,504240.91360826936,40937.41391463884,0,1,0.05626987977792092,19,10.273942215221508,59.33643810680546,7453.356364169037,668.2237170569182,11.153983574537166,2.0176537017367817,310.68571699757223,0.0,0.0,0.08825847123719464,0.18467389993177327,3.366374230718869,0.9578163771712159,253.20819375701424,7637,19.972007274627686
core,200,3000000.0,33,7,exclude,launch,0,0.0,prior,0.0,gzz_rev,12600.0,43200.0,1961672.8202630286,0,1848745.6790705083,112927.14119252024,0,11,0.7594992265828481,31,10.273942215221508,58.986408701170554,7453.356364169037,672.3355079917097,11.085769345177797,2.0172140443780835,310.4173236240052,0.0,0.0,0.14003129190880645,0.1900115141771322,3.5428189116859947,0.905940594059406,273.62065411808794,6726,18.43770432472229
core,200,3000000.0,21,8,exclude,launch,0,0.0,prior,0.0,gzz_rev,12600.0,43200.0,350240.1161585164,0,337233.00100118807,13007.115157328282,0,1,0.366130744303256,1,11.933896810827438,43.67590573480606,6370.260745628138,910.3857642387538,6.997320252425982,2.0119751340934586,307.22810160704205,0.0,0.0,0.014597342955551911,0.2926967730113454,6.152320767051645,0.9870466321243523,231.02849174690618,4589,18.80009698867798
core,200,3000000.0,32,7,exclude,launch,0,0.0,prior,0.0,gzz_rev,12600.0,43200.0,1412780.6077785334,0,1317959.9720472728,94820.6357312605,0,7,0.6473418648379494,26,10.273942215221508,62.04831345044679,7453.356364169037,638.865132748831,11.666556808476374,2.018137811292931,310.981380835308,0.0,0.0,0.09396664792954844,0.17411386737043888,3.2471658153731155,0.9356435643564357,250.17097091363078,8027,20.31154727935791
core,200,3000000.0,23,8,exclude,launch,0,0.0,prior,0.0,gzz_rev,12600.0,43200.0,369999.98673829774,0,355615.9427479183,14384.04399037946,0,1,0.346577510838332,1,11.933896810827438,44.86371672762409,6370.260745628138,886.4258114187387,7.186456738474744,2.0116496388999496,307.0304975659196,0.0,0.0,0.08637937668333974,0.3094904067011076,6.969053708439898,0.9792746113989638,239.37973695728533,3910,18.331076860427856
core,200,3000000.0,22,8,exclude,launch,0,0.0,prior,0.0,gzz_rev,12600.0,43200.0,393215.9993793552,0,376087.48605623905,17128.513323116164,0,1,0.32611509861342747,1,11.933896810827438,47.47535136525874,6370.260745628138,837.312063123431,7.607988737036834,2.012493337306265,307.54282742687343,0.0,0.0,0.043220745958059865,0.2715905501405037,5.876010208421948,0.9870466321243523,236.1001628680886,4702,18.9554283618927
core,200,3000000.0,34,7,exclude,launch,0,0.0,prior,0.0,gzz_rev,12600.0,43200.0,2670699.6867893976,0,2489644.768913119,181054.91787627837,0,16,0.8299827578756145,36,10.273942215221508,66.54299250324756,7453.356364169037,596.1884397467558,12.501678776822668,2.0165273128378995,309.99833332363244,0.0,0.0,0.09137268015382043,0.16267465813106796,3.1257638040217754,0.8613861386138614,231.7635319265324,9001,20.946279048919678
core,200,3000000.0,25,8,exclude,launch,0,0.0,prior,0.0,gzz_rev,12600.0,43200.0,415757.7354157254,0,395826.64754576,19931.08786996543,0,1,0.30843364654598954,1,11.933896810827438,47.32822501156116,6370.260745628138,839.8020306142539,7.585431462899365,2.0127639693770334,307.70725730049753,0.0,0.0,0.0659808963997061,0.26258594599666685,5.444574551131928,0.9818652849740933,234.13593318745532,5124,18.933101892471313
core,200,3000000.0,24,8,exclude,launch,0,0.0,prior,0.0,gzz_rev,12600.0,43200.0,373799.0422865454,0,356632.50365084707,17166.53863569833,0,1,0.34305511760962515,1,11.933896810827438,48.20645652199121,6370.260745628138,824.5770486080324,7.725488790140069,2.012581773561128,307.59655444445985,0.0,0.0,0.02269861286254729,0.24764957374177712,4.836598024443329,0.9844559585492227,225.7108238910892,5973,20.413986206054688
core,200,3000000.0,3,9,exclude,launch,0,0.0,prior,0.0,gzz_rev,12600.0,43200.0,893284.3843126772,0,798021.3076684191,95263.07664425798,0,0,0.0,0,10.304493718415957,22.80670185940439,7430.26982720097,1724.8995718628728,4.307653586565831,2.033591356551649,320.4933277014834,0.0,0.0,0.0,2.044674433761345,53.63636363636363,0.941031941031941,1262.3746730839587,99,10.777472257614136
core,200,3000000.0,28,8,exclude,launch,0,0.0,prior,0.0,gzz_rev,12600.0,43200.0,562530.7426110705,0,522552.1610841263,39978.581526944334,0,1,0.2279585179980744,1,11.933896810827438,48.25943012776219,6370.260745628138,822.8992881506052,7.741239830143426,2.0144714239042276,308.7456809754812,0.0,0.0,0.14287989805670595,0.2562752662742393,4.847016504443504,0.9740932642487047,284.5741146763043,4726,19.152228116989136
core,200,3000000.0,26,8,exclude,launch,0,0.0,prior,0.0,gzz_rev,12600.0,43200.0,431288.2860795315,0,406557.1226386387,24731.163440892808,0,1,0.2973270514245529,1,11.933896810827438,43.94299322957197,6370.260745628138,904.1389636549712,7.04566554667264,2.0135627364784163,308.19282623328473,0.0,0.0,0.021230916030534352,0.2555688659807901,4.466814509741803,0.9740932642487047,231.47528874666767,6313,21.26645302772522
core,200,3000000.0,29,8,exclude,launch,0,0.0,prior,0.0,gzz_rev,12600.0,43200.0,519738.7748226603,0,485124.3642959619,34614.41052669834,0,1,0.24672716492574628,6,11.933896810827438,51.25090574449539,6370.260745628138,774.8666992059507,8.22110532322024,2.014472972735093,308.7466237229928,0.0,0.0,0.12437603993344426,0.23530565848165938,4.62739322533137,0.9766839378238342,259.41453871480707,5432,19.42359185218811
core,200,3000000.0,4,9,exclude,launch,0,0.0,prior,0.0,gzz_rev,12600.0,43200.0,693939.9299275946,0,627381.8420279073,66558.0878996873,0,0,0.0,0,10.304493718415957,25.345530221615917,7430.26982720097,1557.4001732349395,4.7709445233765795,2.0266949593292596,316.23076185363306,0.0,0.0,0.0,1.5124699103997763,41.12290502793296,0.97,895.1269121150261,179,10.691849946975708
core,200,3000000.0,27,8,exclude,launch,0,0.0,prior,0.0,gzz_rev,12600.0,43200.0,482415.18925176916,0,457383.26686504064,25031.922386728525,0,1,0.2658159968239555,1,11.933896810827438,54.13302303756698,6370.260745628138,733.4628774291909,8.685184951631213,2.0148817736695896,308.9955043580198,0.0,0.0,0.025466893039049237,0.2020701392071719,3.649166771081318,0.9844559585492227,223.94308924808269,7981,22.355738639831543
core,200,3000000.0,31,8,exclude,launch,0,0.0,prior,0.0,gzz_rev,12600.0,43200.0,894377.8187156662,0,839968.3467121522,54409.472003514,0,3,0.46501301460063044,17,11.933896810827438,53.32562554781919,6370.260745628138,743.888450632653,8.563462358113556,2.0167228184893826,310.11758689109814,0.0,0.0,0.11544772620721988,0.20945367940156348,3.702538545397913,0.9818181818181818,273.75805064216627,6421,19.12293004989624
core,200,3000000.0,30,8,exclude,launch,0,0.0,prior,0.0,gzz_rev,12600.0,43200.0,523393.5452444463,0,488107.34182948153,35286.20341496481,0,1,0.2450043100055553,13,11.933896810827438,50.80346017759213,6370.260745628138,781.306361095069,8.153345554104618,2.0154653406188956,309.35095739947474,0.0,0.0,0.0322754168908015,0.20808242590993548,3.351364232098177,0.9792746113989638,231.62447347883042,8393,22.295193433761597
core,200,3000000.0,34,8,exclude,launch,0,0.0,prior,0.0,gzz_rev,12600.0,43200.0,2712222.061481899,0,2491246.163562753,220975.8979191462,0,16,0.8894480954434962,43,11.933896810827438,53.01554097827969,6370.260745628138,749.1161106996508,8.503702770026552,2.0143626137063757,308.67945362556884,0.0,0.0,0.11441038739889314,0.209144289421266,3.8570216376750106,0.8937823834196891,238.9117761108287,7071,19.325441360473633
core,200,3000000.0,32,8,exclude,launch,0,0.0,prior,0.0,gzz_rev,12600.0,43200.0,1288334.4604487394,0,1188345.8013544006,99988.6590943389,0,7,0.6813404586592474,25,11.933896810827438,54.93160541569589,6370.260745628138,722.621224565266,8.815490784207912,2.015380173626151,309.2990690979217,0.0,0.0,0.06570278184480234,0.1957356320577762,3.530111704711025,0.9455958549222798,224.42261610737688,8236,21.56260085105896
core,200,3000000.0,33,8,exclude,launch,0,0.0,prior,0.0,gzz_rev,12600.0,43200.0,2247637.0252949577,0,2083153.3238531041,164483.70144185348,0,13,0.8551330791575591,34,11.933896810827438,57.24138474100724,6370.260745628138,693.5057957821988,9.18559121548967,2.015253855630509,309.2221174117843,0.0,0.0,0.049469130947699565,0.1821655681486586,2.9501252086811354,0.9222797927461139,230.44943993823895,9584,22.896130084991455
core,200,3000000.0,22,9,exclude,launch,0,0.0,prior,0.0,gzz_rev,12600.0,43200.0,434257.40714859235,0,400139.9097363187,34117.49741227363,0,1,0.4167760203342291,1,10.304493718415957,51.15481158169813,7430.26982720097,777.0183457692495,9.562541048943947,2.0126683852432796,307.6491775413695,0.0,0.0,0.07772743116068316,0.26514411355058365,6.022937905468026,0.9797979797979798,250.6400552554317,4316,16.69791078567505
core,200,3000000.0,20,9,exclude,launch,0,0.0,prior,0.0,gzz_rev,12600.0,43200.0,397253.5885275552,0,366370.4597159021,30883.12881165308,0,1,0.4556017827789125,1,10.304493718415957,52.233272576937345,7430.26982720097,761.4248761718089,9.758375461224613,2.01147986235647,306.92745358579896,0.0,0.0,0.029660314830157415,0.2666160875612013,6.461690885072655,0.9848866498740554,222.71892189821074,4542,17.524601936340332
core,200,3000000.0,21,9,exclude,launch,0,0.0,prior,0.0,gzz_rev,12600.0,43200.0,420864.1887134292,0,389429.5714400356,31434.617273393582,0,1,0.4300446789554776,1,10.304493718415957,51.281423038969855,7430.26982720097,775.5707713006244,9.58038918194465,2.0114464973615878,306.90720510750714,0.0,0.0,0.04573945451465357,0.27257935377713904,6.5633866246340915,0.9823232323232324,223.9141117629577,4441,17.16098427772522
core,200,3000000.0,24,9,exclude,launch,0,0.0,prior,0.0,gzz_rev,12600.0,43200.0,501965.82754686277,0,460956.7475636424,41009.079983220385,0,1,0.3605551018179283,1,10.304493718415957,56.14532399953605,7430.26982720097,708.2221064979733,10.491440127366644,2.0119024332562283,307.18396032896254,0.0,0.0,0.10454241816967268,0.25366462055783245,5.650821856952466,0.9772727272727273,256.14392975103806,4502,16.569132328033447
core,200,3000000.0,4,10,exclude,launch,0,0.0,prior,0.0,gzz_rev,12600.0,43200.0,730248.9934239415,0,653608.4339495838,76640.55947435774,0,0,0.0,0,11.597269844061024,21.536911954405554,6564.841933405682,1832.066360392845,3.5832992053835873,2.027520966492327,316.73980097439795,0.0,0.0,0.0,1.5571062958869564,39.26589595375722,0.9507389162561576,976.6726703837954,173,10.319895029067993
core,200,3000000.0,23,9,exclude,launch,0,0.0,prior,0.0,gzz_rev,12600.0,43200.0,472133.78853957815,0,436918.1380747576,35215.65046482051,0,1,0.3833419523124,1,10.304493718415957,58.66538058041154,7430.26982720097,677.0745131571532,10.974079931844013,2.0140564019561746,308.4931159044909,0.0,0.0,0.07730995832734588,0.2181525154384164,4.847830242783407,0.9797979797979798,256.53529584970227,5231,17.360755920410156
core,200,3000000.0,25,9,exclude,launch,0,0.0,prior,0.0,gzz_rev,12600.0,43200.0,477575.66530222626,0,438864.7325273059,38710.93277492041,0,1,0.37898121176745986,1,10.304493718415957,47.92387995210772,7430.26982720097,829.2656260284878,8.96006007482302,2.0130026732064055,307.852324776997,0.0,0.0,0.1312982714233174,0.2795285473666248,6.174210912649865,0.9772727272727273,258.07854289539546,4087,17.00221347808838
core,200,3000000.0,26,9,exclude,launch,0,0.0,prior,0.0,gzz_rev,12600.0,43200.0,503014.00489314605,0,463811.440027171,39202.564865975044,0,1,0.3598144572958254,1,10.304493718415957,52.76478369955368,7430.26982720097,753.154932393878,9.865526344737734,2.0130821603668485,307.90063909606823,0.0,0.0,0.1095492742551566,0.24580482627151426,5.510966693744923,0.9873737373737373,240.34534153259278,4924,17.58882999420166
core,200,3000000.0,27,9,exclude,launch,0,0.0,prior,0.0,gzz_rev,12600.0,43200.0,547209.446733447,0,498662.5507695471,48546.89596389993,0,1,0.33075480682725217,1,10.304493718415957,58.079058628895886,7430.26982720097,683.6907159391174,10.867881710218565,2.014701621487446,308.8858141947758,0.0,0.0,0.08674026446682033,0.20580410519825346,4.377616747181965,0.9823232323232324,239.76187731631825,6210,18.67454767227173
core,200,3000000.0,28,9,exclude,launch,0,0.0,prior,0.0,gzz_rev,12600.0,43200.0,562698.0145650586,0,509649.3768021271,53048.63776293149,0,1,0.3216484016436174,1,10.304493718415957,63.90555770948486,7430.26982720097,621.3223212041148,11.958800728100675,2.014811409884091,308.952659289281,0.0,0.0,0.0729038854805726,0.18263501537952306,3.718673552595814,0.9797979797979798,238.2497140284994,7358,19.2552227973938
core,200,3000000.0,29,9,exclude,launch,0,0.0,prior,0.0,gzz_rev,12600.0,43200.0,564840.85204863,0,513747.0227989125,51093.82924971754,0,1,0.32042463028295143,5,10.304493718415957,55.180880749153786,7430.26982720097,719.6267382701728,10.325171970488107,2.014624297368474,308.8387394431408,0.0,0.0,0.09562225649543243,0.21220996140400197,4.2573413324913165,0.9747474747474747,241.98811461534288,6334,18.7209153175354
core,200,3000000.0,31,9,exclude,launch,0,0.0,prior,0.0,gzz_rev,12600.0,43200.0,663484.8876939071,0,591167.7596519892,72317.128041918,0,1,0.27278521975304626,19,10.304493718415957,58.48305411823126,7430.26982720097,678.6323685794928,10.948888044868747,2.0156975704650355,309.49246639457255,0.0,0.0,0.1265897315120113,0.20005662524367246,4.030061061531235,0.9696969696969697,253.22698545111487,6387,18.09682583808899
core,200,3000000.0,30,9,exclude,launch,0,0.0,prior,0.0,gzz_rev,12600.0,43200.0,598293.6314985666,0,546821.1105184656,51472.52098010094,0,1,0.30251402558556667,11,10.304493718415957,62.54848508549172,7430.26982720097,634.6982196929831,11.706775908076674,2.015143190069123,309.15470890311457,0.0,0.0,0.09351244402790794,0.185812619575031,3.7588779881166228,0.9797979797979798,239.73283117258129,7237,18.686413288116455
core,200,3000000.0,32,9,exclude,launch,0,0.0,prior,0.0,gzz_rev,12600.0,43200.0,974467.7907756848,0,904969.2860340994,69498.50474158529,0,5,0.5291467673420522,24,10.304493718415957,63.28613025893297,7430.26982720097,627.1888124192991,11.846942547555452,2.015501581436559,309.3730385700457,0.0,0.0,0.09330302169176849,0.1778471632762654,3.552605084319154,0.9595959595959596,230.8760187064357,7946,19.152640342712402
core,200,3000000.0,20,10,exclude,launch,0,0.0,prior,0.0,gzz_rev,12600.0,43200.0,371609.2392015275,0,362711.3796020831,8897.859599444426,0,1,0.4194372317406936,1,11.597269844061024,43.95070573076978,6564.841933405682,905.0456087398159,7.253603431706119,2.011192627737315,306.7531591170887,0.0,0.0,0.035500598324690866,0.3207810218474382,7.804030761071334,0.9824561403508771,221.9522607881573,3771,16.13006615638733
core,200,3000000.0,33,9,exclude,launch,0,0.0,prior,0.0,gzz_rev,12600.0,43200.0,1449105.633674807,0,1372274.0678034828,76831.5658713241,0,9,0.7256847830755471,33,10.304493718415957,54.01929601579337,7430.26982720097,735.3987304635123,10.103729472741634,2.013808599448556,308.34236289475297,0.0,0.0,0.12314200777498285,0.21455099482613918,4.0952308626974485,0.9393939393939394,241.84219469194042,6584,18.39940357208252
core,200,3000000.0,34,9,exclude,launch,0,0.0,prior,0.0,gzz_rev,12600.0,43200.0,1954134.3780364366,0,1841384.2167116047,112750.16132483189,0,12,0.809664706779155,41,10.304493718415957,57.56855884156807,7430.26982720097,689.3909542562526,10.778020485077434,2.01576104842657,309.5311522501931,0.0,0.0,0.10266960099512008,0.18813643877663036,3.548251748251748,0.9318181818181818,233.46352843429264,7865,19.069741249084473
core,200,3000000.0,21,10,exclude,launch,0,0.0,prior,0.0,gzz_rev,12600.0,43200.0,399406.2112530527,0,389696.0687434534,9710.142509599236,0,1,0.390246185934251,1,11.597269844061024,48.05424848550831,6564.841933405682,827.2551735725916,7.93569160172755,2.012420373193226,307.4985036170135,0.0,0.0,0.04613018964633521,0.2747433164628771,6.344318181818182,0.9799498746867168,234.025579593759,4400,16.91108465194702
core,200,3000000.0,22,10,exclude,launch,0,0.0,prior,0.0,gzz_rev,12600.0,43200.0,430655.65303480136,0,416677.73800429417,13977.915030507229,0,1,0.36192895526059043,1,11.597269844061024,50.028513810886984,6564.841933405682,794.77244828589,8.26002706506029,2.0120074387930673,307.2477168517511,0.0,0.0,0.0,0.24307246708349076,5.143279658232008,0.9849624060150376,208.73221108168948,6086,18.743812799453735
core,200,3000000.0,23,10,exclude,launch,0,0.0,prior,0.0,gzz_rev,12600.0,43200.0,436783.56052067305,0,420704.3052051956,16079.25531547741,0,1,0.35685122946054165,1,11.597269844061024,59.59392585288091,6564.841933405682,667.0301173052973,9.84189733430129,2.012530854700084,307.56561951590487,0.0,0.0,0.019541484716157204,0.20456346731917652,4.57436938242969,0.9774436090225563,206.73291991130262,6898,18.82790184020996
core,200,3000000.0,4,11,exclude,launch,0,0.0,prior,0.0,gzz_rev,12600.0,43200.0,720588.3005520935,0,645183.4964127869,75404.80413930662,0,0,0.0,0,11.275799978965152,24.833178487096472,6761.506957310247,1589.8914334356032,4.2528104844865275,2.0262368421513206,315.9486168566144,0.0,0.0,0.0,1.6437992584452263,41.06707317073171,0.9400479616306955,977.1188135433403,164,9.742626667022705
core,200,3000000.0,26,10,exclude,launch,0,0.0,prior,0.0,gzz_rev,12600.0,43200.0,489338.29572563194,0,468556.2173630344,20782.07836259761,0,1,0.31852555163053836,1,11.597269844061024,55.74799160560301,6564.841933405682,712.6510221834776,9.21186068504019,2.013649360980188,308.2455081046629,0.0,0.0,0.0647377938517179,0.2153203962252781,4.745076060848679,0.9674185463659147,220.37746019143438,6245,17.609171867370605
core,200,3000000.0,25,10,exclude,launch,0,0.0,prior,0.0,gzz_rev,12600.0,43200.0,486748.0059327902,0,463882.85185585875,22865.15407693146,0,1,0.32022062480000324,1,11.597269844061024,54.707803312412004,6564.841933405682,726.5160127779161,9.036059519602695,2.0127763428731864,307.71477620507596,0.0,0.0,0.042020774315391876,0.22130191725760942,4.6725164525227205,0.9674185463659147,219.04393596283862,6382,18.45465588569641
core,200,3000000.0,30,10,exclude,launch,0,0.0,prior,0.0,gzz_rev,12600.0,43200.0,720521.4712730682,0,654228.9934529075,66292.47782016068,0,1,0.21632492131644188,20,11.597269844061024,51.476604749160366,6564.841933405682,771.028976492371,8.51439068252792,2.0156234057587605,309.4472706975071,0.0,0.0,0.13247346500067178,0.2281690339933822,4.596610169491526,0.9674185463659147,252.88307320759654,5605,17.04741930961609
core,200,3000000.0,27,10,exclude,launch,0,0.0,prior,0.0,gzz_rev,12600.0,43200.0,607210.9584122795,0,563586.1094823711,43624.848929908345,0,1,0.2566929144156269,1,11.597269844061024,53.68607990454562,6564.841933405682,739.6988308817934,8.875020020755944,2.014528246887405,308.78026911972955,0.0,0.0,0.07705521472392637,0.21937119867816035,4.49404470549845,0.9699248120300752,236.95170790001666,6129,18.332237720489502
core,200,3000000.0,24,10,exclude,launch,0,0.0,prior,0.0,gzz_rev,12600.0,43200.0,505984.94412795734,0,482235.40685472393,23749.537273233385,0,1,0.3080462223013053,1,11.597269844061024,69.97581880269921,6564.841933405682,567.4690894684263,11.568633526022118,2.014650833957184,308.85489445500235,0.0,0.0,0.033585929460192725,0.16703972558650892,3.6757797937119423,0.9674185463659147,220.38112872420248,8047,19.170464515686035
core,200,3000000.0,31,10,exclude,launch,0,0.0,prior,0.0,gzz_rev,12600.0,43200.0,998448.3970617653,0,932132.2121985327,66316.18486323272,0,3,0.48146357315550253,26,11.597269844061024,49.99887208982827,6564.841933405682,794.310693028935,8.264828852261893,2.014370583176102,308.68430400390764,0.0,0.0,0.13044626353313968,0.2360747129359208,4.807017543859649,0.9548872180451128,238.14304148389903,5700,17.69919729232788
core,200,3000000.0,28,10,exclude,launch,0,0.0,prior,0.0,gzz_rev,12600.0,43200.0,643160.6313837516,0,582918.9629164656,60241.6684672861,0,1,0.24234498035834026,1,11.597269844061024,56.11542574921198,6564.841933405682,707.7318613683791,9.275888640526583,2.0143687584030108,308.6831934072195,0.0,0.0,0.06936160812900376,0.20725806869314625,4.203467019244895,0.9573934837092731,227.90614228604687,6807,19.10585308074951
core,200,3000000.0,32,10,exclude,launch,0,0.0,prior,0.0,gzz_rev,12600.0,43200.0,2227655.4992956026,0,2067548.511015211,160106.9882803915,0,9,0.8080374036363498,33,11.597269844061024,50.42713535555474,6564.841933405682,787.9329580929476,8.331726533301413,2.013429477524716,308.1117917748059,0.0,0.0,0.14287611207011022,0.2375910833719184,4.877781702578594,0.9197994987468672,235.94179273507166,5662,17.649665355682373
core,200,3000000.0,29,10,exclude,launch,0,0.0,prior,0.0,gzz_rev,12600.0,43200.0,564071.4578297549,0,531564.0094454446,32507.44838431035,0,1,0.2763244770080121,8,11.597269844061024,58.55220669690684,6564.841933405682,677.7690589159477,9.685956959890978,2.0158814146338924,309.6045145795675,0.0,0.0,0.0727864186235641,0.19076787393670008,3.8508309687880016,0.9649122807017544,228.8333150981617,7401,19.80275583267212
core,200,3000000.0,18,11,exclude,launch,0,0.0,prior,0.0,gzz_rev,12600.0,43200.0,305003.94100337406,0,292384.6647307547,12619.276272619398,0,1,0.2423925039988591,1,11.275799978965152,42.52378378936173,6761.506957310247,935.2575629991792,7.229566725584641,2.011531587778453,306.9588459220795,0.0,0.0,0.04505411527812736,0.3600072641684829,8.827701572432252,0.9733009708737864,247.73144926230208,2989,15.395031452178955
core,200,3000000.0,19,11,exclude,launch,0,0.0,prior,0.0,gzz_rev,12600.0,43200.0,292448.3018145907,0,281304.4925525761,11143.809262014556,0,1,0.25279910510884196,1,11.275799978965152,38.61247937168197,6761.506957310247,1029.9637281282407,6.564801043623133,2.011594164640577,306.99682618046,0.0,0.0,0.0,0.34783550309402805,7.225797654758658,0.970873786407767,246.71849385519096,3667,15.955129623413086
core,200,3000000.0,34,10,exclude,launch,0,0.0,prior,0.0,gzz_rev,12600.0,43200.0,4348767.570902606,0,4083886.6156989196,264880.95520368614,0,27,0.9313258275990632,44,11.597269844061024,59.203727105901926,6564.841933405682,670.7200134574732,9.787753163298031,2.0146503032451677,308.85457136265325,0.0,0.0,0.09004528905070598,0.18002117944259716,3.420146260910592,0.8170426065162907,224.76370694426436,8478,18.283225297927856
core,200,3000000.0,21,11,exclude,launch,0,0.0,prior,0.0,gzz_rev,12600.0,43200.0,359319.5199979402,0,340462.4343224612,18857.085675479015,0,1,0.2057518862035427,1,11.275799978965152,47.83051073670557,6761.506957310247,830.9865532440194,8.13672246670486,2.0127552700847096,307.7019711253059,0.0,0.0,0.046296296296296294,0.2753722285320804,5.795356248577282,0.9684466019417476,256.76887408118085,4393,16.382715463638306
core,200,3000000.0,23,11,exclude,launch,0,0.0,prior,0.0,gzz_rev,12600.0,43200.0,390998.10546966275,0,369957.0860784725,21041.019391190286,0,1,0.1890819110249229,1,11.275799978965152,45.35289927181004,6761.506957310247,876.0523603020853,7.718153918309982,2.013514991818475,308.1637915922412,0.0,0.0,0.13262935586061245,0.30193653968000067,6.588037068239259,0.9660194174757282,278.2871743562281,3561,15.502389907836914
core,200,3000000.0,33,10,exclude,launch,0,0.0,prior,0.0,gzz_rev,12600.0,43200.0,3334552.5514093414,0,3140200.219198504,194352.33221083725,0,16,0.9013749298437039,38,11.597269844061024,55.68316514632064,6564.841933405682,713.3967151142881,9.202231793783879,2.013886396050668,308.38968722898386,0.0,0.0,0.04225462527438068,0.188935351077022,3.270259024238011,0.8897243107769424,207.54906368777264,9613,21.19193744659424
core,200,3000000.0,20,11,exclude,launch,0,0.0,prior,0.0,gzz_rev,12600.0,43200.0,330984.22175740567,0,315223.7734878792,15760.448269526469,0,1,0.2233661429441683,1,11.275799978965152,53.35480599585866,6761.506957310247,745.3195855294149,9.071956632546318,2.0117495280212117,307.09113223534325,0.0,0.0,0.01329590781503915,0.250855987654072,5.3417796110783735,0.970873786407767,239.96299575468473,5091,17.239532947540283
core,200,3000000.0,22,11,exclude,launch,0,0.0,prior,0.0,gzz_rev,12600.0,43200.0,335989.84511655715,0,319741.3382592441,16248.506857313052,0,1,0.22003840313590825,1,11.275799978965152,45.59767427518632,6761.506957310247,872.0329596309316,7.753728666599831,2.0119370817186977,307.2049972072063,0.0,0.0,0.0,0.2687229016534465,5.049772933696639,0.9684466019417476,234.89743731612097,5505,18.210708379745483
core,200,3000000.0,24,11,exclude,launch,0,0.0,prior,0.0,gzz_rev,12600.0,43200.0,364823.10123227694,0,344896.7464414999,19926.354790777055,0,1,0.2026479922450345,1,11.275799978965152,44.887513741414686,6761.506957310247,885.3379808208133,7.637204213289854,2.013053606864675,307.8832831144583,0.0,0.0,0.09673366834170855,0.2888812440660915,5.616797900262467,0.9610705596107056,277.1570927759037,4191,16.289883613586426
core,200,3000000.0,4,12,exclude,launch,0,0.0,prior,0.0,gzz_rev,12600.0,43200.0,579439.451175989,0,538121.4469618124,41318.00421417658,0,0,0.0,0,10.560706468639882,29.335457521663333,7241.91745481808,1347.2761920832352,5.375228551779138,2.024139712962569,314.65864550011605,0.0,0.0,0.0,1.9516129930875532,50.43478260869565,0.9727722772277227,950.6087926369848,138,10.208494663238525
core,200,3000000.0,27,11,exclude,launch,0,0.0,prior,0.0,gzz_rev,12600.0,43200.0,538470.0434763365,0,494971.8304951547,43498.212981181874,0,1,0.1372976452172449,1,11.275799978965152,47.17003004394141,6761.506957310247,841.7488220062764,8.032689539374053,2.014843491860446,308.97219389145107,0.0,0.0,0.1581173982020095,0.26781940095910756,5.29468259545561,0.9586374695863747,288.6916847402571,4269,16.638557195663452
core,200,3000000.0,26,11,exclude,launch,0,0.0,prior,0.0,gzz_rev,12600.0,43200.0,471592.9735269317,0,438760.8278358744,32832.14569105732,0,1,0.15676796122812992,1,11.275799978965152,48.06516649453692,6761.506957310247,826.849370366363,8.1774349713955,2.0129506880020074,307.820728897122,0.0,0.0,0.12245943637916311,0.2750593521109683,5.932530667878237,0.9635036496350365,249.9832383533665,4402,17.601518392562866
core,200,3000000.0,30,11,exclude,launch,0,0.0,prior,0.0,gzz_rev,12600.0,43200.0,522782.6847625217,0,480203.1617849251,42579.52297759663,0,1,0.14141759309207447,18,11.275799978965152,44.444833630436975,6761.506957310247,892.8675133822269,7.572799834207563,2.015958931338978,309.6517650502313,0.0,0.0,0.15148256260562298,0.2607586316970487,4.368184602818052,0.9559902200488998,304.3797424293604,4897,17.328388452529907
core,200,3000000.0,25,11,exclude,launch,0,0.0,prior,0.0,gzz_rev,12600.0,43200.0,380105.0408461075,0,362634.0186412139,17471.022204893576,0,1,0.19450062757589467,1,11.275799978965152,47.711874992192634,6761.506957310247,832.8563739792039,8.118454956411343,2.0132299809968117,307.99049831724,0.0,0.0,0.009995557529986673,0.23781970956416842,4.004862953138815,0.9635036496350365,240.22465445247832,6786,20.17958688735962
core,200,3000000.0,31,11,exclude,launch,0,0.0,prior,0.0,gzz_rev,12600.0,43200.0,957472.7300716105,0,878069.1420000244,79403.58807158607,0,4,0.5546382055874636,25,11.275799978965152,43.53365983558832,6761.506957310247,912.2371288587248,7.412005873702363,2.014452647352261,308.7342521160031,0.0,0.0,0.15431814695505447,0.271331144377757,4.956761166632674,0.9464720194647201,268.0431815255187,4903,17.505146026611328
core,200,3000000.0,34,11,exclude,launch,0,0.0,prior,0.0,gzz_rev,12600.0,43200.0,4193199.8926232685,0,3909576.263860277,283623.6287629918,0,23,0.8900602026772456,43,11.275799978965152,53.497409416531376,6761.506957310247,741.5213487732553,9.118425205823442,2.0166641401406804,310.0817921543967,0.0,0.0,0.19766348865314892,0.21048740122236323,3.4725647899910634,0.8491484184914841,335.4046080328306,5595,16.189651012420654
core,200,3000000.0,17,12,exclude,launch,0,0.0,prior,0.0,gzz_rev,12600.0,43200.0,291764.9481822802,0,279962.126924479,11802.821257801163,0,1,0.145229007549072,1,10.560706468639882,42.71498300315621,7241.91745481808,930.8946323171867,7.779524345082396,2.011913121188308,307.19044944991913,0.0,0.0,0.021440616718862923,0.3443790954597857,8.588668373879642,0.9875311720698254,244.34018907580884,3124,15.552205562591553
core,200,3000000.0,32,11,exclude,launch,0,0.0,prior,0.0,gzz_rev,12600.0,43200.0,2754059.2519049067,0,2511154.851504685,242904.4004002219,0,15,0.8331944226150064,36,11.275799978965152,58.694223751272055,6761.506957310247,676.4032847591142,9.996265703703976,2.0150643316940133,309.10667924322405,0.0,0.0,0.10774375587835719,0.19135702813015457,3.53873923910025,0.8661800486618005,255.87097616188612,7202,18.671964645385742
core,200,3000000.0,28,11,exclude,launch,0,0.0,prior,0.0,gzz_rev,12600.0,43200.0,485273.6750229654,0,450858.59134521417,34415.08367775122,0,1,0.15234840213788636,1,11.275799978965152,47.47911299179676,6761.506957310247,836.001806088491,8.08790950936599,2.015487803765851,309.3646438791575,0.0,0.0,0.03829787234042553,0.22764609377637612,3.351122405760271,0.9610705596107056,275.02413649697877,7083,19.958956003189087
core,200,3000000.0,33,11,exclude,launch,0,0.0,prior,0.0,gzz_rev,12600.0,43200.0,3359629.826572117,0,3126235.891264309,233393.9353078076,0,18,0.8744068248557295,40,11.275799978965152,59.265897330165295,6761.506957310247,669.4534586724476,10.100040368330578,2.0163444910147357,309.88683732480064,0.0,0.0,0.12897715139867605,0.18607182240117717,3.3019135364989367,0.8655256723716381,279.5822149544778,7055,18.07732105255127
core,200,3000000.0,29,11,exclude,launch,0,0.0,prior,0.0,gzz_rev,12600.0,43200.0,495625.180491373,0,457539.01050685515,38086.16998451782,0,1,0.14916649092774467,9,11.275799978965152,46.778926756680676,6761.506957310247,848.8762387241662,7.965244695119015,2.014630275442685,308.84237875346946,0.0,0.0,0.04929577464788732,0.2356664645411152,3.9957627118644066,0.9416058394160584,238.54129381982727,6844,20.329256772994995
core,200,3000000.0,18,12,exclude,launch,0,0.0,prior,0.0,gzz_rev,12600.0,43200.0,312681.14014721446,0,298244.597850243,14436.54229697149,0,1,0.13551419776123855,1,10.560706468639882,52.65244832910309,7241.91745481808,755.0310239820053,9.591549518885301,2.0123643703170697,307.4644854862432,0.0,0.0,0.03403688914242251,0.2716959000547096,6.3044466902476,0.9825436408977556,261.6321885414147,3958,15.956987142562866
core,200,3000000.0,19,12,exclude,launch,0,0.0,prior,0.0,gzz_rev,12600.0,43200.0,291369.24988124374,0,280051.43018189026,11317.819699353546,0,1,0.14542623794168327,1,10.560706468639882,45.04367716906495,7241.91745481808,882.6290214497096,8.204939197357572,2.0122315151619095,307.3837920860924,0.0,0.0,0.05955833147445907,0.3190837950726882,7.009795191451469,0.9850374064837906,276.9401735138415,3369,15.838735342025757
core,200,3000000.0,20,12,exclude,launch,0,0.0,prior,0.0,gzz_rev,12600.0,43200.0,273984.6394150151,0,263976.35446348024,10008.28495153486,0,1,0.1546536840626875,1,10.560706468639882,44.97278935519152,7241.91745481808,884.5460309113278,8.187157255521113,2.011035440179769,306.65779838985,0.0,0.0,0.034998033818324815,0.3167705707292235,6.892866475045728,0.9900249376558603,247.71093820485268,3827,16.746344089508057
core,200,3000000.0,21,12,exclude,launch,0,0.0,prior,0.0,gzz_rev,12600.0,43200.0,351307.1994327352,0,333559.64051817043,17747.558914564786,0,1,0.12061447624910335,1,10.560706468639882,46.02645212240124,7241.91745481808,863.6780647336099,8.384973233112913,2.0124754816350086,307.53198027361265,0.0,0.0,0.09672522229451312,0.30995918785566023,7.121325648414985,0.985,264.0322085812014,3470,15.987707614898682
core,200,3000000.0,23,12,exclude,launch,0,0.0,prior,0.0,gzz_rev,12600.0,43200.0,402846.8227976707,0,377463.4281200518,25383.39467761894,0,1,0.10518323954462709,1,10.560706468639882,53.96776353047916,7241.91745481808,735.9247852687797,9.840567405503451,2.014290647480556,308.6356552699576,0.0,0.0,0.08316586798577832,0.2350562013455709,4.91916906622789,0.9825,272.00575798101653,4862,16.701112747192383
paper,100,1500000.0,1,1,exclude,launch,0,0.0,prior,0.0,gzz_rev,12600.0,43200.0,3565798.9795595454,0,2042483.5750123858,1523315.4045471598,0,0,0.0,0,4.704263543576533,4.531258072639933,8169.591647266075,4312.206325904071,1.894527077285266,2.047112269913058,328.93323174074305,0.0,0.0,0.0,5.500445744527004,33.333333333333336,0.3021276595744681,7954.898648215802,12,5.292410135269165
core,200,3000000.0,22,12,exclude,launch,0,0.0,prior,0.0,gzz_rev,12600.0,43200.0,325215.8384849785,0,309528.2961255125,15687.542359465951,0,1,0.1302911139245649,1,10.560706468639882,50.26507195810393,7241.91745481808,790.5327305849689,9.160806598683514,2.0132783464061728,308.01990218868843,0.0,0.0,0.0563180312352106,0.25345471435618155,5.337877516778524,0.9850374064837906,256.7551039061461,4768,17.217072248458862
paper,100,1500000.0,1,2,exclude,launch,0,0.0,prior,0.0,gzz_rev,12600.0,43200.0,4030683.4019379234,0,2288645.431266907,1742037.970671016,0,0,0.0,0,4.539162858794823,6.760104666367065,8478.86425558954,2894.477019824144,2.9293251241997007,2.044261573919972,327.1446704297452,0.0,0.0,0.0,5.46370470779647,33.0,0.31042128603104213,7981.578517320278,11,5.23894739151001
core,200,3000000.0,24,12,exclude,launch,0,0.0,prior,0.0,gzz_rev,12600.0,43200.0,401782.216028824,0,376640.6933056391,25141.5227231849,0,1,0.10546194473445564,1,10.560706468639882,49.50123461928531,7241.91745481808,802.5150333599389,9.02402715684702,2.013820601484351,308.3496635982276,0.0,0.0,0.08482845451683979,0.25316022972349633,5.211715481171548,0.9825,261.4093014159749,4780,17.191340923309326
core,200,3000000.0,25,12,exclude,launch,0,0.0,prior,0.0,gzz_rev,12600.0,43200.0,411079.118310662,0,389196.94808324805,21882.170227413917,0,1,0.10307683356977793,1,10.560706468639882,45.48492335967092,7241.91745481808,873.5492545671464,8.290222236417033,2.0134234490905603,308.1081261499822,0.0,0.0,0.13623408702261067,0.28863760180107484,6.180348572871937,0.9775,266.70868168556296,3959,16.85069727897644
paper,100,1500000.0,1,3,exclude,launch,0,0.0,prior,0.0,gzz_rev,12600.0,43200.0,3352195.1399205215,0,1898438.822305016,1453756.3176155055,0,0,0.0,0,5.054127002413989,4.609387859042538,7580.990936890765,4237.055512453226,1.7892120871698052,2.0481067257269236,329.55831255420395,0.0,0.0,0.0,4.674733781288002,32.642857142857146,0.33876221498371334,6903.736864961649,14,5.314550399780273
paper,100,1500000.0,8,2,exclude,launch,0,0.0,prior,0.0,gzz_rev,12600.0,43200.0,4323220.732288392,0,3761162.7787976596,562057.9534907329,0,23,0.9045171322890592,28,4.539162858794823,6.395343635185966,8478.86425558954,3097.7052400816156,2.737143659080406,2.0190915717589846,311.5642894890595,0.0,0.0,0.0,0.8187796850269703,3.581039755351682,0.7227722772277227,1395.113876263609,654,6.068276405334473
paper,100,1500000.0,9,2,exclude,launch,0,0.0,prior,0.0,gzz_rev,12600.0,43200.0,6535171.104034166,0,5701821.1324797105,833349.9715544549,0,36,0.9593583482615127,40,4.539162858794823,8.45858065067594,8478.86425558954,2347.0356646583236,3.6125843263757456,2.0148504086431736,308.9764055769649,0.0,0.0,0.07964601769911504,0.6333461464827381,3.2724056603773586,0.6134361233480177,1175.2439248300918,848,5.649879217147827
paper,100,1500000.0,1,4,exclude,launch,0,0.0,prior,0.0,gzz_rev,12600.0,43200.0,4322333.975947008,0,2386299.3480189717,1936034.6279280358,0,1,0.016555068519200335,0,4.769804670462605,4.203977632280075,8052.7543083059945,4645.802901137179,1.7333396357247264,2.0480417886653974,329.5174772366898,0.0,0.0,0.0,5.417116366000019,33.0,0.2950152594099695,7913.5205735025,12,5.293843984603882
paper,100,1500000.0,1,5,exclude,launch,0,0.0,prior,0.0,gzz_rev,12600.0,43200.0,3732235.509978597,0,2110499.513382607,1621735.99659599,0,0,0.0,0,4.716895252054816,5.354838432900853,8146.821061143593,3651.258596397761,2.231236393166192,2.045836992082397,328.1325042023869,0.0,0.0,0.0,5.459041672086373,33.333333333333336,0.3204188481675393,7895.018919338132,12,5.260749101638794
paper,100,1500000.0,1,6,exclude,launch,0,0.0,prior,0.0,gzz_rev,12600.0,43200.0,3730138.7499061776,0,2203527.7980505787,1526610.9518555992,0,0,0.0,0,4.756459715300161,4.183875320717797,8076.28272445257,4666.403953767659,1.7307294448719492,2.0487969825592613,329.99253318762345,0.0,0.0,0.0,5.521107307747777,33.333333333333336,0.3024948024948025,7984.779979469453,12,5.3261191844940186
paper,100,1500000.0,9,6,exclude,launch,0,0.0,prior,0.0,gzz_rev,12600.0,43200.0,8854426.636076277,0,7696048.921761455,1158377.714314823,0,47,0.963845928658736,55,4.756459715300161,6.80879087509844,8076.28272445257,2909.0136175356024,2.7762959498603057,2.019501786045764,311.81516752515085,0.0,0.0,0.08893280632411067,0.7071063902165673,2.193421052631579,0.4946004319654428,1961.0170834059452,760,5.1248393058776855
paper,100,1500000.0,1,7,exclude,launch,0,0.0,prior,0.0,gzz_rev,12600.0,43200.0,4135547.7261703867,0,2376188.907639442,1759358.8185309449,0,0,0.0,0,5.218509503934779,4.6581070070405115,7331.690553245741,4191.816371345477,1.7490485994004639,2.048558077136434,329.84221233841686,0.0,0.0,0.0,5.555607043666645,32.63636363636363,0.2863247863247863,8206.25989777411,11,5.313513278961182
paper,100,1500000.0,1,8,exclude,launch,0,0.0,prior,0.0,gzz_rev,12600.0,43200.0,3498678.467817248,0,1953363.3251343528,1545315.142682895,0,0,0.0,0,4.788543228013972,4.9251993582110565,8019.937817272908,3965.5576367973335,2.0223985002396727,2.0480092350913153,329.4970070510051,0.0,0.0,0.0,4.863302266056307,31.23076923076923,0.3456495828367104,7506.959837868888,13,5.218528985977173
paper,100,1500000.0,9,7,exclude,launch,0,0.0,prior,0.0,gzz_rev,12600.0,43200.0,7685555.354879706,0,6601145.206790284,1084410.1480894217,0,45,0.9547545582204271,48,5.218509503934779,7.197761869615582,7331.690553245741,2755.3755784831837,2.6608679450087123,2.016887675278193,310.2181632398064,0.0,0.0,0.0,0.6750561871152099,2.270391061452514,0.5048335123523093,1605.2918488912394,895,5.655867338180542
paper,100,1500000.0,1,9,exclude,launch,0,0.0,prior,0.0,gzz_rev,12600.0,43200.0,3836097.4889514144,0,2077836.0213767954,1758261.4675746188,0,0,0.0,0,4.740333835912077,5.938113637411262,8104.8909320055,3295.3457844836653,2.4594963509346632,2.044139331278993,327.0680829371228,0.0,0.0,0.0,5.344142604639178,33.333333333333336,0.3185840707964602,7728.848670822108,12,5.260224342346191
core,200,3000000.0,27,12,exclude,launch,0,0.0,prior,0.0,gzz_rev,12600.0,43200.0,473622.4775918018,0,438496.82425543404,35125.65333636777,0,1,0.08946520882532585,1,10.560706468639882,47.76252325429159,7241.91745481808,831.588250727907,8.708537486525422,2.014161916687351,308.5573179776884,0.0,0.0,0.15765369032939933,0.268232970948097,5.7994376757263355,0.97,263.5556929857685,4268,17.296488523483276
core,200,3000000.0,26,12,exclude,launch,0,0.0,prior,0.0,gzz_rev,12600.0,43200.0,417508.5090335287,0,391735.39042702556,25773.118606503114,0,1,0.1014895096634222,1,10.560706468639882,58.26874380456884,7241.91745481808,681.697736526815,10.623355582365521,2.014013974378538,308.4673020704875,0.0,0.0,0.04771562766865926,0.20043916963267563,4.175894378194208,0.975,221.37357392283064,7044,20.04312515258789
paper,100,1500000.0,1,10,exclude,launch,0,0.0,prior,0.0,gzz_rev,12600.0,43200.0,3987273.2455789205,0,2321510.0595975677,1665763.1859813526,0,0,0.0,0,5.240538724622278,4.433117432446907,7299.469724120093,4408.56459441866,1.6557474814730815,2.046696971916076,328.67236530548473,0.0,0.0,0.0,5.5784353754415505,33.333333333333336,0.3013555787278415,8067.6894361540835,12,5.272780179977417
paper,100,1500000.0,1,11,exclude,launch,0,0.0,prior,0.0,gzz_rev,12600.0,43200.0,3493773.34569767,0,2034280.9539734356,1459492.3917242344,0,0,0.0,0,4.559053205441548,4.579169127099062,8440.41818863996,4265.707099818644,1.9786680123909126,2.047775183066534,329.3498502750326,0.0,0.0,0.0,5.559964584506038,33.333333333333336,0.308839190628328,8040.9764611209985,12,5.299358129501343
paper,100,1500000.0,1,12,exclude,launch,0,0.0,prior,0.0,gzz_rev,12600.0,43200.0,3965316.0220148233,0,2334198.505134684,1631117.5168801392,0,0,0.0,0,4.442264204156416,5.356887773305937,8671.083820102498,3652.637959223862,2.3739237003234206,2.044282049613887,327.1574997437345,0.0,0.0,0.0,5.538729592228056,33.333333333333336,0.3170995670995671,8010.265820708798,12,5.3052732944488525
paper,100,1500000.0,9,10,exclude,launch,0,0.0,prior,0.0,gzz_rev,12600.0,43200.0,7443350.737451474,0,6541825.165867017,901525.5715844572,0,40,0.9632731828232229,41,5.240538724622278,6.819444080030811,7299.469724120093,2909.6663993535885,2.5086964353514007,2.01589459286806,309.6125471455684,0.0,0.0,0.0,0.7325043875953302,3.039951573849879,0.5842450765864332,1304.3557569635786,826,5.93381929397583
paper,100,1500000.0,8,12,exclude,launch,0,0.0,prior,0.0,gzz_rev,12600.0,43200.0,7247219.132058879,0,6196519.585878179,1050699.5461807009,0,38,0.9248836627455537,41,4.442264204156416,6.228656419803042,8671.083820102498,3181.121825729638,2.7257943251241734,2.018762898983928,311.36335330384094,0.0,0.0,0.0,0.7926069009307849,2.6194690265486726,0.5954802259887005,1831.5451666367553,678,5.799580812454224
paper,100,3000000.0,2,1,exclude,launch,0,0.0,prior,0.0,gzz_rev,12600.0,43200.0,1726635.293514901,0,970947.8289441449,755687.4645707563,0,0,0.0,0,9.408527087153066,8.778904500688515,8169.591647266075,4498.94687197407,1.8158897803746195,2.0255305495200755,315.5138723996843,0.0,0.0,0.0,4.787292785588214,33.17857142857143,0.6004296455424275,3550.593597549881,28,5.001664161682129
paper,100,3000000.0,3,1,exclude,launch,0,0.0,prior,0.0,gzz_rev,12600.0,43200.0,1058473.8105276062,0,660158.5529780901,398315.2575495161,0,0,0.0,0,9.408527087153066,9.523846067098496,8169.591647266075,4159.649008449015,1.9640098553200345,2.019393403597494,311.748873389425,0.0,0.0,0.0,3.1052749034849905,21.0,0.7235421166306696,2428.3041383753643,66,5.042819023132324
paper,100,3000000.0,2,2,exclude,launch,0,0.0,prior,0.0,gzz_rev,12600.0,43200.0,1564713.9344788746,0,904606.6898288126,660107.2446500618,0,0,0.0,0,9.078325717589646,11.582423845938951,8478.86425558954,3412.3951318393524,2.484725223195139,2.0240965277595215,314.63210945073234,0.0,0.0,0.0,4.695689699685385,36.172413793103445,0.6542553191489362,3241.2922865297082,29,4.833422660827637
paper,100,3000000.0,2,3,exclude,launch,0,0.0,prior,0.0,gzz_rev,12600.0,43200.0,1327334.9127977237,0,774935.9837626299,552398.9290350938,0,0,0.0,0,10.108254004827979,10.933067896438494,7580.990936890765,3617.687623771777,2.095534972968969,2.022632017519773,313.7328729769684,0.0,0.0,0.0,5.824470488189427,49.82608695652174,0.659877800407332,2985.7803205723894,23,4.81977105140686
paper,100,3000000.0,3,2,exclude,launch,0,0.0,prior,0.0,gzz_rev,12600.0,43200.0,975764.208343015,0,616166.9083222691,359597.3000207459,0,0,0.0,0,9.078325717589646,9.048727463342098,8478.86425558954,4380.672123555872,1.935516746390755,2.0181885126474137,311.0123541861456,0.0,0.0,0.0,3.5625800965784906,26.767857142857142,0.7421790722761596,2137.8213734590354,56,5.108806371688843
paper,100,3000000.0,2,4,exclude,launch,0,0.0,prior,0.0,gzz_rev,12600.0,43200.0,1669364.235951978,0,939652.2520123562,729711.9839396218,0,0,0.0,0,9.53960934092521,9.498981723159812,8052.7543083059945,4157.710534604883,1.9368241827521229,2.025623305401571,315.57094937485334,0.0,0.0,0.0,4.547761331499842,37.266666666666666,0.6425024826216484,3081.3578604553304,30,4.912358522415161
core,200,3000000.0,29,12,exclude,launch,0,0.0,prior,0.0,gzz_rev,12600.0,43200.0,542958.9936696254,0,495048.6822609303,47910.31140869507,0,1,0.07804039412947214,14,10.560706468639882,57.37963372639163,7241.91745481808,691.72595205655,10.469344735855795,2.0155712062635054,309.4154624974533,0.0,0.0,0.07544394241882946,0.19709007896407052,3.9966494485550745,0.965,227.89392905583384,7163,19.834080457687378
paper,100,3000000.0,3,4,exclude,launch,0,0.0,prior,0.0,gzz_rev,12600.0,43200.0,858480.0528655123,0,549018.7232681214,309461.3295973909,0,0,0.0,0,9.53960934092521,11.986547647017527,8052.7543083059945,3309.310871193148,2.4333629029546664,2.0167789740297097,310.15184460867283,0.0,0.0,0.0,3.8320234753642497,33.51923076923077,0.7860082304526749,1885.3876433925275,52,4.828282117843628
core,200,3000000.0,30,12,exclude,launch,0,0.0,prior,0.0,gzz_rev,12600.0,43200.0,686808.2791742381,0,624594.3635769362,62213.91559730201,0,2,0.2858689597896516,21,10.560706468639882,47.09275702828316,7241.91745481808,842.9328192867813,8.591334076831389,2.015314858776421,309.2592787356552,0.0,0.0,0.14381956649091973,0.24894721638320128,4.923421667965705,0.97,257.730380126051,5132,17.70022416114807
paper,100,3000000.0,3,3,exclude,launch,0,0.0,prior,0.0,gzz_rev,12600.0,43200.0,1009269.297344417,0,631442.0127260087,377827.2846184083,0,0,0.0,0,10.108254004827979,9.560668322093381,7580.990936890765,4146.589220997745,1.8282473939067059,2.017951484016096,310.8675671431717,0.0,0.0,0.0,3.2986832891604907,25.43548387096774,0.7109458023379384,2090.6953273981335,62,5.20613694190979
paper,100,3000000.0,4,3,exclude,launch,0,0.0,prior,0.0,gzz_rev,12600.0,43200.0,753672.1807779305,0,502238.5256714406,251433.65510648992,0,0,0.0,0,10.108254004827979,9.595439835495618,7580.990936890765,4137.161329048903,1.8324136609469779,2.0152208308057187,309.2020005905562,0.0,0.0,0.0,2.4657390999025965,17.62727272727273,0.7526539278131635,1738.648052001793,110,5.205228805541992
core,200,3000000.0,28,12,exclude,launch,0,0.0,prior,0.0,gzz_rev,12600.0,43200.0,498675.2736388461,0,455297.99953568546,43377.27410316068,0,1,0.08497059329395731,1,10.560706468639882,57.691986719058285,7241.91745481808,688.132329854028,10.52401862350268,2.015127499930295,309.1451523344194,0.0,0.0,0.05302656265429051,0.19401779019256576,3.8299658882183154,0.9675,223.48715467887374,7622,20.44660782814026
paper,100,3000000.0,2,5,exclude,launch,0,0.0,prior,0.0,gzz_rev,12600.0,43200.0,1967829.1804807559,0,1069118.524566956,898710.6559137999,0,0,0.0,0,9.433790504109632,7.290882685059766,8146.821061143593,5410.309099323659,1.5057958633383857,2.028092686972073,317.09237190163714,0.0,0.0,0.0,4.072636954272607,24.333333333333332,0.5771739130434783,4048.6797642228953,33,4.835768461227417
paper,100,3000000.0,1,5,exclude,launch,0,0.0,prior,0.0,gzz_rev,12600.0,43200.0,3445549.5693082293,0,1951738.6067047012,1493810.9626035278,0,0,0.0,0,9.433790504109632,8.907800113481423,8146.821061143593,4389.965532951041,1.8557824657149653,2.045777573422993,328.0952199223448,0.0,0.0,0.0,7.601038427166715,50.0,0.34172313649564373,7328.556401629643,10,5.192117929458618
core,200,3000000.0,33,12,exclude,launch,0,0.0,prior,0.0,gzz_rev,12600.0,43200.0,3641077.2274529915,0,3371501.380298406,269575.84715458594,0,22,0.8965515957347756,41,10.560706468639882,58.04835469383043,7241.91745481808,683.4020585700308,10.596862218956826,2.0166186978541205,310.0540730479823,0.0,0.0,0.11444500760263558,0.1846573599614514,3.46232508073197,0.8525,253.1451427113992,7432,18.15937852859497
paper,100,3000000.0,3,5,exclude,launch,0,0.0,prior,0.0,gzz_rev,12600.0,43200.0,1162964.070285329,0,695938.3141706149,467025.7561147142,0,0,0.0,0,9.433790504109632,8.032944179992088,8146.821061143593,4929.156925978697,1.6527818414963573,2.020424346431364,312.3797540369629,0.0,0.0,0.0,3.20561058564509,21.015625,0.6914893617021277,2508.626246059288,64,4.980763912200928
paper,100,3000000.0,2,6,exclude,launch,0,0.0,prior,0.0,gzz_rev,12600.0,43200.0,1412802.3764316821,0,808592.0777819484,604210.2986497339,0,0,0.0,0,9.512919430600322,11.326407054957766,8076.28272445257,3489.6682977940545,2.314341087821407,2.0240147514684255,314.5818633674822,0.0,0.0,0.0,5.7460851270983815,48.69565217391305,0.6642636457260556,2986.315384244552,23,5.054214000701904
core,200,3000000.0,32,12,exclude,launch,0,0.0,prior,0.0,gzz_rev,12600.0,43200.0,3406566.120647355,0,3185809.2372422293,220756.8834051257,0,22,0.869484006750242,36,10.560706468639882,65.77926456765589,7241.91745481808,603.6169239520093,11.997538782384852,2.014835366885926,308.96724656474737,0.0,0.0,0.10157435508345979,0.16989989946493014,3.497162315550511,0.8575,235.06209998885709,7929,19.567417860031128
core,200,3000000.0,34,12,exclude,launch,0,0.0,prior,0.0,gzz_rev,12600.0,43200.0,4756476.553873919,0,4418005.083108065,338471.4707658544,0,27,0.9374786443951036,48,10.560706468639882,58.93826571891519,7241.91745481808,674.0807338819861,10.743397772418682,2.0136348547344998,308.2366856197891,0.0,0.0,0.11053200904710395,0.18815952954353551,3.8437132784958874,0.835,221.55406350884368,7659,19.127813816070557
paper,100,3000000.0,3,6,exclude,launch,0,0.0,prior,0.0,gzz_rev,12600.0,43200.0,1245467.5252017886,0,729535.2682077916,515932.2569939969,0,0,0.0,0,9.512919430600322,11.830728419127112,8076.28272445257,3351.7620469764274,2.409563271873091,2.0174618127151804,310.5685621000983,0.0,0.0,0.0,3.5923691944940894,24.614035087719298,0.6882168925964547,2439.2918736197685,57,5.002900123596191
paper,100,3000000.0,2,7,exclude,launch,0,0.0,prior,0.0,gzz_rev,12600.0,43200.0,1579884.364759519,0,884379.5446075691,695504.8201519498,0,0,0.0,0,10.437019007869559,12.857180697585108,7331.690553245741,3071.8953465491136,2.3866993260307416,2.025526005096688,315.5110761388717,0.0,0.0,0.0,4.424090469784009,35.935483870967744,0.6386292834890965,2995.4427035312465,31,4.798882007598877
core,200,3000000.0,31,12,exclude,launch,0,0.0,prior,0.0,gzz_rev,12600.0,43200.0,1809316.14060724,0,1654771.0186148062,154545.1219924339,0,11,0.6635354605124769,30,10.560706468639882,63.24686901367203,7241.91745481808,627.4342959570465,11.542112857843929,2.0159636739005213,309.65465600563346,0.0,0.0,0.08234531307891811,0.1746544569990213,3.640911891558842,0.9175,220.50948983374175,8115,20.247745037078857
paper,100,3000000.0,3,7,exclude,launch,0,0.0,prior,0.0,gzz_rev,12600.0,43200.0,964261.5381622554,0,587720.3328817779,376541.20528047765,0,0,0.0,0,10.437019007869559,11.216495139321484,7331.690553245741,3533.077826204031,2.0751568218702308,2.0187363837143706,311.34714585103006,0.0,0.0,0.0,3.048011084923154,25.28787878787879,0.7205882352941176,1994.6311252073015,66,4.980236768722534
ring,100,1500000.0,7,1,exclude,launch,0,0.0,prior,0.0,gzz_rev,12600.0,43200.0,15803507.765670598,0,14952932.743189156,850575.0224814413,0,100,1.0,100,4.85758743485816,1200000000000000.0,7901.207071016175,0.0,7901207071016.175,1.0000018257418584,1e-09,0.0,0.0,1.0,0.0,0.0,0.0,3236796000000005.5,471,1.4583673477172852
ring,100,1500000.0,7,2,exclude,launch,0,0.0,prior,0.0,gzz_rev,12600.0,43200.0,16197520.544192448,0,15164364.95056995,1033155.5936224967,0,100,1.0,100,4.889237330012543,1200000000000000.0,7847.90175510476,0.0,7847901755104.76,1.0000018257418584,1e-09,0.0,0.0,1.0,0.0,0.0,0.0,3236796000000005.5,471,1.423543930053711
paper,100,3000000.0,2,8,exclude,launch,0,0.0,prior,0.0,gzz_rev,12600.0,43200.0,1605878.9549472723,0,912768.8456666651,693110.1092806073,0,0,0.0,0,9.577086456027944,11.7291033752132,8019.937817272908,3369.429854328891,2.3802061963003194,2.024271466449459,314.7396110947576,0.0,0.0,0.0,4.78153045677113,35.142857142857146,0.6452702702702703,3478.137555261838,28,4.8370983600616455
paper,100,3000000.0,4,7,exclude,launch,0,0.0,prior,0.0,gzz_rev,12600.0,43200.0,756126.6406447584,0,501045.2424651603,255081.39817959804,0,0,0.0,0,10.437019007869559,10.274606033163945,7331.690553245741,3863.551289179948,1.8976558105436507,2.015292676388941,309.2457656187058,0.0,0.0,0.0,2.7734430240264834,21.145833333333332,0.7879109225874867,1627.407170881341,96,5.430724382400513
paper,100,3000000.0,1,8,exclude,launch,0,0.0,prior,0.0,gzz_rev,12600.0,43200.0,3504287.231879543,0,1974768.886876311,1529518.3450032324,0,0,0.0,0,9.577086456027944,7.595468246694403,8019.937817272908,5147.083492358595,1.5581518794438398,2.046323168575645,328.4376519294533,0.0,0.0,0.0,7.155876577850379,44.666666666666664,0.33372093023255817,7723.156023456268,9,5.177080154418945
paper,100,3000000.0,2,9,exclude,launch,0,0.0,prior,0.0,gzz_rev,12600.0,43200.0,1668202.6240672003,0,949574.3127717393,718628.3112954609,0,0,0.0,0,9.480667671824154,11.246805203467336,8104.8909320055,3515.0314530061787,2.30578048599648,2.0236322794822925,314.34691307943433,0.0,0.0,0.0,4.795251047479743,33.724137931034484,0.6396588486140725,3590.069321123773,29,4.860678672790527
paper,100,3000000.0,3,8,exclude,launch,0,0.0,prior,0.0,gzz_rev,12600.0,43200.0,1074602.970706107,0,643918.3083216067,430684.6623845004,0,0,0.0,0,9.577086456027944,10.418474228408622,8019.937817272908,3803.147264589502,2.10876341601212,2.0190297713654166,311.5265024787158,0.0,0.0,0.0,2.9533423769435827,20.41176470588235,0.7386759581881533,2401.7306947325937,68,5.051779270172119
paper,100,3000000.0,2,10,exclude,launch,0,0.0,prior,0.0,gzz_rev,12600.0,43200.0,1539449.8448274906,0,888597.080060405,650852.7647670858,0,0,0.0,0,10.481077449244555,10.968150333104374,7299.469724120093,3602.0822975189103,2.0264583430389465,2.02489711481085,315.12422878428146,0.0,0.0,0.0,4.277225474110563,35.78125,0.6652314316469322,2912.8098587062227,32,4.9330949783325195
paper,100,3000000.0,3,9,exclude,launch,0,0.0,prior,0.0,gzz_rev,12600.0,43200.0,1257977.7861087273,0,731159.7948864005,526817.991222327,0,0,0.0,0,9.480667671824154,8.556954825456932,8104.8909320055,4630.666245998156,1.7502645410927176,2.018957920040011,311.4825728436797,0.0,0.0,0.0,3.1666437933922036,19.692307692307693,0.6823529411764706,2649.119949028104,65,5.115304946899414
paper,100,3000000.0,3,10,exclude,launch,0,0.0,prior,0.0,gzz_rev,12600.0,43200.0,1084295.8144940496,0,673202.699693272,411093.1148007777,0,0,0.0,0,10.481077449244555,11.11743755963097,7299.469724120093,3564.3469797106036,2.047912216647536,2.0188558620103554,311.42018026585924,0.0,0.0,0.0,2.641233027792681,20.2,0.7275607180570222,2231.69158821572,75,4.999799728393555
paper,100,3000000.0,1,9,exclude,launch,0,0.0,prior,0.0,gzz_rev,12600.0,43200.0,3756443.1686903588,0,2133835.2211420066,1622607.9475483522,0,0,0.0,0,9.480667671824154,9.451484011925674,8104.8909320055,4143.584902354158,1.9560093790767374,2.0427430471579813,326.1939187188937,0.0,0.0,0.0,8.216738954205251,50.0,0.32752992383025026,7922.185296174901,8,5.278774261474609
ring,100,1500000.0,7,3,exclude,launch,0,0.0,prior,0.0,gzz_rev,12600.0,43200.0,15531639.558673777,0,14565070.049840383,966569.5088333938,0,100,1.0,100,4.827164603858858,1200000000000000.0,7953.104624059671,0.0,7953104624059.67,1.0000018257418584,1e-09,0.0,0.0,1.0,0.0,0.0,0.0,3236796000000005.5,471,1.442293643951416
paper,100,3000000.0,4,10,exclude,launch,0,0.0,prior,0.0,gzz_rev,12600.0,43200.0,760646.4190472361,0,498484.7978800409,262161.6211671953,0,0,0.0,0,10.481077449244555,13.224790839681233,7299.469724120093,3004.3118819906394,2.4296644326032846,2.0135209818336444,308.16743418511027,0.0,0.0,0.0,2.6203848011598008,20.135922330097088,0.7847295864262991,1624.702974303962,103,5.137627124786377
paper,100,3000000.0,2,11,exclude,launch,0,0.0,prior,0.0,gzz_rev,12600.0,43200.0,1320835.6254439119,0,773923.5270400578,546912.0984038541,0,0,0.0,0,9.118106410883096,14.29472568642917,8440.41818863996,2766.080562475435,3.051399985648436,2.0232490093423916,314.1115605360559,0.0,0.0,0.0,6.309305899115156,50.04761904761905,0.6772428884026258,3093.4536204441197,21,4.93188738822937
ring,100,1500000.0,7,4,exclude,launch,0,0.0,prior,0.0,gzz_rev,12600.0,43200.0,15601593.797914146,0,14598728.302155688,1002865.4957584572,0,100,1.0,100,4.803136565354838,1200000000000000.0,7994.558130032741,0.0,7994558130032.741,1.0000018257418584,1e-09,0.0,0.0,1.0,0.0,0.0,0.0,3236796000000005.5,471,1.5022523403167725
paper,100,3000000.0,3,11,exclude,launch,0,0.0,prior,0.0,gzz_rev,12600.0,43200.0,1148754.44483534,0,664764.5452142366,483989.8996211034,0,0,0.0,0,9.118106410883096,13.216398624854309,8440.41818863996,2999.775005086205,2.8136837510576584,2.017846731809998,310.8035908368883,0.0,0.0,0.0,2.9944755845760724,20.38235294117647,0.6923925027563396,2406.7831473105275,68,4.921310663223267
ring,100,1500000.0,7,5,exclude,launch,0,0.0,prior,0.0,gzz_rev,12600.0,43200.0,14947516.284162823,0,14059280.670356108,888235.6138067143,0,100,1.0,100,4.796428451629647,1200000000000000.0,8006.205221945124,0.0,8006205221945.124,1.0000018257418584,1e-09,0.0,0.0,1.0,0.0,0.0,0.0,3236796000000005.5,471,1.4620287418365479
paper,100,3000000.0,1,11,exclude,launch,0,0.0,prior,0.0,gzz_rev,12600.0,43200.0,3237191.579053732,0,1859975.8792463592,1377215.699807373,0,0,0.0,0,9.118106410883096,8.059548224612332,8440.41818863996,4848.128887174759,1.7409640678011353,2.047411468968487,329.1212355980172,0.0,0.0,0.0,7.663835140288194,50.0,0.3333333333333333,7389.101978179143,10,5.314636468887329
paper,100,3000000.0,1,12,exclude,launch,0,0.0,prior,0.0,gzz_rev,12600.0,43200.0,4157949.7138394164,0,2397919.380222503,1760030.333616913,0,0,0.0,0,8.884528408312832,8.934987710719808,8671.083820102498,4383.648672579943,1.9780517253448682,2.0424916376951106,326.0366443992701,0.0,0.0,0.0,8.537826188623448,50.0,0.28854166666666664,8231.762195413676,8,5.250959634780884
ring,100,1500000.0,7,6,exclude,launch,0,0.0,prior,0.0,gzz_rev,12600.0,43200.0,15920241.62051903,0,14841701.8123254,1078539.8081936317,0,100,1.0,100,4.911996387275881,1200000000000000.0,7809.995131568775,0.0,7809995131568.774,1.0000018257418584,1e-09,0.0,0.0,1.0,0.0,0.0,0.0,3236796000000005.5,471,1.5236554145812988
paper,100,3000000.0,2,12,exclude,launch,0,0.0,prior,0.0,gzz_rev,12600.0,43200.0,1621280.6699519404,0,936480.9959906016,684799.6739613388,0,0,0.0,0,8.884528408312832,16.075805667149815,8671.083820102498,2461.6814290168186,3.5224232176808026,2.0215542017000256,313.07189610329306,0.0,0.0,0.0,6.642614044516349,50.0,0.6707182320441989,3217.3943311388466,20,4.847724676132202
ring,100,1500000.0,7,7,exclude,launch,0,0.0,prior,0.0,gzz_rev,12600.0,43200.0,15011857.298183097,0,14130467.894884184,881389.4032989149,0,100,1.0,100,5.015469727232141,1200000000000000.0,7641.991446879142,0.0,7641991446879.142,1.0000018257418584,1e-09,0.0,0.0,1.0,0.0,0.0,0.0,3236796000000005.5,471,1.5429949760437012
ring,100,1500000.0,7,8,exclude,launch,0,0.0,prior,0.0,gzz_rev,12600.0,43200.0,15307333.8375009,0,14526751.831986258,780582.0055146412,0,100,1.0,100,4.857512498705388,1200000000000000.0,7901.334104096977,0.0,7901334104096.977,1.0000018257418584,1e-09,0.0,0.0,1.0,0.0,0.0,0.0,3236796000000005.5,471,1.4884710311889648
ring,100,1500000.0,7,9,exclude,launch,0,0.0,prior,0.0,gzz_rev,12600.0,43200.0,15571205.483954605,0,14686269.649499653,884935.8344549526,0,100,1.0,100,4.806060742643757,1200000000000000.0,7989.491146408152,0.0,7989491146408.152,1.0000018257418584,1e-09,0.0,0.0,1.0,0.0,0.0,0.0,3236796000000005.5,471,1.4114406108856201
paper,100,3000000.0,3,12,exclude,launch,0,0.0,prior,0.0,gzz_rev,12600.0,43200.0,1138161.7145878829,0,691028.7375058951,447132.9770819878,0,0,0.0,0,8.884528408312832,12.563031078551962,8671.083820102498,3158.301801932019,2.745489305296334,2.0162385995253693,309.8222673495853,0.0,0.0,0.0,3.482313938488486,25.17241379310345,0.7315436241610739,2237.6086969682515,58,5.134439945220947
ring,100,1500000.0,7,10,exclude,launch,0,0.0,prior,0.0,gzz_rev,12600.0,43200.0,15767390.757795747,0,14718123.214420093,1049267.5433756548,0,100,1.0,100,4.810047486139929,1200000000000000.0,7982.5928847049145,0.0,7982592884704.914,1.0000018257418584,1e-09,0.0,0.0,1.0,0.0,0.0,0.0,3236796000000005.5,471,1.4061176776885986
ring,100,1500000.0,7,11,exclude,launch,0,0.0,prior,0.0,gzz_rev,12600.0,43200.0,16848494.712449025,0,15788258.247361124,1060236.4650879009,0,100,1.0,100,4.8192721668644065,1200000000000000.0,7966.675177293168,0.0,7966675177293.168,1.0000018257418584,1e-09,0.0,0.0,1.0,0.0,0.0,0.0,3236796000000005.5,471,1.442528486251831
ring,100,1500000.0,1,1,exclude,launch,0,0.0,prior,0.0,gzz_rev,12600.0,43200.0,2016781.9654065745,0,1604452.7406789726,412329.2247276019,0,0,0.0,0,4.85758743485816,2.7877038632367155,7901.207071016175,6984.986432350628,1.1311699954665788,2.054223946256645,333.41643865828,0.0,0.0,0.0,5.935836382073619,48.72727272727273,0.6354166666666666,5872.531130031669,11,5.36184287071228
ring,100,1500000.0,7,12,exclude,launch,0,0.0,prior,0.0,gzz_rev,12600.0,43200.0,15529382.27838986,0,14603781.336555673,925600.941834188,0,100,1.0,100,4.795621096983025,1200000000000000.0,8007.609203841761,0.0,8007609203841.761,1.0000018257418584,1e-09,0.0,0.0,1.0,0.0,0.0,0.0,3236796000000005.5,471,1.4091579914093018
ring,100,1500000.0,1,2,exclude,launch,0,0.0,prior,0.0,gzz_rev,12600.0,43200.0,1957052.9678077798,0,1455532.4109603069,501520.556847473,0,0,0.0,0,4.889237330012543,2.9749794439562867,7847.90175510476,6536.981303509815,1.2005391159511332,2.0568318050404386,335.0680392435093,0.0,0.0,0.0,5.37491925170738,50.0,0.7194570135746606,5182.239146372173,12,5.367619037628174
ring,100,1500000.0,1,3,exclude,launch,0,0.0,prior,0.0,gzz_rev,12600.0,43200.0,1782784.843870185,0,1366069.3072115793,416715.53665860585,0,0,0.0,0,4.827164603858858,2.9212271916873336,7953.104624059671,6672.579729471356,1.191908519119301,2.052111173185529,332.0813762225491,0.0,0.0,0.0,5.18066503101959,49.15384615384615,0.7216981132075472,5080.933580816806,13,5.242866039276123
ring,100,1500000.0,1,4,exclude,launch,0,0.0,prior,0.0,gzz_rev,12600.0,43200.0,1947411.4784369846,0,1450794.7097378145,496616.76869917,0,0,0.0,0,4.803136565354838,2.677634470467878,7994.558130032741,7271.542845175949,1.099430794846578,2.0543864108063508,333.51921098792974,0.0,0.0,0.0,5.561135988488773,50.0,0.6621004566210046,5361.780385573427,12,5.35767388343811
ring,100,1500000.0,1,5,exclude,launch,0,0.0,prior,0.0,gzz_rev,12600.0,43200.0,1784719.1503363505,0,1403766.6924860606,380952.45785029005,0,0,0.0,0,4.796428451629647,2.7721834135425785,8006.205221945124,7027.492355332466,1.1392691471048004,2.053230224955356,332.78817202785285,0.0,0.0,0.0,5.591745828812567,50.0,0.618421052631579,5391.292924341295,12,5.354138374328613
ring,100,1500000.0,1,6,exclude,launch,0,0.0,prior,0.0,gzz_rev,12600.0,43200.0,2103543.6381081813,0,1529980.425541751,573563.2125664304,0,0,0.0,0,4.911996387275881,2.811213363809333,7809.995131568775,6929.331107037156,1.1270922129319598,2.053406198865831,332.8993859426878,0.0,0.0,0.0,5.721091662730261,48.90909090909091,0.6188340807174888,5639.035469967637,11,5.413542985916138
ring,100,1500000.0,1,7,exclude,launch,0,0.0,prior,0.0,gzz_rev,12600.0,43200.0,1813866.1948540322,0,1348230.6001006404,465635.59475339187,0,0,0.0,0,5.015469727232141,2.795734331582879,7641.991446879142,6959.289386694786,1.0980993923732485,2.0558867883657124,334.4690729535777,0.0,0.0,0.0,5.344062677308841,50.0,0.6447368421052632,5152.488718452674,12,5.466689348220825
ring,100,1500000.0,1,8,exclude,launch,0,0.0,prior,0.0,gzz_rev,12600.0,43200.0,1664160.7731363052,0,1348102.5971709357,316058.17596536956,0,0,0.0,0,4.857512498705388,2.9680245314032243,7901.334104096977,6557.690525793013,1.2048958506076313,2.0551408311430324,333.9966520635626,0.0,0.0,0.0,5.100310181940734,49.07692307692308,0.6702702702702703,5009.965941457743,13,5.316629648208618
ring,100,1500000.0,1,9,exclude,launch,0,0.0,prior,0.0,gzz_rev,12600.0,43200.0,2609383.40287865,0,2059302.825660869,550080.5772177812,0,0,0.0,0,4.806060742643757,2.751015616300276,7989.491146408152,7078.395228585183,1.1287150389884457,2.0541498749743674,333.36958767254237,0.0,0.0,0.0,5.23318211951536,33.333333333333336,0.45454545454545453,7568.374510342459,12,5.411710023880005
ring,100,1500000.0,1,10,exclude,launch,0,0.0,prior,0.0,gzz_rev,12600.0,43200.0,2779887.3282619948,0,2175273.8089485313,604613.5193134632,0,0,0.0,0,4.810047486139929,2.96578460076777,7982.5928847049145,6572.978769681412,1.2144559056733155,2.0519092814056172,331.9539408921845,0.0,0.0,0.0,5.522745453405228,33.333333333333336,0.5022222222222222,7987.149111587335,12,5.291809797286987
ring,100,1500000.0,1,11,exclude,launch,0,0.0,prior,0.0,gzz_rev,12600.0,43200.0,2016439.2703914605,0,1502817.5519061035,513621.71848535707,0,0,0.0,0,4.8192721668644065,2.887857271207385,7966.675177293168,6751.47057738645,1.1799910976398174,2.051567861171571,331.73848999468555,0.0,0.0,0.0,5.343624604847354,50.0,0.7009803921568627,5152.066350012787,12,5.316308975219727
ring,100,1500000.0,1,12,exclude,launch,0,0.0,prior,0.0,gzz_rev,12600.0,43200.0,1830192.099156052,0,1415940.184857798,414251.9142982543,0,0,0.0,0,4.795621096983025,2.8578068254284243,8007.609203841761,6809.098538228585,1.1760160554123766,2.055594765255194,334.28409253025046,0.0,0.0,0.0,5.423059342740342,50.0,0.6476190476190476,5228.653511421787,12,5.366119623184204
ring,100,3000000.0,2,1,exclude,launch,0,0.0,prior,0.0,gzz_rev,12600.0,43200.0,716136.3984569006,0,621165.7157847664,94970.6826721342,0,0,0.0,0,9.71517486971632,6.193550352927749,7901.207071016175,6363.593175199568,1.241626680632108,2.0297750361006646,318.1309874928373,0.0,0.0,0.0,4.579218745228458,49.724137931034484,0.9042553191489362,2301.777030777476,29,5.1096837520599365
ring,100,3000000.0,1,1,exclude,launch,0,0.0,prior,0.0,gzz_rev,12600.0,43200.0,1534289.2228379988,0,1232364.7834579127,301924.439380086,0,0,0.0,0,9.71517486971632,5.859475823334449,7901.207071016175,6663.39271471882,1.1857633805018182,2.0489709951839092,330.1020446211363,0.0,0.0,0.0,9.248256756491532,100.0,0.7978142076502732,4458.362624142412,7,5.362066745758057
ring,100,3000000.0,3,1,exclude,launch,0,0.0,prior,0.0,gzz_rev,12600.0,43200.0,504884.615832294,0,458066.3658457333,46818.24998656065,0,0,0.0,0,9.71517486971632,5.858024481131949,7901.207071016175,6747.9025086184465,1.1709130445978915,2.023811247782789,314.4568413259654,0.0,0.0,0.0,3.425194599507806,33.40677966101695,0.9358288770053476,1695.1299858301063,59,5.227623224258423
ring,100,3000000.0,2,2,exclude,launch,0,0.0,prior,0.0,gzz_rev,12600.0,43200.0,778920.2561605015,0,644037.2596868016,134882.99647369998,0,0,0.0,0,9.778474660025086,5.288391051063198,7847.90175510476,7444.741664310268,1.0541536710034174,2.031967667425165,319.4871799832809,0.0,0.0,0.0,4.738341514348287,50.0,0.9292035398230089,2318.3587923242767,28,5.033780336380005
ring,100,3000000.0,1,2,exclude,launch,0,0.0,prior,0.0,gzz_rev,12600.0,43200.0,1629392.3446786946,0,1211101.5435003766,418290.8011783179,0,0,0.0,0,9.778474660025086,6.082435672211549,7847.90175510476,6415.689470820998,1.2232359110891453,2.0500720619993817,330.7954006174902,0.0,0.0,0.0,8.969132581969674,100.0,0.775,4323.803558585613,8,5.344113826751709
ring,100,3000000.0,3,2,exclude,launch,0,0.0,prior,0.0,gzz_rev,12600.0,43200.0,505438.9701905701,0,447801.0796784179,57637.89051215219,0,0,0.0,0,9.778474660025086,6.051176707607233,7847.90175510476,6530.526654483143,1.2017257061062987,2.0244261807127852,314.83469991893537,0.0,0.0,0.0,3.302900808788998,33.306451612903224,0.9285714285714286,1635.4625909084875,62,5.195268630981445
ring,100,3000000.0,2,3,exclude,launch,0,0.0,prior,0.0,gzz_rev,12600.0,43200.0,672110.5682977168,0,584547.2187575168,87563.3495402,0,0,0.0,0,9.654329207717716,6.217365726745467,7953.104624059671,6346.6623434892235,1.2531160779678834,2.027394101782078,316.6615921129808,0.0,0.0,0.0,4.485912492153085,50.0,0.9198113207547169,2253.7812715713567,30,5.001278400421143
ring,100,3000000.0,1,3,exclude,launch,0,0.0,prior,0.0,gzz_rev,12600.0,43200.0,1494535.1474399318,0,1160017.4781760885,334517.6692638433,0,0,0.0,0,9.654329207717716,5.630659478313521,7953.104624059671,6945.243633865128,1.1451152822458517,2.0457060913687206,328.0503688576941,0.0,0.0,0.0,8.949376041502406,100.0,0.7847533632286996,4314.279404583314,8,5.339092969894409
ring,100,3000000.0,3,3,exclude,launch,0,0.0,prior,0.0,gzz_rev,12600.0,43200.0,490942.06240984047,0,442640.2661860388,48301.79622380166,0,0,0.0,0,9.654329207717716,5.874086542065581,7953.104624059671,6735.221348746446,1.1808230512780247,2.022077390643841,313.39265773959704,0.0,0.0,0.0,3.3845226994088216,33.220338983050844,0.9198113207547169,1645.8604850838838,59,5.206496477127075
ring,100,3000000.0,2,4,exclude,launch,0,0.0,prior,0.0,gzz_rev,12600.0,43200.0,746271.367157724,0,618464.1366648155,127807.23049290845,0,0,0.0,0,9.606273130709676,5.891503871371888,7994.558130032741,6693.610425520979,1.194356650866861,2.028632538797893,317.4254699621396,0.0,0.0,0.0,4.682848043196008,49.642857142857146,0.8976744186046511,2325.522218765922,28,4.924983263015747
ring,100,3000000.0,1,4,exclude,launch,0,0.0,prior,0.0,gzz_rev,12600.0,43200.0,1581895.9354778104,0,1198027.9325283845,383868.00294942595,0,0,0.0,0,9.606273130709676,5.984001200272924,7994.558130032741,6532.113470675995,1.2238853727697723,2.0466547826641683,328.6458702221331,0.0,0.0,0.0,9.209940346445457,100.0,0.7607655502392344,4439.89120245304,7,5.282282829284668
ring,100,3000000.0,3,4,exclude,launch,0,0.0,prior,0.0,gzz_rev,12600.0,43200.0,516242.4526570041,0,456274.8062121335,59967.646444870625,0,0,0.0,0,9.606273130709676,5.705234321035946,7994.558130032741,6931.92312855153,1.1532958432710225,2.0228457291952484,313.864015719888,0.0,0.0,0.0,3.492609320956169,33.293103448275865,0.9305555555555556,1736.3671973688497,58,5.122825622558594
ring,100,3000000.0,2,5,exclude,launch,0,0.0,prior,0.0,gzz_rev,12600.0,43200.0,687842.1795310718,0,596069.2736411513,91772.90588992047,0,0,0.0,0,9.592856903259294,5.418128127878528,8006.205221945124,7276.406123705164,1.100296641753188,2.0291950082426906,317.7727094975016,0.0,0.0,0.0,4.7571808030782465,50.0,0.9103139013452914,2299.7568529609557,28,5.04026198387146
ring,100,3000000.0,1,5,exclude,launch,0,0.0,prior,0.0,gzz_rev,12600.0,43200.0,1531985.7053262903,0,1164647.2688843792,367338.4364419112,0,0,0.0,0,9.592856903259294,5.135096983785476,8006.205221945124,7608.668471636642,1.0522478738284375,2.047541323522044,329.2028473458947,0.0,0.0,0.0,9.29500722816301,100.0,0.7377777777777778,4480.899904523911,7,5.394953727722168
ring,100,3000000.0,3,5,exclude,launch,0,0.0,prior,0.0,gzz_rev,12600.0,43200.0,625328.215255275,0,539733.1488907972,85595.06636447787,0,0,0.0,0,9.592856903259294,5.756756062908814,8006.205221945124,6865.460086351726,1.166157128764197,2.0241491633731927,314.6644526514033,0.0,0.0,0.0,3.1960399496563974,26.936507936507937,0.9192825112107623,1933.4829657667483,63,5.1356072425842285
ring,100,3000000.0,2,6,exclude,launch,0,0.0,prior,0.0,gzz_rev,12600.0,43200.0,721538.326139464,0,612906.5655226368,108631.76061682739,0,0,0.0,0,9.823992774551762,6.0577349468120465,7809.995131568775,6508.850310151756,1.1999039399304732,2.0289691144137283,317.6332315252116,0.0,0.0,0.0,4.621585274517813,50.0,0.9279279279279279,2288.1359794966556,28,5.081562042236328
ring,100,3000000.0,3,6,exclude,launch,0,0.0,prior,0.0,gzz_rev,12600.0,43200.0,645006.9367627314,0,559589.261595148,85417.67516758347,0,0,0.0,0,9.823992774551762,5.891861901945789,7809.995131568775,6703.6615927220055,1.1650342165314382,2.0254678098450736,315.47526870853545,0.0,0.0,0.0,3.014365217354189,26.029850746268657,0.9372197309417041,1875.6871907210882,67,5.09883975982666
ring,100,3000000.0,1,6,exclude,launch,0,0.0,prior,0.0,gzz_rev,12600.0,43200.0,1539068.3771284583,0,1196394.7795023378,342673.59762612043,0,0,0.0,0,9.823992774551762,5.958802457989526,7809.995131568775,6556.368297522087,1.1912075065277348,2.047706255953913,329.30651962948997,0.0,0.0,0.0,9.07432921689116,100.0,0.8008658008658008,4374.516331562023,8,5.411217927932739
ring,100,3000000.0,2,7,exclude,launch,0,0.0,prior,0.0,gzz_rev,12600.0,43200.0,649262.2415120548,0,552379.6619684363,96882.57954361856,0,0,0.0,0,10.030939454464281,6.05177208428823,7641.991446879142,6512.40786829343,1.173450987934163,2.029858810079002,318.18275060920155,0.0,0.0,0.0,4.391485954730344,50.0,0.8898678414096917,2169.895467036103,30,5.088452100753784
ring,100,3000000.0,1,7,exclude,launch,0,0.0,prior,0.0,gzz_rev,12600.0,43200.0,1276873.9245449682,0,1055621.829147177,221252.09539779098,0,0,0.0,0,10.030939454464281,6.144258315287566,7641.991446879142,6355.715717529997,1.2023809412685666,2.048594759985987,329.8652912010209,0.0,0.0,0.0,8.370050902289483,100.0,0.7850877192982456,4035.0006587721055,8,5.43085789680481
ring,100,3000000.0,2,8,exclude,launch,0,0.0,prior,0.0,gzz_rev,12600.0,43200.0,639650.0236971596,0,559078.9128042564,80571.11089290328,0,0,0.0,0,9.715024997410776,5.791801942619211,7901.334104096977,6802.446518476691,1.161542995249651,2.0305381279007007,318.60264991712415,0.0,0.0,0.0,4.305246407865346,50.193548387096776,0.8994708994708994,2094.290854895098,31,4.949263572692871
ring,100,3000000.0,3,7,exclude,launch,0,0.0,prior,0.0,gzz_rev,12600.0,43200.0,463990.03093706595,0,412088.0669276043,51901.96400946162,0,0,0.0,0,10.030939454464281,5.948320538648884,7641.991446879142,6644.762330408526,1.1500774695743414,2.024026395361498,314.5890175191189,0.0,0.0,0.0,3.2481597065693824,33.25806451612903,0.9432314410480349,1602.7569840080562,62,5.327620029449463
ring,100,3000000.0,4,7,exclude,launch,0,0.0,prior,0.0,gzz_rev,12600.0,43200.0,531288.2066633671,0,458525.6569989522,72762.54966441485,0,0,0.0,0,10.030939454464281,6.056005629342833,7641.991446879142,6528.010937880406,1.1706462381266225,2.0235914854415458,314.3218587205291,0.0,0.0,0.0,2.4264698957856603,18.256637168141594,0.9313304721030042,1630.212130667454,113,5.446017026901245
ring,100,3000000.0,3,8,exclude,launch,0,0.0,prior,0.0,gzz_rev,12600.0,43200.0,461169.3069328258,0,421251.7783468391,39917.52858598665,0,0,0.0,0,9.715024997410776,5.903790219493731,7901.334104096977,6694.731551814037,1.1802316557347237,2.024071745974325,314.616882270871,0.0,0.0,0.0,3.233504653607081,33.20967741935484,0.9247311827956989,1594.3742786020134,62,5.231736421585083
ring,100,3000000.0,1,8,exclude,launch,0,0.0,prior,0.0,gzz_rev,12600.0,43200.0,1329823.8662300108,0,1084294.2959256126,245529.5703043982,0,0,0.0,0,9.715024997410776,5.745061061633019,7901.334104096977,6796.448050221561,1.1625681599728255,2.048864965841746,330.03531497106223,0.0,0.0,0.0,8.362503475909808,100.0,0.8166666666666667,4031.362225652696,8,5.358570098876953
ring,100,3000000.0,1,9,exclude,launch,0,0.0,prior,0.0,gzz_rev,12600.0,43200.0,1537960.0492188775,0,1228813.1741075732,309146.8751113041,0,0,0.0,0,9.612121485287513,6.103264398330133,7989.491146408152,6405.427997111807,1.247300125769987,2.0463487425482274,328.45370730967693,0.0,0.0,0.0,9.359083312529329,100.0,0.8166666666666667,4511.789446970888,7,5.3201446533203125
ring,100,3000000.0,2,9,exclude,launch,0,0.0,prior,0.0,gzz_rev,12600.0,43200.0,694006.1237552764,0,610352.3526790794,83653.77107619702,0,0,0.0,0,9.612121485287513,6.225965604404197,7989.491146408152,6335.827733998085,1.2610019529944763,2.028055843279966,317.0696450706245,0.0,0.0,0.0,4.641868061251279,50.0,0.9193548387096774,2285.211946079519,30,5.032638072967529
ring,100,3000000.0,3,9,exclude,launch,0,0.0,prior,0.0,gzz_rev,12600.0,43200.0,694859.4934093672,0,588730.4133474025,106129.08006196466,0,0,0.0,0,9.612121485287513,5.985042517018432,7989.491146408152,6607.868708710612,1.2090874529447386,2.0228391092967546,313.85995305209343,0.0,0.0,0.0,3.3250903812143013,28.229508196721312,0.9222222222222223,1945.7397581432572,61,5.090669631958008
ring,100,3000000.0,2,10,exclude,launch,0,0.0,prior,0.0,gzz_rev,12600.0,43200.0,786208.914968,0,633521.8060091225,152687.1089588775,0,0,0.0,0,9.620094972279858,5.786313769148024,7982.5928847049145,6814.879526149598,1.1713476157685025,2.0287560324411533,317.5016922852191,0.0,0.0,0.0,4.8457515162216,50.0,0.8849557522123894,2446.180529081012,28,5.088427543640137
ring,100,3000000.0,1,10,exclude,launch,0,0.0,prior,0.0,gzz_rev,12600.0,43200.0,1687667.6347387333,0,1274253.8092511627,413413.82548757066,0,0,0.0,0,9.620094972279858,5.703489998988803,7982.5928847049145,6851.192355497866,1.1651392152636229,2.0473078026385956,329.0560900403049,0.0,0.0,0.0,9.70280262804602,100.0,0.7345132743362832,4677.488279717913,7,5.329493999481201
ring,100,3000000.0,3,10,exclude,launch,0,0.0,prior,0.0,gzz_rev,12600.0,43200.0,567650.0542229752,0,501634.57042074756,66015.48380222754,0,0,0.0,0,9.620094972279858,5.7069627924323845,7982.5928847049145,6932.872813851628,1.1514119902439266,2.021956057210969,313.31825486105686,0.0,0.0,0.0,3.8095738170514784,33.80769230769231,0.8888888888888888,1848.0951574799149,52,5.112881422042847
ring,100,3000000.0,1,11,exclude,launch,0,0.0,prior,0.0,gzz_rev,12600.0,43200.0,1636349.872986167,0,1269348.8297769018,367001.0432092652,0,0,0.0,0,9.638544333728813,6.154132146154667,7966.675177293168,6357.5865419784395,1.253097401771898,2.0447060820157006,327.42323934017884,0.0,0.0,0.0,9.042200347952484,100.0,0.7612612612612613,4359.027774939542,8,5.349632263183594
ring,100,3000000.0,2,11,exclude,launch,0,0.0,prior,0.0,gzz_rev,12600.0,43200.0,752640.6439590469,0,645377.5390503831,107263.10490866376,0,0,0.0,0,9.638544333728813,5.920743848961503,7966.675177293168,6663.863585149297,1.1955039408440535,2.0276249024336925,316.80388203055696,0.0,0.0,0.0,4.574845101063708,50.0,0.909952606635071,2272.118735045732,30,5.04929518699646
ring,100,3000000.0,3,11,exclude,launch,0,0.0,prior,0.0,gzz_rev,12600.0,43200.0,669501.3719282515,0,572609.8240843449,96891.54784390648,0,0,0.0,0,9.638544333728813,5.704445489251276,7966.675177293168,6927.194468324913,1.150057965561867,2.0245064871429417,314.88406265939113,0.0,0.0,0.0,3.0250646706570685,26.454545454545453,0.919047619047619,1903.1272432406652,66,5.105188846588135
ring,100,3000000.0,1,12,exclude,launch,0,0.0,prior,0.0,gzz_rev,12600.0,43200.0,1513385.760873978,0,1166363.733596903,347022.0272770751,0,0,0.0,0,9.59124219396605,5.980784454743384,8007.609203841761,6529.480511075525,1.2263776865952787,2.0485813099851367,329.8568290950438,0.0,0.0,0.0,8.991669798412369,100.0,0.7920353982300885,4334.668209739441,8,5.35835337638855
ring,100,3000000.0,2,12,exclude,launch,0,0.0,prior,0.0,gzz_rev,12600.0,43200.0,677804.6257455102,0,587620.0491214719,90184.57662403822,0,0,0.0,0,9.59124219396605,6.170305208296466,8007.609203841761,6388.246186551018,1.2534910161571324,2.0295590708075073,317.99756408460513,0.0,0.0,0.0,4.496191809524813,50.0,0.8899082568807339,2250.2410240764807,30,4.913352012634277
ring,100,3000000.0,3,12,exclude,launch,0,0.0,prior,0.0,gzz_rev,12600.0,43200.0,590071.9316015427,0,515928.5656664782,74143.36593506456,0,0,0.0,0,9.59124219396605,5.825767056251002,8007.609203841761,6777.791205066992,1.181448197733706,2.0260431272686024,315.82934970454016,0.0,0.0,0.0,3.0468196164418053,27.58823529411765,0.9403669724770642,1804.6064827018831,68,5.256169319152832
core,100,1500000.0,1,1,exclude,launch,0,0.0,prior,0.0,gzz_rev,12600.0,43200.0,1090627.7903597704,0,896245.0036417783,194382.78671799228,0,0,0.0,0,5.478029860560422,5.085520964969375,6968.561876837692,3828.5528566139,1.820155588239918,2.0544231254035763,333.5424382157537,0.0,0.0,0.0,3.3561402915489906,50.0,0.8907103825136612,3235.8293743775425,20,5.310972452163696
core,100,1500000.0,2,2,exclude,launch,0,0.0,prior,0.0,gzz_rev,12600.0,43200.0,465937.15609630675,0,414519.4245276476,51417.73156865909,0,0,0.0,0,6.024642709207431,8.102899364324845,6306.0645414764385,2433.1175097962177,2.591763248625256,2.0288804720427676,317.5785077252846,0.0,0.0,0.0,2.0556289871759263,36.55223880597015,0.9594594594594594,1366.0381740678592,67,5.0186827182769775
core,100,1500000.0,1,2,exclude,launch,0,0.0,prior,0.0,gzz_rev,12600.0,43200.0,1089435.970923441,0,877756.1766181397,211679.7943053013,0,0,0.0,0,6.024642709207431,5.545330539307742,6306.0645414764385,3511.3864541396406,1.795890205716918,2.054252970980336,333.4347980462598,0.0,0.0,0.0,3.1576656212692438,47.666666666666664,0.8796296296296297,3193.499605676207,21,5.3218994140625
core,100,1500000.0,10,1,exclude,launch,0,0.0,prior,0.0,gzz_rev,12600.0,43200.0,317107.48403824825,0,306385.1986671794,10722.285371068841,0,1,0.6515011415526614,1,5.478029860560422,16.44284264007864,6968.561876837692,1210.7019628394237,5.755802906682772,2.009304904246375,305.60891692073506,0.0,0.0,0.0,0.46028894665520725,7.4084989718985605,0.9835164835164835,301.2930311905943,1459,8.230103731155396
core,100,1500000.0,11,1,exclude,launch,0,0.0,prior,0.0,gzz_rev,12600.0,43200.0,314761.74873010686,0,305128.9423058644,9632.806424242488,0,1,0.6563563987025447,1,5.478029860560422,17.827516190485387,6968.561876837692,1116.4760827641026,6.241568435201367,2.0096467624818484,305.8159754970234,0.0,0.0,0.0,0.3857562117669455,6.521376433785193,0.9835164835164835,260.8872672007694,1918,8.664845943450928
core,100,1500000.0,12,1,exclude,launch,0,0.0,prior,0.0,gzz_rev,12600.0,43200.0,336162.77608304494,0,323741.7380574303,12421.03802561466,0,1,0.6145709832987981,1,5.478029860560422,20.088332942240104,6968.561876837692,990.7834542180167,7.03338539533614,2.0097283006604254,305.8653723463773,0.0,0.0,0.0,0.32299187262131224,5.393271926311574,0.9725274725274725,241.91409567355274,2497,9.360123872756958
core,100,1500000.0,13,1,exclude,launch,0,0.0,prior,0.0,gzz_rev,12600.0,43200.0,363133.3355499684,0,347138.49271796684,15994.842832001552,0,1,0.5689257019957086,1,5.478029860560422,21.37031813559505,6968.561876837692,931.2379992396825,7.483115897898535,2.009964165833691,306.0082848804431,0.0,0.0,0.057556270096463025,0.31631386073481743,5.600599315068493,0.967032967032967,248.8396999330231,2336,9.456162214279175
core,100,1500000.0,11,2,exclude,launch,0,0.0,prior,0.0,gzz_rev,12600.0,43200.0,356213.3236427845,0,337462.8400722516,18750.483570532935,0,1,0.6549932495117264,1,6.024642709207431,17.64309200574123,6306.0645414764385,1127.9088730147387,5.590934420633852,2.010070450879394,306.07269472191086,0.0,0.0,0.0,0.3851371505392999,5.785080855503391,0.967741935483871,293.2075410337242,1917,8.445558309555054
core,100,1500000.0,15,1,exclude,launch,0,0.0,prior,0.0,gzz_rev,12600.0,43200.0,425873.7935635445,0,405744.6200482043,20129.173515340226,0,1,0.48511059137284934,8,5.478029860560422,23.050028450252512,6968.561876837692,862.7195032801764,8.077436351377564,2.011494777908808,306.93650572103667,0.0,0.0,0.09873138444567016,0.27111580830843585,4.55791788856305,0.9615384615384616,261.45034170320446,2728,9.468385696411133
core,100,1500000.0,20,1,exclude,launch,0,0.0,prior,0.0,gzz_rev,12600.0,43200.0,3567701.9226793014,0,3363128.6906691426,204573.23201015862,0,22,0.9773205191720237,32,5.478029860560422,27.05420230554324,6968.561876837692,735.2826751949681,9.477391637154925,2.0108094837600587,306.52074373778305,0.0,0.0,0.13731114935934213,0.204944294592585,3.221996443992888,0.7692307692307693,256.6337895352611,3937,9.024927377700806
core,100,1500000.0,12,2,exclude,launch,0,0.0,prior,0.0,gzz_rev,12600.0,43200.0,362918.6232001617,0,343556.29623752803,19362.326962633626,0,1,0.6428915670262465,1,6.024642709207431,15.880008402094607,6306.0645414764385,1252.7814760727297,5.033650849663699,2.0106382501846918,306.4169018209127,0.0,0.0,0.0,0.39439308630195175,5.323069403714565,0.9723502304147466,299.0318936416255,2046,8.774680852890015
core,100,1500000.0,14,1,exclude,launch,0,0.0,prior,0.0,gzz_rev,12600.0,43200.0,345904.07543303404,0,331472.1264811404,14431.948951893593,0,1,0.5972635262743689,1,5.478029860560422,20.349672556237202,6968.561876837692,978.0758947878179,7.124765996149449,2.009694344074793,305.8448005369882,0.0,0.0,0.023778071334214,0.306539280208991,5.058617058617059,0.9725274725274725,226.14021755214392,2849,10.492632150650024
core,100,1500000.0,18,1,exclude,launch,0,0.0,prior,0.0,gzz_rev,12600.0,43200.0,2287977.748710919,0,2180857.2445451734,107120.50416574601,0,13,0.949345286853608,24,5.478029860560422,23.99777410460079,6968.561876837692,829.2074461242623,8.403882417372076,2.01013783084608,306.1135311919274,0.0,0.0,0.06712789827973074,0.2336829101541856,3.7056631892697465,0.8846153846153846,218.12742085815486,4026,10.631823539733887
core,100,1500000.0,16,1,exclude,launch,0,0.0,prior,0.0,gzz_rev,12600.0,43200.0,667149.0453134455,0,642463.048685692,24685.996627753542,0,3,0.7936728891421126,11,5.478029860560422,20.866054953367094,6968.561876837692,953.2237705809471,7.310520459000583,2.0110588548956363,306.6720024188625,0.0,0.0,0.017613299030279042,0.2652200999946685,3.92802731809824,0.967032967032967,217.93059405427573,3807,10.875488519668579
core,100,1500000.0,13,2,exclude,launch,0,0.0,prior,0.0,gzz_rev,12600.0,43200.0,402941.8525500404,0,379060.93992626533,23880.91262377507,0,1,0.5790347190186327,1,6.024642709207431,19.78030735160876,6306.0645414764385,1005.9345171904145,6.268861872927218,2.0102832091762872,306.20164882306125,0.0,0.0,0.027124773960216998,0.3229297095715016,4.55484387510008,0.967741935483871,286.1815070003909,2498,9.55959939956665
core,100,1500000.0,19,1,exclude,launch,0,0.0,prior,0.0,gzz_rev,12600.0,43200.0,3535504.757756399,0,3329639.1354991216,205865.62225727725,0,21,0.9712974473630713,26,5.478029860560422,27.9327874991843,6968.561876837692,712.5657611957785,9.779535105845577,2.0096515538915307,305.8188780826747,0.0,0.0,0.1038370612838698,0.20497856826322805,3.580193236714976,0.7692307692307693,219.27622144905385,4140,10.514204502105713
core,100,1500000.0,17,1,exclude,launch,0,0.0,prior,0.0,gzz_rev,12600.0,43200.0,2027094.4530428506,0,1948554.9400429367,78539.51299991383,0,11,0.9440854665843683,21,5.478029860560422,26.809989007733137,6968.561876837692,742.491173798565,9.385380086320374,2.009426197406217,305.68237440299265,0.0,0.0,0.012900420350775474,0.2071072433846594,3.3455910666153255,0.9065934065934066,187.32258799505192,5194,11.59139633178711
core,100,1500000.0,14,2,exclude,launch,0,0.0,prior,0.0,gzz_rev,12600.0,43200.0,405059.8782173959,0,380280.2114155759,24779.666801820007,0,1,0.5760069928400535,1,6.024642709207431,20.608288332411345,6306.0645414764385,965.043313717011,6.534488609830032,2.0112741103046172,306.8025978517187,0.0,0.0,0.049049324882887844,0.2956264550479377,3.9688530597288385,0.9631336405529954,301.14221800515526,2729,9.354173421859741
core,100,1500000.0,16,2,exclude,launch,0,0.0,prior,0.0,gzz_rev,12600.0,43200.0,909245.103577108,0,859977.3126474381,49267.79092966982,0,3,0.7137734479079569,15,6.024642709207431,19.40378971536698,6306.0645414764385,1023.5264837299092,6.161115165770834,2.0140690113684445,308.5007879453323,0.0,0.0,0.1337122345198923,0.29402301254972657,3.3165009940357852,0.9537037037037037,389.07150892555086,2515,9.129985094070435
core,100,1500000.0,1,3,exclude,launch,0,0.0,prior,0.0,gzz_rev,12600.0,43200.0,1091026.0427234075,0,906088.0061781335,184938.0365452739,0,0,0.0,0,4.940884818166719,4.227242962149422,7762.382610686937,4611.596131685099,1.6832312260290074,2.051877906951749,331.93413933995765,0.0,0.0,0.0,3.405100440434336,47.421052631578945,0.8480392156862745,3461.5790009471298,19,5.366877794265747
core,100,1500000.0,15,2,exclude,launch,0,0.0,prior,0.0,gzz_rev,12600.0,43200.0,473650.7076354473,0,442901.7397264883,30748.96790895899,0,1,0.4925936319971414,5,6.024642709207431,20.981143978091396,6306.0645414764385,947.3140469966758,6.656783525451689,2.012504453663918,307.54958060678075,0.0,0.0,0.10481503229594832,0.2890702417874573,4.271450858034322,0.9400921658986175,297.3857197250113,2564,9.448674201965332
core,100,1500000.0,18,2,exclude,launch,0,0.0,prior,0.0,gzz_rev,12600.0,43200.0,3253127.3617371977,0,3037880.2530462514,215247.10869094636,0,17,0.9524030833840734,30,6.024642709207431,23.806671106202923,6306.0645414764385,835.7236666821846,7.545633554343936,2.010474727294099,306.31775235002493,0.0,0.0,0.08137931034482758,0.23553989882289697,2.8951781970649897,0.8202764976958525,294.7557969203488,3816,9.741324424743652
core,100,1500000.0,17,2,exclude,launch,0,0.0,prior,0.0,gzz_rev,12600.0,43200.0,1642249.143653346,0,1537024.761146478,105224.3825068681,0,9,0.8774209633961536,23,6.024642709207431,25.151688208385696,6306.0645414764385,789.9561215133889,7.982803563057847,2.0132137215563866,307.98061366504305,0.0,0.0,0.03645161290322581,0.20838105723052222,2.592322539137894,0.9027777777777778,269.1363099722054,4663,10.72792363166809
core,100,1500000.0,19,2,exclude,launch,0,0.0,prior,0.0,gzz_rev,12600.0,43200.0,4027596.708902552,0,3770195.1375335464,257401.57136900534,0,24,0.9692582231306441,37,6.024642709207431,26.101203797622524,6306.0645414764385,761.9934307654987,8.275746596845808,2.0111674265791404,306.7378693724046,0.0,0.0,0.08679245283018867,0.20460819799116856,2.6603601550034193,0.7511520737327189,279.08702503056287,4387,9.486746549606323
core,100,1500000.0,9,3,exclude,launch,0,0.0,prior,0.0,gzz_rev,12600.0,43200.0,222301.96658177848,0,200407.87742938378,21894.08915239471,0,1,0.5082614955640691,1,4.940884818166719,15.664837962454241,7762.382610686937,1271.2932562591639,6.105894586059623,2.00857633351073,305.16786615538405,0.0,0.0,0.0,0.5327109792693832,9.296035242290749,0.9514563106796117,309.55561082703457,1135,7.577737092971802
core,100,1500000.0,20,2,exclude,launch,0,0.0,prior,0.0,gzz_rev,12600.0,43200.0,4989704.9200465735,0,4675441.039786826,314263.8802597469,0,27,0.9820142391458995,42,6.024642709207431,25.07048634835167,6306.0645414764385,793.8124972366712,7.944022755283377,2.0099224469415407,305.98300465091677,0.0,0.0,0.07030759573132454,0.21016342971441992,2.4609456363257656,0.7268518518518519,275.4035762841025,4801,9.850818157196045
core,100,1500000.0,1,4,exclude,launch,0,0.0,prior,0.0,gzz_rev,12600.0,43200.0,1129665.2610986729,0,896943.9064268119,232721.35467186093,0,0,0.0,0,5.351491471317767,4.719812367177136,7141.218427495743,4128.486619383522,1.7297424179521963,2.0527893035231384,332.5095952838204,0.0,0.0,0.0,3.447182775734711,50.0,0.867579908675799,3323.6081675901733,20,5.311998605728149
core,100,1500000.0,10,3,exclude,launch,0,0.0,prior,0.0,gzz_rev,12600.0,43200.0,252546.77772170352,0,228423.65931822525,24123.118403478253,0,1,0.4473920488826535,1,4.940884818166719,17.275430368906896,7762.382610686937,1152.6461800655964,6.734401887529081,2.008792603371115,305.2987549848815,0.0,0.0,0.0,0.42951041170909354,6.808945686900959,0.9609756097560975,306.5366120745577,1565,8.430987119674683
core,100,1500000.0,11,3,exclude,launch,0,0.0,prior,0.0,gzz_rev,12600.0,43200.0,224840.81460990434,0,202796.11607710013,22044.6985328042,0,1,0.5025263251546473,1,4.940884818166719,17.899082728385398,7762.382610686937,1112.1778272337592,6.979443772938505,2.009347187911609,305.63452372352185,0.0,0.0,0.03985828166519043,0.39570000661079247,6.575632725132431,0.9512195121951219,292.50552136037004,1699,8.619211673736572
core,100,1500000.0,12,3,exclude,launch,0,0.0,prior,0.0,gzz_rev,12600.0,43200.0,264912.1434833482,0,238867.39100613832,26044.752477209855,0,1,0.4265121435932736,1,4.940884818166719,19.476245360510017,7762.382610686937,1022.1320119485858,7.594305353854226,2.009313786708561,305.61429601199234,0.0,0.0,0.03112976565232599,0.34336969101744264,5.4300325430032546,0.9512195121951219,279.37632717675996,2151,9.208232641220093
core,100,1500000.0,13,3,exclude,launch,0,0.0,prior,0.0,gzz_rev,12600.0,43200.0,251609.0444392816,0,227914.3835077333,23694.660931548297,0,1,0.4490426864494521,1,4.940884818166719,23.138808962740033,7762.382610686937,859.8678485462592,9.027413484305125,2.01042224193516,306.2859320991827,0.0,0.0,0.0215548558973117,0.25944422616060114,3.6079125120617563,0.9512195121951219,291.01751053995787,3109,9.770551681518555
core,100,1500000.0,14,3,exclude,launch,0,0.0,prior,0.0,gzz_rev,12600.0,43200.0,306849.91235218913,0,279258.29876931483,27591.613582874317,0,1,0.3682011599779132,1,4.940884818166719,24.593521913868663,7762.382610686937,809.1363866286392,9.59341680705994,2.010099397089577,306.0902376002181,0.0,0.0,0.018637399047421826,0.2405903469380189,3.771538673272777,0.9463414634146341,238.0395844050908,3633,10.494775533676147
core,100,1500000.0,10,4,exclude,launch,0,0.0,prior,0.0,gzz_rev,12600.0,43200.0,307137.1368189732,0,287835.8139241399,19301.32289483329,0,1,0.6009261065993582,1,5.351491471317767,15.265707703543825,7141.218427495743,1303.4571834928877,5.478675109495615,2.0102324482916907,306.1708798744271,0.0,0.0,0.05291319857312723,0.47829766810907426,7.494861660079051,0.9660194174757282,341.8457835191294,1265,7.930416822433472
core,100,1500000.0,15,3,exclude,launch,0,0.0,prior,0.0,gzz_rev,12600.0,43200.0,273658.9613538949,0,246671.84103078523,26987.120323109673,0,1,0.41283630036503133,10,4.940884818166719,19.19840379980982,7762.382610686937,1036.6566660722813,7.487901119757717,2.009832777551031,305.92867158492913,0.0,0.0,0.04808976756612343,0.3105599030849782,4.170220326936745,0.9609756097560975,277.81212363398157,2814,10.105653524398804
core,100,1500000.0,20,3,exclude,launch,0,0.0,prior,0.0,gzz_rev,12600.0,43200.0,4082982.961501496,0,3846497.096511283,236485.8649902133,0,26,0.9748721778580902,39,4.940884818166719,27.911382621996246,7762.382610686937,713.6279698263799,10.877351980157764,2.0081991441882256,304.9396543025612,0.0,0.0,0.11180124223602485,0.20545907510433728,2.8621015348288075,0.7794117647058824,268.683684644743,4235,8.228651285171509
core,100,1500000.0,11,4,exclude,launch,0,0.0,prior,0.0,gzz_rev,12600.0,43200.0,317836.05277242843,0,296950.89982471784,20885.152947710565,0,1,0.5806978856261179,1,5.351491471317767,15.677854901205684,7141.218427495743,1268.9822700110735,5.627516314655386,2.0105635105930926,306.37158268267075,0.0,0.0,0.0,0.4021744120187074,5.764545948885264,0.961352657004831,307.4163327036651,1839,6.8735620975494385
core,100,1500000.0,17,3,exclude,launch,0,0.0,prior,0.0,gzz_rev,12600.0,43200.0,1843276.399476199,0,1740260.197639532,103016.20183666705,0,11,0.9240889517332123,22,4.940884818166719,26.12871926105211,7762.382610686937,761.3412760065737,10.19566763988232,2.010770444295997,306.497067318698,0.0,0.0,0.0744398025066464,0.2140611451392038,2.904341241797072,0.8872549019607843,282.7096948759172,3962,8.309043407440186
core,100,1500000.0,19,3,exclude,launch,0,0.0,prior,0.0,gzz_rev,12600.0,43200.0,3193657.320582651,0,3011651.835049303,182005.48553334837,0,21,0.9609886939641652,33,4.940884818166719,30.8997436665308,7762.382610686937,644.0797687536447,12.051896344621852,2.009858379945652,305.94418426393725,0.0,0.0,0.06881195230570321,0.17491701641056562,2.4636658401678426,0.8235294117647058,251.76453407223048,5243,8.51743769645691
core,100,1500000.0,12,4,exclude,launch,0,0.0,prior,0.0,gzz_rev,12600.0,43200.0,330874.16008102987,0,308992.7914695478,21881.368611482096,0,1,0.5578154660838487,1,5.351491471317767,16.137979616953494,7141.218427495743,1232.4008121018571,5.794558359075087,2.0112166370800573,306.76772613225023,0.0,0.0,0.034722222222222224,0.37929841957280797,5.282195997947666,0.9660194174757282,316.50195786662124,1949,7.20932674407959
core,100,1500000.0,16,3,exclude,launch,0,0.0,prior,0.0,gzz_rev,12600.0,43200.0,925271.3486238773,0,863642.6946105012,61628.65401337609,0,4,0.7313615965021374,15,4.940884818166719,33.178121734196836,7762.382610686937,598.8853411720472,12.961383552143026,2.013096120897404,307.90912505321023,0.0,0.0,0.02821522309711286,0.1590437087614199,2.1977007489984324,0.9313725490196079,258.0330686439409,5741,9.368006944656372
core,100,1500000.0,18,3,exclude,launch,0,0.0,prior,0.0,gzz_rev,12600.0,43200.0,2394972.6571010156,0,2259540.2754884516,135432.38161256374,0,15,0.9544912657015285,30,4.940884818166719,29.763209445487888,7762.382610686937,668.5695296656125,11.610434317234471,2.0101739991526806,306.13545256923607,0.0,0.0,0.021971277770958635,0.17527718298141623,2.410816093826356,0.8634146341463415,220.21047435080249,6139,9.362136602401733
core,100,1500000.0,13,4,exclude,launch,0,0.0,prior,0.0,gzz_rev,12600.0,43200.0,349221.4189766201,0,324013.9717368892,25207.447239730867,0,1,0.5285091743844507,1,5.351491471317767,17.915034868688398,7141.218427495743,1109.9867624921048,6.433606840015389,2.0115208292717233,306.9523164151666,0.0,0.0,0.02699423718531999,0.3255315647863046,4.611446997178557,0.966183574879227,285.21772873724115,2481,7.96821141242981
core,100,1500000.0,1,5,exclude,launch,0,0.0,prior,0.0,gzz_rev,12600.0,43200.0,1084813.826897602,0,861062.8073368195,223751.01956078256,0,0,0.0,0,5.774317772611485,5.498639859794421,6593.891938148332,3548.233980246684,1.8583588271960307,2.0501822288530906,330.86481413965373,0.0,0.0,0.0,3.432132846471078,50.0,0.868421052631579,3309.097748190783,20,3.7748115062713623
core,100,1500000.0,14,4,exclude,launch,0,0.0,prior,0.0,gzz_rev,12600.0,43200.0,347582.6229553983,0,323731.36641530745,23851.256540090802,0,1,0.5310010099221348,1,5.351491471317767,16.99396619997678,7141.218427495743,1169.6198744624357,6.1055891605620065,2.012428697913532,307.5035605076669,0.0,0.0,0.05553831833695315,0.33278030596091085,4.1877062706270625,0.961352657004831,320.74556740908565,2424,7.995384454727173
core,100,1500000.0,17,4,exclude,launch,0,0.0,prior,0.0,gzz_rev,12600.0,43200.0,2172773.5284874346,0,2017880.3113842928,154893.21710314142,0,14,0.924337236019531,26,5.351491471317767,22.942834655855798,7141.218427495743,866.4972039325897,8.241478905050572,2.012082345268345,307.29320208116206,0.0,0.0,0.08046923235233587,0.23229448549625736,2.8667943107221006,0.8357487922705314,310.9515522431524,3656,7.936723470687866
core,100,1500000.0,15,4,exclude,launch,0,0.0,prior,0.0,gzz_rev,12600.0,43200.0,433935.4827734618,0,398639.539296315,35295.94347714681,0,1,0.4253321775879182,11,5.351491471317767,26.95199061360156,7141.218427495743,736.9891175634675,9.68972031921592,2.013761666740602,308.313815085805,0.0,0.0,0.030442962202839062,0.19859373036722833,2.533757672198227,0.9516908212560387,292.5552341861898,4399,9.058957576751709
core,100,1500000.0,16,4,exclude,launch,0,0.0,prior,0.0,gzz_rev,12600.0,43200.0,821888.3011404877,0,768970.0822612949,52918.218879192704,0,5,0.7239703722385646,21,5.351491471317767,26.498791891970015,7141.218427495743,749.4402442582752,9.52873625643555,2.014173632286761,308.5644469277169,0.0,0.0,0.02780366573470022,0.19445639452132485,2.4939087342556268,0.9271844660194175,269.82906640623924,4843,9.390864610671997
core,100,1500000.0,18,4,exclude,launch,0,0.0,prior,0.0,gzz_rev,12600.0,43200.0,3771598.743398906,0,3532440.1487725885,239158.59462631753,0,23,0.9708223802065172,36,5.351491471317767,24.748332542941117,7141.218427495743,803.9496277867661,8.882668989044957,2.0104126573098977,306.28012141561453,0.0,0.0,0.0417377812257564,0.20760468012303102,2.8482289950576605,0.7475728155339806,235.09401042005868,4856,9.038740873336792
core,100,1500000.0,19,4,exclude,launch,0,0.0,prior,0.0,gzz_rev,12600.0,43200.0,4267521.89128036,0,3974661.67180075,292860.2194796091,0,26,0.9738542210810153,43,5.351491471317767,25.4458843655639,7141.218427495743,781.0793324650389,9.14275686306856,2.012552858284368,307.578987245953,0.0,0.0,0.06974198592650509,0.19550412458764757,2.42993762993763,0.7233009708737864,278.41573806778433,4810,8.027763843536377
core,100,1500000.0,10,5,exclude,launch,0,0.0,prior,0.0,gzz_rev,12600.0,43200.0,309970.16839747166,0,292713.9780953257,17256.190302145926,0,1,0.5392010695845129,1,5.774317772611485,18.029736170378325,6593.891938148332,1103.9813054491026,5.972829345571136,2.0095966606217086,305.7856251415517,0.0,0.0,0.04726500265533723,0.4278161070971882,7.0423728813559325,0.968609865470852,326.24317835921005,1416,6.577715635299683
core,100,1500000.0,1,6,exclude,launch,0,0.0,prior,0.0,gzz_rev,12600.0,43200.0,1104932.186078605,0,911964.5323092581,192967.6537693469,0,0,0.0,0,5.052148291863248,4.576269784088689,7584.090639439221,4254.769593006098,1.7824915012803024,2.0543400125875086,333.48985864290825,0.0,0.0,0.0,3.447335170372566,50.0,0.9107142857142857,3323.7550991850503,20,5.302136182785034
core,100,1500000.0,20,4,exclude,launch,0,0.0,prior,0.0,gzz_rev,12600.0,43200.0,4954440.709435699,0,4626000.687805463,328440.0216302358,0,31,0.9764951664440215,45,5.351491471317767,31.21499819184633,7141.218427495743,637.3200874688845,11.205073506873255,2.0106619999217323,306.43130342573875,0.0,0.0,0.07707856084085703,0.16405774590919087,2.4126187488797277,0.7087378640776699,241.90624854190202,5579,8.789113759994507
core,100,1500000.0,11,5,exclude,launch,0,0.0,prior,0.0,gzz_rev,12600.0,43200.0,281288.2280599518,0,266391.3411105424,14896.886949409356,0,1,0.5941814468808372,1,5.774317772611485,18.09641150287516,6593.891938148332,1099.8971076342928,5.995007980638085,2.009627051007838,305.80403463803503,0.0,0.0,0.03935286401399213,0.3907559838958757,6.637420104590355,0.9730941704035875,285.5300706893717,1721,7.040905714035034
core,100,1500000.0,12,5,exclude,launch,0,0.0,prior,0.0,gzz_rev,12600.0,43200.0,302388.9055653563,0,285230.0516295609,17158.85393579542,0,1,0.5527195054551522,1,5.774317772611485,23.844796777647502,6593.891938148332,834.6126983219727,7.900541114945478,2.009932061238307,305.9888304951166,0.0,0.0,0.02508361204013378,0.2742703291899593,4.820474777448071,0.9730941704035875,250.76473683502257,2696,7.69049596786499
core,100,1500000.0,9,6,exclude,launch,0,0.0,prior,0.0,gzz_rev,12600.0,43200.0,406310.76314221823,0,361492.91371690796,44817.849425310254,0,1,0.6798902043333607,1,5.052148291863248,19.04771737306447,7584.090639439221,1044.7151721432385,7.259481667027407,2.010106884317055,306.0947753234126,0.0,0.0,0.05545286506469501,0.44085374757215484,8.744262295081967,0.9684684684684685,305.5700899544284,1220,7.496447801589966
core,100,1500000.0,13,5,exclude,launch,0,0.0,prior,0.0,gzz_rev,12600.0,43200.0,306844.0948197235,0,288888.11326849373,17955.98155122982,0,1,0.5446943550841503,1,5.774317772611485,20.547290814930633,6593.891938148332,968.1700151969261,6.810675640277015,2.0107301750628266,306.47264603475963,0.0,0.0,0.024250681198910082,0.29248661889615485,4.691192461036607,0.9775784753363229,252.01378001425383,2759,8.340246200561523
core,100,1500000.0,14,5,exclude,launch,0,0.0,prior,0.0,gzz_rev,12600.0,43200.0,333904.8750815099,0,312146.1981504352,21758.676931074697,0,1,0.5005504825241291,1,5.774317772611485,24.528180694514234,6593.891938148332,810.8942197465773,8.131630214615504,2.0110851065289546,306.68792779340026,0.0,0.0,0.04037897586284683,0.2416662374406115,4.075516931375487,0.9775784753363229,239.53638360941602,3337,8.64761757850647
core,100,1500000.0,16,5,exclude,launch,0,0.0,prior,0.0,gzz_rev,12600.0,43200.0,1077317.2369886944,0,1003134.2227596052,74183.01422908937,0,6,0.8353510471603312,15,5.774317772611485,31.40214325873261,6593.891938148332,633.1344439480553,10.414678906158704,2.0118924460445404,307.17789670860094,0.0,0.0,0.048272598201609083,0.176936925538777,2.7564907872696818,0.9192825112107623,247.40279130113163,4776,10.264004945755005
core,100,1500000.0,19,5,exclude,launch,0,0.0,prior,0.0,gzz_rev,12600.0,43200.0,3130000.582136346,0,2911321.7005885146,218678.88154783126,0,21,0.9680062368488481,31,5.774317772611485,29.73351524076222,6593.891938148332,669.1968346455194,9.853441613544371,2.0102952969589127,306.2089761171891,0.0,0.0,0.08409162221524945,0.1825028657724894,2.936471568423245,0.7802690582959642,230.74076099427663,4801,9.941943883895874
core,100,1500000.0,10,6,exclude,launch,0,0.0,prior,0.0,gzz_rev,12600.0,43200.0,378378.11589394946,0,335525.18501216645,42852.93088178298,0,1,0.7300945475665838,1,5.052148291863248,15.95886737829285,7584.090639439221,1247.0526319848377,6.081612311236782,2.0098939473996715,305.9657354983473,0.0,0.0,0.0,0.4415769159187709,7.591715976331361,0.9774774774774775,282.66490311359814,1521,8.104475975036621
core,100,1500000.0,17,5,exclude,launch,0,0.0,prior,0.0,gzz_rev,12600.0,43200.0,1764904.8585608148,0,1672936.4305623895,91968.42799842526,0,12,0.9148858995616108,25,5.774317772611485,28.642577810108968,6593.891938148332,694.1880409764335,9.498711514640142,2.0117349550879124,307.08228580402204,0.0,0.0,0.03966966524111488,0.18422373565163966,2.884976525821596,0.905829596412556,220.71928479955432,5112,10.542356491088867
core,100,1500000.0,15,5,exclude,launch,0,0.0,prior,0.0,gzz_rev,12600.0,43200.0,338314.516746443,0,317729.82646452123,20584.690281921812,0,1,0.49402623318252065,11,5.774317772611485,25.059353146702712,6593.891938148332,793.6700859452419,8.308101886308549,2.011176210210561,306.7431984287375,0.0,0.0,0.01584757834757835,0.2228287501460611,3.7819905213270144,0.9775784753363229,204.0320062111913,4220,10.931030511856079
core,100,1500000.0,11,6,exclude,launch,0,0.0,prior,0.0,gzz_rev,12600.0,43200.0,390597.3988407331,0,347531.60922516,43065.7896155731,0,1,0.7072403787866831,1,5.052148291863248,18.227070311720475,7584.090639439221,1091.6909027261127,6.947104368553986,2.0102192669915944,306.1628902203105,0.0,0.0,0.038200339558573854,0.37867470731943764,6.644469525959368,0.9594594594594594,276.7794946676139,1772,8.524070024490356
core,100,1500000.0,18,5,exclude,launch,0,0.0,prior,0.0,gzz_rev,12600.0,43200.0,2107041.872695691,0,1976896.3298036193,130145.54289207156,0,15,0.9373602723185137,27,5.774317772611485,30.355292428685743,6593.891938148332,655.5466594610928,10.058615726253556,2.010119893467123,306.10265975340945,0.0,0.0,0.035198318886262146,0.1760627779144936,2.867562380038388,0.8565022421524664,198.27021530244008,5731,11.161919832229614
core,100,1500000.0,20,5,exclude,launch,0,0.0,prior,0.0,gzz_rev,12600.0,43200.0,3862560.01084269,0,3584849.7867187313,277710.22412395873,0,25,0.9843752360617928,34,5.774317772611485,29.129608948224462,6593.891938148332,683.2926128036522,9.650173021910193,2.009641596375646,305.81284593958867,0.0,0.0,0.03083447959651536,0.17395517158843193,2.6128786725529,0.7309417040358744,189.65420440708846,6569,11.590250015258789
core,100,1500000.0,13,6,exclude,launch,0,0.0,prior,0.0,gzz_rev,12600.0,43200.0,421178.82859426044,0,373238.82496849424,47940.00362576617,0,1,0.6559027637260588,1,5.052148291863248,18.406312074961225,7584.090639439221,1080.41826172202,7.019587606147412,2.011413191228462,306.8869930172824,0.0,0.0,0.10604870384917518,0.3505748286219588,5.700939457202505,0.963963963963964,297.46445936729873,1916,8.827136516571045
core,100,1500000.0,12,6,exclude,launch,0,0.0,prior,0.0,gzz_rev,12600.0,43200.0,387194.5638951185,0,343781.46037847246,43413.10351664599,0,1,0.7134823241577597,1,5.052148291863248,18.988188556614787,7584.090639439221,1048.1319857596463,7.23581642625147,2.0098353526084596,305.93023181335536,0.0,0.0,0.0317743662977508,0.3507493600153407,5.942599620493358,0.972972972972973,260.2660737380078,2108,9.305112838745117
core,100,1500000.0,1,7,exclude,launch,0,0.0,prior,0.0,gzz_rev,12600.0,43200.0,1116672.1280922326,0,889819.9927369935,226852.13535523915,0,0,0.0,0,4.789315478557099,4.064759744869338,8018.5908986554505,4786.6459788569855,1.6752003248358527,2.0558612568461765,334.4528981126361,0.0,0.0,0.0,3.4519795758963427,47.421052631578945,0.8209606986899564,3509.235695290378,19,5.574975490570068
core,100,1500000.0,14,6,exclude,launch,0,0.0,prior,0.0,gzz_rev,12600.0,43200.0,437375.15893073764,0,389414.6249773833,47960.53395335433,0,1,0.631607960337393,1,5.052148291863248,20.052304424904055,7584.090639439221,991.7061550472141,7.647517967737278,2.0114659876233834,306.91903323568374,0.0,0.0,0.08413836086008102,0.30621631830610196,4.790649565577162,0.972972972972973,281.351369541737,2417,9.845046281814575
core,100,1500000.0,17,6,exclude,launch,0,0.0,prior,0.0,gzz_rev,12600.0,43200.0,1764782.536556935,0,1631313.8425448188,133468.6940121163,0,7,0.8935686055283975,28,5.052148291863248,23.13393242075469,7584.090639439221,859.3424492728277,8.825457936887501,2.0120754559835285,307.28901858127995,0.0,0.0,0.08591731266149871,0.24140950694674518,3.533600228767515,0.8963963963963963,263.7473634667907,3497,10.160903692245483
core,100,1500000.0,18,6,exclude,launch,0,0.0,prior,0.0,gzz_rev,12600.0,43200.0,2747273.4264036077,0,2529078.8761039786,218194.5502996288,0,15,0.9528595664870135,31,5.052148291863248,24.527680425928153,7584.090639439221,810.9017524163585,9.352662781699307,2.011107442931058,306.70147834517473,0.0,0.0,0.07004874526087741,0.2206700188781621,3.3104771038120355,0.8198198198198198,235.85943753630104,4171,10.09890604019165
core,100,1500000.0,9,7,exclude,launch,0,0.0,prior,0.0,gzz_rev,12600.0,43200.0,285018.66382196435,0,257537.61701001957,27481.046811944754,0,1,0.5491773345845548,1,4.789315478557099,15.714508060470388,8018.5908986554505,1265.9292114778948,6.334154252822902,2.01071158361671,306.4613715770996,0.0,0.0,0.0641025641025641,0.5093381088462772,8.55345316934721,0.9559471365638766,361.7324105222527,1057,7.677351474761963
core,100,1500000.0,16,6,exclude,launch,0,0.0,prior,0.0,gzz_rev,12600.0,43200.0,939669.9038976267,0,876346.7160769453,63323.18782068129,0,3,0.8182805928830081,13,5.052148291863248,23.19858825892816,7584.090639439221,855.4563712232726,8.865549307434858,2.0155824549094694,309.4223168159835,0.0,0.0,0.05183336532923786,0.2227020172688482,2.8684680091766506,0.9414414414414415,289.7286308668064,3923,10.879733324050903
core,100,1500000.0,15,6,exclude,launch,0,0.0,prior,0.0,gzz_rev,12600.0,43200.0,480532.48912793613,0,429102.91607008514,51429.573057850954,0,1,0.5748906833335206,5,5.052148291863248,25.31378269425642,7584.090639439221,785.1476946050761,9.659444575270602,2.012572730614459,307.59106043520666,0.0,0.0,0.03382464096749811,0.2191090851122899,3.486201705970898,0.9504504504504504,234.5446974084459,3986,11.157561540603638
core,100,1500000.0,19,6,exclude,launch,0,0.0,prior,0.0,gzz_rev,12600.0,43200.0,4861572.553596925,0,4511001.2384902695,350571.3151066556,0,29,0.9786175885504512,36,5.052148291863248,29.992201646130543,7584.090639439221,663.5369731269964,11.429793585877059,2.00995584416681,306.00324215000813,0.0,0.0,0.09121405750798722,0.17999338044688581,2.962192013593883,0.6756756756756757,233.64650260448542,4708,10.333517074584961
core,100,1500000.0,10,7,exclude,launch,0,0.0,prior,0.0,gzz_rev,12600.0,43200.0,279952.8488989869,0,252999.73986149812,26953.109037488764,0,1,0.559057638800742,1,4.789315478557099,16.032510594082318,8018.5908986554505,1240.732435750037,6.462788162548616,2.0108529837083635,306.54712640163035,0.0,0.0,0.04952698942682248,0.4480095361183139,7.214655810510733,0.9601769911504425,332.95710382616346,1351,8.518321514129639
core,100,1500000.0,20,6,exclude,launch,0,0.0,prior,0.0,gzz_rev,12600.0,43200.0,5116543.307812594,0,4767743.051977565,348800.25583502965,0,30,0.9849532540464243,41,5.052148291863248,29.740375928476432,7584.090639439221,669.1880078077348,11.333273386480373,2.0098580604446568,305.9439906735132,0.0,0.0,0.07607309817254569,0.17722561241772686,2.9376882530120483,0.6891891891891891,208.2259485839789,5312,10.785472631454468
core,100,1500000.0,11,7,exclude,launch,0,0.0,prior,0.0,gzz_rev,12600.0,43200.0,274898.6241284708,0,249035.9859105103,25862.63821796049,0,1,0.5693646821398078,1,4.789315478557099,16.532037331993696,8018.5908986554505,1203.3924441655688,6.663321626732944,2.010603034534011,306.39554802280554,0.0,0.0,0.04090073529411765,0.4107162941684415,6.122174709835064,0.9557522123893806,325.99893427670435,1637,9.085870504379272
core,100,1500000.0,1,8,exclude,launch,0,0.0,prior,0.0,gzz_rev,12600.0,43200.0,1063964.9057992687,0,872252.2758833691,191712.62991589968,0,0,0.0,0,5.687677066694433,4.963280950613126,6699.414751861177,3924.6244531960865,1.707020590570237,2.0534920524049207,332.9536513440996,0.0,0.0,0.0,3.361749169967971,50.0,0.8913043478260869,3241.237185722959,20,5.769742965698242
core,100,1500000.0,12,7,exclude,launch,0,0.0,prior,0.0,gzz_rev,12600.0,43200.0,300958.4976193717,0,271518.60355183907,29439.894067532656,0,1,0.5200935217800506,1,4.789315478557099,15.909684793532367,8018.5908986554505,1249.6590896326327,6.416622713489571,2.0119021904977834,307.18381294026364,0.0,0.0,0.0348297213622291,0.3805861354023431,5.295056642636458,0.9557522123893806,317.14234812519743,1942,9.442938566207886
core,100,1500000.0,13,7,exclude,launch,0,0.0,prior,0.0,gzz_rev,12600.0,43200.0,302653.4206648223,0,274264.0637226092,28389.35694221308,0,1,0.5171748446363025,1,4.789315478557099,17.869838862075426,8018.5908986554505,1112.9003248697027,7.205129443730066,2.011328862618801,306.83582050975133,0.0,0.0,0.06320621468926553,0.34744363547086365,5.50187617260788,0.9555555555555556,277.60128331384624,2132,9.600775718688965
core,100,1500000.0,14,7,exclude,launch,0,0.0,prior,0.0,gzz_rev,12600.0,43200.0,301145.3888163248,0,273603.2265338321,27542.162282492714,0,1,0.5197705336240255,1,4.789315478557099,17.838673921595362,8018.5908986554505,1114.675708144176,7.193653580201909,2.011633630739916,307.02078085320744,0.0,0.0,0.0550430504305043,0.330090911989306,5.037203597710548,0.9513274336283186,264.85472405948224,2446,10.482259750366211
core,100,1500000.0,16,7,exclude,launch,0,0.0,prior,0.0,gzz_rev,12600.0,43200.0,912096.4059571674,0,845824.4824801424,66271.92347702502,0,5,0.7931130453702454,15,4.789315478557099,20.617149083829478,8018.5908986554505,964.3869942503358,8.31470244462254,2.0117779100215345,307.10836176226337,0.0,0.0,0.06294034758102396,0.27287251583614613,3.887016229712859,0.92,260.9178676569949,3204,10.750595808029175
core,100,1500000.0,18,7,exclude,launch,0,0.0,prior,0.0,gzz_rev,12600.0,43200.0,2612311.2128958334,0,2473022.8333117985,139288.37958403464,0,15,0.9425066137404094,32,4.789315478557099,25.65725606223267,8018.5908986554505,774.6394295985567,10.35138490537584,2.0125662421216193,307.5871184052894,0.0,0.0,0.09121432568550644,0.20900927395097377,2.7586206896551726,0.8444444444444444,292.87173436150385,4031,10.368481874465942
core,100,1500000.0,15,7,exclude,launch,0,0.0,prior,0.0,gzz_rev,12600.0,43200.0,379154.18889687426,0,340025.64322908263,39128.54566779159,0,1,0.4128192869962671,8,4.789315478557099,22.036123229016976,8018.5908986554505,902.6060663038039,8.883821190668256,2.0110670523840137,306.67697532494947,0.0,0.0,0.04118050789293068,0.2655820046634265,3.926747720364742,0.9469026548672567,251.95177320180673,3290,11.375206470489502
core,100,1500000.0,19,7,exclude,launch,0,0.0,prior,0.0,gzz_rev,12600.0,43200.0,3220804.4730304107,0,3064961.040496795,155843.43253361527,0,20,0.9630519235146884,39,4.789315478557099,27.23883093234015,8018.5908986554505,729.0888627510078,10.998098185726766,2.014146532685337,308.5479569273075,0.0,0.0,0.08608,0.18584339998542926,2.3651637601020843,0.8080357142857143,292.7028954694274,4702,10.319210290908813
core,100,1500000.0,17,7,exclude,launch,0,0.0,prior,0.0,gzz_rev,12600.0,43200.0,1879411.3162777822,0,1739599.5328615184,139811.78341626382,0,11,0.9203347018268652,22,4.789315478557099,23.556949971724265,8018.5908986554505,844.0884878913436,9.499704134914886,2.0116524686645665,307.03221520653346,0.0,0.0,0.058365019011406845,0.23052737883215085,3.24880020207123,0.8577777777777778,253.36921596294206,3959,11.277686834335327
core,100,1500000.0,10,8,exclude,launch,0,0.0,prior,0.0,gzz_rev,12600.0,43200.0,259591.30269383974,0,252262.06075349444,7329.241940345282,0,1,0.5848814074149455,1,5.687677066694433,18.41312371726651,6699.414751861177,1081.0304592491232,6.197248832853931,2.0095304404342396,305.7455130490049,0.0,0.0,0.047670058918050345,0.4308249531515574,7.802135231316726,0.9888888888888889,297.3013242687115,1405,8.883456230163574
core,100,1500000.0,20,7,exclude,launch,0,0.0,prior,0.0,gzz_rev,12600.0,43200.0,4687852.166754801,0,4473081.187843924,214770.97891087655,0,29,0.9768982568680397,43,4.789315478557099,28.574631318266373,8018.5908986554505,696.2609885069251,11.516645383005969,2.0105148875231222,306.3421013717604,0.0,0.0,0.10157759175788796,0.18591456682752275,2.640136927685066,0.7555555555555555,263.52134614310535,4674,10.36068081855774
core,100,1500000.0,11,8,exclude,launch,0,0.0,prior,0.0,gzz_rev,12600.0,43200.0,270966.66625425796,0,264576.82069102133,6389.845563236658,0,1,0.5603276911182263,1,5.687677066694433,19.211001416827607,6699.414751861177,1035.8066314736434,6.467823769702952,2.0101631168848773,306.12885681437103,0.0,0.0,0.036017806556050184,0.36166166252792803,5.894566971490049,0.9833333333333333,297.2123355793283,1859,9.153327226638794
core,100,1500000.0,1,9,exclude,launch,0,0.0,prior,0.0,gzz_rev,12600.0,43200.0,1116243.1402398692,0,912094.7500939217,204148.39014594766,0,0,0.0,0,4.852417850747997,4.3985179424036085,7909.979841733408,4427.973840293688,1.7863655312852464,2.053754731427503,333.1197102017549,0.0,0.0,0.0,3.4950633525259986,50.0,0.8994708994708994,3369.7723214646467,20,5.700284004211426
core,100,1500000.0,13,8,exclude,launch,0,0.0,prior,0.0,gzz_rev,12600.0,43200.0,277661.0226269301,0,269529.6981500183,8131.324476911796,0,1,0.5468182931684028,1,5.687677066694433,21.0679221973711,6699.414751861177,944.8023647493056,7.090810736527743,2.009543047394775,305.75314936293853,0.0,0.0,0.059113300492610835,0.3227539541855002,5.004801396769969,0.9833333333333333,283.9566585701002,2291,9.59586763381958
core,100,1500000.0,12,8,exclude,launch,0,0.0,prior,0.0,gzz_rev,12600.0,43200.0,287475.806593639,0,277808.1561800112,9667.650413627782,0,1,0.5281492320043119,1,5.687677066694433,28.498732649557734,6699.414751861177,698.0016000835275,9.597993401533007,2.010842362507687,306.5406845520366,0.0,0.0,0.020090293453724605,0.22193498700636247,3.7711711711711713,0.9833333333333333,259.82314099491776,3330,10.125978469848633
core,100,1500000.0,14,8,exclude,launch,0,0.0,prior,0.0,gzz_rev,12600.0,43200.0,279569.85549498565,0,272140.82338797866,7429.0321070070295,0,1,0.5430847549834433,1,5.687677066694433,20.02739692436007,6699.414751861177,993.3322180185093,6.7443848395707064,2.0106707697163984,306.43662142774116,0.0,0.0,0.02248610409297625,0.2936284956766049,4.435337588176016,0.9833333333333333,247.16629436125416,2977,10.894739866256714
core,100,1500000.0,15,8,exclude,launch,0,0.0,prior,0.0,gzz_rev,12600.0,43200.0,297004.8186475346,0,288008.0539295961,8996.764717938544,0,1,0.5112042530610702,2,5.687677066694433,22.22486813685156,6699.414751861177,894.6631906160154,7.488197594502946,2.0116907963888666,307.05548024938156,0.0,0.0,0.06581532416502947,0.26352757734634036,3.9483828814113036,0.9833333333333333,269.74580494823545,3061,10.745755910873413
core,100,1500000.0,16,8,exclude,launch,0,0.0,prior,0.0,gzz_rev,12600.0,43200.0,328486.3198391352,0,316874.33686849277,11611.98297064245,0,1,0.46221141430365975,5,5.687677066694433,21.695113887487928,6699.414751861177,915.790460420281,7.315445007787736,2.0132696276305166,308.0146014835459,0.0,0.0,0.08647609896709103,0.2570799197532663,3.2591765081391637,0.9888888888888889,318.033167999043,3133,10.759866714477539
core,100,1500000.0,9,9,exclude,launch,0,0.0,prior,0.0,gzz_rev,12600.0,43200.0,322498.1114992213,0,310725.21051816625,11772.90098105505,0,1,0.6101665085446645,1,4.852417850747997,18.419609079240804,7909.979841733408,1080.462263371564,7.3209218960137035,2.009879308882314,305.95686555258635,0.0,0.0,0.05732484076433121,0.4551185888012934,8.372033898305085,0.9886363636363636,329.1614737154773,1180,8.168182611465454
core,100,1500000.0,10,9,exclude,launch,0,0.0,prior,0.0,gzz_rev,12600.0,43200.0,332509.99161740654,0,319062.3068121431,13447.684805263394,0,1,0.5917943871357239,1,4.852417850747997,18.66449125777314,7909.979841733408,1066.277240037499,7.418314435235651,2.00989650679421,305.96728633054437,0.0,0.0,0.045203415369161226,0.4032699958905841,7.238317757009346,0.9886363636363636,300.36180917370143,1498,8.555555820465088
core,100,1500000.0,18,8,exclude,launch,0,0.0,prior,0.0,gzz_rev,12600.0,43200.0,1107957.5306151563,0,1054747.9522609913,53209.57835416487,0,8,0.7811366464547144,25,5.687677066694433,32.705882532581754,6699.414751861177,606.4601482182272,11.046751829520833,2.0166561308429882,310.0769065141906,0.0,0.0,0.06794497707378074,0.15557769501332164,1.9911373707533235,0.9333333333333333,302.08380662339255,5416,10.883123636245728
core,100,1500000.0,20,8,exclude,launch,0,0.0,prior,0.0,gzz_rev,12600.0,43200.0,3170762.5074035064,0,2991694.112466987,179068.39493651903,0,20,0.9616609030539431,31,5.687677066694433,26.71418399072413,6699.414751861177,743.6465914442032,9.008869036635453,2.0134993181260668,308.1542603526007,0.0,0.0,0.15791575164703534,0.19905599033184945,2.736870026525199,0.7888888888888889,314.98395610757524,3770,10.089071989059448
core,100,1500000.0,19,8,exclude,launch,0,0.0,prior,0.0,gzz_rev,12600.0,43200.0,2226957.9869579184,0,2083226.3909541154,143731.59600380305,0,13,0.9389444676397476,29,5.687677066694433,25.44992632985605,6699.414751861177,781.0277639689177,8.577690910521577,2.0123660847170273,307.4655268455848,0.0,0.0,0.08252178370066633,0.2073716123874348,2.7049738814444697,0.85,272.8500428055961,4403,11.03206205368042
core,100,1500000.0,17,8,exclude,launch,0,0.0,prior,0.0,gzz_rev,12600.0,43200.0,504285.3253462382,0,476001.27893729345,28284.046408944792,0,2,0.6404381025971806,17,5.687677066694433,25.37321583903692,6699.414751861177,782.9249777004427,8.556905122044094,2.0135588578386017,308.1904674909274,0.0,0.0,0.044940079893475364,0.2079929575487801,2.727232537577365,0.9722222222222222,263.7067393856311,4524,11.846964836120605
core,100,1500000.0,11,9,exclude,launch,0,0.0,prior,0.0,gzz_rev,12600.0,43200.0,327440.0839123074,0,314355.79622530873,13084.287686998676,0,1,0.6009574159479789,1,4.852417850747997,17.563487417635116,7909.979841733408,1133.045536524579,6.98116676404366,2.010026916322812,306.0463115089705,0.0,0.0,0.03906935908691835,0.3927459187454412,6.317571511967309,0.9772727272727273,301.54946735606876,1713,9.265347957611084
core,100,1500000.0,12,9,exclude,launch,0,0.0,prior,0.0,gzz_rev,12600.0,43200.0,357481.1889771847,0,344108.0635929794,13373.125384205325,0,1,0.5504556680835211,1,4.852417850747997,19.55526323336323,7909.979841733408,1017.0413183692826,7.777441976906324,2.0112114277196587,306.7645654652491,0.0,0.0,0.11713286713286714,0.3519033984523053,5.889470622454915,0.9772727272727273,322.4912748335786,1719,8.903079509735107
core,100,1500000.0,13,9,exclude,launch,0,0.0,prior,0.0,gzz_rev,12600.0,43200.0,344513.7636632411,0,331646.47155656054,12867.292106680561,0,1,0.5711747031914719,1,4.852417850747997,19.45894682242446,7909.979841733408,1022.4346796606387,7.736415830846864,2.010504679777477,306.33591235565456,0.0,0.0,0.059721300597213006,0.3258430674595652,4.895154185022027,0.9772727272727273,293.3540880183484,2270,9.914395093917847
core,100,1500000.0,1,10,exclude,launch,0,0.0,prior,0.0,gzz_rev,12600.0,43200.0,1209900.4255964456,0,945614.1916081761,264286.2339882695,0,0,0.0,0,4.842340003327892,4.617367039496811,7927.135773030543,4219.221853794192,1.878814636377075,2.053209338867985,332.77497344362166,0.0,0.0,0.0,3.5978263841908333,50.0,0.8685446009389671,3468.8515039703607,18,5.768737316131592
core,100,1500000.0,14,9,exclude,launch,0,0.0,prior,0.0,gzz_rev,12600.0,43200.0,376097.92122858507,0,359886.45786015096,16211.463368434052,0,1,0.5232082806066078,1,4.852417850747997,18.645695054552665,7909.979841733408,1065.6897880078727,7.422403715174733,2.013031681675347,307.86995642339434,0.0,0.0,0.08367282983390786,0.3082543771237326,4.173333333333333,0.9943181818181818,324.7718750753562,2400,9.984649419784546
core,100,1500000.0,16,9,exclude,launch,0,0.0,prior,0.0,gzz_rev,12600.0,43200.0,852042.5332912292,0,815069.0662472931,36973.46704393611,0,5,0.7326025964901195,15,4.852417850747997,21.911178573109364,7909.979841733408,906.3540083328587,8.727252010815254,2.0141712530251246,308.5629991387655,0.0,0.0,0.12639405204460966,0.2540315275579089,3.514659131049099,0.9431818181818182,327.5725433591885,2831,8.200849533081055
core,100,1500000.0,15,9,exclude,launch,0,0.0,prior,0.0,gzz_rev,12600.0,43200.0,384767.51169166947,0,366056.34203346097,18711.169658208488,0,1,0.5114193395398061,7,4.852417850747997,19.90581085150543,7909.979841733408,998.7179591022323,7.9201337771515075,2.012043004137781,307.26931266726757,0.0,0.0,0.07217883113385402,0.288709261449496,4.379569892473119,0.9829545454545454,266.5574878476446,2790,8.848997354507446
core,100,1500000.0,17,9,exclude,launch,0,0.0,prior,0.0,gzz_rev,12600.0,43200.0,1108984.811661785,0,1064754.826171997,44229.98548978817,0,7,0.8150018251825115,21,4.852417850747997,21.794530332896763,7909.979841733408,912.3627642213571,8.66977495347924,2.0116152738450968,307.00963868300687,0.0,0.0,0.10940545808966862,0.26103913032696113,3.725534672715489,0.9375,283.7025862379316,3086,8.647699356079102
core,100,1500000.0,18,9,exclude,launch,0,0.0,prior,0.0,gzz_rev,12600.0,43200.0,2080435.976494442,0,2020767.344986556,59668.631507885904,0,14,0.9306861564871022,27,4.852417850747997,27.302747623827454,7909.979841733408,728.0303607344275,10.864903812189816,2.012352908661322,307.4575235025119,0.0,0.0,0.07500418550142307,0.1940882152410279,2.6054678817515002,0.9034090909090909,277.4594830057194,4499,9.28823733329773
core,100,1500000.0,9,10,exclude,launch,0,0.0,prior,0.0,gzz_rev,12600.0,43200.0,276510.127778374,0,261818.12705594595,14692.000722428036,0,1,0.38341659234267045,1,4.842340003327892,18.35301458632184,7927.135773030543,1083.8751668922691,7.31369812241344,2.0108205523793403,306.5274567337422,0.0,0.0,0.05360333531864205,0.4258500065172587,7.163895486935867,0.9624413145539906,359.5218404717517,1263,6.632234811782837
core,100,1500000.0,19,9,exclude,launch,0,0.0,prior,0.0,gzz_rev,12600.0,43200.0,3424885.1182554374,0,3284519.9445955805,140365.1736598569,0,21,0.9676180222629638,32,4.852417850747997,24.396927787582968,7909.979841733408,815.5517587100483,9.698930518210837,2.010357627432989,306.2467605936055,0.0,0.0,0.11267605633802817,0.2244727116115483,3.4927498022673347,0.8125,244.97627465233742,3793,8.936813831329346
core,100,1500000.0,10,10,exclude,launch,0,0.0,prior,0.0,gzz_rev,12600.0,43200.0,282862.5959826275,0,265305.0193594287,17557.576623198736,0,1,0.37480590380897183,1,4.842340003327892,19.128204690581697,7927.135773030543,1039.6856377133458,7.624550619421129,2.0113318747529623,306.8376482674024,0.0,0.0,0.04041311180960934,0.36045126096621055,5.778771615980919,0.9577464788732394,336.2283624382054,1677,7.117349863052368
core,100,1500000.0,20,9,exclude,launch,0,0.0,prior,0.0,gzz_rev,12600.0,43200.0,3603607.467360322,0,3461309.456048545,142298.011311777,0,22,0.9727423522194641,35,4.852417850747997,27.388476048138706,7909.979841733408,726.4352850377607,10.888760505792668,2.0104588689614253,306.30813775884104,0.0,0.0,0.07069821793748174,0.19038985698317715,2.7754508435136707,0.8125,227.31959307448585,5157,9.67826223373413
core,100,1500000.0,11,10,exclude,launch,0,0.0,prior,0.0,gzz_rev,12600.0,43200.0,246824.48747749868,0,235484.40550665397,11340.081970844714,0,1,0.4295301978523761,1,4.842340003327892,21.503683677689533,7927.135773030543,924.6662052278413,8.572970146645801,2.0116950308377355,307.0580506265301,0.0,0.0,0.0,0.28122322111703574,3.7169452887537995,0.9436619718309859,333.80890142758113,2632,7.818842887878418
core,100,1500000.0,1,11,exclude,launch,0,0.0,prior,0.0,gzz_rev,12600.0,43200.0,1202522.561787606,0,973379.9722177241,229142.58956988194,0,0,0.0,0,4.789315478557101,4.608412542979149,8018.590898655449,4231.956515800151,1.8947715716637854,2.0510084269045876,331.3856140273367,0.0,0.0,0.0,3.4609943719534058,50.0,0.9061032863849765,3336.92464570762,20,3.954991579055786
core,100,1500000.0,12,10,exclude,launch,0,0.0,prior,0.0,gzz_rev,12600.0,43200.0,268276.94564327825,0,254134.9752814284,14141.970361849808,0,1,0.3951833083786175,1,4.842340003327892,19.297799955287868,7927.135773030543,1030.9826004751515,7.6889132458463845,2.0104850836830055,306.3240313037551,0.0,0.0,0.03005741303613644,0.3315446829282277,4.789946140035907,0.9530516431924883,305.53076591440896,2228,7.934022426605225
core,100,1500000.0,13,10,exclude,launch,0,0.0,prior,0.0,gzz_rev,12600.0,43200.0,299536.34390828613,0,282105.8898285617,17430.454079724503,0,1,0.3539422614221479,1,4.842340003327892,24.80572762597265,7927.135773030543,801.1888793613564,9.894215929893361,2.0126724784450323,307.6516645800013,0.0,0.0,0.0,0.22215118087727714,3.179415501905972,0.9624413145539906,261.1103628172804,3935,9.215939044952393
core,100,1500000.0,14,10,exclude,launch,0,0.0,prior,0.0,gzz_rev,12600.0,43200.0,325950.82108911016,0,303881.0706922398,22069.750396870317,0,1,0.3252594074982763,1,4.842340003327892,23.423876829514434,7927.135773030543,848.6923552384192,9.340411427181536,2.0121063210635435,307.30776154103415,0.0,0.0,0.04112106593154147,0.24654649398706985,3.5458155161881493,0.9530516431924883,280.9265703428584,3274,8.96229887008667
core,100,1500000.0,18,10,exclude,launch,0,0.0,prior,0.0,gzz_rev,12600.0,43200.0,2962897.6875270763,0,2778193.8648900525,184703.8226370238,0,17,0.9333377919992715,30,4.842340003327892,23.465086931127814,7927.135773030543,847.2138199496324,9.356712067683006,2.0120779066527983,307.29050674041304,0.0,0.0,0.12634168157423972,0.23396864195079783,2.93935790725327,0.8443396226415094,328.87795680591177,3364,8.371771335601807
core,100,1500000.0,16,10,exclude,launch,0,0.0,prior,0.0,gzz_rev,12600.0,43200.0,870749.1100866561,0,812641.7802564602,58107.32983019583,0,4,0.7035657243281772,15,4.842340003327892,23.164866913290478,7927.135773030543,857.6354137570659,9.243013576484595,2.013388001387362,308.08657240676155,0.0,0.0,0.0797069271758437,0.23799107668435215,3.2777122641509435,0.9107981220657277,293.4898485337746,3392,8.909943342208862
core,100,1500000.0,15,10,exclude,launch,0,0.0,prior,0.0,gzz_rev,12600.0,43200.0,349557.7783429971,0,323495.77696085995,26062.001382137132,0,1,0.3032934110165696,12,4.842340003327892,21.900201313160107,7927.135773030543,907.7745312861559,8.732494137943254,2.012027398579973,307.2598366429641,0.0,0.0,0.0398406374501992,0.2568248595849553,3.5599294947121036,0.9530516431924883,268.74558946115644,3404,9.303488492965698
core,100,1500000.0,9,11,exclude,launch,0,0.0,prior,0.0,gzz_rev,12600.0,43200.0,180199.5346654974,0,172472.30762943655,7727.227036060878,0,1,0.1856681488565885,1,4.789315478557101,16.58587813478446,8018.590898655449,1200.0897581075794,6.681659304633978,2.0095915313126658,305.782518029476,0.0,0.0,0.0,0.4506076805502649,7.625093353248693,0.9705882352941176,318.2650688040324,1339,6.4341959953308105
core,100,1500000.0,17,10,exclude,launch,0,0.0,prior,0.0,gzz_rev,12600.0,43200.0,2557250.201702545,0,2393898.2437899327,163351.9579126123,0,13,0.9349206501568835,27,4.842340003327892,24.44797478351083,7927.135773030543,813.4652193018285,9.744898226668072,2.011305834822597,306.821847463869,0.0,0.0,0.04730918044319381,0.2200732205311997,3.0694736842105264,0.8726415094339622,247.81296268246717,4275,9.45781397819519
core,100,1500000.0,10,11,exclude,launch,0,0.0,prior,0.0,gzz_rev,12600.0,43200.0,176821.83839376387,0,169668.32886439026,7153.509529373605,0,1,0.18921482962786332,1,4.789315478557101,19.053818465344627,8018.590898655449,1044.6477434640578,7.67588016996596,2.0095929462459425,305.7833751328688,0.0,0.0,0.04354207436399217,0.3930615392605359,7.05074821080026,0.9560975609756097,300.061926732915,1537,6.93704080581665
core,100,1500000.0,19,10,exclude,launch,0,0.0,prior,0.0,gzz_rev,12600.0,43200.0,4064900.967378353,0,3787174.5497439476,277726.41763440485,0,23,0.9742311599675707,38,4.842340003327892,29.240460569589786,7927.135773030543,679.9249152640707,11.65883996169163,2.011939080384812,307.20621072301776,0.0,0.0,0.06262258335668254,0.1751225485549747,2.4197691734921816,0.7924528301886793,250.3056325475227,5372,9.07554006576538
core,100,1500000.0,20,10,exclude,launch,0,0.0,prior,0.0,gzz_rev,12600.0,43200.0,4493121.926190181,0,4194106.6943547255,299015.23183545534,0,28,0.9823858866655542,43,4.842340003327892,24.11855520668987,7927.135773030543,824.522750050048,9.614211096721553,2.01143526430087,306.90038816141134,0.0,0.0,0.06976382846488502,0.20783640093266023,2.5853105013410356,0.7783018867924528,259.0655165242447,4847,8.780244827270508
core,100,1500000.0,11,11,exclude,launch,0,0.0,prior,0.0,gzz_rev,12600.0,43200.0,172554.55554770064,0,164629.0632913716,7925.492256329021,0,1,0.19389412189070196,1,4.789315478557101,20.83537888431889,8018.590898655449,955.6365035102776,8.390837802031712,2.008934875841751,305.38487510694284,0.0,0.0,0.03484729835552075,0.3496743929090261,6.269130661114003,0.9656862745098039,269.75226161419255,1921,9.075052499771118
core,100,1500000.0,12,11,exclude,launch,0,0.0,prior,0.0,gzz_rev,12600.0,43200.0,162605.84695594982,0,155265.00932408188,7340.837631867931,0,1,0.20575714005675255,1,4.789315478557101,19.787844116611993,8018.590898655449,1005.9402920942033,7.97123940821781,2.0095059992184474,305.73070873741074,0.0,0.0,0.0,0.31595170560144037,5.120831698705374,0.9658536585365853,249.6199105484176,2549,9.8313627243042
core,100,1500000.0,1,12,exclude,launch,0,0.0,prior,0.0,gzz_rev,12600.0,43200.0,1241991.2593348098,0,972108.6312063881,269882.62812842167,0,0,0.0,0,4.789315478557099,4.189198964221635,8018.5908986554505,4645.336107901363,1.7261594666996083,2.0554734027593695,334.2072311797327,0.0,0.0,0.0,3.726172385226184,50.0,0.8394495412844036,3592.5965575605956,18,5.448052644729614
core,100,1500000.0,13,11,exclude,launch,0,0.0,prior,0.0,gzz_rev,12600.0,43200.0,192423.18367802002,0,182414.86349445756,10008.320183562471,0,1,0.17387361224698072,1,4.789315478557101,22.700196631892418,8018.590898655449,877.4411175981447,9.138608549146937,2.008225097332758,304.9553540674947,0.0,0.0,0.025238362310712283,0.30034903824631437,5.0279225614296355,0.941747572815534,241.34533640011813,2686,10.543318271636963
core,100,1500000.0,14,11,exclude,launch,0,0.0,prior,0.0,gzz_rev,12600.0,43200.0,178472.14962750042,0,170334.324718411,8137.824909089421,0,1,0.18746518208018742,1,4.789315478557101,20.36841107568526,8018.590898655449,976.8623152870714,8.208516976416496,2.0103398612093875,306.2359905445811,0.0,0.0,0.049175824175824175,0.2948457786282356,4.6516812865497075,0.9466019417475728,256.2724225267975,2736,10.122652530670166
core,100,1500000.0,16,11,exclude,launch,0,0.0,prior,0.0,gzz_rev,12600.0,43200.0,449113.54402186174,0,415696.0528935936,33417.491128268135,0,2,0.4596868516377487,12,4.789315478557101,25.496527818627253,8018.590898655449,780.3362624549757,10.27581477942416,2.010467981689959,306.31366260617375,0.0,0.0,0.08902077151335312,0.2375136918681043,3.9635369188696443,0.941747572815534,249.78303445530145,3291,10.372743368148804
core,100,1500000.0,15,11,exclude,launch,0,0.0,prior,0.0,gzz_rev,12600.0,43200.0,187067.6342304218,0,177616.50149146182,9451.132738959965,0,1,0.1788514307341404,6,4.789315478557101,25.472541117524962,8018.590898655449,781.5600326845391,10.259724862225639,2.0092102127466367,305.55157605363365,0.0,0.0,0.01674418604651163,0.2321917595804018,3.4623363793529265,0.9658536585365853,232.10466471676276,4049,11.152560472488403
core,100,1500000.0,9,12,exclude,launch,0,0.0,prior,0.0,gzz_rev,12600.0,43200.0,403057.37342412083,0,356064.7638764399,46992.60954768094,0,1,0.6792144282720443,1,4.789315478557099,14.370285938677947,8018.5908986554505,1384.0201695909047,5.793695117192999,2.0111856532898433,306.7489276257621,0.0,0.0,0.06772009029345373,0.538168635077733,8.391783567134269,0.9476190476190476,389.531515094255,998,7.361388206481934
core,100,1500000.0,10,12,exclude,launch,0,0.0,prior,0.0,gzz_rev,12600.0,43200.0,421080.1186218141,0,371459.41313818557,49620.70548362858,0,1,0.6501536660275113,1,4.789315478557099,13.122082280262463,8018.5908986554505,1514.8188973553442,5.293432048315978,2.0123175759047185,307.4360623456817,0.0,0.0,0.056355666875391355,0.5035792505442238,6.343047460449625,0.9523809523809523,428.4389446647797,1201,7.890103578567505
core,100,1500000.0,18,11,exclude,launch,0,0.0,prior,0.0,gzz_rev,12600.0,43200.0,2289516.905885833,0,2164584.223393761,124932.68249207207,0,12,0.950199204369933,22,4.789315478557101,24.978005200519373,8018.590898655449,797.2716410939847,10.05753934462369,2.0086113993897916,305.1890864937102,0.0,0.0,0.04527027027027027,0.2262273678800993,3.56338344177698,0.8634146341463415,204.94176159871662,4457,10.827462434768677
core,100,1500000.0,19,11,exclude,launch,0,0.0,prior,0.0,gzz_rev,12600.0,43200.0,3025668.577745592,0,2845754.0777715864,179914.4999740057,0,16,0.967268165178006,28,4.789315478557101,24.779247512509823,8018.590898655449,803.3992090496015,9.980829963899534,2.00928007578705,305.59388141421385,0.0,0.0,0.08046594982078853,0.22397086175036915,3.393860066634936,0.8137254901960784,228.12458112414706,4202,10.390373468399048
core,100,1500000.0,17,11,exclude,launch,0,0.0,prior,0.0,gzz_rev,12600.0,43200.0,1238904.6431383593,0,1171159.5380072456,67745.1051311135,0,7,0.8952007226851607,18,4.789315478557101,28.452676364517476,8018.590898655449,699.8553137392826,11.457498058866804,2.0087625492854437,305.28056425226026,0.0,0.0,0.026934011671405057,0.20039144901567565,3.289065606361829,0.9219512195121952,197.12308292496695,5030,11.521523475646973
core,100,1500000.0,11,12,exclude,launch,0,0.0,prior,0.0,gzz_rev,12600.0,43200.0,409941.82256347145,0,362062.6563333053,47879.16623016614,0,1,0.6678206068760055,1,4.789315478557099,18.23471284099769,8018.5908986554505,1091.3546383849357,7.34737418674642,2.009995866359746,306.0274950191322,0.0,0.0,0.03884766477520733,0.3900046352278076,6.042998256827426,0.9476190476190476,312.82227151344006,1721,8.749871253967285
core,100,3000000.0,3,1,exclude,launch,0,0.0,prior,0.0,gzz_rev,12600.0,43200.0,273347.47044648376,0,255824.03167513243,17523.438771351324,0,0,0.0,0,10.956059721120845,25.919680099466788,6968.561876837692,1530.011545627359,4.55458123616991,2.01727748687973,310.4560455937017,0.0,0.0,0.0,1.7443121085646867,32.97435897435897,0.9672131147540983,854.155582369774,117,5.529226064682007
core,100,1500000.0,12,12,exclude,launch,0,0.0,prior,0.0,gzz_rev,12600.0,43200.0,408479.55171470577,0,360059.5141870246,48420.03752768118,0,1,0.6702028168625388,1,4.789315478557099,15.097536388808361,8018.5908986554505,1317.6167300215689,6.085677812032783,2.010781152218896,306.50356130428764,0.0,0.0,0.03823024054982818,0.42238740427041016,5.5379782981153625,0.9380952380952381,336.00117068888994,1751,9.030900716781616
core,100,3000000.0,4,1,exclude,launch,0,0.0,prior,0.0,gzz_rev,12600.0,43200.0,190508.32756846296,0,181622.89806737503,8885.42950108793,0,0,0.0,0,10.956059721120845,30.02266216289532,6968.561876837692,1323.4846340892054,5.265313776486201,2.0133620777334116,308.070810176453,0.0,0.0,0.0,1.3238441043012905,25.832512315270936,0.9835164835164835,623.4411852416725,203,5.761128902435303
core,100,1500000.0,20,11,exclude,launch,0,0.0,prior,0.0,gzz_rev,12600.0,43200.0,3767520.875335828,0,3540424.234491727,227096.6408441011,0,20,0.9756956427947235,31,4.789315478557101,35.94186115696116,8018.590898655449,553.4105595940089,14.489407113116922,2.010999615300748,306.63606664147807,0.0,0.0,0.0359364201796821,0.1404837107995992,2.268091242789722,0.7794117647058824,188.12418247440218,7628,12.359416484832764
core,100,1500000.0,13,12,exclude,launch,0,0.0,prior,0.0,gzz_rev,12600.0,43200.0,423177.4836285499,0,374041.62140546594,49135.86222308401,0,1,0.6468976760816874,1,4.789315478557099,19.97379232824757,8018.5908986554505,995.2269236277378,8.057047803154875,2.0122287272853665,307.38209890252597,0.0,0.0,0.024284943335132217,0.2891886776552136,3.584438866977411,0.9476190476190476,326.3056626704574,2789,10.20553207397461
core,100,1500000.0,15,12,exclude,launch,0,0.0,prior,0.0,gzz_rev,12600.0,43200.0,481289.95244895876,0,424691.6192170832,56598.33323187557,0,1,0.5687974619058241,12,4.789315478557099,18.141500198219983,8018.5908986554505,1095.3977868420382,7.3202547923458345,2.0128663253751435,307.769457923684,0.0,0.0,0.07890122735242548,0.3131706899316337,3.796504854368932,0.9333333333333333,333.46075323892404,2575,10.03877305984497
core,100,1500000.0,14,12,exclude,launch,0,0.0,prior,0.0,gzz_rev,12600.0,43200.0,461405.1194505264,0,407751.95303141704,53653.16641910935,0,1,0.5933332651174695,1,4.789315478557099,20.656232214215045,8018.5908986554505,961.945714245406,8.33580396472331,2.013067419414167,307.8916788835437,0.0,0.0,0.04533876719307183,0.27325729353022726,3.665086352861497,0.9333333333333333,300.93146072970643,2953,10.329581499099731
core,100,1500000.0,16,12,exclude,launch,0,0.0,prior,0.0,gzz_rev,12600.0,43200.0,1162744.050333271,0,1076544.6198808274,86199.43045244347,0,6,0.8328560595667458,22,4.789315478557099,19.699086571619407,8018.5908986554505,1008.4816981361205,7.951151630689421,2.013473330201732,308.1384573090568,0.0,0.0,0.07113674597452535,0.27279200481388893,3.2105431309904153,0.9095238095238095,324.45640891980884,3130,10.323899269104004
core,100,1500000.0,19,12,exclude,launch,0,0.0,prior,0.0,gzz_rev,12600.0,43200.0,4593035.462366127,0,4248884.325147117,344151.1372190113,0,27,0.981882508324126,39,4.789315478557099,23.95641416230989,8018.5908986554505,829.8644063438543,9.662531417612033,2.012014197835087,307.25182098593854,0.0,0.0,0.08615819209039548,0.21344815508959755,2.564625850340136,0.6761904761904762,297.3871728841359,4263,9.868358373641968
core,100,1500000.0,17,12,exclude,launch,0,0.0,prior,0.0,gzz_rev,12600.0,43200.0,2438764.9999064896,0,2283770.2386162607,154994.76129022907,0,15,0.9405995883339882,29,4.789315478557099,24.28878877156766,8018.5908986554505,818.6254017614909,9.795189449779244,2.0117264068961878,307.07709672332106,0.0,0.0,0.046855948441038145,0.2176154657692806,2.6075803096833834,0.819047619047619,288.87199203750174,4327,10.72257375717163
core,100,1500000.0,18,12,exclude,launch,0,0.0,prior,0.0,gzz_rev,12600.0,43200.0,3772966.1172050913,0,3494828.8057041494,278137.3115009419,0,22,0.9668204971492164,36,4.789315478557099,26.655045749765694,8018.5908986554505,745.687706347868,10.75328294994678,2.012442941981199,307.51221323026357,0.0,0.0,0.0517319618817123,0.19144247336247106,2.430234892591849,0.7129186602870813,268.9193632334341,4981,11.04812240600586
core,100,1500000.0,20,12,exclude,launch,0,0.0,prior,0.0,gzz_rev,12600.0,43200.0,5566015.065528463,0,5136118.175992948,429896.8895355145,0,34,0.9877068983888967,42,4.789315478557099,24.353596672933868,8018.5908986554505,816.2134839145937,9.82413431863188,2.0123018060125233,307.4264839368647,0.0,0.0,0.08697063118611066,0.2029129429778619,2.159801595859392,0.6076555023923444,324.9571242053763,4637,9.657596588134766
core,100,3000000.0,18,1,exclude,launch,0,0.0,prior,0.0,gzz_rev,12600.0,43200.0,296839.08137109876,0,286976.082056075,9862.999315023799,0,1,0.6959861447203816,1,10.956059721120845,54.781484080449985,6968.561876837692,727.4104217911756,9.579958807406557,2.007597630704362,304.5758956203133,0.0,0.0,0.07207388074683799,0.2509621563234122,4.700907150480256,0.9835164835164835,185.13533887278012,3748,10.961436748504639
core,100,3000000.0,4,2,exclude,launch,0,0.0,prior,0.0,gzz_rev,12600.0,43200.0,193248.4657917444,0,184310.9069855592,8937.558806185221,0,0,0.0,0,12.049285418414861,29.488944709058526,6306.0645414764385,1347.057164100213,4.681363723482863,2.013931662680891,308.41722497605076,0.0,0.0,0.0,1.2715514611046828,25.123809523809523,0.9366515837104072,617.7780626218266,210,5.278594017028809
core,100,3000000.0,20,1,exclude,launch,0,0.0,prior,0.0,gzz_rev,12600.0,43200.0,312903.056521794,0,302778.09839600336,10124.958125790668,0,1,0.6602552565076051,1,10.956059721120845,57.54964821972636,6968.561876837692,692.0037102494904,10.070122130306633,2.008810134446793,305.309366208767,0.0,0.0,0.16084229390681004,0.2398517790690227,4.444642857142857,0.9835164835164835,218.1144714222289,3360,9.88200044631958
core,100,3000000.0,19,1,exclude,launch,0,0.0,prior,0.0,gzz_rev,12600.0,43200.0,311487.17367387307,0,301269.25136645365,10217.922307419405,0,1,0.6632564847184245,1,10.956059721120845,53.035871472330555,6968.561876837692,751.0693799591058,9.278186626669717,2.0083537926723913,305.0332113590386,0.0,0.0,0.08797021943573667,0.24454179712650922,4.32258064516129,0.9835164835164835,196.5351328003377,3844,10.79771637916565
core,100,3000000.0,5,2,exclude,launch,0,0.0,prior,0.0,gzz_rev,12600.0,43200.0,162242.86312869424,0,156014.3915583657,6228.471570328537,0,0,0.0,0,12.049285418414861,34.617610589955866,6306.0645414764385,1149.0370318429104,5.488129944221472,2.0112167305930457,306.76778286938645,0.0,0.0,0.0,1.0681762562319048,20.251592356687897,0.9590909090909091,514.8123387449665,314,5.617260932922363
core,100,3000000.0,23,1,exclude,launch,0,0.0,prior,0.0,gzz_rev,12600.0,43200.0,315849.937281715,0,305139.16029802925,10710.776983685711,0,1,0.6540950731978221,1,10.956059721120845,49.527441444297786,6968.561876837692,804.3040125206935,8.664089409423903,2.008278128292304,304.98743519778964,0.0,0.0,0.13607115821347465,0.2537712756364268,3.9622641509433962,0.9835164835164835,207.16937145819233,3975,10.636826992034912
core,100,3000000.0,21,1,exclude,launch,0,0.0,prior,0.0,gzz_rev,12600.0,43200.0,296423.7907304176,0,286662.81571887684,9760.975011540762,0,1,0.6969612234454463,1,10.956059721120845,59.04566308806711,6968.561876837692,674.6297350660258,10.32946150254655,2.008336602934187,305.02281144505685,0.0,0.0,0.0327370086406231,0.19551945674985105,3.263294003555843,0.9835164835164835,161.79504688645656,6187,12.755716562271118
core,100,3000000.0,26,1,exclude,launch,0,0.0,prior,0.0,gzz_rev,12600.0,43200.0,323599.3356349398,0,312934.82055599743,10664.515078942357,0,1,0.6384311248366568,1,10.956059721120845,55.69379265719573,6968.561876837692,714.8593240206923,9.748158333647167,2.0093824612139164,305.6558859018792,0.0,0.0,0.13035273624618957,0.2072952500881678,3.388642925890279,0.989010989010989,185.33955194467345,5195,11.642417192459106
core,100,3000000.0,22,1,exclude,launch,0,0.0,prior,0.0,gzz_rev,12600.0,43200.0,304652.9474596219,0,295147.0133029609,9505.934156660958,0,1,0.6781352012791256,1,10.956059721120845,63.622592741270886,6968.561876837692,625.925026490486,11.1332213634433,2.0088906949673397,305.35813031750473,0.0,0.0,0.03969566655640092,0.17720642778629578,3.07203513909224,0.9835164835164835,155.47853287149138,6830,12.703064918518066
core,100,3000000.0,24,1,exclude,launch,0,0.0,prior,0.0,gzz_rev,12600.0,43200.0,309286.76126228593,0,298773.4613682639,10513.29989402203,0,1,0.6679752052840344,1,10.956059721120845,68.92779240671466,6968.561876837692,577.8915053302833,12.058598910975405,2.008395811841791,305.0586340020194,0.0,0.0,0.05604075691411936,0.1670720514746538,2.803864734299517,0.9835164835164835,160.31771389079938,7245,12.884958505630493
core,100,3000000.0,25,1,exclude,launch,0,0.0,prior,0.0,gzz_rev,12600.0,43200.0,320198.05340235,0,309693.5860510677,10504.46735128232,0,1,0.6452128164133768,1,10.956059721120845,54.06909137487405,6968.561876837692,736.5322507105172,9.46131261749267,2.008857577158156,305.3380832968275,0.0,0.0,0.08156903493960255,0.20880193919335827,3.30671036743143,0.9835164835164835,170.00863427538462,5797,12.537259578704834
core,100,3000000.0,28,1,exclude,launch,0,0.0,prior,0.0,gzz_rev,12600.0,43200.0,339498.5797571415,0,326427.84774597373,13070.732011167716,0,1,0.608532406802987,1,10.956059721120845,61.65238646517792,6968.561876837692,645.7119651035218,10.792059390939857,2.0095613109652213,305.76421217934467,0.0,0.0,0.08374792703150911,0.17560337291701594,2.6236426116838487,0.9725274725274725,170.75818244764974,7275,13.056241512298584
core,100,3000000.0,27,1,exclude,launch,0,0.0,prior,0.0,gzz_rev,12600.0,43200.0,302881.15915141,0,292771.73392384546,10109.425227564541,0,1,0.6821021433774065,1,10.956059721120845,58.363845964753104,6968.561876837692,682.345715703269,10.212655720502983,2.0088227371063683,305.31699447083537,0.0,0.0,0.08011637014658163,0.18983332113623835,2.8497994354479275,0.9835164835164835,169.86948381150464,6731,13.287063360214233
core,100,3000000.0,20,2,exclude,launch,0,0.0,prior,0.0,gzz_rev,12600.0,43200.0,341947.4565322858,0,324552.9508971245,17394.505635161302,0,1,0.682319221608634,1,12.049285418414861,54.720637384964355,6306.0645414764385,728.0916825989991,8.66108581128998,2.00794942425711,304.78861255807175,0.0,0.0,0.07964444444444445,0.23803106353177714,3.5227863046044865,0.967741935483871,218.62048895687096,4235,10.473058223724365
core,100,3000000.0,31,1,exclude,launch,0,0.0,prior,0.0,gzz_rev,12600.0,43200.0,344139.0881100228,0,329762.86559903674,14376.222510986117,0,1,0.6003267137726644,10,10.956059721120845,52.98460854167296,6968.561876837692,750.5238025669128,9.284931208049743,2.0117582299388603,307.0964147547048,0.0,0.0,0.14181375532562385,0.19552715125979753,2.730109961190168,0.9725274725274725,192.37133836165742,6184,12.061013221740723
core,100,3000000.0,30,1,exclude,launch,0,0.0,prior,0.0,gzz_rev,12600.0,43200.0,365225.79106480326,0,349183.5292173279,16042.261847475373,0,1,0.5656662067689324,8,10.956059721120845,67.77817288240277,6968.561876837692,587.01068881154,11.871269143235228,2.010731679629566,306.4735584620409,0.0,0.0,0.10525286119534383,0.15713323155618827,2.432077922077922,0.9725274725274725,173.9434958540834,7700,12.765089750289917
core,100,3000000.0,21,2,exclude,launch,0,0.0,prior,0.0,gzz_rev,12600.0,43200.0,349749.1597795809,0,331705.75147225335,18043.408307327594,0,1,0.6670990218223889,1,12.049285418414861,56.34169938306543,6306.0645414764385,706.7227998281815,8.922967453447901,2.0091434342071217,305.5111412410029,0.0,0.0,0.06596306068601583,0.20909758000649514,2.934981506715982,0.9675925925925926,215.9020553185569,5137,10.753651142120361
core,100,3000000.0,29,1,exclude,launch,0,0.0,prior,0.0,gzz_rev,12600.0,43200.0,330515.1074712687,0,318189.37117450417,12325.736296764557,0,1,0.6250724495665245,4,10.956059721120845,62.26914521330582,6968.561876837692,639.1490117004411,10.902875150034253,2.0100874922929237,306.08302262598215,0.0,0.0,0.09029527360677214,0.17094820410123335,2.6561830835117775,0.9725274725274725,164.17319547035166,7472,12.912649154663086
core,100,3000000.0,23,2,exclude,launch,0,0.0,prior,0.0,gzz_rev,12600.0,43200.0,340234.5967656561,0,322082.13660986006,18152.460155796012,0,1,0.6857542548292439,1,12.049285418414861,55.462081351721025,6306.0645414764385,717.7231878015614,8.786207062352792,2.0097259769270703,305.8639645443979,0.0,0.0,0.07153323564672971,0.20241277306741054,2.715271633339232,0.9723502304147466,212.6294575988948,5651,10.905840158462524
core,100,3000000.0,32,1,exclude,launch,0,0.0,prior,0.0,gzz_rev,12600.0,43200.0,690486.1787082283,0,652264.4253043287,38221.75340389963,0,4,0.7882052166752245,11,10.956059721120845,67.10411067663074,6968.561876837692,592.7874399825936,11.755582873082322,2.0111379848206896,306.72000730417363,0.0,0.0,0.09122539035980991,0.15148726725404119,2.1522082018927446,0.945054945054945,170.75483933645535,8876,13.479483604431152
core,100,3000000.0,22,2,exclude,launch,0,0.0,prior,0.0,gzz_rev,12600.0,43200.0,336788.95540500886,0,319300.02633958525,17488.92906542358,0,1,0.6927701120471141,1,12.049285418414861,59.41924760766728,6306.0645414764385,670.1318352046866,9.410184996733218,2.0091047884608653,305.4877422283941,0.0,0.0,0.0423848878394333,0.18960030342457793,2.6592975854499845,0.9631336405529954,192.26496753035462,6378,11.931122541427612
core,100,3000000.0,26,2,exclude,launch,0,0.0,prior,0.0,gzz_rev,12600.0,43200.0,366236.4001421475,0,345972.1980263865,20264.202115761043,0,1,0.6370675396590927,1,12.049285418414861,54.64373179687489,6306.0645414764385,728.1189351941963,8.660761637512628,2.0107001514275114,306.4544388286782,0.0,0.0,0.1528445202294218,0.20763576590733557,2.809102141680395,0.967741935483871,238.9556577168525,4856,10.210079193115234
core,100,3000000.0,3,3,exclude,launch,0,0.0,prior,0.0,gzz_rev,12600.0,43200.0,245516.68473680588,0,230486.61016660047,15030.074570205408,0,0,0.0,0,9.881769636333438,56.931144848050494,7762.382610686937,697.6493033664702,11.126482278746593,2.014201452478231,308.5813758626858,0.0,0.0,0.0,1.7716725363383328,34.85964912280702,0.9759615384615384,833.4882281692926,114,4.815035343170166
core,100,3000000.0,24,2,exclude,launch,0,0.0,prior,0.0,gzz_rev,12600.0,43200.0,368472.3220013617,0,347183.66080515244,21288.66119620922,0,1,0.6332017588319654,1,12.049285418414861,58.406077758190236,6306.0645414764385,681.5170156787667,9.252981798548085,2.0098111033652906,305.91553934394767,0.0,0.0,0.0981199396184987,0.19611639800791084,2.7719394271118407,0.9585253456221198,214.92942205225418,5481,10.978264570236206
core,100,3000000.0,25,2,exclude,launch,0,0.0,prior,0.0,gzz_rev,12600.0,43200.0,383358.81323832466,0,362272.3624857458,21086.450752578832,0,1,0.6086134303298621,1,12.049285418414861,62.66835369305571,6306.0645414764385,634.9589096066198,9.931452958717085,2.010462975675446,306.31062756326327,0.0,0.0,0.08265129682997119,0.17503074285640516,2.1857864910399756,0.9675925925925926,228.18491883733753,6529,11.228041648864746
core,100,3000000.0,27,2,exclude,launch,0,0.0,prior,0.0,gzz_rev,12600.0,43200.0,379853.32208879275,0,359305.4209361768,20547.901152615937,0,1,0.6142300430312432,1,12.049285418414861,57.83222553015675,6306.0645414764385,688.0493267280149,9.165134382827786,2.0104834731039416,306.32305482486146,0.0,0.0,0.0935618341824919,0.1861304127990118,2.405875115349123,0.967741935483871,208.25184276872915,6502,11.72568130493164
core,100,3000000.0,28,2,exclude,launch,0,0.0,prior,0.0,gzz_rev,12600.0,43200.0,375097.3269181206,0,353513.73509198823,21583.591826132346,0,1,0.6220180887161858,1,12.049285418414861,59.954704812862104,6306.0645414764385,663.587143093569,9.502993852590741,2.0107994366389943,306.5146503329125,0.0,0.0,0.09903729113643908,0.17802032772800963,2.4335931754669806,0.9723502304147466,197.21418271811842,6799,12.18613600730896
core,100,3000000.0,29,2,exclude,launch,0,0.0,prior,0.0,gzz_rev,12600.0,43200.0,413518.80258245335,0,387912.4214780258,25606.381104427535,0,1,0.5642242164445166,1,12.049285418414861,55.32373982103362,6306.0645414764385,718.75537422856,8.773589412454463,2.011858127250247,307.15706090471303,0.0,0.0,0.13488372093023257,0.1910015711469234,2.410359231411863,0.9631336405529954,225.41027496421876,5985,11.552567720413208
core,100,3000000.0,30,2,exclude,launch,0,0.0,prior,0.0,gzz_rev,12600.0,43200.0,441869.26915944053,0,412582.66474865616,29286.60441078441,0,1,0.5280234192705766,5,12.049285418414861,60.34794817268349,6306.0645414764385,659.0396621732243,9.568566056679803,2.011480961232738,306.92812048089115,0.0,0.0,0.15815361331819902,0.18033498327934744,2.4930450812803753,0.9631336405529954,219.07532269139435,5967,11.485140562057495
core,100,3000000.0,17,3,exclude,launch,0,0.0,prior,0.0,gzz_rev,12600.0,43200.0,207103.73609871368,0,185990.42061204457,21113.31548666909,0,1,0.5455486638138513,1,9.881769636333438,58.66088382339327,7762.382610686937,679.4308896059526,11.424830294643892,2.0072251836240786,304.35077115796753,0.0,0.0,0.07451224574512245,0.24091801313101244,4.010758620689655,0.9560975609756097,224.50215791363814,3625,9.655919551849365
core,100,3000000.0,32,2,exclude,launch,0,0.0,prior,0.0,gzz_rev,12600.0,43200.0,399929.594409044,0,375569.7963419892,24359.79806705481,0,1,0.583395991779308,15,12.049285418414861,56.30718773706478,6306.0645414764385,706.3400330905044,8.927802823075204,2.0114642980517132,306.9180078699734,0.0,0.0,0.14534075104311545,0.18635125916514017,2.211295783317944,0.967741935483871,226.94207600418153,6498,12.205166339874268
core,100,3000000.0,33,2,exclude,launch,0,0.0,prior,0.0,gzz_rev,12600.0,43200.0,749211.8616272461,0,693464.9107296688,55746.9508975773,0,3,0.6889201310763022,19,12.049285418414861,59.22883079889495,6306.0645414764385,671.1826698956711,9.395451975028879,2.012408268376733,307.4911505632726,0.0,0.0,0.17314529509362409,0.17667825028300904,2.2113872286882668,0.9354838709677419,231.89309569034626,6358,11.894651651382446
core,100,3000000.0,16,3,exclude,launch,0,0.0,prior,0.0,gzz_rev,12600.0,43200.0,222974.34542447387,0,201112.42422889845,21861.921195575436,0,1,0.5067158938613655,1,9.881769636333438,72.59779717217204,7762.382610686937,548.7217482436621,14.146300261530769,2.0082342533118283,304.96089286537807,0.0,0.0,0.024710104914411928,0.1723881591855514,2.7986454329123194,0.9560975609756097,213.9178833730123,5463,10.81424880027771
core,100,3000000.0,31,2,exclude,launch,0,0.0,prior,0.0,gzz_rev,12600.0,43200.0,402145.1279979422,0,380131.2531557376,22013.874842204663,0,1,0.5801818948639684,10,12.049285418414861,59.431241604151296,6306.0645414764385,668.8449650292067,9.428290368009378,2.012564099949064,307.5858169516974,0.0,0.0,0.09328040827899065,0.16858391789060356,1.89518555667001,0.9631336405529954,215.5792345984847,7976,13.080248594284058
core,100,3000000.0,20,3,exclude,launch,0,0.0,prior,0.0,gzz_rev,12600.0,43200.0,222055.11408486828,0,199763.85622260591,22291.257862262373,0,1,0.508800840298995,1,9.881769636333438,52.826102381970784,7762.382610686937,754.2994197075602,10.290850566604428,2.007694571150441,304.63450461782145,0.0,0.0,0.10530451866404715,0.24580338458557527,3.7639832723470987,0.9609756097560975,226.18965540595974,3826,10.149235963821411
core,100,3000000.0,34,2,exclude,launch,0,0.0,prior,0.0,gzz_rev,12600.0,43200.0,1737098.2649167255,0,1630611.388916258,106486.87600046741,0,10,0.9167222026531808,23,12.049285418414861,59.944926488873904,6306.0645414764385,663.4418783753823,9.505074592093207,2.011567790691041,306.9808185490661,0.0,0.0,0.14626275244638767,0.17004789586825078,2.0323741007194243,0.8894009216589862,222.02584692236027,7228,12.513614416122437
core,100,3000000.0,19,3,exclude,launch,0,0.0,prior,0.0,gzz_rev,12600.0,43200.0,209035.25715036647,0,187665.14962214002,21370.10752822644,0,1,0.540473796709287,1,9.881769636333438,60.960535261327514,7762.382610686937,653.5484912040534,11.877286406684298,2.007998568979527,304.8183345194326,0.0,0.0,0.05367613892647722,0.20117754822392486,3.1309642643242164,0.9512195121951219,208.25700107337846,5009,10.997864723205566
core,100,3000000.0,18,3,exclude,launch,0,0.0,prior,0.0,gzz_rev,12600.0,43200.0,195403.1369250026,0,174416.38734520177,20986.74957980084,0,1,0.5782223066364133,1,9.881769636333438,66.82086016097539,7762.382610686937,596.4723587207037,13.013817819379705,2.0071859227108044,304.3270448720444,0.0,0.0,0.023509324927764644,0.18744307321154968,3.1810570381998953,0.9560975609756097,179.24756172252322,5733,11.58110499382019
core,100,3000000.0,21,3,exclude,launch,0,0.0,prior,0.0,gzz_rev,12600.0,43200.0,217489.88396076288,0,195838.3361876853,21651.54777307757,0,1,0.5195015324509218,1,9.881769636333438,70.39608811488169,7762.382610686937,565.806047326597,13.719158088471794,2.008509433663463,305.1273833364597,0.0,0.0,0.051702250432775536,0.16486406327238062,2.568338702254947,0.9609756097560975,194.9520693977501,6519,12.02280569076538
core,100,3000000.0,22,3,exclude,launch,0,0.0,prior,0.0,gzz_rev,12600.0,43200.0,220649.67610029478,0,198085.6670762375,22564.009024057275,0,1,0.512044048041553,1,9.881769636333438,62.88482098043707,7762.382610686937,633.5360748649741,12.252471356649009,2.0080420753518538,304.84464770390167,0.0,0.0,0.07101295953451468,0.18900657970231385,2.7883365536623925,0.9609756097560975,205.62697616896415,5693,11.838822364807129
core,100,3000000.0,23,3,exclude,launch,0,0.0,prior,0.0,gzz_rev,12600.0,43200.0,220377.45933904714,0,198082.68593827367,22294.773400773483,0,1,0.512691757807309,1,9.881769636333438,58.01222421671611,7762.382610686937,686.6593461895136,11.304561211848078,2.008302525899871,305.002195120818,0.0,0.0,0.06979464517806083,0.19725139232673913,2.984976687964082,0.9512195121951219,188.52598299224732,5791,12.397864818572998
core,100,3000000.0,24,3,exclude,launch,0,0.0,prior,0.0,gzz_rev,12600.0,43200.0,226172.81925106008,0,203500.7804323325,22672.038818727575,0,1,0.4995524926006965,1,9.881769636333438,72.83616928310863,7762.382610686937,546.8248936938744,14.195371681510359,2.008605341054155,305.1854202008904,0.0,0.0,0.0640933756527081,0.15522400558552052,2.4790590155017678,0.9558823529411765,178.31044448477505,7354,13.00091004371643
core,100,3000000.0,3,4,exclude,launch,0,0.0,prior,0.0,gzz_rev,12600.0,43200.0,258031.6520979066,0,237774.48428844335,20257.16780946327,0,0,0.0,0,10.702982942635535,25.826253598165827,7141.218427495743,1535.9811239884405,4.649287882491898,2.016706495928957,310.10762965924164,0.0,0.0,0.0,1.6545178874999789,33.27049180327869,0.9295774647887324,817.0114146521721,122,5.299069881439209
core,100,3000000.0,4,4,exclude,launch,0,0.0,prior,0.0,gzz_rev,12600.0,43200.0,189149.8694628649,0,178444.761170148,10705.108292716903,0,0,0.0,0,10.702982942635535,35.255116152359705,7141.218427495743,1127.5856452729465,6.333193808765737,2.012418488803802,307.49735894153247,0.0,0.0,0.0,1.271215340669877,25.18867924528302,0.9571428571428572,613.317889347341,212,5.860814094543457
core,100,3000000.0,26,3,exclude,launch,0,0.0,prior,0.0,gzz_rev,12600.0,43200.0,245605.80585542208,0,222375.97477505982,23229.831080362273,0,1,0.46001391544195835,1,9.881769636333438,65.56614779989631,7762.382610686937,607.0930117760544,12.786150491138152,2.0098103799636062,305.915101044673,0.0,0.0,0.10544898199364482,0.16822914790315144,2.1862683766030653,0.9463414634146341,232.90048656885313,6394,12.125717639923096
core,100,3000000.0,25,3,exclude,launch,0,0.0,prior,0.0,gzz_rev,12600.0,43200.0,245527.76709463223,0,220967.8980074395,24559.869087192732,0,1,0.4601589102175274,1,9.881769636333438,62.89341755853396,7762.382610686937,633.0002519801192,12.262842844698794,2.009467144159008,305.70717454096325,0.0,0.0,0.06670922438557293,0.17097645090300273,2.375405901454186,0.9560975609756097,193.90465788007586,7083,12.902669906616211
core,100,3000000.0,27,3,exclude,launch,0,0.0,prior,0.0,gzz_rev,12600.0,43200.0,243314.43245474924,0,219717.44533806582,23596.987116683402,0,1,0.46436519507159574,1,9.881769636333438,59.54984885361495,7762.382610686937,667.9738304946551,11.620788504451822,2.011175061844841,306.7425017090752,0.0,0.0,0.07194461167971102,0.17029559955639603,2.117388407728181,0.9512195121951219,205.37496469091784,7505,13.835141897201538
core,100,3000000.0,28,3,exclude,launch,0,0.0,prior,0.0,gzz_rev,12600.0,43200.0,253846.56507903853,0,227704.70942673282,26141.855652305694,0,1,0.4450918820477301,1,9.881769636333438,72.57969509187568,7762.382610686937,547.8904776886068,14.167763315460801,2.011782820134866,307.11134253601864,0.0,0.0,0.06582918671996084,0.13825053140592417,1.8996858411873037,0.9558823529411765,185.69142183174336,9231,14.163138628005981
core,100,3000000.0,29,3,exclude,launch,0,0.0,prior,0.0,gzz_rev,12600.0,43200.0,272337.0823830773,0,244213.85247268205,28123.229910395225,0,1,0.41486066048639564,5,9.881769636333438,63.92366781739407,7762.382610686937,622.7306913351541,12.465071528824355,2.0096851827222952,305.83925046268655,0.0,0.0,0.1420578934565799,0.17363796694930828,2.5257548845470694,0.9609756097560975,208.2362564557313,6193,12.966327667236328
core,100,3000000.0,30,3,exclude,launch,0,0.0,prior,0.0,gzz_rev,12600.0,43200.0,284825.9606193237,0,258008.1651961294,26817.79542319429,0,1,0.3966656583125313,10,9.881769636333438,65.91711395541213,7762.382610686937,603.3344059107977,12.865804659306296,2.011563331623832,306.978112165772,0.0,0.0,0.12028521235920223,0.15706506422502958,2.126905644829007,0.9463414634146341,210.6039602347152,7281,13.089760541915894
core,100,3000000.0,31,3,exclude,launch,0,0.0,prior,0.0,gzz_rev,12600.0,43200.0,472913.65827745316,0,438958.6403440734,33955.017933379735,0,2,0.691707529157191,14,9.881769636333438,68.7345350876052,7762.382610686937,579.0173524916526,13.406131227818157,2.0101265890372906,306.10671776403336,0.0,0.0,0.09586600142551675,0.15098769234641687,1.9516662727487593,0.9414634146341463,197.1992774000242,8462,13.945526599884033
core,100,3000000.0,19,4,exclude,launch,0,0.0,prior,0.0,gzz_rev,12600.0,43200.0,296695.31602365425,0,276810.6295638151,19884.68645983913,0,1,0.6220749497979525,1,10.702982942635535,55.40676602706917,7141.218427495743,718.7711458179406,9.935315947288402,2.008799309172021,305.3028138557843,0.0,0.0,0.0789939780375487,0.22160767580275126,3.534133709981168,0.9565217391304348,217.63948046119958,4248,11.189991235733032
core,100,3000000.0,21,4,exclude,launch,0,0.0,prior,0.0,gzz_rev,12600.0,43200.0,303499.0022649616,0,284139.70337854396,19359.298886417622,0,1,0.6081295900260306,1,10.702982942635535,59.514025200768636,7141.218427495743,668.8841366948503,10.676316025048171,2.0096469399758874,305.8160830208019,0.0,0.0,0.09949302915082382,0.1979764337509019,3.015993265993266,0.9710144927536232,227.94324147386664,4752,11.333327770233154
core,100,3000000.0,18,4,exclude,launch,0,0.0,prior,0.0,gzz_rev,12600.0,43200.0,286557.697320227,0,268542.3160153986,18015.381304828403,0,1,0.6440822408425816,1,10.702982942635535,53.589670155114966,7141.218427495743,743.3219437431841,9.607167510129388,2.0083155417484297,305.0100695194288,0.0,0.0,0.045826235093696766,0.22795862059874028,3.7284648428668326,0.9710144927536232,197.75581693287876,4423,11.775490999221802
core,100,3000000.0,20,4,exclude,launch,0,0.0,prior,0.0,gzz_rev,12600.0,43200.0,302228.15338107204,0,282222.3930976591,20005.760283412907,0,1,0.6106867337007676,1,10.702982942635535,61.30116772265309,7141.218427495743,649.449076184661,10.995809662935368,2.0094450575741964,305.69379727829164,0.0,0.0,0.06293902781680247,0.18851969315776462,2.984118086696562,0.9758454106280193,204.2616003540667,5352,11.877072811126709
core,100,3000000.0,32,3,exclude,launch,0,0.0,prior,0.0,gzz_rev,12600.0,43200.0,728265.3389093874,0,681917.740781529,46347.598127858364,0,4,0.7369251350770492,15,9.881769636333438,66.5276162944802,7762.382610686937,597.8935167157623,12.982884733933588,2.0112413070938064,306.78269435183705,0.0,0.0,0.1079411230238052,0.15209460809525105,2.055770159343312,0.9317073170731708,191.45236550079602,8284,14.185683250427246
core,100,3000000.0,33,3,exclude,launch,0,0.0,prior,0.0,gzz_rev,12600.0,43200.0,1406207.6653544947,0,1300906.3395197568,105301.32583473774,0,7,0.9090328364581223,17,9.881769636333438,61.980191287313154,7762.382610686937,641.9692399367259,12.091517985272967,2.010586931878791,306.3857840652565,0.0,0.0,0.12130862767805443,0.16365499871945383,2.1554244678122596,0.9068627450980392,193.6527548994662,7798,13.731776475906372
core,100,3000000.0,22,4,exclude,launch,0,0.0,prior,0.0,gzz_rev,12600.0,43200.0,291192.32465710235,0,271924.3919442645,19267.93271283777,0,1,0.6338310051202071,1,10.702982942635535,51.12196557112162,7141.218427495743,779.0442252298247,9.166640604246854,2.008724288286663,305.25740693383057,0.0,0.0,0.08548233046800383,0.22720321717619538,3.3548795944233207,0.9710144927536232,205.4789310248496,4734,11.99489688873291
core,100,3000000.0,23,4,exclude,launch,0,0.0,prior,0.0,gzz_rev,12600.0,43200.0,317444.4527570436,0,296243.6959146666,21200.756842377014,0,1,0.5814142355228328,1,10.702982942635535,56.26072716272162,7141.218427495743,707.4215408787531,10.094714416845408,2.0100477108988115,306.0589134875787,0.0,0.0,0.08613820579749966,0.19617255422346824,2.7830051057622174,0.9710144927536232,213.849993801355,5484,12.202953100204468
core,100,3000000.0,4,5,exclude,launch,0,0.0,prior,0.0,gzz_rev,12600.0,43200.0,192845.45768087165,0,183139.5318185533,9705.92586231835,0,0,0.0,0,11.54863554522297,20.978500328042188,6593.891938148332,1893.3204176547492,3.4827131618409144,2.014148233058031,308.5489915844178,0.0,0.0,0.0,1.3577825557705718,26.18781725888325,0.9820627802690582,638.2616791143502,197,5.882714748382568
core,100,3000000.0,24,4,exclude,launch,0,0.0,prior,0.0,gzz_rev,12600.0,43200.0,308919.53639142914,0,288236.20355294365,20683.332838485494,0,1,0.5974588916475597,1,10.702982942635535,56.89322215626979,7141.218427495743,699.1704754424754,10.213844374616029,2.011158855355837,306.7326692293577,0.0,0.0,0.07622173595915391,0.18456554714316192,2.554317998385795,0.966183574879227,206.2522382120829,6195,12.921276807785034
core,100,3000000.0,26,4,exclude,launch,0,0.0,prior,0.0,gzz_rev,12600.0,43200.0,345106.11394430185,0,320800.29245661275,24305.821487689067,0,1,0.5348115155400918,1,10.702982942635535,62.73680640983992,7141.218427495743,633.8675314424586,11.266105413610399,2.0117271314821115,307.0775365731065,0.0,0.0,0.10518884574655842,0.1681198129432927,2.312294953913451,0.9565217391304348,220.34083804061254,6401,12.793438911437988
core,100,3000000.0,25,4,exclude,launch,0,0.0,prior,0.0,gzz_rev,12600.0,43200.0,303454.5619150849,0,283365.8625542274,20088.699360857496,0,1,0.6082186494607669,1,10.702982942635535,59.147539840667,7141.218427495743,672.8134493387746,10.613965036688796,2.0102896525040554,306.20555458702955,0.0,0.0,0.06992539806257655,0.1787417425280185,2.462379896526238,0.9660194174757282,195.4179805574539,6765,13.780696630477905
core,100,3000000.0,31,4,exclude,launch,0,0.0,prior,0.0,gzz_rev,12600.0,43200.0,412039.0137659439,0,379180.63532564795,32858.37844029595,0,1,0.4479350684145231,19,10.702982942635535,58.166024503398475,7141.218427495743,682.7618211810438,10.459311294153556,2.0144262724137856,308.71819864899834,0.0,0.0,0.18710014362188276,0.17519807748463104,2.3114697206316155,0.970873786407767,244.7154627426953,5763,11.663325309753418
core,100,3000000.0,28,4,exclude,launch,0,0.0,prior,0.0,gzz_rev,12600.0,43200.0,327595.8587983467,0,305549.77601486305,22046.082783483627,0,1,0.5633976097796547,1,10.702982942635535,53.47823538026441,7141.218427495743,743.7204419084577,9.602019825044332,2.011422018356125,306.8923497646734,0.0,0.0,0.10709584779226995,0.19238837435729972,2.5139131817459055,0.961352657004831,206.23044899920822,6289,13.668449878692627
core,100,3000000.0,29,4,exclude,launch,0,0.0,prior,0.0,gzz_rev,12600.0,43200.0,345955.1396198093,0,323199.72695582977,22755.4126639795,0,1,0.5334990080607904,4,10.702982942635535,53.00748333492427,7141.218427495743,750.0623781144393,9.520832714537491,2.0121271401718124,307.3204043617114,0.0,0.0,0.15995048824095723,0.19701131711772607,2.663007683863886,0.966183574879227,223.97140880659606,5466,12.977980136871338
core,100,3000000.0,27,4,exclude,launch,0,0.0,prior,0.0,gzz_rev,12600.0,43200.0,331707.55844344833,0,307624.84875908744,24082.709684360885,0,1,0.5564139831084554,1,10.702982942635535,57.2457176613305,7141.218427495743,694.9364042968615,10.276074736250502,2.0109529977180913,306.60778907855854,0.0,0.0,0.09090909090909091,0.18171302925165814,2.4812978819287967,0.961352657004831,197.71660227041568,6657,13.988393068313599
core,100,3000000.0,30,4,exclude,launch,0,0.0,prior,0.0,gzz_rev,12600.0,43200.0,363286.2610504953,0,338160.7455187995,25125.515531695823,0,1,0.5080476296763864,11,10.702982942635535,58.104888539403234,7141.218427495743,684.2518209880784,10.436535509958347,2.012154631762211,307.33709957930915,0.0,0.0,0.13569596642574028,0.17711859319993403,2.3221757322175733,0.970873786407767,217.43540215145538,6453,13.05007791519165
core,100,3000000.0,19,5,exclude,launch,0,0.0,prior,0.0,gzz_rev,12600.0,43200.0,262190.42812010075,0,247926.4352346556,14263.99288544516,0,1,0.6374612816248496,1,11.54863554522297,60.3442841650951,6593.891938148332,660.2255018876767,9.987332993493096,2.007990028314075,304.81316915418273,0.0,0.0,0.07700205338809035,0.21379308635964187,3.8841435711040435,0.9865470852017937,191.29601799484104,4402,11.48706841468811
core,100,3000000.0,32,4,exclude,launch,0,0.0,prior,0.0,gzz_rev,12600.0,43200.0,910245.4653468413,0,834809.355174664,75436.11017217733,0,5,0.808833654665056,21,10.702982942635535,62.33645365052127,7141.218427495743,636.9906963626538,11.210867706975234,2.0147205040060943,308.8973103751146,0.0,0.0,0.12080277884986491,0.1553152987825742,1.8217173661917596,0.9223300970873787,229.40007439678024,7791,13.04165005683899
core,100,3000000.0,20,5,exclude,launch,0,0.0,prior,0.0,gzz_rev,12600.0,43200.0,255629.0650054013,0,241419.4931418767,14209.571863524587,0,1,0.6538233292668698,1,11.54863554522297,60.2032365407973,6593.891938148332,661.674417565789,9.965463017908977,2.00828712282163,304.9928766143762,0.0,0.0,0.0340506329113924,0.19221536919128623,3.301227096991091,0.9865470852017937,166.12335060702742,5949,12.912556171417236
core,100,3000000.0,3,6,exclude,launch,0,0.0,prior,0.0,gzz_rev,12600.0,43200.0,268314.0616288048,0,243752.3805896995,24561.681039105308,0,0,0.0,0,10.104296583726496,29.83522602496516,7584.090639439221,1329.7059339902767,5.70358486457253,2.0165316734962366,310.0009929663179,0.0,0.0,0.0,1.6599331291348935,33.025,0.9594594594594594,821.9321292764891,120,5.00623631477356
core,100,3000000.0,21,5,exclude,launch,0,0.0,prior,0.0,gzz_rev,12600.0,43200.0,263003.5490514682,0,249921.46707402318,13082.081977445032,0,1,0.6354904598891928,1,11.54863554522297,57.100679852927975,6593.891938148332,697.7752127066642,9.449879872589168,2.0078588080617177,304.73381309627587,0.0,0.0,0.06692502608436429,0.2128076182499222,3.3979813971897883,0.9775784753363229,190.39273400836908,5053,12.179231405258179
core,100,3000000.0,22,5,exclude,launch,0,0.0,prior,0.0,gzz_rev,12600.0,43200.0,272445.43072023086,0,257421.34984949394,15024.080870736925,0,1,0.6134668726040698,1,11.54863554522297,60.96156670355022,6593.891938148332,653.2430344715381,10.094086871485239,2.008903519683677,305.3658936090335,0.0,0.0,0.09100130415881756,0.1941941616084926,3.3766608896591563,0.9820627802690582,186.08520107607066,5193,12.018293142318726
core,100,3000000.0,23,5,exclude,launch,0,0.0,prior,0.0,gzz_rev,12600.0,43200.0,280265.0020376488,0,265796.7668292228,14468.235208426022,0,1,0.5963507577616074,1,11.54863554522297,67.63554551863584,6593.891938148332,588.5742247154282,11.203161234823758,2.0096191037950564,305.7992204243798,0.0,0.0,0.09075949367088608,0.16969950037922052,2.9545607539548975,0.9775784753363229,185.98560770643172,5942,11.82561707496643
core,100,3000000.0,4,6,exclude,launch,0,0.0,prior,0.0,gzz_rev,12600.0,43200.0,201880.33367191153,0,189945.70525527257,11934.628416638972,0,0,0.0,0,10.104296583726496,27.258696824562318,7584.090639439221,1457.5975043901155,5.203144638075199,2.013479821330902,308.14240447347544,0.0,0.0,0.0,1.2958511047286732,25.16826923076923,0.9732142857142857,639.4863635804944,208,5.358681678771973
core,100,3000000.0,24,5,exclude,launch,0,0.0,prior,0.0,gzz_rev,12600.0,43200.0,296685.4414235981,0,279095.7826258761,17589.65879772207,0,1,0.5633449539594242,1,11.54863554522297,62.62938773981318,6593.891938148332,635.5925682212563,10.374400626806779,2.0097082272098374,305.85321122856993,0.0,0.0,0.08971471471471472,0.17842778751270819,2.9169711059448686,0.9730941704035875,185.39649299283215,6022,12.375770330429077
core,100,3000000.0,25,5,exclude,launch,0,0.0,prior,0.0,gzz_rev,12600.0,43200.0,289840.0365693349,0,274534.2371200817,15305.79944925317,0,1,0.5766499629157642,1,11.54863554522297,65.75271912425133,6593.891938148332,605.4161254314305,10.891503647097945,2.0096585976384764,305.82314513558856,0.0,0.0,0.07851965736876784,0.16689434560898636,2.7635806074766354,0.9775784753363229,172.39434976900358,6848,10.656015872955322
core,100,3000000.0,26,5,exclude,launch,0,0.0,prior,0.0,gzz_rev,12600.0,43200.0,298192.5104311804,0,280205.98140328244,17986.529027898006,0,1,0.5604978008922302,1,11.54863554522297,68.22723718756069,6593.891938148332,583.4074985810561,11.302377762003012,2.0098340283277727,305.929429430609,0.0,0.0,0.08478146392838336,0.15998162459867923,2.6794961511546536,0.9865470852017937,170.4392150483978,7145,11.214655876159668
core,100,3000000.0,27,5,exclude,launch,0,0.0,prior,0.0,gzz_rev,12600.0,43200.0,302820.26497758005,0,284400.8903600872,18419.374617492842,0,1,0.5519321712223718,1,11.54863554522297,61.09095721982901,6593.891938148332,651.6624087312248,10.118570366804683,2.0095109987995046,305.733737009152,0.0,0.0,0.10698117703121277,0.18051445047507267,2.773259493670886,0.9641255605381166,185.52535753544433,6320,11.026741027832031
core,100,3000000.0,29,5,exclude,launch,0,0.0,prior,0.0,gzz_rev,12600.0,43200.0,352297.41299661325,0,327444.8133700092,24852.599626604053,0,1,0.4744180348006574,7,11.54863554522297,67.708726320797,6593.891938148332,587.0373937228164,11.232490482985813,2.0127024554455146,307.6698789796123,0.0,0.0,0.10670368901229671,0.15062258480049726,2.148162781509285,0.9641255605381166,200.07947932679727,7593,10.978380680084229
core,100,3000000.0,28,5,exclude,launch,0,0.0,prior,0.0,gzz_rev,12600.0,43200.0,284322.5683352635,0,268551.39781196346,15771.170523300027,0,1,0.5878402383525448,1,11.54863554522297,66.086274579065,6593.891938148332,602.29383671116,10.947965156267308,2.00988078143306,305.9577578123543,0.0,0.0,0.07585168454733672,0.15948250701981784,2.417436922308269,0.9730941704035875,168.0730637183229,8006,12.249534606933594
core,100,3000000.0,30,5,exclude,launch,0,0.0,prior,0.0,gzz_rev,12600.0,43200.0,311366.6785340482,0,291187.9928266325,20178.685707415734,0,1,0.5367826998255143,11,11.54863554522297,63.008761961432484,6593.891938148332,631.673740035284,10.438762165069598,2.010000742454735,306.0304499277348,0.0,0.0,0.09688206944034622,0.16698673415053886,2.627681841967556,0.9641255605381166,161.99409318910523,7644,11.921725749969482
core,100,3000000.0,32,5,exclude,launch,0,0.0,prior,0.0,gzz_rev,12600.0,43200.0,1267612.8269414725,0,1170176.0554093707,97436.77153210189,0,7,0.9003095979924611,15,11.54863554522297,54.36965298897827,6593.891938148332,731.7469688406645,9.01116399374403,2.010816747742293,306.525149254892,0.0,0.0,0.1834187360399422,0.19286758216961322,2.760600244285465,0.9192825112107623,205.99400124795656,5731,10.152887105941772
core,100,3000000.0,31,5,exclude,launch,0,0.0,prior,0.0,gzz_rev,12600.0,43200.0,340141.0976296496,0,313263.6558000306,26877.44182961902,0,1,0.4913732786303563,15,11.54863554522297,63.56969565455474,6593.891938148332,625.9528407278732,10.534167287236517,2.010472976983139,306.3166911639501,0.0,0.0,0.10354801388353259,0.1636241159308963,2.4196440005122293,0.9641255605381166,172.5048759310128,7809,11.666083097457886
core,100,3000000.0,33,5,exclude,launch,0,0.0,prior,0.0,gzz_rev,12600.0,43200.0,1302051.2594202172,0,1210685.4034712245,91365.85594899283,0,9,0.8808307055986009,19,11.54863554522297,69.42483006509684,6593.891938148332,573.2712074027941,11.502220681938603,2.0100878189313667,306.0832205860577,0.0,0.0,0.15248447204968943,0.15320857470764793,2.524569855471438,0.9147982062780269,177.40369326065652,7265,10.292654037475586
core,100,3000000.0,17,6,exclude,launch,0,0.0,prior,0.0,gzz_rev,12600.0,43200.0,369474.7992073291,0,326740.7403656184,42734.05884171073,0,1,0.7476953724276544,1,10.104296583726496,51.60432283988522,7584.090639439221,772.2692974778927,9.820525902308484,2.0074056130713345,304.4598207742894,0.0,0.0,0.08663127413127412,0.2797314099631294,4.973388906700865,0.9684684684684685,210.4112433819287,3119,8.274349689483643
core,100,3000000.0,18,6,exclude,launch,0,0.0,prior,0.0,gzz_rev,12600.0,43200.0,357568.8041006399,0,315551.33878075436,42017.46531988553,0,1,0.7725945173753406,1,10.104296583726496,53.67155803301666,7584.090639439221,742.4755145349457,10.214600334920897,2.007537416346583,304.53949360150455,0.0,0.0,0.07269789983844911,0.25246549758562464,4.646096055808962,0.972972972972973,188.32318609053706,3727,8.81099009513855
core,100,3000000.0,19,6,exclude,launch,0,0.0,prior,0.0,gzz_rev,12600.0,43200.0,382241.9076777879,0,338002.3141374746,44239.59354031325,0,1,0.7227190230899159,1,10.104296583726496,58.02111232729257,7584.090639439221,686.3465794791836,11.049943084431503,2.008909918101722,305.369766853207,0.0,0.0,0.07622936872554024,0.2128592601691548,3.7755656108597284,0.972972972972973,195.9473922769609,4420,8.823244094848633
core,100,3000000.0,20,6,exclude,launch,0,0.0,prior,0.0,gzz_rev,12600.0,43200.0,397990.22430281166,0,353601.58342159836,44388.6408812133,0,1,0.694099595882729,1,10.104296583726496,62.38614885664165,7584.090639439221,638.2213964502239,11.88316575035215,2.009233682410061,305.5657877132916,0.0,0.0,0.0836578906371709,0.19485284431481384,3.6848974518334368,0.963963963963964,183.5792265799883,4827,8.620253562927246
core,100,3000000.0,21,6,exclude,launch,0,0.0,prior,0.0,gzz_rev,12600.0,43200.0,382076.6083353514,0,338922.04374819883,43154.564587152585,0,1,0.7230366610626998,1,10.104296583726496,59.539588308379166,7584.090639439221,668.6401581685357,11.342559292598748,2.009517085789046,305.7374239500023,0.0,0.0,0.07829129610730427,0.19528964770349347,3.3411423039690225,0.972972972972973,189.04795872919183,5165,9.331313610076904
core,100,3000000.0,22,6,exclude,launch,0,0.0,prior,0.0,gzz_rev,12600.0,43200.0,372982.96040961373,0,330057.9713677075,42924.98904190623,0,1,0.7406674743691241,1,10.104296583726496,49.394704211211575,7584.090639439221,806.1617513136739,9.407653770574742,2.009034565531733,305.445226331344,0.0,0.0,0.11282511210762332,0.24036523566227738,3.6333968556455454,0.972972972972973,213.52051684946676,4198,9.318082332611084
core,100,3000000.0,3,7,exclude,launch,0,0.0,prior,0.0,gzz_rev,12600.0,43200.0,265781.7036615204,0,243894.58248659116,21887.12117492922,0,0,0.0,0,9.578630957114198,40.42828518002406,8018.5908986554505,981.6955105294205,8.168103869937317,2.0157091236940854,309.4995071866222,0.0,0.0,0.0,1.7895869544779601,32.92920353982301,0.961038961038961,888.1745388797593,113,5.129816055297852
core,100,3000000.0,24,6,exclude,launch,0,0.0,prior,0.0,gzz_rev,12600.0,43200.0,385472.5627398852,0,342322.9692777894,43149.59346209577,0,1,0.716669487643433,1,10.104296583726496,53.808213972353336,7584.090639439221,739.6773580069901,10.253241575318777,2.0100140129184254,306.0384918874744,0.0,0.0,0.12756876383180524,0.2118746258169144,3.4064665127020786,0.9684684684684685,200.75574869798484,4763,9.069444179534912
core,100,3000000.0,27,6,exclude,launch,0,0.0,prior,0.0,gzz_rev,12600.0,43200.0,409577.4801108387,0,362670.14830889244,46907.3318019463,0,1,0.6744909619488678,1,10.104296583726496,59.049422363307,7584.090639439221,673.8087827270327,11.255553257624454,2.010655498807152,306.4273611807399,0.0,0.0,0.1276843467011643,0.18483048384783635,2.893452483244544,0.963963963963964,193.7118225582432,5819,9.656461477279663
core,100,3000000.0,23,6,exclude,launch,0,0.0,prior,0.0,gzz_rev,12600.0,43200.0,382057.89067797794,0,338663.8784796253,43394.01219835268,0,1,0.7230606049770235,1,10.104296583726496,58.79371623786196,7584.090639439221,677.2644278111234,11.198123403513945,2.0090965570114947,305.4827584117359,0.0,0.0,0.06783729156139465,0.19197006587622184,3.2035918093319906,0.9684684684684685,171.13557524469127,5958,10.61421823501587
core,100,3000000.0,26,6,exclude,launch,0,0.0,prior,0.0,gzz_rev,12600.0,43200.0,398778.43517463305,0,353138.8339468683,45639.60122776482,0,1,0.692733792575661,1,10.104296583726496,60.75583332752501,7584.090639439221,655.0539119539429,11.577811384740592,2.0101337730611806,306.111071843645,0.0,0.0,0.11483375959079284,0.18263018863967156,2.9891378139850646,0.9684684684684685,184.91938566361802,5892,10.251322507858276
core,100,3000000.0,25,6,exclude,launch,0,0.0,prior,0.0,gzz_rev,12600.0,43200.0,385786.97991306474,0,342082.6714150146,43704.308498050166,0,1,0.716079818034819,1,10.104296583726496,61.230517773176565,7584.090639439221,650.0590650879585,11.666771600843731,2.009875869856487,305.95478175551887,0.0,0.0,0.08430609597924774,0.17920145951175326,2.8583516139141336,0.972972972972973,178.89446580681778,6382,10.543033361434937
core,100,3000000.0,28,6,exclude,launch,0,0.0,prior,0.0,gzz_rev,12600.0,43200.0,389647.129012893,0,345802.99274190573,43844.13627098733,0,1,0.7089746564183619,1,10.104296583726496,53.50767289089193,7584.090639439221,743.7752053575986,10.196751094697863,2.0101674070133546,306.1314570576254,0.0,0.0,0.13160358432526414,0.20305652175020372,3.036780383795309,0.963963963963964,190.62369926598407,5628,10.995485544204712
core,100,3000000.0,29,6,exclude,launch,0,0.0,prior,0.0,gzz_rev,12600.0,43200.0,401073.4776949516,0,355829.3419616889,45244.135733262694,0,1,0.6887686661878571,3,10.104296583726496,58.22156129288122,7584.090639439221,683.4300540108081,11.097098517881806,2.0105369841255296,306.35549888565623,0.0,0.0,0.1310856864654333,0.18462985615615127,2.785875888817065,0.972972972972973,188.76337106021268,6188,12.613588571548462
core,100,3000000.0,30,6,exclude,launch,0,0.0,prior,0.0,gzz_rev,12600.0,43200.0,421679.12590629474,0,374496.7898788436,47182.33602745112,0,1,0.6551220394342254,5,10.104296583726496,60.238335723458505,7584.090639439221,659.9645556588055,11.49166356649025,2.012317067308998,307.43575342952715,0.0,0.0,0.11300147027935308,0.16876267498657768,2.256310138056059,0.954954954954955,201.2512520293182,7171,12.690621852874756
core,100,3000000.0,32,6,exclude,launch,0,0.0,prior,0.0,gzz_rev,12600.0,43200.0,950635.6194407904,0,863147.9889353028,87487.63050548753,0,3,0.8324111091517895,13,10.104296583726496,58.43131320686863,7584.090639439221,680.5221596202567,11.144516798205773,2.0118799775928577,307.17032671599674,0.0,0.0,0.15722462329167153,0.17740834214128773,2.4047175667287397,0.9414414414414415,210.05309636812632,6444,12.211712121963501
core,100,3000000.0,33,6,exclude,launch,0,0.0,prior,0.0,gzz_rev,12600.0,43200.0,1058127.2973669665,0,963114.7621201238,95012.53524684272,0,4,0.8220693479620924,19,10.104296583726496,56.98156876810494,7584.090639439221,697.8640278885008,10.867576399354041,2.0117998551614145,307.12168407139774,0.0,0.0,0.22624561403508772,0.18826987083858776,2.7405264140377077,0.9279279279279279,221.90088045415615,5357,11.308283567428589
core,100,3000000.0,16,7,exclude,launch,0,0.0,prior,0.0,gzz_rev,12600.0,43200.0,253687.25502104263,0,228591.5983116219,25095.65670942071,0,1,0.6169911518703838,1,9.578630957114198,47.17966784962593,8018.5908986554505,844.6127863248612,9.493807136814148,2.0076012440557154,304.5780801067874,0.0,0.0,0.07001044932079414,0.30295334853931005,5.29364803887539,0.9557522123893806,213.9099070871802,2881,9.928126335144043
core,100,3000000.0,18,7,exclude,launch,0,0.0,prior,0.0,gzz_rev,12600.0,43200.0,251975.17358275398,0,227558.16292335154,24417.010659402444,0,1,0.621173100016505,1,9.578630957114198,56.05008601266216,8018.5908986554505,710.7162495737798,11.282408279625294,2.0082485334640197,304.9695315697038,0.0,0.0,0.09296534550736667,0.24111544121006576,4.058774834437086,0.9559471365638766,222.28228920933546,3624,10.221870422363281
core,100,3000000.0,31,6,exclude,launch,0,0.0,prior,0.0,gzz_rev,12600.0,43200.0,442001.3539230809,0,392978.85103093553,49022.50289214536,0,1,0.6250128024932424,8,10.104296583726496,60.59937883792461,7584.090639439221,656.2948501859794,11.555919777962693,2.01151288111146,306.947492596322,0.0,0.0,0.12416285744658233,0.17077984020096418,2.473617381489842,0.954954954954955,185.92731704969543,7088,13.403538227081299
core,100,3000000.0,19,7,exclude,launch,0,0.0,prior,0.0,gzz_rev,12600.0,43200.0,261483.01324585182,0,236362.9550343405,25120.05821151133,0,1,0.5986095592183047,1,9.578630957114198,59.54878413867449,8018.5908986554505,668.4793560657403,11.995270797662267,2.0096900786642546,305.8422164859086,0.0,0.0,0.095985727029438,0.20732637667502982,3.364864864864865,0.9601769911504425,229.87154387980584,4218,10.07859468460083
core,100,3000000.0,17,7,exclude,launch,0,0.0,prior,0.0,gzz_rev,12600.0,43200.0,248281.99847567655,0,224075.2955812498,24206.702894426755,0,1,0.6304003021062188,1,9.578630957114198,51.12857694488671,8018.5908986554505,779.2628606029675,10.289969282574218,2.0079010339139503,304.759348249443,0.0,0.0,0.056016597510373446,0.25943823220032,4.399559107192064,0.960352422907489,204.98801969285498,3629,10.857807636260986
core,100,3000000.0,34,6,exclude,launch,0,0.0,prior,0.0,gzz_rev,12600.0,43200.0,1616505.6977829656,0,1494835.8826882862,121669.81509467938,0,7,0.9222120218761864,28,10.104296583726496,55.925038973297106,7584.090639439221,711.1601820280223,10.664391554954044,2.0114825028012726,306.92905604193794,0.0,0.0,0.16234281182734792,0.18227852448961185,2.4708715941592656,0.9099099099099099,198.54852971950712,6643,12.386614561080933
core,100,3000000.0,20,7,exclude,launch,0,0.0,prior,0.0,gzz_rev,12600.0,43200.0,264203.3087071805,0,239039.18466244533,25164.124044735177,0,1,0.592443174610845,1,9.578630957114198,56.85437298812835,8018.5908986554505,700.4251268753968,11.448177101279136,2.0089281077457763,305.3807779798418,0.0,0.0,0.09349380777952207,0.21820062371969703,3.569077422345851,0.96,211.4565937617895,4314,10.838973999023438
core,100,3000000.0,21,7,exclude,launch,0,0.0,prior,0.0,gzz_rev,12600.0,43200.0,266054.1106425583,0,241590.95447055445,24463.156172003848,0,1,0.5883133002404758,1,9.578630957114198,52.79630657840306,8018.5908986554505,754.0194558006896,10.634461534073479,2.0095734898152604,305.77158940132904,0.0,0.0,0.11422335394688977,0.22721231396931113,3.6958202464363374,0.9557522123893806,213.4276904040053,4139,11.065076112747192
core,100,3000000.0,3,8,exclude,launch,0,0.0,prior,0.0,gzz_rev,12600.0,43200.0,244876.46052185565,0,232623.1797528681,12253.280768987539,0,0,0.0,0,11.375354133388866,40.48737732071865,6699.414751861177,980.2955878780426,6.834076205894995,2.015641511552314,309.4583039964806,0.0,0.0,0.0,1.7014151290776878,33.529411764705884,0.978021978021978,824.0514714919692,119,5.454894542694092
core,100,3000000.0,22,7,exclude,launch,0,0.0,prior,0.0,gzz_rev,12600.0,43200.0,248337.03288017516,0,224864.23326919647,23472.799610978705,0,1,0.6302767733714428,1,9.578630957114198,48.96587732487806,8018.5908986554505,813.278507879303,9.859587854552617,2.008894599417813,305.3604938203287,0.0,0.0,0.08992144409159285,0.23868498466104388,3.562236520967384,0.9733333333333334,202.5966024493327,4507,11.91101360321045
core,100,3000000.0,4,8,exclude,launch,0,0.0,prior,0.0,gzz_rev,12600.0,43200.0,175774.27342872115,0,168981.9814273282,6792.292001392964,0,0,0.0,0,11.375354133388866,25.109624955890183,6699.414751861177,1582.0481195175435,4.234646638879865,2.0138636922472157,308.375875937147,0.0,0.0,0.0,1.2971049518245035,25.782608695652176,0.9888888888888889,612.7565325516782,207,5.73220157623291
core,100,3000000.0,24,7,exclude,launch,0,0.0,prior,0.0,gzz_rev,12600.0,43200.0,272391.6989005572,0,246891.61803162814,25500.08086892903,0,1,0.5746373993345248,1,9.578630957114198,51.87055694828556,8018.5908986554505,767.5275472400344,10.447300461709341,2.009440282705289,305.6909053044401,0.0,0.0,0.11085379033503165,0.2202820008040898,3.3126922288291984,0.96875,201.38462586794466,4877,11.682906150817871
core,100,3000000.0,25,7,exclude,launch,0,0.0,prior,0.0,gzz_rev,12600.0,43200.0,293243.4387003299,0,264227.3399813237,29016.09871900623,0,1,0.5337430503755399,1,9.578630957114198,56.1788277166881,8018.5908986554505,708.4232433234729,11.318926890424013,2.010131700117654,306.10981547477445,0.0,0.0,0.16496740765502257,0.20871911792471518,3.2442273534635877,0.9688888888888889,222.98497075147415,4504,11.097535848617554
core,100,3000000.0,23,7,exclude,launch,0,0.0,prior,0.0,gzz_rev,12600.0,43200.0,247743.22409797128,0,224112.2150934003,23631.00900457097,0,1,0.6317191167558399,1,9.578630957114198,48.36281807601765,8018.5908986554505,823.5971459255517,9.736059599434654,2.0084617025616645,305.0985016600711,0.0,0.0,0.10800552104899931,0.24693066564649105,3.7780325613391423,0.9646017699115044,198.21068424727733,4361,11.934594631195068
core,100,3000000.0,26,7,exclude,launch,0,0.0,prior,0.0,gzz_rev,12600.0,43200.0,283696.60334060324,0,256447.9800448472,27248.623295756006,0,1,0.5517296133188356,1,9.578630957114198,56.474041433653184,8018.5908986554505,704.5044964888266,11.381887466466475,2.0107466301607513,306.4826251143945,0.0,0.0,0.12117519631735717,0.19350273128903256,2.894907324095735,0.9557522123893806,202.87353282962297,5557,11.826194524765015
core,100,3000000.0,28,7,exclude,launch,0,0.0,prior,0.0,gzz_rev,12600.0,43200.0,280542.2246132573,0,254343.67914968354,26198.545463573762,0,1,0.5579160527592423,1,9.578630957114198,52.321276348550455,8018.5908986554505,760.5787485216667,10.542749076596142,2.010330541529563,306.2303409442262,0.0,0.0,0.13464427147343985,0.20736414010906432,2.9140681653372007,0.9557522123893806,203.06193716119427,5516,12.431557893753052
core,100,3000000.0,20,8,exclude,launch,0,0.0,prior,0.0,gzz_rev,12600.0,43200.0,251434.30942569976,0,244786.3832132376,6647.926212462184,0,1,0.603856040247835,1,11.375354133388866,54.345632202016766,6699.414751861177,732.5823970779361,9.14493001549484,2.0094114043761016,305.67341498536007,0.0,0.0,0.16037525128434219,0.23968108059694526,4.292791456541086,0.9888888888888889,225.5512917884591,3371,9.72140383720398
core,100,3000000.0,27,7,exclude,launch,0,0.0,prior,0.0,gzz_rev,12600.0,43200.0,288165.03370664915,0,261008.1365052557,27156.897201393458,0,1,0.5431821655950212,1,9.578630957114198,56.251276531038016,8018.5908986554505,707.3764070701413,11.335677608852384,2.010513685489543,306.3413725684976,0.0,0.0,0.09470097520855364,0.18880448232212607,2.602746138243096,0.96,195.3829072992295,6409,13.174836874008179
core,100,3000000.0,29,7,exclude,launch,0,0.0,prior,0.0,gzz_rev,12600.0,43200.0,326733.10687033896,0,293517.307855642,33215.79901469698,0,1,0.47905495982247703,5,9.578630957114198,58.836462416763005,8018.5908986554505,676.1420545582365,11.859328738092573,2.0109695077896923,306.61780370415977,0.0,0.0,0.10960426856380613,0.1786704228564009,2.463537053439622,0.9557522123893806,195.49742380974828,6774,13.117594718933105
core,100,3000000.0,19,8,exclude,launch,0,0.0,prior,0.0,gzz_rev,12600.0,43200.0,243968.27927728856,0,237754.92483804707,6213.354439241493,0,1,0.6223355221507479,1,11.375354133388866,54.75104266555609,6699.414751861177,727.6494115979997,9.206926639504196,2.0080541052162015,304.85192371297114,0.0,0.0,0.08528459927660384,0.23808563826921073,3.8882709807886755,0.9888888888888889,212.27546531802193,3956,10.996541500091553
core,100,3000000.0,31,7,exclude,launch,0,0.0,prior,0.0,gzz_rev,12600.0,43200.0,339369.6578554002,0,305676.77761871787,33692.8802366823,0,1,0.4612244650601568,13,9.578630957114198,55.9643777227417,8018.5908986554505,710.0932455699531,11.292306959235143,2.0130887703485385,307.904656981894,0.0,0.0,0.13048343777976723,0.17994112862296405,2.3330853912526033,0.9557522123893806,207.964911207404,6722,12.85102391242981
core,100,3000000.0,22,8,exclude,launch,0,0.0,prior,0.0,gzz_rev,12600.0,43200.0,250067.45068241205,0,243240.81410553644,6826.636576875606,0,1,0.6071566933558108,1,11.375354133388866,59.69811423405773,6699.414751861177,666.9377455349496,10.045037631642199,2.009296728636463,305.60396593087984,0.0,0.0,0.11584575502268309,0.2027496458231559,3.297198275862069,0.9944444444444445,213.02451753179656,4640,10.682291746139526
core,100,3000000.0,33,7,exclude,launch,0,0.0,prior,0.0,gzz_rev,12600.0,43200.0,1446257.144508587,0,1372171.8268321,74085.31767648688,0,8,0.8882893853262077,20,9.578630957114198,61.22491603665413,8018.5908986554505,649.6177552811612,12.34355254835195,2.0114252715275014,306.89432396534403,0.0,0.0,0.18956414978514427,0.17292190329422483,2.5496980577770523,0.9111111111111111,208.5109052834605,6127,12.054095268249512
core,100,3000000.0,32,7,exclude,launch,0,0.0,prior,0.0,gzz_rev,12600.0,43200.0,846763.3890740897,0,795112.2806822312,51651.108391858535,0,5,0.8446114421564804,15,9.578630957114198,57.138959942263185,8018.5908986554505,696.0763889464455,11.519699599051307,2.0114106873328312,306.88547353532095,0.0,0.0,0.14039408866995073,0.1800567756287983,2.3176138054150552,0.9288888888888889,209.0937992837658,6722,12.948259353637695
core,100,3000000.0,30,7,exclude,launch,0,0.0,prior,0.0,gzz_rev,12600.0,43200.0,310713.4778569842,0,282333.12941990624,28380.34843707797,0,1,0.5037491010317414,8,9.578630957114198,56.14314480244996,8018.5908986554505,707.9560907145474,11.326395808760122,2.012736530608893,307.69058412892133,0.0,0.0,0.1036405723905724,0.17827030484891884,2.334823299343484,0.96,194.9226329544745,7159,13.844854831695557
core,100,3000000.0,21,8,exclude,launch,0,0.0,prior,0.0,gzz_rev,12600.0,43200.0,235121.11489737048,0,229533.85420491913,5587.260692451366,0,1,0.6457528348252541,1,11.375354133388866,50.753704152034956,6699.414751861177,784.925349006322,8.535097968669653,2.0081395445787824,304.90360240305444,0.0,0.0,0.07479131886477462,0.2384578450142463,3.8135254988913525,0.9888888888888889,189.49497479771227,4510,11.712580442428589
core,100,3000000.0,24,8,exclude,launch,0,0.0,prior,0.0,gzz_rev,12600.0,43200.0,245740.6069446862,0,239210.8945176734,6529.712427012805,0,1,0.6178471208318678,1,11.375354133388866,62.07191396943346,6699.414751861177,641.7141182679467,10.439874332114737,2.008414072908421,305.0696827319252,0.0,0.0,0.09646172474101977,0.1922169805783953,3.10130427014472,0.9888888888888889,187.67451173189536,5597,12.182163953781128
core,100,3000000.0,25,8,exclude,launch,0,0.0,prior,0.0,gzz_rev,12600.0,43200.0,241202.61605726267,0,234963.34994172107,6239.26611554158,0,1,0.6294713090350822,1,11.375354133388866,52.88063306647092,6699.414751861177,752.9645756938193,8.89738371249139,2.009179769612264,305.5331422183988,0.0,0.0,0.12271897810218978,0.21726637955441946,3.411966848595108,0.9888888888888889,192.90869888854647,4947,11.879234552383423
core,100,3000000.0,23,8,exclude,launch,0,0.0,prior,0.0,gzz_rev,12600.0,43200.0,246154.79508222465,0,239976.5088919632,6178.286190261452,0,1,0.6168075109872854,1,11.375354133388866,67.38056723245789,6699.414751861177,590.7681447705256,11.340176025339783,2.0097324965159253,305.86791435608495,0.0,0.0,0.04468212714914034,0.16057874528238786,2.3220586284653137,0.9833333333333333,186.20197035948922,7539,13.16815996170044
core,100,3000000.0,2,9,exclude,launch,0,0.0,prior,0.0,gzz_rev,12600.0,43200.0,410033.48858786334,0,373565.1714247086,36468.317163154774,0,0,0.0,0,9.704835701495995,54.10163698568689,7909.979841733408,731.5365717389715,10.812828978502342,2.0213593992445706,312.9525067275691,0.0,0.0,0.0,2.7225360520077047,50.0,0.9553072625698324,1329.2016255013768,50,5.054023265838623
core,100,3000000.0,26,8,exclude,launch,0,0.0,prior,0.0,gzz_rev,12600.0,43200.0,244064.51313211297,0,237403.66776053054,6660.845371582424,0,1,0.6220901372501674,1,11.375354133388866,56.33202352201752,6699.414751861177,706.9362388181512,9.476688821415054,2.008881827354636,305.35276246992873,0.0,0.0,0.1296671490593343,0.20678316828965504,3.187127761767531,0.9833333333333333,196.28705354056316,5205,11.406889915466309
core,100,3000000.0,3,9,exclude,launch,0,0.0,prior,0.0,gzz_rev,12600.0,43200.0,257821.5124497858,0,242902.5483958173,14918.964053968502,0,0,0.0,0,9.704835701495995,20.93411156862801,7909.979841733408,1894.688493314029,4.17481811371427,2.0169616232994483,310.26328297915467,0.0,0.0,0.0,1.8893251529872692,34.09345794392523,0.9775280898876404,901.8437336601419,107,5.305710315704346
core,100,3000000.0,27,8,exclude,launch,0,0.0,prior,0.0,gzz_rev,12600.0,43200.0,250726.9000297064,0,243790.47603542544,6936.42399428096,0,1,0.6055597802001441,1,11.375354133388866,54.052584064738284,6699.414751861177,736.4973922689444,9.096318360642305,2.00956617761055,305.7671600925529,0.0,0.0,0.14457301889556173,0.2093728046319172,3.0027237354085603,0.9888888888888889,211.2450043194155,5140,11.454087257385254
core,100,3000000.0,28,8,exclude,launch,0,0.0,prior,0.0,gzz_rev,12600.0,43200.0,281895.4293943094,0,273606.5859551975,8288.843439111975,0,1,0.5386044278847658,1,11.375354133388866,68.59844356510132,6699.414751861177,580.000213510533,11.55071083734957,2.0107013590838063,306.4551711761559,0.0,0.0,0.14160902803057882,0.16246140391193295,2.3466988727858293,0.9833333333333333,223.81909051771055,6210,11.441378355026245
core,100,3000000.0,29,8,exclude,launch,0,0.0,prior,0.0,gzz_rev,12600.0,43200.0,273907.79598920746,0,265622.4800775729,8285.31591163455,0,1,0.5543110809384715,1,11.375354133388866,56.96208198733536,6699.414751861177,698.6211728990246,9.58948141245281,2.010307018540378,306.2160815135843,0.0,0.0,0.15778771858479057,0.19372433820383328,2.7023423423423423,0.9888888888888889,217.55467318389267,5550,11.914189100265503
core,100,3000000.0,31,8,exclude,launch,0,0.0,prior,0.0,gzz_rev,12600.0,43200.0,267116.6712664738,0,259252.88948409486,7863.78178237892,0,1,0.5684037830824387,4,11.375354133388866,60.19503756290697,6699.414751861177,660.6973754787307,10.139914279221843,2.011530933381505,306.9584487562975,0.0,0.0,0.12406656710049072,0.1714983084354446,2.303941026368018,0.9833333333333333,200.28017543052943,7054,13.341301202774048
core,100,3000000.0,30,8,exclude,launch,0,0.0,prior,0.0,gzz_rev,12600.0,43200.0,266503.65351558756,0,258451.87501063442,8051.77850495316,0,1,0.5697112383615845,2,11.375354133388866,65.75787670725413,6699.414751861177,604.8922900482648,11.075384596696754,2.0112411976165037,306.78262792705806,0.0,0.0,0.09076696707743241,0.15595290262634068,2.151703920850128,0.9944444444444445,185.24633817542446,8187,13.773030996322632
core,100,3000000.0,32,8,exclude,launch,0,0.0,prior,0.0,gzz_rev,12600.0,43200.0,311820.64416623727,0,298960.673133218,12859.971033019252,0,1,0.4869149279010185,5,11.375354133388866,59.35733957887923,6699.414751861177,670.0026431159922,9.999087049424313,2.011588034182312,306.99310527025006,0.0,0.0,0.1799573025241743,0.17953088959811073,2.4320307281229123,0.9777777777777777,223.5714154112011,5988,12.423477172851562
core,100,3000000.0,16,9,exclude,launch,0,0.0,prior,0.0,gzz_rev,12600.0,43200.0,303273.20763704187,0,292944.03784295445,10329.16979408744,0,1,0.6488457989379447,1,9.704835701495995,49.64451114379424,7909.979841733408,802.3930681583262,9.857986260884086,2.0083138361733948,305.00903766561214,0.0,0.0,0.13569054094892716,0.2973863197013578,5.397508038585209,0.9943181818181818,243.61147444896923,2488,9.45008111000061
core,100,3000000.0,17,9,exclude,launch,0,0.0,prior,0.0,gzz_rev,12600.0,43200.0,310564.3838540086,0,298700.6765052688,11863.707348739832,0,1,0.6336127287481541,1,9.704835701495995,49.46088027757998,7909.979841733408,805.5922140703274,9.818838493693379,2.007765028603745,304.67710586301234,0.0,0.0,0.12338554547952735,0.29440796347911274,5.148648648648648,0.9943181818181818,231.12858312349306,2738,9.652304410934448
core,100,3000000.0,34,8,exclude,launch,0,0.0,prior,0.0,gzz_rev,12600.0,43200.0,498894.77703901014,0,470506.16555510287,28388.611483907294,0,2,0.6473580237683916,17,11.375354133388866,69.04834307541311,6699.414751861177,575.3053045231457,11.644973024217347,2.013902064642532,308.3992190059169,0.0,0.0,0.1452583325374845,0.1450694733319922,1.7852698412698413,0.9722222222222222,231.33780752551564,7875,12.451501846313477
core,100,3000000.0,18,9,exclude,launch,0,0.0,prior,0.0,gzz_rev,12600.0,43200.0,315029.5468296964,0,303015.8823042791,12013.664525417325,0,1,0.6246320343155168,1,9.704835701495995,59.351093639515,7909.979841733408,671.0198507788311,11.78799678214072,2.0087500147498965,305.272977677375,0.0,0.0,0.08328685629299126,0.21567220079289837,3.471386285150469,0.9886363636363636,231.81419818877646,4054,10.566673278808594
core,100,3000000.0,19,9,exclude,launch,0,0.0,prior,0.0,gzz_rev,12600.0,43200.0,300747.34777417395,0,290309.172281519,10438.175492654966,0,1,0.6542952021425174,1,9.704835701495995,52.21826436062518,7909.979841733408,763.0640102763176,10.366076417192154,2.00773589611903,304.6594908980474,0.0,0.0,0.12266727355484752,0.264248145444407,4.621711521016026,0.9943181818181818,213.30741712715528,3307,10.731209993362427
core,100,3000000.0,36,8,exclude,launch,0,0.0,prior,0.0,gzz_rev,12600.0,43200.0,743724.9079818348,0,714300.5923910537,29424.31559078125,0,5,0.7876362428467474,25,11.375354133388866,61.19711147385111,6699.414751861177,649.4812448305116,10.315024190743882,2.012762112401785,307.7061288949579,0.0,0.0,0.16434029546612328,0.16387024386814808,1.987408610885459,0.95,222.03790318213842,7386,12.744304180145264
core,100,3000000.0,33,8,exclude,launch,0,0.0,prior,0.0,gzz_rev,12600.0,43200.0,298460.84280979633,0,288853.00605028606,9607.836759510288,0,1,0.5087103723318557,11,11.375354133388866,62.32101613426393,6699.414751861177,637.8715113633967,10.502765263088394,2.012436821761625,307.50849541763415,0.0,0.0,0.11904309853806722,0.16098058253912845,1.9813437539392411,0.9777777777777777,206.918635328771,7933,13.78622841835022
core,100,3000000.0,35,8,exclude,launch,0,0.0,prior,0.0,gzz_rev,12600.0,43200.0,599954.6072412247,0,569181.5461097778,30773.06113144701,0,4,0.7639685627526162,19,11.375354133388866,67.7628303750509,6699.414751861177,585.9950183371038,11.432545571585768,2.014672810290077,308.86827358258853,0.0,0.0,0.12039993278440599,0.14266686881649218,1.7341079209026924,0.95,209.99188269645055,8951,13.336966276168823
core,100,3000000.0,20,9,exclude,launch,0,0.0,prior,0.0,gzz_rev,12600.0,43200.0,299276.8999209587,0,288672.27439311147,10604.625527847184,0,1,0.6575099740664861,1,9.704835701495995,55.95132049028228,7909.979841733408,711.8654979335579,11.11162131708157,2.0085456274785676,305.1492848118413,0.0,0.0,0.07231438234820423,0.2156264379753799,3.505990586221652,0.9943181818181818,199.27973235291793,4674,11.855509042739868
core,100,3000000.0,23,9,exclude,launch,0,0.0,prior,0.0,gzz_rev,12600.0,43200.0,292905.8215133847,0,282968.87747957185,9936.944033812859,0,1,0.6718116618134116,1,9.704835701495995,53.81939628163411,7909.979841733408,740.1677719864974,10.686739062556356,2.008264881804753,304.9794215642257,0.0,0.0,0.1517604970815289,0.23561384282244197,3.945654896068119,0.9943181818181818,206.941592894354,3993,11.003757953643799
core,100,3000000.0,22,9,exclude,launch,0,0.0,prior,0.0,gzz_rev,12600.0,43200.0,308327.8017886023,0,296517.0163671169,11810.785421485445,0,1,0.6382088983355595,1,9.704835701495995,52.136700954254934,7909.979841733408,764.1174645379092,10.351785175485908,2.008104521965543,304.8824181622127,0.0,0.0,0.1408062930186824,0.24603561083701694,3.9539748953974896,0.9943181818181818,215.85112418235485,3824,11.381802797317505
core,100,3000000.0,21,9,exclude,launch,0,0.0,prior,0.0,gzz_rev,12600.0,43200.0,302333.05458901654,0,291462.26085831964,10870.793730696845,0,1,0.650863488854118,1,9.704835701495995,61.200396912355046,7909.979841733408,650.7520400321005,12.15513645004205,2.008723729397169,305.2570686746799,0.0,0.0,0.05954279638490165,0.19002841099925283,3.0,0.9943181818181818,192.408428337053,5662,12.209444999694824
core,100,3000000.0,3,10,exclude,launch,0,0.0,prior,0.0,gzz_rev,12600.0,43200.0,288310.9771978931,0,261902.70394003813,26408.273257854984,0,0,0.0,0,9.684680006655784,19.5357948755897,7927.135773030543,2029.9369185135172,3.9051143416000476,2.0173272651471503,310.4864293235341,0.0,0.0,0.0,2.0163760935601034,34.66,0.9436619718309859,943.7048937860335,100,5.2535130977630615
core,100,3000000.0,24,9,exclude,launch,0,0.0,prior,0.0,gzz_rev,12600.0,43200.0,325247.843165736,0,313213.91046931705,12033.932696419028,0,1,0.6050079987938767,1,9.704835701495995,57.351026400759444,7909.979841733408,694.1697270820192,11.39487870636976,2.0094773813414255,305.7133750319824,0.0,0.0,0.14878089235362416,0.20747235268392544,3.4029094115054,0.9943181818181818,211.26264862205224,4537,11.201483249664307
core,100,3000000.0,25,9,exclude,launch,0,0.0,prior,0.0,gzz_rev,12600.0,43200.0,315550.8648936914,0,303587.25342746737,11963.611466224018,0,1,0.6236000866992423,1,9.704835701495995,55.95520975588121,7909.979841733408,711.3763205264663,11.119262215362314,2.009787098902553,305.9009955330102,0.0,0.0,0.13668188736681888,0.20377425303795133,3.1624898949070332,0.9886363636363636,208.3322466915305,4948,12.10903000831604
core,100,3000000.0,26,9,exclude,launch,0,0.0,prior,0.0,gzz_rev,12600.0,43200.0,325548.0057548933,0,313397.8523374923,12150.153417400938,0,1,0.6044501678007027,1,9.704835701495995,55.779613513714224,7909.979841733408,713.7753697250077,11.081889593333603,2.0093376805984917,305.6287660427829,0.0,0.0,0.1277231952157198,0.2034556352622932,3.186696900982615,0.9943181818181818,193.44689876756095,5292,12.421051025390625
core,100,3000000.0,28,9,exclude,launch,0,0.0,prior,0.0,gzz_rev,12600.0,43200.0,329163.93908830424,0,316477.2476915689,12686.691396735338,0,1,0.5978101588246514,1,9.704835701495995,53.558464217566,7909.979841733408,743.2397540799308,10.642568294164118,2.009707905393737,305.85301626438235,0.0,0.0,0.15711780181233556,0.20886518990209904,3.0863909920403807,0.9886363636363636,205.04714500825736,5151,12.314131498336792
core,100,3000000.0,27,9,exclude,launch,0,0.0,prior,0.0,gzz_rev,12600.0,43200.0,356905.4738321277,0,342143.551440237,14761.922391890743,0,1,0.5513435941256635,1,9.704835701495995,63.34046691471991,7909.979841733408,628.2789289160327,12.589917435844088,2.010278518370848,306.19880540447866,0.0,0.0,0.12020927120087602,0.1738370825950623,2.7574729358539343,0.9886363636363636,191.00199570798435,6189,12.86510705947876
core,100,3000000.0,29,9,exclude,launch,0,0.0,prior,0.0,gzz_rev,12600.0,43200.0,313079.6244685061,0,301012.13813462836,12067.486333877741,0,1,0.6285223672405544,5,9.704835701495995,56.11977989916911,7909.979841733408,709.0869010995431,11.155162829080364,2.0103633820678333,306.2502491470651,0.0,0.0,0.11538911644236395,0.18815083972019364,2.631570762052877,0.9943181818181818,192.8053025203484,6430,13.465964555740356
core,100,3000000.0,16,10,exclude,launch,0,0.0,prior,0.0,gzz_rev,12600.0,43200.0,234786.79040604722,0,224072.0931751695,10714.697230877726,0,1,0.45155253733682893,1,9.684680006655784,52.06992138760868,7927.135773030543,764.8494778991931,10.36430827514448,2.0087555534113726,305.2763299614852,0.0,0.0,0.08719941705125091,0.260580825625289,4.356474007103649,0.9765258215962441,242.47714992041733,3097,9.873950004577637
core,100,3000000.0,18,10,exclude,launch,0,0.0,prior,0.0,gzz_rev,12600.0,43200.0,233420.60819248366,0,222819.2176045813,10601.390587902371,0,1,0.45419541899915195,1,9.684680006655784,50.02835689417801,7927.135773030543,796.1247117931936,9.957153264562583,2.008596228755927,305.17990579820327,0.0,0.0,0.13771078180889115,0.2742800262449225,4.182868796736914,0.9671361502347418,265.52461075989396,2942,9.628748655319214
core,100,3000000.0,30,9,exclude,launch,0,0.0,prior,0.0,gzz_rev,12600.0,43200.0,436980.8497577892,0,415549.4765414697,21431.373216319495,0,2,0.7043401335175934,7,9.704835701495995,53.79893013627522,7909.979841733408,739.6806672958996,10.693776641007062,2.010351877632689,306.24327499077015,0.0,0.0,0.15248691099476439,0.19894717225453631,2.8580881072610134,0.9659090909090909,198.01276082159416,5743,12.837412118911743
core,100,3000000.0,17,10,exclude,launch,0,0.0,prior,0.0,gzz_rev,12600.0,43200.0,216361.4507348943,0,206488.76149791453,9872.68923697974,0,1,0.49000674834134444,1,9.684680006655784,53.231027776338294,7927.135773030543,748.3309033528119,10.593088882891122,2.0083132569691826,305.0086872539403,0.0,0.0,0.05151283033320567,0.2395723306144886,4.00203821656051,0.9671361502347418,207.53437068420777,3925,10.73830795288086
core,100,3000000.0,32,9,exclude,launch,0,0.0,prior,0.0,gzz_rev,12600.0,43200.0,578387.2425800475,0,551514.1104967173,26873.132083330176,0,4,0.7445382192496325,15,9.704835701495995,57.314829497783435,7909.979841733408,693.6599805368758,11.403252405611289,2.012224084544409,307.3792791995301,0.0,0.0,0.14711211778029445,0.1771940627655249,2.416566265060241,0.9488636363636364,203.11732759951045,6640,12.783159732818604
core,100,3000000.0,33,9,exclude,launch,0,0.0,prior,0.0,gzz_rev,12600.0,43200.0,1020147.4521240602,0,984674.2778435315,35473.1742805288,0,7,0.8859745164507112,17,9.704835701495995,53.877232950500385,7909.979841733408,738.6005584583979,10.709414921433398,2.010365729897053,306.25167244512136,0.0,0.0,0.14050604567845948,0.19014137286836874,2.612202380952381,0.9431818181818182,185.5066215993347,6720,13.045647859573364
core,100,3000000.0,19,10,exclude,launch,0,0.0,prior,0.0,gzz_rev,12600.0,43200.0,225314.57310939874,0,215516.94909955547,9797.624009843295,0,1,0.4705357912625803,1,9.684680006655784,64.6951561380097,7927.135773030543,615.5901369156747,12.877294968935514,2.0087531405656756,305.2748695803341,0.0,0.0,0.06874807751461089,0.1920959805785057,3.114606741573034,0.9671361502347418,213.99752592871357,4895,11.163038969039917
core,100,3000000.0,20,10,exclude,launch,0,0.0,prior,0.0,gzz_rev,12600.0,43200.0,224996.67149494964,0,215752.02509929787,9244.646395651753,0,1,0.47120061926516466,1,9.684680006655784,50.31643541524393,7927.135773030543,791.2776210694858,10.018147312590841,2.009329855206178,305.6240269831574,0.0,0.0,0.07793785801076202,0.23231196885037705,3.3942396313364056,0.971830985915493,221.54128784445564,4340,11.065023183822632
core,100,3000000.0,31,9,exclude,launch,0,0.0,prior,0.0,gzz_rev,12600.0,43200.0,355064.41069104685,0,340244.0260568266,14820.384634220281,0,1,0.5542023947788763,11,9.704835701495995,58.278838994108256,7909.979841733408,682.5674832064483,11.588568216838082,2.011099233724166,306.6964981312788,0.0,0.0,0.096045197740113,0.17376973293769915,2.3832730093071355,0.9886363636363636,176.91419240682254,7736,14.081618785858154
core,100,3000000.0,21,10,exclude,launch,0,0.0,prior,0.0,gzz_rev,12600.0,43200.0,223461.2138267459,0,214351.88142195184,9109.332404794046,0,1,0.4744383561042466,1,9.684680006655784,55.15483244394924,7927.135773030543,721.8164768379368,10.982203963751237,2.0094612047016804,305.7035771393303,0.0,0.0,0.06474405191059841,0.20555177257084645,2.9917766303308473,0.9671361502347418,208.9042515353871,5229,11.529626369476318
core,100,3000000.0,22,10,exclude,launch,0,0.0,prior,0.0,gzz_rev,12600.0,43200.0,241163.16044480426,0,229126.3498841956,12036.810560608672,0,1,0.43961345814791425,1,9.684680006655784,56.777252427031165,7927.135773030543,701.5517529513952,11.29943121042953,2.008426303956968,305.0770831536932,0.0,0.0,0.1280128548473487,0.2232714541288024,3.2600854295206454,0.9671361502347418,237.298676809827,4214,10.83267879486084
core,100,3000000.0,23,10,exclude,launch,0,0.0,prior,0.0,gzz_rev,12600.0,43200.0,263463.3278300785,0,250579.8836193625,12883.444210716027,0,1,0.40240352163698073,1,9.684680006655784,52.03188701809928,7927.135773030543,764.9508037707574,10.362935412257137,2.0099576418920986,306.00433152487466,0.0,0.0,0.14537921095298145,0.2253620353383989,3.2978214029207567,0.9577464788732394,236.86097228597663,4177,10.596022367477417
core,100,3000000.0,25,10,exclude,launch,0,0.0,prior,0.0,gzz_rev,12600.0,43200.0,262644.24596661795,0,250448.76412740277,12195.481839215196,0,1,0.40365845652105203,1,9.684680006655784,53.4518962036023,7927.135773030543,744.6034021210669,10.646118122008863,2.0100268297456854,306.0462590418361,0.0,0.0,0.14256165473349244,0.21302720526224592,3.0456949439390733,0.9671361502347418,226.31615187026838,4727,11.131176233291626
core,100,3000000.0,24,10,exclude,launch,0,0.0,prior,0.0,gzz_rev,12600.0,43200.0,242427.8934745034,0,229941.55516191112,12486.338312592261,0,1,0.4373200188375673,1,9.684680006655784,51.097907973674815,7927.135773030543,778.7889598145848,10.178798342130898,2.0103287373725225,306.22924726822674,0.0,0.0,0.10854816824966079,0.21519450889212485,2.8758510212254706,0.9671361502347418,226.85733839784297,4994,11.257163047790527
core,100,3000000.0,3,11,exclude,launch,0,0.0,prior,0.0,gzz_rev,12600.0,43200.0,277876.8028779592,0,259284.58320834136,18592.219669617825,0,0,0.0,0,9.578630957114202,36.8554184140221,8018.590898655449,1077.3960515023894,7.442565700397562,2.0147133368753156,308.89294680979145,0.0,0.0,0.0,1.854551677835308,34.370370370370374,0.9471153846153846,878.0574607771574,108,4.97890043258667
core,100,3000000.0,26,10,exclude,launch,0,0.0,prior,0.0,gzz_rev,12600.0,43200.0,268210.8861963392,0,253281.27334166766,14929.612854671563,0,1,0.3952806407097561,1,9.684680006655784,51.05732084121779,7927.135773030543,779.0675292646665,10.175158731763185,2.0112074131539877,306.76212972527384,0.0,0.0,0.13167573929674856,0.2100689011679006,2.7906567630961687,0.9624413145539906,228.0993203724683,5116,11.608179092407227
core,100,3000000.0,27,10,exclude,launch,0,0.0,prior,0.0,gzz_rev,12600.0,43200.0,327659.91349130985,0,303001.87336960767,24658.040121702146,0,1,0.32356283626935944,1,9.684680006655784,66.94101879844595,7927.135773030543,594.4671734922547,13.33485872140226,2.010341284231988,306.23685318706293,0.0,0.0,0.09586847443151489,0.16208712114990695,2.158491635951233,0.9577464788732394,214.13686782097582,7054,12.517041206359863
core,100,3000000.0,28,10,exclude,launch,0,0.0,prior,0.0,gzz_rev,12600.0,43200.0,270992.6607123854,0,255672.23809079852,15320.422621586831,0,1,0.3912230340936911,1,9.684680006655784,63.22881114073353,7927.135773030543,628.8897362126894,12.604969228420671,2.0118725447813413,307.16581406468026,0.0,0.0,0.12589129164231444,0.16701516435301073,2.213565109421077,0.9530516431924883,228.83737282180087,6443,11.68748426437378
core,100,3000000.0,29,10,exclude,launch,0,0.0,prior,0.0,gzz_rev,12600.0,43200.0,334599.56083556433,0,313764.3626789841,20835.198156580205,0,1,0.3168520923227461,5,9.684680006655784,63.385986538786426,7927.135773030543,627.7313792845825,12.628229262754076,2.010587110481903,306.38589236164853,0.0,0.0,0.16521509633148587,0.17679076630167867,2.398843930635838,0.9530516431924883,237.86632071149262,5709,11.392175912857056
core,100,3000000.0,30,10,exclude,launch,0,0.0,prior,0.0,gzz_rev,12600.0,43200.0,340195.90084063547,0,315459.3335674289,24736.567273206558,0,1,0.3116397660261246,12,9.684680006655784,63.502664608554845,7927.135773030543,626.0374935477955,12.662397787242654,2.0123230141130275,307.4393654708653,0.0,0.0,0.14527144345410348,0.16514853239972693,2.2609029484029484,0.9669811320754716,221.1640844988742,6512,11.736441850662231
core,100,3000000.0,16,11,exclude,launch,0,0.0,prior,0.0,gzz_rev,12600.0,43200.0,142714.63447324897,0,137193.5647035084,5521.069769740568,0,1,0.2344350609147464,1,9.578630957114202,57.97082906140362,8018.590898655449,687.5895946360581,11.661885172796568,2.00701759446759,304.2253306701876,0.0,0.0,0.08826429980276135,0.26447897135365867,5.311249590029518,0.9707317073170731,201.15585416166277,3049,9.220702409744263
core,100,3000000.0,31,10,exclude,launch,0,0.0,prior,0.0,gzz_rev,12600.0,43200.0,331545.5409331898,0,314104.72001660964,17440.820916580175,0,2,0.5063040339229471,15,9.684680006655784,60.061912994831935,7927.135773030543,662.1117869482412,11.972503630493781,2.011682820797005,307.0506389687357,0.0,0.0,0.09214953271028037,0.16702983405624314,2.1554893194237454,0.9530516431924883,187.83533369571902,8052,13.650546312332153
core,100,3000000.0,33,10,exclude,launch,0,0.0,prior,0.0,gzz_rev,12600.0,43200.0,1406810.8493926907,0,1293139.2411274218,113671.6082652691,0,8,0.8839104801165685,21,9.684680006655784,61.1967276662393,7927.135773030543,649.8621960917471,12.19817958438591,2.0115948409706963,306.99723668355864,0.0,0.0,0.18200286806883365,0.17077684538418886,2.3403174603174604,0.9056603773584906,220.86695139293968,6300,11.415649890899658
core,100,3000000.0,17,11,exclude,launch,0,0.0,prior,0.0,gzz_rev,12600.0,43200.0,129049.43472920326,0,123607.79874894263,5441.63598026064,0,1,0.259259671275341,1,9.578630957114202,62.97698051789313,8018.590898655449,633.0554183529952,12.666491220495704,2.006625941648492,303.9887359199141,0.0,0.0,0.02895287115972334,0.2153493105912358,4.03420265070543,0.9609756097560975,172.69596346919406,4678,10.82541799545288
core,100,3000000.0,19,11,exclude,launch,0,0.0,prior,0.0,gzz_rev,12600.0,43200.0,140495.2643746123,0,134312.0840876386,6183.180286973742,0,1,0.23813837551813793,1,9.578630957114202,54.68310683606644,8018.590898655449,728.8648497197983,11.001478397178959,2.0071960766197443,304.33318102746176,0.0,0.0,0.08840322898208308,0.24584704681783495,4.402298850574713,0.9563106796116505,193.76518209110182,3828,10.376693964004517
core,100,3000000.0,18,11,exclude,launch,0,0.0,prior,0.0,gzz_rev,12600.0,43200.0,123347.86435872632,0,118812.91837996716,4534.945978759178,0,1,0.27124356145202255,1,9.578630957114202,54.404296549072534,8018.590898655449,732.8834961038456,10.941153595740486,2.0064199892932066,303.8643584546813,0.0,0.0,0.05089251804025826,0.2543408141969449,4.653884964682139,0.9705882352941176,176.3872356997624,3964,11.025057792663574
core,100,3000000.0,32,10,exclude,launch,0,0.0,prior,0.0,gzz_rev,12600.0,43200.0,922528.9115676183,0,863214.9878713898,59313.92369622845,0,5,0.7789241311597411,15,9.684680006655784,58.29512675502961,7927.135773030543,682.2914252483407,11.618401579860425,2.0113508008559995,306.8491327176215,0.0,0.0,0.11944586967675731,0.1740919623542054,2.2793676751158354,0.9295774647887324,194.74244165696848,7338,13.240190505981445
core,100,3000000.0,22,11,exclude,launch,0,0.0,prior,0.0,gzz_rev,12600.0,43200.0,143098.20401409647,0,136876.22375480106,6221.98025929538,0,1,0.23380666624485455,1,9.578630957114202,63.02932104572323,8018.590898655449,632.1961175862747,12.683707912143522,2.0076848121839674,304.6286042118713,0.0,0.0,0.09270741068792442,0.19780251811625135,3.4268053375196232,0.9609756097560975,186.62724309497474,5096,11.235936641693115
core,100,3000000.0,21,11,exclude,launch,0,0.0,prior,0.0,gzz_rev,12600.0,43200.0,136741.43742061223,0,130541.42939961395,6200.008020998282,0,1,0.24467575196864577,1,9.578630957114202,66.49857161370679,8018.590898655449,599.2894575815908,13.380163453924517,2.007432875923707,304.47629984757333,0.0,0.0,0.07615799943165671,0.19082030413318687,3.603780718336484,0.9757281553398058,171.64859668072228,5290,11.563452243804932
core,100,3000000.0,20,11,exclude,launch,0,0.0,prior,0.0,gzz_rev,12600.0,43200.0,132848.62461071406,0,127627.03171022415,5221.592900489907,0,1,0.25184539263542816,1,9.578630957114202,72.36069981295053,8018.590898655449,550.5329723055034,14.565141966112336,2.0081858098664207,304.93158816480314,0.0,0.0,0.028198433420365536,0.15853943762962006,2.736134220743206,0.9611650485436893,165.88747244236387,7212,12.699476718902588
core,100,3000000.0,24,11,exclude,launch,0,0.0,prior,0.0,gzz_rev,12600.0,43200.0,155673.59731044475,0,148626.79806905973,7046.799241385025,0,1,0.21491964343472628,1,9.578630957114202,67.39295467301429,8018.590898655449,590.9332759472632,13.569367685043098,2.008801590247451,305.30419454573564,0.0,0.0,0.08526303289395559,0.1695145708264389,2.837062716671919,0.9658536585365853,181.12767704866243,6346,12.059508800506592
core,100,3000000.0,23,11,exclude,launch,0,0.0,prior,0.0,gzz_rev,12600.0,43200.0,137555.5933633985,0,131437.1631360284,6118.430227370102,0,1,0.24322757954140872,1,9.578630957114202,66.41726769342648,8018.590898655449,599.7666117451696,13.369518645466728,2.0082912502152963,304.99537357821754,0.0,0.0,0.04720444770796182,0.16834813477885766,2.8039242972446425,0.9611650485436893,162.07803523705263,7186,13.037617683410645
core,100,3000000.0,25,11,exclude,launch,0,0.0,prior,0.0,gzz_rev,12600.0,43200.0,170962.98004309338,0,161034.0032418696,9928.9768012238,0,1,0.19569917427578915,1,9.578630957114202,63.787147458266055,8018.590898655449,624.2949940233161,12.84423385646429,2.0089399413840114,305.3879415959918,0.0,0.0,0.10028653295128939,0.17809565943204647,2.841469468806884,0.9563106796116505,190.2133952861421,6043,11.755915880203247
core,100,3000000.0,2,12,exclude,launch,0,0.0,prior,0.0,gzz_rev,12600.0,43200.0,448693.095933274,0,405105.82365509926,43587.27227817478,0,0,0.0,0,9.578630957114198,19.937210359424515,8018.5908986554505,1982.0719896645212,4.045559868898934,2.0244458821846365,314.84680965751755,0.0,0.0,0.0,2.861231093513521,49.0,0.9302325581395349,1424.4239222908468,48,4.866382598876953
core,100,3000000.0,3,12,exclude,launch,0,0.0,prior,0.0,gzz_rev,12600.0,43200.0,282163.47044812166,0,265191.17808258225,16972.292365539404,0,0,0.0,0,9.578630957114198,23.526528414695644,8018.5908986554505,1685.7131696473004,4.756794360414927,2.0171976801075573,310.4073361248589,0.0,0.0,0.0,1.8790363572314626,33.48148148148148,0.966824644549763,907.3426911938537,108,4.839435338973999
core,100,3000000.0,28,11,exclude,launch,0,0.0,prior,0.0,gzz_rev,12600.0,43200.0,171080.0309191553,0,160421.44631305602,10658.58460609932,0,1,0.1955652792813226,1,9.578630957114202,65.72661635690466,8018.590898655449,605.7377711648861,13.237726422829809,2.009389167357745,305.6599473537487,0.0,0.0,0.10794520547945205,0.16640903250519049,2.5613626437618287,0.9563106796116505,185.53136524476372,6869,12.677382946014404
core,100,3000000.0,29,11,exclude,launch,0,0.0,prior,0.0,gzz_rev,12600.0,43200.0,158857.75796058355,0,152144.49664850495,6713.261312078616,0,1,0.21061177279401902,2,9.578630957114202,66.63201236335745,8018.590898655449,597.4533017674225,13.421284768088766,2.009569782818244,305.7693439139028,0.0,0.0,0.0832325862549986,0.1578526617289161,2.3182211241507105,0.9705882352941176,173.4641853769218,8095,13.293505668640137
core,100,3000000.0,27,11,exclude,launch,0,0.0,prior,0.0,gzz_rev,12600.0,43200.0,135609.49803290298,0,129333.86572632406,6275.632306578915,0,1,0.24671807293353298,1,9.578630957114202,62.1328619202864,8018.590898655449,641.0927930620325,12.507691531449748,2.0083885373549166,305.05423268063646,0.0,0.0,0.060861968549796155,0.17321371939430025,2.590827106415872,0.9707317073170731,161.96230845880555,7762,14.10395336151123
core,100,3000000.0,26,11,exclude,launch,0,0.0,prior,0.0,gzz_rev,12600.0,43200.0,148104.84740617962,0,142931.05835084256,5173.789055337038,0,1,0.2259028965770752,1,9.578630957114202,68.01632495982636,8018.590898655449,585.5809065751507,13.693395410641484,2.008583620242497,305.1722757064383,0.0,0.0,0.0474973563623546,0.15737214087209603,2.553047140016376,0.9660194174757282,149.54412835505354,8549,14.348825693130493
core,100,3000000.0,30,11,exclude,launch,0,0.0,prior,0.0,gzz_rev,12600.0,43200.0,183321.79880394135,0,174793.85862536184,8527.940178579505,0,1,0.1825059226150378,6,9.578630957114202,62.02892631888502,8018.590898655449,641.6963917369405,12.495926425502827,2.0098614756663418,305.9460600105003,0.0,0.0,0.13313507949216516,0.17368121716283905,2.585955312357501,0.9609756097560975,191.4805992504044,6579,12.383207559585571
core,100,3000000.0,16,12,exclude,launch,0,0.0,prior,0.0,gzz_rev,12600.0,43200.0,365849.66401717503,0,320695.8423603351,45153.82165683993,0,1,0.7483051301281068,1,9.578630957114198,44.26650465969068,8018.5908986554505,900.0495397364228,8.909055051573798,2.007928952783553,304.7762321578048,0.0,0.0,0.07313109425785481,0.31456632300408893,4.8025179856115106,0.9476190476190476,244.96400764046962,2780,10.07733416557312
core,100,3000000.0,31,11,exclude,launch,0,0.0,prior,0.0,gzz_rev,12600.0,43200.0,390695.36097434245,0,369397.34620564856,21298.014768693913,0,2,0.6890470479747122,11,9.578630957114202,67.96833931243775,8018.590898655449,585.6696108385559,13.691321438335363,2.0096972497290393,305.8465608331159,0.0,0.0,0.08368734069668649,0.151819779948189,2.3108703013884186,0.9512195121951219,159.21169124313462,8859,14.136164665222168
core,100,3000000.0,32,11,exclude,launch,0,0.0,prior,0.0,gzz_rev,12600.0,43200.0,359712.4821557138,0,333318.05332505086,26394.42883066292,0,2,0.57393934487549,12,9.578630957114202,69.49442386270981,8018.590898655449,572.9124587965644,13.996188729250122,2.009332281096639,305.62549609912344,0.0,0.0,0.09609739250561215,0.15093646746570633,2.3601054078826764,0.9466019417475728,158.33188050177026,8728,14.21604037284851
core,100,3000000.0,33,11,exclude,launch,0,0.0,prior,0.0,gzz_rev,12600.0,43200.0,997384.8428285934,0,939598.5583967923,57786.284431801236,0,5,0.8562062073770826,14,9.578630957114202,72.84783151917783,8018.590898655449,546.4408039142497,14.674216934783967,2.009695392637643,305.8454357741054,0.0,0.0,0.09619560846135285,0.14102864443885368,2.000427396089326,0.926829268292683,173.9944938891767,9359,13.95741081237793
core,100,3000000.0,17,12,exclude,launch,0,0.0,prior,0.0,gzz_rev,12600.0,43200.0,382156.47683406767,0,336217.0395333876,45939.43730068007,0,1,0.7163715179814072,1,9.578630957114198,52.73617042566415,8018.5908986554505,755.123338877529,10.618915461644816,2.0089239873208813,305.3782836574396,0.0,0.0,0.050812240272006044,0.23588473910585925,3.387468671679198,0.9523809523809523,242.22531065055378,3990,10.362178802490234
core,100,3000000.0,34,11,exclude,launch,0,0.0,prior,0.0,gzz_rev,12600.0,43200.0,1216992.5106575848,0,1151484.3725520372,65508.13810554763,0,7,0.9113201372908286,18,9.578630957114202,70.97548855496291,8018.590898655449,560.9350376242584,14.295043740923688,2.009412169844544,305.67387858908126,0.0,0.0,0.11559301625526791,0.1459245816461266,2.1757111847366617,0.926829268292683,171.0737998380727,8753,13.47865080833435
core,100,3000000.0,35,11,exclude,launch,0,0.0,prior,0.0,gzz_rev,12600.0,43200.0,2125068.298587902,0,2008050.6348970155,117017.66369088691,0,11,0.946579450859521,19,9.578630957114202,69.1399573026098,8018.590898655449,575.7592271861092,13.926986351299078,2.0096478983260475,305.8166635782616,0.0,0.0,0.15265250703132577,0.15100686802094607,2.3098827470686767,0.8634146341463415,181.80214249525005,7761,12.663469791412354
core,100,3000000.0,19,12,exclude,launch,0,0.0,prior,0.0,gzz_rev,12600.0,43200.0,374151.9177108455,0,327914.86596958974,46237.051741255746,0,1,0.7316930396679763,1,9.578630957114198,51.58411402141197,8018.5908986554505,772.2909395822765,10.382862840515282,2.008135767014071,304.90131741991485,0.0,0.0,0.09066937119675457,0.2536723956031271,4.0296495956873315,0.9476190476190476,217.92204603981406,3710,10.528546333312988
core,100,3000000.0,18,12,exclude,launch,0,0.0,prior,0.0,gzz_rev,12600.0,43200.0,378463.5615901157,0,331972.33374686766,46491.22784324803,0,1,0.7233645486665614,1,9.578630957114198,59.30286514145069,8018.5908986554505,671.9285259915337,11.933696202022066,2.0076649253106793,304.61658051041314,0.0,0.0,0.044112823876680876,0.21965739168447795,3.4833442194644024,0.9523809523809523,204.40493881474535,4593,11.26104474067688
core,100,3000000.0,20,12,exclude,launch,0,0.0,prior,0.0,gzz_rev,12600.0,43200.0,380447.68548719503,0,334560.685327977,45887.00015921804,0,1,0.7195936858161869,1,9.578630957114198,51.14591139542304,8018.5908986554505,778.4786821002494,10.300334592364402,2.009242429888912,305.5710846864227,0.0,0.0,0.102466067673485,0.2388386187335814,3.403709349593496,0.9476190476190476,243.29158633972824,3936,10.50848937034607
paper,50,1500000.0,1,1,exclude,launch,0,0.0,prior,0.0,gzz_rev,12600.0,43200.0,1074157.3893635147,0,591761.7424435774,482395.6469199374,0,0,0.0,0,5.547228662646519,4.27509865529874,6877.474519126179,4619.886888381415,1.4886672953882025,2.025268031368202,315.3523608436885,0.0,0.0,0.0,4.352438184441684,25.0,0.5827814569536424,4196.411980405819,16,2.396183490753174
paper,50,1500000.0,1,2,exclude,launch,0,0.0,prior,0.0,gzz_rev,12600.0,43200.0,1371871.5596561346,0,697766.3910380059,674105.1686181285,0,0,0.0,0,4.6708069662053155,9.596159243731938,8230.497347191886,2061.3810036697014,3.992710388103815,2.0221076653711103,313.4112238831145,0.0,0.0,0.0,4.798973247410654,24.23076923076923,0.5074626865671642,4773.8266275942215,13,2.4872071743011475
paper,50,1500000.0,1,3,exclude,launch,0,0.0,prior,0.0,gzz_rev,12600.0,43200.0,1112707.175715304,0,622941.7814379511,489765.39427735284,0,0,0.0,0,5.385587312792127,4.512603324132116,7093.897473043144,4373.893564123953,1.6218724504934265,2.026584057153416,316.1624479204704,0.0,0.0,0.0,4.405740929569114,25.0,0.5550935550935551,4247.803928725921,16,2.483264923095703
core,100,3000000.0,21,12,exclude,launch,0,0.0,prior,0.0,gzz_rev,12600.0,43200.0,385172.029721407,0,338898.63212238986,46273.39759901721,0,1,0.7107642910476207,1,9.578630957114198,57.60737998432555,8018.5908986554505,691.0229272684196,11.603943345776608,2.0096452749613736,305.8150743755485,0.0,0.0,0.10394146016963246,0.20821253394615563,3.2134483521344834,0.9523809523809523,224.83161787723296,4521,10.946374654769897
paper,50,1500000.0,1,4,exclude,launch,0,0.0,prior,0.0,gzz_rev,12600.0,43200.0,1088869.130331516,0,599860.88657418,489008.24375733593,0,0,0.0,0,4.949329094370788,6.336121584671806,7748.570140310145,3116.500351545312,2.4863049145712526,2.025672856572135,315.60144261265316,0.0,0.0,0.0,3.9674320057838433,23.647058823529413,0.5413223140495868,4044.062658898543,17,2.503021240234375
paper,50,1500000.0,1,5,exclude,launch,0,0.0,prior,0.0,gzz_rev,12600.0,43200.0,1044226.1587655125,0,564246.7045276987,479979.4542378138,0,0,0.0,0,5.240392698674983,5.1206081906022565,7299.682415679881,3860.3063173611486,1.8909593735737122,2.0235627545622776,314.3042137581351,0.0,0.0,0.0,4.3768509831433935,23.866666666666667,0.5020408163265306,4420.338298637922,15,2.4531869888305664
paper,50,1500000.0,1,6,exclude,launch,0,0.0,prior,0.0,gzz_rev,12600.0,43200.0,1302132.4897447028,0,718290.2254781085,583842.2642665943,0,0,0.0,0,5.492649806966811,3.1945892990305382,6949.126209101812,6177.705490911302,1.1248717212766828,2.026832027931935,316.3152040760431,0.0,0.0,0.0,5.4191502381180765,25.0,0.5032679738562091,5224.88454038202,12,2.4972338676452637
core,100,3000000.0,22,12,exclude,launch,0,0.0,prior,0.0,gzz_rev,12600.0,43200.0,381963.25994093384,0,335953.8898563957,46009.3700845381,0,1,0.7167349848962423,1,9.578630957114198,57.3540649275347,8018.5908986554505,694.0427249218512,11.553454291388674,2.0097386151447285,305.87162127431833,0.0,0.0,0.07461655382064392,0.19723930172549503,2.769908256880734,0.9476190476190476,215.86527942123175,5450,11.64852786064148
paper,50,1500000.0,1,7,exclude,launch,0,0.0,prior,0.0,gzz_rev,12600.0,43200.0,1152803.703332301,0,594786.4844699564,558017.2188623446,0,0,0.0,0,5.03597052905245,5.195679595121504,7609.524904069072,3800.6393661285188,2.002169680155798,2.025633951714675,315.5775008729583,0.0,0.0,0.0,4.369332799641324,23.933333333333334,0.5194805194805194,4400.453646350747,15,2.4727706909179688
core,100,3000000.0,23,12,exclude,launch,0,0.0,prior,0.0,gzz_rev,12600.0,43200.0,389403.15368824225,0,342597.55421631306,46805.59947192918,0,1,0.7030261838353642,1,9.578630957114198,44.81914342875339,8018.5908986554505,888.2164171214015,9.027744527220857,2.0095908227055173,305.782088787361,0.0,0.0,0.13927738927738928,0.2600939525912898,3.46671826625387,0.9428571428571428,242.7187756225078,3876,10.943164348602295
paper,50,1500000.0,1,8,exclude,launch,0,0.0,prior,0.0,gzz_rev,12600.0,43200.0,1235841.4902270087,0,668367.5768267486,567473.91340026,0,0,0.0,0,4.785052335032881,4.905798014847296,8026.03187300879,4026.8080595715496,1.9931498482852337,2.0248338803882358,315.08534471748266,0.0,0.0,0.0,4.931278536811866,25.0,0.5286624203821656,4754.502063824234,14,2.493032217025757
paper,50,1500000.0,1,9,exclude,launch,0,0.0,prior,0.0,gzz_rev,12600.0,43200.0,1453021.5753906027,0,725085.5095220305,727936.0658685722,0,0,0.0,0,5.052756717411576,5.341615563424423,7583.137266203306,3697.5570066285372,2.05085067048572,2.025221290470239,315.3236083300388,0.0,0.0,0.0,4.887998390141825,24.307692307692307,0.5107296137339056,4846.997983392111,13,2.506885528564453
paper,50,1500000.0,1,10,exclude,launch,0,0.0,prior,0.0,gzz_rev,12600.0,43200.0,1042210.5266034757,0,582613.1036960545,459597.4229074212,0,0,0.0,0,4.601112145414482,6.451428942970311,8360.21699446392,3064.3475415170765,2.728220895703299,2.023326893194685,314.1593791006458,0.0,0.0,0.0,4.784637809038211,25.0,0.49892008639308855,4613.118112859809,14,2.499023914337158
paper,50,1500000.0,1,11,exclude,launch,0,0.0,prior,0.0,gzz_rev,12600.0,43200.0,1214576.8245435865,0,690556.6344946135,524020.1900489731,0,0,0.0,0,5.369437041051388,4.804618139485989,7116.237207150667,4115.728814495011,1.7290345228986645,2.02280660648959,313.8400062836254,0.0,0.0,0.0,4.936141937610002,23.53846153846154,0.4823008849557522,5054.6964524997775,13,2.4779162406921387
paper,50,1500000.0,1,12,exclude,launch,0,0.0,prior,0.0,gzz_rev,12600.0,43200.0,1086474.3445424035,0,603407.7625874489,483066.5819549547,0,0,0.0,0,4.61728825227823,6.388781889641944,8329.760200033028,3093.022998391929,2.6930805895603407,2.024224981658807,314.7110439161952,0.0,0.0,0.0,4.921546604679256,25.0,0.48672566371681414,4745.1190019947135,14,2.4754714965820312
core,100,3000000.0,25,12,exclude,launch,0,0.0,prior,0.0,gzz_rev,12600.0,43200.0,414653.3203525452,0,365339.716070775,49313.60428177019,0,1,0.6602284995083125,1,9.578630957114198,55.80344789001341,8018.5908986554505,712.5349902500134,11.253610009863372,2.0119758234236285,307.22852015817944,0.0,0.0,0.08820273096321811,0.18681380810592857,2.559895407746364,0.9473684210526315,207.83246024767146,6119,12.044437170028687
paper,50,3000000.0,2,1,exclude,launch,0,0.0,prior,0.0,gzz_rev,12600.0,43200.0,398612.15582998225,0,267120.4831290916,131491.67270089063,0,0,0.0,0,11.094457325293037,9.567079372257389,6877.474519126179,4154.608428360108,1.655384529665731,2.0127067918615857,307.67251388477547,0.0,0.0,0.0,3.8837390207381732,24.82857142857143,0.780045351473923,1930.7655792962537,35,2.5922083854675293
core,100,3000000.0,24,12,exclude,launch,0,0.0,prior,0.0,gzz_rev,12600.0,43200.0,395873.2498994031,0,346353.910848464,49519.33905093907,0,1,0.6915471381021865,1,9.578630957114198,52.424800568404414,8018.5908986554505,759.1267360821536,10.562914619552629,2.010198352102137,306.150213176962,0.0,0.0,0.06843042482828797,0.20463945933948496,2.8445271527660294,0.9428571428571428,193.99200526431216,5911,12.904070138931274
paper,50,3000000.0,2,2,exclude,launch,0,0.0,prior,0.0,gzz_rev,12600.0,43200.0,487785.16275333136,0,307876.14151594596,179909.02123738534,0,0,0.0,0,9.341613932410631,8.456338122929377,8230.497347191886,4700.0886785065695,1.7511366083005664,2.012804502479007,307.73188807252444,0.0,0.0,0.0,4.451321105644527,25.0,0.7525773195876289,2218.9554198198925,30,2.624183177947998
paper,50,3000000.0,2,3,exclude,launch,0,0.0,prior,0.0,gzz_rev,12600.0,43200.0,485466.68127182784,0,314436.99991728255,171029.68135454532,0,0,0.0,0,10.771174625584255,13.412418005140523,7093.897473043144,2964.1128310457298,2.393261619039124,2.0122789105997523,307.41257785350626,0.0,0.0,0.0,4.47744538201486,25.0,0.7665952890792291,2205.006274127763,30,2.586911678314209
paper,50,3000000.0,3,1,exclude,launch,0,0.0,prior,0.0,gzz_rev,12600.0,43200.0,210306.35269948473,0,160329.4579123,49976.894787184756,0,0,0.0,0,11.094457325293037,16.654680052382965,6877.474519126179,2391.6113528975,2.875665609629231,2.0084595365600904,305.09719106369766,0.0,0.0,0.0,2.284682763304443,16.325842696629213,0.8510158013544018,1148.3431623019092,89,2.981167793273926
core,100,3000000.0,26,12,exclude,launch,0,0.0,prior,0.0,gzz_rev,12600.0,43200.0,430065.08439096087,0,378270.2687985378,51794.81559242308,0,1,0.6365217095166418,1,9.578630957114198,57.804585029356645,8018.5908986554505,687.9142942894701,11.656380693379337,2.0118396604495903,307.1458495376226,0.0,0.0,0.09627773801002147,0.18099521018126952,2.3945826073182324,0.9380952380952381,215.54301736483504,6313,12.479655742645264
paper,50,3000000.0,3,2,exclude,launch,0,0.0,prior,0.0,gzz_rev,12600.0,43200.0,307177.6723747881,0,211647.24119360288,95530.43118118522,0,0,0.0,0,9.341613932410631,11.231418660397852,8230.497347191886,3545.8634861700457,2.321154601493641,2.0087845491309606,305.2938799696067,0.0,0.0,0.0,3.0495435592218287,16.6,0.8166666666666667,1503.9778275021642,65,2.9707694053649902
paper,50,3000000.0,3,3,exclude,launch,0,0.0,prior,0.0,gzz_rev,12600.0,43200.0,316781.7749749432,0,218177.1107470883,98604.66422785491,0,0,0.0,0,10.771174625584255,10.702899433602907,7093.897473043144,3719.4985471682726,1.9072187777688117,2.009574674110888,305.77230678183184,0.0,0.0,0.0,2.9660693662831408,16.352941176470587,0.8025751072961373,1496.4653074447817,68,3.000276565551758
paper,50,3000000.0,4,1,exclude,launch,0,0.0,prior,0.0,gzz_rev,12600.0,43200.0,181593.63344300885,0,139356.10341425263,42237.530028756235,0,0,0.0,0,11.094457325293037,11.244036720967797,6877.474519126179,3543.4445044116646,1.9409008693556722,2.007900076510267,304.7587692688207,0.0,0.0,0.0,1.9810536105972452,12.511111111111111,0.8914027149321267,977.3338787635246,135,3.357398509979248
paper,50,3000000.0,2,4,exclude,launch,0,0.0,prior,0.0,gzz_rev,12600.0,43200.0,471716.71733546146,0,293311.9668103857,178404.75052507577,0,0,0.0,0,9.898658188741576,14.98814658027248,7748.570140310145,2651.768319894531,2.922038883328363,2.0128271295852547,307.7456383271719,0.0,0.0,0.0,3.799303610694034,25.22222222222222,0.7723577235772358,1848.3540891131054,36,2.704738140106201
paper,50,3000000.0,4,3,exclude,launch,0,0.0,prior,0.0,gzz_rev,12600.0,43200.0,197740.11824971874,0,152529.22108124977,45210.89716846897,0,0,0.0,0,10.771174625584255,13.221017681656425,7093.897473043144,3014.047365871703,2.353611808947632,2.007590019421485,304.5712941713365,0.0,0.0,0.0,2.097016951967169,12.259842519685039,0.8583877995642701,1039.0744255704337,127,3.3314499855041504
paper,50,3000000.0,2,5,exclude,launch,0,0.0,prior,0.0,gzz_rev,12600.0,43200.0,386293.7418579054,0,246863.95394109006,139429.78791681534,0,0,0.0,0,10.480785397349965,13.63856206637581,7299.682415679881,2915.8101782631766,2.5034834126369603,2.011695085436992,307.0580837692091,0.0,0.0,0.0,3.544239095962668,23.675675675675677,0.764344262295082,1836.2612953740534,37,2.6997411251068115
paper,50,3000000.0,3,4,exclude,launch,0,0.0,prior,0.0,gzz_rev,12600.0,43200.0,296093.59906977403,0,206225.76281604485,89867.83625372924,0,0,0.0,0,9.898658188741576,12.771992216152968,7748.570140310145,3116.8589166042702,2.4860188887702344,2.009621170793278,305.8004725541968,0.0,0.0,0.0,2.738044881398821,16.164383561643834,0.8292682926829268,1420.11041713614,73,2.9741387367248535
core,100,3000000.0,27,12,exclude,launch,0,0.0,prior,0.0,gzz_rev,12600.0,43200.0,428936.53503001714,0,377332.67907700903,51603.85595300812,0,1,0.6382445558622001,1,9.578630957114198,56.71572895359106,8018.5908986554505,701.0962957334698,11.437217608269627,2.0119111437400616,307.18924884759593,0.0,0.0,0.09116583822864889,0.18152407968626103,2.4383911151133124,0.9523809523809523,200.76170654757613,6663,13.314717769622803
paper,50,3000000.0,3,5,exclude,launch,0,0.0,prior,0.0,gzz_rev,12600.0,43200.0,226028.912347386,0,160751.73742962762,65277.17491775837,0,0,0.0,0,10.480785397349965,15.95456974912978,7299.682415679881,2496.9493273140347,2.9234403501220187,2.0081454293153946,304.9071619948565,0.0,0.0,0.0,2.5845161244407837,16.545454545454547,0.8092369477911646,1276.53232226505,77,3.0352883338928223
paper,50,3000000.0,1,6,exclude,launch,0,0.0,prior,0.0,gzz_rev,12600.0,43200.0,885964.5378019633,0,484301.37046298763,401663.1673389757,0,0,0.0,0,10.985299613933622,19.870056568659805,6949.126209101812,1991.4088356947148,3.489552765129501,2.0217639749790637,313.20048616950504,0.0,0.0,0.0,7.3372601001247135,50.0,0.6417910447761194,3537.117000027721,9,2.472092866897583
paper,50,3000000.0,4,5,exclude,launch,0,0.0,prior,0.0,gzz_rev,12600.0,43200.0,215495.62222758326,0,159694.4500070951,55801.17222048814,0,0,0.0,0,10.480785397349965,10.317803539321606,7299.682415679881,3860.389931985373,1.890918416090082,2.0084987161053762,305.1208981158578,0.0,0.0,0.0,1.8949269467014265,10.408450704225352,0.8268839103869654,1104.5899357430108,142,3.3062360286712646
paper,50,3000000.0,2,7,exclude,launch,0,0.0,prior,0.0,gzz_rev,12600.0,43200.0,407068.46666022995,0,260003.58346815093,147064.88319207903,0,0,0.0,0,10.0719410581049,13.94535289363533,7609.524904069072,2850.569974570849,2.669474867114841,2.0124670196948697,307.52683979094354,0.0,0.0,0.0,3.9691710012797103,24.941176470588236,0.7494736842105263,1964.618380475816,34,2.4573476314544678
paper,50,3000000.0,2,6,exclude,launch,0,0.0,prior,0.0,gzz_rev,12600.0,43200.0,453700.34923073865,0,279502.1196778187,174198.22955291995,0,0,0.0,0,10.985299613933622,12.567624653629128,6949.126209101812,3163.1472916665484,2.1969025051124214,2.012414186377932,307.49474543378693,0.0,0.0,0.0,3.9303686562437337,23.4,0.7782608695652173,2074.276390689061,35,2.7599844932556152
paper,50,3000000.0,3,6,exclude,launch,0,0.0,prior,0.0,gzz_rev,12600.0,43200.0,304822.0787546563,0,211234.69633684555,93587.38241781073,0,0,0.0,0,10.985299613933622,9.84571573539129,6949.126209101812,4042.7715862783352,1.7189015161499606,2.0098492753370434,305.9386676696255,0.0,0.0,0.0,2.779030137726108,15.154929577464788,0.8519362186788155,1482.391851678701,71,2.9678664207458496
core,100,3000000.0,28,12,exclude,launch,0,0.0,prior,0.0,gzz_rev,12600.0,43200.0,426489.2768152783,0,375076.48198190815,51412.79483337012,0,1,0.641911952607021,1,9.578630957114198,57.23120393283936,8018.5908986554505,694.6958012667367,11.542593008384424,2.012159627841457,307.34013366964706,0.0,0.0,0.11782982791586998,0.18139975237750025,2.2809077924139025,0.9476190476190476,226.75217012218738,6301,12.874645471572876
paper,50,3000000.0,1,8,exclude,launch,0,0.0,prior,0.0,gzz_rev,12600.0,43200.0,1064900.5695887082,0,599549.4453669147,465351.1242217935,0,0,0.0,0,9.570104670065762,9.363191488993557,8026.03187300879,4223.650052014839,1.9002596744917521,2.0229174180357923,313.90801323630336,0.0,0.0,0.0,8.843588226721586,50.0,0.5714285714285714,4263.281637985036,8,2.499654769897461
core,100,3000000.0,31,12,exclude,launch,0,0.0,prior,0.0,gzz_rev,12600.0,43200.0,461189.5525504045,0,400437.11844166287,60752.43410874166,0,1,0.5936023456914639,18,9.578630957114198,56.122022363101905,8018.5908986554505,708.1078902592155,11.323967730002419,2.013062417156304,307.8886383163717,0.0,0.0,0.1500299580587178,0.1821694012559546,2.4386356391456805,0.9380952380952381,213.2068187957034,6274,12.25836181640625
paper,50,3000000.0,3,7,exclude,launch,0,0.0,prior,0.0,gzz_rev,12600.0,43200.0,265859.60367433936,0,186377.69586555037,79481.907808789,0,0,0.0,0,10.0719410581049,18.151048709034146,7609.524904069072,2194.4299454406387,3.467654513136481,2.008475524276588,305.1068649194818,0.0,0.0,0.0,2.7888361515451545,16.575342465753426,0.8063157894736842,1375.3757294344216,73,2.941800117492676
core,100,3000000.0,30,12,exclude,launch,0,0.0,prior,0.0,gzz_rev,12600.0,43200.0,460932.550295584,0,402153.96988684766,58778.58040873634,0,1,0.5939439609381002,12,9.578630957114198,55.84897880012604,8018.5908986554505,711.9741186235126,11.262475262665594,2.0119192404558146,307.1941647614018,0.0,0.0,0.12385110294117647,0.1846928927386566,2.406350175545718,0.9333333333333333,206.61420914455542,6551,13.023022174835205
paper,50,3000000.0,4,6,exclude,launch,0,0.0,prior,0.0,gzz_rev,12600.0,43200.0,198218.89089010717,0,147023.78819080364,51195.102699303556,0,0,0.0,0,10.985299613933622,13.602184710625899,6949.126209101812,2930.168617009604,2.3715789489936494,2.0071910246954703,304.3301280681335,0.0,0.0,0.0,2.1682173486621905,12.370967741935484,0.8678815489749431,1082.199389727529,124,3.4261178970336914
core,100,3000000.0,29,12,exclude,launch,0,0.0,prior,0.0,gzz_rev,12600.0,43200.0,469874.70236297604,0,408189.9822114261,61684.720151549904,0,1,0.5826297335983712,7,9.578630957114198,61.69440842884888,8018.5908986554505,643.9370556820076,12.4524452008167,2.0137277980840746,308.29321458251593,0.0,0.0,0.09914443885254152,0.16182778494279126,1.956568221301617,0.9333333333333333,222.68210438510073,7483,13.316742658615112
paper,50,3000000.0,4,7,exclude,launch,0,0.0,prior,0.0,gzz_rev,12600.0,43200.0,201589.54443088642,0,147351.39407118916,54238.1503596973,0,0,0.0,0,10.0719410581049,11.686353319654787,7609.524904069072,3408.7426621328086,2.232355345741437,2.0082452966213764,304.9675734477382,0.0,0.0,0.0,1.9969620604598426,11.85820895522388,0.8538135593220338,1042.3681827011749,134,3.325268507003784
paper,50,3000000.0,2,8,exclude,launch,0,0.0,prior,0.0,gzz_rev,12600.0,43200.0,413640.5991718427,0,283097.4927784186,130543.10639342414,0,0,0.0,0,9.570104670065762,20.980258709975768,8026.03187300879,1895.5806379334767,4.2340756770751815,2.0115780301399733,306.9870333185607,0.0,0.0,0.0,3.9696005237029706,24.41176470588235,0.7450980392156863,2001.3340673948608,34,2.654254674911499
paper,50,3000000.0,1,9,exclude,launch,0,0.0,prior,0.0,gzz_rev,12600.0,43200.0,1094151.0960769875,0,595117.9265663222,499033.16951066523,0,0,0.0,0,10.105513434823152,11.190931879176478,7583.137266203306,3533.35463608195,2.146157985039413,2.023189236764821,314.0748642694131,0.0,0.0,0.0,8.297662083864,50.0,0.5995717344753747,4000.1037467408214,8,2.5304558277130127
paper,50,3000000.0,2,9,exclude,launch,0,0.0,prior,0.0,gzz_rev,12600.0,43200.0,500948.2465655642,0,305217.5198911683,195730.7266743959,0,0,0.0,0,10.105513434823152,19.200780709282704,7583.137266203306,2071.018360353376,3.6615499946168524,2.011810869743844,307.12837083953826,0.0,0.0,0.0,3.929942415623219,23.352941176470587,0.7547568710359408,2095.2755823012358,34,2.7763760089874268
paper,50,3000000.0,3,8,exclude,launch,0,0.0,prior,0.0,gzz_rev,12600.0,43200.0,294926.06617044256,0,216002.99597009883,78923.07020034372,0,0,0.0,0,9.570104670065762,10.749750519000965,8026.03187300879,3703.87841124229,2.166926389550903,2.0092541790171996,305.5781993591045,0.0,0.0,0.0,3.0532921005544216,16.40909090909091,0.7799564270152506,1551.7167531786151,66,2.92702579498291
ring,50,1500000.0,7,1,exclude,launch,0,0.0,prior,0.0,gzz_rev,12600.0,43200.0,7407561.670081463,0,6883300.561429106,524261.10865235666,0,50,1.0,50,4.934279871545503,1200000000000000.0,7773.219404112283,0.0,7773219404112.282,1.0000018257418584,1e-09,0.0,0.0,1.0,0.0,0.0,0.0,1618398000000002.8,471,1.4625086784362793
ring,50,1500000.0,7,2,exclude,launch,0,0.0,prior,0.0,gzz_rev,12600.0,43200.0,6804610.261149466,0,6353611.096845579,450999.16430388746,0,50,1.0,50,4.841458625364342,1200000000000000.0,7928.639575087385,0.0,7928639575087.385,1.0000018257418584,1e-09,0.0,0.0,1.0,0.0,0.0,0.0,1618398000000002.8,471,1.4743807315826416
paper,50,3000000.0,3,9,exclude,launch,0,0.0,prior,0.0,gzz_rev,12600.0,43200.0,315132.1859924585,0,218373.6125605137,96758.57343194478,0,0,0.0,0,10.105513434823152,11.692586262856297,7583.137266203306,3405.0382549284627,2.227034382132844,2.0093584097651513,305.64131980909065,0.0,0.0,0.0,2.931193929393092,16.18840579710145,0.847457627118644,1506.0299026625316,69,2.967350482940674
paper,50,3000000.0,2,10,exclude,launch,0,0.0,prior,0.0,gzz_rev,12600.0,43200.0,361846.6417277195,0,233978.38170290718,127868.26002481238,0,0,0.0,0,9.202224290828964,10.02223828121671,8360.21699446392,3965.4815029263946,2.108247633558335,2.0129330686932656,307.81002049570696,0.0,0.0,0.0,3.850222541563237,24.941176470588236,0.8008948545861297,1871.0812135717858,34,2.7600042819976807
paper,50,3000000.0,1,11,exclude,launch,0,0.0,prior,0.0,gzz_rev,12600.0,43200.0,925064.695006207,0,528165.5377147833,396899.1572914237,0,0,0.0,0,10.738874082102775,23.330357112836754,7116.237207150667,1697.2792987149214,4.1927319873274,2.0202973129712096,312.30198205688123,0.0,0.0,0.0,7.741766645289936,50.0,0.6125541125541125,3732.119897294791,9,2.552419900894165
paper,50,3000000.0,2,11,exclude,launch,0,0.0,prior,0.0,gzz_rev,12600.0,43200.0,459560.73229031655,0,291640.6826910451,167920.0495992715,0,0,0.0,0,10.738874082102775,14.589867202069838,7116.237207150667,2726.3333412534084,2.6101860324530373,2.0112205290665264,306.77008752167546,0.0,0.0,0.0,4.275275916313583,25.0,0.7570498915401301,2082.0185672862017,31,2.6159543991088867
ring,50,1500000.0,7,3,exclude,launch,0,0.0,prior,0.0,gzz_rev,12600.0,43200.0,8447254.06312204,0,7912585.481001001,534668.582121038,0,50,1.0,50,4.789496627266479,1200000000000000.0,8018.275011535528,0.0,8018275011535.528,1.0000018257418584,1e-09,0.0,0.0,1.0,0.0,0.0,0.0,1618398000000002.8,471,1.3995754718780518
paper,50,3000000.0,4,9,exclude,launch,0,0.0,prior,0.0,gzz_rev,12600.0,43200.0,537401.2869009861,0,347665.0550402946,189736.23186069148,0,1,0.21448710725593087,0,10.105513434823152,8.516544753844935,7583.137266203306,4675.097116078373,1.622027752134547,2.0092589759094035,305.58110413610933,0.0,0.0,0.0,2.236611298931332,9.442622950819672,0.7267080745341615,1481.087804208174,122,3.378847599029541
paper,50,3000000.0,3,10,exclude,launch,0,0.0,prior,0.0,gzz_rev,12600.0,43200.0,389566.4744638966,0,234454.61066772527,155111.86379617132,0,0,0.0,0,9.202224290828964,9.610334066618853,8360.21699446392,4139.8313616746655,2.019458346023545,2.0107998872981345,306.5149236485765,0.0,0.0,0.0,2.359531292848898,12.372093023255815,0.7644444444444445,1549.0231718594875,86,3.090125560760498
paper,50,3000000.0,2,12,exclude,launch,0,0.0,prior,0.0,gzz_rev,12600.0,43200.0,376261.55831365427,0,255977.77201229474,120283.78630135956,0,0,0.0,0,9.23457650455646,11.858652369256028,8329.760200033028,3351.728307644643,2.485213428855334,2.012731490952122,307.68752182983235,0.0,0.0,0.0,4.160005921308735,25.0,0.7511627906976744,2018.5587314760812,32,2.648715019226074
core,100,3000000.0,33,12,exclude,launch,0,0.0,prior,0.0,gzz_rev,12600.0,43200.0,2198331.2189749004,0,2031697.0901764296,166634.12879847086,0,11,0.9470343239049338,26,9.578630957114198,57.04969063204485,8018.5908986554505,696.9167680736655,11.505808535529267,2.0121288098978702,307.3214183475839,0.0,0.0,0.13742473856554346,0.17423151476132065,2.068172254173096,0.8428571428571429,220.8977505007968,7129,12.625754356384277
ring,50,1500000.0,1,1,exclude,launch,0,0.0,prior,0.0,gzz_rev,12600.0,43200.0,732274.690314346,0,551658.2216184323,180616.46869591373,0,0,0.0,0,4.934279871545503,2.929477851897825,7773.219404112283,6734.614686802746,1.154218877487498,2.0274820563947578,316.7158128639601,0.0,0.0,0.0,4.379259774082864,23.733333333333334,0.794392523364486,4447.618050949656,15,2.4826838970184326
ring,50,1500000.0,7,4,exclude,launch,0,0.0,prior,0.0,gzz_rev,12600.0,43200.0,8997995.542659855,0,8416945.182288876,581050.3603709788,0,50,1.0,50,4.816998253248284,1200000000000000.0,7970.593281758647,0.0,7970593281758.646,1.0000018257418584,1e-09,0.0,0.0,1.0,0.0,0.0,0.0,1618398000000002.8,471,1.4290974140167236
paper,50,3000000.0,3,11,exclude,launch,0,0.0,prior,0.0,gzz_rev,12600.0,43200.0,302944.11076349445,0,210099.7606504603,92844.3501130342,0,0,0.0,0,10.738874082102775,10.669500077362917,7116.237207150667,3732.3675969683495,1.9066281716010227,2.0089147417466844,305.3726868341338,0.0,0.0,0.0,2.891053142072256,15.914285714285715,0.8140043763676149,1492.5693330374693,70,2.868673801422119
ring,50,1500000.0,1,2,exclude,launch,0,0.0,prior,0.0,gzz_rev,12600.0,43200.0,652222.7941408117,0,499572.090085065,152650.70405574664,0,0,0.0,0,4.841458625364342,2.9069065697951393,7928.639575087385,6774.4277246133615,1.1703777643505524,2.031216913613603,319.0224968768298,0.0,0.0,0.0,4.417638172331852,25.0,0.7747747747747747,4259.2746791301,16,2.5458855628967285
paper,50,3000000.0,3,12,exclude,launch,0,0.0,prior,0.0,gzz_rev,12600.0,43200.0,399557.7873689304,0,256106.1881690537,143451.5991998767,0,0,0.0,0,9.23457650455646,8.049422322932095,8329.760200033028,4939.222281577084,1.6864517782693011,2.0121794155853325,307.35215080039967,0.0,0.0,0.0,2.4767571606407035,11.926829268292684,0.7529411764705882,1688.5121541865094,82,2.984920024871826
core,100,3000000.0,32,12,exclude,launch,0,0.0,prior,0.0,gzz_rev,12600.0,43200.0,1341817.126777716,0,1244051.0528841312,97766.07389358472,0,6,0.8892608750890534,22,9.578630957114198,57.15618368060788,8018.5908986554505,695.2348213688902,11.533643960564516,2.01323859641552,307.9957359798278,0.0,0.0,0.12326927051043604,0.1725642273783497,2.2275473770942047,0.9095238095238095,201.19239388189064,7282,13.199649810791016
ring,50,1500000.0,1,3,exclude,launch,0,0.0,prior,0.0,gzz_rev,12600.0,43200.0,870550.2017093549,0,698126.4837869834,172423.7179223715,0,0,0.0,0,4.789496627266479,2.776931255666775,8018.275011535528,7104.008902017367,1.1286972077496316,2.0276424068510965,316.81467490761446,0.0,0.0,0.0,4.980686276464125,25.0,0.7522935779816514,4802.13863482544,14,2.475569725036621
ring,50,1500000.0,7,5,exclude,launch,0,0.0,prior,0.0,gzz_rev,12600.0,43200.0,8201712.219681372,0,7672424.007281559,529288.2123998133,0,50,1.0,50,4.830749747681187,1200000000000000.0,7946.954839160066,0.0,7946954839160.065,1.0000018257418584,1e-09,0.0,0.0,1.0,0.0,0.0,0.0,1618398000000002.8,471,1.4319496154785156
ring,50,1500000.0,1,4,exclude,launch,0,0.0,prior,0.0,gzz_rev,12600.0,43200.0,966549.976152693,0,732475.9246391598,234074.05151353328,0,0,0.0,0,4.816998253248284,2.827150842871181,7970.593281758647,6974.524230190391,1.1428153403291088,2.028600008681479,317.40539335786167,0.0,0.0,0.0,4.888229788850533,25.0,0.7321428571428571,4712.996527379821,14,2.41125750541687
ring,50,1500000.0,7,6,exclude,launch,0,0.0,prior,0.0,gzz_rev,12600.0,43200.0,7301232.704043555,0,6911669.020110017,389563.6839335387,0,50,1.0,50,4.886337746151112,1200000000000000.0,7852.756551981562,0.0,7852756551981.562,1.0000018257418584,1e-09,0.0,0.0,1.0,0.0,0.0,0.0,1618398000000002.8,471,1.454239845275879
paper,50,3000000.0,4,11,exclude,launch,0,0.0,prior,0.0,gzz_rev,12600.0,43200.0,194095.91337075128,0,146235.11818231706,47860.79518843421,0,0,0.0,0,10.738874082102775,16.460231793118577,7116.237207150667,2422.249531114567,2.9378629723074905,2.006481499922892,303.9015029061103,0.0,0.0,0.0,2.0401423326465973,12.210526315789474,0.868421052631579,1028.1176497205581,133,3.5278780460357666
ring,50,1500000.0,7,7,exclude,launch,0,0.0,prior,0.0,gzz_rev,12600.0,43200.0,7793210.833048604,0,7319220.132117566,473990.70093103894,0,50,1.0,50,4.904499792679758,1200000000000000.0,7822.442319813243,0.0,7822442319813.242,1.0000018257418584,1e-09,0.0,0.0,1.0,0.0,0.0,0.0,1618398000000002.8,471,1.4329357147216797
ring,50,1500000.0,7,8,exclude,launch,0,0.0,prior,0.0,gzz_rev,12600.0,43200.0,8021247.85320954,0,7567072.32012792,454175.5330816198,0,50,1.0,50,4.830167068576244,1200000000000000.0,7947.95371783911,0.0,7947953717839.109,1.0000018257418584,1e-09,0.0,0.0,1.0,0.0,0.0,0.0,1618398000000002.8,471,1.3878140449523926
ring,50,1500000.0,1,5,exclude,launch,0,0.0,prior,0.0,gzz_rev,12600.0,43200.0,826471.4500914243,0,635310.9442367635,191160.50585466076,0,0,0.0,0,4.830749747681187,2.887766422471522,7946.954839160066,6827.718099045506,1.1639254468152436,2.028721104911635,317.48013350718435,0.0,0.0,0.0,4.653011584025123,25.0,0.7459016393442623,4486.2104247609905,14,2.4034805297851562
ring,50,1500000.0,7,9,exclude,launch,0,0.0,prior,0.0,gzz_rev,12600.0,43200.0,7368906.564972539,0,6958801.00451678,410105.5604557584,0,50,1.0,50,4.846704792834819,1200000000000000.0,7919.696655027925,0.0,7919696655027.925,1.0000018257418584,1e-09,0.0,0.0,1.0,0.0,0.0,0.0,1618398000000002.8,471,1.425187110900879
ring,50,1500000.0,7,10,exclude,launch,0,0.0,prior,0.0,gzz_rev,12600.0,43200.0,8041467.79289545,0,7552811.701789815,488656.09110563603,0,50,1.0,50,4.875077529902852,1200000000000000.0,7871.664383040849,0.0,7871664383040.849,1.0000018257418584,1e-09,0.0,0.0,1.0,0.0,0.0,0.0,1618398000000002.8,471,1.4254183769226074
ring,50,1500000.0,7,11,exclude,launch,0,0.0,prior,0.0,gzz_rev,12600.0,43200.0,8435645.347479193,0,7963194.390622816,472450.9568563758,0,50,1.0,50,4.9817880798455585,1200000000000000.0,7695.912262605395,0.0,7695912262605.395,1.0000018257418584,1e-09,0.0,0.0,1.0,0.0,0.0,0.0,1618398000000002.8,471,1.4418416023254395
ring,50,1500000.0,1,6,exclude,launch,0,0.0,prior,0.0,gzz_rev,12600.0,43200.0,771050.3440855334,0,587741.1508898196,183309.1931957137,0,0,0.0,0,4.886337746151112,2.873864924780164,7852.756551981562,6856.274615408648,1.1453386849957032,2.030043926206007,318.2971469741659,0.0,0.0,0.0,4.760770971516928,25.0,0.7422680412371134,4590.10685372999,14,2.508169412612915
ring,50,1500000.0,7,12,exclude,launch,0,0.0,prior,0.0,gzz_rev,12600.0,43200.0,9056165.277136369,0,8467633.714362876,588531.5627734927,0,50,1.0,50,4.931473114997353,1200000000000000.0,7777.833262780507,0.0,7777833262780.506,1.0000018257418584,1e-09,0.0,0.0,1.0,0.0,0.0,0.0,1618398000000002.8,471,1.484976053237915
ring,50,1500000.0,1,7,exclude,launch,0,0.0,prior,0.0,gzz_rev,12600.0,43200.0,854265.2906510966,0,623608.6544428885,230656.63620820816,0,0,0.0,0,4.904499792679758,2.9853030210335967,7822.442319813243,6603.183795073936,1.1846470676234833,2.0291688423113174,317.75655179532527,0.0,0.0,0.0,4.770559832150543,25.0,0.7549019607843137,4599.54480328761,14,2.4171512126922607
ring,50,1500000.0,1,8,exclude,launch,0,0.0,prior,0.0,gzz_rev,12600.0,43200.0,745452.4612870336,0,590813.3043911778,154639.15689585573,0,0,0.0,0,4.830167068576244,3.0386124538214005,7947.95371783911,6489.036704154891,1.2248279798987858,2.0286374901065525,317.42852581581246,0.0,0.0,0.0,4.368203422928527,25.0,0.8191489361702128,4211.6120666233855,16,2.4239144325256348
ring,50,1500000.0,1,9,exclude,launch,0,0.0,prior,0.0,gzz_rev,12600.0,43200.0,689418.2691538278,0,560276.6257679707,129141.64338585715,0,0,0.0,0,4.846704792834819,2.8716921364954926,7919.696655027925,6862.0568989879375,1.1541286776849629,2.0298680017878894,318.1884303319739,0.0,0.0,0.0,4.381649544016724,23.8,0.7821782178217822,4437.580011725643,15,2.460045337677002
ring,50,1500000.0,1,10,exclude,launch,0,0.0,prior,0.0,gzz_rev,12600.0,43200.0,950380.4098646956,0,743748.1384996693,206632.27136502627,0,0,0.0,0,4.875077529902852,2.810909503987589,7871.664383040849,7016.115228494272,1.1219405791786272,2.0282263210008047,317.1748101596549,0.0,0.0,0.0,5.500285157163438,25.0,0.6597938144329897,5303.110934849443,12,2.4042439460754395
ring,50,1500000.0,1,11,exclude,launch,0,0.0,prior,0.0,gzz_rev,12600.0,43200.0,822412.6840222913,0,650214.5228996774,172198.16112261402,0,0,0.0,0,4.9817880798455585,2.7850486343769734,7695.912262605395,7080.029540936416,1.0869887220255188,2.0285799936597213,317.3930410071098,0.0,0.0,0.0,4.451051865410727,23.933333333333334,0.7835051546391752,4482.754761287761,15,2.4242897033691406
ring,50,1500000.0,1,12,exclude,launch,0,0.0,prior,0.0,gzz_rev,12600.0,43200.0,820179.5737440621,0,657571.1309083478,162608.44283571432,0,0,0.0,0,4.931473114997353,2.821673886197429,7777.833262780507,6976.626399157216,1.114841589298816,2.0319251482821787,319.46085349715895,0.0,0.0,0.0,4.3425152973241214,25.0,0.8113207547169812,4186.844808945647,16,2.4801485538482666
ring,50,3000000.0,13,2,exclude,launch,0,0.0,prior,0.0,gzz_rev,12600.0,43200.0,6802804.05129651,0,6351740.495585781,451063.5557107293,0,50,1.0,50,9.682917250728684,2400000000000000.0,7928.639575087385,0.0,7928639575087.385,1.0000018257418584,1e-09,0.0,0.0,1.0,0.0,0.0,0.0,1616808738461541.5,873,1.8971855640411377
ring,50,3000000.0,1,1,exclude,launch,0,0.0,prior,0.0,gzz_rev,12600.0,43200.0,529918.5111383868,0,409582.57239351614,120335.93874487064,0,0,0.0,0,9.868559743091007,5.668189115846855,7773.219404112283,6971.934120476075,1.1149301283962065,2.024381596373203,314.80729649643337,0.0,0.0,0.0,6.657589702083686,50.0,0.9181818181818182,3209.464213221695,10,2.4807589054107666
ring,50,3000000.0,1,2,exclude,launch,0,0.0,prior,0.0,gzz_rev,12600.0,43200.0,504592.0879370148,0,402753.41729356465,101838.67064345017,0,0,0.0,0,9.682917250728684,5.401708281196548,7928.639575087385,7305.87844361015,1.0852411022553918,2.027152486693277,316.5126692760548,0.0,0.0,0.0,7.066958443261073,50.0,0.8611111111111112,3406.8110584935253,9,2.391213893890381
ring,50,3000000.0,2,1,exclude,launch,0,0.0,prior,0.0,gzz_rev,12600.0,43200.0,270670.5212407827,0,235506.25706239574,35164.26417838695,0,0,0.0,0,9.868559743091007,5.657799820818445,7773.219404112283,7015.646174043327,1.1079833861735853,2.0154625446771854,309.34925389267966,0.0,0.0,0.0,3.836341846101116,25.085714285714285,0.9532710280373832,1862.9627304861372,35,2.7395379543304443
ring,50,3000000.0,1,3,exclude,launch,0,0.0,prior,0.0,gzz_rev,12600.0,43200.0,617197.2531901229,0,497925.31258414214,119271.94060598075,0,0,0.0,0,9.578993254532959,6.096763247868162,8018.275011535528,6482.7062614461265,1.236871560758771,2.024110942285473,314.64096663265184,0.0,0.0,0.0,7.028778046729276,50.0,0.8476190476190476,3388.4052056550627,9,2.4504425525665283
ring,50,3000000.0,3,1,exclude,launch,0,0.0,prior,0.0,gzz_rev,12600.0,43200.0,202609.1601836995,0,184848.9847562526,17760.17542744688,0,0,0.0,0,9.868559743091007,5.922305799511333,7773.219404112283,6713.241083588015,1.157893677186064,2.0121804019097738,307.3527498030694,0.0,0.0,0.0,2.9322593820685237,16.397058823529413,0.9439252336448598,1459.2601871105653,68,2.9131360054016113
ring,50,3000000.0,2,2,exclude,launch,0,0.0,prior,0.0,gzz_rev,12600.0,43200.0,248272.80684878686,0,216837.68803210554,31435.118816681334,0,0,0.0,0,9.682917250728684,5.680092560663279,7928.639575087385,6982.334088650849,1.135528531637389,2.017130281590064,310.3662029182449,0.0,0.0,0.0,3.8504115139225386,25.114285714285714,0.9181818181818182,1886.6593559906755,35,2.7174737453460693
ring,50,3000000.0,2,3,exclude,launch,0,0.0,prior,0.0,gzz_rev,12600.0,43200.0,317536.9193565515,0,274030.8322199955,43506.08713655598,0,0,0.0,0,9.578993254532959,5.927320069456966,8018.275011535528,6697.28987771825,1.1972417437405793,2.015266616828893,309.2298909741558,0.0,0.0,0.0,3.8770206788543162,25.057142857142857,0.9150943396226415,1910.2934891778216,35,2.653560161590576
ring,50,3000000.0,1,4,exclude,launch,0,0.0,prior,0.0,gzz_rev,12600.0,43200.0,671324.8211038173,0,535896.9035723186,135427.9175314987,0,0,0.0,0,9.633996506496567,5.284771989983156,7970.593281758647,7472.597662656706,1.0666429053969555,2.025779317036264,315.66696217781544,0.0,0.0,0.0,7.115724033691482,50.0,0.875,3430.319779265855,9,2.449922561645508
ring,50,3000000.0,3,2,exclude,launch,0,0.0,prior,0.0,gzz_rev,12600.0,43200.0,185067.62875676094,0,163875.4107983566,21192.217958404344,0,0,0.0,0,9.682917250728684,5.754608838503703,7928.639575087385,6902.435968606524,1.148672673118333,2.0140571606856885,308.49357754137606,0.0,0.0,0.0,2.9111353566581726,16.705882352941178,0.9629629629629629,1452.6514679215559,68,3.08781361579895
ring,50,3000000.0,3,3,exclude,launch,0,0.0,prior,0.0,gzz_rev,12600.0,43200.0,237715.8720515415,0,209813.05757292183,27902.81447861966,0,0,0.0,0,9.578993254532959,6.069263406576498,8018.275011535528,6550.399436515871,1.224089475648895,2.0122698355199855,307.40706597109767,0.0,0.0,0.0,2.9036875038568475,16.4,0.9528301886792453,1468.3198297078413,70,3.0344796180725098
ring,50,3000000.0,2,4,exclude,launch,0,0.0,prior,0.0,gzz_rev,12600.0,43200.0,335736.733905171,0,284652.2060317923,51084.52787337872,0,0,0.0,0,9.633996506496567,5.739393380779417,7970.593281758647,6912.908846883189,1.1530013570701623,2.0163372069943044,309.8823954962949,0.0,0.0,0.0,3.7751009534246114,25.0,0.9375,1833.5941606499746,37,2.721275568008423
ring,50,3000000.0,1,5,exclude,launch,0,0.0,prior,0.0,gzz_rev,12600.0,43200.0,568716.0151399805,0,448240.41901782434,120475.5961221561,0,0,0.0,0,9.661499495362374,6.018565709325799,7946.954839160066,6563.183569608329,1.2108384223716473,2.0252676659185767,315.35213603343766,0.0,0.0,0.0,6.546783794464556,50.0,0.8790322580645161,3156.0473445002954,10,2.555960178375244
ring,50,3000000.0,1,6,exclude,launch,0,0.0,prior,0.0,gzz_rev,12600.0,43200.0,514611.9655034437,0,429286.5269550051,85325.4385484386,0,0,0.0,0,9.772675492302223,5.609174611028027,7852.756551981562,7037.22766064448,1.115887808475759,2.026699807812883,316.2337486089031,0.0,0.0,0.0,6.964629682732989,50.0,0.8695652173913043,3357.4808189331884,9,2.506772041320801
ring,50,3000000.0,2,5,exclude,launch,0,0.0,prior,0.0,gzz_rev,12600.0,43200.0,295339.62375001586,0,257490.7350243617,37848.88872565414,0,0,0.0,0,9.661499495362374,5.930198929024916,7946.954839160066,6691.898560533568,1.1875486107975952,2.0159110986111397,309.6226080843879,0.0,0.0,0.0,3.7698257673396585,25.02857142857143,0.9112903225806451,1840.5033715040265,35,2.7748289108276367
ring,50,3000000.0,3,4,exclude,launch,0,0.0,prior,0.0,gzz_rev,12600.0,43200.0,247727.6144931548,0,220534.752826416,27192.861666738798,0,0,0.0,0,9.633996506496567,5.904096249488538,7970.593281758647,6730.761645488265,1.1842037649782862,2.0131324385906475,307.93120143738963,0.0,0.0,0.0,2.8791107803800213,16.43661971830986,0.9642857142857143,1420.624350276291,71,3.0843327045440674
ring,50,3000000.0,3,5,exclude,launch,0,0.0,prior,0.0,gzz_rev,12600.0,43200.0,218138.57806729258,0,196231.0530593462,21907.5250079464,0,0,0.0,0,9.661499495362374,6.098267111229901,7946.954839160066,6516.9536213601305,1.219427864748481,2.0129774677303907,307.83700503884234,0.0,0.0,0.0,2.8033931219746258,16.465753424657535,0.928,1407.5618553301806,73,3.0018277168273926
ring,50,3000000.0,1,7,exclude,launch,0,0.0,prior,0.0,gzz_rev,12600.0,43200.0,615545.3209465151,0,478242.1245578222,137303.1963886929,0,0,0.0,0,9.808999585359516,6.049697826968463,7822.442319813243,6528.399815659213,1.1982174101914072,2.025580746376054,315.5447602011793,0.0,0.0,0.0,7.293228275747727,50.0,0.8571428571428571,3515.8903142593613,9,2.520923376083374
ring,50,3000000.0,2,6,exclude,launch,0,0.0,prior,0.0,gzz_rev,12600.0,43200.0,261032.19119604042,0,236997.06672717354,24035.124468866892,0,0,0.0,0,9.772675492302223,6.160192857946338,7852.756551981562,6441.028023188879,1.219177516960057,2.016231935986126,309.81820431543275,0.0,0.0,0.0,3.8419231885542913,25.0,0.8526315789473684,1899.6079460752705,34,2.7301998138427734
ring,50,3000000.0,13,8,exclude,launch,0,0.0,prior,0.0,gzz_rev,12600.0,43200.0,8016025.512551522,0,7564844.457138012,451181.05541350966,0,50,1.0,50,9.660334137152487,2400000000000000.0,7947.95371783911,0.0,7947953717839.109,1.0000018257418584,1e-09,0.0,0.0,1.0,0.0,0.0,0.0,1616808738461541.5,873,1.8448925018310547
ring,50,3000000.0,13,9,exclude,launch,0,0.0,prior,0.0,gzz_rev,12600.0,43200.0,7353653.182379151,0,6956752.225998979,396900.95638017164,0,50,1.0,50,9.693409585669638,2400000000000000.0,7919.696655027925,0.0,7919696655027.925,1.0000018257418584,1e-09,0.0,0.0,1.0,0.0,0.0,0.0,1616808738461541.5,873,1.4424164295196533
ring,50,3000000.0,2,7,exclude,launch,0,0.0,prior,0.0,gzz_rev,12600.0,43200.0,303239.4816704977,0,259690.87922284068,43548.60244765699,0,0,0.0,0,9.808999585359516,6.111773314736568,7822.442319813243,6493.389924434225,1.204677743188943,2.015817755942212,309.5657139862416,0.0,0.0,0.0,3.943167498169574,24.705882352941178,0.9019607843137255,1972.3406299742578,34,2.6640138626098633
ring,50,3000000.0,3,6,exclude,launch,0,0.0,prior,0.0,gzz_rev,12600.0,43200.0,204157.48902900974,0,186432.68973032516,17724.799298684564,0,0,0.0,0,9.772675492302223,5.596612110831602,7852.756551981562,7097.841715649287,1.1063583644966106,2.013902629070876,308.3995623710506,0.0,0.0,0.0,3.0060733650209954,16.64179104477612,0.90625,1495.0717388658445,67,3.0765390396118164
ring,50,3000000.0,1,8,exclude,launch,0,0.0,prior,0.0,gzz_rev,12600.0,43200.0,570220.0250338771,0,474997.5695178206,95222.4555160565,0,0,0.0,0,9.660334137152487,5.985397916810721,7947.95371783911,6601.53204994872,1.2039559389703862,2.0246605589877342,314.978778343517,0.0,0.0,0.0,7.022813547986083,50.0,0.8709677419354839,3385.529863958939,9,2.533233880996704
ring,50,3000000.0,2,8,exclude,launch,0,0.0,prior,0.0,gzz_rev,12600.0,43200.0,288612.3512382249,0,257388.16941486788,31224.181823356997,0,0,0.0,0,9.660334137152487,6.169340929930328,7947.95371783911,6434.204369730386,1.2352659724689714,2.0153773102493604,309.29732465076773,0.0,0.0,0.0,3.798783418063236,24.88888888888889,0.9361702127659575,1884.1681098671104,36,2.691401481628418
ring,50,3000000.0,13,10,exclude,launch,0,0.0,prior,0.0,gzz_rev,12600.0,43200.0,8035075.770009278,0,7550588.03734625,484487.73266302835,0,50,1.0,50,9.750155059805705,2400000000000000.0,7871.664383040849,0.0,7871664383040.849,1.0000018257418584,1e-09,0.0,0.0,1.0,0.0,0.0,0.0,1616808738461541.5,873,1.4605412483215332
ring,50,3000000.0,3,7,exclude,launch,0,0.0,prior,0.0,gzz_rev,12600.0,43200.0,333479.07073334925,0,285986.74581934203,47492.324914007186,0,0,0.0,0,9.808999585359516,5.965870200421509,7822.442319813243,6658.829974408003,1.1747472678950162,2.013808923707871,308.34256013691356,0.0,0.0,0.0,2.730704294709896,11.726027397260275,0.9019607843137255,1945.2847755849498,73,3.095639705657959
ring,50,3000000.0,1,9,exclude,launch,0,0.0,prior,0.0,gzz_rev,12600.0,43200.0,549162.0098247868,0,437348.76548727014,111813.2443375167,0,0,0.0,0,9.693409585669638,5.305184949709147,7919.696655027925,7442.510279762608,1.0641163206133373,2.0261426333464705,315.89061119136886,0.0,0.0,0.0,7.03595017051341,50.0,0.9108910891089109,3391.8627144004236,9,2.4671881198883057
ring,50,3000000.0,2,9,exclude,launch,0,0.0,prior,0.0,gzz_rev,12600.0,43200.0,269816.69883806026,0,237595.42984241544,32221.26899564484,0,0,0.0,0,9.693409585669638,6.230648938870393,7919.696655027925,6369.861225199655,1.2433075659006516,2.0157038912736445,309.4963184245272,0.0,0.0,0.0,3.816184214674046,25.0,0.9056603773584906,1878.2639722423462,36,2.735257148742676
ring,50,3000000.0,3,8,exclude,launch,0,0.0,prior,0.0,gzz_rev,12600.0,43200.0,225573.7249122048,0,202047.13389874442,23526.591013460395,0,0,0.0,0,9.660334137152487,5.840928405991202,7947.95371783911,6805.000622853429,1.1679578237138244,2.0127041158812156,307.67088789682634,0.0,0.0,0.0,2.966340253031575,16.63235294117647,0.956989247311828,1473.686244565938,68,3.0259344577789307
ring,50,3000000.0,1,10,exclude,launch,0,0.0,prior,0.0,gzz_rev,12600.0,43200.0,588262.5722137248,0,462774.6036856461,125487.96852807881,0,0,0.0,0,9.750155059805705,5.6927544226632865,7871.664383040849,6935.432034972397,1.1349926498230298,2.026254617218001,315.95956180837953,0.0,0.0,0.0,6.8969869046304195,50.0,0.8787878787878788,3324.8718590366148,10,2.478881597518921
ring,50,3000000.0,13,11,exclude,launch,0,0.0,prior,0.0,gzz_rev,12600.0,43200.0,8437675.385395981,0,7960849.903175904,476825.4822200774,0,50,1.0,50,9.963576159691117,2400000000000000.0,7695.912262605395,0.0,7695912262605.395,1.0000018257418584,1e-09,0.0,0.0,1.0,0.0,0.0,0.0,1616808738461541.5,873,1.5816402435302734
ring,50,3000000.0,3,9,exclude,launch,0,0.0,prior,0.0,gzz_rev,12600.0,43200.0,207771.3018829921,0,188260.71288104454,19510.589001947537,0,0,0.0,0,9.693409585669638,5.794759762346589,7919.696655027925,6858.174679109743,1.1547819974827438,2.013010353967667,307.85699317370944,0.0,0.0,0.0,2.999417476106537,16.573529411764707,0.9230769230769231,1469.9879016565417,68,1.58622407913208
ring,50,3000000.0,2,10,exclude,launch,0,0.0,prior,0.0,gzz_rev,12600.0,43200.0,303732.3240928605,0,262006.73566881724,41725.58842404327,0,0,0.0,0,9.750155059805705,6.018874460623248,7871.664383040849,6592.685921692692,1.1939996044919694,2.0161011421313506,309.7384593121905,0.0,0.0,0.0,3.882533303427961,24.914285714285715,0.9368421052631579,1910.112577727865,35,1.3246595859527588
ring,50,3000000.0,1,11,exclude,launch,0,0.0,prior,0.0,gzz_rev,12600.0,43200.0,585681.3874210991,0,482076.2807544063,103605.10666669282,0,0,0.0,0,9.963576159691117,5.579000636262998,7695.912262605395,7082.261472372193,1.0866461641704483,2.024704366522329,315.0057116309784,0.0,0.0,0.0,6.789963768203396,50.0,0.93,3273.2785735204207,10,1.0518240928649902
ring,50,3000000.0,3,10,exclude,launch,0,0.0,prior,0.0,gzz_rev,12600.0,43200.0,220449.32454926544,0,197720.44130614822,22728.88324311721,0,0,0.0,0,9.750155059805705,5.952860638507695,7871.664383040849,6675.024063092151,1.1792713117792664,2.0133136401236738,308.041359978207,0.0,0.0,0.0,2.908087553799049,16.6,0.9157894736842105,1444.4076036791455,70,1.558326005935669
ring,50,3000000.0,2,11,exclude,launch,0,0.0,prior,0.0,gzz_rev,12600.0,43200.0,305546.3600443717,0,272862.07523436024,32684.284810011475,0,0,0.0,0,9.963576159691117,6.2119035921744254,7695.912262605395,6391.738385266324,1.204040559661412,2.0148665601507347,308.9862404736554,0.0,0.0,0.0,3.8180407726937395,24.88888888888889,0.9292929292929293,1892.229315464625,36,1.379143476486206
ring,50,3000000.0,1,12,exclude,launch,0,0.0,prior,0.0,gzz_rev,12600.0,43200.0,673570.6106791501,0,537415.2272647865,136155.38341436358,0,0,0.0,0,9.862946229994707,6.24247938113423,7777.833262780507,6324.853680036181,1.2297254065071137,2.0262003568084337,315.92615169412704,0.0,0.0,0.0,7.081224724053663,50.0,0.8173076923076923,3413.6884900728937,9,1.0891356468200684
ring,50,3000000.0,3,11,exclude,launch,0,0.0,prior,0.0,gzz_rev,12600.0,43200.0,225973.60619981724,0,207980.20083572174,17993.405364095524,0,0,0.0,0,9.963576159691117,6.027990053670866,7695.912262605395,6592.582341045116,1.1673592932910368,2.013084000212996,307.9017574462695,0.0,0.0,0.0,2.705400978790809,15.733333333333333,0.9494949494949495,1420.667544362207,75,1.6169991493225098
core,50,1500000.0,1,1,exclude,launch,0,0.0,prior,0.0,gzz_rev,12600.0,43200.0,308946.26567767246,0,270732.57780907984,38213.68786859262,0,0,0.0,0,4.789315478557101,4.757728238546834,8018.590898655449,4154.377590155087,1.930154571808218,2.0237384956323803,314.41215223189477,0.0,0.0,0.0,4.401967947669187,50.0,0.9357798165137615,2122.083100340571,15,1.0519301891326904
ring,50,3000000.0,2,12,exclude,launch,0,0.0,prior,0.0,gzz_rev,12600.0,43200.0,339787.16933511326,0,295726.10094614513,44061.06838896818,0,0,0.0,0,9.862946229994707,6.143071444177326,7777.833262780507,6458.65678087655,1.2042493550377082,2.0163327978125745,309.8797067728608,0.0,0.0,0.0,3.902882608514897,24.942857142857143,0.9326923076923077,1897.2653240931766,35,1.4011006355285645
ring,50,3000000.0,3,12,exclude,launch,0,0.0,prior,0.0,gzz_rev,12600.0,43200.0,261464.32707271827,0,230015.43388498088,31448.893187737376,0,0,0.0,0,9.862946229994707,5.934653921765432,7777.833262780507,6695.162269317457,1.1617094477940746,2.0134158418435364,308.1035005498331,0.0,0.0,0.0,2.9812054329652473,16.529411764705884,0.9134615384615384,1477.4805708939994,68,1.615393877029419
core,50,1500000.0,1,2,exclude,launch,0,0.0,prior,0.0,gzz_rev,12600.0,43200.0,311256.1055333404,0,258289.1965456515,52966.90898768893,0,0,0.0,0,4.789315478557101,4.718878629737753,8018.590898655449,4183.1649588987975,1.916871789049962,2.0263580828336005,316.0232742593591,0.0,0.0,0.0,4.556114000547626,50.0,0.9065420560747663,2196.3932129279974,14,1.1243624687194824
core,50,1500000.0,9,1,exclude,launch,0,0.0,prior,0.0,gzz_rev,12600.0,43200.0,285376.9786668141,0,258711.51534730906,26665.463319505066,0,1,0.8108597731227616,1,4.789315478557101,22.075547499776658,8018.590898655449,903.1285832428573,8.878681338888812,2.006314077273861,303.8004066358627,0.0,0.0,0.037442153975599496,0.30100439962986225,3.5125909345271404,0.9345794392523364,260.3881149988482,1787,4.015737295150757
core,50,1500000.0,1,3,exclude,launch,0,0.0,prior,0.0,gzz_rev,12600.0,43200.0,314303.3696389892,0,276211.05254406296,38092.3170949263,0,0,0.0,0,5.810765870883612,63.180799565437034,6550.440834961872,313.43795247502965,20.898684359175423,2.0198694097828733,312.0400839032601,0.0,0.0,0.0,3.9096484906065205,50.0,0.9029126213592233,1884.747705757629,17,2.4382002353668213
core,50,1500000.0,12,1,exclude,launch,0,0.0,prior,0.0,gzz_rev,12600.0,43200.0,294744.847157942,0,266853.75812079426,27891.08903714781,0,1,0.7850882361727399,1,4.789315478557101,22.22229604701636,8018.590898655449,896.9526493802141,8.939815166604637,2.0067882306332665,304.08676240249906,0.0,0.0,0.09038978494623656,0.27040665249597773,2.8838248436103666,0.9433962264150944,252.8708193980596,2238,4.465365171432495
core,50,1500000.0,10,1,exclude,launch,0,0.0,prior,0.0,gzz_rev,12600.0,43200.0,280379.9843720447,0,254537.75213865927,25842.2322333854,0,1,0.8253110959203822,1,4.789315478557101,28.691445157263942,8018.590898655449,694.8193232434844,11.540541016078661,2.0064839018597094,303.90295341082356,0.0,0.0,0.0240128068303095,0.21426378630875775,2.7899219304471257,0.9523809523809523,206.58636607638823,2818,4.746658802032471
core,50,1500000.0,10,2,exclude,launch,0,0.0,prior,0.0,gzz_rev,12600.0,43200.0,114618.91224761205,0,110390.29210982646,4228.620137785591,0,1,0.640094488721919,1,4.789315478557101,18.52547593434963,8018.590898655449,1075.724121329352,7.454133210981902,2.0071956638106094,304.3329315596682,0.0,0.0,0.08843873517786562,0.3536560744303126,4.280078895463511,0.9714285714285714,250.63314956034185,1521,5.467299938201904
core,50,1500000.0,11,1,exclude,launch,0,0.0,prior,0.0,gzz_rev,12600.0,43200.0,284972.16443314846,0,258484.48423980136,26487.68019334712,0,1,0.8120116315097741,1,4.789315478557101,25.703308134891063,8018.590898655449,775.192471474178,10.343999966107194,2.0075271267864254,304.5332733631531,0.0,0.0,0.021760154738878143,0.21554892323041033,2.584590690208668,0.9523809523809523,202.37644337121336,3115,5.2348785400390625
core,50,1500000.0,9,2,exclude,launch,0,0.0,prior,0.0,gzz_rev,12600.0,43200.0,106220.18814263951,0,102471.48924503748,3748.698897602049,0,1,0.6907567332933114,1,4.789315478557101,19.44455909231111,8018.590898655449,1025.745145255692,7.8173325369788795,2.005498868264437,303.3083922243191,0.0,0.0,0.0,0.37258270345567457,4.624537607891492,0.9714285714285714,217.07132067730564,1622,4.401334285736084
core,50,1500000.0,13,1,exclude,launch,0,0.0,prior,0.0,gzz_rev,12600.0,43200.0,279214.2578690476,0,252671.99748789056,26542.26038115701,0,1,0.8287567903669201,1,4.789315478557101,25.321527295781806,8018.590898655449,786.76174662287,10.191892187278796,2.0078296277695773,304.7161675830494,0.0,0.0,0.06496015455204057,0.21577868822404267,2.5573401863154515,0.9433962264150944,204.7108135866164,3113,5.28653359413147
core,50,1500000.0,15,1,exclude,launch,0,0.0,prior,0.0,gzz_rev,12600.0,43200.0,291713.46129463695,0,263615.1423212815,28098.318973355475,0,1,0.7932466028453613,7,4.789315478557101,25.187223053730506,8018.590898655449,790.5928136074027,10.142504157187252,2.008754398645042,305.27563103571595,0.0,0.0,0.07432854465958776,0.20464020922882817,2.1328535842789926,0.9528301886792453,211.6501991213886,3613,5.5754554271698
core,50,1500000.0,11,2,exclude,launch,0,0.0,prior,0.0,gzz_rev,12600.0,43200.0,118666.77410548906,0,114275.68261859361,4391.091486895458,0,1,0.6183045425993406,1,4.789315478557101,20.180531076510217,8018.590898655449,987.215671827171,8.122430718522102,2.0077764651404433,304.6840211072903,0.0,0.0,0.06578947368421052,0.2941118892940282,3.122389509470617,0.9809523809523809,253.70128364721614,2059,6.05914831161499
core,50,1500000.0,14,1,exclude,launch,0,0.0,prior,0.0,gzz_rev,12600.0,43200.0,298346.7350503198,0,270283.3148858042,28063.420164515563,0,1,0.7756100033647227,1,4.789315478557101,28.944746722575896,8018.590898655449,688.151830480768,11.65235714486637,2.008195401257977,304.9373901353199,0.0,0.0,0.049750323654521915,0.18125791973566907,2.062025006128953,0.9523809523809523,193.63079944721326,4079,6.026078224182129
core,50,1500000.0,12,2,exclude,launch,0,0.0,prior,0.0,gzz_rev,12600.0,43200.0,123394.49990238652,0,119022.39018963078,4372.109712755741,0,1,0.5945487872625315,1,4.789315478557101,26.058623656724205,8018.590898655449,763.8610095524336,10.497447570145978,2.009528523730288,305.7443520675165,0.0,0.0,0.04095172729352551,0.2040941066040031,2.223404255319149,0.9714285714285714,222.6886567780183,3290,6.520287752151489
core,50,1500000.0,16,1,exclude,launch,0,0.0,prior,0.0,gzz_rev,12600.0,43200.0,919505.0611735713,0,863222.1871077418,56282.87406582934,0,5,0.945624394722557,10,4.789315478557101,25.769016935684448,8018.590898655449,772.3576578715013,10.381965941469979,2.009757617812305,305.8831340189942,0.0,0.0,0.0630281690140845,0.18865601101744872,1.802202952894305,0.8571428571428571,211.58846754673323,4267,5.993419647216797
core,50,1500000.0,17,1,exclude,launch,0,0.0,prior,0.0,gzz_rev,12600.0,43200.0,1391269.5791377476,0,1298798.988502111,92470.59063563659,0,7,0.9767337654788176,12,4.789315478557101,26.998104548794075,8018.590898655449,737.1037206396782,10.878510953243735,2.0100095144101053,306.0357657596811,0.0,0.0,0.03749651519375523,0.17390044863906834,1.756007393715342,0.8380952380952381,171.5023971334796,5410,6.7873663902282715
core,50,1500000.0,13,2,exclude,launch,0,0.0,prior,0.0,gzz_rev,12600.0,43200.0,122997.28842309564,0,118026.42140779932,4970.86701529633,0,1,0.5965287936013317,1,4.789315478557101,20.216276274783667,8018.590898655449,985.3302153530609,8.137973213154991,2.008061578524445,304.85644382915854,0.0,0.0,0.021797697771246634,0.2620424797053577,2.610208062418726,0.9809523809523809,202.8680752383935,3076,7.400904417037964
core,50,1500000.0,15,2,exclude,launch,0,0.0,prior,0.0,gzz_rev,12600.0,43200.0,127794.13637546958,0,122054.77101091517,5739.365364554402,0,1,0.5741282884902299,5,4.789315478557101,25.830013621312506,8018.590898655449,770.9756278459529,10.400576372379994,2.0086057741262184,305.18568228022446,0.0,0.0,0.07528916929547845,0.20643554519841176,2.106335473067262,0.9714285714285714,215.82517058551116,3583,7.27954626083374
core,50,1500000.0,14,2,exclude,launch,0,0.0,prior,0.0,gzz_rev,12600.0,43200.0,116211.46673018755,0,111842.24966062374,4369.217069563807,0,1,0.6313239780218544,1,4.789315478557101,20.8928329818782,8018.590898655449,953.6541022628021,8.408280192607755,2.007574993906083,304.56221050345306,0.0,0.0,0.04316373281890523,0.25830588812000255,2.586670938801666,0.9809523809523809,201.65359422095722,3121,7.587732791900635
core,50,1500000.0,17,2,exclude,launch,0,0.0,prior,0.0,gzz_rev,12600.0,43200.0,757105.1368907499,0,719155.3547660548,37949.78212469518,0,6,0.9440553529908352,11,4.789315478557101,27.974594650700507,8018.590898655449,711.8835387457102,11.26390829711227,2.0085712327720313,305.1647794725885,0.0,0.0,0.08866200967221924,0.18341929358459091,1.784351145038168,0.8857142857142857,217.29528480217743,4192,7.353697776794434
core,50,1500000.0,18,2,exclude,launch,0,0.0,prior,0.0,gzz_rev,12600.0,43200.0,1171499.2173999418,0,1110369.1497604814,61130.06763946014,0,9,0.9656387714489127,15,4.789315478557101,28.821582677946267,8018.590898655449,690.252197771868,11.616900206242638,2.010640229001734,306.41810174300315,0.0,0.0,0.08373540856031128,0.1667820080324308,1.6364764267990075,0.8380952380952381,205.71428520653157,4836,7.280999660491943
core,50,1500000.0,1,4,exclude,launch,0,0.0,prior,0.0,gzz_rev,12600.0,43200.0,393475.76578279666,0,333164.3494285081,60311.41635428858,0,0,0.0,0,5.258009724989983,30.111664679686402,7274.107902442663,657.34045427674,11.065967194193508,2.020853659817612,312.64265842890387,0.0,0.0,0.0,4.436417877997196,50.0,0.9553571428571429,2138.690584953376,15,2.423200845718384
core,50,1500000.0,16,2,exclude,launch,0,0.0,prior,0.0,gzz_rev,12600.0,43200.0,345419.789908565,0,316432.29838144034,28987.491527124697,0,2,0.7989100127545841,9,4.789315478557101,28.378953439710514,8018.590898655449,700.6646601200777,11.444263361707508,2.011654544097527,307.03347497795284,0.0,0.0,0.046093395798700317,0.16962285937689175,1.6923849708659835,0.9238095238095239,193.22727854094757,4977,7.971842527389526
core,50,1500000.0,19,2,exclude,launch,0,0.0,prior,0.0,gzz_rev,12600.0,43200.0,1398231.2147722135,0,1326786.7833441969,71444.43142801695,0,11,0.9765856527523512,21,4.789315478557101,27.804444038483,8018.590898655449,715.712797604459,11.203643312644731,2.0100506119927637,306.06067163608685,0.0,0.0,0.0792575132586918,0.1710474373567466,1.682850430696946,0.8095238095238095,189.3525218661456,5108,7.495241403579712
core,50,1500000.0,10,3,exclude,launch,0,0.0,prior,0.0,gzz_rev,12600.0,43200.0,220411.5879170562,0,218155.9875083004,2255.6004087557944,0,1,0.7590964682687255,1,5.810765870883612,19.132942888245616,6550.440834961872,1041.6591463577713,6.288468601140702,2.007024086935414,304.22925350043135,0.0,0.0,0.03445605884630275,0.31099224575881584,3.649357326478149,0.9809523809523809,230.0018834874729,1945,5.977388620376587
core,50,1500000.0,12,3,exclude,launch,0,0.0,prior,0.0,gzz_rev,12600.0,43200.0,225129.36849189465,0,222943.9504179707,2185.418073923931,0,1,0.7431889454234542,1,5.810765870883612,20.377265927438444,6550.440834961872,977.3497785218085,6.702248242046034,2.00846403488528,305.0999128971298,0.0,0.0,0.09017223910840932,0.27149300700229057,3.1032315978456015,0.9903846153846154,235.20942355376593,2228,5.917618751525879
core,50,1500000.0,13,3,exclude,launch,0,0.0,prior,0.0,gzz_rev,12600.0,43200.0,224867.8318747701,0,222241.19021647557,2626.6416582945626,0,1,0.7440533248282378,1,5.810765870883612,20.933301476388383,6550.440834961872,951.5070724862352,6.884279712021407,2.0082151659072154,304.9493462295942,0.0,0.0,0.11926910299003322,0.2671988014301333,2.938135218736191,0.9807692307692307,245.06528442816318,2263,5.912102937698364
core,50,1500000.0,1,5,exclude,launch,0,0.0,prior,0.0,gzz_rev,12600.0,43200.0,349990.129965416,0,295860.4715361716,54129.65842924434,0,0,0.0,0,5.537141230626804,20.352195452731763,6890.610997136995,972.4637854773574,7.085725041940324,2.0210417699229852,312.7578887782385,0.0,0.0,0.0,4.301359066427103,50.0,0.9024390243902439,2073.5819733069116,15,2.4011118412017822
core,50,1500000.0,11,3,exclude,launch,0,0.0,prior,0.0,gzz_rev,12600.0,43200.0,229563.87110083507,0,225980.46457676878,3583.40652406629,0,1,0.7288327085225302,1,5.810765870883612,19.033431602666,6550.440834961872,1046.9371463752984,6.256766089197218,2.0073462279995846,304.4239269194975,0.0,0.0,0.0297029702970297,0.29461279480533026,3.1850877192982456,0.9903846153846154,224.17518890027367,2280,6.492553472518921
core,50,1500000.0,15,3,exclude,launch,0,0.0,prior,0.0,gzz_rev,12600.0,43200.0,476748.40936307766,0,456551.93647828785,20196.47288478983,0,2,0.8076318294369319,5,5.810765870883612,23.832684831838023,6550.440834961872,834.453296861011,7.849978973781839,2.0113376659471993,306.8411623690587,0.0,0.0,0.14221398305084745,0.2128669563316951,2.3464788732394366,0.9519230769230769,243.8566842866974,2840,6.172788619995117
core,50,1500000.0,14,3,exclude,launch,0,0.0,prior,0.0,gzz_rev,12600.0,43200.0,235878.15307434654,0,232500.05009691796,3378.1029774285826,0,1,0.7093224013018443,1,5.810765870883612,20.24374292696767,6550.440834961872,983.9177733396236,6.657508393946681,2.008215764848474,304.94970854669805,0.0,0.0,0.15429553264604812,0.2762068751878316,2.8298261665141813,0.9711538461538461,263.0216853759191,2186,6.220530986785889
core,50,1500000.0,9,4,exclude,launch,0,0.0,prior,0.0,gzz_rev,12600.0,43200.0,200318.57741823964,0,191361.94563938302,8956.63177885661,0,1,0.7397425658274673,1,5.258009724989983,16.748255583817922,7274.107902442663,1190.7706979058548,6.108739419969982,2.0056829029150407,303.4194303646869,0.0,0.0,0.05480295566502463,0.4402641377879448,4.836199836199836,0.9724770642201835,276.24941239395235,1221,5.244227886199951
core,50,1500000.0,16,3,exclude,launch,0,0.0,prior,0.0,gzz_rev,12600.0,43200.0,331583.61948836263,0,324327.36908434477,7256.250404017825,0,2,0.7234663622153047,10,5.810765870883612,21.79938625785631,6550.440834961872,912.4453616823828,7.178995159648851,2.0109851189780397,306.6272732385124,0.0,0.0,0.13661899897854954,0.22823165815658938,2.2110808973487424,0.9807692307692307,249.89946081458424,2942,6.58350396156311
core,50,1500000.0,17,3,exclude,launch,0,0.0,prior,0.0,gzz_rev,12600.0,43200.0,939267.0386649562,0,886169.0305401407,53098.008124815635,0,5,0.9366872298023211,11,5.810765870883612,24.305523944545836,6550.440834961872,817.4683923853606,8.013081479331309,2.0131866154200866,307.9641352999232,0.0,0.0,0.13796133567662566,0.19624412222866555,1.8152364273204904,0.9326923076923077,261.9675097983881,3426,6.4226274490356445
core,50,1500000.0,10,4,exclude,launch,0,0.0,prior,0.0,gzz_rev,12600.0,43200.0,205289.3644272811,0,196067.99706434124,9221.367362939867,0,1,0.721830762424944,1,5.258009724989983,18.354367103402417,7274.107902442663,1086.3370127264418,6.69599564152419,2.0061158116030002,303.68070790726927,0.0,0.0,0.03915530136383634,0.35391889463576504,3.7546838407494145,0.9724770642201835,254.4083306584494,1708,5.81123685836792
core,50,1500000.0,18,3,exclude,launch,0,0.0,prior,0.0,gzz_rev,12600.0,43200.0,1582437.7674313972,0,1466190.6803949305,116247.08703646682,0,9,0.9679153783912059,14,5.810765870883612,28.43084078209824,6550.440834961872,699.4298647014272,9.365400543424215,2.0115281562125085,306.95676324320306,0.0,0.0,0.13566698202459793,0.16886725863416077,1.891511803114013,0.7884615384615384,216.18525447580888,3982,6.5969743728637695
core,50,1500000.0,11,4,exclude,launch,0,0.0,prior,0.0,gzz_rev,12600.0,43200.0,209722.032366633,0,200362.66901772344,9359.363348909581,0,1,0.7065742057239996,1,5.258009724989983,22.66013281922206,7274.107902442663,879.5035950570395,8.270697178868161,2.0070579921391247,304.2497398593856,0.0,0.0,0.025611838360842343,0.2546181725456785,2.5386363636363636,0.9724770642201835,243.2289776265264,2640,6.299310922622681
core,50,1500000.0,12,4,exclude,launch,0,0.0,prior,0.0,gzz_rev,12600.0,43200.0,215054.41130063188,0,204753.65174304892,10300.759557582978,0,1,0.6890543539473121,1,5.258009724989983,21.839175635473868,7274.107902442663,912.1578804764977,7.974614985119437,2.0079538909889676,304.79131390794004,0.0,0.0,0.08787977785037569,0.2625630441095633,2.766086956521739,0.963302752293578,255.3218691100944,2300,5.737524747848511
core,50,1500000.0,1,6,exclude,launch,0,0.0,prior,0.0,gzz_rev,12600.0,43200.0,313632.3142503546,0,279559.257137578,34073.057112776594,0,0,0.0,0,4.998140959091332,43.10938447663814,7669.642238462474,458.9766218613095,16.710311316858387,2.0216110568064587,313.10674541676275,0.0,0.0,0.0,4.5284486553676295,50.0,0.9139784946236559,2183.0564139850053,14,2.359219551086426
core,50,1500000.0,13,4,exclude,launch,0,0.0,prior,0.0,gzz_rev,12600.0,43200.0,222548.33564929376,0,211300.2134588045,11248.122190489275,0,1,0.6658516587416529,1,5.258009724989983,24.778330594725418,7274.107902442663,803.2092796844222,9.056304610052104,2.009829567044033,305.9267263429016,0.0,0.0,0.037578288100208766,0.2047062062756202,2.0794133923630325,0.9724770642201835,216.7906130526824,3614,6.666111707687378
core,50,1500000.0,10,5,exclude,launch,0,0.0,prior,0.0,gzz_rev,12600.0,43200.0,97452.82310424445,0,89167.2945694765,8285.52853476796,0,1,0.5165907002044613,1,5.537141230626804,19.281564514191622,6890.610997136995,1034.488677956293,6.660885850147625,2.005358299004347,303.22359281307405,0.0,0.0,0.04019873532068654,0.3632671881765132,4.0889423076923075,0.943089430894309,239.44369761440987,1664,5.755285263061523
core,50,1500000.0,16,4,exclude,launch,0,0.0,prior,0.0,gzz_rev,12600.0,43200.0,950693.7258367351,0,884203.7409637928,66489.98487294228,0,4,0.9245052033645887,10,5.258009724989983,24.112609448020166,7274.107902442663,826.1472817852167,8.804856062376778,2.0079749987796616,304.8040794494577,0.0,0.0,0.08008213552361396,0.21392401654708096,1.985788466794206,0.8990825688073395,224.2987600229073,3659,6.894574165344238
core,50,1500000.0,15,4,exclude,launch,0,0.0,prior,0.0,gzz_rev,12600.0,43200.0,241256.9937900858,0,228642.8074431282,12614.186346957636,0,1,0.6142171305143965,6,5.258009724989983,26.665766487096594,7274.107902442663,746.7619575102923,9.740865652415625,2.0087400298367175,305.26693433849454,0.0,0.0,0.07135738489136935,0.19599327283475798,1.8791732909379968,0.9724770642201835,230.16798375000963,3774,7.034327030181885
core,50,1500000.0,11,5,exclude,launch,0,0.0,prior,0.0,gzz_rev,12600.0,43200.0,105700.51544994304,0,96446.26179842587,9254.25365151718,0,1,0.4762817088452536,1,5.537141230626804,27.518750204953804,6890.610997136995,724.3716311742073,9.512535693822391,2.0066417862732804,303.998305761438,0.0,0.0,0.021608643457382955,0.2138802777405262,2.514823079375199,0.943089430894309,206.28572696355602,3137,6.434648752212524
core,50,1500000.0,17,4,exclude,launch,0,0.0,prior,0.0,gzz_rev,12600.0,43200.0,1448621.3155596568,0,1324398.031057074,124223.28450258271,0,7,0.9581072569558824,15,5.258009724989983,26.826579078154843,7274.107902442663,741.5155057371396,9.809785292637248,2.010825848780412,306.53066896879204,0.0,0.0,0.07432544280748221,0.17737628757929153,1.6913770347558292,0.8348623853211009,211.37349162401676,4546,7.131176948547363
core,50,1500000.0,14,4,exclude,launch,0,0.0,prior,0.0,gzz_rev,12600.0,43200.0,223244.11428693097,0,212544.82224487903,10699.29204205196,0,1,0.6637764176475396,1,5.258009724989983,24.578409527215857,7274.107902442663,810.6111581514901,8.973609392486612,2.007676046971632,304.6233046921123,0.0,0.0,0.03608660785886127,0.21496963645870049,1.9978678038379531,0.9724770642201835,217.56461245804437,3752,7.599062442779541
core,50,1500000.0,12,5,exclude,launch,0,0.0,prior,0.0,gzz_rev,12600.0,43200.0,100144.8121604673,0,91378.20486437196,8766.60729609535,0,1,0.5027042443662058,1,5.537141230626804,27.513277247700366,6890.610997136995,724.3419932935453,9.512924917973823,2.007123070671997,304.28906384393775,0.0,0.0,0.0182339684490883,0.2011859843429889,2.352108843537415,0.959349593495935,189.08291551822,3675,6.795240879058838
core,50,1500000.0,14,5,exclude,launch,0,0.0,prior,0.0,gzz_rev,12600.0,43200.0,109127.83346446087,0,99894.12264971402,9233.710814746859,0,1,0.46132339043199166,1,5.537141230626804,29.0689901147292,6890.610997136995,685.3233591606966,10.054539809610175,2.0078650127765654,304.73756519373177,0.0,0.0,0.05050694705219677,0.18456400470713483,2.009238451935081,0.9512195121951219,202.82461729500022,4005,6.908456087112427
core,50,1500000.0,9,6,exclude,launch,0,0.0,prior,0.0,gzz_rev,12600.0,43200.0,282108.694525101,0,269955.15462202294,12153.53990307805,0,1,0.8642638195723836,1,4.998140959091332,17.535660351454528,7669.642238462474,1136.874238195624,6.746253878208422,2.0064365981130563,303.8743878064145,0.0,0.0,0.0,0.36918749691204183,4.55,0.9782608695652174,218.87390842994313,1640,5.681626319885254
core,50,1500000.0,1,7,exclude,launch,0,0.0,prior,0.0,gzz_rev,12600.0,43200.0,304222.18805144366,0,262259.0872720321,41963.100779411565,0,0,0.0,0,5.781865362986433,5.719879039177806,6584.84920617487,3452.7721407658714,1.9071195369162883,2.0253739870828076,315.4175440158279,0.0,0.0,0.0,4.002104814386917,50.0,0.9117647058823529,1929.3186805003872,17,2.5745394229888916
core,50,1500000.0,13,5,exclude,launch,0,0.0,prior,0.0,gzz_rev,12600.0,43200.0,106059.89969079947,0,96813.16848120985,9246.731209589621,0,1,0.47466782705896166,1,5.537141230626804,26.455785835594263,6890.610997136995,753.2762939711645,9.14752137069213,2.0071740104042606,304.31984617014064,0.0,0.0,0.01703900037864445,0.20300161711396983,2.1510574018126887,0.9512195121951219,190.8495546237492,3972,7.3270745277404785
core,50,1500000.0,10,6,exclude,launch,0,0.0,prior,0.0,gzz_rev,12600.0,43200.0,283374.4239581038,0,271032.18399675237,12342.23996135142,0,1,0.8604034706423944,1,4.998140959091332,18.205102321188328,7669.642238462474,1095.134174999706,7.003381333127088,2.0063169177768243,303.80212170115414,0.0,0.0,0.039785426911041574,0.3593041042936568,4.3677956030897205,0.9782608695652174,221.6804910958692,1683,5.977978229522705
core,50,1500000.0,16,5,exclude,launch,0,0.0,prior,0.0,gzz_rev,12600.0,43200.0,268599.4550401815,0,245507.75065864358,23091.704381537955,0,2,0.7912093787826342,6,5.537141230626804,21.975887970035927,6890.610997136995,907.0669710240263,7.5965846153100385,2.006661903152411,304.0104561775301,0.0,0.0,0.11617608752279239,0.2559594902736962,2.59106648199446,0.926829268292683,217.52549280661378,2888,7.13729190826416
core,50,1500000.0,15,5,exclude,launch,0,0.0,prior,0.0,gzz_rev,12600.0,43200.0,112080.19352825073,0,101916.55769680417,10163.635831446567,0,1,0.4491714418001422,4,5.537141230626804,27.617311274209094,6890.610997136995,721.4814684469839,9.550641698350612,2.007490116998543,304.5109007549216,0.0,0.0,0.04821652625918623,0.19206525887125495,2.0283468318246785,0.926829268292683,190.8738560010538,4198,7.494443893432617
core,50,1500000.0,12,6,exclude,launch,0,0.0,prior,0.0,gzz_rev,12600.0,43200.0,293644.19254421076,0,281004.67081029457,12639.521733916212,0,1,0.8303121398463629,1,4.998140959091332,24.503108066278916,7669.642238462474,812.9498589749943,9.434336144830288,2.008052466403054,304.8509325063842,0.0,0.0,0.0792575132586918,0.23725643556670703,2.7539184952978055,0.9782608695652174,231.83107036334343,2552,6.035818815231323
core,50,1500000.0,17,5,exclude,launch,0,0.0,prior,0.0,gzz_rev,12600.0,43200.0,678668.8090605364,0,640178.365094153,38490.44396638348,0,4,0.9130782740524764,7,5.537141230626804,31.695603969278423,6890.610997136995,628.3719945942482,10.96581492557827,2.0083719097490045,305.0441725112563,0.0,0.0,0.06706497386109037,0.15996850885655048,1.6543504171632897,0.9105691056910569,195.42798679377972,5034,7.283849477767944
core,50,1500000.0,11,6,exclude,launch,0,0.0,prior,0.0,gzz_rev,12600.0,43200.0,286638.64858911495,0,274200.9061515023,12437.742437612702,0,1,0.850605244843803,1,4.998140959091332,20.11054320189187,7669.642238462474,991.067351629489,7.738769949239305,2.006933675789342,304.1746282315909,0.0,0.0,0.0297029702970297,0.2945539331190925,3.1920210434020166,0.967391304347826,223.32340830115103,2281,6.327024221420288
core,50,1500000.0,18,5,exclude,launch,0,0.0,prior,0.0,gzz_rev,12600.0,43200.0,1212696.6963963688,0,1137793.5684890943,74903.12790727461,0,6,0.9641260893350249,11,5.537141230626804,26.36268011435305,6890.610997136995,756.0312341648495,9.11418825804031,2.006922922490815,304.1681315512333,0.0,0.0,0.11311154598825832,0.2017498065132257,2.284377436963868,0.8617886178861789,185.1329372768154,3847,7.330431938171387
core,50,1500000.0,14,6,exclude,launch,0,0.0,prior,0.0,gzz_rev,12600.0,43200.0,298795.3211106388,0,285507.4285032381,13287.89260740072,0,1,0.8159978441381333,1,4.998140959091332,23.827233178600483,7669.642238462474,834.7523333911353,9.187925486000111,2.0110771644466894,306.68310973966715,0.0,0.0,0.05749574105621806,0.20925595651289794,2.063968298896122,0.967391304347826,223.34572071083514,3533,6.9501636028289795
core,50,1500000.0,13,6,exclude,launch,0,0.0,prior,0.0,gzz_rev,12600.0,43200.0,289514.6413680501,0,277076.13253465923,12438.508833390886,0,1,0.8421554665170974,1,4.998140959091332,23.817524933009867,7669.642238462474,836.5958367517887,9.167679184540331,2.0074635285089535,304.4948283827131,0.0,0.0,0.042210101968223855,0.23308394517135225,2.4949526813880127,0.9782608695652174,205.91428555797717,3170,7.304629802703857
core,50,1500000.0,1,8,exclude,launch,0,0.0,prior,0.0,gzz_rev,12600.0,43200.0,317145.79429272504,0,278396.69186883944,38749.1024238856,0,0,0.0,0,5.526537023394481,5.419923016020804,6904.472155108215,3645.775419121357,1.8938281603676546,2.0243097223629736,314.7631221981935,0.0,0.0,0.0,4.127341920193842,50.0,0.8924731182795699,1989.6924835193668,16,2.5779001712799072
core,50,1500000.0,16,6,exclude,launch,0,0.0,prior,0.0,gzz_rev,12600.0,43200.0,428347.5753958565,0,414280.06675033655,14067.508645519922,0,2,0.8550500745635309,10,4.998140959091332,25.615988613719107,7669.642238462474,775.9455726658077,9.884252850509807,2.0124152989255037,307.495421249525,0.0,0.0,0.086579251831855,0.18959542582774036,1.9130769230769231,0.9565217391304348,218.50791791036804,3900,6.739459753036499
core,50,1500000.0,15,6,exclude,launch,0,0.0,prior,0.0,gzz_rev,12600.0,43200.0,285627.3485842717,0,273007.0599982431,12620.288586028517,0,1,0.8536169210453061,6,4.998140959091332,24.41488275461455,7669.642238462474,816.0579838824842,9.398403532520227,2.007633021001018,304.5972915034913,0.0,0.0,0.05512295081967213,0.21950490497590588,2.3558399128777565,0.9891304347826086,188.13916522017146,3673,7.56774377822876
core,50,1500000.0,10,7,exclude,launch,0,0.0,prior,0.0,gzz_rev,12600.0,43200.0,160089.24251453247,0,155111.9266467297,4977.315867802779,0,1,0.7650654682761183,1,5.781865362986433,20.28763979428488,6584.84920617487,982.8109206801014,6.700016318111504,2.006127320226388,303.68765535177954,0.0,0.0,0.0,0.3079440252033794,4.117889908256881,0.9896907216494846,181.31278328872236,2180,6.518049001693726
core,50,1500000.0,11,7,exclude,launch,0,0.0,prior,0.0,gzz_rev,12600.0,43200.0,170812.99999031486,0,164827.12664620555,5985.873344109281,0,1,0.7170341326321464,1,5.781865362986433,22.868521882100765,6584.84920617487,871.5283549457163,7.555519185127387,2.006967664304643,304.19516308654414,0.0,0.0,0.025966532025389497,0.25740779781701384,3.3102259670624283,0.9690721649484536,188.75097968612127,2611,6.630763292312622
core,50,1500000.0,17,6,exclude,launch,0,0.0,prior,0.0,gzz_rev,12600.0,43200.0,1240748.2042825266,0,1180432.0192920775,60316.18499044922,0,8,0.9653528833717963,12,4.998140959091332,26.807459403469704,7669.642238462474,741.4826372172321,10.343657226076758,2.0123492140519805,307.45527935749874,0.0,0.0,0.04642805807100762,0.1719976541116039,1.7323270920901797,0.8152173913043478,179.66029159375705,5234,8.154943466186523
core,50,1500000.0,12,7,exclude,launch,0,0.0,prior,0.0,gzz_rev,12600.0,43200.0,166677.9031280964,0,161312.41279344488,5365.490334651538,0,1,0.7348229668825521,1,5.781865362986433,25.302441508243316,6584.84920617487,787.6008858953224,8.360642203556436,2.0072033160547385,304.33755596149825,0.0,0.0,0.02003601981089599,0.22130036413961676,2.5483677747828692,0.979381443298969,191.56102762896185,3339,7.236121654510498
core,50,1500000.0,13,7,exclude,launch,0,0.0,prior,0.0,gzz_rev,12600.0,43200.0,169151.30244534783,0,163484.39513898367,5666.907306364176,0,1,0.7240780858304251,1,5.781865362986433,27.49508736475257,6584.84920617487,724.5662330636036,9.087987965341522,2.007829341819264,304.7159946695553,0.0,0.0,0.016227912008654886,0.19302314044904176,2.3950203495331577,0.979381443298969,162.90255991950713,4177,7.890104293823242
core,50,1500000.0,1,9,exclude,launch,0,0.0,prior,0.0,gzz_rev,12600.0,43200.0,312797.46595887106,0,264840.0221573855,47957.44380148558,0,0,0.0,0,5.246536392218966,5.066682986127098,7290.744155068959,3898.2857918480213,1.8702436261382234,2.0251751244545,315.29521074008994,0.0,0.0,0.0,4.277718303019313,50.0,0.8888888888888888,2062.1853286463383,16,2.4437754154205322
core,50,1500000.0,14,7,exclude,launch,0,0.0,prior,0.0,gzz_rev,12600.0,43200.0,172221.67402714264,0,165686.60949220732,6535.064534935296,0,1,0.7111692066763214,1,5.781865362986433,20.411315142518692,6584.84920617487,976.0427505246332,6.746476220058439,2.0077986741897185,304.6974503095664,0.0,0.0,0.07319727891156462,0.26702742330651413,3.124095513748191,0.979381443298969,188.5429660322665,2764,7.460256338119507
core,50,1500000.0,12,8,exclude,launch,0,0.0,prior,0.0,gzz_rev,12600.0,43200.0,270774.9645465273,0,259058.07699286076,11716.887553666573,0,1,0.8144257709255913,1,5.526537023394481,20.7571075269529,6904.472155108215,959.807127626562,7.193603752643291,2.007747924006283,304.6667635016923,0.0,0.0,0.14552845528455285,0.29059534453197666,3.5862628447809626,0.978494623655914,245.92140946484483,1849,5.498800754547119
core,50,1500000.0,10,8,exclude,launch,0,0.0,prior,0.0,gzz_rev,12600.0,43200.0,262204.60560820374,0,251342.69324335252,10861.912364851221,0,1,0.8410459028232055,1,5.526537023394481,17.04978713329577,6904.472155108215,1169.2935730621161,5.904823488447781,2.006399761449659,303.8521439537791,0.0,0.0,0.04105839416058394,0.36684850770547467,4.368325242718447,0.989247311827957,226.46620464347717,1648,6.253359794616699
core,50,1500000.0,15,7,exclude,launch,0,0.0,prior,0.0,gzz_rev,12600.0,43200.0,182926.04262948383,0,175862.82712840626,7063.21550107756,0,1,0.6695533863290904,4,5.781865362986433,22.27165277974252,6584.84920617487,894.4279040436058,7.362079354194478,2.0079930456942376,304.8149940503836,0.0,0.0,0.08899876390605686,0.2428779250161415,2.821557673348669,0.979381443298969,189.6633557714909,3043,7.294867753982544
core,50,1500000.0,11,8,exclude,launch,0,0.0,prior,0.0,gzz_rev,12600.0,43200.0,274169.0112003912,0,262343.7978305855,11825.213369805715,0,1,0.8043436721116922,1,5.526537023394481,20.3690005582801,6904.472155108215,978.4585444739167,7.056478983297663,2.00700216576824,304.2160085585779,0.0,0.0,0.028400126222783213,0.2816129424122351,3.2432885906040267,0.978494623655914,210.07273508090213,2384,6.63326096534729
core,50,1500000.0,17,7,exclude,launch,0,0.0,prior,0.0,gzz_rev,12600.0,43200.0,1219614.417773796,0,1165223.3211926143,54391.09658118183,0,6,0.9633884573616925,12,5.781865362986433,32.21666342634198,6584.84920617487,617.7276332253423,10.659793818504422,2.0099368010531187,305.99170263642213,0.0,0.0,0.056222707423580785,0.15101666328244362,1.7099927588703838,0.8969072164948454,172.46189494479853,5524,8.051793336868286
core,50,1500000.0,16,7,exclude,launch,0,0.0,prior,0.0,gzz_rev,12600.0,43200.0,186807.68617736062,0,179590.93419881564,7216.751978544995,0,1,0.6556408560944647,8,5.781865362986433,29.015882049217545,6584.84920617487,685.0296657528777,9.612502254099947,2.012402438067114,307.4876089812709,0.0,0.0,0.05522134814129261,0.16529213829917144,1.7498974148543291,0.9690721649484536,191.23234593914162,4874,8.064373016357422
core,50,1500000.0,14,8,exclude,launch,0,0.0,prior,0.0,gzz_rev,12600.0,43200.0,292475.7649999546,0,278645.6655085737,13830.099491380954,0,1,0.753997888502621,1,5.526537023394481,23.89040650940613,6904.472155108215,833.5428569479255,8.283283933821249,2.008669649657111,305.22433864181977,0.0,0.0,0.08983983983983984,0.22334752563348312,2.5956102427668775,0.989247311827957,208.75631978682682,3007,6.942886114120483
core,50,1500000.0,13,8,exclude,launch,0,0.0,prior,0.0,gzz_rev,12600.0,43200.0,267248.9942670545,0,255588.11781399482,11660.87645305965,0,1,0.8251709603359236,1,5.526537023394481,17.92155229532418,6904.472155108215,1111.9329365762226,6.209432177059103,2.0072699028609886,304.3777971628758,0.0,0.0,0.05591798695246971,0.30517954867741715,3.134075907590759,0.978494623655914,214.2879124562859,2424,7.0321431159973145
core,50,1500000.0,18,7,exclude,launch,0,0.0,prior,0.0,gzz_rev,12600.0,43200.0,1468093.0709604248,0,1392341.2485076042,75751.82245282069,0,8,0.9762657623276829,14,5.781865362986433,32.63113187056847,6584.84920617487,610.2255761130616,10.790844343362691,2.0088034561044967,305.3053239145132,0.0,0.0,0.04248520710059171,0.14777341105357022,1.627885068299576,0.8556701030927835,156.9598987407389,6369,8.408474445343018
core,50,1500000.0,15,8,exclude,launch,0,0.0,prior,0.0,gzz_rev,12600.0,43200.0,273396.0114785518,0,261212.60700933766,12183.404469214101,0,1,0.8066178729365117,4,5.526537023394481,21.297961550112934,6904.472155108215,934.487979443054,7.388508260131088,2.0097786730736855,305.8958905783358,0.0,0.0,0.058619192357794184,0.23268406763111013,2.335256780150029,0.989247311827957,200.80425293176282,3466,7.759454965591431
core,50,1500000.0,1,10,exclude,launch,0,0.0,prior,0.0,gzz_rev,12600.0,43200.0,315556.8065009037,0,279605.1290294284,35951.67747147528,0,0,0.0,0,5.753442760502199,16.62033160540007,6619.025743670595,1190.1692714596286,5.5614154241715505,2.0221416463959905,313.432063589132,0.0,0.0,0.0,4.137220939802531,50.0,0.9230769230769231,1994.4549217762449,16,2.5466489791870117
core,50,1500000.0,9,9,exclude,launch,0,0.0,prior,0.0,gzz_rev,12600.0,43200.0,269269.2136913487,0,255387.766804293,13881.446887055672,0,1,0.853462140677842,1,5.246536392218966,16.759189995020943,7290.744155068959,1189.5170524983635,6.129163209351292,2.006486742383233,303.9046687779637,0.0,0.0,0.05070422535211268,0.40381027834321553,4.682397003745319,0.9900990099009901,260.9851701651125,1335,5.687572479248047
core,50,1500000.0,16,8,exclude,launch,0,0.0,prior,0.0,gzz_rev,12600.0,43200.0,351598.9849644195,0,337551.98053398257,14047.004430436979,0,2,0.8478265370902149,10,5.526537023394481,22.286856905894297,6904.472155108215,893.0700074254871,7.731165639536144,2.0096742237947494,305.83261145865896,0.0,0.0,0.10305958132045089,0.22602232217836085,2.4779681762545898,0.946236559139785,200.80153164746056,3268,7.037867784500122
core,50,1500000.0,17,8,exclude,launch,0,0.0,prior,0.0,gzz_rev,12600.0,43200.0,896492.7848037735,0,856435.3891186592,40057.395685114316,0,5,0.9419448176650247,13,5.526537023394481,22.958055822242013,6904.472155108215,866.9092056985155,7.964469761911121,2.009792721341263,305.9044020221381,0.0,0.0,0.11852831020048468,0.21624668138739825,2.1901696898771212,0.9032258064516129,217.56396529677406,3418,7.0907299518585205
core,50,1500000.0,10,9,exclude,launch,0,0.0,prior,0.0,gzz_rev,12600.0,43200.0,280480.8926823889,0,265216.33397518843,15264.5587072005,0,1,0.8193466490278586,1,5.246536392218966,16.3787445274887,7290.744155068959,1216.4189181505085,5.993612929133078,2.007687969393447,304.63051309808674,0.0,0.0,0.03936311366651924,0.3561730108025292,3.4579164214243674,0.9702970297029703,277.7490238365645,1699,6.0990517139434814
core,50,1500000.0,18,8,exclude,launch,0,0.0,prior,0.0,gzz_rev,12600.0,43200.0,1343937.0894714603,0,1287253.2981502684,56683.79132119184,0,10,0.9769798150264387,15,5.526537023394481,23.566141058761243,6904.472155108215,845.4062595365089,8.167046407834228,2.007733471689729,304.65802498915,0.0,0.0,0.10598896769109535,0.21111158263008292,2.17276529012023,0.8387096774193549,195.69662571443507,3826,7.536111354827881
core,50,1500000.0,11,9,exclude,launch,0,0.0,prior,0.0,gzz_rev,12600.0,43200.0,273807.03904915927,0,259769.2568438484,14037.782205310901,0,1,0.8393176462289496,1,5.246536392218966,19.22847995671595,7290.744155068959,1035.933879628598,7.037847007844583,2.008089201703413,304.87315157730757,0.0,0.0,0.028507367072389492,0.2864917986242291,2.9816787388155093,0.9900990099009901,233.13398948789145,2347,6.56043553352356
core,50,1500000.0,13,9,exclude,launch,0,0.0,prior,0.0,gzz_rev,12600.0,43200.0,281543.7058294071,0,266618.4312190201,14925.274610386967,0,1,0.8162536571671957,1,5.246536392218966,17.794602839934512,7290.744155068959,1118.8531528155763,6.516265460504729,2.00908634507953,305.47657554778925,0.0,0.0,0.1371647509578544,0.3080891509247711,3.02190524707081,0.9900990099009901,274.79272386103713,1963,6.423054218292236
core,50,1500000.0,12,9,exclude,launch,0,0.0,prior,0.0,gzz_rev,12600.0,43200.0,277803.0219663257,0,263153.3791576466,14649.64280867906,0,1,0.8272447070914709,1,5.246536392218966,17.533624988165087,7290.744155068959,1135.305293205789,6.421835781705825,2.009442646475393,305.6923369569736,0.0,0.0,0.060382422006038244,0.29953757055066704,2.7579135086937137,0.9801980198019802,263.583229568795,2243,6.552204608917236
core,50,1500000.0,1,11,exclude,launch,0,0.0,prior,0.0,gzz_rev,12600.0,43200.0,375119.56534769124,0,324920.89245112176,50198.67289656944,0,0,0.0,0,4.7893154785571,21.82408403446689,8018.59089865545,907.2396815716918,8.83844816483791,2.0202351755238706,312.26394401286694,0.0,0.0,0.0,4.570699955360939,50.0,0.9587628865979382,2203.424751680581,15,2.5704193115234375
core,50,1500000.0,16,9,exclude,launch,0,0.0,prior,0.0,gzz_rev,12600.0,43200.0,647197.7795361204,0,622774.7423928577,24423.037143262678,0,3,0.9014931334174394,13,5.246536392218966,18.062964875538743,7290.744155068959,1099.3096852915367,6.632111271843708,2.014424058585168,308.7168511909212,0.0,0.0,0.21753908905506458,0.26874097526619095,1.9058397464916252,0.9405940594059405,386.0795895256027,2209,6.2737579345703125
core,50,1500000.0,17,9,exclude,launch,0,0.0,prior,0.0,gzz_rev,12600.0,43200.0,1485226.3852089827,0,1416118.1442644207,69108.24094456219,0,8,0.9688646753908449,16,5.246536392218966,23.11119291364949,7290.744155068959,859.8830923977192,8.478762077690432,2.0127888546455295,307.72237922826105,0.0,0.0,0.16592811422944362,0.20817803185868058,1.764147857376513,0.8316831683168316,301.6623532426977,3057,6.384483098983765
core,50,1500000.0,15,9,exclude,launch,0,0.0,prior,0.0,gzz_rev,12600.0,43200.0,282857.0085140104,0,267676.0224748124,15180.986039198006,0,1,0.8124637983798685,7,5.246536392218966,19.18651245383096,7290.744155068959,1036.6427082950113,7.033034715558077,2.011105502277286,306.700301020621,0.0,0.0,0.09453781512605042,0.25760451607482954,2.244242847173761,0.9900990099009901,252.6733316382945,2866,7.033647537231445
core,50,1500000.0,10,10,exclude,launch,0,0.0,prior,0.0,gzz_rev,12600.0,43200.0,259871.9886171138,0,258522.28660169983,1349.7020154139389,0,1,0.7918566790998427,1,5.753442760502199,23.21655731088156,6619.025743670595,858.4146193231786,7.710756078326578,2.0070817666309173,304.26410540413485,0.0,0.0,0.07078254030672435,0.28079825380934603,3.741514360313316,0.978021978021978,227.64950313983283,1915,5.756723403930664
core,50,1500000.0,14,9,exclude,launch,0,0.0,prior,0.0,gzz_rev,12600.0,43200.0,269973.81495454424,0,256169.20039406055,13804.614560483678,0,1,0.8512347005740241,1,5.246536392218966,16.964971227976203,7290.744155068959,1174.2730203860933,6.208730021466226,2.007880125876308,304.74670444093283,0.0,0.0,0.08680219425621168,0.31746079621851087,3.2084942084942085,0.9801980198019802,217.7700828753443,2331,7.513287305831909
core,50,1500000.0,11,10,exclude,launch,0,0.0,prior,0.0,gzz_rev,12600.0,43200.0,250479.07649434658,0,249467.29160182786,1011.7848925187141,0,1,0.8215511362365833,1,5.753442760502199,20.458333371944125,6619.025743670595,974.330543179161,6.793408859044133,2.0067044933424123,304.03618107474074,0.0,0.0,0.06891271056661562,0.307690287690731,3.98576512455516,0.989010989010989,208.16236220177458,1967,6.222195386886597
core,50,1500000.0,13,10,exclude,launch,0,0.0,prior,0.0,gzz_rev,12600.0,43200.0,265724.25693998416,0,263664.3686236398,2059.8883163443293,0,1,0.7744169548807832,1,5.753442760502199,24.65031051352507,6619.025743670595,808.0475635313678,8.19138135228552,2.00817091099334,304.9225757319425,0.0,0.0,0.06799294887937547,0.2247511211601633,2.7846153846153845,0.978021978021978,195.81939936854124,2990,5.947200536727905
core,50,1500000.0,14,10,exclude,launch,0,0.0,prior,0.0,gzz_rev,12600.0,43200.0,274815.184671305,0,272134.42734583997,2680.7573254650624,0,1,0.7487991252868593,1,5.753442760502199,24.722039438372406,6619.025743670595,805.5623631456704,8.216652175535753,2.0085217044942025,305.13480853076766,0.0,0.0,0.08870168483647176,0.22110164511636798,2.68201249588951,0.978021978021978,199.6489976277277,3041,6.2222230434417725
core,50,1500000.0,16,10,exclude,launch,0,0.0,prior,0.0,gzz_rev,12600.0,43200.0,543926.3705810766,0,526668.2281275487,17258.14245352791,0,2,0.886912879013689,9,5.753442760502199,23.17858594052084,6619.025743670595,859.4214711631377,7.70172257240959,2.0080145454351266,304.82799714263535,0.0,0.0,0.16298811544991512,0.24148480242758627,2.679834462001505,0.9560439560439561,228.4906376934827,2658,5.651659965515137
core,50,1500000.0,12,10,exclude,launch,0,0.0,prior,0.0,gzz_rev,12600.0,43200.0,250529.1311502581,0,249544.4687164336,984.662433824502,0,1,0.8213869938103132,1,5.753442760502199,21.725313035725357,6619.025743670595,917.1308419291864,7.217100811643693,2.0075328015287806,304.53670384692975,0.0,0.0,0.0,0.246907912472579,2.615290519877676,0.978021978021978,190.66028473435955,3270,6.316969871520996
core,50,1500000.0,1,12,exclude,launch,0,0.0,prior,0.0,gzz_rev,12600.0,43200.0,405195.7477634296,0,345176.4238222272,60019.32394120235,0,0,0.0,0,5.470710591405869,36.17425095393336,6978.331089719389,546.8814077456352,12.760227337926144,2.021935443243298,313.30561504706264,0.0,0.0,0.0,4.5706334702414155,50.0,0.9326923076923077,2203.3927008001006,15,1.5187828540802002
core,50,1500000.0,15,10,exclude,launch,0,0.0,prior,0.0,gzz_rev,12600.0,43200.0,262465.15228029416,0,260114.91756211806,2350.2347181761133,0,1,0.7840331110991076,5,5.753442760502199,23.786517799821187,6619.025743670595,836.9381528855906,7.908619915162854,2.0092582328637008,305.5806541809481,0.0,0.0,0.07950255385298689,0.21806546057572418,2.530244910002951,0.989010989010989,189.88611473497198,3389,6.3741912841796875
core,50,1500000.0,9,11,exclude,launch,0,0.0,prior,0.0,gzz_rev,12600.0,43200.0,341094.83980435214,0,299187.40312239644,41907.436681955674,0,1,0.8495439943642729,1,4.7893154785571,18.08503517005802,8018.59089865545,1102.7848066672182,7.2712199607544825,2.005625577821183,303.38484083045654,0.0,0.0,0.0,0.36892076766525794,4.180377818403413,0.96875,237.61126201927144,1641,4.921988248825073
core,50,1500000.0,17,10,exclude,launch,0,0.0,prior,0.0,gzz_rev,12600.0,43200.0,859817.860616188,0,825721.4274017607,34096.4332144273,0,5,0.9412982988271468,10,5.753442760502199,23.50797256828938,6619.025743670595,847.1086860768876,7.813667658543902,2.008656530825926,305.21639915333776,0.0,0.0,0.11958212936208046,0.2183905425604273,2.504283604135894,0.9010989010989011,191.95743150329992,3385,6.110306262969971
core,50,1500000.0,18,10,exclude,launch,0,0.0,prior,0.0,gzz_rev,12600.0,43200.0,1245253.0317394044,0,1177680.7360900834,67572.29564932095,0,7,0.962966129145591,11,5.753442760502199,27.86185509961997,6619.025743670595,714.9186376979441,9.258432211228993,2.0081370222652963,304.9020766985816,0.0,0.0,0.15161767815605837,0.18892741909609742,2.2896881146389436,0.8571428571428571,199.93249746342855,3559,5.800526142120361
core,50,1500000.0,10,11,exclude,launch,0,0.0,prior,0.0,gzz_rev,12600.0,43200.0,357943.3831711426,0,315076.5670582685,42866.816112874076,0,1,0.8095556065241793,1,4.7893154785571,24.114299017403837,8018.59089865545,826.0723343302113,9.7068871155902,2.008016475658348,304.8291645596031,0.0,0.0,0.0,0.2254621448121097,2.2464788732394365,0.9789473684210527,243.54071137281036,2982,5.540207862854004
core,50,1500000.0,11,11,exclude,launch,0,0.0,prior,0.0,gzz_rev,12600.0,43200.0,355494.71214220766,0,312613.9748774665,42880.73726474117,0,1,0.8151318789476489,1,4.7893154785571,23.993512854400013,8018.59089865545,830.2034531720221,9.658585335941694,2.0080828118941634,304.86928669093277,0.0,0.0,0.05243227497815322,0.23412948584233492,2.401623502126015,0.9789473684210527,261.94831671232777,2587,5.313336610794067
core,50,1500000.0,12,11,exclude,launch,0,0.0,prior,0.0,gzz_rev,12600.0,43200.0,345222.6944570599,0,303375.6943302448,41847.00012681515,0,1,0.8393859306386809,1,4.7893154785571,27.314355662024756,8018.59089865545,729.3427755030766,10.994269317502308,2.007878113616622,304.7454875722202,0.0,0.0,0.01783237566871409,0.194540938041546,1.96581646068893,0.9789473684210527,218.1873845346444,3803,6.187242269515991
core,50,1500000.0,13,11,exclude,launch,0,0.0,prior,0.0,gzz_rev,12600.0,43200.0,348843.6369858105,0,306553.64881617384,42289.98816963667,0,1,0.8306732356314034,1,4.7893154785571,22.595602457499968,8018.59089865545,881.8148508758712,9.093281759420252,2.0075143458677562,304.5255471387997,0.0,0.0,0.043478260869565216,0.2384463033969022,2.2533075185543723,0.9789473684210527,232.44428113949388,3099,6.260364770889282
core,50,3000000.0,2,1,exclude,launch,0,0.0,prior,0.0,gzz_rev,12600.0,43200.0,133012.9932823751,0,122831.23826848454,10181.755013890566,0,0,0.0,0,9.578630957114202,22.743757221819042,8018.590898655449,1748.3022788733533,4.586501428015535,2.0119225230498525,307.1961577966738,0.0,0.0,0.0,1.8812037862284088,26.257142857142856,0.9619047619047619,869.9517005753295,70,2.9549014568328857
core,50,3000000.0,3,1,exclude,launch,0,0.0,prior,0.0,gzz_rev,12600.0,43200.0,98578.79426539874,0,92006.1673474767,6572.626917922043,0,0,0.0,0,9.578630957114202,33.04342925029108,8018.590898655449,1205.787071718375,6.650088632338795,2.0078638088856664,304.7368371784567,0.0,0.0,0.0,1.3534242556827438,16.566666666666666,0.9629629629629629,672.37871929708,150,3.0494272708892822
core,50,1500000.0,14,11,exclude,launch,0,0.0,prior,0.0,gzz_rev,12600.0,43200.0,369216.1137980341,0,325917.9484209641,43298.16537707,0,1,0.7848386401221366,1,4.7893154785571,27.587808218978715,8018.59089865545,721.4106605825502,11.115154428381075,2.0098342242470952,305.9295481382196,0.0,0.0,0.030120481927710843,0.17910865892005845,1.6483126110124333,0.9789473684210527,219.75363702880196,4504,6.857112884521484
core,50,1500000.0,10,12,exclude,launch,0,0.0,prior,0.0,gzz_rev,12600.0,43200.0,315403.74178072595,0,300258.6882839288,15145.053496797193,0,1,0.8764519959071257,1,5.470710591405869,24.00742664233747,6978.331089719389,830.4565694040718,8.403005463280248,2.0063073115957892,303.79632161134344,0.0,0.0,0.0,0.25823050603986786,3.2771176696052127,0.98,190.9003288875902,2609,5.767286539077759
core,50,1500000.0,11,12,exclude,launch,0,0.0,prior,0.0,gzz_rev,12600.0,43200.0,321251.5138685724,0,305532.92590290075,15718.587965671712,0,1,0.8604978562478737,1,5.470710591405869,19.866023781475796,6978.331089719389,1003.7707327046445,6.9521165166037315,2.005924171372356,303.5650315653484,0.0,0.0,0.032106782106782104,0.32250939735156886,3.7434052757793763,0.98,209.3183324098603,2085,5.779007434844971
core,50,1500000.0,15,11,exclude,launch,0,0.0,prior,0.0,gzz_rev,12600.0,43200.0,357243.62261490227,0,315235.0150271089,42008.60758779337,0,1,0.8111413453468392,2,4.7893154785571,24.816762440226093,8018.59089865545,802.1772259148051,9.996034092729355,2.009298869351245,305.6052623021104,0.0,0.0,0.030540863333902064,0.1979400881805521,1.6526769509981851,0.9789473684210527,223.52302404907903,4408,7.280606746673584
core,50,1500000.0,16,11,exclude,launch,0,0.0,prior,0.0,gzz_rev,12600.0,43200.0,557593.6044463085,0,491757.8709875577,65835.73345875076,0,2,0.8675285723141479,5,4.7893154785571,27.139838305072132,8018.59089865545,733.2083607868813,10.936305868157143,2.0101354693148337,306.1120999103697,0.0,0.0,0.060168067226890755,0.18052244964727268,1.6684539767649686,0.9368421052631579,218.2263726417536,4476,6.776442050933838
core,50,1500000.0,12,12,exclude,launch,0,0.0,prior,0.0,gzz_rev,12600.0,43200.0,325551.6249399137,0,309135.0513809269,16416.57355898675,0,1,0.8491318052899117,1,5.470710591405869,24.40712303716118,6978.331089719389,816.2297854801172,8.549468806280625,2.0078485997813944,304.72764002439504,0.0,0.0,0.020305726671229752,0.2239411978173715,2.5880569869657473,0.98,191.0059465017771,3299,6.336663007736206
core,50,1500000.0,13,12,exclude,launch,0,0.0,prior,0.0,gzz_rev,12600.0,43200.0,334856.78750111925,0,318264.10490186955,16592.682599249692,0,1,0.8255357195032765,1,5.470710591405869,25.22327492920477,6978.331089719389,789.2760681044308,8.841432512300717,2.009229671676945,305.5633590579463,0.0,0.0,0.037426408746846086,0.20656387605587215,2.2638927673834126,0.97,200.95882999537116,3581,6.363802194595337
core,50,1500000.0,17,11,exclude,launch,0,0.0,prior,0.0,gzz_rev,12600.0,43200.0,560101.7300148272,0,493379.23102760507,66722.49898722206,0,2,0.8636437948227759,11,4.7893154785571,26.827788468445096,8018.59089865545,741.4759912705152,10.814363503416525,2.01084235659489,306.54068096589293,0.0,0.0,0.037903339439199664,0.176070272095125,1.4594240837696335,0.9368421052631579,208.5871509258016,5348,7.722207546234131
core,50,1500000.0,14,12,exclude,launch,0,0.0,prior,0.0,gzz_rev,12600.0,43200.0,328236.5651275104,0,312065.47246544453,16171.092662065803,0,1,0.8421859974463993,1,5.470710591405869,27.930303139557626,6978.331089719389,713.0089060639601,9.787158379608517,2.00858117220411,305.170794277385,0.0,0.0,0.014155394778232149,0.18237830428284754,1.972854458133222,0.98,172.34724801987588,4789,8.161748886108398
core,50,3000000.0,18,1,exclude,launch,0,0.0,prior,0.0,gzz_rev,12600.0,43200.0,268122.91878965864,0,242810.26603590357,25312.652753755112,0,1,0.863039658156809,1,9.578630957114202,59.66751055787798,8018.590898655449,668.4359605141433,11.996049543007471,2.0058214086602497,303.50301183578694,0.0,0.0,0.16563003916148353,0.20621209439548735,2.517939282428703,0.9439252336448598,198.961257625432,3261,6.835119962692261
core,50,1500000.0,17,12,exclude,launch,0,0.0,prior,0.0,gzz_rev,12600.0,43200.0,792402.2655489421,0,723920.1435503555,68482.1219985866,0,5,0.9481717561721884,9,5.470710591405869,31.002813767279797,6978.331089719389,642.4136929493387,10.862674887394883,2.0083716881036238,305.0440384106855,0.0,0.0,0.06896551724137931,0.16480357755285316,1.964438994481913,0.8888888888888888,169.27514699445317,4893,7.885091781616211
core,50,1500000.0,15,12,exclude,launch,0,0.0,prior,0.0,gzz_rev,12600.0,43200.0,337759.4211236829,0,321250.9497095186,16508.471414164367,0,1,0.8184412386799658,5,5.470710591405869,27.51906565138938,6978.331089719389,723.6960174149299,9.64262745931124,2.0084920837992195,305.1168849257075,0.0,0.0,0.04751810634163575,0.1892717110719275,2.1891130924448614,0.98,174.6063634263162,4262,8.030341863632202
core,50,1500000.0,18,12,exclude,launch,0,0.0,prior,0.0,gzz_rev,12600.0,43200.0,1030003.5535948735,0,961727.9708632543,68275.58273161936,0,6,0.9632837835461596,10,5.470710591405869,34.660131146578856,6978.331089719389,574.4255869829988,12.148363944529383,2.0090743682397845,305.4693241915561,0.0,0.0,0.0723215485952413,0.14410372621768813,1.8275,0.86,159.2709082145778,5600,8.199371099472046
core,50,1500000.0,16,12,exclude,launch,0,0.0,prior,0.0,gzz_rev,12600.0,43200.0,752921.5342715946,0,685407.073487105,67514.46078448967,0,4,0.945093473711853,6,5.470710591405869,27.68738602147383,6978.331089719389,719.3379474011228,9.701046795781062,2.008376191022218,305.04676278614306,0.0,0.0,0.05604173678895995,0.1845803638873852,2.2360831656606304,0.9090909090909091,162.7620787052954,4473,8.249701499938965
core,50,3000000.0,16,1,exclude,launch,0,0.0,prior,0.0,gzz_rev,12600.0,43200.0,264432.8347246891,0,239539.37737176844,24893.45735292061,0,1,0.8750831280735341,1,9.578630957114202,56.608696729822995,8018.590898655449,704.5269154962468,11.381525279282485,2.0058998279293103,303.55033914846484,0.0,0.0,0.06676613204028348,0.2000340189116044,2.284686026309258,0.9622641509433962,177.23302722731245,4029,7.726153135299683
core,50,3000000.0,19,1,exclude,launch,0,0.0,prior,0.0,gzz_rev,12600.0,43200.0,270292.22993190313,0,244654.39554360532,25637.83438829782,0,1,0.8561130752242874,1,9.578630957114202,59.664809834407016,8018.590898655449,668.3018854368946,11.998456196803017,2.006314629192405,303.80073987799426,0.0,0.0,0.0839825490807105,0.18070422331885,2.155642827614717,0.9523809523809523,156.02625493540506,4838,8.64637565612793
core,50,3000000.0,17,1,exclude,launch,0,0.0,prior,0.0,gzz_rev,12600.0,43200.0,261380.4625272698,0,236295.90537471953,25084.557152550242,0,1,0.8853022522756119,1,9.578630957114202,58.78864035334048,8018.590898655449,678.397252537611,11.819904736732243,2.0059148362570607,303.5593973406209,0.0,0.0,0.03944281524926686,0.18282528024504133,2.1224965973167413,0.9345794392523364,149.8778266034802,5143,9.234500885009766
core,50,3000000.0,2,2,exclude,launch,0,0.0,prior,0.0,gzz_rev,12600.0,43200.0,134518.43404569224,0,121907.93995545288,12610.49409023936,0,0,0.0,0,9.578630957114202,17.894165624458434,8018.590898655449,2220.0074011990055,3.6119658404402983,2.013836054339319,308.3590635234955,0.0,0.0,0.0,2.0588993225117287,25.784615384615385,0.9537037037037037,990.2381829299655,65,2.8015122413635254
core,50,3000000.0,3,2,exclude,launch,0,0.0,prior,0.0,gzz_rev,12600.0,43200.0,89964.43682491542,0,84112.92733664483,5851.509488270586,0,0,0.0,0,9.578630957114202,22.48208836073888,8018.590898655449,1770.5634639304456,4.52883562888794,2.0097490795313275,305.8779610843088,0.0,0.0,0.0,1.4067197114133985,17.732394366197184,0.9626168224299065,651.0129043403139,142,3.083059549331665
core,50,3000000.0,20,1,exclude,launch,0,0.0,prior,0.0,gzz_rev,12600.0,43200.0,271727.16990476253,0,246002.04690009877,25725.123004663794,0,1,0.8515921034224724,1,9.578630957114202,60.63146103290792,8018.590898655449,657.5085651521954,12.195416643430892,2.0067373725537068,304.05604118890227,0.0,0.0,0.07401315789473684,0.17105319402911134,1.8160668847691748,0.9433962264150944,163.31212326036362,5502,8.928882360458374
core,50,3000000.0,22,1,exclude,launch,0,0.0,prior,0.0,gzz_rev,12600.0,43200.0,268891.5592205491,0,243556.05207782646,25335.507142722694,0,1,0.860572614651823,1,9.578630957114202,62.0765442390155,8018.590898655449,642.1342236290383,12.487406220677935,2.006950393309741,304.1847283759928,0.0,0.0,0.11734768067471281,0.16887583578835824,2.0071566731141197,0.9532710280373832,157.45051425553186,5170,8.607143878936768
core,50,3000000.0,23,1,exclude,launch,0,0.0,prior,0.0,gzz_rev,12600.0,43200.0,275360.61589092616,0,249339.2542964161,26021.36159451005,0,1,0.8403551518343976,1,9.578630957114202,60.59113540509964,8018.590898655449,657.2025184058496,12.201095817626857,2.009008051510751,305.4291744040564,0.0,0.0,0.10384763865654356,0.1606700528325286,1.7229244960710626,0.9433962264150944,161.78422260416897,5854,8.857598304748535
core,50,3000000.0,24,1,exclude,launch,0,0.0,prior,0.0,gzz_rev,12600.0,43200.0,271461.8532986258,0,246009.45393824825,25452.399360377512,0,1,0.8524244175172464,1,9.578630957114202,56.70086207695475,8018.590898655449,703.2773219958913,11.401748140973464,2.006197624125768,303.730097638902,0.0,0.0,0.16238471673254282,0.1912004631308352,1.950557864799825,0.9619047619047619,182.62153694920136,4571,8.264048099517822
core,50,3000000.0,21,1,exclude,launch,0,0.0,prior,0.0,gzz_rev,12600.0,43200.0,266833.0008935577,0,241052.76752893848,25780.2333646192,0,1,0.8672117444293941,1,9.578630957114202,56.53380732995845,8018.590898655449,705.036537637056,11.373298361996834,2.0071051633497357,304.27824301370913,0.0,0.0,0.0714380736996142,0.1782030489478891,1.943579766536965,0.9433962264150944,148.48651529158184,5654,9.494738101959229
core,50,3000000.0,26,1,exclude,launch,0,0.0,prior,0.0,gzz_rev,12600.0,43200.0,283657.9209329849,0,256644.82207486543,27013.09885811943,0,1,0.8157738427156522,1,9.578630957114202,65.95040680167243,8018.590898655449,603.7390464264644,13.28155093846844,2.0092003436655332,305.545600096389,0.0,0.0,0.1775106082036775,0.151504576302694,1.6011267605633803,0.9523809523809523,191.18782263256173,5325,8.072101831436157
core,50,3000000.0,25,1,exclude,launch,0,0.0,prior,0.0,gzz_rev,12600.0,43200.0,275684.0424031961,0,248705.93791330568,26978.10448989045,0,1,0.839369265478938,1,9.578630957114202,57.98474057801144,8018.590898655449,687.5712165114958,11.66219688389382,2.0065897099186523,303.9668532342349,0.0,0.0,0.16977258370183196,0.1835982011962078,1.8964285714285714,0.9528301886792453,180.70412229867176,4760,8.46520447731018
core,50,3000000.0,27,1,exclude,launch,0,0.0,prior,0.0,gzz_rev,12600.0,43200.0,285919.0824073245,0,259375.2111548884,26543.871252436096,0,1,0.8093223797024359,1,9.578630957114202,65.52594084329603,8018.590898655449,607.5449287547123,13.198350474410498,2.0095477097640355,305.7559734869426,0.0,0.0,0.16086789061496984,0.14906110190836372,1.5365978501962123,0.9523809523809523,180.77201820447024,5861,8.628148794174194
core,50,3000000.0,28,1,exclude,launch,0,0.0,prior,0.0,gzz_rev,12600.0,43200.0,286336.26162944327,0,259705.04048418114,26631.22114526217,0,1,0.8081432329227478,1,9.578630957114202,55.99869656912004,8018.590898655449,710.9994116890584,11.277914955803396,2.0092909454584795,305.60046377534144,0.0,0.0,0.17339601769911506,0.17296987673105438,1.6427783902976847,0.9433962264150944,182.46537168795396,5442,8.908725023269653
core,50,3000000.0,29,1,exclude,launch,0,0.0,prior,0.0,gzz_rev,12600.0,43200.0,285012.0936796443,0,258515.65483372303,26496.43884592123,0,1,0.8118978713806038,6,9.578630957114202,62.05845223205242,8018.590898655449,641.6501079497824,12.496827787151263,2.0090501393381888,305.45465510952545,0.0,0.0,0.1958720612356479,0.15899535776741872,1.651573013275141,0.9523809523809523,179.0749831895856,5499,8.514760732650757
core,50,3000000.0,30,1,exclude,launch,0,0.0,prior,0.0,gzz_rev,12600.0,43200.0,278844.3901346524,0,252256.68156013422,26587.70857451818,0,1,0.8298560787415921,7,9.578630957114202,57.15091678315637,8018.590898655449,696.93830623709,11.505452960319303,2.0085028389631994,305.1233928590498,0.0,0.0,0.19721992843380126,0.17225391623213376,1.6792383742218968,0.9433962264150944,177.71274801080978,5462,9.002004146575928
core,50,3000000.0,31,1,exclude,launch,0,0.0,prior,0.0,gzz_rev,12600.0,43200.0,483533.6754377725,0,436148.39980743045,47385.27563034207,0,2,0.8783394146353742,8,9.578630957114202,59.239970690416854,8018.590898655449,671.9162066344722,11.933915002317582,2.0098332908916605,305.92898261792425,0.0,0.0,0.1489196675900277,0.15834913454303215,1.4169242089771892,0.9245283018867925,169.36621553404387,6795,9.900610208511353
core,50,3000000.0,18,2,exclude,launch,0,0.0,prior,0.0,gzz_rev,12600.0,43200.0,109526.72415570903,0,105565.42749108035,3961.2966646286914,0,1,0.6698812099758806,1,9.578630957114202,61.98829969829635,8018.590898655449,643.3021270267305,12.464735560127037,2.006158653956403,303.706571079408,0.0,0.0,0.09408884225253585,0.187295192571519,2.1306672866775167,0.9619047619047619,177.93420100696238,4301,7.676496982574463
core,50,3000000.0,17,2,exclude,launch,0,0.0,prior,0.0,gzz_rev,12600.0,43200.0,102668.02743603196,0,99264.78116923758,3403.246266794366,0,1,0.7146413030255514,1,9.578630957114202,59.773041839410475,8018.590898655449,667.3278821021413,12.015968632085603,2.0056047920785,303.372299355373,0.0,0.0,0.08411920030177292,0.20230702549604,2.318935208437971,0.9809523809523809,176.61344370216005,3982,8.01426100730896
core,50,3000000.0,16,2,exclude,launch,0,0.0,prior,0.0,gzz_rev,12600.0,43200.0,108420.2403178095,0,104709.55197034813,3710.688347461369,0,1,0.676724515290765,1,9.578630957114202,60.45022979447549,8018.590898655449,659.5043869322076,12.15851032614845,2.006662533962652,304.01083718523216,0.0,0.0,0.04165366614664587,0.18136589397006886,2.12020725388601,0.9714285714285714,160.0578885636343,4825,8.404879808425903
core,50,3000000.0,32,1,exclude,launch,0,0.0,prior,0.0,gzz_rev,12600.0,43200.0,809617.5398380267,0,759173.8123728158,50443.72746521106,0,4,0.9388442685755031,10,9.578630957114202,62.39822333453986,8018.590898655449,637.7371652980592,12.573504156540416,2.0103701895993975,306.2543760093365,0.0,0.0,0.19547598887141648,0.1511655385844345,1.4948602634115002,0.8761904761904762,174.85012332988651,6226,8.912384033203125
core,50,3000000.0,33,1,exclude,launch,0,0.0,prior,0.0,gzz_rev,12600.0,43200.0,1581989.4830187857,0,1488009.388378851,93980.09463993447,0,8,0.9790079647958594,11,9.578630957114202,63.08167716673179,8018.590898655449,631.0887971866758,12.705962987144506,2.0095382851422805,305.7502647504049,0.0,0.0,0.186734693877551,0.14829573094212242,1.5266726943942135,0.8285714285714286,160.68799300706152,6636,9.039398193359375
core,50,3000000.0,19,2,exclude,launch,0,0.0,prior,0.0,gzz_rev,12600.0,43200.0,114656.8001927553,0,110490.23476890133,4166.5654238539755,0,1,0.639902399392992,1,9.578630957114202,58.34651391052814,8018.590898655449,683.0528754434039,11.739341399375823,2.007339128000492,304.4196356402374,0.0,0.0,0.0845114671693371,0.182428820175152,2.012734864300626,0.9714285714285714,169.17650887542402,4790,8.498590230941772
core,50,3000000.0,2,3,exclude,launch,0,0.0,prior,0.0,gzz_rev,12600.0,43200.0,155847.0955335653,0,142903.9466717672,12943.148861798112,0,0,0.0,0,11.621531741767225,17.83844192929328,6550.440834961872,2227.919640245146,2.940160280754607,2.01295258872831,307.8218841034154,0.0,0.0,0.0,1.9045915258096,25.228571428571428,0.9714285714285714,914.510058534065,70,2.914358615875244
core,50,3000000.0,20,2,exclude,launch,0,0.0,prior,0.0,gzz_rev,12600.0,43200.0,103583.53776056314,0,99951.88008429356,3631.6576762695595,0,1,0.7083100636812087,1,9.578630957114202,61.03673762945174,8018.590898655449,653.1766246389402,12.276298012176914,2.0066334151795924,303.9932497668389,0.0,0.0,0.07581938387958925,0.17572469798688609,1.9667289719626169,0.9809523809523809,155.32334293259584,5350,9.093445301055908
core,50,3000000.0,3,3,exclude,launch,0,0.0,prior,0.0,gzz_rev,12600.0,43200.0,107155.0332071837,0,101098.9356307528,6056.097576430906,0,0,0.0,0,11.621531741767225,28.723046843978732,6550.440834961872,1386.674687752471,4.723848277333783,2.008560383238727,305.1582139915946,0.0,0.0,0.0,1.2266141700533446,16.303030303030305,0.9714285714285714,609.4662821955088,165,3.256645679473877
core,50,3000000.0,21,2,exclude,launch,0,0.0,prior,0.0,gzz_rev,12600.0,43200.0,107057.40360578251,0,103123.21247491844,3934.191130864072,0,1,0.6853532822298498,1,9.578630957114202,55.330958330175626,8018.590898655449,720.5633843742049,11.128224209754201,2.006548240003452,303.94180783621414,0.0,0.0,0.12293956043956043,0.19921793227082937,2.2032390510948905,0.9809523809523809,168.6261654151526,4384,8.680269241333008
core,50,3000000.0,23,2,exclude,launch,0,0.0,prior,0.0,gzz_rev,12600.0,43200.0,110084.87634143888,0,105896.96667933746,4187.909662101419,0,1,0.6664708477412333,1,9.578630957114202,52.99341887244854,8018.590898655449,752.1571840043359,10.660791479735735,2.0070557689373274,304.24839652498554,0.0,0.0,0.15683528793978646,0.20318336607086143,2.1264528126452813,0.9809523809523809,178.29579974893971,4302,8.357684135437012
core,50,3000000.0,22,2,exclude,launch,0,0.0,prior,0.0,gzz_rev,12600.0,43200.0,112175.50863702029,0,107989.4070354676,4186.101601552697,0,1,0.6540779688548924,1,9.578630957114202,50.643259738475756,8018.590898655449,786.926824402422,10.18975418044063,2.007400303128974,304.4566112233046,0.0,0.0,0.11811153150189176,0.20541993354089114,2.0528499672417557,0.9619047619047619,173.30568189756679,4579,8.74184513092041
core,50,3000000.0,4,3,exclude,launch,0,0.0,prior,0.0,gzz_rev,12600.0,43200.0,75562.25403984843,0,70889.2216820117,4673.032357836728,0,0,0.0,0,11.621531741767225,32.326526999763956,6550.440834961872,1233.0616707652812,5.312338377119807,2.0069943052920807,304.2112592672041,0.0,0.0,0.0,0.8615728074436083,12.389067524115756,0.9809523809523809,423.22662525752077,311,3.761937141418457
core,50,3000000.0,24,2,exclude,launch,0,0.0,prior,0.0,gzz_rev,12600.0,43200.0,117390.95452441252,0,113018.02971939585,4372.924805016661,0,1,0.6250065086551948,1,9.578630957114202,58.41126873744703,8018.590898655449,681.9972741457216,11.75751165384002,2.008217321116825,304.9506499799959,0.0,0.0,0.14998478856099787,0.1766905726860931,1.896928051738076,0.9809523809523809,174.01933341081656,4948,8.518296003341675
core,50,3000000.0,26,2,exclude,launch,0,0.0,prior,0.0,gzz_rev,12600.0,43200.0,116685.42099365422,0,112036.9730907017,4648.4479029525155,0,1,0.6288047555483257,1,9.578630957114202,55.40824211938634,8018.590898655449,719.0394561034836,11.151809306972744,2.0079962286677078,304.81691910249646,0.0,0.0,0.18842921784098254,0.18764755328745625,1.9382106844024887,0.9714285714285714,180.40269433587008,4661,8.284685850143433
core,50,3000000.0,25,2,exclude,launch,0,0.0,prior,0.0,gzz_rev,12600.0,43200.0,116471.41544450904,0,112342.89036289233,4128.525081616718,0,1,0.629960187732554,1,9.578630957114202,63.24963323766705,8018.590898655449,630.1008620584729,12.725884666241464,2.007344450399736,304.4228525253439,0.0,0.0,0.13039461528309357,0.16493782627169803,1.630647985989492,0.9809523809523809,174.97698724898999,5710,8.939661264419556
core,50,3000000.0,27,2,exclude,launch,0,0.0,prior,0.0,gzz_rev,12600.0,43200.0,112412.89326788131,0,108448.58219265647,3964.3110752248544,0,1,0.652645469189215,1,9.578630957114202,54.27172442393401,8018.590898655449,734.0849584322884,10.923246426108427,2.0080292773648867,304.83690720743266,0.0,0.0,0.14845474613686535,0.1849820151401425,1.6766917293233083,0.9809523809523809,178.425838438409,5453,8.978670597076416
core,50,3000000.0,28,2,exclude,launch,0,0.0,prior,0.0,gzz_rev,12600.0,43200.0,113930.48432689517,0,109787.09257122265,4143.39175567252,0,1,0.6440000726160108,1,9.578630957114202,51.71340475714306,8018.590898655449,770.2398858150103,10.410511123000044,2.00844919552985,305.0909339894402,0.0,0.0,0.16673828964331758,0.19203039293043786,1.7856870955462505,0.9809523809523809,173.68251123877968,5254,8.993213176727295
core,50,3000000.0,30,2,exclude,launch,0,0.0,prior,0.0,gzz_rev,12600.0,43200.0,122811.78471501535,0,117986.37605398515,4825.408661030212,0,1,0.597428483076035,5,9.578630957114202,53.57366308106532,8018.590898655449,743.3315774954594,10.7873674971173,2.0088895628047245,305.3574449808924,0.0,0.0,0.2133828996282528,0.18605570785887282,1.7165152113789017,0.9809523809523809,187.8167333920691,5062,8.783221006393433
core,50,3000000.0,29,2,exclude,launch,0,0.0,prior,0.0,gzz_rev,12600.0,43200.0,114069.39586316927,0,110246.23238681532,3823.1634763539637,0,1,0.6432025161404904,4,9.578630957114202,55.159694891644264,8018.590898655449,721.9577722299405,11.106731178872275,2.0088908264343663,305.3582098990257,0.0,0.0,0.16671098112204202,0.17819282931873837,1.596925251811274,0.9809523809523809,180.1907905210582,5659,9.16124415397644
core,50,3000000.0,31,2,exclude,launch,0,0.0,prior,0.0,gzz_rev,12600.0,43200.0,235901.0652507347,0,222453.18760083898,13447.877649895734,0,2,0.8174386761661253,9,9.578630957114202,58.318730275133966,8018.590898655449,682.4262194890789,11.750121360604863,2.010139615242082,306.11461268442645,0.0,0.0,0.1532239690134427,0.1627471190956835,1.5040121120363361,0.9714285714285714,164.00124377923441,6605,9.334673881530762
core,50,3000000.0,32,2,exclude,launch,0,0.0,prior,0.0,gzz_rev,12600.0,43200.0,231918.48367160565,0,227036.87830476766,4881.6053668379645,0,2,0.7997160695607861,9,9.578630957114202,61.57261976457326,8018.590898655449,646.4906493033288,12.403258898325044,2.009741067696072,305.8731071376009,0.0,0.0,0.15590345727332028,0.15519123802092563,1.3833381461160843,0.9523809523809523,170.09117529364468,6926,9.787478685379028
core,50,3000000.0,33,2,exclude,launch,0,0.0,prior,0.0,gzz_rev,12600.0,43200.0,502009.7336448515,0,468415.2268369138,33594.50680793766,0,4,0.9261245672346665,10,9.578630957114202,60.49683007936288,8018.590898655449,658.1874559343096,12.182837619220358,2.009128743558716,305.50224632291787,0.0,0.0,0.19196854146806483,0.15977624868376655,1.516001267427123,0.9333333333333333,170.27739847738738,6312,8.943517923355103
core,50,3000000.0,19,3,exclude,launch,0,0.0,prior,0.0,gzz_rev,12600.0,43200.0,201731.52324779535,0,200908.51974132605,823.0035064692847,0,1,0.8293877687515446,1,11.621531741767225,54.86504752379536,6550.440834961872,726.9931947421986,9.010319329446741,2.0056903350738455,303.42391501828325,0.0,0.0,0.15929793379249055,0.21794004613201862,2.6163373636095546,0.9903846153846154,183.6248173927116,3391,7.445828199386597
core,50,3000000.0,21,3,exclude,launch,0,0.0,prior,0.0,gzz_rev,12600.0,43200.0,213751.6555567829,0,212064.17518934153,1687.480367441382,0,1,0.7827478927240059,1,11.621531741767225,48.93922883043111,6550.440834961872,814.5866798041013,8.04142885878907,2.0067605794711287,304.0700593131129,0.0,0.0,0.20836236933797908,0.22817776337361184,2.57645968489342,0.9807692307692307,195.50318868524985,3237,7.247581243515015
core,50,3000000.0,20,3,exclude,launch,0,0.0,prior,0.0,gzz_rev,12600.0,43200.0,218299.5934485828,0,216336.15423862074,1963.439209962062,0,1,0.7664405384829459,1,11.621531741767225,63.24711946382681,6550.440834961872,630.263335993142,10.393180851365829,2.0069067442115536,304.15835746161326,0.0,0.0,0.144184384491692,0.17540684300513473,2.2900853889943074,0.9904761904761905,169.47452565152756,4216,7.593836307525635
core,50,3000000.0,3,4,exclude,launch,0,0.0,prior,0.0,gzz_rev,12600.0,43200.0,114183.2395807423,0,107342.22653592394,6841.013044818361,0,0,0.0,0,10.516019449979966,22.131743819742802,7274.107902442663,1799.075626266751,4.043247430091148,2.009208157139275,305.55033133093565,0.0,0.0,0.0,1.4137394232784246,17.18881118881119,0.9724770642201835,668.6198604960848,143,3.020385503768921
core,50,3000000.0,4,4,exclude,launch,0,0.0,prior,0.0,gzz_rev,12600.0,43200.0,92137.84710277687,0,85880.99848135302,6256.848621423844,0,0,0.0,0,10.516019449979966,24.957965172912754,7274.107902442663,1596.6954913016925,4.5557264626034035,2.0075146057782516,304.5257042569517,0.0,0.0,0.0,1.028096521852147,12.629770992366412,0.9459459459459459,500.1256098299461,262,3.323913335800171
core,50,3000000.0,23,3,exclude,launch,0,0.0,prior,0.0,gzz_rev,12600.0,43200.0,217561.4233999665,0,215583.99126087208,1977.4321390944417,0,1,0.7690410153538502,1,11.621531741767225,60.96621701265544,6550.440834961872,653.4921340699226,10.023748555573256,2.0079845869704798,304.8098782710145,0.0,0.0,0.19024045261669023,0.17380462720122827,2.1567936060178656,0.9903846153846154,177.534726254148,4254,7.318970203399658
core,50,3000000.0,22,3,exclude,launch,0,0.0,prior,0.0,gzz_rev,12600.0,43200.0,212535.88445640588,0,211012.16798681638,1523.7164695894774,0,1,0.7872254531571006,1,11.621531741767225,60.90766878436493,6550.440834961872,654.1721367093949,10.013329011400247,2.007825508419389,304.7136766262399,0.0,0.0,0.11601095258682807,0.16754989709217008,2.0030698388334613,0.9807692307692307,156.15297175830608,5212,8.43406367301941
core,50,3000000.0,25,3,exclude,launch,0,0.0,prior,0.0,gzz_rev,12600.0,43200.0,214759.5723910184,0,213125.54571407664,1634.0266769417601,0,1,0.7790742740384479,1,11.621531741767225,47.784999956168406,6550.440834961872,833.5724651513547,7.8582740059347875,2.008422308369746,305.0746656053302,0.0,0.0,0.23225677830940988,0.21377126192741044,2.226139978791092,0.9903846153846154,194.17659318201478,3772,7.440520763397217
core,50,3000000.0,24,3,exclude,launch,0,0.0,prior,0.0,gzz_rev,12600.0,43200.0,217535.60071623494,0,215895.19498967033,1640.4057265645952,0,1,0.7691323047926857,1,11.621531741767225,61.41483863715536,6550.440834961872,648.769904468673,10.096708848303507,2.0078255505002645,304.7137020723483,0.0,0.0,0.1409357561882959,0.16616565307377734,1.9338277239018824,0.9903846153846154,160.25501134858644,5259,8.295533180236816
core,50,3000000.0,28,3,exclude,launch,0,0.0,prior,0.0,gzz_rev,12600.0,43200.0,222107.81707537558,0,220034.23777117158,2073.5793042040023,0,1,0.7532992767046944,1,11.621531741767225,54.56738213085655,6550.440834961872,730.1048310664517,8.971918218091716,2.0080366993989456,304.8413962005361,0.0,0.0,0.2530014124293785,0.18944061152552355,2.0434374266259687,0.9807692307692307,187.35139468565066,4259,8.029005765914917
core,50,3000000.0,26,3,exclude,launch,0,0.0,prior,0.0,gzz_rev,12600.0,43200.0,222849.24730787025,0,219974.1464937121,2875.100814158163,0,1,0.750793013548714,1,11.621531741767225,59.71192517140726,6550.440834961872,667.0413584029727,9.820141963378262,2.008519956913957,305.133751048119,0.0,0.0,0.16801385681293302,0.16775185825979816,1.9597083653108212,0.9903846153846154,159.4780424444037,5212,8.507094383239746
core,50,3000000.0,29,3,exclude,launch,0,0.0,prior,0.0,gzz_rev,12600.0,43200.0,234873.83280504268,0,231671.4089949328,3202.4238101098977,0,1,0.7123554631656998,3,11.621531741767225,56.45427445467045,6550.440834961872,704.5868294440395,9.296853930878264,2.011215632135251,306.7671164024084,0.0,0.0,0.2076019149862179,0.16865273500160302,1.7847637415621986,0.9807692307692307,176.03581337260945,5185,8.124407052993774
core,50,3000000.0,27,3,exclude,launch,0,0.0,prior,0.0,gzz_rev,12600.0,43200.0,232032.47929881606,0,227282.9967551959,4749.48254362016,0,1,0.721078611317466,1,11.621531741767225,60.293834804495354,6550.440834961872,660.511424128416,9.917225646181013,2.0088002176369635,305.30336373131564,0.0,0.0,0.17829237107543686,0.16497332153692343,1.8949754438987534,0.9807692307692307,162.44753109697064,5294,8.59143853187561
core,50,3000000.0,30,3,exclude,launch,0,0.0,prior,0.0,gzz_rev,12600.0,43200.0,220735.59289125682,0,219175.4032374656,1560.1896537912146,0,1,0.7579822345903422,5,11.621531741767225,58.192200287579915,6550.440834961872,684.3682771194932,9.571514422808555,2.0087937027152334,305.2994203913732,0.0,0.0,0.19368761801996223,0.16845204297518354,1.798782670963122,1.0,162.2358910557627,5586,8.549326419830322
core,50,3000000.0,31,3,exclude,launch,0,0.0,prior,0.0,gzz_rev,12600.0,43200.0,497077.8051853259,0,469641.5845906458,27436.220594680126,0,2,0.8922701979056417,7,11.621531741767225,57.980870568080704,6550.440834961872,686.3569704099979,9.54378132278447,2.0102737722412396,306.1959284635632,0.0,0.0,0.20015739769150054,0.16394397525577678,1.6985178727114212,0.9711538461538461,166.74904065425386,5735,8.360568284988403
core,50,3000000.0,32,3,exclude,launch,0,0.0,prior,0.0,gzz_rev,12600.0,43200.0,310573.87601974397,0,306147.07414936187,4426.8018703821035,0,2,0.7724075122988759,10,11.621531741767225,57.86040640556136,6550.440834961872,686.5787877321079,9.540697953397519,2.0138082964540924,308.34217858774457,0.0,0.0,0.23378582202111614,0.1592323824299242,1.5202985618059348,0.9903846153846154,195.28199265646325,5493,8.040565252304077
core,50,3000000.0,17,4,exclude,launch,0,0.0,prior,0.0,gzz_rev,12600.0,43200.0,186925.15306019335,0,178738.87152872467,8186.281531468661,0,1,0.7927460591382227,1,10.516019449979966,63.27658778624973,7274.107902442663,630.4922981204875,11.537187566171626,2.0052436494506063,303.1544384282319,0.0,0.0,0.08029327610872675,0.19168854697830737,2.353542558250119,0.981651376146789,164.73668235896054,4206,7.678576231002808
core,50,3000000.0,33,3,exclude,launch,0,0.0,prior,0.0,gzz_rev,12600.0,43200.0,523972.1584664677,0,512538.77542816784,11433.383038299795,0,3,0.8961661711854443,10,11.621531741767225,58.36752465979971,6550.440834961872,681.4914498285772,9.611919322846346,2.011214077003669,306.7661728591148,0.0,0.0,0.21826565902395287,0.16028495562273398,1.6243188010899183,0.9711538461538461,170.74148748458697,5872,8.71489930152893
core,50,3000000.0,18,4,exclude,launch,0,0.0,prior,0.0,gzz_rev,12600.0,43200.0,189353.48545056683,0,181069.82752860518,8283.657921961669,0,1,0.7825796186939618,1,10.516019449979966,60.23178396666121,7274.107902442663,662.2535483783074,10.983871540220699,2.005579891428421,303.3572754135582,0.0,0.0,0.09833668433558765,0.19585563715770768,2.3587749149246475,0.9724770642201835,167.64364108383458,4114,7.521629810333252
core,50,3000000.0,20,4,exclude,launch,0,0.0,prior,0.0,gzz_rev,12600.0,43200.0,201528.41506630593,0,192453.20756095406,9075.207505351851,0,1,0.7353016615226294,1,10.516019449979966,53.43079489808461,7274.107902442663,746.1847982569511,9.74840002025584,2.00655909496127,303.9483634947752,0.0,0.0,0.13843175217812198,0.2077345836320337,2.2203651324247877,0.981651376146789,189.26786965290265,3889,7.447489500045776
core,50,3000000.0,21,4,exclude,launch,0,0.0,prior,0.0,gzz_rev,12600.0,43200.0,201097.4112793186,0,191975.12784696135,9122.283432357252,0,1,0.7368776032449921,1,10.516019449979966,63.82936150543587,7274.107902442663,624.8068399372479,11.642170727793623,2.0059666647258148,303.590679161874,0.0,0.0,0.13549361987911349,0.17998054993483062,1.8882195448460508,0.9724770642201835,192.75035582672686,4482,5.560493230819702
core,50,3000000.0,19,4,exclude,launch,0,0.0,prior,0.0,gzz_rev,12600.0,43200.0,193318.35514771647,0,184332.2417633014,8986.113384415086,0,1,0.7665292741035786,1,10.516019449979966,56.59249771640461,7274.107902442663,704.6846371568141,10.322501043575253,2.006024909300786,303.62583544009635,0.0,0.0,0.09129403794037941,0.19651914161987402,2.177158273381295,0.9724770642201835,168.70007448559727,4448,6.111856460571289
core,50,3000000.0,3,5,exclude,launch,0,0.0,prior,0.0,gzz_rev,12600.0,43200.0,94296.07689161324,0,88199.37595589609,6096.7009357171555,0,0,0.0,0,11.074282461253608,26.11785406798556,6890.610997136995,1524.7197483615846,4.51926395296016,2.0089192054002076,305.3753889076159,0.0,0.0,0.0,1.2896166748082873,17.579617834394906,0.967479674796748,592.9429860364572,157,0.9188849925994873
core,50,3000000.0,23,4,exclude,launch,0,0.0,prior,0.0,gzz_rev,12600.0,43200.0,197991.66001969762,0,189005.59709684213,8986.062922855474,0,1,0.7484364666043674,1,10.516019449979966,59.59631437272478,7274.107902442663,669.3264509697746,10.867802836573011,2.0055458562370663,303.33674069866044,0.0,0.0,0.1828793774319066,0.19848155069069431,2.1708456243854473,0.9724770642201835,184.61811756644937,4068,5.692404270172119
core,50,3000000.0,24,4,exclude,launch,0,0.0,prior,0.0,gzz_rev,12600.0,43200.0,212534.53724558384,0,202144.56097263563,10389.976272948195,0,1,0.697223991746101,1,10.516019449979966,63.67797200717081,7274.107902442663,625.1688038656047,11.63543007498885,2.0095715091013076,305.7703895967275,0.0,0.0,0.13114099320995873,0.15472324081079714,1.565947666195191,0.9724770642201835,184.140710768317,5656,5.728005409240723
core,50,3000000.0,4,5,exclude,launch,0,0.0,prior,0.0,gzz_rev,12600.0,43200.0,73804.34843444801,0,70325.73553928095,3478.612895167046,0,0,0.0,0,11.074282461253608,54.272945061734895,6890.610997136995,734.7695767239561,9.377920936600935,2.006113185047071,303.6791223376684,0.0,0.0,0.0,0.8838808336195964,12.452145214521453,0.983739837398374,432.53969873259854,303,1.3948192596435547
core,50,3000000.0,25,4,exclude,launch,0,0.0,prior,0.0,gzz_rev,12600.0,43200.0,214616.09304030208,0,202900.08455348414,11716.008486817957,0,1,0.6904616347407343,1,10.516019449979966,60.76736112869186,7274.107902442663,655.5168320997998,11.096752281923417,2.008333173717529,305.0207367657795,0.0,0.0,0.15470884255930986,0.1669769885808158,1.703781512605042,0.9724770642201835,182.6660821907351,5236,5.564853191375732
core,50,3000000.0,22,4,exclude,launch,0,0.0,prior,0.0,gzz_rev,12600.0,43200.0,192142.55134169245,0,183481.6619546174,8660.889387075089,0,1,0.7712199999819771,1,10.516019449979966,57.14155890784782,7274.107902442663,697.9303052227091,10.422398695126873,2.005976523735585,303.59662989213984,0.0,0.0,0.08761665970190835,0.1863940136717224,1.84736355226642,0.9724770642201835,163.04385127497267,5405,6.728588581085205
core,50,3000000.0,26,4,exclude,launch,0,0.0,prior,0.0,gzz_rev,12600.0,43200.0,205655.2151215982,0,195605.3347781492,10049.880343448982,0,1,0.7205466603638533,1,10.516019449979966,55.12432240836654,7274.107902442663,723.3494201551878,10.056146724887222,2.006312528795333,303.79947168313765,0.0,0.0,0.1672365557973267,0.19408173179423255,1.8923267326732673,0.981651376146789,177.6294285553806,4848,6.427881240844727
core,50,3000000.0,29,4,exclude,launch,0,0.0,prior,0.0,gzz_rev,12600.0,43200.0,236291.5459330021,0,222966.76022892378,13324.785704078326,0,1,0.627124334292911,4,10.516019449979966,61.026886886508166,7274.107902442663,652.1386057224688,11.154235983904181,2.0101518232303963,306.12201179270835,0.0,0.0,0.19730139060994079,0.1598298332288302,1.4491587417703,0.963302752293578,205.84844410611754,5468,5.9771857261657715
core,50,3000000.0,27,4,exclude,launch,0,0.0,prior,0.0,gzz_rev,12600.0,43200.0,202100.48184202003,0,193135.77581801603,8964.706024003992,0,1,0.7332203124488874,1,10.516019449979966,55.980197294704425,7274.107902442663,711.8192430203485,10.219038012484189,2.0076399905441757,304.6015051631601,0.0,0.0,0.1439079844857563,0.1791148868639386,1.7308716492100125,0.9724770642201835,167.30606366841863,5633,6.851426362991333
core,50,3000000.0,31,4,exclude,launch,0,0.0,prior,0.0,gzz_rev,12600.0,43200.0,227632.4577401862,0,214252.73646242623,13379.72127775999,0,1,0.6509800048436446,9,10.516019449979966,56.89050269064917,7274.107902442663,699.5010607697578,10.398994812728311,2.010304469923045,306.2145365839457,0.0,0.0,0.20531498718467556,0.16871882905291144,1.4297239153818573,0.9724770642201835,204.00555736260193,5578,6.066999912261963
core,50,3000000.0,28,4,exclude,launch,0,0.0,prior,0.0,gzz_rev,12600.0,43200.0,197818.6992170807,0,188549.36544328404,9269.333773796647,0,1,0.7490908545489079,1,10.516019449979966,53.72107759290239,7274.107902442663,741.4057177090738,9.81123793450027,2.0085809546628663,305.1706626325976,0.0,0.0,0.1354521377222853,0.1801399712829602,1.6290214477211795,0.9724770642201835,167.42675750872633,5968,7.2273383140563965
core,50,3000000.0,33,4,exclude,launch,0,0.0,prior,0.0,gzz_rev,12600.0,43200.0,768989.6087108195,0,703127.1369273586,65862.47178346087,0,4,0.9205722535920174,11,10.516019449979966,54.66335792264986,7274.107902442663,728.8723141444974,9.979948149053424,2.0079006781517226,304.7591331056106,0.0,0.0,0.24753193960511033,0.18141974530381785,1.534412955465587,0.8990825688073395,204.51990465446377,5187,6.1607019901275635
core,50,3000000.0,30,4,exclude,launch,0,0.0,prior,0.0,gzz_rev,12600.0,43200.0,225130.32350331417,0,213837.54321339246,11292.780289921699,0,1,0.6582151001977099,6,10.516019449979966,59.69139148645598,7274.107902442663,667.1101111566129,10.903908936159072,2.009003812171832,305.42660789318666,0.0,0.0,0.16310679611650486,0.16273507173266577,1.4217741935483872,0.9724770642201835,184.89955131136114,6200,6.836930274963379
core,50,3000000.0,34,4,exclude,launch,0,0.0,prior,0.0,gzz_rev,12600.0,43200.0,1179285.1828346956,0,1056883.8238087494,122401.35902594628,0,6,0.9614011705411065,15,10.516019449979966,60.663769254977865,7274.107902442663,656.3179177393516,11.083207856792784,2.0093071751508322,305.61029214328573,0.0,0.0,0.19809013625247468,0.1560514399975556,1.386412875270814,0.8348623853211009,181.63908604095872,6462,6.234933376312256
core,50,3000000.0,32,4,exclude,launch,0,0.0,prior,0.0,gzz_rev,12600.0,43200.0,779289.7682177973,0,711775.7103241523,67514.05789364492,0,4,0.9069904648257276,10,10.516019449979966,58.29036991008395,7274.107902442663,683.059495232412,10.649303542684281,2.009253080213197,305.5775339759477,0.0,0.0,0.1716923796166433,0.16268109400351258,1.3384065848734275,0.8990825688073395,188.82767789816748,6439,6.857333183288574
core,50,3000000.0,18,5,exclude,launch,0,0.0,prior,0.0,gzz_rev,12600.0,43200.0,90859.38131196449,0,82291.77113084318,8567.610181121307,0,1,0.5540784165310374,1,11.074282461253608,53.28240445384705,6890.610997136995,748.7487421614835,9.202834821792447,2.005257116702271,303.1625612041689,0.0,0.0,0.11374207188160676,0.22624611949739884,2.7838293093767548,0.9512195121951219,164.1707232106334,3562,5.540814399719238
core,50,3000000.0,2,6,exclude,launch,0,0.0,prior,0.0,gzz_rev,12600.0,43200.0,137536.68957407118,0,126712.97980291958,10823.709771151602,0,0,0.0,0,9.996281918182664,70.00893227189327,7669.642238462474,568.1381951572531,13.499606792568521,2.011326360722566,306.83430236770494,0.0,0.0,0.0,1.938395776053105,25.55072463768116,0.9368421052631579,933.245098432083,69,2.490659236907959
core,50,3000000.0,21,5,exclude,launch,0,0.0,prior,0.0,gzz_rev,12600.0,43200.0,100950.36645809168,0,92141.22332091024,8809.143137181432,0,1,0.49869281202879573,1,11.074282461253608,64.84057615738548,6890.610997136995,614.7027688610754,11.209663183889601,2.0071413236015228,304.3000937117481,0.0,0.0,0.10009772441714365,0.162137452150422,1.780786350148368,0.943089430894309,169.7106132957069,5392,5.570874214172363
core,50,3000000.0,20,5,exclude,launch,0,0.0,prior,0.0,gzz_rev,12600.0,43200.0,94210.2054310923,0,86264.9809013611,7945.224529731196,0,1,0.534371216939397,1,11.074282461253608,64.56602545282986,6890.610997136995,617.4593703357082,11.159618475610177,2.006677348247603,304.0197850424479,0.0,0.0,0.07005208333333333,0.1625841024700183,1.8853536226871865,0.943089430894309,149.4815370014157,5783,6.3919456005096436
core,50,3000000.0,3,6,exclude,launch,0,0.0,prior,0.0,gzz_rev,12600.0,43200.0,112982.01366091929,0,105677.50884770472,7304.504813214552,0,0,0.0,0,9.996281918182664,30.33259291073344,7669.642238462474,1312.8254246399133,5.842088441093478,2.008970093229582,305.40619470951333,0.0,0.0,0.0,1.3265827385716724,15.137254901960784,0.9473684210526315,717.2072643577261,153,2.847670793533325
core,50,3000000.0,19,5,exclude,launch,0,0.0,prior,0.0,gzz_rev,12600.0,43200.0,86193.76688897262,0,78202.42987587737,7991.337013095265,0,1,0.5840703329414914,1,11.074282461253608,64.48853651055072,6890.610997136995,618.3008582940671,11.14443058699392,2.006354250582681,303.82466329974886,0.0,0.0,0.03003573023671282,0.1593401709794634,1.8404444444444445,0.959349593495935,131.43607921332773,6750,7.502325773239136
core,50,3000000.0,26,5,exclude,launch,0,0.0,prior,0.0,gzz_rev,12600.0,43200.0,108234.52000190956,0,98432.71098682462,9801.809015084946,0,1,0.46513092240289844,1,11.074282461253608,72.05313937042966,6890.610997136995,552.802137338675,12.464877632908738,2.0084793254127664,305.1091649354964,0.0,0.0,0.11836599867870513,0.13784627373749378,1.5776152158010242,0.9349593495934959,151.32689315811345,6835,8.23725175857544
core,50,3000000.0,22,5,exclude,launch,0,0.0,prior,0.0,gzz_rev,12600.0,43200.0,84617.04277553195,0,76908.02129528481,7709.021480247133,0,1,0.5949536934051362,1,11.074282461253608,59.24531328593872,6890.610997136995,673.2191226988352,10.235316800737271,2.005762664728895,303.4675613287701,0.0,0.0,0.08475263584752636,0.18112656745470854,2.0553558590941767,0.943089430894309,142.16135756953273,5564,8.849924564361572
core,50,3000000.0,25,5,exclude,launch,0,0.0,prior,0.0,gzz_rev,12600.0,43200.0,99150.3822962173,0,90571.79408357332,8578.588212643977,0,1,0.5077461221876094,1,11.074282461253608,72.33314962716523,6890.610997136995,550.8729056889943,12.508531325421949,2.007710999939512,304.6444378197272,0.0,0.0,0.11043838995403073,0.14006277183970314,1.5459009076030352,0.943089430894309,156.66773416753946,6721,8.513022422790527
core,50,3000000.0,23,5,exclude,launch,0,0.0,prior,0.0,gzz_rev,12600.0,43200.0,87768.11299050861,0,79586.42708551695,8181.685904991667,0,1,0.5735935342459437,1,11.074282461253608,62.36720415231356,6890.610997136995,639.5091643422952,10.774843241259351,2.005796822528005,303.48817446222927,0.0,0.0,0.0922741273100616,0.17175957942277645,1.9081302198738708,0.959349593495935,145.87483726015185,5867,8.954090595245361
core,50,3000000.0,24,5,exclude,launch,0,0.0,prior,0.0,gzz_rev,12600.0,43200.0,94253.79858870144,0,85575.93850578948,8677.860082911962,0,1,0.5341240658533849,1,11.074282461253608,55.25842677639359,6890.610997136995,721.3952776131727,9.551782789506817,2.006865077795518,304.13318546525244,0.0,0.0,0.09159524114110272,0.1825775830549218,1.7407847800237812,0.959349593495935,158.9209542555402,5887,9.27142858505249
core,50,3000000.0,29,5,exclude,launch,0,0.0,prior,0.0,gzz_rev,12600.0,43200.0,107509.62294541922,0,97502.89116315388,10006.731782265344,0,1,0.4682671257240075,2,11.074282461253608,71.67688105507051,6890.610997136995,555.861877694466,12.396264744250866,2.0079088673757273,304.7640854803865,0.0,0.0,0.15115756349741516,0.1405956341275429,1.463134328358209,0.9512195121951219,166.17531896849923,6700,8.576499700546265
core,50,3000000.0,27,5,exclude,launch,0,0.0,prior,0.0,gzz_rev,12600.0,43200.0,94291.13561666333,0,85900.26059103168,8390.875025631658,0,1,0.5339125655352304,1,11.074282461253608,61.6865791725904,6890.610997136995,646.0062101005321,10.666477952378617,2.007532602332141,304.53658342865293,0.0,0.0,0.11071147577835225,0.16042735323217722,1.6674623302998657,0.943089430894309,145.5424392483852,6703,9.46658992767334
core,50,3000000.0,28,5,exclude,launch,0,0.0,prior,0.0,gzz_rev,12600.0,43200.0,97865.69121775015,0,89198.00380364999,8667.687414100152,0,1,0.5144113478165723,1,11.074282461253608,58.32788404615732,6890.610997136995,683.3422458596083,10.083689452668,2.0071299638819786,304.29322924467465,0.0,0.0,0.12962962962962962,0.17166634591304156,1.7154484519629747,0.9349593495934959,151.4940069197703,6266,9.235829591751099
core,50,3000000.0,16,6,exclude,launch,0,0.0,prior,0.0,gzz_rev,12600.0,43200.0,277463.5967481375,0,265555.44141811837,11908.15533001911,0,1,0.8787327084430525,1,9.996281918182664,59.15904919888325,7669.642238462474,674.1513133999067,11.376737070766248,2.0059098760204614,303.5564036026499,0.0,0.0,0.09422875131164743,0.20624494781863928,2.5404801786711335,0.9782608695652174,179.08257553792012,3582,7.23029637336731
core,50,3000000.0,30,5,exclude,launch,0,0.0,prior,0.0,gzz_rev,12600.0,43200.0,94009.139856958,0,85391.87608466868,8617.263772289327,0,1,0.5355141234237891,4,11.074282461253608,58.48228345967529,6890.610997136995,681.5417774383618,10.110328119628994,2.0071192813063607,304.2867740337124,0.0,0.0,0.15059952038369304,0.1711798440175147,1.7018633540372672,0.9512195121951219,152.39196794015982,6279,9.546595335006714
core,50,3000000.0,31,5,exclude,launch,0,0.0,prior,0.0,gzz_rev,12600.0,43200.0,105923.75449155622,0,95978.77582228354,9944.978669272683,0,1,0.4752779238800137,4,11.074282461253608,63.790668253810914,6890.610997136995,624.3045746399214,11.03725853860878,2.008798234435261,305.3021633399102,0.0,0.0,0.16311895276038701,0.15252601507467894,1.5183895868018769,0.9512195121951219,162.49793528490628,6607,8.908470392227173
core,50,3000000.0,19,6,exclude,launch,0,0.0,prior,0.0,gzz_rev,12600.0,43200.0,278317.3594534419,0,266076.32355204906,12241.03590139291,0,1,0.8760371194367704,1,9.996281918182664,53.947233034602824,7669.642238462474,738.8671931265349,10.380271731930867,2.007032609689205,304.2344030932353,0.0,0.0,0.11987802553840289,0.20394011219827393,2.383973710819009,0.967391304347826,172.78200171282887,3956,7.373901844024658
core,50,3000000.0,20,6,exclude,launch,0,0.0,prior,0.0,gzz_rev,12600.0,43200.0,279715.21641475934,0,267705.4611175007,12009.75529725867,0,1,0.8716591860462535,1,9.996281918182664,48.305841380066006,7669.642238462474,825.2369529889484,9.29386670178012,2.006835011532088,304.11502213404606,0.0,0.0,0.15420962199312716,0.22991336367743664,2.5930365296803655,0.9782608695652174,179.39849275425627,3504,7.2656073570251465
core,50,3000000.0,18,6,exclude,launch,0,0.0,prior,0.0,gzz_rev,12600.0,43200.0,272705.685601218,0,261034.82037114823,11670.86523006979,0,1,0.8940640065032557,1,9.996281918182664,60.98223154418977,7669.642238462474,653.7298805714396,11.732127391451453,2.0067272045672553,304.0498993247402,0.0,0.0,0.06869525126786538,0.17837157943166798,2.1551337007552562,0.9782608695652174,154.539165457171,4899,8.336493253707886
core,50,3000000.0,17,6,exclude,launch,0,0.0,prior,0.0,gzz_rev,12600.0,43200.0,277414.96489039576,0,265227.3029893484,12187.661901047311,0,1,0.8788867535000238,1,9.996281918182664,55.74005335275936,7669.642238462474,715.1831591546694,10.724025223871072,2.0068057078771826,304.0973200242223,0.0,0.0,0.040918770915728625,0.1902467019220755,2.17108190091001,0.9891304347826086,151.85181170378686,4945,8.773896932601929
core,50,3000000.0,32,5,exclude,launch,0,0.0,prior,0.0,gzz_rev,12600.0,43200.0,259146.5699373265,0,237036.148591359,22110.42134596748,0,2,0.8200703100762395,6,11.074282461253608,65.90042982462242,6890.610997136995,604.4948051724036,11.398958168336572,2.008210191450236,304.9463370432366,0.0,0.0,0.1287138202031819,0.1456496963098942,1.3535186129525751,0.926829268292683,153.6545505742186,7844,10.051200151443481
core,50,3000000.0,21,6,exclude,launch,0,0.0,prior,0.0,gzz_rev,12600.0,43200.0,283436.29855499277,0,271107.2964653888,12329.00208960399,0,1,0.8602156431898825,1,9.996281918182664,58.848940899411495,7669.642238462474,677.4178010237665,11.321878797503569,2.0067567430980806,304.0677419320364,0.0,0.0,0.17848605577689244,0.19574893831272897,2.2174028034911397,0.9782608695652174,194.5887832090149,3781,7.1623969078063965
core,50,3000000.0,2,7,exclude,launch,0,0.0,prior,0.0,gzz_rev,12600.0,43200.0,140333.3533553674,0,130653.57662344466,9679.776731922762,0,0,0.0,0,11.563730725972865,22.813402086843116,6584.84920617487,1741.8943456364027,3.7802804875453506,2.013159211478833,307.94747634132324,0.0,0.0,0.0,1.7746552084132299,24.13157894736842,0.9405940594059405,906.8462650142284,76,2.9520812034606934
core,50,3000000.0,23,6,exclude,launch,0,0.0,prior,0.0,gzz_rev,12600.0,43200.0,282853.9542449431,0,270604.248401076,12249.705843867081,0,1,0.8619866691123007,1,9.996281918182664,61.096132561154974,7669.642238462474,652.0267020839525,11.762773232981736,2.0082181395209346,304.9511450577165,0.0,0.0,0.12963499420625724,0.16833112586454618,1.8311838306063524,0.9782608695652174,171.54317553546045,5195,8.152670860290527
core,50,3000000.0,24,6,exclude,launch,0,0.0,prior,0.0,gzz_rev,12600.0,43200.0,283769.8272141438,0,271404.8119972794,12365.015216864407,0,1,0.8592045893619521,1,9.996281918182664,59.6354013890413,7669.642238462474,667.6297462035257,11.48786776214791,2.009324880223274,305.62101415131815,0.0,0.0,0.11826821541710665,0.165094499446389,1.6763572679509633,0.9782608695652174,170.39920434930474,5710,8.535345554351807
core,50,3000000.0,3,7,exclude,launch,0,0.0,prior,0.0,gzz_rev,12600.0,43200.0,88134.70709762925,0,83684.90722262238,4449.79987500686,0,0,0.0,0,11.563730725972865,26.368567341312076,6584.84920617487,1509.8305171878133,4.361316804246153,2.0094409732817544,305.69132356200464,0.0,0.0,0.0,1.2149838376009303,16.736526946107784,0.96,592.5832919048112,167,3.3319265842437744
core,50,3000000.0,22,6,exclude,launch,0,0.0,prior,0.0,gzz_rev,12600.0,43200.0,277514.9022443535,0,265718.3101087407,11796.592135612746,0,1,0.8785702529594569,1,9.996281918182664,55.895598111433614,7669.642238462474,712.8288038344963,10.759444900662574,2.0078309250376503,304.71695203867364,0.0,0.0,0.08451083299690486,0.18006024537973933,1.86875,0.9782608695652174,155.84190267697576,5600,8.969106912612915
core,50,3000000.0,4,7,exclude,launch,0,0.0,prior,0.0,gzz_rev,12600.0,43200.0,67476.92733735139,0,64945.74248232275,2531.1848550286377,0,0,0.0,0,11.563730725972865,24.037972001924377,6584.84920617487,1657.4018216609309,3.9729950336219613,2.0080029668563104,304.8209943573372,0.0,0.0,0.0,1.0010782510531029,13.470149253731343,0.9690721649484536,450.8982835028509,268,3.7408947944641113
core,50,3000000.0,25,6,exclude,launch,0,0.0,prior,0.0,gzz_rev,12600.0,43200.0,281669.4752385388,0,269257.88404509757,12411.591193441223,0,1,0.8656115031930891,1,9.996281918182664,56.53628769666174,7669.642238462474,704.6563677125753,10.884230370839239,2.0080999153802477,304.8796318168988,0.0,0.0,0.14156496769562096,0.17941383750126633,1.8646329837940896,0.9782608695652174,166.70441719241933,5245,8.686933994293213
core,50,3000000.0,27,6,exclude,launch,0,0.0,prior,0.0,gzz_rev,12600.0,43200.0,290133.6434702707,0,277629.46156079567,12504.181909474977,0,1,0.8403587220998211,1,9.996281918182664,62.109023052456564,7669.642238462474,640.9156120496084,11.966695917946879,2.009714834724761,305.8572142389754,0.0,0.0,0.2032029007402931,0.16215978744517504,1.7312173563680193,0.9891304347826086,189.33018951664855,4978,7.789688587188721
core,50,3000000.0,28,6,exclude,launch,0,0.0,prior,0.0,gzz_rev,12600.0,43200.0,297295.09765545087,0,283993.6201962949,13301.477459155945,0,1,0.8201155679580371,1,9.996281918182664,56.271413358450474,7669.642238462474,707.5896363535203,10.839110473673795,2.0091885761347252,305.5384746602503,0.0,0.0,0.20616658996778647,0.17819935808284007,1.7198776758409786,0.967391304347826,193.02343851963016,4905,8.567335605621338
core,50,3000000.0,26,6,exclude,launch,0,0.0,prior,0.0,gzz_rev,12600.0,43200.0,286213.7036034655,0,273823.03413362283,12390.669469842662,0,1,0.8518681488522867,1,9.996281918182664,59.11156541314392,7669.642238462474,673.6345852309123,11.385463879995754,2.0090611243659815,305.4613058120217,0.0,0.0,0.14404395015409352,0.16749544051290738,1.730427046263345,0.9782608695652174,167.67797964735442,5620,8.853844165802002
core,50,3000000.0,29,6,exclude,launch,0,0.0,prior,0.0,gzz_rev,12600.0,43200.0,290274.2625436401,0,277979.6247238835,12294.637819756568,0,1,0.8399516227457019,1,9.996281918182664,54.21303042819805,7669.642238462474,734.5567579054169,10.441183960150882,2.008912143593889,305.3711140473647,0.0,0.0,0.16977561503108948,0.1809052318383539,1.7335007173601147,0.9782608695652174,168.49475979087805,5576,9.551005840301514
core,50,3000000.0,30,6,exclude,launch,0,0.0,prior,0.0,gzz_rev,12600.0,43200.0,289800.62041042704,0,276213.07521139336,13587.545199033715,0,1,0.8413244164886168,6,9.996281918182664,54.185690788172636,7669.642238462474,734.5269058469761,10.441608302446976,2.010007435278979,306.03450579564606,0.0,0.0,0.1775750363612323,0.17721658152195016,1.744549929676512,0.9782608695652174,163.92602506711881,5688,9.552253484725952
core,50,3000000.0,32,6,exclude,launch,0,0.0,prior,0.0,gzz_rev,12600.0,43200.0,419316.69149511494,0,405985.2434953631,13331.447999751856,0,2,0.873973524737434,10,9.996281918182664,56.62546145630106,7669.642238462474,703.0759955243853,10.908695912370204,2.009444253084625,305.69331002567293,0.0,0.0,0.22323525348805084,0.17279077457687528,1.6402349486049927,0.967391304347826,182.25617574687627,5448,8.724811792373657
core,50,3000000.0,31,6,exclude,launch,0,0.0,prior,0.0,gzz_rev,12600.0,43200.0,360525.963277951,0,342260.964774165,18264.998503785955,0,2,0.8790032827537766,8,9.996281918182664,54.712043129592,7669.642238462474,728.0073771261452,10.535116098327007,2.0084973993571587,305.12010135304575,0.0,0.0,0.19161195229800349,0.17984220145842736,1.6927055466381309,0.967391304347826,171.62332700224908,5607,9.563518285751343
core,50,3000000.0,19,7,exclude,launch,0,0.0,prior,0.0,gzz_rev,12600.0,43200.0,162152.6997466338,0,156932.27219605178,5220.427550581996,0,1,0.7553297076257456,1,11.563730725972865,55.6253559473463,6584.84920617487,716.8628111727148,9.185647663048282,2.006231906163692,303.75079469454533,0.0,0.0,0.20119820269595606,0.2227949058834792,2.8829575596816976,0.9896907216494846,187.24443738934426,3016,6.779134035110474
core,50,3000000.0,33,6,exclude,launch,0,0.0,prior,0.0,gzz_rev,12600.0,43200.0,419982.8432311168,0,398338.13136141316,21644.71186970365,0,3,0.8716294781675242,11,9.996281918182664,62.91006713552443,7669.642238462474,632.5915962464114,12.124160807654711,2.01023310219915,306.1712762336756,0.0,0.0,0.19231664726426076,0.15160577881801354,1.4581593194122195,0.9456521739130435,172.9147354199033,6465,9.153916358947754
core,50,3000000.0,3,8,exclude,launch,0,0.0,prior,0.0,gzz_rev,12600.0,43200.0,93614.89765440751,0,90012.14922398694,3602.7484304205664,0,0,0.0,0,11.053074046788963,46.56943430696627,6904.472155108215,855.6112009617897,8.069637409312689,2.0077635389641886,304.6762051396878,0.0,0.0,0.0,1.2828843856460135,17.515923566878982,0.989247311827957,594.7715975000294,157,3.2065021991729736
core,50,3000000.0,4,8,exclude,launch,0,0.0,prior,0.0,gzz_rev,12600.0,43200.0,66744.56532924277,0,64361.215175200196,2383.3501540425727,0,0,0.0,0,11.053074046788963,45.478137828878715,6904.472155108215,876.8501872507522,7.87417537852877,2.0061431276755375,303.69719801061376,0.0,0.0,0.0,0.9827483029052665,13.357664233576642,1.0,444.57709698711807,274,3.7906620502471924
core,50,3000000.0,21,7,exclude,launch,0,0.0,prior,0.0,gzz_rev,12600.0,43200.0,158679.51018956502,0,153672.5975641656,5006.912625399434,0,1,0.7718624234725201,1,11.563730725972865,64.66427186841614,6584.84920617487,616.5805351993179,10.679625499443038,2.0064843878553735,303.9032468989819,0.0,0.0,0.10536342321219226,0.16965007422398745,2.1294209094442285,0.979381443298969,148.67545347311716,5146,8.720738887786865
core,50,3000000.0,20,7,exclude,launch,0,0.0,prior,0.0,gzz_rev,12600.0,43200.0,155683.51546818524,0,150763.49852058513,4920.016947600118,0,1,0.7867162488078522,1,11.563730725972865,67.39837105753493,6584.84920617487,591.6827138545673,11.129020760598719,2.0060959691240696,303.6687297263103,0.0,0.0,0.0532811202088525,0.15872721549668423,2.0116645649432536,0.979381443298969,127.94966438791816,6344,9.68082571029663
core,50,3000000.0,22,7,exclude,launch,0,0.0,prior,0.0,gzz_rev,12600.0,43200.0,161196.54921794496,0,155649.64465957592,5546.904558369048,0,1,0.7598100076246254,1,11.563730725972865,69.3921356127166,6584.84920617487,574.3816210154154,11.464240785653804,2.0071470825018016,304.30357373756715,0.0,0.0,0.08635432976032759,0.15040324285774867,1.8964856230031948,0.979381443298969,137.53066895776246,6260,9.192090511322021
core,50,3000000.0,23,7,exclude,launch,0,0.0,prior,0.0,gzz_rev,12600.0,43200.0,157847.07587392535,0,153170.3800602197,4676.695813705658,0,1,0.7759329757123633,1,11.563730725972865,67.66807526536745,6584.84920617487,589.2278034248131,11.175387800611674,2.0064250067309954,303.8673882520451,0.0,0.0,0.10243716679360244,0.1589260854320483,1.9268374915711395,0.9896907216494846,142.79090647198666,5932,9.447126865386963
core,50,3000000.0,24,7,exclude,launch,0,0.0,prior,0.0,gzz_rev,12600.0,43200.0,158277.90316159304,0,153416.22549890447,4861.677662688562,0,1,0.7738209114718005,1,11.563730725972865,65.18275276273712,6584.84920617487,611.7019727272223,10.76479968965421,2.0063994887791456,303.85197930447777,0.0,0.0,0.11834632148989566,0.1652064618730338,2.091994382022472,0.9896907216494846,136.86828753430652,5696,9.3774254322052
core,50,3000000.0,26,7,exclude,launch,0,0.0,prior,0.0,gzz_rev,12600.0,43200.0,171665.75550229274,0,165521.4988169136,6144.256685379124,0,1,0.7134722410534247,1,11.563730725972865,73.12736122224263,6584.84920617487,544.7653451959675,12.087496505134911,2.008170634850087,304.92240869220814,0.0,0.0,0.14117931953020946,0.1405846600984317,1.6920353982300884,0.979381443298969,154.98194314886032,6215,8.801619529724121
core,50,3000000.0,25,7,exclude,launch,0,0.0,prior,0.0,gzz_rev,12600.0,43200.0,170133.70090176712,0,164016.60782348298,6117.093078284155,0,1,0.7198970612005207,1,11.563730725972865,68.9238300054586,6584.84920617487,578.1474958252631,11.389566250348418,2.007621950772295,304.5905987034494,0.0,0.0,0.11764705882352941,0.14899615662668503,1.7077922077922079,0.979381443298969,151.28345781706915,6314,9.532819271087646
core,50,3000000.0,27,7,exclude,launch,0,0.0,prior,0.0,gzz_rev,12600.0,43200.0,176113.76246709857,0,169302.18398960322,6811.578477495321,0,1,0.695452471031232,1,11.563730725972865,63.418179047906314,6584.84920617487,627.8836889934772,10.487371023653518,2.0090790175402207,305.47213909198103,0.0,0.0,0.14508288670073538,0.1558208177963962,1.7416307590321511,0.979381443298969,154.56480452285837,6034,9.312172412872314
core,50,3000000.0,30,7,exclude,launch,0,0.0,prior,0.0,gzz_rev,12600.0,43200.0,176110.00577284172,0,169586.54061216072,6523.465160680996,0,1,0.6954673060901023,4,11.563730725972865,73.68311508356177,6584.84920617487,540.4704028711229,12.183551904404746,2.0088619491468998,305.3407297309445,0.0,0.0,0.15450134770889487,0.13480538795038294,1.5589795040848502,0.979381443298969,149.66435033621423,6977,9.360005855560303
core,50,3000000.0,28,7,exclude,launch,0,0.0,prior,0.0,gzz_rev,12600.0,43200.0,168325.35196855382,0,162917.7720515554,5407.579916998425,0,1,0.7276310422522189,1,11.563730725972865,61.49440774070689,6584.84920617487,647.7760244267675,10.165317884375174,2.0083041886657025,305.0032010642403,0.0,0.0,0.1405307599517491,0.1613847775625906,1.7743589743589743,0.979381443298969,147.04060882817618,6240,9.828798770904541
core,50,3000000.0,31,7,exclude,launch,0,0.0,prior,0.0,gzz_rev,12600.0,43200.0,166739.50135996408,0,161053.63896543207,5685.862394532049,0,1,0.7345515027416216,7,11.563730725972865,64.74227088237724,6584.84920617487,615.1161785360586,10.705049608427526,2.0088379702901555,305.32621508974825,0.0,0.0,0.16214689265536722,0.15136736185634397,1.675472830981687,0.979381443298969,146.02216172389123,6662,9.66537356376648
core,50,3000000.0,29,7,exclude,launch,0,0.0,prior,0.0,gzz_rev,12600.0,43200.0,169147.91756702316,0,163088.6387186296,6059.27884839356,0,1,0.724092575611046,3,11.563730725972865,67.53364838856129,6584.84920617487,589.8310794154293,11.163957675307637,2.008362584519565,305.03853055769315,0.0,0.0,0.11815415821501014,0.1449551152746123,1.650943396226415,0.979381443298969,133.11944465542075,7420,10.396289110183716
core,50,3000000.0,32,7,exclude,launch,0,0.0,prior,0.0,gzz_rev,12600.0,43200.0,176907.58407529612,0,170316.50308617734,6591.080989118798,0,1,0.6923318292460545,8,11.563730725972865,67.7069717718591,6584.84920617487,587.5607862174226,11.20709441582474,2.0109616733182047,306.6130514755034,0.0,0.0,0.15888240200166806,0.13966479535244108,1.4668975069252077,0.9896907216494846,153.81766600575443,7220,10.058722496032715
core,50,3000000.0,18,8,exclude,launch,0,0.0,prior,0.0,gzz_rev,12600.0,43200.0,250766.85531522083,0,240359.9549229048,10406.900392316,0,1,0.8794069254923952,1,11.053074046788963,49.554077609703654,6904.472155108215,805.0334066384564,8.576628122724651,2.0053800380296916,303.23670626057515,0.0,0.0,0.12027721886876816,0.2393540787407279,2.9053131493024638,0.989247311827957,166.41870203710778,3369,8.054080247879028
core,50,3000000.0,33,7,exclude,launch,0,0.0,prior,0.0,gzz_rev,12600.0,43200.0,779155.6836750149,0,735312.9691524147,43842.714522600225,0,4,0.947434423409174,10,11.563730725972865,59.713701157292014,6584.84920617487,667.1589735624326,9.869985216587455,2.008106143570907,304.88339901162186,0.0,0.0,0.1986714232992988,0.1648499580250073,1.806114108222985,0.9175257731958762,147.51452916094587,6117,9.59384298324585
core,50,3000000.0,19,8,exclude,launch,0,0.0,prior,0.0,gzz_rev,12600.0,43200.0,252658.29665269132,0,242118.37877013473,10539.91788255658,0,1,0.8728235413986541,1,11.053074046788963,47.87806262288031,6904.472155108215,833.158340657207,8.287106805726593,2.0055148042798576,303.31800648778795,0.0,0.0,0.14351005484460694,0.245076782120202,2.8836926814454906,0.989247311827957,172.29000935482202,3293,7.97207236289978
core,50,3000000.0,21,8,exclude,launch,0,0.0,prior,0.0,gzz_rev,12600.0,43200.0,262772.84108391043,0,251908.96636552957,10863.87471838082,0,1,0.8392271756034877,1,11.053074046788963,53.864106297760344,6904.472155108215,739.8288083631916,9.332526764379145,2.0075172700823876,304.5273148542802,0.0,0.0,0.1183754333828628,0.1918400185414965,2.056359649122807,0.989247311827957,174.32837344048096,4560,8.210389137268066
core,50,3000000.0,22,8,exclude,launch,0,0.0,prior,0.0,gzz_rev,12600.0,43200.0,257414.3177129511,0,246764.6464167847,10649.671296166409,0,1,0.8566971379349141,1,11.053074046788963,53.357525997890605,6904.472155108215,747.1323023464812,9.241297871104868,2.006766251582138,304.0734855974248,0.0,0.0,0.13866483610777416,0.19930842096393148,2.2868217054263567,0.989247311827957,162.90948979118872,4386,8.6000394821167
core,50,3000000.0,20,8,exclude,launch,0,0.0,prior,0.0,gzz_rev,12600.0,43200.0,250206.95631062117,0,239895.1946178445,10311.761692776643,0,1,0.8813748126745977,1,11.053074046788963,53.27256231098883,6904.472155108215,748.6559245004411,9.222490504854273,2.0058762451782037,303.5361061841405,0.0,0.0,0.0875366091767003,0.2036894818037106,2.3079584775086506,0.989247311827957,153.29585708826923,4624,9.070882558822632
core,50,3000000.0,2,9,exclude,launch,0,0.0,prior,0.0,gzz_rev,12600.0,43200.0,139415.02125119325,0,130097.97391348462,9317.047337708625,0,0,0.0,0,10.493072784437931,18.850969412994754,7290.744155068959,2108.2632095893605,3.458175488671086,2.012942957583715,307.8160305955335,0.0,0.0,0.0,2.1192394355190385,26.22222222222222,0.9603960396039604,984.6715173602269,63,2.8381881713867188
core,50,3000000.0,3,9,exclude,launch,0,0.0,prior,0.0,gzz_rev,12600.0,43200.0,89106.9047896317,0,84319.08730081518,4787.817488816516,0,0,0.0,0,10.493072784437931,22.422817216325917,7290.744155068959,1775.5433142641584,4.10620461719937,2.0094099060676633,305.67250754025866,0.0,0.0,0.0,1.355683106923014,17.64666666666667,0.9702970297029703,621.3837790181703,150,3.243375539779663
core,50,3000000.0,4,9,exclude,launch,0,0.0,prior,0.0,gzz_rev,12600.0,43200.0,72237.30789447654,0,69206.25834590787,3031.049548568677,0,0,0.0,0,10.493072784437931,22.001485415101268,7290.744155068959,1810.7060328985303,4.026464827865034,2.008121729158944,304.8928262407257,0.0,0.0,0.0,1.0306592385452558,12.639846743295019,0.9801980198019802,496.9858977100745,261,3.7884373664855957
core,50,3000000.0,23,8,exclude,launch,0,0.0,prior,0.0,gzz_rev,12600.0,43200.0,257370.03369042894,0,246768.99998823777,10601.033702191144,0,1,0.8568445443551885,1,11.053074046788963,51.22941457609767,6904.472155108215,777.8928537183087,8.875865258441452,2.007478081750058,304.5036255620332,0.0,0.0,0.1046562545613779,0.19549032486961376,2.042821158690176,0.989247311827957,154.62106430327947,5161,9.406395673751831
core,50,3000000.0,25,8,exclude,launch,0,0.0,prior,0.0,gzz_rev,12600.0,43200.0,265426.3037779797,0,254266.15405824318,11160.149719736508,0,1,0.8308374343810986,1,11.053074046788963,52.72520297188318,6904.472155108215,755.5943174416502,9.137803177882427,2.0080893998128317,304.8732714044988,0.0,0.0,0.21359223300970873,0.1963333039006702,2.1648405161918673,0.989247311827957,183.28129384181304,4107,8.039035320281982
core,50,3000000.0,24,8,exclude,launch,0,0.0,prior,0.0,gzz_rev,12600.0,43200.0,272398.79171066766,0,260102.3009130142,12296.49079765348,0,1,0.8095708055944303,1,11.053074046788963,55.48821649720232,6904.472155108215,717.7904175158615,9.619064265309229,2.0085912425366423,305.17688835648227,0.0,0.0,0.1537143747079894,0.18062848553565128,1.970004137360364,0.978494623655914,170.76513017589963,4834,8.736543416976929
core,50,3000000.0,26,8,exclude,launch,0,0.0,prior,0.0,gzz_rev,12600.0,43200.0,259247.78671168647,0,248244.23085609303,11003.555855593417,0,1,0.8506383489144526,1,11.053074046788963,52.76507099901222,6904.472155108215,755.1634778552948,9.143016522352603,2.0077169348505928,304.6480262354021,0.0,0.0,0.1646788990825688,0.19135022150640618,1.9900446972775294,0.989247311827957,166.42393770906398,4922,9.18069863319397
core,50,3000000.0,28,8,exclude,launch,0,0.0,prior,0.0,gzz_rev,12600.0,43200.0,263869.7649484283,0,252955.47939306148,10914.285555366823,0,1,0.8357384533663983,1,11.053074046788963,53.84577518882416,6904.472155108215,739.712578123581,9.333993174244377,2.008516250200578,305.13150807559015,0.0,0.0,0.2152020525978191,0.1863397873636424,1.9748454487316138,0.989247311827957,175.98250368717217,4691,6.789384841918945
core,50,3000000.0,17,9,exclude,launch,0,0.0,prior,0.0,gzz_rev,12600.0,43200.0,267985.59010725026,0,254037.04344340137,13948.546663848922,0,1,0.8575501370938858,1,10.493072784437931,50.04845752014195,7290.744155068959,796.6181374269364,9.152119205593214,2.0065459039978677,303.9403970564656,0.0,0.0,0.1682293061880525,0.23895942161305803,2.641509433962264,0.9900990099009901,219.78045638846442,2809,5.342499256134033
core,50,3000000.0,27,8,exclude,launch,0,0.0,prior,0.0,gzz_rev,12600.0,43200.0,260302.84132912726,0,249139.2479834993,11163.59334562796,0,1,0.8471905574373676,1,11.053074046788963,49.97218200098426,6904.472155108215,796.8391715675943,8.664825226306688,2.00905117196122,305.4552802908935,0.0,0.0,0.13163169851663772,0.19113500855354276,1.8927175843694495,0.978494623655914,152.97755086824483,5630,8.744205951690674
core,50,3000000.0,29,8,exclude,launch,0,0.0,prior,0.0,gzz_rev,12600.0,43200.0,264947.9143555388,0,253750.39032947962,11197.524026059173,0,1,0.8323375927852241,3,11.053074046788963,49.7641626720904,6904.472155108215,799.4533383791156,8.636491742103384,2.01085226908166,306.54669297226206,0.0,0.0,0.15239837929682395,0.18696394664784163,1.699965253648367,0.978494623655914,166.71153110724237,5756,8.444703340530396
core,50,3000000.0,30,8,exclude,launch,0,0.0,prior,0.0,gzz_rev,12600.0,43200.0,274041.14573141997,0,262344.89310266526,11696.252628754724,0,1,0.8047189726183943,4,11.053074046788963,51.35432544346149,6904.472155108215,774.9687229776082,8.90935588804106,2.0101514654990185,306.1217949749446,0.0,0.0,0.1845328195954314,0.18454894522225262,1.7690759377859104,0.978494623655914,168.3146448854057,5465,7.886561870574951
core,50,3000000.0,31,8,exclude,launch,0,0.0,prior,0.0,gzz_rev,12600.0,43200.0,263243.1739992444,0,252328.9506412001,10914.223358044323,0,1,0.837727740088673,8,11.053074046788963,51.449510334137564,6904.472155108215,773.9249655310631,8.921371531632143,2.0091385409396305,305.5081784429299,0.0,0.0,0.20061555679910464,0.18730725715496344,1.7923019709929342,0.978494623655914,168.5594707832513,5378,7.688868761062622
core,50,3000000.0,18,9,exclude,launch,0,0.0,prior,0.0,gzz_rev,12600.0,43200.0,265924.7509445577,0,251923.9368450964,14000.814099461293,0,1,0.8641959002288229,1,10.493072784437931,45.5957728161715,7290.744155068959,874.441016376195,8.337605417095844,2.006480232704339,303.900737647374,0.0,0.0,0.16155629992270035,0.25319075144103176,2.7117425539198905,0.9801980198019802,206.38791638524197,2921,5.507516860961914
core,50,3000000.0,19,9,exclude,launch,0,0.0,prior,0.0,gzz_rev,12600.0,43200.0,264009.8542195076,0,249894.7947837045,14115.059435803063,0,1,0.8704640219398166,1,10.493072784437931,47.94312023898401,7290.744155068959,831.8451587099615,8.764544793859905,2.0059550554917016,303.5836721007937,0.0,0.0,0.18195679796696315,0.24935547497088092,2.711006076975017,0.9900990099009901,202.98218794948423,2962,5.878475189208984
core,50,3000000.0,32,8,exclude,launch,0,0.0,prior,0.0,gzz_rev,12600.0,43200.0,342940.6832225738,0,329460.0328880226,13480.650334551168,0,2,0.8692318072783203,10,11.053074046788963,58.43661258442608,6904.472155108215,681.1868807633847,10.135944114734844,2.009734457905662,305.8691026446125,0.0,0.0,0.1851536872797959,0.16276145382636398,1.6157198192382183,0.946236559139785,162.82827374695944,6196,7.842782497406006
core,50,3000000.0,21,9,exclude,launch,0,0.0,prior,0.0,gzz_rev,12600.0,43200.0,265045.5444226419,0,251132.33045185613,13913.213970785795,0,1,0.8670626025284227,1,10.493072784437931,41.97589335060944,7290.744155068959,949.7232521932438,7.676703858973734,2.0067485978733397,304.06282179598065,0.0,0.0,0.246767537826685,0.2705019259702627,2.8864884657634566,0.9900990099009901,206.7175349168803,2731,5.906267166137695
core,50,3000000.0,20,9,exclude,launch,0,0.0,prior,0.0,gzz_rev,12600.0,43200.0,272161.69954707794,0,257994.73685887843,14166.962688199488,0,1,0.8443916977227197,1,10.493072784437931,47.131051887175445,7290.744155068959,845.7488021711255,8.620460515407007,2.0069726908205943,304.19820001754044,0.0,0.0,0.19568902882053765,0.23804706728013128,2.262463814731425,0.9900990099009901,232.04080230280763,3109,5.9738450050354
core,50,3000000.0,22,9,exclude,launch,0,0.0,prior,0.0,gzz_rev,12600.0,43200.0,272328.7581570217,0,257861.01577676853,14467.7423802532,0,1,0.8438737101836004,1,10.493072784437931,48.720631111634845,7290.744155068959,817.5984143564251,8.917267972942302,2.008339088660076,305.0243153159497,0.0,0.0,0.2171895713654441,0.21753228686418216,2.1776993233303914,0.9900990099009901,220.3507292129935,3399,5.779528856277466
core,50,3000000.0,24,9,exclude,launch,0,0.0,prior,0.0,gzz_rev,12600.0,43200.0,268816.33506491303,0,254724.96321554095,14091.371849372068,0,1,0.8548999802417655,1,10.493072784437931,49.231781907314634,7290.744155068959,809.1231439877896,9.010673108590481,2.00830564114299,305.00407978823273,0.0,0.0,0.2552585451358457,0.21551108839146174,2.2625291375291376,0.9801980198019802,210.11197283556922,3432,5.918431758880615
core,50,3000000.0,23,9,exclude,launch,0,0.0,prior,0.0,gzz_rev,12600.0,43200.0,272919.26290905254,0,258534.93540958044,14384.32749947206,0,1,0.8420478535889944,1,10.493072784437931,47.9198488083621,7290.744155068959,831.3513952649413,8.769750308466723,2.008121185073751,304.8924971383511,0.0,0.0,0.16482910694597575,0.21331001357351168,1.9450146627565983,0.9900990099009901,204.26211653653993,4092,6.603439807891846
core,50,3000000.0,3,10,exclude,launch,0,0.0,prior,0.0,gzz_rev,12600.0,43200.0,100907.18130383796,0,95772.55992568725,5134.621378150705,0,0,0.0,0,11.506885521004397,50.972286017407434,6619.025743670595,781.5798593266022,8.468777265286047,2.0080869610301266,304.8717962996868,0.0,0.0,0.0,1.206358449122215,16.61676646706587,0.978021978021978,589.569043875502,167,3.0766546726226807
core,50,3000000.0,26,9,exclude,launch,0,0.0,prior,0.0,gzz_rev,12600.0,43200.0,274330.0113588537,0,260199.82416317676,14130.187195677005,0,1,0.8377176029604733,1,10.493072784437931,47.83339127022592,7290.744155068959,832.0229524624629,8.76267191126303,2.0101270486679823,306.1069963352065,0.0,0.0,0.20470918994904236,0.20391849699772016,1.673669467787115,0.9900990099009901,227.17367156610274,4284,6.401171922683716
core,50,3000000.0,4,10,exclude,launch,0,0.0,prior,0.0,gzz_rev,12600.0,43200.0,80651.2588297153,0,78222.43844980527,2428.820379910023,0,0,0.0,0,11.506885521004397,37.72103880212888,6619.025743670595,1056.6173380458301,6.264354658340368,2.0071905792301603,304.3298588669958,0.0,0.0,0.0,0.8152057038401441,11.861027190332326,0.967032967032967,416.62477329810815,331,3.5992300510406494
core,50,3000000.0,25,9,exclude,launch,0,0.0,prior,0.0,gzz_rev,12600.0,43200.0,263672.5691959129,0,249586.19991204777,14086.369283865151,0,1,0.8715775032514048,1,10.493072784437931,43.34242855868972,7290.744155068959,919.2973704395574,7.93077886384351,2.0078012816389155,304.6990269819123,0.0,0.0,0.18488023952095808,0.23398264220360387,2.044007956240676,0.9900990099009901,198.47107162749106,4022,7.0519726276397705
core,50,3000000.0,27,9,exclude,launch,0,0.0,prior,0.0,gzz_rev,12600.0,43200.0,277147.8597414894,0,262514.02399319346,14633.8357482959,0,1,0.8292002678642882,1,10.493072784437931,45.513321426077646,7290.744155068959,874.1982218262871,8.339921053417232,2.010673425632225,306.43823198375316,0.0,0.0,0.26986356340288925,0.21538779079970832,1.774753135842007,0.9801980198019802,245.17163577413717,3747,6.019097328186035
core,50,3000000.0,28,9,exclude,launch,0,0.0,prior,0.0,gzz_rev,12600.0,43200.0,282371.87064508547,0,267364.4078590404,15007.462786045011,0,1,0.8138596773490543,1,10.493072784437931,49.50487489752327,7290.744155068959,803.5843338593087,9.072780351570941,2.0109929968244824,306.6320518884444,0.0,0.0,0.2634961439588689,0.19686111557539815,1.7036856236270441,0.9801980198019802,233.73334232385804,4097,6.301257371902466
core,50,3000000.0,29,9,exclude,launch,0,0.0,prior,0.0,gzz_rev,12600.0,43200.0,274560.9110981757,0,260297.62635092976,14263.284747245922,0,1,0.8370131007231579,3,10.493072784437931,45.51273052189164,7290.744155068959,874.9112365472989,8.333124379383612,2.0090608978211693,305.4611686534991,0.0,0.0,0.2698681732580038,0.2191199739577122,1.8992228628729004,0.9702970297029703,215.18838830367832,3989,6.740868091583252
core,50,3000000.0,30,9,exclude,launch,0,0.0,prior,0.0,gzz_rev,12600.0,43200.0,271299.04766404064,0,257355.11358192388,13943.934082116746,0,1,0.8470766171661687,7,10.493072784437931,46.76236269573962,7290.744155068959,851.4040120078461,8.563201549726514,2.0093604443729705,305.64255199944023,0.0,0.0,0.277545073757057,0.21178320535958745,1.8784209251634778,0.9801980198019802,209.9002324596144,4129,6.617429971694946
core,50,3000000.0,31,9,exclude,launch,0,0.0,prior,0.0,gzz_rev,12600.0,43200.0,317302.0552508322,0,301921.00815446285,15381.047096369433,0,2,0.8525801920797808,10,10.493072784437931,47.056310254625124,7290.744155068959,845.6388888234617,8.621580974371437,2.010421728908665,306.28562107523254,0.0,0.0,0.28556263269639065,0.20544896617422848,1.6587432337020476,0.9900990099009901,230.8200240521685,4249,6.350331783294678
core,50,3000000.0,32,9,exclude,launch,0,0.0,prior,0.0,gzz_rev,12600.0,43200.0,642562.0379645394,0,618226.6891342276,24335.348830311752,0,3,0.9087032167800492,13,10.493072784437931,53.33945516417797,7290.744155068959,745.4483680349624,9.780347597094766,2.011980852841636,307.2315739554253,0.0,0.0,0.3076661567227605,0.17924956116551624,1.4518752824220515,0.9504950495049505,253.3577831010928,4426,8.046928882598877
core,50,3000000.0,33,9,exclude,launch,0,0.0,prior,0.0,gzz_rev,12600.0,43200.0,885265.9799791345,0,853271.3836634632,31994.596315671388,0,5,0.9363956547354,14,10.493072784437931,56.4107951437297,7290.744155068959,704.9159429426874,10.342714231477848,2.0118260744172307,307.137601461175,0.0,0.0,0.37129714811407544,0.17201947303616688,1.4522526934378062,0.900990099009901,274.2983569223879,4084,6.943709850311279
core,50,3000000.0,34,9,exclude,launch,0,0.0,prior,0.0,gzz_rev,12600.0,43200.0,1264053.459375944,0,1219503.8213496504,44549.6380262935,0,8,0.9684406933579683,16,10.493072784437931,53.4814984330036,7290.744155068959,743.7361166562825,9.802864203834778,2.011256906478612,306.7921592702078,0.0,0.0,0.32583898164985947,0.17721445170240807,1.4457142857142857,0.8514851485148515,247.03780282934719,4550,7.4622368812561035
core,50,3000000.0,20,10,exclude,launch,0,0.0,prior,0.0,gzz_rev,12600.0,43200.0,249470.38123195473,0,248250.99247401275,1219.3887579419713,0,1,0.8248729523770091,1,11.506885521004397,59.63091894808852,6619.025743670595,668.7402112723746,9.89775346554523,2.006139119944324,303.69477860470147,0.0,0.0,0.16422167889160555,0.20018007401084995,2.594316644113667,0.978021978021978,170.19700256741163,3695,7.596086025238037
core,50,3000000.0,2,11,exclude,launch,0,0.0,prior,0.0,gzz_rev,12600.0,43200.0,174893.34040880835,0,161715.53635812635,13177.804050682005,0,0,0.0,0,9.5786309571142,19.7537035493984,8018.59089865545,2012.384573753729,3.984621529719968,2.012474914541857,307.53163577296226,0.0,0.0,0.0,1.9008478446115664,24.257142857142856,0.968421052631579,954.3395919854314,70,2.8234004974365234
core,50,3000000.0,21,10,exclude,launch,0,0.0,prior,0.0,gzz_rev,12600.0,43200.0,242902.86990068632,0,242213.95912235603,688.9107783303277,0,1,0.8471755396778847,1,11.506885521004397,58.58909111139132,6619.025743670595,680.6168296793224,9.725039780149423,2.0061829834300053,303.72125884323196,0.0,0.0,0.14726840855106887,0.19594917877236304,2.385773245933479,0.978021978021978,166.00865813327852,4119,7.641597747802734
core,50,3000000.0,19,10,exclude,launch,0,0.0,prior,0.0,gzz_rev,12600.0,43200.0,237051.19502466457,0,236360.67980486507,690.5152197995128,0,1,0.8680883041994737,1,11.506885521004397,57.02146454226605,6619.025743670595,699.5304235963891,9.462098459765635,2.005603191755788,303.3713337808283,0.0,0.0,0.09421429819961545,0.20274040361670975,2.561513463324048,0.978021978021978,147.79775635028216,4308,8.587683200836182
core,50,3000000.0,3,11,exclude,launch,0,0.0,prior,0.0,gzz_rev,12600.0,43200.0,98391.04238945601,0,92805.02308580701,5586.019303648983,0,0,0.0,0,9.5786309571142,26.668181860680118,8018.59089865545,1493.5869734257587,5.368680258548082,2.0084732953166107,305.1055162100231,0.0,0.0,0.0,1.342169889301332,18.08,0.979381443298969,610.1330686151096,150,3.021893262863159
core,50,3000000.0,25,10,exclude,launch,0,0.0,prior,0.0,gzz_rev,12600.0,43200.0,250702.3817895553,0,249488.84040125183,1213.5413883034894,0,1,0.8208193652909068,1,11.506885521004397,60.94474838821433,6619.025743670595,653.5970830705513,10.127073567364922,2.008369388631573,305.0426471787637,0.0,0.0,0.15563583815028903,0.1675751134544432,1.9376558603491272,0.978021978021978,161.1379778087481,5213,8.03050446510315
core,50,3000000.0,22,10,exclude,launch,0,0.0,prior,0.0,gzz_rev,12600.0,43200.0,243774.98737458215,0,242358.75338498806,1416.233989594107,0,1,0.844144725895196,1,11.506885521004397,53.933994355558475,6619.025743670595,739.4348056549653,8.951466299733747,2.005984220306174,303.6012754515063,0.0,0.0,0.11687041564792176,0.20375871384600663,2.2793417063663926,0.978021978021978,154.93099674417374,4618,8.664676189422607
core,50,3000000.0,24,10,exclude,launch,0,0.0,prior,0.0,gzz_rev,12600.0,43200.0,249916.95499833953,0,248868.93416195846,1048.0208363810486,0,1,0.823398996273737,1,11.506885521004397,56.96675593196075,6619.025743670595,699.2451209942667,9.465959139277093,2.0083483957841617,305.0299461841479,0.0,0.0,0.12695946900155344,0.17646700838227175,1.9343708981811363,0.978021978021978,157.8653733902411,5333,8.574799299240112
core,50,3000000.0,23,10,exclude,launch,0,0.0,prior,0.0,gzz_rev,12600.0,43200.0,245993.76629336955,0,245035.3616037079,958.4046896616583,0,1,0.8365308316472081,1,11.506885521004397,52.94925308323956,6619.025743670595,752.5873278170321,8.79502683478588,2.007581788824241,304.56631835107726,0.0,0.0,0.12503883193538365,0.19409518660934877,2.0587992572725398,0.978021978021978,163.01689446100485,4847,8.705633163452148
core,50,3000000.0,27,10,exclude,launch,0,0.0,prior,0.0,gzz_rev,12600.0,43200.0,254235.38945237585,0,252773.14020917087,1462.2492432049742,0,1,0.8094127664156991,1,11.506885521004397,53.695942384316645,6619.025743670595,741.6187714377354,8.925105456592819,2.008943877292632,305.3903242578868,0.0,0.0,0.20235597869937066,0.18728025535771842,1.9751126367732246,1.0,176.34266198007074,4661,8.256548404693604
core,50,3000000.0,26,10,exclude,launch,0,0.0,prior,0.0,gzz_rev,12600.0,43200.0,243897.35376024526,0,242905.3645566213,991.9892036239627,0,1,0.8437212078147712,1,11.506885521004397,49.56889189382157,6619.025743670595,803.8243099654533,8.234418468825691,2.0077962566867322,304.6959884975369,0.0,0.0,0.1487303506650544,0.20272753221512477,2.126080836517193,0.989010989010989,154.11140726938646,4973,9.045886993408203
core,50,3000000.0,28,10,exclude,launch,0,0.0,prior,0.0,gzz_rev,12600.0,43200.0,251600.89578671398,0,250587.20434363614,1013.691443077837,0,1,0.8178880653583394,1,11.506885521004397,57.77022970415689,6619.025743670595,689.3352527294662,9.60204155737306,2.0088865157470366,305.3556004968586,0.0,0.0,0.17204448716188384,0.1716510285404731,1.8745205479452054,0.978021978021978,158.5473783817658,5475,8.95198678970337
core,50,3000000.0,30,10,exclude,launch,0,0.0,prior,0.0,gzz_rev,12600.0,43200.0,505790.08368616767,0,490249.1945136076,15540.889172560066,0,2,0.8894455369102119,5,11.506885521004397,61.064925531594575,6619.025743670595,652.0272921195136,10.151455044396144,2.009242614588224,305.5711965302623,0.0,0.0,0.2131858902575588,0.1626292591636451,1.7335318198734648,0.967032967032967,174.910290384432,5374,8.724258661270142
core,50,3000000.0,31,10,exclude,launch,0,0.0,prior,0.0,gzz_rev,12600.0,43200.0,486968.56560497475,0,462664.90251241,24303.6630925647,0,2,0.897818799692774,6,11.506885521004397,60.79898647646597,6619.025743670595,654.7559822228151,10.109148940036908,2.009621055348867,305.8004026211281,0.0,0.0,0.19480685597339473,0.1600326906405955,1.676185619581846,0.945054945054945,165.32080073601423,5883,8.838778734207153
core,50,3000000.0,32,10,exclude,launch,0,0.0,prior,0.0,gzz_rev,12600.0,43200.0,539500.1362405232,0,521694.1542317328,17805.982008790408,0,2,0.8941894003312298,9,11.506885521004397,58.239094072125944,6619.025743670595,683.5426254719387,9.683413289845118,2.009600703217032,305.7880739808976,0.0,0.0,0.22804591342829483,0.16782774408765544,1.7596030141518104,0.967032967032967,170.09186611011003,5441,8.726054906845093
core,50,3000000.0,29,10,exclude,launch,0,0.0,prior,0.0,gzz_rev,12600.0,43200.0,246169.81214978293,0,244878.0152144772,1291.7969353057022,0,1,0.8359325950665798,4,11.506885521004397,57.55762916587433,6619.025743670595,692.1700590071716,9.5627160659979,2.008048883622725,304.84876553190657,0.0,0.0,0.16216216216216217,0.17342559345814665,1.8931087815775907,0.978021978021978,148.06750347376348,5819,9.499989986419678
core,50,3000000.0,33,10,exclude,launch,0,0.0,prior,0.0,gzz_rev,12600.0,43200.0,637164.7366911202,0,616124.6046476164,21040.132043503727,0,4,0.9420774309041215,9,11.506885521004397,55.73422796208183,6619.025743670595,715.0705625712993,9.256465152011646,2.00733149004858,304.4150192530476,0.0,0.0,0.24843271613937892,0.18233868142159318,1.9063953488372094,0.9230769230769231,165.78985486855294,5160,8.586349725723267
core,50,3000000.0,16,11,exclude,launch,0,0.0,prior,0.0,gzz_rev,12600.0,43200.0,327888.4500369005,0,286672.73244083166,41215.71759606883,0,1,0.8837611469138926,1,9.5786309571142,60.314933700319585,8018.59089865545,661.3197297966884,12.125134843807896,2.005643094589243,303.3954101085089,0.0,0.0,0.06388294075660243,0.19159100153873573,2.1711775878442543,0.9789473684210527,178.51852781324146,4212,7.893644094467163
core,50,3000000.0,19,11,exclude,launch,0,0.0,prior,0.0,gzz_rev,12600.0,43200.0,331781.9067473823,0,290546.4227614847,41235.48398589767,0,1,0.8733902204168842,1,9.5786309571142,52.808513759706756,8018.59089865545,755.2537664297035,10.617081642057316,2.0058254729589606,303.505464615935,0.0,0.0,0.12714776632302405,0.21612323985375845,2.2328950898846256,0.9789473684210527,195.68460022057266,3727,7.865211248397827
core,50,3000000.0,17,11,exclude,launch,0,0.0,prior,0.0,gzz_rev,12600.0,43200.0,335605.09838810837,0,293954.9454604495,41650.15292765888,0,1,0.8634406153428701,1,9.5786309571142,58.47878402217103,8018.59089865545,681.9519497868067,11.758293089655714,2.0060320991496963,303.6301753558633,0.0,0.0,0.03947175348495965,0.18326743694499598,1.7849210987726476,0.9789473684210527,178.14525975082609,5133,8.980401754379272
core,50,3000000.0,18,11,exclude,launch,0,0.0,prior,0.0,gzz_rev,12600.0,43200.0,331971.248039941,0,290481.5950650239,41489.65297491707,0,1,0.8728920783813372,1,9.5786309571142,56.07601295783309,8018.59089865545,711.1016735330372,11.276293105620026,2.0062320257817867,303.75086691267546,0.0,0.0,0.05461993627674101,0.18926741157555693,1.8808373590982286,0.9789473684210527,174.3085449236707,4968,8.89197564125061
core,50,3000000.0,20,11,exclude,launch,0,0.0,prior,0.0,gzz_rev,12600.0,43200.0,339148.5236980761,0,297660.2547556659,41488.268942410235,0,1,0.8544193838874014,1,9.5786309571142,58.1138222770663,8018.59089865545,686.0330555628713,11.68834480151458,2.006621697736109,303.98617270593786,0.0,0.0,0.125832457062741,0.18775951656615192,1.9093451409927755,0.96875,199.4790935969475,4291,8.147987842559814
core,50,3000000.0,3,12,exclude,launch,0,0.0,prior,0.0,gzz_rev,12600.0,43200.0,118827.00757875256,0,112653.93632188157,6173.071256870993,0,0,0.0,0,10.941421182811737,37.06630620332334,6978.331089719389,1074.4664012996982,6.494694558413595,2.0087127596687075,305.25042945553787,0.0,0.0,0.0,1.2760368479934245,15.91194968553459,0.9423076923076923,655.0425086158448,159,3.3083927631378174
core,50,3000000.0,4,12,exclude,launch,0,0.0,prior,0.0,gzz_rev,12600.0,43200.0,81327.73960127539,0,77742.62902930248,3585.1105719729103,0,0,0.0,0,10.941421182811737,56.758941261891735,6978.331089719389,702.5146764046814,9.933359862932662,2.0063204484270765,303.8042534767418,0.0,0.0,0.0,0.9854934687670731,13.164233576642335,0.9423076923076923,460.276509449495,274,3.5156009197235107
core,50,3000000.0,21,11,exclude,launch,0,0.0,prior,0.0,gzz_rev,12600.0,43200.0,333942.5278089171,0,292451.11713520024,41491.41067371687,0,1,0.8677393519349552,1,9.5786309571142,56.19498904056342,8018.59089865545,709.3084160751807,11.304801574221765,2.0070458011333434,304.2423736740892,0.0,0.0,0.09169347762503656,0.18277486517868688,1.7828115885669842,0.9789473684210527,177.81363540402575,5143,8.992283582687378
core,50,3000000.0,22,11,exclude,launch,0,0.0,prior,0.0,gzz_rev,12600.0,43200.0,338194.2704209356,0,296605.1195131517,41589.1509077839,0,1,0.8568302245444955,1,9.5786309571142,59.32665587700441,8018.59089865545,671.6833382706322,11.938052415146597,2.0075923998716374,304.57273328372565,0.0,0.0,0.1203579418344519,0.17311092507644654,1.7062314540059347,0.9789473684210527,189.08693629471173,5055,8.493058443069458
core,50,3000000.0,23,11,exclude,launch,0,0.0,prior,0.0,gzz_rev,12600.0,43200.0,338948.868566076,0,296967.35742877686,41981.51113729912,0,1,0.8549226728217884,1,9.5786309571142,61.21714504950988,8018.59089865545,650.9944309824299,12.317449300686674,2.007426448658793,304.4724148371803,0.0,0.0,0.10726138324704633,0.16587097521797417,1.563171806167401,0.9789473684210527,184.02272227547925,5675,9.096587896347046
core,50,3000000.0,28,11,exclude,launch,0,0.0,prior,0.0,gzz_rev,12600.0,43200.0,356602.51653676556,0,313550.4279415488,43052.08859521679,0,1,0.8125996290734414,1,9.5786309571142,63.38181366950238,8018.59089865545,628.4184701802541,12.759954201147869,2.008521030793477,305.1344008658214,0.0,0.0,0.2146282973621103,0.16072164048174212,1.511062387881204,0.968421052631579,214.81527207246344,5017,8.446982860565186
core,50,3000000.0,24,11,exclude,launch,0,0.0,prior,0.0,gzz_rev,12600.0,43200.0,338466.84373962483,0,296957.42284728,41509.42089234485,0,1,0.8561402040530414,1,9.5786309571142,64.1019645680628,8018.59089865545,621.3612514998603,12.904877604292087,2.0085122291001882,305.1290748733893,0.0,0.0,0.09171396140749148,0.1518918691570722,1.3911995177817962,0.9789473684210527,176.51971046727462,6636,9.622493505477905
core,50,3000000.0,26,11,exclude,launch,0,0.0,prior,0.0,gzz_rev,12600.0,43200.0,344361.6666842186,0,301622.86791588,42738.79876833861,0,1,0.8414846967567813,1,9.5786309571142,61.03152416873168,8018.59089865545,652.4401816098713,12.29015490564956,2.0090700112288897,305.46668626844144,0.0,0.0,0.13751276813074567,0.15960455876894764,1.4968628115991183,0.9789473684210527,184.50407863093426,5897,9.014750957489014
core,50,3000000.0,25,11,exclude,launch,0,0.0,prior,0.0,gzz_rev,12600.0,43200.0,342091.54466745706,0,299884.92409155495,42206.62057590212,0,1,0.8470687954188381,1,9.5786309571142,58.71519094381177,8018.59089865545,678.3291297712187,11.821091777910075,2.0086258237930013,305.1978157266333,0.0,0.0,0.11063094209161625,0.16536738151185276,1.4986868023637558,0.9789473684210527,178.79223931647414,6092,9.43043303489685
core,50,3000000.0,27,11,exclude,launch,0,0.0,prior,0.0,gzz_rev,12600.0,43200.0,339996.9487881913,0,298130.25423423835,41866.6945539529,0,1,0.852287274039486,1,9.5786309571142,61.48164848629398,8018.59089865545,647.8754457253335,12.376747647347832,2.008412717834832,305.0688628473097,0.0,0.0,0.12754860123281175,0.15869940871243138,1.4224287289336903,0.9789473684210527,180.34666506313576,6349,9.669556140899658
core,50,3000000.0,30,11,exclude,launch,0,0.0,prior,0.0,gzz_rev,12600.0,43200.0,353551.49686445587,0,310450.8695340075,43100.62733044836,0,1,0.81961206566614,2,9.5786309571142,58.573348180810456,8018.59089865545,679.6297586951044,11.798469381404399,2.009636685694579,305.8098711301002,0.0,0.0,0.18891521853607163,0.1645490705815333,1.4738682048592904,0.9789473684210527,193.2930631118131,5721,9.073234796524048
core,50,3000000.0,29,11,exclude,launch,0,0.0,prior,0.0,gzz_rev,12600.0,43200.0,342813.170498595,0,300755.6565691996,42057.513929395434,0,1,0.8452857054557605,2,9.5786309571142,58.73626818960522,8018.59089865545,676.8088008991876,11.84764572801387,2.0124154338778313,307.4955032262111,0.0,0.0,0.10917785917785917,0.15458036525882357,1.2890181228022721,0.9789473684210527,171.0087728382789,7394,10.26128077507019
core,50,3000000.0,33,11,exclude,launch,0,0.0,prior,0.0,gzz_rev,12600.0,43200.0,544523.051918258,0,478691.89936157706,65831.15255668091,0,2,0.8883524432853982,6,9.5786309571142,62.641526693794795,8018.59089865545,634.5806204924464,12.636047555995129,2.012522980701581,307.5608359346443,0.0,0.0,0.1766509692257146,0.14658319956052818,1.2278941244909831,0.9368421052631579,192.7315475628136,6876,9.166262149810791
core,50,3000000.0,18,12,exclude,launch,0,0.0,prior,0.0,gzz_rev,12600.0,43200.0,317458.7778743471,0,302425.57757996366,15033.20029438349,0,1,0.8707783758611599,1,10.941421182811737,74.20914918896929,6978.331089719389,537.3234044494011,12.987208507826178,2.006304174694476,303.794427602259,0.0,0.0,0.07747695852534563,0.1544138882252434,2.068681844270136,0.98,151.1503160191858,5227,8.541677474975586
core,50,3000000.0,32,11,exclude,launch,0,0.0,prior,0.0,gzz_rev,12600.0,43200.0,537419.2689597365,0,472651.45679616794,64767.812163568466,0,2,0.9000949752567372,5,9.5786309571142,61.32916216526451,8018.59089865545,648.5324307837943,12.36420958773712,2.011366705068067,306.8587836360715,0.0,0.0,0.17207095243475312,0.151488428245393,1.3154019534184824,0.9368421052631579,185.77645994838826,6655,9.457283973693848
core,50,3000000.0,31,11,exclude,launch,0,0.0,prior,0.0,gzz_rev,12600.0,43200.0,342580.56581840076,0,299829.00014567346,42751.56567272726,0,1,0.8458596358849942,4,9.5786309571142,58.69996060060161,8018.59089865545,677.9927875972526,11.826956046350636,2.0101436916518858,306.11708333523006,0.0,0.0,0.13106542836272567,0.15837993786168994,1.339478791239257,0.9789473684210527,168.68550589221607,7214,10.363705396652222
core,50,3000000.0,19,12,exclude,launch,0,0.0,prior,0.0,gzz_rev,12600.0,43200.0,307125.9092647087,0,292306.19209538994,14819.717169318705,0,1,0.9000746295293344,1,10.941421182811737,68.54087900187655,6978.331089719389,581.9767663914827,11.99073827807281,2.005555432311631,303.34251823542945,0.0,0.0,0.04314812582861275,0.1614923049396607,2.00352,0.98,130.31161326322297,6250,9.497943878173828
core,50,3000000.0,20,12,exclude,launch,0,0.0,prior,0.0,gzz_rev,12600.0,43200.0,316630.404683752,0,301386.35743963864,15244.047244113335,0,1,0.8730565192448729,1,10.941421182811737,69.37677771228427,6978.331089719389,574.6458795757713,12.143706824925113,2.006668185943057,304.01425097696557,0.0,0.0,0.06638748614361374,0.15403209088993153,1.951562755686467,0.98,137.03602052722394,6111,8.750943422317505
core,50,3000000.0,24,12,exclude,launch,0,0.0,prior,0.0,gzz_rev,12600.0,43200.0,321871.05041420006,0,306263.0763562666,15607.97405793342,0,1,0.8588415722524901,1,10.941421182811737,73.90930672412205,6978.331089719389,539.0880026259756,12.944697444066515,2.007849661276427,304.7282819205027,0.0,0.0,0.11951515151515152,0.14089850523353492,1.7706081626068721,0.98,148.9129801168015,6199,8.150906562805176
core,50,3000000.0,22,12,exclude,launch,0,0.0,prior,0.0,gzz_rev,12600.0,43200.0,315908.5929987226,0,300515.70323247946,15392.889766243154,0,1,0.875051344365959,1,10.941421182811737,70.10392875536638,6978.331089719389,568.5698271778899,12.27348120873122,2.007076013878028,304.2606293185376,0.0,0.0,0.06883302228565155,0.1470980470913515,1.7396441073512252,0.98,136.6384228464028,6856,8.765299558639526
core,50,3000000.0,21,12,exclude,launch,0,0.0,prior,0.0,gzz_rev,12600.0,43200.0,319835.0276578639,0,303928.63378374133,15906.393874122536,0,1,0.8643088314141908,1,10.941421182811737,65.30220734171513,6978.331089719389,610.2615411323852,11.43498421475255,2.007456411193304,304.4905261363476,0.0,0.0,0.06270396270396271,0.15597903689838383,1.838285360569483,0.98,137.35795937718498,6462,9.152746438980103
core,50,3000000.0,23,12,exclude,launch,0,0.0,prior,0.0,gzz_rev,12600.0,43200.0,318529.9008314825,0,303218.93793878413,15310.96289269837,0,1,0.8678502026927193,1,10.941421182811737,69.36444489420978,6978.331089719389,574.759155167635,12.141313499711162,2.006629414667393,303.99083354208574,0.0,0.0,0.09939647739869442,0.1542217120600802,1.8801375470771247,0.98,142.09061424463883,6107,8.449055671691895
core,50,3000000.0,26,12,exclude,launch,0,0.0,prior,0.0,gzz_rev,12600.0,43200.0,330626.1172649785,0,314207.5805374135,16418.536727564933,0,1,0.8360992207362276,1,10.941421182811737,68.89938795508573,6978.331089719389,578.1404868713425,12.070303409268625,2.008358502020308,305.0360605789917,0.0,0.0,0.12557050906963135,0.14629732933663808,1.7133084577114428,0.98989898989899,147.6187187815192,6432,7.894323825836182
core,50,3000000.0,25,12,exclude,launch,0,0.0,prior,0.0,gzz_rev,12600.0,43200.0,324751.56339477765,0,309316.6665347535,15434.89686002415,0,1,0.8512237358015377,1,10.941421182811737,67.83425230988398,6978.331089719389,587.0937893902153,11.88622876928647,2.0087850074675666,305.29415738740136,0.0,0.0,0.11618062088428975,0.14698969538042944,1.7159587757651469,0.98,148.40343087781181,6404,8.621273517608643
core,50,3000000.0,27,12,exclude,launch,0,0.0,prior,0.0,gzz_rev,12600.0,43200.0,321381.8331942717,0,305866.4192037017,15515.413990569992,0,1,0.8601489270651709,1,10.941421182811737,66.60022950976463,6978.331089719389,597.9654881573647,11.670123490275618,2.008806671211811,305.3072699644364,0.0,0.0,0.13913147505682497,0.14968202220205915,1.7014806559465054,0.98989898989899,152.19573261162927,6281,8.179989337921143
core,50,3000000.0,28,12,exclude,launch,0,0.0,prior,0.0,gzz_rev,12600.0,43200.0,325313.2077769251,0,309544.98921929137,15768.218557633742,0,1,0.8497541212339936,1,10.941421182811737,71.10215770966204,6978.331089719389,559.992935622224,12.461462718213701,2.0092068879317813,305.5495627946853,0.0,0.0,0.13925596890616324,0.1389343192898328,1.5802450908017127,0.97,152.25986303561274,6773,7.429908275604248
core,50,3000000.0,29,12,exclude,launch,0,0.0,prior,0.0,gzz_rev,12600.0,43200.0,317138.76612100075,0,301629.33896938147,15509.427151619313,0,1,0.8716570426928556,4,10.941421182811737,71.05874034125479,6978.331089719389,560.4455923140259,12.451397933038479,2.0088107534627966,305.30974089065256,0.0,0.0,0.11172863165963971,0.13675807084693764,1.6360050890585243,0.98989898989899,126.56271449980954,7860,7.936776876449585
core,50,3000000.0,31,12,exclude,launch,0,0.0,prior,0.0,gzz_rev,12600.0,43200.0,325057.493313485,0,309137.45810791414,15920.035205570834,0,1,0.850422601191042,6,10.941421182811737,73.02540036964074,6978.331089719389,545.1729232717535,12.8002158431498,2.0094710897483683,305.70956431132765,0.0,0.0,0.14226190476190476,0.13283461048614995,1.5205587770163416,0.9797979797979798,141.04339975468773,7588,7.52451491355896
core,50,3000000.0,32,12,exclude,launch,0,0.0,prior,0.0,gzz_rev,12600.0,43200.0,743265.6736205649,0,676485.594532677,66780.07908788789,0,4,0.9573713054592871,6,10.941421182811737,71.27085819996083,6978.331089719389,558.9833719144544,12.48396900576738,2.008071209498604,304.86226902599344,0.0,0.0,0.1575569358178054,0.1385238315616865,1.6843986254295533,0.9090909090909091,132.8489291542989,7275,7.3593668937683105
core,50,3000000.0,30,12,exclude,launch,0,0.0,prior,0.0,gzz_rev,12600.0,43200.0,324670.8654747577,0,308612.70090062835,16058.164574129323,0,1,0.8514353100210132,5,10.941421182811737,70.36568532268156,6978.331089719389,566.1065408093987,12.326886525179559,2.0083106551046717,305.0071131592835,0.0,0.0,0.1419075754378561,0.14138749141075277,1.6400729108244532,0.98,139.3397550745956,7132,8.121567726135254
core,200,3000000.0,37,2,exclude,launch,0,0.0,prior,0.0,gzz_rev,12600.0,43200.0,6758208.442814404,0,6369468.618850879,388739.8239635253,0,42,0.9677596348850783,60,10.318446573287495,57.31162247171725,7419.771693842448,692.6830202784304,10.71164078897156,2.015174883985112,309.17401352225556,0.0,0.0,0.157927525698266,0.18557795265158974,3.0607231576041953,0.760705289672544,293.67066971297965,7246,8.01257586479187
core,200,3000000.0,36,2,exclude,launch,0,0.0,prior,0.0,gzz_rev,12600.0,43200.0,6020880.930909464,0,5674459.947493877,346420.9834155869,0,38,0.9412095504593184,57,10.318446573287495,66.36832654186894,7419.771693842448,597.318810751068,12.421794794161658,2.0180082067115945,310.90221267964705,0.0,0.0,0.13544407148689105,0.1562721640682211,2.713752408477842,0.7732997481108312,288.98621045740293,8304,8.793192625045776
core,200,3000000.0,35,2,exclude,launch,0,0.0,prior,0.0,gzz_rev,12600.0,43200.0,4660263.215362902,0,4377827.31495009,282435.9004128126,0,28,0.9060582803430178,57,10.318446573287495,61.80374891036187,7419.771693842448,642.1000496145773,11.555475970288729,2.0159161498000193,309.62568702734876,0.0,0.0,0.11869630183040718,0.17354346593953665,2.9224941001117872,0.8161209068010076,276.57404994127995,8051,9.126913070678711
